node_index,contact_id,group,new_west_degree,new_east_degree,exposed_cross_group_satellite_degree
0,CP-AP-r000:S-P01-S01:GS01:p0001,west,6,0,6
1,CP-AP-r000:S-P01-S01:GS01:p0002,west,6,0,0
2,CP-AP-r000:S-P01-S01:GS01:p0003,west,8,0,5
3,CP-AP-r000:S-P01-S01:GS01:p0004,west,6,0,6
4,CP-AP-r000:S-P01-S01:GS01:p0005,west,6,0,0
5,CP-AP-r000:S-P01-S01:GS01:p0006,west,8,0,5
6,CP-AP-r000:S-P01-S01:GS01:p0007,west,7,0,0
7,CP-AP-r000:S-P01-S01:GS01:p0008,west,5,0,6
8,CP-AP-r000:S-P01-S01:GS01:p0009,west,5,0,1
9,CP-AP-r000:S-P01-S01:GS01:p0010,west,9,0,5
10,CP-AP-r000:S-P01-S01:GS01:p0011,west,7,0,0
11,CP-AP-r000:S-P01-S01:GS01:p0012,west,7,0,6
12,CP-AP-r000:S-P01-S01:GS02:p0001,west,6,0,6
13,CP-AP-r000:S-P01-S01:GS02:p0002,west,6,0,0
14,CP-AP-r000:S-P01-S01:GS02:p0003,west,6,0,6
15,CP-AP-r000:S-P01-S01:GS02:p0004,west,8,0,5
16,CP-AP-r000:S-P01-S01:GS02:p0005,west,6,0,6
17,CP-AP-r000:S-P01-S01:GS02:p0006,west,6,0,0
18,CP-AP-r000:S-P01-S01:GS02:p0007,west,6,0,6
19,CP-AP-r000:S-P01-S01:GS02:p0008,west,10,0,5
20,CP-AP-r000:S-P01-S01:GS02:p0009,west,6,0,6
21,CP-AP-r000:S-P01-S01:GS02:p0010,west,6,0,1
22,CP-AP-r000:S-P01-S01:GS02:p0011,west,7,0,6
23,CP-AP-r000:S-P01-S01:GS02:p0012,west,8,0,5
24,CP-AP-r000:S-P01-S01:GS02:p0013,west,6,0,6
25,CP-AP-r000:S-P01-S01:GS03:p0001,west,4,0,6
26,CP-AP-r000:S-P01-S01:GS03:p0002,west,6,0,0
27,CP-AP-r000:S-P01-S01:GS03:p0003,west,6,0,6
28,CP-AP-r000:S-P01-S01:GS03:p0004,west,8,0,5
29,CP-AP-r000:S-P01-S01:GS03:p0005,west,6,0,6
30,CP-AP-r000:S-P01-S01:GS03:p0006,west,8,0,0
31,CP-AP-r000:S-P01-S01:GS03:p0007,west,6,0,6
32,CP-AP-r000:S-P01-S01:GS03:p0008,west,8,0,5
33,CP-AP-r000:S-P01-S01:GS03:p0009,west,6,0,6
34,CP-AP-r000:S-P01-S01:GS03:p0010,west,7,0,1
35,CP-AP-r000:S-P01-S01:GS03:p0011,west,6,0,6
36,CP-AP-r000:S-P01-S01:GS03:p0012,west,8,0,5
37,CP-AP-r000:S-P01-S01:GS03:p0013,west,6,0,6
38,CP-AP-r000:S-P01-S01:GS04:p0001,east,0,6,6
39,CP-AP-r000:S-P01-S01:GS04:p0002,east,0,6,4
40,CP-AP-r000:S-P01-S01:GS04:p0003,east,0,8,6
41,CP-AP-r000:S-P01-S01:GS04:p0004,east,0,5,6
42,CP-AP-r000:S-P01-S01:GS04:p0005,east,0,6,4
43,CP-AP-r000:S-P01-S01:GS04:p0006,east,0,8,6
44,CP-AP-r000:S-P01-S01:GS04:p0007,east,0,5,6
45,CP-AP-r000:S-P01-S01:GS04:p0008,east,0,7,6
46,CP-AP-r000:S-P01-S01:GS04:p0009,east,0,6,3
47,CP-AP-r000:S-P01-S01:GS04:p0010,east,0,8,6
48,CP-AP-r000:S-P01-S01:GS04:p0011,east,0,5,6
49,CP-AP-r000:S-P01-S01:GS05:p0001,east,0,6,6
50,CP-AP-r000:S-P01-S01:GS05:p0002,east,0,8,4
51,CP-AP-r000:S-P01-S01:GS05:p0003,east,0,7,6
52,CP-AP-r000:S-P01-S01:GS05:p0004,east,0,6,1
53,CP-AP-r000:S-P01-S01:GS05:p0005,east,0,4,6
54,CP-AP-r000:S-P01-S01:GS05:p0006,east,0,8,4
55,CP-AP-r000:S-P01-S01:GS05:p0007,east,0,7,6
56,CP-AP-r000:S-P01-S01:GS05:p0008,east,0,7,0
57,CP-AP-r000:S-P01-S01:GS05:p0009,east,0,7,6
58,CP-AP-r000:S-P01-S01:GS05:p0010,east,0,7,3
59,CP-AP-r000:S-P01-S01:GS05:p0011,east,0,9,6
60,CP-AP-r000:S-P01-S01:GS05:p0012,east,0,7,0
61,CP-AP-r000:S-P01-S01:GS05:p0013,east,0,6,6
62,CP-AP-r000:S-P01-S01:GS06:p0002,east,0,6,6
63,CP-AP-r000:S-P01-S01:GS06:p0003,east,0,5,0
64,CP-AP-r000:S-P01-S01:GS06:p0004,east,0,10,4
65,CP-AP-r000:S-P01-S01:GS06:p0005,east,0,6,1
66,CP-AP-r000:S-P01-S01:GS06:p0006,east,0,6,6
67,CP-AP-r000:S-P01-S01:GS06:p0007,east,0,7,0
68,CP-AP-r000:S-P01-S01:GS06:p0008,east,0,8,4
69,CP-AP-r000:S-P01-S01:GS06:p0009,east,0,6,0
70,CP-AP-r000:S-P01-S01:GS06:p0010,east,0,6,6
71,CP-AP-r000:S-P01-S01:GS06:p0011,east,0,8,3
72,CP-AP-r000:S-P01-S01:GS06:p0012,east,0,6,0
73,CP-AP-r000:S-P01-S01:GS06:p0013,east,0,6,6
74,CP-AP-r000:S-P01-S01:GS07:p0001,west,7,0,6
75,CP-AP-r000:S-P01-S01:GS07:p0002,west,10,0,0
76,CP-AP-r000:S-P01-S01:GS07:p0003,west,10,0,5
77,CP-AP-r000:S-P01-S01:GS07:p0004,west,10,0,0
78,CP-AP-r000:S-P01-S01:GS07:p0005,west,7,0,6
79,CP-AP-r000:S-P01-S01:GS07:p0006,west,7,0,0
80,CP-AP-r000:S-P01-S01:GS07:p0007,west,10,0,5
81,CP-AP-r000:S-P01-S01:GS07:p0008,west,10,0,0
82,CP-AP-r000:S-P01-S01:GS07:p0009,west,7,0,6
83,CP-AP-r000:S-P01-S01:GS07:p0010,west,7,0,1
84,CP-AP-r000:S-P01-S01:GS07:p0011,west,10,0,5
85,CP-AP-r000:S-P01-S01:GS07:p0012,west,8,0,0
86,CP-AP-r000:S-P01-S01:GS07:p0013,west,7,0,6
87,CP-AP-r000:S-P01-S01:GS08:p0001,west,8,0,6
88,CP-AP-r000:S-P01-S01:GS08:p0002,west,10,0,0
89,CP-AP-r000:S-P01-S01:GS08:p0003,west,6,0,6
90,CP-AP-r000:S-P01-S01:GS08:p0004,west,8,0,5
91,CP-AP-r000:S-P01-S01:GS08:p0005,west,10,0,0
92,CP-AP-r000:S-P01-S01:GS08:p0006,west,8,0,6
93,CP-AP-r000:S-P01-S01:GS08:p0007,west,10,0,0
94,CP-AP-r000:S-P01-S01:GS08:p0008,west,7,0,6
95,CP-AP-r000:S-P01-S01:GS08:p0009,west,8,0,5
96,CP-AP-r000:S-P01-S01:GS08:p0010,west,8,0,0
97,CP-AP-r000:S-P01-S01:GS08:p0011,west,8,0,6
98,CP-AP-r000:S-P01-S01:GS08:p0012,west,10,0,1
99,CP-AP-r000:S-P01-S01:GS08:p0013,west,9,0,5
100,CP-AP-r000:S-P01-S01:GS08:p0014,west,10,0,0
101,CP-AP-r000:S-P01-S01:GS08:p0015,west,7,0,6
102,CP-AP-r000:S-P01-S01:GS09:p0001,west,8,0,6
103,CP-AP-r000:S-P01-S01:GS09:p0002,west,9,0,6
104,CP-AP-r000:S-P01-S01:GS09:p0003,west,8,0,5
105,CP-AP-r000:S-P01-S01:GS09:p0004,west,5,0,5
106,CP-AP-r000:S-P01-S01:GS09:p0005,west,8,0,6
107,CP-AP-r000:S-P01-S01:GS09:p0006,west,10,0,0
108,CP-AP-r000:S-P01-S01:GS09:p0007,west,9,0,6
109,CP-AP-r000:S-P01-S01:GS09:p0008,west,8,0,5
110,CP-AP-r000:S-P01-S01:GS09:p0009,west,8,0,6
111,CP-AP-r000:S-P01-S01:GS09:p0010,west,10,0,1
112,CP-AP-r000:S-P01-S01:GS09:p0011,west,7,0,6
113,CP-AP-r000:S-P01-S01:GS09:p0012,west,8,0,5
114,CP-AP-r000:S-P01-S01:GS09:p0013,west,8,0,6
115,CP-AP-r000:S-P01-S01:GS10:p0001,east,0,8,6
116,CP-AP-r000:S-P01-S01:GS10:p0002,east,0,8,4
117,CP-AP-r000:S-P01-S01:GS10:p0003,east,0,8,6
118,CP-AP-r000:S-P01-S01:GS10:p0004,east,0,9,1
119,CP-AP-r000:S-P01-S01:GS10:p0005,east,0,7,6
120,CP-AP-r000:S-P01-S01:GS10:p0006,east,0,8,4
121,CP-AP-r000:S-P01-S01:GS10:p0007,east,0,8,6
122,CP-AP-r000:S-P01-S01:GS10:p0008,east,0,8,0
123,CP-AP-r000:S-P01-S01:GS10:p0009,east,0,8,6
124,CP-AP-r000:S-P01-S01:GS10:p0010,east,0,8,3
125,CP-AP-r000:S-P01-S01:GS10:p0011,east,0,8,6
126,CP-AP-r000:S-P01-S01:GS10:p0012,east,0,6,0
127,CP-AP-r000:S-P01-S01:GS10:p0013,east,0,8,6
128,CP-AP-r000:S-P01-S01:GS11:p0001,east,0,7,6
129,CP-AP-r000:S-P01-S01:GS11:p0002,east,0,10,4
130,CP-AP-r000:S-P01-S01:GS11:p0003,east,0,10,6
131,CP-AP-r000:S-P01-S01:GS11:p0004,east,0,7,1
132,CP-AP-r000:S-P01-S01:GS11:p0005,east,0,7,6
133,CP-AP-r000:S-P01-S01:GS11:p0006,east,0,10,4
134,CP-AP-r000:S-P01-S01:GS11:p0007,east,0,9,6
135,CP-AP-r000:S-P01-S01:GS11:p0008,east,0,7,0
136,CP-AP-r000:S-P01-S01:GS11:p0009,east,0,8,6
137,CP-AP-r000:S-P01-S01:GS11:p0010,east,0,8,3
138,CP-AP-r000:S-P01-S01:GS11:p0011,east,0,8,6
139,CP-AP-r000:S-P01-S01:GS11:p0012,east,0,9,0
140,CP-AP-r000:S-P01-S01:GS11:p0013,east,0,8,6
141,CP-AP-r000:S-P01-S01:GS12:p0002,east,0,10,6
142,CP-AP-r000:S-P01-S01:GS12:p0003,east,0,6,0
143,CP-AP-r000:S-P01-S01:GS12:p0004,east,0,8,4
144,CP-AP-r000:S-P01-S01:GS12:p0005,east,0,9,6
145,CP-AP-r000:S-P01-S01:GS12:p0006,east,0,8,1
146,CP-AP-r000:S-P01-S01:GS12:p0007,east,0,10,6
147,CP-AP-r000:S-P01-S01:GS12:p0008,east,0,8,4
148,CP-AP-r000:S-P01-S01:GS12:p0009,east,0,10,6
149,CP-AP-r000:S-P01-S01:GS12:p0010,east,0,7,0
150,CP-AP-r000:S-P01-S01:GS12:p0011,east,0,9,6
151,CP-AP-r000:S-P01-S01:GS12:p0012,east,0,10,3
152,CP-AP-r000:S-P01-S01:GS12:p0013,east,0,10,6
153,CP-AP-r000:S-P01-S01:GS12:p0014,east,0,7,0
154,CP-AP-r000:S-P01-S01:GS12:p0015,east,0,7,6
155,CP-AP-r000:S-P01-S02:GS01:p0001,west,7,0,6
156,CP-AP-r000:S-P01-S02:GS01:p0002,west,7,0,0
157,CP-AP-r000:S-P01-S02:GS01:p0003,west,8,0,5
158,CP-AP-r000:S-P01-S02:GS01:p0004,west,7,0,6
159,CP-AP-r000:S-P01-S02:GS01:p0005,west,7,0,0
160,CP-AP-r000:S-P01-S02:GS01:p0006,west,8,0,5
161,CP-AP-r000:S-P01-S02:GS01:p0007,west,7,0,0
162,CP-AP-r000:S-P01-S02:GS01:p0008,west,6,0,6
163,CP-AP-r000:S-P01-S02:GS01:p0009,west,6,0,1
164,CP-AP-r000:S-P01-S02:GS01:p0010,west,10,0,5
165,CP-AP-r000:S-P01-S02:GS01:p0011,west,6,0,0
166,CP-AP-r000:S-P01-S02:GS01:p0012,west,5,0,6
167,CP-AP-r000:S-P01-S02:GS02:p0001,west,7,0,6
168,CP-AP-r000:S-P01-S02:GS02:p0002,west,7,0,0
169,CP-AP-r000:S-P01-S02:GS02:p0003,west,7,0,6
170,CP-AP-r000:S-P01-S02:GS02:p0004,west,8,0,5
171,CP-AP-r000:S-P01-S02:GS02:p0005,west,7,0,6
172,CP-AP-r000:S-P01-S02:GS02:p0006,west,7,0,0
173,CP-AP-r000:S-P01-S02:GS02:p0007,west,7,0,6
174,CP-AP-r000:S-P01-S02:GS02:p0008,west,10,0,5
175,CP-AP-r000:S-P01-S02:GS02:p0009,west,7,0,6
176,CP-AP-r000:S-P01-S02:GS02:p0010,west,7,0,1
177,CP-AP-r000:S-P01-S02:GS02:p0011,west,8,0,6
178,CP-AP-r000:S-P01-S02:GS02:p0012,west,8,0,5
179,CP-AP-r000:S-P01-S02:GS02:p0013,west,7,0,6
180,CP-AP-r000:S-P01-S02:GS03:p0001,west,5,0,6
181,CP-AP-r000:S-P01-S02:GS03:p0002,west,6,0,0
182,CP-AP-r000:S-P01-S02:GS03:p0003,west,7,0,6
183,CP-AP-r000:S-P01-S02:GS03:p0004,west,8,0,5
184,CP-AP-r000:S-P01-S02:GS03:p0005,west,6,0,6
185,CP-AP-r000:S-P01-S02:GS03:p0006,west,8,0,0
186,CP-AP-r000:S-P01-S02:GS03:p0007,west,7,0,6
187,CP-AP-r000:S-P01-S02:GS03:p0008,west,8,0,5
188,CP-AP-r000:S-P01-S02:GS03:p0009,west,7,0,6
189,CP-AP-r000:S-P01-S02:GS03:p0010,west,8,0,1
190,CP-AP-r000:S-P01-S02:GS03:p0011,west,7,0,6
191,CP-AP-r000:S-P01-S02:GS03:p0012,west,8,0,5
192,CP-AP-r000:S-P01-S02:GS03:p0013,west,7,0,6
193,CP-AP-r000:S-P01-S02:GS04:p0001,east,0,7,6
194,CP-AP-r000:S-P01-S02:GS04:p0002,east,0,7,4
195,CP-AP-r000:S-P01-S02:GS04:p0003,east,0,8,6
196,CP-AP-r000:S-P01-S02:GS04:p0004,east,0,7,6
197,CP-AP-r000:S-P01-S02:GS04:p0005,east,0,7,3
198,CP-AP-r000:S-P01-S02:GS04:p0006,east,0,8,6
199,CP-AP-r000:S-P01-S02:GS04:p0007,east,0,6,6
200,CP-AP-r000:S-P01-S02:GS04:p0008,east,0,7,6
201,CP-AP-r000:S-P01-S02:GS04:p0009,east,0,7,3
202,CP-AP-r000:S-P01-S02:GS04:p0010,east,0,8,6
203,CP-AP-r000:S-P01-S02:GS04:p0011,east,0,6,6
204,CP-AP-r000:S-P01-S02:GS05:p0001,east,0,7,6
205,CP-AP-r000:S-P01-S02:GS05:p0002,east,0,8,4
206,CP-AP-r000:S-P01-S02:GS05:p0003,east,0,7,6
207,CP-AP-r000:S-P01-S02:GS05:p0004,east,0,7,1
208,CP-AP-r000:S-P01-S02:GS05:p0005,east,0,5,6
209,CP-AP-r000:S-P01-S02:GS05:p0006,east,0,9,3
210,CP-AP-r000:S-P01-S02:GS05:p0007,east,0,6,6
211,CP-AP-r000:S-P01-S02:GS05:p0008,east,0,6,0
212,CP-AP-r000:S-P01-S02:GS05:p0009,east,0,7,6
213,CP-AP-r000:S-P01-S02:GS05:p0010,east,0,7,3
214,CP-AP-r000:S-P01-S02:GS05:p0011,east,0,8,6
215,CP-AP-r000:S-P01-S02:GS05:p0012,east,0,5,0
216,CP-AP-r000:S-P01-S02:GS05:p0013,east,0,7,6
217,CP-AP-r000:S-P01-S02:GS06:p0002,east,0,7,6
218,CP-AP-r000:S-P01-S02:GS06:p0003,east,0,6,0
219,CP-AP-r000:S-P01-S02:GS06:p0004,east,0,10,4
220,CP-AP-r000:S-P01-S02:GS06:p0005,east,0,7,1
221,CP-AP-r000:S-P01-S02:GS06:p0006,east,0,7,6
222,CP-AP-r000:S-P01-S02:GS06:p0007,east,0,8,0
223,CP-AP-r000:S-P01-S02:GS06:p0008,east,0,8,3
224,CP-AP-r000:S-P01-S02:GS06:p0009,east,0,7,0
225,CP-AP-r000:S-P01-S02:GS06:p0010,east,0,7,6
226,CP-AP-r000:S-P01-S02:GS06:p0011,east,0,8,3
227,CP-AP-r000:S-P01-S02:GS06:p0012,east,0,7,0
228,CP-AP-r000:S-P01-S02:GS06:p0013,east,0,7,6
229,CP-AP-r000:S-P01-S02:GS07:p0001,west,8,0,6
230,CP-AP-r000:S-P01-S02:GS07:p0002,west,10,0,0
231,CP-AP-r000:S-P01-S02:GS07:p0003,west,10,0,5
232,CP-AP-r000:S-P01-S02:GS07:p0004,west,10,0,0
233,CP-AP-r000:S-P01-S02:GS07:p0005,west,8,0,6
234,CP-AP-r000:S-P01-S02:GS07:p0006,west,9,0,0
235,CP-AP-r000:S-P01-S02:GS07:p0007,west,10,0,5
236,CP-AP-r000:S-P01-S02:GS07:p0008,west,8,0,0
237,CP-AP-r000:S-P01-S02:GS07:p0009,west,8,0,6
238,CP-AP-r000:S-P01-S02:GS07:p0010,west,8,0,1
239,CP-AP-r000:S-P01-S02:GS07:p0011,west,10,0,5
240,CP-AP-r000:S-P01-S02:GS07:p0012,west,8,0,0
241,CP-AP-r000:S-P01-S02:GS07:p0013,west,8,0,6
242,CP-AP-r000:S-P01-S02:GS08:p0001,west,8,0,6
243,CP-AP-r000:S-P01-S02:GS08:p0002,west,9,0,0
244,CP-AP-r000:S-P01-S02:GS08:p0003,west,7,0,6
245,CP-AP-r000:S-P01-S02:GS08:p0004,west,8,0,5
246,CP-AP-r000:S-P01-S02:GS08:p0005,west,8,0,0
247,CP-AP-r000:S-P01-S02:GS08:p0006,west,8,0,6
248,CP-AP-r000:S-P01-S02:GS08:p0007,west,10,0,0
249,CP-AP-r000:S-P01-S02:GS08:p0008,west,8,0,5
250,CP-AP-r000:S-P01-S02:GS08:p0009,west,7,0,0
251,CP-AP-r000:S-P01-S02:GS08:p0010,west,8,0,6
252,CP-AP-r000:S-P01-S02:GS08:p0011,west,11,0,1
253,CP-AP-r000:S-P01-S02:GS08:p0012,west,10,0,5
254,CP-AP-r000:S-P01-S02:GS08:p0013,west,9,0,0
255,CP-AP-r000:S-P01-S02:GS08:p0014,west,8,0,6
256,CP-AP-r000:S-P01-S02:GS09:p0001,west,7,0,6
257,CP-AP-r000:S-P01-S02:GS09:p0002,west,9,0,0
258,CP-AP-r000:S-P01-S02:GS09:p0003,west,9,0,6
259,CP-AP-r000:S-P01-S02:GS09:p0004,west,8,0,5
260,CP-AP-r000:S-P01-S02:GS09:p0005,west,5,0,5
261,CP-AP-r000:S-P01-S02:GS09:p0006,west,8,0,6
262,CP-AP-r000:S-P01-S02:GS09:p0007,west,8,0,0
263,CP-AP-r000:S-P01-S02:GS09:p0008,west,8,0,6
264,CP-AP-r000:S-P01-S02:GS09:p0009,west,8,0,5
265,CP-AP-r000:S-P01-S02:GS09:p0010,west,8,0,6
266,CP-AP-r000:S-P01-S02:GS09:p0011,west,9,0,1
267,CP-AP-r000:S-P01-S02:GS09:p0012,west,6,0,6
268,CP-AP-r000:S-P01-S02:GS09:p0013,west,8,0,5
269,CP-AP-r000:S-P01-S02:GS09:p0014,west,9,0,0
270,CP-AP-r000:S-P01-S02:GS09:p0015,west,8,0,6
271,CP-AP-r000:S-P01-S02:GS10:p0001,east,0,8,6
272,CP-AP-r000:S-P01-S02:GS10:p0002,east,0,9,4
273,CP-AP-r000:S-P01-S02:GS10:p0003,east,0,8,6
274,CP-AP-r000:S-P01-S02:GS10:p0004,east,0,9,1
275,CP-AP-r000:S-P01-S02:GS10:p0005,east,0,7,6
276,CP-AP-r000:S-P01-S02:GS10:p0006,east,0,9,3
277,CP-AP-r000:S-P01-S02:GS10:p0007,east,0,8,6
278,CP-AP-r000:S-P01-S02:GS10:p0008,east,0,8,0
279,CP-AP-r000:S-P01-S02:GS10:p0009,east,0,7,6
280,CP-AP-r000:S-P01-S02:GS10:p0010,east,0,8,3
281,CP-AP-r000:S-P01-S02:GS10:p0011,east,0,8,6
282,CP-AP-r000:S-P01-S02:GS10:p0012,east,0,6,0
283,CP-AP-r000:S-P01-S02:GS10:p0013,east,0,7,6
284,CP-AP-r000:S-P01-S02:GS11:p0001,east,0,8,6
285,CP-AP-r000:S-P01-S02:GS11:p0002,east,0,10,4
286,CP-AP-r000:S-P01-S02:GS11:p0003,east,0,9,6
287,CP-AP-r000:S-P01-S02:GS11:p0004,east,0,8,1
288,CP-AP-r000:S-P01-S02:GS11:p0005,east,0,8,6
289,CP-AP-r000:S-P01-S02:GS11:p0006,east,0,10,3
290,CP-AP-r000:S-P01-S02:GS11:p0007,east,0,8,6
291,CP-AP-r000:S-P01-S02:GS11:p0008,east,0,8,0
292,CP-AP-r000:S-P01-S02:GS11:p0009,east,0,8,6
293,CP-AP-r000:S-P01-S02:GS11:p0010,east,0,8,3
294,CP-AP-r000:S-P01-S02:GS11:p0011,east,0,8,6
295,CP-AP-r000:S-P01-S02:GS11:p0012,east,0,9,0
296,CP-AP-r000:S-P01-S02:GS11:p0013,east,0,9,6
297,CP-AP-r000:S-P01-S02:GS12:p0001,east,0,10,6
298,CP-AP-r000:S-P01-S02:GS12:p0002,east,0,8,0
299,CP-AP-r000:S-P01-S02:GS12:p0003,east,0,8,4
300,CP-AP-r000:S-P01-S02:GS12:p0004,east,0,8,6
301,CP-AP-r000:S-P01-S02:GS12:p0005,east,0,8,1
302,CP-AP-r000:S-P01-S02:GS12:p0006,east,0,10,6
303,CP-AP-r000:S-P01-S02:GS12:p0007,east,0,9,3
304,CP-AP-r000:S-P01-S02:GS12:p0008,east,0,9,6
305,CP-AP-r000:S-P01-S02:GS12:p0009,east,0,8,0
306,CP-AP-r000:S-P01-S02:GS12:p0010,east,0,10,6
307,CP-AP-r000:S-P01-S02:GS12:p0011,east,0,10,3
308,CP-AP-r000:S-P01-S02:GS12:p0012,east,0,10,6
309,CP-AP-r000:S-P01-S02:GS12:p0013,east,0,8,0
310,CP-AP-r000:S-P01-S02:GS12:p0014,east,0,8,6
311,CP-AP-r000:S-P01-S03:GS01:p0001,west,5,0,6
312,CP-AP-r000:S-P01-S03:GS01:p0002,west,4,0,1
313,CP-AP-r000:S-P01-S03:GS01:p0003,west,9,0,5
314,CP-AP-r000:S-P01-S03:GS01:p0004,west,7,0,0
315,CP-AP-r000:S-P01-S03:GS01:p0005,west,7,0,6
316,CP-AP-r000:S-P01-S03:GS01:p0006,west,6,0,2
317,CP-AP-r000:S-P01-S03:GS01:p0007,west,6,0,6
318,CP-AP-r000:S-P01-S03:GS01:p0008,west,8,0,0
319,CP-AP-r000:S-P01-S03:GS01:p0009,west,7,0,6
320,CP-AP-r000:S-P01-S03:GS01:p0010,west,6,0,2
321,CP-AP-r000:S-P01-S03:GS01:p0011,west,6,0,6
322,CP-AP-r000:S-P01-S03:GS01:p0012,west,8,0,0
323,CP-AP-r000:S-P01-S03:GS02:p0001,west,5,0,6
324,CP-AP-r000:S-P01-S03:GS02:p0002,west,6,0,1
325,CP-AP-r000:S-P01-S03:GS02:p0003,west,7,0,6
326,CP-AP-r000:S-P01-S03:GS02:p0004,west,8,0,5
327,CP-AP-r000:S-P01-S03:GS02:p0005,west,6,0,6
328,CP-AP-r000:S-P01-S03:GS02:p0006,west,6,0,2
329,CP-AP-r000:S-P01-S03:GS02:p0007,west,8,0,6
330,CP-AP-r000:S-P01-S03:GS02:p0008,west,6,0,6
331,CP-AP-r000:S-P01-S03:GS02:p0009,west,6,0,2
332,CP-AP-r000:S-P01-S03:GS02:p0010,west,8,0,6
333,CP-AP-r000:S-P01-S03:GS02:p0011,west,7,0,0
334,CP-AP-r000:S-P01-S03:GS02:p0012,west,6,0,6
335,CP-AP-r000:S-P01-S03:GS03:p0001,west,5,0,6
336,CP-AP-r000:S-P01-S03:GS03:p0002,west,7,0,1
337,CP-AP-r000:S-P01-S03:GS03:p0003,west,6,0,6
338,CP-AP-r000:S-P01-S03:GS03:p0004,west,8,0,5
339,CP-AP-r000:S-P01-S03:GS03:p0005,west,6,0,6
340,CP-AP-r000:S-P01-S03:GS03:p0006,west,6,0,2
341,CP-AP-r000:S-P01-S03:GS03:p0007,west,6,0,6
342,CP-AP-r000:S-P01-S03:GS03:p0008,west,8,0,6
343,CP-AP-r000:S-P01-S03:GS03:p0009,west,6,0,6
344,CP-AP-r000:S-P01-S03:GS03:p0010,west,6,0,2
345,CP-AP-r000:S-P01-S03:GS03:p0011,west,6,0,6
346,CP-AP-r000:S-P01-S03:GS03:p0012,west,9,0,6
347,CP-AP-r000:S-P01-S03:GS03:p0013,west,6,0,6
348,CP-AP-r000:S-P01-S03:GS04:p0001,east,0,5,6
349,CP-AP-r000:S-P01-S03:GS04:p0002,east,0,7,6
350,CP-AP-r000:S-P01-S03:GS04:p0003,east,0,6,3
351,CP-AP-r000:S-P01-S03:GS04:p0004,east,0,8,6
352,CP-AP-r000:S-P01-S03:GS04:p0005,east,0,4,6
353,CP-AP-r000:S-P01-S03:GS04:p0006,east,0,6,6
354,CP-AP-r000:S-P01-S03:GS04:p0007,east,0,6,2
355,CP-AP-r000:S-P01-S03:GS04:p0008,east,0,8,6
356,CP-AP-r000:S-P01-S03:GS04:p0009,east,0,6,6
357,CP-AP-r000:S-P01-S03:GS04:p0010,east,0,8,6
358,CP-AP-r000:S-P01-S03:GS04:p0011,east,0,6,1
359,CP-AP-r000:S-P01-S03:GS04:p0012,east,0,8,6
360,CP-AP-r000:S-P01-S03:GS04:p0013,east,0,6,5
361,CP-AP-r000:S-P01-S03:GS05:p0001,east,0,6,6
362,CP-AP-r000:S-P01-S03:GS05:p0002,east,0,7,3
363,CP-AP-r000:S-P01-S03:GS05:p0003,east,0,9,6
364,CP-AP-r000:S-P01-S03:GS05:p0004,east,0,7,0
365,CP-AP-r000:S-P01-S03:GS05:p0005,east,0,6,6
366,CP-AP-r000:S-P01-S03:GS05:p0006,east,0,6,2
367,CP-AP-r000:S-P01-S03:GS05:p0007,east,0,8,6
368,CP-AP-r000:S-P01-S03:GS05:p0008,east,0,6,6
369,CP-AP-r000:S-P01-S03:GS05:p0009,east,0,6,1
370,CP-AP-r000:S-P01-S03:GS05:p0010,east,0,8,6
371,CP-AP-r000:S-P01-S03:GS05:p0011,east,0,4,5
372,CP-AP-r000:S-P01-S03:GS06:p0001,east,0,6,6
373,CP-AP-r000:S-P01-S03:GS06:p0002,east,0,8,3
374,CP-AP-r000:S-P01-S03:GS06:p0003,east,0,6,0
375,CP-AP-r000:S-P01-S03:GS06:p0004,east,0,6,6
376,CP-AP-r000:S-P01-S03:GS06:p0005,east,0,8,2
377,CP-AP-r000:S-P01-S03:GS06:p0006,east,0,7,6
378,CP-AP-r000:S-P01-S03:GS06:p0007,east,0,6,0
379,CP-AP-r000:S-P01-S03:GS06:p0008,east,0,4,6
380,CP-AP-r000:S-P01-S03:GS06:p0009,east,0,9,1
381,CP-AP-r000:S-P01-S03:GS06:p0010,east,0,7,6
382,CP-AP-r000:S-P01-S03:GS06:p0011,east,0,7,0
383,CP-AP-r000:S-P01-S03:GS06:p0012,east,0,6,5
384,CP-AP-r000:S-P01-S03:GS07:p0001,west,4,0,6
385,CP-AP-r000:S-P01-S03:GS07:p0002,west,7,0,1
386,CP-AP-r000:S-P01-S03:GS07:p0003,west,10,0,5
387,CP-AP-r000:S-P01-S03:GS07:p0004,west,8,0,0
388,CP-AP-r000:S-P01-S03:GS07:p0005,west,7,0,6
389,CP-AP-r000:S-P01-S03:GS07:p0006,west,8,0,2
390,CP-AP-r000:S-P01-S03:GS07:p0007,west,8,0,6
391,CP-AP-r000:S-P01-S03:GS07:p0008,west,8,0,0
392,CP-AP-r000:S-P01-S03:GS07:p0009,west,9,0,6
393,CP-AP-r000:S-P01-S03:GS07:p0010,west,9,0,2
394,CP-AP-r000:S-P01-S03:GS07:p0011,west,8,0,6
395,CP-AP-r000:S-P01-S03:GS07:p0012,west,8,0,0
396,CP-AP-r000:S-P01-S03:GS07:p0013,west,9,0,6
397,CP-AP-r000:S-P01-S03:GS08:p0001,west,4,0,6
398,CP-AP-r000:S-P01-S03:GS08:p0002,west,10,0,1
399,CP-AP-r000:S-P01-S03:GS08:p0003,west,9,0,5
400,CP-AP-r000:S-P01-S03:GS08:p0004,west,10,0,0
401,CP-AP-r000:S-P01-S03:GS08:p0005,west,7,0,6
402,CP-AP-r000:S-P01-S03:GS08:p0006,west,9,0,2
403,CP-AP-r000:S-P01-S03:GS08:p0007,west,10,0,6
404,CP-AP-r000:S-P01-S03:GS08:p0008,west,10,0,0
405,CP-AP-r000:S-P01-S03:GS08:p0009,west,7,0,6
406,CP-AP-r000:S-P01-S03:GS08:p0010,west,7,0,2
407,CP-AP-r000:S-P01-S03:GS08:p0011,west,10,0,6
408,CP-AP-r000:S-P01-S03:GS08:p0012,west,9,0,0
409,CP-AP-r000:S-P01-S03:GS08:p0013,west,7,0,6
410,CP-AP-r000:S-P01-S03:GS09:p0001,west,4,0,6
411,CP-AP-r000:S-P01-S03:GS09:p0002,west,9,0,1
412,CP-AP-r000:S-P01-S03:GS09:p0003,west,8,0,6
413,CP-AP-r000:S-P01-S03:GS09:p0004,west,8,0,5
414,CP-AP-r000:S-P01-S03:GS09:p0005,west,8,0,6
415,CP-AP-r000:S-P01-S03:GS09:p0006,west,10,0,2
416,CP-AP-r000:S-P01-S03:GS09:p0007,west,6,0,6
417,CP-AP-r000:S-P01-S03:GS09:p0008,west,8,0,6
418,CP-AP-r000:S-P01-S03:GS09:p0009,west,10,0,0
419,CP-AP-r000:S-P01-S03:GS09:p0010,west,8,0,6
420,CP-AP-r000:S-P01-S03:GS09:p0011,west,10,0,2
421,CP-AP-r000:S-P01-S03:GS09:p0012,west,8,0,6
422,CP-AP-r000:S-P01-S03:GS09:p0013,west,9,0,0
423,CP-AP-r000:S-P01-S03:GS09:p0014,west,7,0,6
424,CP-AP-r000:S-P01-S03:GS10:p0001,east,0,5,6
425,CP-AP-r000:S-P01-S03:GS10:p0002,east,0,8,3
426,CP-AP-r000:S-P01-S03:GS10:p0003,east,0,8,6
427,CP-AP-r000:S-P01-S03:GS10:p0004,east,0,6,0
428,CP-AP-r000:S-P01-S03:GS10:p0005,east,0,8,6
429,CP-AP-r000:S-P01-S03:GS10:p0006,east,0,9,6
430,CP-AP-r000:S-P01-S03:GS10:p0007,east,0,8,2
431,CP-AP-r000:S-P01-S03:GS10:p0008,east,0,8,6
432,CP-AP-r000:S-P01-S03:GS10:p0009,east,0,7,0
433,CP-AP-r000:S-P01-S03:GS10:p0010,east,0,8,6
434,CP-AP-r000:S-P01-S03:GS10:p0011,east,0,10,6
435,CP-AP-r000:S-P01-S03:GS10:p0012,east,0,9,1
436,CP-AP-r000:S-P01-S03:GS10:p0013,east,0,8,6
437,CP-AP-r000:S-P01-S03:GS10:p0014,east,0,8,5
438,CP-AP-r000:S-P01-S03:GS11:p0001,east,0,6,6
439,CP-AP-r000:S-P01-S03:GS11:p0002,east,0,8,3
440,CP-AP-r000:S-P01-S03:GS11:p0003,east,0,8,6
441,CP-AP-r000:S-P01-S03:GS11:p0004,east,0,9,0
442,CP-AP-r000:S-P01-S03:GS11:p0005,east,0,8,6
443,CP-AP-r000:S-P01-S03:GS11:p0006,east,0,8,2
444,CP-AP-r000:S-P01-S03:GS11:p0007,east,0,8,6
445,CP-AP-r000:S-P01-S03:GS11:p0008,east,0,9,0
446,CP-AP-r000:S-P01-S03:GS11:p0009,east,0,7,6
447,CP-AP-r000:S-P01-S03:GS11:p0010,east,0,8,1
448,CP-AP-r000:S-P01-S03:GS11:p0011,east,0,8,6
449,CP-AP-r000:S-P01-S03:GS11:p0012,east,0,8,0
450,CP-AP-r000:S-P01-S03:GS11:p0013,east,0,8,5
451,CP-AP-r000:S-P01-S03:GS12:p0001,east,0,9,6
452,CP-AP-r000:S-P01-S03:GS12:p0002,east,0,10,3
453,CP-AP-r000:S-P01-S03:GS12:p0003,east,0,10,6
454,CP-AP-r000:S-P01-S03:GS12:p0004,east,0,7,0
455,CP-AP-r000:S-P01-S03:GS12:p0005,east,0,7,6
456,CP-AP-r000:S-P01-S03:GS12:p0006,east,0,10,2
457,CP-AP-r000:S-P01-S03:GS12:p0007,east,0,10,6
458,CP-AP-r000:S-P01-S03:GS12:p0008,east,0,7,0
459,CP-AP-r000:S-P01-S03:GS12:p0009,east,0,7,6
460,CP-AP-r000:S-P01-S03:GS12:p0010,east,0,10,1
461,CP-AP-r000:S-P01-S03:GS12:p0011,east,0,8,6
462,CP-AP-r000:S-P01-S03:GS12:p0012,east,0,7,0
463,CP-AP-r000:S-P01-S03:GS12:p0013,east,0,8,5
464,CP-AP-r000:S-P01-S04:GS01:p0001,west,5,0,6
465,CP-AP-r000:S-P01-S04:GS01:p0002,west,6,0,1
466,CP-AP-r000:S-P01-S04:GS01:p0003,west,10,0,5
467,CP-AP-r000:S-P01-S04:GS01:p0004,west,6,0,0
468,CP-AP-r000:S-P01-S04:GS01:p0005,west,5,0,6
469,CP-AP-r000:S-P01-S04:GS01:p0006,west,7,0,2
470,CP-AP-r000:S-P01-S04:GS01:p0007,west,7,0,6
471,CP-AP-r000:S-P01-S04:GS01:p0008,west,8,0,0
472,CP-AP-r000:S-P01-S04:GS01:p0009,west,7,0,2
473,CP-AP-r000:S-P01-S04:GS01:p0010,west,7,0,6
474,CP-AP-r000:S-P01-S04:GS01:p0011,west,8,0,0
475,CP-AP-r000:S-P01-S04:GS02:p0001,west,5,0,6
476,CP-AP-r000:S-P01-S04:GS02:p0002,west,7,0,1
477,CP-AP-r000:S-P01-S04:GS02:p0003,west,8,0,6
478,CP-AP-r000:S-P01-S04:GS02:p0004,west,8,0,5
479,CP-AP-r000:S-P01-S04:GS02:p0005,west,7,0,6
480,CP-AP-r000:S-P01-S04:GS02:p0006,west,7,0,2
481,CP-AP-r000:S-P01-S04:GS02:p0007,west,8,0,6
482,CP-AP-r000:S-P01-S04:GS02:p0008,west,7,0,6
483,CP-AP-r000:S-P01-S04:GS02:p0009,west,7,0,2
484,CP-AP-r000:S-P01-S04:GS02:p0010,west,8,0,6
485,CP-AP-r000:S-P01-S04:GS02:p0011,west,7,0,0
486,CP-AP-r000:S-P01-S04:GS02:p0012,west,6,0,6
487,CP-AP-r000:S-P01-S04:GS03:p0001,west,5,0,6
488,CP-AP-r000:S-P01-S04:GS03:p0002,west,8,0,1
489,CP-AP-r000:S-P01-S04:GS03:p0003,west,7,0,6
490,CP-AP-r000:S-P01-S04:GS03:p0004,west,8,0,5
491,CP-AP-r000:S-P01-S04:GS03:p0005,west,7,0,6
492,CP-AP-r000:S-P01-S04:GS03:p0006,west,7,0,2
493,CP-AP-r000:S-P01-S04:GS03:p0007,west,7,0,6
494,CP-AP-r000:S-P01-S04:GS03:p0008,west,8,0,6
495,CP-AP-r000:S-P01-S04:GS03:p0009,west,7,0,6
496,CP-AP-r000:S-P01-S04:GS03:p0010,west,7,0,2
497,CP-AP-r000:S-P01-S04:GS03:p0011,west,8,0,6
498,CP-AP-r000:S-P01-S04:GS03:p0012,west,9,0,6
499,CP-AP-r000:S-P01-S04:GS03:p0013,west,7,0,6
500,CP-AP-r000:S-P01-S04:GS04:p0001,east,0,5,6
501,CP-AP-r000:S-P01-S04:GS04:p0002,east,0,7,6
502,CP-AP-r000:S-P01-S04:GS04:p0003,east,0,7,3
503,CP-AP-r000:S-P01-S04:GS04:p0004,east,0,8,6
504,CP-AP-r000:S-P01-S04:GS04:p0005,east,0,5,6
505,CP-AP-r000:S-P01-S04:GS04:p0006,east,0,6,6
506,CP-AP-r000:S-P01-S04:GS04:p0007,east,0,7,2
507,CP-AP-r000:S-P01-S04:GS04:p0008,east,0,8,6
508,CP-AP-r000:S-P01-S04:GS04:p0009,east,0,6,5
509,CP-AP-r000:S-P01-S04:GS04:p0010,east,0,8,6
510,CP-AP-r000:S-P01-S04:GS04:p0011,east,0,7,1
511,CP-AP-r000:S-P01-S04:GS04:p0012,east,0,8,6
512,CP-AP-r000:S-P01-S04:GS04:p0013,east,0,7,5
513,CP-AP-r000:S-P01-S04:GS05:p0001,east,0,6,6
514,CP-AP-r000:S-P01-S04:GS05:p0002,east,0,8,3
515,CP-AP-r000:S-P01-S04:GS05:p0003,east,0,8,6
516,CP-AP-r000:S-P01-S04:GS05:p0004,east,0,5,0
517,CP-AP-r000:S-P01-S04:GS05:p0005,east,0,7,6
518,CP-AP-r000:S-P01-S04:GS05:p0006,east,0,7,2
519,CP-AP-r000:S-P01-S04:GS05:p0007,east,0,8,6
520,CP-AP-r000:S-P01-S04:GS05:p0008,east,0,7,5
521,CP-AP-r000:S-P01-S04:GS05:p0009,east,0,7,1
522,CP-AP-r000:S-P01-S04:GS05:p0010,east,0,8,6
523,CP-AP-r000:S-P01-S04:GS05:p0011,east,0,5,5
524,CP-AP-r000:S-P01-S04:GS06:p0001,east,0,7,6
525,CP-AP-r000:S-P01-S04:GS06:p0002,east,0,8,3
526,CP-AP-r000:S-P01-S04:GS06:p0003,east,0,7,0
527,CP-AP-r000:S-P01-S04:GS06:p0004,east,0,7,6
528,CP-AP-r000:S-P01-S04:GS06:p0005,east,0,8,2
529,CP-AP-r000:S-P01-S04:GS06:p0006,east,0,7,6
530,CP-AP-r000:S-P01-S04:GS06:p0007,east,0,7,0
531,CP-AP-r000:S-P01-S04:GS06:p0008,east,0,6,5
532,CP-AP-r000:S-P01-S04:GS06:p0009,east,0,10,1
533,CP-AP-r000:S-P01-S04:GS06:p0010,east,0,6,6
534,CP-AP-r000:S-P01-S04:GS06:p0011,east,0,5,0
535,CP-AP-r000:S-P01-S04:GS06:p0012,east,0,7,5
536,CP-AP-r000:S-P01-S04:GS07:p0001,west,4,0,6
537,CP-AP-r000:S-P01-S04:GS07:p0002,west,8,0,1
538,CP-AP-r000:S-P01-S04:GS07:p0003,west,10,0,5
539,CP-AP-r000:S-P01-S04:GS07:p0004,west,8,0,0
540,CP-AP-r000:S-P01-S04:GS07:p0005,west,8,0,6
541,CP-AP-r000:S-P01-S04:GS07:p0006,west,8,0,2
542,CP-AP-r000:S-P01-S04:GS07:p0007,west,8,0,6
543,CP-AP-r000:S-P01-S04:GS07:p0008,west,8,0,0
544,CP-AP-r000:S-P01-S04:GS07:p0009,west,9,0,6
545,CP-AP-r000:S-P01-S04:GS07:p0010,west,9,0,2
546,CP-AP-r000:S-P01-S04:GS07:p0011,west,9,0,6
547,CP-AP-r000:S-P01-S04:GS07:p0012,west,8,0,0
548,CP-AP-r000:S-P01-S04:GS07:p0013,west,9,0,6
549,CP-AP-r000:S-P01-S04:GS08:p0001,west,4,0,6
550,CP-AP-r000:S-P01-S04:GS08:p0002,west,10,0,1
551,CP-AP-r000:S-P01-S04:GS08:p0003,west,10,0,5
552,CP-AP-r000:S-P01-S04:GS08:p0004,west,9,0,0
553,CP-AP-r000:S-P01-S04:GS08:p0005,west,8,0,6
554,CP-AP-r000:S-P01-S04:GS08:p0006,west,10,0,2
555,CP-AP-r000:S-P01-S04:GS08:p0007,west,10,0,6
556,CP-AP-r000:S-P01-S04:GS08:p0008,west,9,0,0
557,CP-AP-r000:S-P01-S04:GS08:p0009,west,8,0,6
558,CP-AP-r000:S-P01-S04:GS08:p0010,west,8,0,2
559,CP-AP-r000:S-P01-S04:GS08:p0011,west,10,0,6
560,CP-AP-r000:S-P01-S04:GS08:p0012,west,8,0,0
561,CP-AP-r000:S-P01-S04:GS08:p0013,west,8,0,6
562,CP-AP-r000:S-P01-S04:GS09:p0001,west,4,0,6
563,CP-AP-r000:S-P01-S04:GS09:p0002,west,8,0,1
564,CP-AP-r000:S-P01-S04:GS09:p0003,west,7,0,6
565,CP-AP-r000:S-P01-S04:GS09:p0004,west,8,0,5
566,CP-AP-r000:S-P01-S04:GS09:p0005,west,8,0,6
567,CP-AP-r000:S-P01-S04:GS09:p0006,west,10,0,2
568,CP-AP-r000:S-P01-S04:GS09:p0007,west,7,0,6
569,CP-AP-r000:S-P01-S04:GS09:p0008,west,8,0,6
570,CP-AP-r000:S-P01-S04:GS09:p0009,west,8,0,0
571,CP-AP-r000:S-P01-S04:GS09:p0010,west,8,0,6
572,CP-AP-r000:S-P01-S04:GS09:p0011,west,10,0,2
573,CP-AP-r000:S-P01-S04:GS09:p0012,west,8,0,6
574,CP-AP-r000:S-P01-S04:GS09:p0013,west,8,0,0
575,CP-AP-r000:S-P01-S04:GS09:p0014,west,8,0,6
576,CP-AP-r000:S-P01-S04:GS10:p0001,east,0,4,6
577,CP-AP-r000:S-P01-S04:GS10:p0002,east,0,8,3
578,CP-AP-r000:S-P01-S04:GS10:p0003,east,0,8,6
579,CP-AP-r000:S-P01-S04:GS10:p0004,east,0,6,0
580,CP-AP-r000:S-P01-S04:GS10:p0005,east,0,7,6
581,CP-AP-r000:S-P01-S04:GS10:p0006,east,0,7,6
582,CP-AP-r000:S-P01-S04:GS10:p0007,east,0,8,2
583,CP-AP-r000:S-P01-S04:GS10:p0008,east,0,8,6
584,CP-AP-r000:S-P01-S04:GS10:p0009,east,0,5,0
585,CP-AP-r000:S-P01-S04:GS10:p0010,east,0,8,5
586,CP-AP-r000:S-P01-S04:GS10:p0011,east,0,8,6
587,CP-AP-r000:S-P01-S04:GS10:p0012,east,0,8,1
588,CP-AP-r000:S-P01-S04:GS10:p0013,east,0,8,6
589,CP-AP-r000:S-P01-S04:GS10:p0014,east,0,8,5
590,CP-AP-r000:S-P01-S04:GS11:p0001,east,0,5,6
591,CP-AP-r000:S-P01-S04:GS11:p0002,east,0,8,3
592,CP-AP-r000:S-P01-S04:GS11:p0003,east,0,8,6
593,CP-AP-r000:S-P01-S04:GS11:p0004,east,0,10,0
594,CP-AP-r000:S-P01-S04:GS11:p0005,east,0,8,6
595,CP-AP-r000:S-P01-S04:GS11:p0006,east,0,9,2
596,CP-AP-r000:S-P01-S04:GS11:p0007,east,0,8,6
597,CP-AP-r000:S-P01-S04:GS11:p0008,east,0,9,0
598,CP-AP-r000:S-P01-S04:GS11:p0009,east,0,7,5
599,CP-AP-r000:S-P01-S04:GS11:p0010,east,0,8,1
600,CP-AP-r000:S-P01-S04:GS11:p0011,east,0,8,6
601,CP-AP-r000:S-P01-S04:GS11:p0012,east,0,8,0
602,CP-AP-r000:S-P01-S04:GS11:p0013,east,0,7,5
603,CP-AP-r000:S-P01-S04:GS12:p0001,east,0,8,6
604,CP-AP-r000:S-P01-S04:GS12:p0002,east,0,10,3
605,CP-AP-r000:S-P01-S04:GS12:p0003,east,0,9,6
606,CP-AP-r000:S-P01-S04:GS12:p0004,east,0,8,0
607,CP-AP-r000:S-P01-S04:GS12:p0005,east,0,9,6
608,CP-AP-r000:S-P01-S04:GS12:p0006,east,0,10,2
609,CP-AP-r000:S-P01-S04:GS12:p0007,east,0,8,6
610,CP-AP-r000:S-P01-S04:GS12:p0008,east,0,8,0
611,CP-AP-r000:S-P01-S04:GS12:p0009,east,0,8,5
612,CP-AP-r000:S-P01-S04:GS12:p0010,east,0,10,1
613,CP-AP-r000:S-P01-S04:GS12:p0011,east,0,8,6
614,CP-AP-r000:S-P01-S04:GS12:p0012,east,0,8,0
615,CP-AP-r000:S-P01-S04:GS12:p0013,east,0,8,5
616,CP-AP-r000:S-P01-S05:GS01:p0001,west,4,0,6
617,CP-AP-r000:S-P01-S05:GS01:p0002,west,6,0,2
618,CP-AP-r000:S-P01-S05:GS01:p0003,west,6,0,6
619,CP-AP-r000:S-P01-S05:GS01:p0004,west,8,0,0
620,CP-AP-r000:S-P01-S05:GS01:p0005,west,6,0,3
621,CP-AP-r000:S-P01-S05:GS01:p0006,west,6,0,6
622,CP-AP-r000:S-P01-S05:GS01:p0007,west,8,0,0
623,CP-AP-r000:S-P01-S05:GS01:p0008,west,4,0,4
624,CP-AP-r000:S-P01-S05:GS01:p0009,west,6,0,0
625,CP-AP-r000:S-P01-S05:GS01:p0010,west,6,0,6
626,CP-AP-r000:S-P01-S05:GS01:p0011,west,8,0,1
627,CP-AP-r000:S-P01-S05:GS02:p0001,west,4,0,6
628,CP-AP-r000:S-P01-S05:GS02:p0002,west,6,0,2
629,CP-AP-r000:S-P01-S05:GS02:p0003,west,8,0,6
630,CP-AP-r000:S-P01-S05:GS02:p0004,west,7,0,0
631,CP-AP-r000:S-P01-S05:GS02:p0005,west,6,0,6
632,CP-AP-r000:S-P01-S05:GS02:p0006,west,5,0,3
633,CP-AP-r000:S-P01-S05:GS02:p0007,west,9,0,6
634,CP-AP-r000:S-P01-S05:GS02:p0008,west,7,0,0
635,CP-AP-r000:S-P01-S05:GS02:p0009,west,7,0,6
636,CP-AP-r000:S-P01-S05:GS02:p0010,west,6,0,4
637,CP-AP-r000:S-P01-S05:GS02:p0011,west,6,0,6
638,CP-AP-r000:S-P01-S05:GS02:p0012,west,8,0,1
639,CP-AP-r000:S-P01-S05:GS03:p0001,west,4,0,6
640,CP-AP-r000:S-P01-S05:GS03:p0002,west,6,0,2
641,CP-AP-r000:S-P01-S05:GS03:p0003,west,6,0,6
642,CP-AP-r000:S-P01-S05:GS03:p0004,west,10,0,6
643,CP-AP-r000:S-P01-S05:GS03:p0005,west,6,0,6
644,CP-AP-r000:S-P01-S05:GS03:p0006,west,6,0,3
645,CP-AP-r000:S-P01-S05:GS03:p0007,west,7,0,6
646,CP-AP-r000:S-P01-S05:GS03:p0008,west,8,0,6
647,CP-AP-r000:S-P01-S05:GS03:p0009,west,6,0,6
648,CP-AP-r000:S-P01-S05:GS03:p0010,west,6,0,4
649,CP-AP-r000:S-P01-S05:GS03:p0011,west,8,0,6
650,CP-AP-r000:S-P01-S05:GS03:p0012,west,6,0,6
651,CP-AP-r000:S-P01-S05:GS04:p0001,east,0,4,3
652,CP-AP-r000:S-P01-S05:GS04:p0002,east,0,8,6
653,CP-AP-r000:S-P01-S05:GS04:p0003,east,0,6,2
654,CP-AP-r000:S-P01-S05:GS04:p0004,east,0,8,6
655,CP-AP-r000:S-P01-S05:GS04:p0005,east,0,6,5
656,CP-AP-r000:S-P01-S05:GS04:p0006,east,0,7,6
657,CP-AP-r000:S-P01-S05:GS04:p0007,east,0,6,1
658,CP-AP-r000:S-P01-S05:GS04:p0008,east,0,8,6
659,CP-AP-r000:S-P01-S05:GS04:p0009,east,0,6,5
660,CP-AP-r000:S-P01-S05:GS04:p0010,east,0,6,6
661,CP-AP-r000:S-P01-S05:GS04:p0011,east,0,4,0
662,CP-AP-r000:S-P01-S05:GS04:p0012,east,0,9,6
663,CP-AP-r000:S-P01-S05:GS04:p0013,east,0,6,4
664,CP-AP-r000:S-P01-S05:GS05:p0001,east,0,4,3
665,CP-AP-r000:S-P01-S05:GS05:p0002,east,0,6,2
666,CP-AP-r000:S-P01-S05:GS05:p0003,east,0,8,6
667,CP-AP-r000:S-P01-S05:GS05:p0004,east,0,4,5
668,CP-AP-r000:S-P01-S05:GS05:p0005,east,0,7,6
669,CP-AP-r000:S-P01-S05:GS05:p0006,east,0,6,1
670,CP-AP-r000:S-P01-S05:GS05:p0007,east,0,8,6
671,CP-AP-r000:S-P01-S05:GS05:p0008,east,0,6,5
672,CP-AP-r000:S-P01-S05:GS05:p0009,east,0,6,6
673,CP-AP-r000:S-P01-S05:GS05:p0010,east,0,6,0
674,CP-AP-r000:S-P01-S05:GS05:p0011,east,0,8,6
675,CP-AP-r000:S-P01-S05:GS05:p0012,east,0,6,4
676,CP-AP-r000:S-P01-S05:GS06:p0001,east,0,2,3
677,CP-AP-r000:S-P01-S05:GS06:p0002,east,0,9,2
678,CP-AP-r000:S-P01-S05:GS06:p0003,east,0,7,6
679,CP-AP-r000:S-P01-S05:GS06:p0004,east,0,7,0
680,CP-AP-r000:S-P01-S05:GS06:p0005,east,0,6,5
681,CP-AP-r000:S-P01-S05:GS06:p0006,east,0,6,1
682,CP-AP-r000:S-P01-S05:GS06:p0007,east,0,9,6
683,CP-AP-r000:S-P01-S05:GS06:p0008,east,0,7,0
684,CP-AP-r000:S-P01-S05:GS06:p0009,east,0,6,5
685,CP-AP-r000:S-P01-S05:GS06:p0010,east,0,6,0
686,CP-AP-r000:S-P01-S05:GS06:p0011,east,0,8,6
687,CP-AP-r000:S-P01-S05:GS06:p0012,east,0,6,4
688,CP-AP-r000:S-P01-S05:GS07:p0002,west,8,0,2
689,CP-AP-r000:S-P01-S05:GS07:p0003,west,8,0,6
690,CP-AP-r000:S-P01-S05:GS07:p0004,west,8,0,0
691,CP-AP-r000:S-P01-S05:GS07:p0005,west,9,0,6
692,CP-AP-r000:S-P01-S05:GS07:p0006,west,7,0,3
693,CP-AP-r000:S-P01-S05:GS07:p0007,west,8,0,6
694,CP-AP-r000:S-P01-S05:GS07:p0008,west,8,0,0
695,CP-AP-r000:S-P01-S05:GS07:p0009,west,7,0,6
696,CP-AP-r000:S-P01-S05:GS07:p0010,west,8,0,4
697,CP-AP-r000:S-P01-S05:GS07:p0011,west,10,0,6
698,CP-AP-r000:S-P01-S05:GS07:p0012,west,8,0,1
699,CP-AP-r000:S-P01-S05:GS07:p0013,west,5,0,6
700,CP-AP-r000:S-P01-S05:GS08:p0002,west,7,0,2
701,CP-AP-r000:S-P01-S05:GS08:p0003,west,10,0,6
702,CP-AP-r000:S-P01-S05:GS08:p0004,west,9,0,0
703,CP-AP-r000:S-P01-S05:GS08:p0005,west,7,0,6
704,CP-AP-r000:S-P01-S05:GS08:p0006,west,7,0,3
705,CP-AP-r000:S-P01-S05:GS08:p0007,west,10,0,6
706,CP-AP-r000:S-P01-S05:GS08:p0008,west,8,0,0
707,CP-AP-r000:S-P01-S05:GS08:p0009,west,7,0,6
708,CP-AP-r000:S-P01-S05:GS08:p0010,west,8,0,4
709,CP-AP-r000:S-P01-S05:GS08:p0011,west,8,0,6
710,CP-AP-r000:S-P01-S05:GS08:p0012,west,8,0,1
711,CP-AP-r000:S-P01-S05:GS08:p0013,west,9,0,6
712,CP-AP-r000:S-P01-S05:GS09:p0002,west,10,0,2
713,CP-AP-r000:S-P01-S05:GS09:p0003,west,7,0,6
714,CP-AP-r000:S-P01-S05:GS09:p0004,west,8,0,6
715,CP-AP-r000:S-P01-S05:GS09:p0005,west,8,0,0
716,CP-AP-r000:S-P01-S05:GS09:p0006,west,8,0,6
717,CP-AP-r000:S-P01-S05:GS09:p0007,west,11,0,3
718,CP-AP-r000:S-P01-S05:GS09:p0008,west,9,0,6
719,CP-AP-r000:S-P01-S05:GS09:p0009,west,10,0,0
720,CP-AP-r000:S-P01-S05:GS09:p0010,west,7,0,6
721,CP-AP-r000:S-P01-S05:GS09:p0011,west,7,0,4
722,CP-AP-r000:S-P01-S05:GS09:p0012,west,10,0,6
723,CP-AP-r000:S-P01-S05:GS09:p0013,west,10,0,1
724,CP-AP-r000:S-P01-S05:GS09:p0014,west,7,0,6
725,CP-AP-r000:S-P01-S05:GS10:p0001,east,0,4,3
726,CP-AP-r000:S-P01-S05:GS10:p0002,east,0,10,6
727,CP-AP-r000:S-P01-S05:GS10:p0003,east,0,9,2
728,CP-AP-r000:S-P01-S05:GS10:p0004,east,0,8,6
729,CP-AP-r000:S-P01-S05:GS10:p0005,east,0,8,5
730,CP-AP-r000:S-P01-S05:GS10:p0006,east,0,10,6
731,CP-AP-r000:S-P01-S05:GS10:p0007,east,0,6,1
732,CP-AP-r000:S-P01-S05:GS10:p0008,east,0,8,6
733,CP-AP-r000:S-P01-S05:GS10:p0009,east,0,8,5
734,CP-AP-r000:S-P01-S05:GS10:p0010,east,0,10,6
735,CP-AP-r000:S-P01-S05:GS10:p0011,east,0,6,0
736,CP-AP-r000:S-P01-S05:GS10:p0012,east,0,8,6
737,CP-AP-r000:S-P01-S05:GS10:p0013,east,0,10,5
738,CP-AP-r000:S-P01-S05:GS10:p0014,east,0,8,4
739,CP-AP-r000:S-P01-S05:GS11:p0001,east,0,4,3
740,CP-AP-r000:S-P01-S05:GS11:p0002,east,0,8,2
741,CP-AP-r000:S-P01-S05:GS11:p0003,east,0,8,6
742,CP-AP-r000:S-P01-S05:GS11:p0004,east,0,8,0
743,CP-AP-r000:S-P01-S05:GS11:p0005,east,0,8,5
744,CP-AP-r000:S-P01-S05:GS11:p0006,east,0,8,1
745,CP-AP-r000:S-P01-S05:GS11:p0007,east,0,8,6
746,CP-AP-r000:S-P01-S05:GS11:p0008,east,0,6,0
747,CP-AP-r000:S-P01-S05:GS11:p0009,east,0,8,5
748,CP-AP-r000:S-P01-S05:GS11:p0010,east,0,9,6
749,CP-AP-r000:S-P01-S05:GS11:p0011,east,0,9,0
750,CP-AP-r000:S-P01-S05:GS11:p0012,east,0,8,6
751,CP-AP-r000:S-P01-S05:GS11:p0013,east,0,8,0
752,CP-AP-r000:S-P01-S05:GS11:p0014,east,0,8,4
753,CP-AP-r000:S-P01-S05:GS12:p0001,east,0,4,3
754,CP-AP-r000:S-P01-S05:GS12:p0002,east,0,10,2
755,CP-AP-r000:S-P01-S05:GS12:p0003,east,0,8,6
756,CP-AP-r000:S-P01-S05:GS12:p0004,east,0,7,0
757,CP-AP-r000:S-P01-S05:GS12:p0005,east,0,8,5
758,CP-AP-r000:S-P01-S05:GS12:p0006,east,0,8,1
759,CP-AP-r000:S-P01-S05:GS12:p0007,east,0,8,6
760,CP-AP-r000:S-P01-S05:GS12:p0008,east,0,9,0
761,CP-AP-r000:S-P01-S05:GS12:p0009,east,0,8,5
762,CP-AP-r000:S-P01-S05:GS12:p0010,east,0,8,0
763,CP-AP-r000:S-P01-S05:GS12:p0011,east,0,8,6
764,CP-AP-r000:S-P01-S05:GS12:p0012,east,0,9,0
765,CP-AP-r000:S-P01-S05:GS12:p0013,east,0,7,4
766,CP-AP-r000:S-P01-S06:GS01:p0002,west,7,0,2
767,CP-AP-r000:S-P01-S06:GS01:p0003,west,7,0,6
768,CP-AP-r000:S-P01-S06:GS01:p0004,west,8,0,0
769,CP-AP-r000:S-P01-S06:GS01:p0005,west,7,0,3
770,CP-AP-r000:S-P01-S06:GS01:p0006,west,7,0,0
771,CP-AP-r000:S-P01-S06:GS01:p0007,west,7,0,6
772,CP-AP-r000:S-P01-S06:GS01:p0008,west,8,0,1
773,CP-AP-r000:S-P01-S06:GS01:p0009,west,5,0,4
774,CP-AP-r000:S-P01-S06:GS01:p0010,west,6,0,0
775,CP-AP-r000:S-P01-S06:GS01:p0011,west,7,0,6
776,CP-AP-r000:S-P01-S06:GS01:p0012,west,8,0,1
777,CP-AP-r000:S-P01-S06:GS02:p0002,west,7,0,2
778,CP-AP-r000:S-P01-S06:GS02:p0003,west,8,0,6
779,CP-AP-r000:S-P01-S06:GS02:p0004,west,7,0,0
780,CP-AP-r000:S-P01-S06:GS02:p0005,west,7,0,6
781,CP-AP-r000:S-P01-S06:GS02:p0006,west,7,0,3
782,CP-AP-r000:S-P01-S06:GS02:p0007,west,10,0,6
783,CP-AP-r000:S-P01-S06:GS02:p0008,west,6,0,1
784,CP-AP-r000:S-P01-S06:GS02:p0009,west,5,0,6
785,CP-AP-r000:S-P01-S06:GS02:p0010,west,7,0,4
786,CP-AP-r000:S-P01-S06:GS02:p0011,west,7,0,6
787,CP-AP-r000:S-P01-S06:GS02:p0012,west,8,0,1
788,CP-AP-r000:S-P01-S06:GS03:p0002,west,7,0,2
789,CP-AP-r000:S-P01-S06:GS03:p0003,west,7,0,6
790,CP-AP-r000:S-P01-S06:GS03:p0004,west,10,0,6
791,CP-AP-r000:S-P01-S06:GS03:p0005,west,7,0,6
792,CP-AP-r000:S-P01-S06:GS03:p0006,west,7,0,3
793,CP-AP-r000:S-P01-S06:GS03:p0007,west,8,0,6
794,CP-AP-r000:S-P01-S06:GS03:p0008,west,8,0,6
795,CP-AP-r000:S-P01-S06:GS03:p0009,west,7,0,6
796,CP-AP-r000:S-P01-S06:GS03:p0010,west,7,0,4
797,CP-AP-r000:S-P01-S06:GS03:p0011,west,8,0,6
798,CP-AP-r000:S-P01-S06:GS03:p0012,west,7,0,1
799,CP-AP-r000:S-P01-S06:GS03:p0013,west,7,0,6
800,CP-AP-r000:S-P01-S06:GS04:p0002,east,0,8,6
801,CP-AP-r000:S-P01-S06:GS04:p0003,east,0,7,1
802,CP-AP-r000:S-P01-S06:GS04:p0004,east,0,8,6
803,CP-AP-r000:S-P01-S06:GS04:p0005,east,0,7,5
804,CP-AP-r000:S-P01-S06:GS04:p0006,east,0,8,6
805,CP-AP-r000:S-P01-S06:GS04:p0007,east,0,7,1
806,CP-AP-r000:S-P01-S06:GS04:p0008,east,0,8,6
807,CP-AP-r000:S-P01-S06:GS04:p0009,east,0,7,5
808,CP-AP-r000:S-P01-S06:GS04:p0010,east,0,7,6
809,CP-AP-r000:S-P01-S06:GS04:p0011,east,0,5,0
810,CP-AP-r000:S-P01-S06:GS04:p0012,east,0,9,6
811,CP-AP-r000:S-P01-S06:GS04:p0013,east,0,7,4
812,CP-AP-r000:S-P01-S06:GS05:p0001,east,0,4,0
813,CP-AP-r000:S-P01-S06:GS05:p0002,east,0,7,1
814,CP-AP-r000:S-P01-S06:GS05:p0003,east,0,8,6
815,CP-AP-r000:S-P01-S06:GS05:p0004,east,0,5,5
816,CP-AP-r000:S-P01-S06:GS05:p0005,east,0,7,6
817,CP-AP-r000:S-P01-S06:GS05:p0006,east,0,7,1
818,CP-AP-r000:S-P01-S06:GS05:p0007,east,0,8,6
819,CP-AP-r000:S-P01-S06:GS05:p0008,east,0,6,5
820,CP-AP-r000:S-P01-S06:GS05:p0009,east,0,6,6
821,CP-AP-r000:S-P01-S06:GS05:p0010,east,0,7,0
822,CP-AP-r000:S-P01-S06:GS05:p0011,east,0,8,6
823,CP-AP-r000:S-P01-S06:GS05:p0012,east,0,7,4
824,CP-AP-r000:S-P01-S06:GS06:p0001,east,0,4,0
825,CP-AP-r000:S-P01-S06:GS06:p0002,east,0,10,1
826,CP-AP-r000:S-P01-S06:GS06:p0003,east,0,6,6
827,CP-AP-r000:S-P01-S06:GS06:p0004,east,0,6,0
828,CP-AP-r000:S-P01-S06:GS06:p0005,east,0,7,5
829,CP-AP-r000:S-P01-S06:GS06:p0006,east,0,7,1
830,CP-AP-r000:S-P01-S06:GS06:p0007,east,0,8,6
831,CP-AP-r000:S-P01-S06:GS06:p0008,east,0,6,0
832,CP-AP-r000:S-P01-S06:GS06:p0009,east,0,7,5
833,CP-AP-r000:S-P01-S06:GS06:p0010,east,0,7,0
834,CP-AP-r000:S-P01-S06:GS06:p0011,east,0,8,6
835,CP-AP-r000:S-P01-S06:GS06:p0012,east,0,7,4
836,CP-AP-r000:S-P01-S06:GS07:p0002,west,9,0,2
837,CP-AP-r000:S-P01-S06:GS07:p0003,west,9,0,6
838,CP-AP-r000:S-P01-S06:GS07:p0004,west,8,0,0
839,CP-AP-r000:S-P01-S06:GS07:p0005,west,9,0,6
840,CP-AP-r000:S-P01-S06:GS07:p0006,west,7,0,3
841,CP-AP-r000:S-P01-S06:GS07:p0007,west,8,0,6
842,CP-AP-r000:S-P01-S06:GS07:p0008,west,8,0,1
843,CP-AP-r000:S-P01-S06:GS07:p0009,west,7,0,6
844,CP-AP-r000:S-P01-S06:GS07:p0010,west,7,0,4
845,CP-AP-r000:S-P01-S06:GS07:p0011,west,10,0,6
846,CP-AP-r000:S-P01-S06:GS07:p0012,west,8,0,1
847,CP-AP-r000:S-P01-S06:GS07:p0013,west,5,0,6
848,CP-AP-r000:S-P01-S06:GS08:p0002,west,8,0,2
849,CP-AP-r000:S-P01-S06:GS08:p0003,west,10,0,6
850,CP-AP-r000:S-P01-S06:GS08:p0004,west,8,0,0
851,CP-AP-r000:S-P01-S06:GS08:p0005,west,8,0,6
852,CP-AP-r000:S-P01-S06:GS08:p0006,west,8,0,3
853,CP-AP-r000:S-P01-S06:GS08:p0007,west,10,0,6
854,CP-AP-r000:S-P01-S06:GS08:p0008,west,8,0,1
855,CP-AP-r000:S-P01-S06:GS08:p0009,west,8,0,6
856,CP-AP-r000:S-P01-S06:GS08:p0010,west,8,0,4
857,CP-AP-r000:S-P01-S06:GS08:p0011,west,9,0,6
858,CP-AP-r000:S-P01-S06:GS08:p0012,west,8,0,1
859,CP-AP-r000:S-P01-S06:GS08:p0013,west,9,0,6
860,CP-AP-r000:S-P01-S06:GS09:p0002,west,10,0,2
861,CP-AP-r000:S-P01-S06:GS09:p0003,west,8,0,6
862,CP-AP-r000:S-P01-S06:GS09:p0004,west,7,0,0
863,CP-AP-r000:S-P01-S06:GS09:p0005,west,8,0,6
864,CP-AP-r000:S-P01-S06:GS09:p0006,west,11,0,3
865,CP-AP-r000:S-P01-S06:GS09:p0007,west,10,0,6
866,CP-AP-r000:S-P01-S06:GS09:p0008,west,9,0,1
867,CP-AP-r000:S-P01-S06:GS09:p0009,west,8,0,6
868,CP-AP-r000:S-P01-S06:GS09:p0010,west,8,0,4
869,CP-AP-r000:S-P01-S06:GS09:p0011,west,10,0,6
870,CP-AP-r000:S-P01-S06:GS09:p0012,west,9,0,1
871,CP-AP-r000:S-P01-S06:GS09:p0013,west,8,0,6
872,CP-AP-r000:S-P01-S06:GS10:p0002,east,0,8,6
873,CP-AP-r000:S-P01-S06:GS10:p0003,east,0,8,1
874,CP-AP-r000:S-P01-S06:GS10:p0004,east,0,8,6
875,CP-AP-r000:S-P01-S06:GS10:p0005,east,0,8,5
876,CP-AP-r000:S-P01-S06:GS10:p0006,east,0,9,6
877,CP-AP-r000:S-P01-S06:GS10:p0007,east,0,7,1
878,CP-AP-r000:S-P01-S06:GS10:p0008,east,0,8,6
879,CP-AP-r000:S-P01-S06:GS10:p0009,east,0,9,5
880,CP-AP-r000:S-P01-S06:GS10:p0010,east,0,8,5
881,CP-AP-r000:S-P01-S06:GS10:p0011,east,0,10,6
882,CP-AP-r000:S-P01-S06:GS10:p0012,east,0,7,0
883,CP-AP-r000:S-P01-S06:GS10:p0013,east,0,8,6
884,CP-AP-r000:S-P01-S06:GS10:p0014,east,0,9,6
885,CP-AP-r000:S-P01-S06:GS10:p0015,east,0,8,4
886,CP-AP-r000:S-P01-S06:GS11:p0002,east,0,9,1
887,CP-AP-r000:S-P01-S06:GS11:p0003,east,0,8,6
888,CP-AP-r000:S-P01-S06:GS11:p0004,east,0,8,0
889,CP-AP-r000:S-P01-S06:GS11:p0005,east,0,7,5
890,CP-AP-r000:S-P01-S06:GS11:p0006,east,0,8,1
891,CP-AP-r000:S-P01-S06:GS11:p0007,east,0,8,6
892,CP-AP-r000:S-P01-S06:GS11:p0008,east,0,5,0
893,CP-AP-r000:S-P01-S06:GS11:p0009,east,0,7,5
894,CP-AP-r000:S-P01-S06:GS11:p0010,east,0,7,6
895,CP-AP-r000:S-P01-S06:GS11:p0011,east,0,8,0
896,CP-AP-r000:S-P01-S06:GS11:p0012,east,0,8,6
897,CP-AP-r000:S-P01-S06:GS11:p0013,east,0,7,0
898,CP-AP-r000:S-P01-S06:GS11:p0014,east,0,8,4
899,CP-AP-r000:S-P01-S06:GS12:p0001,east,0,4,0
900,CP-AP-r000:S-P01-S06:GS12:p0002,east,0,10,1
901,CP-AP-r000:S-P01-S06:GS12:p0003,east,0,8,6
902,CP-AP-r000:S-P01-S06:GS12:p0004,east,0,8,0
903,CP-AP-r000:S-P01-S06:GS12:p0005,east,0,8,5
904,CP-AP-r000:S-P01-S06:GS12:p0006,east,0,9,1
905,CP-AP-r000:S-P01-S06:GS12:p0007,east,0,8,6
906,CP-AP-r000:S-P01-S06:GS12:p0008,east,0,9,0
907,CP-AP-r000:S-P01-S06:GS12:p0009,east,0,9,5
908,CP-AP-r000:S-P01-S06:GS12:p0010,east,0,9,0
909,CP-AP-r000:S-P01-S06:GS12:p0011,east,0,8,6
910,CP-AP-r000:S-P01-S06:GS12:p0012,east,0,9,0
911,CP-AP-r000:S-P01-S06:GS12:p0013,east,0,7,4
912,CP-AP-r000:S-P01-S07:GS01:p0001,west,4,0,4
913,CP-AP-r000:S-P01-S07:GS01:p0002,west,7,0,0
914,CP-AP-r000:S-P01-S07:GS01:p0003,west,6,0,6
915,CP-AP-r000:S-P01-S07:GS01:p0004,west,8,0,1
916,CP-AP-r000:S-P01-S07:GS01:p0005,west,6,0,4
917,CP-AP-r000:S-P01-S07:GS01:p0006,west,7,0,0
918,CP-AP-r000:S-P01-S07:GS01:p0007,west,6,0,6
919,CP-AP-r000:S-P01-S07:GS01:p0008,west,8,0,1
920,CP-AP-r000:S-P01-S07:GS01:p0009,west,6,0,5
921,CP-AP-r000:S-P01-S07:GS01:p0010,west,7,0,0
922,CP-AP-r000:S-P01-S07:GS01:p0011,west,6,0,6
923,CP-AP-r000:S-P01-S07:GS01:p0012,west,8,0,2
924,CP-AP-r000:S-P01-S07:GS02:p0002,west,6,0,4
925,CP-AP-r000:S-P01-S07:GS02:p0003,west,6,0,6
926,CP-AP-r000:S-P01-S07:GS02:p0004,west,8,0,1
927,CP-AP-r000:S-P01-S07:GS02:p0005,west,7,0,6
928,CP-AP-r000:S-P01-S07:GS02:p0006,west,6,0,4
929,CP-AP-r000:S-P01-S07:GS02:p0007,west,6,0,6
930,CP-AP-r000:S-P01-S07:GS02:p0008,west,8,0,1
931,CP-AP-r000:S-P01-S07:GS02:p0009,west,6,0,5
932,CP-AP-r000:S-P01-S07:GS02:p0010,west,7,0,0
933,CP-AP-r000:S-P01-S07:GS02:p0011,west,6,0,6
934,CP-AP-r000:S-P01-S07:GS02:p0012,west,8,0,2
935,CP-AP-r000:S-P01-S07:GS03:p0002,west,6,0,4
936,CP-AP-r000:S-P01-S07:GS03:p0003,west,8,0,6
937,CP-AP-r000:S-P01-S07:GS03:p0004,west,6,0,6
938,CP-AP-r000:S-P01-S07:GS03:p0005,west,6,0,4
939,CP-AP-r000:S-P01-S07:GS03:p0006,west,8,0,6
940,CP-AP-r000:S-P01-S07:GS03:p0007,west,7,0,1
941,CP-AP-r000:S-P01-S07:GS03:p0008,west,7,0,6
942,CP-AP-r000:S-P01-S07:GS03:p0009,west,5,0,5
943,CP-AP-r000:S-P01-S07:GS03:p0010,west,8,0,6
944,CP-AP-r000:S-P01-S07:GS03:p0011,west,8,0,2
945,CP-AP-r000:S-P01-S07:GS03:p0012,west,7,0,6
946,CP-AP-r000:S-P01-S07:GS04:p0002,east,0,6,6
947,CP-AP-r000:S-P01-S07:GS04:p0003,east,0,5,0
948,CP-AP-r000:S-P01-S07:GS04:p0004,east,0,8,6
949,CP-AP-r000:S-P01-S07:GS04:p0005,east,0,6,5
950,CP-AP-r000:S-P01-S07:GS04:p0006,east,0,6,6
951,CP-AP-r000:S-P01-S07:GS04:p0007,east,0,6,0
952,CP-AP-r000:S-P01-S07:GS04:p0008,east,0,9,6
953,CP-AP-r000:S-P01-S07:GS04:p0009,east,0,6,4
954,CP-AP-r000:S-P01-S07:GS04:p0010,east,0,6,6
955,CP-AP-r000:S-P01-S07:GS04:p0011,east,0,8,6
956,CP-AP-r000:S-P01-S07:GS04:p0012,east,0,6,3
957,CP-AP-r000:S-P01-S07:GS05:p0002,east,0,6,6
958,CP-AP-r000:S-P01-S07:GS05:p0003,east,0,6,0
959,CP-AP-r000:S-P01-S07:GS05:p0004,east,0,8,6
960,CP-AP-r000:S-P01-S07:GS05:p0005,east,0,6,5
961,CP-AP-r000:S-P01-S07:GS05:p0006,east,0,8,6
962,CP-AP-r000:S-P01-S07:GS05:p0007,east,0,6,0
963,CP-AP-r000:S-P01-S07:GS05:p0008,east,0,8,6
964,CP-AP-r000:S-P01-S07:GS05:p0009,east,0,6,4
965,CP-AP-r000:S-P01-S07:GS05:p0010,east,0,6,6
966,CP-AP-r000:S-P01-S07:GS05:p0011,east,0,6,0
967,CP-AP-r000:S-P01-S07:GS05:p0012,east,0,8,6
968,CP-AP-r000:S-P01-S07:GS05:p0013,east,0,6,3
969,CP-AP-r000:S-P01-S07:GS06:p0002,east,0,6,0
970,CP-AP-r000:S-P01-S07:GS06:p0003,east,0,8,6
971,CP-AP-r000:S-P01-S07:GS06:p0004,east,0,6,5
972,CP-AP-r000:S-P01-S07:GS06:p0005,east,0,6,0
973,CP-AP-r000:S-P01-S07:GS06:p0006,east,0,8,6
974,CP-AP-r000:S-P01-S07:GS06:p0007,east,0,4,4
975,CP-AP-r000:S-P01-S07:GS06:p0008,east,0,7,6
976,CP-AP-r000:S-P01-S07:GS06:p0009,east,0,6,0
977,CP-AP-r000:S-P01-S07:GS06:p0010,east,0,8,6
978,CP-AP-r000:S-P01-S07:GS06:p0011,east,0,6,3
979,CP-AP-r000:S-P01-S07:GS07:p0002,west,8,0,4
980,CP-AP-r000:S-P01-S07:GS07:p0003,west,9,0,6
981,CP-AP-r000:S-P01-S07:GS07:p0004,west,8,0,1
982,CP-AP-r000:S-P01-S07:GS07:p0005,west,5,0,6
983,CP-AP-r000:S-P01-S07:GS07:p0006,west,8,0,4
984,CP-AP-r000:S-P01-S07:GS07:p0007,west,9,0,0
985,CP-AP-r000:S-P01-S07:GS07:p0008,west,9,0,6
986,CP-AP-r000:S-P01-S07:GS07:p0009,west,8,0,1
987,CP-AP-r000:S-P01-S07:GS07:p0010,west,8,0,6
988,CP-AP-r000:S-P01-S07:GS07:p0011,west,8,0,5
989,CP-AP-r000:S-P01-S07:GS07:p0012,west,8,0,0
990,CP-AP-r000:S-P01-S07:GS07:p0013,west,9,0,6
991,CP-AP-r000:S-P01-S07:GS07:p0014,west,8,0,2
992,CP-AP-r000:S-P01-S07:GS08:p0002,west,8,0,4
993,CP-AP-r000:S-P01-S07:GS08:p0003,west,9,0,6
994,CP-AP-r000:S-P01-S07:GS08:p0004,west,8,0,1
995,CP-AP-r000:S-P01-S07:GS08:p0005,west,9,0,6
996,CP-AP-r000:S-P01-S07:GS08:p0006,west,9,0,4
997,CP-AP-r000:S-P01-S07:GS08:p0007,west,8,0,6
998,CP-AP-r000:S-P01-S07:GS08:p0008,west,8,0,1
999,CP-AP-r000:S-P01-S07:GS08:p0009,west,9,0,6
1000,CP-AP-r000:S-P01-S07:GS08:p0010,west,7,0,5
1001,CP-AP-r000:S-P01-S07:GS08:p0011,west,8,0,6
1002,CP-AP-r000:S-P01-S07:GS08:p0012,west,8,0,2
1003,CP-AP-r000:S-P01-S07:GS08:p0013,west,6,0,6
1004,CP-AP-r000:S-P01-S07:GS09:p0002,west,8,0,4
1005,CP-AP-r000:S-P01-S07:GS09:p0003,west,10,0,6
1006,CP-AP-r000:S-P01-S07:GS09:p0004,west,10,0,1
1007,CP-AP-r000:S-P01-S07:GS09:p0005,west,7,0,6
1008,CP-AP-r000:S-P01-S07:GS09:p0006,west,7,0,4
1009,CP-AP-r000:S-P01-S07:GS09:p0007,west,10,0,6
1010,CP-AP-r000:S-P01-S07:GS09:p0008,west,9,0,1
1011,CP-AP-r000:S-P01-S07:GS09:p0009,west,7,0,6
1012,CP-AP-r000:S-P01-S07:GS09:p0010,west,7,0,5
1013,CP-AP-r000:S-P01-S07:GS09:p0011,west,9,0,6
1014,CP-AP-r000:S-P01-S07:GS09:p0012,west,8,0,2
1015,CP-AP-r000:S-P01-S07:GS09:p0013,west,8,0,6
1016,CP-AP-r000:S-P01-S07:GS10:p0002,east,0,10,6
1017,CP-AP-r000:S-P01-S07:GS10:p0003,east,0,6,0
1018,CP-AP-r000:S-P01-S07:GS10:p0004,east,0,8,6
1019,CP-AP-r000:S-P01-S07:GS10:p0005,east,0,10,5
1020,CP-AP-r000:S-P01-S07:GS10:p0006,east,0,8,5
1021,CP-AP-r000:S-P01-S07:GS10:p0007,east,0,10,6
1022,CP-AP-r000:S-P01-S07:GS10:p0008,east,0,8,6
1023,CP-AP-r000:S-P01-S07:GS10:p0009,east,0,9,6
1024,CP-AP-r000:S-P01-S07:GS10:p0010,east,0,7,4
1025,CP-AP-r000:S-P01-S07:GS10:p0011,east,0,11,6
1026,CP-AP-r000:S-P01-S07:GS10:p0012,east,0,10,6
1027,CP-AP-r000:S-P01-S07:GS10:p0013,east,0,10,6
1028,CP-AP-r000:S-P01-S07:GS10:p0014,east,0,7,3
1029,CP-AP-r000:S-P01-S07:GS11:p0002,east,0,9,6
1030,CP-AP-r000:S-P01-S07:GS11:p0003,east,0,8,0
1031,CP-AP-r000:S-P01-S07:GS11:p0004,east,0,8,6
1032,CP-AP-r000:S-P01-S07:GS11:p0005,east,0,7,0
1033,CP-AP-r000:S-P01-S07:GS11:p0006,east,0,8,5
1034,CP-AP-r000:S-P01-S07:GS11:p0007,east,0,10,6
1035,CP-AP-r000:S-P01-S07:GS11:p0008,east,0,9,0
1036,CP-AP-r000:S-P01-S07:GS11:p0009,east,0,8,6
1037,CP-AP-r000:S-P01-S07:GS11:p0010,east,0,8,4
1038,CP-AP-r000:S-P01-S07:GS11:p0011,east,0,10,6
1039,CP-AP-r000:S-P01-S07:GS11:p0012,east,0,6,0
1040,CP-AP-r000:S-P01-S07:GS11:p0013,east,0,8,6
1041,CP-AP-r000:S-P01-S07:GS11:p0014,east,0,10,6
1042,CP-AP-r000:S-P01-S07:GS11:p0015,east,0,8,3
1043,CP-AP-r000:S-P01-S07:GS12:p0002,east,0,8,0
1044,CP-AP-r000:S-P01-S07:GS12:p0003,east,0,8,6
1045,CP-AP-r000:S-P01-S07:GS12:p0004,east,0,9,0
1046,CP-AP-r000:S-P01-S07:GS12:p0005,east,0,7,5
1047,CP-AP-r000:S-P01-S07:GS12:p0006,east,0,8,0
1048,CP-AP-r000:S-P01-S07:GS12:p0007,east,0,8,6
1049,CP-AP-r000:S-P01-S07:GS12:p0008,east,0,7,0
1050,CP-AP-r000:S-P01-S07:GS12:p0009,east,0,8,4
1051,CP-AP-r000:S-P01-S07:GS12:p0010,east,0,10,0
1052,CP-AP-r000:S-P01-S07:GS12:p0011,east,0,8,6
1053,CP-AP-r000:S-P01-S07:GS12:p0012,east,0,5,0
1054,CP-AP-r000:S-P01-S07:GS12:p0013,east,0,8,3
1055,CP-AP-r000:S-P01-S08:GS01:p0001,west,5,0,4
1056,CP-AP-r000:S-P01-S08:GS01:p0002,west,7,0,0
1057,CP-AP-r000:S-P01-S08:GS01:p0003,west,7,0,6
1058,CP-AP-r000:S-P01-S08:GS01:p0004,west,8,0,1
1059,CP-AP-r000:S-P01-S08:GS01:p0005,west,6,0,5
1060,CP-AP-r000:S-P01-S08:GS01:p0006,west,7,0,0
1061,CP-AP-r000:S-P01-S08:GS01:p0007,west,7,0,6
1062,CP-AP-r000:S-P01-S08:GS01:p0008,west,8,0,1
1063,CP-AP-r000:S-P01-S08:GS01:p0009,west,7,0,5
1064,CP-AP-r000:S-P01-S08:GS01:p0010,west,8,0,0
1065,CP-AP-r000:S-P01-S08:GS01:p0011,west,7,0,6
1066,CP-AP-r000:S-P01-S08:GS01:p0012,west,8,0,2
1067,CP-AP-r000:S-P01-S08:GS02:p0002,west,7,0,4
1068,CP-AP-r000:S-P01-S08:GS02:p0003,west,7,0,6
1069,CP-AP-r000:S-P01-S08:GS02:p0004,west,8,0,1
1070,CP-AP-r000:S-P01-S08:GS02:p0005,west,7,0,5
1071,CP-AP-r000:S-P01-S08:GS02:p0006,west,7,0,6
1072,CP-AP-r000:S-P01-S08:GS02:p0007,west,8,0,1
1073,CP-AP-r000:S-P01-S08:GS02:p0008,west,7,0,5
1074,CP-AP-r000:S-P01-S08:GS02:p0009,west,7,0,0
1075,CP-AP-r000:S-P01-S08:GS02:p0010,west,7,0,6
1076,CP-AP-r000:S-P01-S08:GS02:p0011,west,8,0,2
1077,CP-AP-r000:S-P01-S08:GS03:p0002,west,7,0,4
1078,CP-AP-r000:S-P01-S08:GS03:p0003,west,8,0,6
1079,CP-AP-r000:S-P01-S08:GS03:p0004,west,7,0,1
1080,CP-AP-r000:S-P01-S08:GS03:p0005,west,7,0,6
1081,CP-AP-r000:S-P01-S08:GS03:p0006,west,7,0,5
1082,CP-AP-r000:S-P01-S08:GS03:p0007,west,8,0,6
1083,CP-AP-r000:S-P01-S08:GS03:p0008,west,6,0,1
1084,CP-AP-r000:S-P01-S08:GS03:p0009,west,7,0,6
1085,CP-AP-r000:S-P01-S08:GS03:p0010,west,7,0,5
1086,CP-AP-r000:S-P01-S08:GS03:p0011,west,9,0,6
1087,CP-AP-r000:S-P01-S08:GS03:p0012,west,7,0,2
1088,CP-AP-r000:S-P01-S08:GS03:p0013,west,5,0,6
1089,CP-AP-r000:S-P01-S08:GS04:p0002,east,0,7,6
1090,CP-AP-r000:S-P01-S08:GS04:p0003,east,0,6,0
1091,CP-AP-r000:S-P01-S08:GS04:p0004,east,0,8,6
1092,CP-AP-r000:S-P01-S08:GS04:p0005,east,0,7,4
1093,CP-AP-r000:S-P01-S08:GS04:p0006,east,0,7,6
1094,CP-AP-r000:S-P01-S08:GS04:p0007,east,0,8,0
1095,CP-AP-r000:S-P01-S08:GS04:p0008,east,0,9,6
1096,CP-AP-r000:S-P01-S08:GS04:p0009,east,0,7,3
1097,CP-AP-r000:S-P01-S08:GS04:p0010,east,0,7,6
1098,CP-AP-r000:S-P01-S08:GS04:p0011,east,0,8,6
1099,CP-AP-r000:S-P01-S08:GS04:p0012,east,0,7,3
1100,CP-AP-r000:S-P01-S08:GS05:p0002,east,0,6,6
1101,CP-AP-r000:S-P01-S08:GS05:p0003,east,0,7,0
1102,CP-AP-r000:S-P01-S08:GS05:p0004,east,0,8,6
1103,CP-AP-r000:S-P01-S08:GS05:p0005,east,0,6,4
1104,CP-AP-r000:S-P01-S08:GS05:p0006,east,0,8,6
1105,CP-AP-r000:S-P01-S08:GS05:p0007,east,0,7,0
1106,CP-AP-r000:S-P01-S08:GS05:p0008,east,0,8,6
1107,CP-AP-r000:S-P01-S08:GS05:p0009,east,0,7,3
1108,CP-AP-r000:S-P01-S08:GS05:p0010,east,0,7,6
1109,CP-AP-r000:S-P01-S08:GS05:p0011,east,0,7,0
1110,CP-AP-r000:S-P01-S08:GS05:p0012,east,0,8,6
1111,CP-AP-r000:S-P01-S08:GS05:p0013,east,0,7,3
1112,CP-AP-r000:S-P01-S08:GS06:p0002,east,0,7,0
1113,CP-AP-r000:S-P01-S08:GS06:p0003,east,0,8,6
1114,CP-AP-r000:S-P01-S08:GS06:p0004,east,0,7,4
1115,CP-AP-r000:S-P01-S08:GS06:p0005,east,0,7,6
1116,CP-AP-r000:S-P01-S08:GS06:p0006,east,0,7,0
1117,CP-AP-r000:S-P01-S08:GS06:p0007,east,0,8,6
1118,CP-AP-r000:S-P01-S08:GS06:p0008,east,0,5,3
1119,CP-AP-r000:S-P01-S08:GS06:p0009,east,0,7,6
1120,CP-AP-r000:S-P01-S08:GS06:p0010,east,0,7,0
1121,CP-AP-r000:S-P01-S08:GS06:p0011,east,0,8,6
1122,CP-AP-r000:S-P01-S08:GS06:p0012,east,0,6,3
1123,CP-AP-r000:S-P01-S08:GS07:p0002,west,7,0,4
1124,CP-AP-r000:S-P01-S08:GS07:p0003,west,9,0,6
1125,CP-AP-r000:S-P01-S08:GS07:p0004,west,8,0,1
1126,CP-AP-r000:S-P01-S08:GS07:p0005,west,5,0,6
1127,CP-AP-r000:S-P01-S08:GS07:p0006,west,7,0,5
1128,CP-AP-r000:S-P01-S08:GS07:p0007,west,7,0,0
1129,CP-AP-r000:S-P01-S08:GS07:p0008,west,8,0,6
1130,CP-AP-r000:S-P01-S08:GS07:p0009,west,8,0,1
1131,CP-AP-r000:S-P01-S08:GS07:p0010,west,8,0,5
1132,CP-AP-r000:S-P01-S08:GS07:p0011,west,7,0,0
1133,CP-AP-r000:S-P01-S08:GS07:p0012,west,8,0,6
1134,CP-AP-r000:S-P01-S08:GS07:p0013,west,8,0,2
1135,CP-AP-r000:S-P01-S08:GS08:p0002,west,8,0,4
1136,CP-AP-r000:S-P01-S08:GS08:p0003,west,9,0,6
1137,CP-AP-r000:S-P01-S08:GS08:p0004,west,8,0,1
1138,CP-AP-r000:S-P01-S08:GS08:p0005,west,9,0,6
1139,CP-AP-r000:S-P01-S08:GS08:p0006,west,9,0,5
1140,CP-AP-r000:S-P01-S08:GS08:p0007,west,9,0,6
1141,CP-AP-r000:S-P01-S08:GS08:p0008,west,8,0,1
1142,CP-AP-r000:S-P01-S08:GS08:p0009,west,9,0,6
1143,CP-AP-r000:S-P01-S08:GS08:p0010,west,7,0,5
1144,CP-AP-r000:S-P01-S08:GS08:p0011,west,8,0,6
1145,CP-AP-r000:S-P01-S08:GS08:p0012,west,8,0,2
1146,CP-AP-r000:S-P01-S08:GS08:p0013,west,6,0,6
1147,CP-AP-r000:S-P01-S08:GS09:p0002,west,9,0,4
1148,CP-AP-r000:S-P01-S08:GS09:p0003,west,10,0,6
1149,CP-AP-r000:S-P01-S08:GS09:p0004,west,9,0,1
1150,CP-AP-r000:S-P01-S08:GS09:p0005,west,8,0,6
1151,CP-AP-r000:S-P01-S08:GS09:p0006,west,8,0,5
1152,CP-AP-r000:S-P01-S08:GS09:p0007,west,10,0,6
1153,CP-AP-r000:S-P01-S08:GS09:p0008,west,8,0,1
1154,CP-AP-r000:S-P01-S08:GS09:p0009,west,8,0,6
1155,CP-AP-r000:S-P01-S08:GS09:p0010,west,8,0,5
1156,CP-AP-r000:S-P01-S08:GS09:p0011,west,9,0,6
1157,CP-AP-r000:S-P01-S08:GS09:p0012,west,8,0,2
1158,CP-AP-r000:S-P01-S08:GS09:p0013,west,9,0,6
1159,CP-AP-r000:S-P01-S08:GS10:p0002,east,0,10,6
1160,CP-AP-r000:S-P01-S08:GS10:p0003,east,0,7,0
1161,CP-AP-r000:S-P01-S08:GS10:p0004,east,0,8,6
1162,CP-AP-r000:S-P01-S08:GS10:p0005,east,0,8,6
1163,CP-AP-r000:S-P01-S08:GS10:p0006,east,0,8,4
1164,CP-AP-r000:S-P01-S08:GS10:p0007,east,0,10,6
1165,CP-AP-r000:S-P01-S08:GS10:p0008,east,0,8,6
1166,CP-AP-r000:S-P01-S08:GS10:p0009,east,0,8,6
1167,CP-AP-r000:S-P01-S08:GS10:p0010,east,0,8,3
1168,CP-AP-r000:S-P01-S08:GS10:p0011,east,0,11,6
1169,CP-AP-r000:S-P01-S08:GS10:p0012,east,0,10,6
1170,CP-AP-r000:S-P01-S08:GS10:p0013,east,0,9,6
1171,CP-AP-r000:S-P01-S08:GS10:p0014,east,0,8,3
1172,CP-AP-r000:S-P01-S08:GS11:p0002,east,0,7,6
1173,CP-AP-r000:S-P01-S08:GS11:p0003,east,0,8,0
1174,CP-AP-r000:S-P01-S08:GS11:p0004,east,0,8,6
1175,CP-AP-r000:S-P01-S08:GS11:p0005,east,0,6,0
1176,CP-AP-r000:S-P01-S08:GS11:p0006,east,0,8,4
1177,CP-AP-r000:S-P01-S08:GS11:p0007,east,0,9,6
1178,CP-AP-r000:S-P01-S08:GS11:p0008,east,0,8,0
1179,CP-AP-r000:S-P01-S08:GS11:p0009,east,0,8,6
1180,CP-AP-r000:S-P01-S08:GS11:p0010,east,0,8,3
1181,CP-AP-r000:S-P01-S08:GS11:p0011,east,0,9,6
1182,CP-AP-r000:S-P01-S08:GS11:p0012,east,0,7,0
1183,CP-AP-r000:S-P01-S08:GS11:p0013,east,0,8,6
1184,CP-AP-r000:S-P01-S08:GS11:p0014,east,0,8,6
1185,CP-AP-r000:S-P01-S08:GS11:p0015,east,0,8,3
1186,CP-AP-r000:S-P01-S08:GS12:p0002,east,0,9,0
1187,CP-AP-r000:S-P01-S08:GS12:p0003,east,0,8,6
1188,CP-AP-r000:S-P01-S08:GS12:p0004,east,0,9,0
1189,CP-AP-r000:S-P01-S08:GS12:p0005,east,0,7,4
1190,CP-AP-r000:S-P01-S08:GS12:p0006,east,0,8,0
1191,CP-AP-r000:S-P01-S08:GS12:p0007,east,0,8,6
1192,CP-AP-r000:S-P01-S08:GS12:p0008,east,0,7,0
1193,CP-AP-r000:S-P01-S08:GS12:p0009,east,0,7,3
1194,CP-AP-r000:S-P01-S08:GS12:p0010,east,0,10,0
1195,CP-AP-r000:S-P01-S08:GS12:p0011,east,0,8,6
1196,CP-AP-r000:S-P01-S08:GS12:p0012,east,0,5,0
1197,CP-AP-r000:S-P01-S08:GS12:p0013,east,0,8,3
1198,CP-AP-r000:S-P01-S09:GS01:p0001,west,6,0,5
1199,CP-AP-r000:S-P01-S09:GS01:p0002,west,7,0,0
1200,CP-AP-r000:S-P01-S09:GS01:p0003,west,6,0,6
1201,CP-AP-r000:S-P01-S09:GS01:p0004,west,8,0,2
1202,CP-AP-r000:S-P01-S09:GS01:p0005,west,6,0,6
1203,CP-AP-r000:S-P01-S09:GS01:p0006,west,6,0,0
1204,CP-AP-r000:S-P01-S09:GS01:p0007,west,6,0,6
1205,CP-AP-r000:S-P01-S09:GS01:p0008,west,8,0,3
1206,CP-AP-r000:S-P01-S09:GS01:p0009,west,6,0,6
1207,CP-AP-r000:S-P01-S09:GS01:p0010,west,6,0,0
1208,CP-AP-r000:S-P01-S09:GS01:p0011,west,6,0,6
1209,CP-AP-r000:S-P01-S09:GS01:p0012,west,10,0,3
1210,CP-AP-r000:S-P01-S09:GS01:p0013,west,2,0,6
1211,CP-AP-r000:S-P01-S09:GS02:p0001,west,6,0,5
1212,CP-AP-r000:S-P01-S09:GS02:p0002,west,6,0,6
1213,CP-AP-r000:S-P01-S09:GS02:p0003,west,8,0,2
1214,CP-AP-r000:S-P01-S09:GS02:p0004,west,4,0,6
1215,CP-AP-r000:S-P01-S09:GS02:p0005,west,6,0,0
1216,CP-AP-r000:S-P01-S09:GS02:p0006,west,6,0,6
1217,CP-AP-r000:S-P01-S09:GS02:p0007,west,8,0,3
1218,CP-AP-r000:S-P01-S09:GS02:p0008,west,6,0,6
1219,CP-AP-r000:S-P01-S09:GS02:p0009,west,8,0,0
1220,CP-AP-r000:S-P01-S09:GS02:p0010,west,6,0,6
1221,CP-AP-r000:S-P01-S09:GS02:p0011,west,8,0,3
1222,CP-AP-r000:S-P01-S09:GS02:p0012,west,2,0,6
1223,CP-AP-r000:S-P01-S09:GS03:p0002,west,5,0,5
1224,CP-AP-r000:S-P01-S09:GS03:p0003,west,9,0,6
1225,CP-AP-r000:S-P01-S09:GS03:p0004,west,8,0,2
1226,CP-AP-r000:S-P01-S09:GS03:p0005,west,7,0,6
1227,CP-AP-r000:S-P01-S09:GS03:p0006,west,6,0,6
1228,CP-AP-r000:S-P01-S09:GS03:p0007,west,6,0,6
1229,CP-AP-r000:S-P01-S09:GS03:p0008,west,8,0,3
1230,CP-AP-r000:S-P01-S09:GS03:p0009,west,6,0,6
1231,CP-AP-r000:S-P01-S09:GS03:p0010,west,6,0,6
1232,CP-AP-r000:S-P01-S09:GS03:p0011,west,8,0,3
1233,CP-AP-r000:S-P01-S09:GS03:p0012,west,2,0,6
1234,CP-AP-r000:S-P01-S09:GS04:p0002,east,0,6,6
1235,CP-AP-r000:S-P01-S09:GS04:p0003,east,0,7,0
1236,CP-AP-r000:S-P01-S09:GS04:p0004,east,0,8,6
1237,CP-AP-r000:S-P01-S09:GS04:p0005,east,0,6,3
1238,CP-AP-r000:S-P01-S09:GS04:p0006,east,0,6,6
1239,CP-AP-r000:S-P01-S09:GS04:p0007,east,0,8,6
1240,CP-AP-r000:S-P01-S09:GS04:p0008,east,0,7,6
1241,CP-AP-r000:S-P01-S09:GS04:p0009,east,0,6,2
1242,CP-AP-r000:S-P01-S09:GS04:p0010,east,0,5,6
1243,CP-AP-r000:S-P01-S09:GS04:p0011,east,0,9,6
1244,CP-AP-r000:S-P01-S09:GS04:p0012,east,0,7,6
1245,CP-AP-r000:S-P01-S09:GS04:p0013,east,0,7,1
1246,CP-AP-r000:S-P01-S09:GS04:p0014,east,0,3,6
1247,CP-AP-r000:S-P01-S09:GS05:p0002,east,0,7,6
1248,CP-AP-r000:S-P01-S09:GS05:p0003,east,0,6,0
1249,CP-AP-r000:S-P01-S09:GS05:p0004,east,0,8,6
1250,CP-AP-r000:S-P01-S09:GS05:p0005,east,0,6,3
1251,CP-AP-r000:S-P01-S09:GS05:p0006,east,0,6,6
1252,CP-AP-r000:S-P01-S09:GS05:p0007,east,0,5,0
1253,CP-AP-r000:S-P01-S09:GS05:p0008,east,0,9,6
1254,CP-AP-r000:S-P01-S09:GS05:p0009,east,0,6,2
1255,CP-AP-r000:S-P01-S09:GS05:p0010,east,0,6,6
1256,CP-AP-r000:S-P01-S09:GS05:p0011,east,0,7,0
1257,CP-AP-r000:S-P01-S09:GS05:p0012,east,0,8,6
1258,CP-AP-r000:S-P01-S09:GS05:p0013,east,0,6,1
1259,CP-AP-r000:S-P01-S09:GS05:p0014,east,0,4,6
1260,CP-AP-r000:S-P01-S09:GS06:p0002,east,0,7,6
1261,CP-AP-r000:S-P01-S09:GS06:p0003,east,0,6,0
1262,CP-AP-r000:S-P01-S09:GS06:p0004,east,0,8,6
1263,CP-AP-r000:S-P01-S09:GS06:p0005,east,0,6,3
1264,CP-AP-r000:S-P01-S09:GS06:p0006,east,0,7,6
1265,CP-AP-r000:S-P01-S09:GS06:p0007,east,0,6,0
1266,CP-AP-r000:S-P01-S09:GS06:p0008,east,0,8,6
1267,CP-AP-r000:S-P01-S09:GS06:p0009,east,0,6,2
1268,CP-AP-r000:S-P01-S09:GS06:p0010,east,0,7,6
1269,CP-AP-r000:S-P01-S09:GS06:p0011,east,0,6,0
1270,CP-AP-r000:S-P01-S09:GS06:p0012,east,0,8,6
1271,CP-AP-r000:S-P01-S09:GS06:p0013,east,0,6,1
1272,CP-AP-r000:S-P01-S09:GS06:p0014,east,0,4,6
1273,CP-AP-r000:S-P01-S09:GS07:p0002,west,8,0,5
1274,CP-AP-r000:S-P01-S09:GS07:p0003,west,9,0,0
1275,CP-AP-r000:S-P01-S09:GS07:p0004,west,9,0,6
1276,CP-AP-r000:S-P01-S09:GS07:p0005,west,8,0,2
1277,CP-AP-r000:S-P01-S09:GS07:p0006,west,8,0,6
1278,CP-AP-r000:S-P01-S09:GS07:p0007,west,10,0,0
1279,CP-AP-r000:S-P01-S09:GS07:p0008,west,6,0,6
1280,CP-AP-r000:S-P01-S09:GS07:p0009,west,8,0,3
1281,CP-AP-r000:S-P01-S09:GS07:p0010,west,10,0,0
1282,CP-AP-r000:S-P01-S09:GS07:p0011,west,8,0,6
1283,CP-AP-r000:S-P01-S09:GS07:p0012,west,10,0,0
1284,CP-AP-r000:S-P01-S09:GS07:p0013,west,7,0,6
1285,CP-AP-r000:S-P01-S09:GS07:p0014,west,8,0,3
1286,CP-AP-r000:S-P01-S09:GS07:p0015,west,8,0,0
1287,CP-AP-r000:S-P01-S09:GS07:p0016,west,4,0,6
1288,CP-AP-r000:S-P01-S09:GS08:p0002,west,7,0,5
1289,CP-AP-r000:S-P01-S09:GS08:p0003,west,8,0,6
1290,CP-AP-r000:S-P01-S09:GS08:p0004,west,8,0,2
1291,CP-AP-r000:S-P01-S09:GS08:p0005,west,6,0,6
1292,CP-AP-r000:S-P01-S09:GS08:p0006,west,8,0,6
1293,CP-AP-r000:S-P01-S09:GS08:p0007,west,10,0,6
1294,CP-AP-r000:S-P01-S09:GS08:p0008,west,8,0,3
1295,CP-AP-r000:S-P01-S09:GS08:p0009,west,5,0,6
1296,CP-AP-r000:S-P01-S09:GS08:p0010,west,8,0,6
1297,CP-AP-r000:S-P01-S09:GS08:p0011,west,10,0,0
1298,CP-AP-r000:S-P01-S09:GS08:p0012,west,9,0,6
1299,CP-AP-r000:S-P01-S09:GS08:p0013,west,8,0,3
1300,CP-AP-r000:S-P01-S09:GS08:p0014,west,4,0,6
1301,CP-AP-r000:S-P01-S09:GS09:p0002,west,7,0,5
1302,CP-AP-r000:S-P01-S09:GS09:p0003,west,9,0,6
1303,CP-AP-r000:S-P01-S09:GS09:p0004,west,8,0,2
1304,CP-AP-r000:S-P01-S09:GS09:p0005,west,7,0,6
1305,CP-AP-r000:S-P01-S09:GS09:p0006,west,8,0,6
1306,CP-AP-r000:S-P01-S09:GS09:p0007,west,8,0,6
1307,CP-AP-r000:S-P01-S09:GS09:p0008,west,8,0,3
1308,CP-AP-r000:S-P01-S09:GS09:p0009,west,9,0,6
1309,CP-AP-r000:S-P01-S09:GS09:p0010,west,7,0,6
1310,CP-AP-r000:S-P01-S09:GS09:p0011,west,8,0,6
1311,CP-AP-r000:S-P01-S09:GS09:p0012,west,8,0,3
1312,CP-AP-r000:S-P01-S09:GS09:p0013,west,9,0,6
1313,CP-AP-r000:S-P01-S09:GS09:p0014,west,4,0,6
1314,CP-AP-r000:S-P01-S09:GS10:p0002,east,0,11,6
1315,CP-AP-r000:S-P01-S09:GS10:p0003,east,0,9,6
1316,CP-AP-r000:S-P01-S09:GS10:p0004,east,0,10,6
1317,CP-AP-r000:S-P01-S09:GS10:p0005,east,0,7,3
1318,CP-AP-r000:S-P01-S09:GS10:p0006,east,0,7,6
1319,CP-AP-r000:S-P01-S09:GS10:p0007,east,0,10,6
1320,CP-AP-r000:S-P01-S09:GS10:p0008,east,0,10,6
1321,CP-AP-r000:S-P01-S09:GS10:p0009,east,0,7,2
1322,CP-AP-r000:S-P01-S09:GS10:p0010,east,0,7,6
1323,CP-AP-r000:S-P01-S09:GS10:p0011,east,0,10,6
1324,CP-AP-r000:S-P01-S09:GS10:p0012,east,0,9,6
1325,CP-AP-r000:S-P01-S09:GS10:p0013,east,0,7,1
1326,CP-AP-r000:S-P01-S09:GS10:p0014,east,0,3,6
1327,CP-AP-r000:S-P01-S09:GS11:p0002,east,0,10,6
1328,CP-AP-r000:S-P01-S09:GS11:p0003,east,0,6,0
1329,CP-AP-r000:S-P01-S09:GS11:p0004,east,0,8,6
1330,CP-AP-r000:S-P01-S09:GS11:p0005,east,0,10,6
1331,CP-AP-r000:S-P01-S09:GS11:p0006,east,0,8,3
1332,CP-AP-r000:S-P01-S09:GS11:p0007,east,0,10,6
1333,CP-AP-r000:S-P01-S09:GS11:p0008,east,0,6,0
1334,CP-AP-r000:S-P01-S09:GS11:p0009,east,0,8,6
1335,CP-AP-r000:S-P01-S09:GS11:p0010,east,0,10,6
1336,CP-AP-r000:S-P01-S09:GS11:p0011,east,0,8,2
1337,CP-AP-r000:S-P01-S09:GS11:p0012,east,0,11,6
1338,CP-AP-r000:S-P01-S09:GS11:p0013,east,0,8,6
1339,CP-AP-r000:S-P01-S09:GS11:p0014,east,0,10,6
1340,CP-AP-r000:S-P01-S09:GS11:p0015,east,0,7,1
1341,CP-AP-r000:S-P01-S09:GS11:p0016,east,0,5,6
1342,CP-AP-r000:S-P01-S09:GS12:p0002,east,0,9,0
1343,CP-AP-r000:S-P01-S09:GS12:p0003,east,0,8,6
1344,CP-AP-r000:S-P01-S09:GS12:p0004,east,0,6,0
1345,CP-AP-r000:S-P01-S09:GS12:p0005,east,0,8,3
1346,CP-AP-r000:S-P01-S09:GS12:p0006,east,0,9,6
1347,CP-AP-r000:S-P01-S09:GS12:p0007,east,0,9,0
1348,CP-AP-r000:S-P01-S09:GS12:p0008,east,0,8,6
1349,CP-AP-r000:S-P01-S09:GS12:p0009,east,0,8,0
1350,CP-AP-r000:S-P01-S09:GS12:p0010,east,0,8,2
1351,CP-AP-r000:S-P01-S09:GS12:p0011,east,0,8,6
1352,CP-AP-r000:S-P01-S09:GS12:p0012,east,0,9,0
1353,CP-AP-r000:S-P01-S09:GS12:p0013,east,0,8,6
1354,CP-AP-r000:S-P01-S09:GS12:p0014,east,0,8,1
1355,CP-AP-r000:S-P01-S09:GS12:p0015,east,0,4,6
1356,CP-AP-r000:S-P01-S10:GS01:p0001,west,7,0,5
1357,CP-AP-r000:S-P01-S10:GS01:p0002,west,8,0,0
1358,CP-AP-r000:S-P01-S10:GS01:p0003,west,7,0,6
1359,CP-AP-r000:S-P01-S10:GS01:p0004,west,8,0,2
1360,CP-AP-r000:S-P01-S10:GS01:p0005,west,7,0,6
1361,CP-AP-r000:S-P01-S10:GS01:p0006,west,7,0,0
1362,CP-AP-r000:S-P01-S10:GS01:p0007,west,7,0,6
1363,CP-AP-r000:S-P01-S10:GS01:p0008,west,8,0,3
1364,CP-AP-r000:S-P01-S10:GS01:p0009,west,7,0,6
1365,CP-AP-r000:S-P01-S10:GS01:p0010,west,7,0,0
1366,CP-AP-r000:S-P01-S10:GS01:p0011,west,7,0,6
1367,CP-AP-r000:S-P01-S10:GS01:p0012,west,10,0,3
1368,CP-AP-r000:S-P01-S10:GS01:p0013,west,3,0,6
1369,CP-AP-r000:S-P01-S10:GS02:p0001,west,7,0,5
1370,CP-AP-r000:S-P01-S10:GS02:p0002,west,7,0,0
1371,CP-AP-r000:S-P01-S10:GS02:p0003,west,7,0,6
1372,CP-AP-r000:S-P01-S10:GS02:p0004,west,8,0,2
1373,CP-AP-r000:S-P01-S10:GS02:p0005,west,5,0,6
1374,CP-AP-r000:S-P01-S10:GS02:p0006,west,6,0,0
1375,CP-AP-r000:S-P01-S10:GS02:p0007,west,7,0,6
1376,CP-AP-r000:S-P01-S10:GS02:p0008,west,8,0,3
1377,CP-AP-r000:S-P01-S10:GS02:p0009,west,6,0,6
1378,CP-AP-r000:S-P01-S10:GS02:p0010,west,8,0,0
1379,CP-AP-r000:S-P01-S10:GS02:p0011,west,7,0,6
1380,CP-AP-r000:S-P01-S10:GS02:p0012,west,8,0,3
1381,CP-AP-r000:S-P01-S10:GS02:p0013,west,3,0,6
1382,CP-AP-r000:S-P01-S10:GS03:p0002,west,7,0,5
1383,CP-AP-r000:S-P01-S10:GS03:p0003,west,10,0,6
1384,CP-AP-r000:S-P01-S10:GS03:p0004,west,7,0,2
1385,CP-AP-r000:S-P01-S10:GS03:p0005,west,5,0,6
1386,CP-AP-r000:S-P01-S10:GS03:p0006,west,7,0,6
1387,CP-AP-r000:S-P01-S10:GS03:p0007,west,7,0,6
1388,CP-AP-r000:S-P01-S10:GS03:p0008,west,8,0,3
1389,CP-AP-r000:S-P01-S10:GS03:p0009,west,7,0,6
1390,CP-AP-r000:S-P01-S10:GS03:p0010,west,7,0,6
1391,CP-AP-r000:S-P01-S10:GS03:p0011,west,8,0,3
1392,CP-AP-r000:S-P01-S10:GS03:p0012,west,3,0,6
1393,CP-AP-r000:S-P01-S10:GS04:p0002,east,0,7,6
1394,CP-AP-r000:S-P01-S10:GS04:p0003,east,0,8,6
1395,CP-AP-r000:S-P01-S10:GS04:p0004,east,0,7,3
1396,CP-AP-r000:S-P01-S10:GS04:p0005,east,0,7,6
1397,CP-AP-r000:S-P01-S10:GS04:p0006,east,0,8,6
1398,CP-AP-r000:S-P01-S10:GS04:p0007,east,0,7,6
1399,CP-AP-r000:S-P01-S10:GS04:p0008,east,0,7,2
1400,CP-AP-r000:S-P01-S10:GS04:p0009,east,0,6,6
1401,CP-AP-r000:S-P01-S10:GS04:p0010,east,0,9,6
1402,CP-AP-r000:S-P01-S10:GS04:p0011,east,0,6,6
1403,CP-AP-r000:S-P01-S10:GS04:p0012,east,0,6,1
1404,CP-AP-r000:S-P01-S10:GS04:p0013,east,0,3,6
1405,CP-AP-r000:S-P01-S10:GS05:p0002,east,0,7,6
1406,CP-AP-r000:S-P01-S10:GS05:p0003,east,0,7,0
1407,CP-AP-r000:S-P01-S10:GS05:p0004,east,0,8,6
1408,CP-AP-r000:S-P01-S10:GS05:p0005,east,0,7,3
1409,CP-AP-r000:S-P01-S10:GS05:p0006,east,0,7,6
1410,CP-AP-r000:S-P01-S10:GS05:p0007,east,0,6,0
1411,CP-AP-r000:S-P01-S10:GS05:p0008,east,0,9,6
1412,CP-AP-r000:S-P01-S10:GS05:p0009,east,0,7,2
1413,CP-AP-r000:S-P01-S10:GS05:p0010,east,0,7,6
1414,CP-AP-r000:S-P01-S10:GS05:p0011,east,0,8,0
1415,CP-AP-r000:S-P01-S10:GS05:p0012,east,0,8,6
1416,CP-AP-r000:S-P01-S10:GS05:p0013,east,0,7,1
1417,CP-AP-r000:S-P01-S10:GS05:p0014,east,0,4,6
1418,CP-AP-r000:S-P01-S10:GS06:p0002,east,0,7,6
1419,CP-AP-r000:S-P01-S10:GS06:p0003,east,0,7,0
1420,CP-AP-r000:S-P01-S10:GS06:p0004,east,0,8,6
1421,CP-AP-r000:S-P01-S10:GS06:p0005,east,0,6,3
1422,CP-AP-r000:S-P01-S10:GS06:p0006,east,0,7,6
1423,CP-AP-r000:S-P01-S10:GS06:p0007,east,0,7,0
1424,CP-AP-r000:S-P01-S10:GS06:p0008,east,0,8,6
1425,CP-AP-r000:S-P01-S10:GS06:p0009,east,0,7,2
1426,CP-AP-r000:S-P01-S10:GS06:p0010,east,0,8,6
1427,CP-AP-r000:S-P01-S10:GS06:p0011,east,0,7,0
1428,CP-AP-r000:S-P01-S10:GS06:p0012,east,0,8,6
1429,CP-AP-r000:S-P01-S10:GS06:p0013,east,0,7,1
1430,CP-AP-r000:S-P01-S10:GS06:p0014,east,0,4,6
1431,CP-AP-r000:S-P01-S10:GS07:p0002,west,8,0,5
1432,CP-AP-r000:S-P01-S10:GS07:p0003,west,8,0,0
1433,CP-AP-r000:S-P01-S10:GS07:p0004,west,8,0,6
1434,CP-AP-r000:S-P01-S10:GS07:p0005,west,8,0,2
1435,CP-AP-r000:S-P01-S10:GS07:p0006,west,8,0,6
1436,CP-AP-r000:S-P01-S10:GS07:p0007,west,9,0,0
1437,CP-AP-r000:S-P01-S10:GS07:p0008,west,7,0,6
1438,CP-AP-r000:S-P01-S10:GS07:p0009,west,8,0,3
1439,CP-AP-r000:S-P01-S10:GS07:p0010,west,8,0,0
1440,CP-AP-r000:S-P01-S10:GS07:p0011,west,8,0,6
1441,CP-AP-r000:S-P01-S10:GS07:p0012,west,10,0,0
1442,CP-AP-r000:S-P01-S10:GS07:p0013,west,8,0,6
1443,CP-AP-r000:S-P01-S10:GS07:p0014,west,8,0,3
1444,CP-AP-r000:S-P01-S10:GS07:p0015,west,7,0,0
1445,CP-AP-r000:S-P01-S10:GS07:p0016,west,4,0,6
1446,CP-AP-r000:S-P01-S10:GS08:p0002,west,7,0,5
1447,CP-AP-r000:S-P01-S10:GS08:p0003,west,8,0,6
1448,CP-AP-r000:S-P01-S10:GS08:p0004,west,8,0,2
1449,CP-AP-r000:S-P01-S10:GS08:p0005,west,6,0,6
1450,CP-AP-r000:S-P01-S10:GS08:p0006,west,7,0,6
1451,CP-AP-r000:S-P01-S10:GS08:p0007,west,9,0,0
1452,CP-AP-r000:S-P01-S10:GS08:p0008,west,10,0,6
1453,CP-AP-r000:S-P01-S10:GS08:p0009,west,8,0,3
1454,CP-AP-r000:S-P01-S10:GS08:p0010,west,5,0,6
1455,CP-AP-r000:S-P01-S10:GS08:p0011,west,8,0,6
1456,CP-AP-r000:S-P01-S10:GS08:p0012,west,8,0,0
1457,CP-AP-r000:S-P01-S10:GS08:p0013,west,8,0,6
1458,CP-AP-r000:S-P01-S10:GS08:p0014,west,8,0,3
1459,CP-AP-r000:S-P01-S10:GS08:p0015,west,4,0,6
1460,CP-AP-r000:S-P01-S10:GS09:p0002,west,8,0,5
1461,CP-AP-r000:S-P01-S10:GS09:p0003,west,9,0,6
1462,CP-AP-r000:S-P01-S10:GS09:p0004,west,8,0,2
1463,CP-AP-r000:S-P01-S10:GS09:p0005,west,8,0,6
1464,CP-AP-r000:S-P01-S10:GS09:p0006,west,8,0,6
1465,CP-AP-r000:S-P01-S10:GS09:p0007,west,9,0,6
1466,CP-AP-r000:S-P01-S10:GS09:p0008,west,8,0,3
1467,CP-AP-r000:S-P01-S10:GS09:p0009,west,9,0,6
1468,CP-AP-r000:S-P01-S10:GS09:p0010,west,7,0,6
1469,CP-AP-r000:S-P01-S10:GS09:p0011,west,9,0,6
1470,CP-AP-r000:S-P01-S10:GS09:p0012,west,8,0,3
1471,CP-AP-r000:S-P01-S10:GS09:p0013,west,8,0,6
1472,CP-AP-r000:S-P01-S10:GS09:p0014,west,4,0,6
1473,CP-AP-r000:S-P01-S10:GS10:p0002,east,0,11,6
1474,CP-AP-r000:S-P01-S10:GS10:p0003,east,0,10,6
1475,CP-AP-r000:S-P01-S10:GS10:p0004,east,0,9,6
1476,CP-AP-r000:S-P01-S10:GS10:p0005,east,0,8,3
1477,CP-AP-r000:S-P01-S10:GS10:p0006,east,0,8,6
1478,CP-AP-r000:S-P01-S10:GS10:p0007,east,0,10,6
1479,CP-AP-r000:S-P01-S10:GS10:p0008,east,0,9,6
1480,CP-AP-r000:S-P01-S10:GS10:p0009,east,0,8,2
1481,CP-AP-r000:S-P01-S10:GS10:p0010,east,0,8,6
1482,CP-AP-r000:S-P01-S10:GS10:p0011,east,0,10,6
1483,CP-AP-r000:S-P01-S10:GS10:p0012,east,0,8,6
1484,CP-AP-r000:S-P01-S10:GS10:p0013,east,0,8,1
1485,CP-AP-r000:S-P01-S10:GS10:p0014,east,0,4,6
1486,CP-AP-r000:S-P01-S10:GS11:p0002,east,0,9,6
1487,CP-AP-r000:S-P01-S10:GS11:p0003,east,0,7,0
1488,CP-AP-r000:S-P01-S10:GS11:p0004,east,0,8,6
1489,CP-AP-r000:S-P01-S10:GS11:p0005,east,0,9,6
1490,CP-AP-r000:S-P01-S10:GS11:p0006,east,0,8,3
1491,CP-AP-r000:S-P01-S10:GS11:p0007,east,0,10,6
1492,CP-AP-r000:S-P01-S10:GS11:p0008,east,0,7,0
1493,CP-AP-r000:S-P01-S10:GS11:p0009,east,0,8,6
1494,CP-AP-r000:S-P01-S10:GS11:p0010,east,0,9,6
1495,CP-AP-r000:S-P01-S10:GS11:p0011,east,0,8,2
1496,CP-AP-r000:S-P01-S10:GS11:p0012,east,0,10,6
1497,CP-AP-r000:S-P01-S10:GS11:p0013,east,0,8,6
1498,CP-AP-r000:S-P01-S10:GS11:p0014,east,0,9,6
1499,CP-AP-r000:S-P01-S10:GS11:p0015,east,0,8,1
1500,CP-AP-r000:S-P01-S10:GS11:p0016,east,0,6,6
1501,CP-AP-r000:S-P01-S10:GS12:p0002,east,0,9,0
1502,CP-AP-r000:S-P01-S10:GS12:p0003,east,0,8,6
1503,CP-AP-r000:S-P01-S10:GS12:p0004,east,0,5,0
1504,CP-AP-r000:S-P01-S10:GS12:p0005,east,0,7,3
1505,CP-AP-r000:S-P01-S10:GS12:p0006,east,0,7,6
1506,CP-AP-r000:S-P01-S10:GS12:p0007,east,0,8,0
1507,CP-AP-r000:S-P01-S10:GS12:p0008,east,0,8,6
1508,CP-AP-r000:S-P01-S10:GS12:p0009,east,0,8,2
1509,CP-AP-r000:S-P01-S10:GS12:p0010,east,0,7,6
1510,CP-AP-r000:S-P01-S10:GS12:p0011,east,0,8,0
1511,CP-AP-r000:S-P01-S10:GS12:p0012,east,0,8,6
1512,CP-AP-r000:S-P01-S10:GS12:p0013,east,0,8,1
1513,CP-AP-r000:S-P01-S10:GS12:p0014,east,0,4,6
1514,CP-AP-r000:S-P01-S11:GS01:p0001,west,6,0,6
1515,CP-AP-r000:S-P01-S11:GS01:p0002,west,6,0,0
1516,CP-AP-r000:S-P01-S11:GS01:p0003,west,6,0,6
1517,CP-AP-r000:S-P01-S11:GS01:p0004,west,10,0,3
1518,CP-AP-r000:S-P01-S11:GS01:p0005,west,6,0,6
1519,CP-AP-r000:S-P01-S11:GS01:p0006,west,6,0,0
1520,CP-AP-r000:S-P01-S11:GS01:p0007,west,7,0,6
1521,CP-AP-r000:S-P01-S11:GS01:p0008,west,8,0,4
1522,CP-AP-r000:S-P01-S11:GS01:p0009,west,6,0,6
1523,CP-AP-r000:S-P01-S11:GS01:p0010,west,6,0,0
1524,CP-AP-r000:S-P01-S11:GS01:p0011,west,8,0,5
1525,CP-AP-r000:S-P01-S11:GS01:p0012,west,6,0,6
1526,CP-AP-r000:S-P01-S11:GS02:p0001,west,6,0,6
1527,CP-AP-r000:S-P01-S11:GS02:p0002,west,7,0,0
1528,CP-AP-r000:S-P01-S11:GS02:p0003,west,6,0,6
1529,CP-AP-r000:S-P01-S11:GS02:p0004,west,8,0,3
1530,CP-AP-r000:S-P01-S11:GS02:p0005,west,6,0,6
1531,CP-AP-r000:S-P01-S11:GS02:p0006,west,7,0,0
1532,CP-AP-r000:S-P01-S11:GS02:p0007,west,6,0,6
1533,CP-AP-r000:S-P01-S11:GS02:p0008,west,8,0,4
1534,CP-AP-r000:S-P01-S11:GS02:p0009,west,6,0,6
1535,CP-AP-r000:S-P01-S11:GS02:p0010,west,6,0,0
1536,CP-AP-r000:S-P01-S11:GS02:p0011,west,6,0,6
1537,CP-AP-r000:S-P01-S11:GS02:p0012,west,8,0,5
1538,CP-AP-r000:S-P01-S11:GS02:p0013,west,6,0,6
1539,CP-AP-r000:S-P01-S11:GS03:p0001,west,6,0,6
1540,CP-AP-r000:S-P01-S11:GS03:p0002,west,6,0,6
1541,CP-AP-r000:S-P01-S11:GS03:p0003,west,8,0,3
1542,CP-AP-r000:S-P01-S11:GS03:p0004,west,6,0,6
1543,CP-AP-r000:S-P01-S11:GS03:p0005,west,7,0,0
1544,CP-AP-r000:S-P01-S11:GS03:p0006,west,6,0,6
1545,CP-AP-r000:S-P01-S11:GS03:p0007,west,8,0,4
1546,CP-AP-r000:S-P01-S11:GS03:p0008,west,4,0,6
1547,CP-AP-r000:S-P01-S11:GS03:p0009,west,6,0,0
1548,CP-AP-r000:S-P01-S11:GS03:p0010,west,6,0,6
1549,CP-AP-r000:S-P01-S11:GS03:p0011,west,8,0,5
1550,CP-AP-r000:S-P01-S11:GS03:p0012,west,6,0,6
1551,CP-AP-r000:S-P01-S11:GS04:p0002,east,0,6,6
1552,CP-AP-r000:S-P01-S11:GS04:p0003,east,0,8,6
1553,CP-AP-r000:S-P01-S11:GS04:p0004,east,0,7,6
1554,CP-AP-r000:S-P01-S11:GS04:p0005,east,0,7,1
1555,CP-AP-r000:S-P01-S11:GS04:p0006,east,0,5,6
1556,CP-AP-r000:S-P01-S11:GS04:p0007,east,0,8,5
1557,CP-AP-r000:S-P01-S11:GS04:p0008,east,0,9,6
1558,CP-AP-r000:S-P01-S11:GS04:p0009,east,0,7,1
1559,CP-AP-r000:S-P01-S11:GS04:p0010,east,0,6,6
1560,CP-AP-r000:S-P01-S11:GS04:p0011,east,0,6,4
1561,CP-AP-r000:S-P01-S11:GS04:p0012,east,0,8,6
1562,CP-AP-r000:S-P01-S11:GS04:p0013,east,0,6,6
1563,CP-AP-r000:S-P01-S11:GS05:p0002,east,0,6,6
1564,CP-AP-r000:S-P01-S11:GS05:p0003,east,0,7,0
1565,CP-AP-r000:S-P01-S11:GS05:p0004,east,0,8,6
1566,CP-AP-r000:S-P01-S11:GS05:p0005,east,0,6,1
1567,CP-AP-r000:S-P01-S11:GS05:p0006,east,0,6,6
1568,CP-AP-r000:S-P01-S11:GS05:p0007,east,0,8,5
1569,CP-AP-r000:S-P01-S11:GS05:p0008,east,0,6,1
1570,CP-AP-r000:S-P01-S11:GS05:p0009,east,0,6,6
1571,CP-AP-r000:S-P01-S11:GS05:p0010,east,0,8,4
1572,CP-AP-r000:S-P01-S11:GS05:p0011,east,0,7,6
1573,CP-AP-r000:S-P01-S11:GS05:p0012,east,0,6,1
1574,CP-AP-r000:S-P01-S11:GS05:p0013,east,0,4,6
1575,CP-AP-r000:S-P01-S11:GS06:p0002,east,0,7,6
1576,CP-AP-r000:S-P01-S11:GS06:p0003,east,0,6,0
1577,CP-AP-r000:S-P01-S11:GS06:p0004,east,0,8,6
1578,CP-AP-r000:S-P01-S11:GS06:p0005,east,0,6,1
1579,CP-AP-r000:S-P01-S11:GS06:p0006,east,0,6,6
1580,CP-AP-r000:S-P01-S11:GS06:p0007,east,0,6,0
1581,CP-AP-r000:S-P01-S11:GS06:p0008,east,0,8,5
1582,CP-AP-r000:S-P01-S11:GS06:p0009,east,0,6,1
1583,CP-AP-r000:S-P01-S11:GS06:p0010,east,0,6,6
1584,CP-AP-r000:S-P01-S11:GS06:p0011,east,0,6,0
1585,CP-AP-r000:S-P01-S11:GS06:p0012,east,0,10,4
1586,CP-AP-r000:S-P01-S11:GS06:p0013,east,0,6,1
1587,CP-AP-r000:S-P01-S11:GS06:p0014,east,0,6,6
1588,CP-AP-r000:S-P01-S11:GS07:p0001,west,8,0,6
1589,CP-AP-r000:S-P01-S11:GS07:p0002,west,10,0,0
1590,CP-AP-r000:S-P01-S11:GS07:p0003,west,6,0,6
1591,CP-AP-r000:S-P01-S11:GS07:p0004,west,8,0,3
1592,CP-AP-r000:S-P01-S11:GS07:p0005,west,9,0,0
1593,CP-AP-r000:S-P01-S11:GS07:p0006,west,8,0,6
1594,CP-AP-r000:S-P01-S11:GS07:p0007,west,10,0,0
1595,CP-AP-r000:S-P01-S11:GS07:p0008,west,8,0,4
1596,CP-AP-r000:S-P01-S11:GS07:p0009,west,10,0,0
1597,CP-AP-r000:S-P01-S11:GS07:p0010,west,7,0,6
1598,CP-AP-r000:S-P01-S11:GS07:p0011,west,9,0,0
1599,CP-AP-r000:S-P01-S11:GS07:p0012,west,10,0,5
1600,CP-AP-r000:S-P01-S11:GS07:p0013,west,10,0,0
1601,CP-AP-r000:S-P01-S11:GS07:p0014,west,7,0,6
1602,CP-AP-r000:S-P01-S11:GS08:p0002,west,8,0,6
1603,CP-AP-r000:S-P01-S11:GS08:p0003,west,9,0,0
1604,CP-AP-r000:S-P01-S11:GS08:p0004,west,9,0,6
1605,CP-AP-r000:S-P01-S11:GS08:p0005,west,8,0,3
1606,CP-AP-r000:S-P01-S11:GS08:p0006,west,8,0,6
1607,CP-AP-r000:S-P01-S11:GS08:p0007,west,9,0,0
1608,CP-AP-r000:S-P01-S11:GS08:p0008,west,8,0,6
1609,CP-AP-r000:S-P01-S11:GS08:p0009,west,8,0,4
1610,CP-AP-r000:S-P01-S11:GS08:p0010,west,8,0,6
1611,CP-AP-r000:S-P01-S11:GS08:p0011,west,10,0,0
1612,CP-AP-r000:S-P01-S11:GS08:p0012,west,6,0,6
1613,CP-AP-r000:S-P01-S11:GS08:p0013,west,8,0,5
1614,CP-AP-r000:S-P01-S11:GS08:p0014,west,10,0,0
1615,CP-AP-r000:S-P01-S11:GS08:p0015,west,8,0,6
1616,CP-AP-r000:S-P01-S11:GS09:p0002,west,8,0,6
1617,CP-AP-r000:S-P01-S11:GS09:p0003,west,8,0,6
1618,CP-AP-r000:S-P01-S11:GS09:p0004,west,8,0,3
1619,CP-AP-r000:S-P01-S11:GS09:p0005,west,9,0,6
1620,CP-AP-r000:S-P01-S11:GS09:p0006,west,8,0,6
1621,CP-AP-r000:S-P01-S11:GS09:p0007,west,8,0,6
1622,CP-AP-r000:S-P01-S11:GS09:p0008,west,8,0,4
1623,CP-AP-r000:S-P01-S11:GS09:p0009,west,6,0,6
1624,CP-AP-r000:S-P01-S11:GS09:p0010,west,8,0,6
1625,CP-AP-r000:S-P01-S11:GS09:p0011,west,9,0,0
1626,CP-AP-r000:S-P01-S11:GS09:p0012,west,9,0,6
1627,CP-AP-r000:S-P01-S11:GS09:p0013,west,8,0,5
1628,CP-AP-r000:S-P01-S11:GS09:p0014,west,6,0,5
1629,CP-AP-r000:S-P01-S11:GS09:p0015,west,8,0,6
1630,CP-AP-r000:S-P01-S11:GS10:p0002,east,0,7,6
1631,CP-AP-r000:S-P01-S11:GS10:p0003,east,0,10,6
1632,CP-AP-r000:S-P01-S11:GS10:p0004,east,0,9,6
1633,CP-AP-r000:S-P01-S11:GS10:p0005,east,0,7,1
1634,CP-AP-r000:S-P01-S11:GS10:p0006,east,0,7,6
1635,CP-AP-r000:S-P01-S11:GS10:p0007,east,0,8,5
1636,CP-AP-r000:S-P01-S11:GS10:p0008,east,0,8,6
1637,CP-AP-r000:S-P01-S11:GS10:p0009,east,0,9,1
1638,CP-AP-r000:S-P01-S11:GS10:p0010,east,0,8,6
1639,CP-AP-r000:S-P01-S11:GS10:p0011,east,0,8,4
1640,CP-AP-r000:S-P01-S11:GS10:p0012,east,0,8,6
1641,CP-AP-r000:S-P01-S11:GS10:p0013,east,0,9,1
1642,CP-AP-r000:S-P01-S11:GS10:p0014,east,0,7,6
1643,CP-AP-r000:S-P01-S11:GS11:p0002,east,0,11,6
1644,CP-AP-r000:S-P01-S11:GS11:p0003,east,0,8,6
1645,CP-AP-r000:S-P01-S11:GS11:p0004,east,0,10,6
1646,CP-AP-r000:S-P01-S11:GS11:p0005,east,0,7,1
1647,CP-AP-r000:S-P01-S11:GS11:p0006,east,0,11,6
1648,CP-AP-r000:S-P01-S11:GS11:p0007,east,0,10,5
1649,CP-AP-r000:S-P01-S11:GS11:p0008,east,0,10,6
1650,CP-AP-r000:S-P01-S11:GS11:p0009,east,0,7,1
1651,CP-AP-r000:S-P01-S11:GS11:p0010,east,0,7,6
1652,CP-AP-r000:S-P01-S11:GS11:p0011,east,0,10,4
1653,CP-AP-r000:S-P01-S11:GS11:p0012,east,0,10,6
1654,CP-AP-r000:S-P01-S11:GS11:p0013,east,0,7,1
1655,CP-AP-r000:S-P01-S11:GS11:p0014,east,0,7,6
1656,CP-AP-r000:S-P01-S11:GS12:p0002,east,0,9,6
1657,CP-AP-r000:S-P01-S11:GS12:p0003,east,0,9,0
1658,CP-AP-r000:S-P01-S11:GS12:p0004,east,0,8,6
1659,CP-AP-r000:S-P01-S11:GS12:p0005,east,0,8,1
1660,CP-AP-r000:S-P01-S11:GS12:p0006,east,0,10,6
1661,CP-AP-r000:S-P01-S11:GS12:p0007,east,0,6,0
1662,CP-AP-r000:S-P01-S11:GS12:p0008,east,0,8,5
1663,CP-AP-r000:S-P01-S11:GS12:p0009,east,0,10,6
1664,CP-AP-r000:S-P01-S11:GS12:p0010,east,0,8,1
1665,CP-AP-r000:S-P01-S11:GS12:p0011,east,0,10,6
1666,CP-AP-r000:S-P01-S11:GS12:p0012,east,0,7,0
1667,CP-AP-r000:S-P01-S11:GS12:p0013,east,0,8,4
1668,CP-AP-r000:S-P01-S11:GS12:p0014,east,0,9,6
1669,CP-AP-r000:S-P01-S11:GS12:p0015,east,0,8,1
1670,CP-AP-r000:S-P01-S11:GS12:p0016,east,0,10,6
1671,CP-AP-r000:S-P01-S12:GS01:p0001,west,7,0,6
1672,CP-AP-r000:S-P01-S12:GS01:p0002,west,7,0,0
1673,CP-AP-r000:S-P01-S12:GS01:p0003,west,7,0,6
1674,CP-AP-r000:S-P01-S12:GS01:p0004,west,10,0,3
1675,CP-AP-r000:S-P01-S12:GS01:p0005,west,7,0,6
1676,CP-AP-r000:S-P01-S12:GS01:p0006,west,7,0,0
1677,CP-AP-r000:S-P01-S12:GS01:p0007,west,8,0,6
1678,CP-AP-r000:S-P01-S12:GS01:p0008,west,8,0,4
1679,CP-AP-r000:S-P01-S12:GS01:p0009,west,7,0,6
1680,CP-AP-r000:S-P01-S12:GS01:p0010,west,7,0,0
1681,CP-AP-r000:S-P01-S12:GS01:p0011,west,8,0,5
1682,CP-AP-r000:S-P01-S12:GS01:p0012,west,7,0,6
1683,CP-AP-r000:S-P01-S12:GS02:p0001,west,6,0,6
1684,CP-AP-r000:S-P01-S12:GS02:p0002,west,7,0,0
1685,CP-AP-r000:S-P01-S12:GS02:p0003,west,7,0,6
1686,CP-AP-r000:S-P01-S12:GS02:p0004,west,8,0,3
1687,CP-AP-r000:S-P01-S12:GS02:p0005,west,7,0,6
1688,CP-AP-r000:S-P01-S12:GS02:p0006,west,8,0,0
1689,CP-AP-r000:S-P01-S12:GS02:p0007,west,7,0,6
1690,CP-AP-r000:S-P01-S12:GS02:p0008,west,8,0,4
1691,CP-AP-r000:S-P01-S12:GS02:p0009,west,7,0,6
1692,CP-AP-r000:S-P01-S12:GS02:p0010,west,7,0,0
1693,CP-AP-r000:S-P01-S12:GS02:p0011,west,7,0,6
1694,CP-AP-r000:S-P01-S12:GS02:p0012,west,8,0,5
1695,CP-AP-r000:S-P01-S12:GS02:p0013,west,7,0,6
1696,CP-AP-r000:S-P01-S12:GS03:p0001,west,7,0,6
1697,CP-AP-r000:S-P01-S12:GS03:p0002,west,7,0,6
1698,CP-AP-r000:S-P01-S12:GS03:p0003,west,8,0,3
1699,CP-AP-r000:S-P01-S12:GS03:p0004,west,7,0,6
1700,CP-AP-r000:S-P01-S12:GS03:p0005,west,7,0,0
1701,CP-AP-r000:S-P01-S12:GS03:p0006,west,7,0,6
1702,CP-AP-r000:S-P01-S12:GS03:p0007,west,8,0,4
1703,CP-AP-r000:S-P01-S12:GS03:p0008,west,5,0,6
1704,CP-AP-r000:S-P01-S12:GS03:p0009,west,6,0,0
1705,CP-AP-r000:S-P01-S12:GS03:p0010,west,7,0,6
1706,CP-AP-r000:S-P01-S12:GS03:p0011,west,8,0,5
1707,CP-AP-r000:S-P01-S12:GS03:p0012,west,6,0,6
1708,CP-AP-r000:S-P01-S12:GS04:p0002,east,0,7,6
1709,CP-AP-r000:S-P01-S12:GS04:p0003,east,0,8,6
1710,CP-AP-r000:S-P01-S12:GS04:p0004,east,0,6,6
1711,CP-AP-r000:S-P01-S12:GS04:p0005,east,0,7,1
1712,CP-AP-r000:S-P01-S12:GS04:p0006,east,0,7,6
1713,CP-AP-r000:S-P01-S12:GS04:p0007,east,0,9,5
1714,CP-AP-r000:S-P01-S12:GS04:p0008,east,0,8,6
1715,CP-AP-r000:S-P01-S12:GS04:p0009,east,0,5,1
1716,CP-AP-r000:S-P01-S12:GS04:p0010,east,0,7,6
1717,CP-AP-r000:S-P01-S12:GS04:p0011,east,0,7,4
1718,CP-AP-r000:S-P01-S12:GS04:p0012,east,0,8,6
1719,CP-AP-r000:S-P01-S12:GS04:p0013,east,0,7,6
1720,CP-AP-r000:S-P01-S12:GS05:p0002,east,0,7,6
1721,CP-AP-r000:S-P01-S12:GS05:p0003,east,0,8,0
1722,CP-AP-r000:S-P01-S12:GS05:p0004,east,0,8,6
1723,CP-AP-r000:S-P01-S12:GS05:p0005,east,0,7,1
1724,CP-AP-r000:S-P01-S12:GS05:p0006,east,0,7,6
1725,CP-AP-r000:S-P01-S12:GS05:p0007,east,0,8,5
1726,CP-AP-r000:S-P01-S12:GS05:p0008,east,0,7,1
1727,CP-AP-r000:S-P01-S12:GS05:p0009,east,0,7,6
1728,CP-AP-r000:S-P01-S12:GS05:p0010,east,0,8,4
1729,CP-AP-r000:S-P01-S12:GS05:p0011,east,0,7,6
1730,CP-AP-r000:S-P01-S12:GS05:p0012,east,0,7,1
1731,CP-AP-r000:S-P01-S12:GS05:p0013,east,0,6,6
1732,CP-AP-r000:S-P01-S12:GS06:p0002,east,0,8,6
1733,CP-AP-r000:S-P01-S12:GS06:p0003,east,0,7,0
1734,CP-AP-r000:S-P01-S12:GS06:p0004,east,0,8,6
1735,CP-AP-r000:S-P01-S12:GS06:p0005,east,0,7,1
1736,CP-AP-r000:S-P01-S12:GS06:p0006,east,0,7,6
1737,CP-AP-r000:S-P01-S12:GS06:p0007,east,0,7,0
1738,CP-AP-r000:S-P01-S12:GS06:p0008,east,0,8,5
1739,CP-AP-r000:S-P01-S12:GS06:p0009,east,0,7,1
1740,CP-AP-r000:S-P01-S12:GS06:p0010,east,0,7,6
1741,CP-AP-r000:S-P01-S12:GS06:p0011,east,0,7,0
1742,CP-AP-r000:S-P01-S12:GS06:p0012,east,0,10,4
1743,CP-AP-r000:S-P01-S12:GS06:p0013,east,0,7,1
1744,CP-AP-r000:S-P01-S12:GS06:p0014,east,0,7,6
1745,CP-AP-r000:S-P01-S12:GS07:p0001,west,8,0,6
1746,CP-AP-r000:S-P01-S12:GS07:p0002,west,10,0,0
1747,CP-AP-r000:S-P01-S12:GS07:p0003,west,8,0,6
1748,CP-AP-r000:S-P01-S12:GS07:p0004,west,8,0,3
1749,CP-AP-r000:S-P01-S12:GS07:p0005,west,8,0,0
1750,CP-AP-r000:S-P01-S12:GS07:p0006,west,8,0,6
1751,CP-AP-r000:S-P01-S12:GS07:p0007,west,10,0,0
1752,CP-AP-r000:S-P01-S12:GS07:p0008,west,9,0,4
1753,CP-AP-r000:S-P01-S12:GS07:p0009,west,9,0,0
1754,CP-AP-r000:S-P01-S12:GS07:p0010,west,8,0,6
1755,CP-AP-r000:S-P01-S12:GS07:p0011,west,10,0,0
1756,CP-AP-r000:S-P01-S12:GS07:p0012,west,10,0,5
1757,CP-AP-r000:S-P01-S12:GS07:p0013,west,9,0,0
1758,CP-AP-r000:S-P01-S12:GS07:p0014,west,8,0,6
1759,CP-AP-r000:S-P01-S12:GS08:p0002,west,8,0,6
1760,CP-AP-r000:S-P01-S12:GS08:p0003,west,8,0,0
1761,CP-AP-r000:S-P01-S12:GS08:p0004,west,8,0,6
1762,CP-AP-r000:S-P01-S12:GS08:p0005,west,8,0,3
1763,CP-AP-r000:S-P01-S12:GS08:p0006,west,8,0,6
1764,CP-AP-r000:S-P01-S12:GS08:p0007,west,8,0,0
1765,CP-AP-r000:S-P01-S12:GS08:p0008,west,7,0,6
1766,CP-AP-r000:S-P01-S12:GS08:p0009,west,8,0,4
1767,CP-AP-r000:S-P01-S12:GS08:p0010,west,8,0,6
1768,CP-AP-r000:S-P01-S12:GS08:p0011,west,10,0,0
1769,CP-AP-r000:S-P01-S12:GS08:p0012,west,7,0,6
1770,CP-AP-r000:S-P01-S12:GS08:p0013,west,8,0,5
1771,CP-AP-r000:S-P01-S12:GS08:p0014,west,8,0,0
1772,CP-AP-r000:S-P01-S12:GS08:p0015,west,8,0,6
1773,CP-AP-r000:S-P01-S12:GS09:p0002,west,8,0,6
1774,CP-AP-r000:S-P01-S12:GS09:p0003,west,9,0,6
1775,CP-AP-r000:S-P01-S12:GS09:p0004,west,8,0,3
1776,CP-AP-r000:S-P01-S12:GS09:p0005,west,9,0,6
1777,CP-AP-r000:S-P01-S12:GS09:p0006,west,7,0,6
1778,CP-AP-r000:S-P01-S12:GS09:p0007,west,8,0,6
1779,CP-AP-r000:S-P01-S12:GS09:p0008,west,8,0,4
1780,CP-AP-r000:S-P01-S12:GS09:p0009,west,6,0,6
1781,CP-AP-r000:S-P01-S12:GS09:p0010,west,7,0,6
1782,CP-AP-r000:S-P01-S12:GS09:p0011,west,8,0,0
1783,CP-AP-r000:S-P01-S12:GS09:p0012,west,9,0,6
1784,CP-AP-r000:S-P01-S12:GS09:p0013,west,8,0,5
1785,CP-AP-r000:S-P01-S12:GS09:p0014,west,6,0,5
1786,CP-AP-r000:S-P01-S12:GS09:p0015,west,8,0,6
1787,CP-AP-r000:S-P01-S12:GS10:p0002,east,0,8,6
1788,CP-AP-r000:S-P01-S12:GS10:p0003,east,0,10,6
1789,CP-AP-r000:S-P01-S12:GS10:p0004,east,0,8,6
1790,CP-AP-r000:S-P01-S12:GS10:p0005,east,0,8,1
1791,CP-AP-r000:S-P01-S12:GS10:p0006,east,0,8,6
1792,CP-AP-r000:S-P01-S12:GS10:p0007,east,0,8,5
1793,CP-AP-r000:S-P01-S12:GS10:p0008,east,0,8,6
1794,CP-AP-r000:S-P01-S12:GS10:p0009,east,0,10,1
1795,CP-AP-r000:S-P01-S12:GS10:p0010,east,0,8,6
1796,CP-AP-r000:S-P01-S12:GS10:p0011,east,0,9,4
1797,CP-AP-r000:S-P01-S12:GS10:p0012,east,0,8,6
1798,CP-AP-r000:S-P01-S12:GS10:p0013,east,0,9,1
1799,CP-AP-r000:S-P01-S12:GS10:p0014,east,0,7,6
1800,CP-AP-r000:S-P01-S12:GS11:p0002,east,0,10,6
1801,CP-AP-r000:S-P01-S12:GS11:p0003,east,0,8,6
1802,CP-AP-r000:S-P01-S12:GS11:p0004,east,0,9,6
1803,CP-AP-r000:S-P01-S12:GS11:p0005,east,0,8,1
1804,CP-AP-r000:S-P01-S12:GS11:p0006,east,0,11,6
1805,CP-AP-r000:S-P01-S12:GS11:p0007,east,0,10,5
1806,CP-AP-r000:S-P01-S12:GS11:p0008,east,0,9,6
1807,CP-AP-r000:S-P01-S12:GS11:p0009,east,0,8,1
1808,CP-AP-r000:S-P01-S12:GS11:p0010,east,0,8,6
1809,CP-AP-r000:S-P01-S12:GS11:p0011,east,0,10,4
1810,CP-AP-r000:S-P01-S12:GS11:p0012,east,0,9,6
1811,CP-AP-r000:S-P01-S12:GS11:p0013,east,0,8,1
1812,CP-AP-r000:S-P01-S12:GS11:p0014,east,0,8,6
1813,CP-AP-r000:S-P01-S12:GS12:p0002,east,0,8,6
1814,CP-AP-r000:S-P01-S12:GS12:p0003,east,0,8,0
1815,CP-AP-r000:S-P01-S12:GS12:p0004,east,0,8,6
1816,CP-AP-r000:S-P01-S12:GS12:p0005,east,0,8,1
1817,CP-AP-r000:S-P01-S12:GS12:p0006,east,0,9,6
1818,CP-AP-r000:S-P01-S12:GS12:p0007,east,0,7,0
1819,CP-AP-r000:S-P01-S12:GS12:p0008,east,0,8,5
1820,CP-AP-r000:S-P01-S12:GS12:p0009,east,0,8,6
1821,CP-AP-r000:S-P01-S12:GS12:p0010,east,0,8,1
1822,CP-AP-r000:S-P01-S12:GS12:p0011,east,0,10,6
1823,CP-AP-r000:S-P01-S12:GS12:p0012,east,0,8,0
1824,CP-AP-r000:S-P01-S12:GS12:p0013,east,0,8,4
1825,CP-AP-r000:S-P01-S12:GS12:p0014,east,0,8,6
1826,CP-AP-r000:S-P01-S12:GS12:p0015,east,0,8,1
1827,CP-AP-r000:S-P01-S12:GS12:p0016,east,0,10,6
1828,CP-AP-r000:S-P02-S01:GS01:p0001,west,6,0,6
1829,CP-AP-r000:S-P02-S01:GS01:p0002,west,6,0,0
1830,CP-AP-r000:S-P02-S01:GS01:p0003,west,8,0,5
1831,CP-AP-r000:S-P02-S01:GS01:p0004,west,6,0,6
1832,CP-AP-r000:S-P02-S01:GS01:p0005,west,6,0,0
1833,CP-AP-r000:S-P02-S01:GS01:p0006,west,8,0,5
1834,CP-AP-r000:S-P02-S01:GS01:p0007,west,7,0,0
1835,CP-AP-r000:S-P02-S01:GS01:p0008,west,4,0,6
1836,CP-AP-r000:S-P02-S01:GS01:p0009,west,5,0,1
1837,CP-AP-r000:S-P02-S01:GS01:p0010,west,9,0,5
1838,CP-AP-r000:S-P02-S01:GS01:p0011,west,8,0,0
1839,CP-AP-r000:S-P02-S01:GS02:p0001,west,6,0,6
1840,CP-AP-r000:S-P02-S01:GS02:p0002,west,6,0,0
1841,CP-AP-r000:S-P02-S01:GS02:p0003,west,5,0,6
1842,CP-AP-r000:S-P02-S01:GS02:p0004,west,8,0,5
1843,CP-AP-r000:S-P02-S01:GS02:p0005,west,6,0,6
1844,CP-AP-r000:S-P02-S01:GS02:p0006,west,6,0,0
1845,CP-AP-r000:S-P02-S01:GS02:p0007,west,4,0,6
1846,CP-AP-r000:S-P02-S01:GS02:p0008,west,9,0,5
1847,CP-AP-r000:S-P02-S01:GS02:p0009,west,6,0,6
1848,CP-AP-r000:S-P02-S01:GS02:p0010,west,6,0,1
1849,CP-AP-r000:S-P02-S01:GS02:p0011,west,6,0,6
1850,CP-AP-r000:S-P02-S01:GS02:p0012,west,8,0,5
1851,CP-AP-r000:S-P02-S01:GS03:p0001,west,4,0,6
1852,CP-AP-r000:S-P02-S01:GS03:p0002,west,6,0,0
1853,CP-AP-r000:S-P02-S01:GS03:p0003,west,6,0,6
1854,CP-AP-r000:S-P02-S01:GS03:p0004,west,8,0,5
1855,CP-AP-r000:S-P02-S01:GS03:p0005,west,6,0,6
1856,CP-AP-r000:S-P02-S01:GS03:p0006,west,8,0,0
1857,CP-AP-r000:S-P02-S01:GS03:p0007,west,6,0,6
1858,CP-AP-r000:S-P02-S01:GS03:p0008,west,8,0,5
1859,CP-AP-r000:S-P02-S01:GS03:p0009,west,6,0,6
1860,CP-AP-r000:S-P02-S01:GS03:p0010,west,7,0,1
1861,CP-AP-r000:S-P02-S01:GS03:p0011,west,6,0,6
1862,CP-AP-r000:S-P02-S01:GS03:p0012,west,8,0,5
1863,CP-AP-r000:S-P02-S01:GS04:p0001,east,0,6,1
1864,CP-AP-r000:S-P02-S01:GS04:p0002,east,0,6,6
1865,CP-AP-r000:S-P02-S01:GS04:p0003,east,0,6,4
1866,CP-AP-r000:S-P02-S01:GS04:p0004,east,0,8,6
1867,CP-AP-r000:S-P02-S01:GS04:p0005,east,0,6,6
1868,CP-AP-r000:S-P02-S01:GS04:p0006,east,0,6,3
1869,CP-AP-r000:S-P02-S01:GS04:p0007,east,0,8,6
1870,CP-AP-r000:S-P02-S01:GS04:p0008,east,0,4,6
1871,CP-AP-r000:S-P02-S01:GS04:p0009,east,0,7,6
1872,CP-AP-r000:S-P02-S01:GS04:p0010,east,0,6,3
1873,CP-AP-r000:S-P02-S01:GS04:p0011,east,0,8,6
1874,CP-AP-r000:S-P02-S01:GS05:p0001,east,0,6,1
1875,CP-AP-r000:S-P02-S01:GS05:p0002,east,0,6,6
1876,CP-AP-r000:S-P02-S01:GS05:p0003,east,0,8,4
1877,CP-AP-r000:S-P02-S01:GS05:p0004,east,0,7,6
1878,CP-AP-r000:S-P02-S01:GS05:p0005,east,0,6,1
1879,CP-AP-r000:S-P02-S01:GS05:p0006,east,0,4,6
1880,CP-AP-r000:S-P02-S01:GS05:p0007,east,0,9,3
1881,CP-AP-r000:S-P02-S01:GS05:p0008,east,0,7,6
1882,CP-AP-r000:S-P02-S01:GS05:p0009,east,0,5,0
1883,CP-AP-r000:S-P02-S01:GS05:p0010,east,0,6,6
1884,CP-AP-r000:S-P02-S01:GS05:p0011,east,0,6,3
1885,CP-AP-r000:S-P02-S01:GS05:p0012,east,0,8,6
1886,CP-AP-r000:S-P02-S01:GS06:p0001,east,0,6,1
1887,CP-AP-r000:S-P02-S01:GS06:p0002,east,0,6,6
1888,CP-AP-r000:S-P02-S01:GS06:p0003,east,0,4,0
1889,CP-AP-r000:S-P02-S01:GS06:p0004,east,0,10,4
1890,CP-AP-r000:S-P02-S01:GS06:p0005,east,0,6,1
1891,CP-AP-r000:S-P02-S01:GS06:p0006,east,0,6,6
1892,CP-AP-r000:S-P02-S01:GS06:p0007,east,0,6,0
1893,CP-AP-r000:S-P02-S01:GS06:p0008,east,0,8,3
1894,CP-AP-r000:S-P02-S01:GS06:p0009,east,0,6,0
1895,CP-AP-r000:S-P02-S01:GS06:p0010,east,0,6,6
1896,CP-AP-r000:S-P02-S01:GS06:p0011,east,0,8,3
1897,CP-AP-r000:S-P02-S01:GS07:p0001,west,7,0,6
1898,CP-AP-r000:S-P02-S01:GS07:p0002,west,9,0,0
1899,CP-AP-r000:S-P02-S01:GS07:p0003,west,10,0,5
1900,CP-AP-r000:S-P02-S01:GS07:p0004,west,10,0,0
1901,CP-AP-r000:S-P02-S01:GS07:p0005,west,7,0,6
1902,CP-AP-r000:S-P02-S01:GS07:p0006,west,7,0,0
1903,CP-AP-r000:S-P02-S01:GS07:p0007,west,10,0,5
1904,CP-AP-r000:S-P02-S01:GS07:p0008,west,9,0,0
1905,CP-AP-r000:S-P02-S01:GS07:p0009,west,7,0,6
1906,CP-AP-r000:S-P02-S01:GS07:p0010,west,7,0,1
1907,CP-AP-r000:S-P02-S01:GS07:p0011,west,9,0,5
1908,CP-AP-r000:S-P02-S01:GS07:p0012,west,8,0,0
1909,CP-AP-r000:S-P02-S01:GS08:p0001,west,8,0,6
1910,CP-AP-r000:S-P02-S01:GS08:p0002,west,10,0,0
1911,CP-AP-r000:S-P02-S01:GS08:p0003,west,5,0,6
1912,CP-AP-r000:S-P02-S01:GS08:p0004,west,8,0,5
1913,CP-AP-r000:S-P02-S01:GS08:p0005,west,10,0,0
1914,CP-AP-r000:S-P02-S01:GS08:p0006,west,8,0,6
1915,CP-AP-r000:S-P02-S01:GS08:p0007,west,10,0,0
1916,CP-AP-r000:S-P02-S01:GS08:p0008,west,8,0,5
1917,CP-AP-r000:S-P02-S01:GS08:p0009,west,10,0,0
1918,CP-AP-r000:S-P02-S01:GS08:p0010,west,8,0,6
1919,CP-AP-r000:S-P02-S01:GS08:p0011,west,11,0,1
1920,CP-AP-r000:S-P02-S01:GS08:p0012,west,10,0,5
1921,CP-AP-r000:S-P02-S01:GS08:p0013,west,10,0,0
1922,CP-AP-r000:S-P02-S01:GS09:p0001,west,6,0,6
1923,CP-AP-r000:S-P02-S01:GS09:p0002,west,8,0,6
1924,CP-AP-r000:S-P02-S01:GS09:p0003,west,9,0,0
1925,CP-AP-r000:S-P02-S01:GS09:p0004,west,7,0,6
1926,CP-AP-r000:S-P02-S01:GS09:p0005,west,8,0,5
1927,CP-AP-r000:S-P02-S01:GS09:p0006,west,5,0,5
1928,CP-AP-r000:S-P02-S01:GS09:p0007,west,8,0,6
1929,CP-AP-r000:S-P02-S01:GS09:p0008,west,10,0,0
1930,CP-AP-r000:S-P02-S01:GS09:p0009,west,8,0,6
1931,CP-AP-r000:S-P02-S01:GS09:p0010,west,8,0,5
1932,CP-AP-r000:S-P02-S01:GS09:p0011,west,8,0,6
1933,CP-AP-r000:S-P02-S01:GS09:p0012,west,10,0,1
1934,CP-AP-r000:S-P02-S01:GS09:p0013,west,6,0,6
1935,CP-AP-r000:S-P02-S01:GS09:p0014,west,8,0,5
1936,CP-AP-r000:S-P02-S01:GS09:p0015,west,10,0,0
1937,CP-AP-r000:S-P02-S01:GS10:p0001,east,0,8,1
1938,CP-AP-r000:S-P02-S01:GS10:p0002,east,0,8,6
1939,CP-AP-r000:S-P02-S01:GS10:p0003,east,0,8,4
1940,CP-AP-r000:S-P02-S01:GS10:p0004,east,0,8,6
1941,CP-AP-r000:S-P02-S01:GS10:p0005,east,0,8,1
1942,CP-AP-r000:S-P02-S01:GS10:p0006,east,0,7,6
1943,CP-AP-r000:S-P02-S01:GS10:p0007,east,0,8,3
1944,CP-AP-r000:S-P02-S01:GS10:p0008,east,0,8,6
1945,CP-AP-r000:S-P02-S01:GS10:p0009,east,0,7,0
1946,CP-AP-r000:S-P02-S01:GS10:p0010,east,0,8,6
1947,CP-AP-r000:S-P02-S01:GS10:p0011,east,0,9,3
1948,CP-AP-r000:S-P02-S01:GS10:p0012,east,0,8,6
1949,CP-AP-r000:S-P02-S01:GS11:p0001,east,0,7,1
1950,CP-AP-r000:S-P02-S01:GS11:p0002,east,0,7,6
1951,CP-AP-r000:S-P02-S01:GS11:p0003,east,0,10,4
1952,CP-AP-r000:S-P02-S01:GS11:p0004,east,0,10,6
1953,CP-AP-r000:S-P02-S01:GS11:p0005,east,0,7,1
1954,CP-AP-r000:S-P02-S01:GS11:p0006,east,0,7,6
1955,CP-AP-r000:S-P02-S01:GS11:p0007,east,0,10,3
1956,CP-AP-r000:S-P02-S01:GS11:p0008,east,0,8,6
1957,CP-AP-r000:S-P02-S01:GS11:p0009,east,0,7,0
1958,CP-AP-r000:S-P02-S01:GS11:p0010,east,0,8,6
1959,CP-AP-r000:S-P02-S01:GS11:p0011,east,0,9,3
1960,CP-AP-r000:S-P02-S01:GS11:p0012,east,0,8,6
1961,CP-AP-r000:S-P02-S01:GS12:p0001,east,0,8,1
1962,CP-AP-r000:S-P02-S01:GS12:p0002,east,0,10,6
1963,CP-AP-r000:S-P02-S01:GS12:p0003,east,0,5,0
1964,CP-AP-r000:S-P02-S01:GS12:p0004,east,0,8,4
1965,CP-AP-r000:S-P02-S01:GS12:p0005,east,0,8,6
1966,CP-AP-r000:S-P02-S01:GS12:p0006,east,0,8,1
1967,CP-AP-r000:S-P02-S01:GS12:p0007,east,0,10,6
1968,CP-AP-r000:S-P02-S01:GS12:p0008,east,0,9,3
1969,CP-AP-r000:S-P02-S01:GS12:p0009,east,0,10,6
1970,CP-AP-r000:S-P02-S01:GS12:p0010,east,0,7,0
1971,CP-AP-r000:S-P02-S01:GS12:p0011,east,0,8,6
1972,CP-AP-r000:S-P02-S01:GS12:p0012,east,0,10,3
1973,CP-AP-r000:S-P02-S01:GS12:p0013,east,0,10,6
1974,CP-AP-r000:S-P02-S02:GS01:p0001,west,7,0,6
1975,CP-AP-r000:S-P02-S02:GS01:p0002,west,7,0,0
1976,CP-AP-r000:S-P02-S02:GS01:p0003,west,8,0,5
1977,CP-AP-r000:S-P02-S02:GS01:p0004,west,7,0,0
1978,CP-AP-r000:S-P02-S02:GS01:p0005,west,7,0,6
1979,CP-AP-r000:S-P02-S02:GS01:p0006,west,7,0,0
1980,CP-AP-r000:S-P02-S02:GS01:p0007,west,8,0,5
1981,CP-AP-r000:S-P02-S02:GS01:p0008,west,6,0,0
1982,CP-AP-r000:S-P02-S02:GS01:p0009,west,6,0,6
1983,CP-AP-r000:S-P02-S02:GS01:p0010,west,7,0,1
1984,CP-AP-r000:S-P02-S02:GS01:p0011,west,10,0,6
1985,CP-AP-r000:S-P02-S02:GS01:p0012,west,7,0,0
1986,CP-AP-r000:S-P02-S02:GS02:p0001,west,7,0,6
1987,CP-AP-r000:S-P02-S02:GS02:p0002,west,7,0,0
1988,CP-AP-r000:S-P02-S02:GS02:p0003,west,7,0,6
1989,CP-AP-r000:S-P02-S02:GS02:p0004,west,8,0,5
1990,CP-AP-r000:S-P02-S02:GS02:p0005,west,7,0,6
1991,CP-AP-r000:S-P02-S02:GS02:p0006,west,7,0,0
1992,CP-AP-r000:S-P02-S02:GS02:p0007,west,7,0,6
1993,CP-AP-r000:S-P02-S02:GS02:p0008,west,9,0,5
1994,CP-AP-r000:S-P02-S02:GS02:p0009,west,7,0,6
1995,CP-AP-r000:S-P02-S02:GS02:p0010,west,7,0,1
1996,CP-AP-r000:S-P02-S02:GS02:p0011,west,8,0,6
1997,CP-AP-r000:S-P02-S02:GS03:p0001,west,5,0,6
1998,CP-AP-r000:S-P02-S02:GS03:p0002,west,6,0,0
1999,CP-AP-r000:S-P02-S02:GS03:p0003,west,7,0,6
2000,CP-AP-r000:S-P02-S02:GS03:p0004,west,8,0,5
2001,CP-AP-r000:S-P02-S02:GS03:p0005,west,6,0,6
2002,CP-AP-r000:S-P02-S02:GS03:p0006,west,8,0,0
2003,CP-AP-r000:S-P02-S02:GS03:p0007,west,7,0,6
2004,CP-AP-r000:S-P02-S02:GS03:p0008,west,8,0,5
2005,CP-AP-r000:S-P02-S02:GS03:p0009,west,7,0,6
2006,CP-AP-r000:S-P02-S02:GS03:p0010,west,7,0,1
2007,CP-AP-r000:S-P02-S02:GS03:p0011,west,7,0,6
2008,CP-AP-r000:S-P02-S02:GS03:p0012,west,8,0,6
2009,CP-AP-r000:S-P02-S02:GS04:p0001,east,0,4,1
2010,CP-AP-r000:S-P02-S02:GS04:p0002,east,0,7,6
2011,CP-AP-r000:S-P02-S02:GS04:p0003,east,0,7,4
2012,CP-AP-r000:S-P02-S02:GS04:p0004,east,0,8,6
2013,CP-AP-r000:S-P02-S02:GS04:p0005,east,0,7,6
2014,CP-AP-r000:S-P02-S02:GS04:p0006,east,0,7,3
2015,CP-AP-r000:S-P02-S02:GS04:p0007,east,0,8,6
2016,CP-AP-r000:S-P02-S02:GS04:p0008,east,0,5,6
2017,CP-AP-r000:S-P02-S02:GS04:p0009,east,0,7,6
2018,CP-AP-r000:S-P02-S02:GS04:p0010,east,0,7,2
2019,CP-AP-r000:S-P02-S02:GS04:p0011,east,0,8,6
2020,CP-AP-r000:S-P02-S02:GS05:p0001,east,0,7,1
2021,CP-AP-r000:S-P02-S02:GS05:p0002,east,0,7,6
2022,CP-AP-r000:S-P02-S02:GS05:p0003,east,0,8,4
2023,CP-AP-r000:S-P02-S02:GS05:p0004,east,0,7,6
2024,CP-AP-r000:S-P02-S02:GS05:p0005,east,0,8,1
2025,CP-AP-r000:S-P02-S02:GS05:p0006,east,0,6,6
2026,CP-AP-r000:S-P02-S02:GS05:p0007,east,0,10,3
2027,CP-AP-r000:S-P02-S02:GS05:p0008,east,0,6,6
2028,CP-AP-r000:S-P02-S02:GS05:p0009,east,0,4,0
2029,CP-AP-r000:S-P02-S02:GS05:p0010,east,0,7,6
2030,CP-AP-r000:S-P02-S02:GS05:p0011,east,0,7,2
2031,CP-AP-r000:S-P02-S02:GS05:p0012,east,0,8,6
2032,CP-AP-r000:S-P02-S02:GS06:p0001,east,0,7,1
2033,CP-AP-r000:S-P02-S02:GS06:p0002,east,0,7,6
2034,CP-AP-r000:S-P02-S02:GS06:p0003,east,0,6,0
2035,CP-AP-r000:S-P02-S02:GS06:p0004,east,0,10,4
2036,CP-AP-r000:S-P02-S02:GS06:p0005,east,0,7,1
2037,CP-AP-r000:S-P02-S02:GS06:p0006,east,0,7,6
2038,CP-AP-r000:S-P02-S02:GS06:p0007,east,0,7,0
2039,CP-AP-r000:S-P02-S02:GS06:p0008,east,0,8,3
2040,CP-AP-r000:S-P02-S02:GS06:p0009,east,0,7,0
2041,CP-AP-r000:S-P02-S02:GS06:p0010,east,0,7,6
2042,CP-AP-r000:S-P02-S02:GS06:p0011,east,0,8,2
2043,CP-AP-r000:S-P02-S02:GS06:p0012,east,0,7,6
2044,CP-AP-r000:S-P02-S02:GS07:p0001,west,8,0,6
2045,CP-AP-r000:S-P02-S02:GS07:p0002,west,10,0,0
2046,CP-AP-r000:S-P02-S02:GS07:p0003,west,10,0,5
2047,CP-AP-r000:S-P02-S02:GS07:p0004,west,9,0,0
2048,CP-AP-r000:S-P02-S02:GS07:p0005,west,8,0,6
2049,CP-AP-r000:S-P02-S02:GS07:p0006,west,8,0,0
2050,CP-AP-r000:S-P02-S02:GS07:p0007,west,10,0,5
2051,CP-AP-r000:S-P02-S02:GS07:p0008,west,8,0,0
2052,CP-AP-r000:S-P02-S02:GS07:p0009,west,8,0,6
2053,CP-AP-r000:S-P02-S02:GS07:p0010,west,8,0,1
2054,CP-AP-r000:S-P02-S02:GS07:p0011,west,9,0,6
2055,CP-AP-r000:S-P02-S02:GS07:p0012,west,8,0,0
2056,CP-AP-r000:S-P02-S02:GS08:p0001,west,8,0,6
2057,CP-AP-r000:S-P02-S02:GS08:p0002,west,10,0,0
2058,CP-AP-r000:S-P02-S02:GS08:p0003,west,8,0,6
2059,CP-AP-r000:S-P02-S02:GS08:p0004,west,8,0,5
2060,CP-AP-r000:S-P02-S02:GS08:p0005,west,8,0,0
2061,CP-AP-r000:S-P02-S02:GS08:p0006,west,8,0,6
2062,CP-AP-r000:S-P02-S02:GS08:p0007,west,10,0,0
2063,CP-AP-r000:S-P02-S02:GS08:p0008,west,8,0,5
2064,CP-AP-r000:S-P02-S02:GS08:p0009,west,9,0,0
2065,CP-AP-r000:S-P02-S02:GS08:p0010,west,8,0,6
2066,CP-AP-r000:S-P02-S02:GS08:p0011,west,11,0,1
2067,CP-AP-r000:S-P02-S02:GS08:p0012,west,10,0,6
2068,CP-AP-r000:S-P02-S02:GS08:p0013,west,9,0,0
2069,CP-AP-r000:S-P02-S02:GS09:p0001,west,7,0,6
2070,CP-AP-r000:S-P02-S02:GS09:p0002,west,7,0,6
2071,CP-AP-r000:S-P02-S02:GS09:p0003,west,7,0,0
2072,CP-AP-r000:S-P02-S02:GS09:p0004,west,8,0,6
2073,CP-AP-r000:S-P02-S02:GS09:p0005,west,8,0,5
2074,CP-AP-r000:S-P02-S02:GS09:p0006,west,7,0,5
2075,CP-AP-r000:S-P02-S02:GS09:p0007,west,8,0,6
2076,CP-AP-r000:S-P02-S02:GS09:p0008,west,8,0,0
2077,CP-AP-r000:S-P02-S02:GS09:p0009,west,8,0,6
2078,CP-AP-r000:S-P02-S02:GS09:p0010,west,8,0,5
2079,CP-AP-r000:S-P02-S02:GS09:p0011,west,8,0,6
2080,CP-AP-r000:S-P02-S02:GS09:p0012,west,9,0,1
2081,CP-AP-r000:S-P02-S02:GS09:p0013,west,8,0,6
2082,CP-AP-r000:S-P02-S02:GS09:p0014,west,8,0,6
2083,CP-AP-r000:S-P02-S02:GS09:p0015,west,8,0,0
2084,CP-AP-r000:S-P02-S02:GS10:p0001,east,0,10,1
2085,CP-AP-r000:S-P02-S02:GS10:p0002,east,0,8,6
2086,CP-AP-r000:S-P02-S02:GS10:p0003,east,0,9,4
2087,CP-AP-r000:S-P02-S02:GS10:p0004,east,0,8,6
2088,CP-AP-r000:S-P02-S02:GS10:p0005,east,0,9,1
2089,CP-AP-r000:S-P02-S02:GS10:p0006,east,0,7,6
2090,CP-AP-r000:S-P02-S02:GS10:p0007,east,0,9,3
2091,CP-AP-r000:S-P02-S02:GS10:p0008,east,0,8,6
2092,CP-AP-r000:S-P02-S02:GS10:p0009,east,0,8,0
2093,CP-AP-r000:S-P02-S02:GS10:p0010,east,0,7,6
2094,CP-AP-r000:S-P02-S02:GS10:p0011,east,0,10,2
2095,CP-AP-r000:S-P02-S02:GS10:p0012,east,0,8,6
2096,CP-AP-r000:S-P02-S02:GS11:p0001,east,0,8,1
2097,CP-AP-r000:S-P02-S02:GS11:p0002,east,0,9,6
2098,CP-AP-r000:S-P02-S02:GS11:p0003,east,0,10,4
2099,CP-AP-r000:S-P02-S02:GS11:p0004,east,0,8,6
2100,CP-AP-r000:S-P02-S02:GS11:p0005,east,0,8,1
2101,CP-AP-r000:S-P02-S02:GS11:p0006,east,0,8,6
2102,CP-AP-r000:S-P02-S02:GS11:p0007,east,0,10,3
2103,CP-AP-r000:S-P02-S02:GS11:p0008,east,0,8,6
2104,CP-AP-r000:S-P02-S02:GS11:p0009,east,0,9,0
2105,CP-AP-r000:S-P02-S02:GS11:p0010,east,0,8,6
2106,CP-AP-r000:S-P02-S02:GS11:p0011,east,0,9,2
2107,CP-AP-r000:S-P02-S02:GS11:p0012,east,0,8,6
2108,CP-AP-r000:S-P02-S02:GS12:p0001,east,0,8,1
2109,CP-AP-r000:S-P02-S02:GS12:p0002,east,0,10,6
2110,CP-AP-r000:S-P02-S02:GS12:p0003,east,0,8,4
2111,CP-AP-r000:S-P02-S02:GS12:p0004,east,0,7,6
2112,CP-AP-r000:S-P02-S02:GS12:p0005,east,0,8,1
2113,CP-AP-r000:S-P02-S02:GS12:p0006,east,0,11,6
2114,CP-AP-r000:S-P02-S02:GS12:p0007,east,0,10,3
2115,CP-AP-r000:S-P02-S02:GS12:p0008,east,0,9,6
2116,CP-AP-r000:S-P02-S02:GS12:p0009,east,0,8,0
2117,CP-AP-r000:S-P02-S02:GS12:p0010,east,0,9,6
2118,CP-AP-r000:S-P02-S02:GS12:p0011,east,0,10,2
2119,CP-AP-r000:S-P02-S02:GS12:p0012,east,0,9,6
2120,CP-AP-r000:S-P02-S03:GS01:p0001,west,5,0,6
2121,CP-AP-r000:S-P02-S03:GS01:p0002,west,5,0,1
2122,CP-AP-r000:S-P02-S03:GS01:p0003,west,9,0,5
2123,CP-AP-r000:S-P02-S03:GS01:p0004,west,8,0,0
2124,CP-AP-r000:S-P02-S03:GS01:p0005,west,6,0,6
2125,CP-AP-r000:S-P02-S03:GS01:p0006,west,6,0,2
2126,CP-AP-r000:S-P02-S03:GS01:p0007,west,6,0,6
2127,CP-AP-r000:S-P02-S03:GS01:p0008,west,8,0,0
2128,CP-AP-r000:S-P02-S03:GS01:p0009,west,6,0,2
2129,CP-AP-r000:S-P02-S03:GS01:p0010,west,6,0,6
2130,CP-AP-r000:S-P02-S03:GS01:p0011,west,8,0,0
2131,CP-AP-r000:S-P02-S03:GS02:p0001,west,6,0,6
2132,CP-AP-r000:S-P02-S03:GS02:p0002,west,6,0,1
2133,CP-AP-r000:S-P02-S03:GS02:p0003,west,6,0,6
2134,CP-AP-r000:S-P02-S03:GS02:p0004,west,8,0,5
2135,CP-AP-r000:S-P02-S03:GS02:p0005,west,6,0,6
2136,CP-AP-r000:S-P02-S03:GS02:p0006,west,6,0,2
2137,CP-AP-r000:S-P02-S03:GS02:p0007,west,8,0,6
2138,CP-AP-r000:S-P02-S03:GS02:p0008,west,7,0,0
2139,CP-AP-r000:S-P02-S03:GS02:p0009,west,6,0,6
2140,CP-AP-r000:S-P02-S03:GS02:p0010,west,5,0,2
2141,CP-AP-r000:S-P02-S03:GS02:p0011,west,8,0,6
2142,CP-AP-r000:S-P02-S03:GS02:p0012,west,7,0,0
2143,CP-AP-r000:S-P02-S03:GS03:p0001,west,6,0,6
2144,CP-AP-r000:S-P02-S03:GS03:p0002,west,7,0,1
2145,CP-AP-r000:S-P02-S03:GS03:p0003,west,6,0,6
2146,CP-AP-r000:S-P02-S03:GS03:p0004,west,8,0,5
2147,CP-AP-r000:S-P02-S03:GS03:p0005,west,6,0,6
2148,CP-AP-r000:S-P02-S03:GS03:p0006,west,6,0,2
2149,CP-AP-r000:S-P02-S03:GS03:p0007,west,4,0,6
2150,CP-AP-r000:S-P02-S03:GS03:p0008,west,9,0,6
2151,CP-AP-r000:S-P02-S03:GS03:p0009,west,6,0,6
2152,CP-AP-r000:S-P02-S03:GS03:p0010,west,6,0,2
2153,CP-AP-r000:S-P02-S03:GS03:p0011,west,6,0,6
2154,CP-AP-r000:S-P02-S03:GS03:p0012,west,8,0,6
2155,CP-AP-r000:S-P02-S03:GS04:p0001,east,0,4,6
2156,CP-AP-r000:S-P02-S03:GS04:p0002,east,0,7,6
2157,CP-AP-r000:S-P02-S03:GS04:p0003,east,0,6,3
2158,CP-AP-r000:S-P02-S03:GS04:p0004,east,0,8,6
2159,CP-AP-r000:S-P02-S03:GS04:p0005,east,0,6,6
2160,CP-AP-r000:S-P02-S03:GS04:p0006,east,0,6,6
2161,CP-AP-r000:S-P02-S03:GS04:p0007,east,0,6,2
2162,CP-AP-r000:S-P02-S03:GS04:p0008,east,0,8,6
2163,CP-AP-r000:S-P02-S03:GS04:p0009,east,0,6,5
2164,CP-AP-r000:S-P02-S03:GS04:p0010,east,0,7,6
2165,CP-AP-r000:S-P02-S03:GS04:p0011,east,0,6,1
2166,CP-AP-r000:S-P02-S03:GS04:p0012,east,0,8,6
2167,CP-AP-r000:S-P02-S03:GS05:p0001,east,0,5,0
2168,CP-AP-r000:S-P02-S03:GS05:p0002,east,0,6,6
2169,CP-AP-r000:S-P02-S03:GS05:p0003,east,0,6,3
2170,CP-AP-r000:S-P02-S03:GS05:p0004,east,0,8,6
2171,CP-AP-r000:S-P02-S03:GS05:p0005,east,0,6,0
2172,CP-AP-r000:S-P02-S03:GS05:p0006,east,0,6,6
2173,CP-AP-r000:S-P02-S03:GS05:p0007,east,0,6,2
2174,CP-AP-r000:S-P02-S03:GS05:p0008,east,0,8,6
2175,CP-AP-r000:S-P02-S03:GS05:p0009,east,0,6,5
2176,CP-AP-r000:S-P02-S03:GS05:p0010,east,0,6,1
2177,CP-AP-r000:S-P02-S03:GS05:p0011,east,0,8,6
2178,CP-AP-r000:S-P02-S03:GS06:p0001,east,0,6,0
2179,CP-AP-r000:S-P02-S03:GS06:p0002,east,0,6,6
2180,CP-AP-r000:S-P02-S03:GS06:p0003,east,0,8,3
2181,CP-AP-r000:S-P02-S03:GS06:p0004,east,0,6,0
2182,CP-AP-r000:S-P02-S03:GS06:p0005,east,0,6,6
2183,CP-AP-r000:S-P02-S03:GS06:p0006,east,0,8,2
2184,CP-AP-r000:S-P02-S03:GS06:p0007,east,0,7,6
2185,CP-AP-r000:S-P02-S03:GS06:p0008,east,0,5,0
2186,CP-AP-r000:S-P02-S03:GS06:p0009,east,0,5,5
2187,CP-AP-r000:S-P02-S03:GS06:p0010,east,0,9,1
2188,CP-AP-r000:S-P02-S03:GS06:p0011,east,0,8,6
2189,CP-AP-r000:S-P02-S03:GS07:p0001,west,7,0,6
2190,CP-AP-r000:S-P02-S03:GS07:p0002,west,7,0,1
2191,CP-AP-r000:S-P02-S03:GS07:p0003,west,10,0,5
2192,CP-AP-r000:S-P02-S03:GS07:p0004,west,8,0,0
2193,CP-AP-r000:S-P02-S03:GS07:p0005,west,7,0,6
2194,CP-AP-r000:S-P02-S03:GS07:p0006,west,8,0,2
2195,CP-AP-r000:S-P02-S03:GS07:p0007,west,8,0,6
2196,CP-AP-r000:S-P02-S03:GS07:p0008,west,8,0,0
2197,CP-AP-r000:S-P02-S03:GS07:p0009,west,8,0,6
2198,CP-AP-r000:S-P02-S03:GS07:p0010,west,8,0,2
2199,CP-AP-r000:S-P02-S03:GS07:p0011,west,8,0,6
2200,CP-AP-r000:S-P02-S03:GS07:p0012,west,8,0,0
2201,CP-AP-r000:S-P02-S03:GS08:p0001,west,8,0,6
2202,CP-AP-r000:S-P02-S03:GS08:p0002,west,10,0,1
2203,CP-AP-r000:S-P02-S03:GS08:p0003,west,9,0,5
2204,CP-AP-r000:S-P02-S03:GS08:p0004,west,10,0,0
2205,CP-AP-r000:S-P02-S03:GS08:p0005,west,7,0,6
2206,CP-AP-r000:S-P02-S03:GS08:p0006,west,7,0,2
2207,CP-AP-r000:S-P02-S03:GS08:p0007,west,10,0,6
2208,CP-AP-r000:S-P02-S03:GS08:p0008,west,10,0,0
2209,CP-AP-r000:S-P02-S03:GS08:p0009,west,7,0,6
2210,CP-AP-r000:S-P02-S03:GS08:p0010,west,7,0,2
2211,CP-AP-r000:S-P02-S03:GS08:p0011,west,10,0,6
2212,CP-AP-r000:S-P02-S03:GS08:p0012,west,9,0,0
2213,CP-AP-r000:S-P02-S03:GS09:p0001,west,8,0,6
2214,CP-AP-r000:S-P02-S03:GS09:p0002,west,10,0,1
2215,CP-AP-r000:S-P02-S03:GS09:p0003,west,5,0,6
2216,CP-AP-r000:S-P02-S03:GS09:p0004,west,8,0,5
2217,CP-AP-r000:S-P02-S03:GS09:p0005,west,10,0,0
2218,CP-AP-r000:S-P02-S03:GS09:p0006,west,8,0,6
2219,CP-AP-r000:S-P02-S03:GS09:p0007,west,10,0,2
2220,CP-AP-r000:S-P02-S03:GS09:p0008,west,5,0,6
2221,CP-AP-r000:S-P02-S03:GS09:p0009,west,8,0,6
2222,CP-AP-r000:S-P02-S03:GS09:p0010,west,10,0,0
2223,CP-AP-r000:S-P02-S03:GS09:p0011,west,8,0,6
2224,CP-AP-r000:S-P02-S03:GS09:p0012,west,11,0,2
2225,CP-AP-r000:S-P02-S03:GS09:p0013,west,8,0,6
2226,CP-AP-r000:S-P02-S03:GS09:p0014,west,10,0,0
2227,CP-AP-r000:S-P02-S03:GS10:p0001,east,0,7,0
2228,CP-AP-r000:S-P02-S03:GS10:p0002,east,0,8,6
2229,CP-AP-r000:S-P02-S03:GS10:p0003,east,0,9,3
2230,CP-AP-r000:S-P02-S03:GS10:p0004,east,0,8,6
2231,CP-AP-r000:S-P02-S03:GS10:p0005,east,0,6,0
2232,CP-AP-r000:S-P02-S03:GS10:p0006,east,0,8,6
2233,CP-AP-r000:S-P02-S03:GS10:p0007,east,0,9,6
2234,CP-AP-r000:S-P02-S03:GS10:p0008,east,0,8,2
2235,CP-AP-r000:S-P02-S03:GS10:p0009,east,0,8,6
2236,CP-AP-r000:S-P02-S03:GS10:p0010,east,0,5,0
2237,CP-AP-r000:S-P02-S03:GS10:p0011,east,0,8,5
2238,CP-AP-r000:S-P02-S03:GS10:p0012,east,0,9,6
2239,CP-AP-r000:S-P02-S03:GS10:p0013,east,0,8,1
2240,CP-AP-r000:S-P02-S03:GS10:p0014,east,0,8,6
2241,CP-AP-r000:S-P02-S03:GS11:p0001,east,0,7,0
2242,CP-AP-r000:S-P02-S03:GS11:p0002,east,0,8,6
2243,CP-AP-r000:S-P02-S03:GS11:p0003,east,0,8,3
2244,CP-AP-r000:S-P02-S03:GS11:p0004,east,0,8,6
2245,CP-AP-r000:S-P02-S03:GS11:p0005,east,0,8,0
2246,CP-AP-r000:S-P02-S03:GS11:p0006,east,0,8,6
2247,CP-AP-r000:S-P02-S03:GS11:p0007,east,0,8,2
2248,CP-AP-r000:S-P02-S03:GS11:p0008,east,0,8,6
2249,CP-AP-r000:S-P02-S03:GS11:p0009,east,0,8,0
2250,CP-AP-r000:S-P02-S03:GS11:p0010,east,0,7,5
2251,CP-AP-r000:S-P02-S03:GS11:p0011,east,0,9,1
2252,CP-AP-r000:S-P02-S03:GS11:p0012,east,0,8,6
2253,CP-AP-r000:S-P02-S03:GS12:p0001,east,0,7,0
2254,CP-AP-r000:S-P02-S03:GS12:p0002,east,0,9,6
2255,CP-AP-r000:S-P02-S03:GS12:p0003,east,0,10,3
2256,CP-AP-r000:S-P02-S03:GS12:p0004,east,0,10,6
2257,CP-AP-r000:S-P02-S03:GS12:p0005,east,0,7,0
2258,CP-AP-r000:S-P02-S03:GS12:p0006,east,0,7,6
2259,CP-AP-r000:S-P02-S03:GS12:p0007,east,0,10,2
2260,CP-AP-r000:S-P02-S03:GS12:p0008,east,0,9,6
2261,CP-AP-r000:S-P02-S03:GS12:p0009,east,0,7,0
2262,CP-AP-r000:S-P02-S03:GS12:p0010,east,0,7,5
2263,CP-AP-r000:S-P02-S03:GS12:p0011,east,0,10,1
2264,CP-AP-r000:S-P02-S03:GS12:p0012,east,0,8,6
2265,CP-AP-r000:S-P02-S04:GS01:p0001,west,7,0,6
2266,CP-AP-r000:S-P02-S04:GS01:p0002,west,7,0,1
2267,CP-AP-r000:S-P02-S04:GS01:p0003,west,10,0,5
2268,CP-AP-r000:S-P02-S04:GS01:p0004,west,7,0,0
2269,CP-AP-r000:S-P02-S04:GS01:p0005,west,4,0,6
2270,CP-AP-r000:S-P02-S04:GS01:p0006,west,7,0,2
2271,CP-AP-r000:S-P02-S04:GS01:p0007,west,7,0,6
2272,CP-AP-r000:S-P02-S04:GS01:p0008,west,8,0,0
2273,CP-AP-r000:S-P02-S04:GS01:p0009,west,7,0,3
2274,CP-AP-r000:S-P02-S04:GS01:p0010,west,7,0,6
2275,CP-AP-r000:S-P02-S04:GS01:p0011,west,8,0,0
2276,CP-AP-r000:S-P02-S04:GS02:p0001,west,7,0,6
2277,CP-AP-r000:S-P02-S04:GS02:p0002,west,7,0,1
2278,CP-AP-r000:S-P02-S04:GS02:p0003,west,8,0,5
2279,CP-AP-r000:S-P02-S04:GS02:p0004,west,7,0,6
2280,CP-AP-r000:S-P02-S04:GS02:p0005,west,7,0,2
2281,CP-AP-r000:S-P02-S04:GS02:p0006,west,8,0,6
2282,CP-AP-r000:S-P02-S04:GS02:p0007,west,7,0,0
2283,CP-AP-r000:S-P02-S04:GS02:p0008,west,8,0,6
2284,CP-AP-r000:S-P02-S04:GS02:p0009,west,6,0,3
2285,CP-AP-r000:S-P02-S04:GS02:p0010,west,8,0,6
2286,CP-AP-r000:S-P02-S04:GS02:p0011,west,6,0,0
2287,CP-AP-r000:S-P02-S04:GS03:p0001,west,7,0,6
2288,CP-AP-r000:S-P02-S04:GS03:p0002,west,7,0,1
2289,CP-AP-r000:S-P02-S04:GS03:p0003,west,7,0,6
2290,CP-AP-r000:S-P02-S04:GS03:p0004,west,8,0,5
2291,CP-AP-r000:S-P02-S04:GS03:p0005,west,7,0,6
2292,CP-AP-r000:S-P02-S04:GS03:p0006,west,7,0,2
2293,CP-AP-r000:S-P02-S04:GS03:p0007,west,6,0,6
2294,CP-AP-r000:S-P02-S04:GS03:p0008,west,9,0,6
2295,CP-AP-r000:S-P02-S04:GS03:p0009,west,7,0,6
2296,CP-AP-r000:S-P02-S04:GS03:p0010,west,7,0,3
2297,CP-AP-r000:S-P02-S04:GS03:p0011,west,7,0,6
2298,CP-AP-r000:S-P02-S04:GS03:p0012,west,8,0,6
2299,CP-AP-r000:S-P02-S04:GS04:p0001,east,0,5,6
2300,CP-AP-r000:S-P02-S04:GS04:p0002,east,0,7,6
2301,CP-AP-r000:S-P02-S04:GS04:p0003,east,0,7,2
2302,CP-AP-r000:S-P02-S04:GS04:p0004,east,0,8,6
2303,CP-AP-r000:S-P02-S04:GS04:p0005,east,0,6,6
2304,CP-AP-r000:S-P02-S04:GS04:p0006,east,0,6,6
2305,CP-AP-r000:S-P02-S04:GS04:p0007,east,0,7,2
2306,CP-AP-r000:S-P02-S04:GS04:p0008,east,0,8,6
2307,CP-AP-r000:S-P02-S04:GS04:p0009,east,0,7,5
2308,CP-AP-r000:S-P02-S04:GS04:p0010,east,0,8,6
2309,CP-AP-r000:S-P02-S04:GS04:p0011,east,0,7,1
2310,CP-AP-r000:S-P02-S04:GS04:p0012,east,0,8,6
2311,CP-AP-r000:S-P02-S04:GS05:p0001,east,0,5,0
2312,CP-AP-r000:S-P02-S04:GS05:p0002,east,0,7,6
2313,CP-AP-r000:S-P02-S04:GS05:p0003,east,0,7,2
2314,CP-AP-r000:S-P02-S04:GS05:p0004,east,0,8,6
2315,CP-AP-r000:S-P02-S04:GS05:p0005,east,0,4,0
2316,CP-AP-r000:S-P02-S04:GS05:p0006,east,0,7,6
2317,CP-AP-r000:S-P02-S04:GS05:p0007,east,0,7,2
2318,CP-AP-r000:S-P02-S04:GS05:p0008,east,0,8,6
2319,CP-AP-r000:S-P02-S04:GS05:p0009,east,0,7,5
2320,CP-AP-r000:S-P02-S04:GS05:p0010,east,0,7,6
2321,CP-AP-r000:S-P02-S04:GS05:p0011,east,0,7,1
2322,CP-AP-r000:S-P02-S04:GS05:p0012,east,0,8,6
2323,CP-AP-r000:S-P02-S04:GS06:p0001,east,0,7,0
2324,CP-AP-r000:S-P02-S04:GS06:p0002,east,0,7,6
2325,CP-AP-r000:S-P02-S04:GS06:p0003,east,0,8,2
2326,CP-AP-r000:S-P02-S04:GS06:p0004,east,0,7,0
2327,CP-AP-r000:S-P02-S04:GS06:p0005,east,0,7,6
2328,CP-AP-r000:S-P02-S04:GS06:p0006,east,0,8,2
2329,CP-AP-r000:S-P02-S04:GS06:p0007,east,0,7,6
2330,CP-AP-r000:S-P02-S04:GS06:p0008,east,0,7,0
2331,CP-AP-r000:S-P02-S04:GS06:p0009,east,0,7,5
2332,CP-AP-r000:S-P02-S04:GS06:p0010,east,0,10,1
2333,CP-AP-r000:S-P02-S04:GS06:p0011,east,0,7,6
2334,CP-AP-r000:S-P02-S04:GS07:p0001,west,8,0,6
2335,CP-AP-r000:S-P02-S04:GS07:p0002,west,8,0,1
2336,CP-AP-r000:S-P02-S04:GS07:p0003,west,10,0,5
2337,CP-AP-r000:S-P02-S04:GS07:p0004,west,8,0,0
2338,CP-AP-r000:S-P02-S04:GS07:p0005,west,9,0,6
2339,CP-AP-r000:S-P02-S04:GS07:p0006,west,8,0,2
2340,CP-AP-r000:S-P02-S04:GS07:p0007,west,9,0,6
2341,CP-AP-r000:S-P02-S04:GS07:p0008,west,8,0,0
2342,CP-AP-r000:S-P02-S04:GS07:p0009,west,9,0,6
2343,CP-AP-r000:S-P02-S04:GS07:p0010,west,8,0,3
2344,CP-AP-r000:S-P02-S04:GS07:p0011,west,9,0,6
2345,CP-AP-r000:S-P02-S04:GS07:p0012,west,8,0,0
2346,CP-AP-r000:S-P02-S04:GS08:p0001,west,8,0,6
2347,CP-AP-r000:S-P02-S04:GS08:p0002,west,11,0,1
2348,CP-AP-r000:S-P02-S04:GS08:p0003,west,10,0,5
2349,CP-AP-r000:S-P02-S04:GS08:p0004,west,9,0,0
2350,CP-AP-r000:S-P02-S04:GS08:p0005,west,8,0,6
2351,CP-AP-r000:S-P02-S04:GS08:p0006,west,8,0,2
2352,CP-AP-r000:S-P02-S04:GS08:p0007,west,10,0,6
2353,CP-AP-r000:S-P02-S04:GS08:p0008,west,9,0,0
2354,CP-AP-r000:S-P02-S04:GS08:p0009,west,8,0,6
2355,CP-AP-r000:S-P02-S04:GS08:p0010,west,8,0,3
2356,CP-AP-r000:S-P02-S04:GS08:p0011,west,10,0,6
2357,CP-AP-r000:S-P02-S04:GS08:p0012,west,8,0,0
2358,CP-AP-r000:S-P02-S04:GS09:p0001,west,8,0,6
2359,CP-AP-r000:S-P02-S04:GS09:p0002,west,9,0,1
2360,CP-AP-r000:S-P02-S04:GS09:p0003,west,7,0,6
2361,CP-AP-r000:S-P02-S04:GS09:p0004,west,8,0,5
2362,CP-AP-r000:S-P02-S04:GS09:p0005,west,8,0,0
2363,CP-AP-r000:S-P02-S04:GS09:p0006,west,8,0,6
2364,CP-AP-r000:S-P02-S04:GS09:p0007,west,10,0,2
2365,CP-AP-r000:S-P02-S04:GS09:p0008,west,8,0,6
2366,CP-AP-r000:S-P02-S04:GS09:p0009,west,8,0,6
2367,CP-AP-r000:S-P02-S04:GS09:p0010,west,9,0,0
2368,CP-AP-r000:S-P02-S04:GS09:p0011,west,8,0,6
2369,CP-AP-r000:S-P02-S04:GS09:p0012,west,10,0,3
2370,CP-AP-r000:S-P02-S04:GS09:p0013,west,8,0,6
2371,CP-AP-r000:S-P02-S04:GS09:p0014,west,9,0,0
2372,CP-AP-r000:S-P02-S04:GS10:p0001,east,0,8,0
2373,CP-AP-r000:S-P02-S04:GS10:p0002,east,0,7,6
2374,CP-AP-r000:S-P02-S04:GS10:p0003,east,0,10,2
2375,CP-AP-r000:S-P02-S04:GS10:p0004,east,0,8,6
2376,CP-AP-r000:S-P02-S04:GS10:p0005,east,0,8,0
2377,CP-AP-r000:S-P02-S04:GS10:p0006,east,0,7,6
2378,CP-AP-r000:S-P02-S04:GS10:p0007,east,0,7,6
2379,CP-AP-r000:S-P02-S04:GS10:p0008,east,0,8,2
2380,CP-AP-r000:S-P02-S04:GS10:p0009,east,0,8,6
2381,CP-AP-r000:S-P02-S04:GS10:p0010,east,0,7,0
2382,CP-AP-r000:S-P02-S04:GS10:p0011,east,0,8,5
2383,CP-AP-r000:S-P02-S04:GS10:p0012,east,0,8,6
2384,CP-AP-r000:S-P02-S04:GS10:p0013,east,0,8,1
2385,CP-AP-r000:S-P02-S04:GS10:p0014,east,0,8,6
2386,CP-AP-r000:S-P02-S04:GS11:p0001,east,0,9,0
2387,CP-AP-r000:S-P02-S04:GS11:p0002,east,0,8,6
2388,CP-AP-r000:S-P02-S04:GS11:p0003,east,0,8,2
2389,CP-AP-r000:S-P02-S04:GS11:p0004,east,0,8,6
2390,CP-AP-r000:S-P02-S04:GS11:p0005,east,0,9,0
2391,CP-AP-r000:S-P02-S04:GS11:p0006,east,0,9,6
2392,CP-AP-r000:S-P02-S04:GS11:p0007,east,0,9,2
2393,CP-AP-r000:S-P02-S04:GS11:p0008,east,0,8,6
2394,CP-AP-r000:S-P02-S04:GS11:p0009,east,0,9,0
2395,CP-AP-r000:S-P02-S04:GS11:p0010,east,0,7,5
2396,CP-AP-r000:S-P02-S04:GS11:p0011,east,0,10,1
2397,CP-AP-r000:S-P02-S04:GS11:p0012,east,0,8,6
2398,CP-AP-r000:S-P02-S04:GS12:p0001,east,0,8,0
2399,CP-AP-r000:S-P02-S04:GS12:p0002,east,0,10,6
2400,CP-AP-r000:S-P02-S04:GS12:p0003,east,0,10,2
2401,CP-AP-r000:S-P02-S04:GS12:p0004,east,0,9,6
2402,CP-AP-r000:S-P02-S04:GS12:p0005,east,0,8,0
2403,CP-AP-r000:S-P02-S04:GS12:p0006,east,0,8,6
2404,CP-AP-r000:S-P02-S04:GS12:p0007,east,0,10,2
2405,CP-AP-r000:S-P02-S04:GS12:p0008,east,0,8,6
2406,CP-AP-r000:S-P02-S04:GS12:p0009,east,0,8,0
2407,CP-AP-r000:S-P02-S04:GS12:p0010,east,0,8,5
2408,CP-AP-r000:S-P02-S04:GS12:p0011,east,0,10,1
2409,CP-AP-r000:S-P02-S04:GS12:p0012,east,0,8,6
2410,CP-AP-r000:S-P02-S05:GS01:p0001,west,6,0,6
2411,CP-AP-r000:S-P02-S05:GS01:p0002,west,6,0,2
2412,CP-AP-r000:S-P02-S05:GS01:p0003,west,6,0,6
2413,CP-AP-r000:S-P02-S05:GS01:p0004,west,8,0,0
2414,CP-AP-r000:S-P02-S05:GS01:p0005,west,6,0,3
2415,CP-AP-r000:S-P02-S05:GS01:p0006,west,7,0,0
2416,CP-AP-r000:S-P02-S05:GS01:p0007,west,6,0,6
2417,CP-AP-r000:S-P02-S05:GS01:p0008,west,8,0,1
2418,CP-AP-r000:S-P02-S05:GS01:p0009,west,4,0,4
2419,CP-AP-r000:S-P02-S05:GS01:p0010,west,6,0,0
2420,CP-AP-r000:S-P02-S05:GS01:p0011,west,6,0,6
2421,CP-AP-r000:S-P02-S05:GS01:p0012,west,8,0,1
2422,CP-AP-r000:S-P02-S05:GS02:p0001,west,6,0,6
2423,CP-AP-r000:S-P02-S05:GS02:p0002,west,6,0,2
2424,CP-AP-r000:S-P02-S05:GS02:p0003,west,8,0,6
2425,CP-AP-r000:S-P02-S05:GS02:p0004,west,7,0,0
2426,CP-AP-r000:S-P02-S05:GS02:p0005,west,5,0,6
2427,CP-AP-r000:S-P02-S05:GS02:p0006,west,5,0,3
2428,CP-AP-r000:S-P02-S05:GS02:p0007,west,8,0,6
2429,CP-AP-r000:S-P02-S05:GS02:p0008,west,9,0,1
2430,CP-AP-r000:S-P02-S05:GS02:p0009,west,6,0,6
2431,CP-AP-r000:S-P02-S05:GS02:p0010,west,6,0,4
2432,CP-AP-r000:S-P02-S05:GS02:p0011,west,6,0,6
2433,CP-AP-r000:S-P02-S05:GS02:p0012,west,8,0,1
2434,CP-AP-r000:S-P02-S05:GS03:p0001,west,6,0,6
2435,CP-AP-r000:S-P02-S05:GS03:p0002,west,6,0,2
2436,CP-AP-r000:S-P02-S05:GS03:p0003,west,6,0,6
2437,CP-AP-r000:S-P02-S05:GS03:p0004,west,9,0,6
2438,CP-AP-r000:S-P02-S05:GS03:p0005,west,6,0,6
2439,CP-AP-r000:S-P02-S05:GS03:p0006,west,6,0,3
2440,CP-AP-r000:S-P02-S05:GS03:p0007,west,8,0,6
2441,CP-AP-r000:S-P02-S05:GS03:p0008,west,6,0,6
2442,CP-AP-r000:S-P02-S05:GS03:p0009,west,6,0,4
2443,CP-AP-r000:S-P02-S05:GS03:p0010,west,8,0,6
2444,CP-AP-r000:S-P02-S05:GS03:p0011,west,7,0,1
2445,CP-AP-r000:S-P02-S05:GS04:p0001,east,0,6,6
2446,CP-AP-r000:S-P02-S05:GS04:p0002,east,0,8,6
2447,CP-AP-r000:S-P02-S05:GS04:p0003,east,0,6,1
2448,CP-AP-r000:S-P02-S05:GS04:p0004,east,0,8,6
2449,CP-AP-r000:S-P02-S05:GS04:p0005,east,0,6,5
2450,CP-AP-r000:S-P02-S05:GS04:p0006,east,0,6,6
2451,CP-AP-r000:S-P02-S05:GS04:p0007,east,0,6,0
2452,CP-AP-r000:S-P02-S05:GS04:p0008,east,0,8,6
2453,CP-AP-r000:S-P02-S05:GS04:p0009,east,0,6,5
2454,CP-AP-r000:S-P02-S05:GS04:p0010,east,0,6,6
2455,CP-AP-r000:S-P02-S05:GS04:p0011,east,0,4,0
2456,CP-AP-r000:S-P02-S05:GS04:p0012,east,0,10,6
2457,CP-AP-r000:S-P02-S05:GS05:p0001,east,0,6,6
2458,CP-AP-r000:S-P02-S05:GS05:p0002,east,0,6,1
2459,CP-AP-r000:S-P02-S05:GS05:p0003,east,0,8,6
2460,CP-AP-r000:S-P02-S05:GS05:p0004,east,0,4,5
2461,CP-AP-r000:S-P02-S05:GS05:p0005,east,0,7,6
2462,CP-AP-r000:S-P02-S05:GS05:p0006,east,0,6,0
2463,CP-AP-r000:S-P02-S05:GS05:p0007,east,0,8,6
2464,CP-AP-r000:S-P02-S05:GS05:p0008,east,0,6,5
2465,CP-AP-r000:S-P02-S05:GS05:p0009,east,0,7,6
2466,CP-AP-r000:S-P02-S05:GS05:p0010,east,0,6,0
2467,CP-AP-r000:S-P02-S05:GS05:p0011,east,0,8,6
2468,CP-AP-r000:S-P02-S05:GS06:p0001,east,0,5,0
2469,CP-AP-r000:S-P02-S05:GS06:p0002,east,0,5,6
2470,CP-AP-r000:S-P02-S05:GS06:p0003,east,0,9,1
2471,CP-AP-r000:S-P02-S05:GS06:p0004,east,0,7,6
2472,CP-AP-r000:S-P02-S05:GS06:p0005,east,0,6,0
2473,CP-AP-r000:S-P02-S05:GS06:p0006,east,0,6,5
2474,CP-AP-r000:S-P02-S05:GS06:p0007,east,0,6,0
2475,CP-AP-r000:S-P02-S05:GS06:p0008,east,0,8,6
2476,CP-AP-r000:S-P02-S05:GS06:p0009,east,0,7,0
2477,CP-AP-r000:S-P02-S05:GS06:p0010,east,0,6,5
2478,CP-AP-r000:S-P02-S05:GS06:p0011,east,0,6,0
2479,CP-AP-r000:S-P02-S05:GS06:p0012,east,0,8,6
2480,CP-AP-r000:S-P02-S05:GS07:p0001,west,8,0,6
2481,CP-AP-r000:S-P02-S05:GS07:p0002,west,9,0,2
2482,CP-AP-r000:S-P02-S05:GS07:p0003,west,8,0,6
2483,CP-AP-r000:S-P02-S05:GS07:p0004,west,8,0,0
2484,CP-AP-r000:S-P02-S05:GS07:p0005,west,8,0,6
2485,CP-AP-r000:S-P02-S05:GS07:p0006,west,8,0,3
2486,CP-AP-r000:S-P02-S05:GS07:p0007,west,9,0,6
2487,CP-AP-r000:S-P02-S05:GS07:p0008,west,8,0,1
2488,CP-AP-r000:S-P02-S05:GS07:p0009,west,5,0,6
2489,CP-AP-r000:S-P02-S05:GS07:p0010,west,8,0,4
2490,CP-AP-r000:S-P02-S05:GS07:p0011,west,8,0,6
2491,CP-AP-r000:S-P02-S05:GS07:p0012,west,8,0,1
2492,CP-AP-r000:S-P02-S05:GS08:p0001,west,7,0,6
2493,CP-AP-r000:S-P02-S05:GS08:p0002,west,7,0,2
2494,CP-AP-r000:S-P02-S05:GS08:p0003,west,10,0,6
2495,CP-AP-r000:S-P02-S05:GS08:p0004,west,9,0,0
2496,CP-AP-r000:S-P02-S05:GS08:p0005,west,7,0,6
2497,CP-AP-r000:S-P02-S05:GS08:p0006,west,7,0,3
2498,CP-AP-r000:S-P02-S05:GS08:p0007,west,9,0,6
2499,CP-AP-r000:S-P02-S05:GS08:p0008,west,8,0,1
2500,CP-AP-r000:S-P02-S05:GS08:p0009,west,8,0,6
2501,CP-AP-r000:S-P02-S05:GS08:p0010,west,8,0,4
2502,CP-AP-r000:S-P02-S05:GS08:p0011,west,8,0,6
2503,CP-AP-r000:S-P02-S05:GS08:p0012,west,8,0,1
2504,CP-AP-r000:S-P02-S05:GS09:p0001,west,8,0,6
2505,CP-AP-r000:S-P02-S05:GS09:p0002,west,10,0,2
2506,CP-AP-r000:S-P02-S05:GS09:p0003,west,8,0,6
2507,CP-AP-r000:S-P02-S05:GS09:p0004,west,10,0,0
2508,CP-AP-r000:S-P02-S05:GS09:p0005,west,8,0,6
2509,CP-AP-r000:S-P02-S05:GS09:p0006,west,11,0,3
2510,CP-AP-r000:S-P02-S05:GS09:p0007,west,10,0,6
2511,CP-AP-r000:S-P02-S05:GS09:p0008,west,10,0,1
2512,CP-AP-r000:S-P02-S05:GS09:p0009,west,7,0,6
2513,CP-AP-r000:S-P02-S05:GS09:p0010,west,7,0,4
2514,CP-AP-r000:S-P02-S05:GS09:p0011,west,10,0,6
2515,CP-AP-r000:S-P02-S05:GS09:p0012,west,10,0,1
2516,CP-AP-r000:S-P02-S05:GS10:p0001,east,0,5,0
2517,CP-AP-r000:S-P02-S05:GS10:p0002,east,0,8,6
2518,CP-AP-r000:S-P02-S05:GS10:p0003,east,0,10,6
2519,CP-AP-r000:S-P02-S05:GS10:p0004,east,0,8,1
2520,CP-AP-r000:S-P02-S05:GS10:p0005,east,0,8,6
2521,CP-AP-r000:S-P02-S05:GS10:p0006,east,0,8,5
2522,CP-AP-r000:S-P02-S05:GS10:p0007,east,0,10,6
2523,CP-AP-r000:S-P02-S05:GS10:p0008,east,0,6,0
2524,CP-AP-r000:S-P02-S05:GS10:p0009,east,0,8,6
2525,CP-AP-r000:S-P02-S05:GS10:p0010,east,0,10,5
2526,CP-AP-r000:S-P02-S05:GS10:p0011,east,0,8,5
2527,CP-AP-r000:S-P02-S05:GS10:p0012,east,0,10,6
2528,CP-AP-r000:S-P02-S05:GS10:p0013,east,0,5,0
2529,CP-AP-r000:S-P02-S05:GS10:p0014,east,0,8,6
2530,CP-AP-r000:S-P02-S05:GS10:p0015,east,0,9,6
2531,CP-AP-r000:S-P02-S05:GS11:p0001,east,0,8,0
2532,CP-AP-r000:S-P02-S05:GS11:p0002,east,0,7,6
2533,CP-AP-r000:S-P02-S05:GS11:p0003,east,0,9,1
2534,CP-AP-r000:S-P02-S05:GS11:p0004,east,0,8,6
2535,CP-AP-r000:S-P02-S05:GS11:p0005,east,0,7,0
2536,CP-AP-r000:S-P02-S05:GS11:p0006,east,0,8,5
2537,CP-AP-r000:S-P02-S05:GS11:p0007,east,0,9,0
2538,CP-AP-r000:S-P02-S05:GS11:p0008,east,0,8,6
2539,CP-AP-r000:S-P02-S05:GS11:p0009,east,0,5,0
2540,CP-AP-r000:S-P02-S05:GS11:p0010,east,0,8,5
2541,CP-AP-r000:S-P02-S05:GS11:p0011,east,0,9,6
2542,CP-AP-r000:S-P02-S05:GS11:p0012,east,0,8,0
2543,CP-AP-r000:S-P02-S05:GS11:p0013,east,0,8,6
2544,CP-AP-r000:S-P02-S05:GS12:p0001,east,0,7,0
2545,CP-AP-r000:S-P02-S05:GS12:p0002,east,0,7,6
2546,CP-AP-r000:S-P02-S05:GS12:p0003,east,0,10,1
2547,CP-AP-r000:S-P02-S05:GS12:p0004,east,0,8,6
2548,CP-AP-r000:S-P02-S05:GS12:p0005,east,0,7,0
2549,CP-AP-r000:S-P02-S05:GS12:p0006,east,0,8,5
2550,CP-AP-r000:S-P02-S05:GS12:p0007,east,0,8,0
2551,CP-AP-r000:S-P02-S05:GS12:p0008,east,0,8,6
2552,CP-AP-r000:S-P02-S05:GS12:p0009,east,0,8,0
2553,CP-AP-r000:S-P02-S05:GS12:p0010,east,0,8,5
2554,CP-AP-r000:S-P02-S05:GS12:p0011,east,0,8,0
2555,CP-AP-r000:S-P02-S05:GS12:p0012,east,0,8,6
2556,CP-AP-r000:S-P02-S06:GS01:p0001,west,7,0,3
2557,CP-AP-r000:S-P02-S06:GS01:p0002,west,7,0,6
2558,CP-AP-r000:S-P02-S06:GS01:p0003,west,8,0,0
2559,CP-AP-r000:S-P02-S06:GS01:p0004,west,7,0,3
2560,CP-AP-r000:S-P02-S06:GS01:p0005,west,7,0,0
2561,CP-AP-r000:S-P02-S06:GS01:p0006,west,7,0,6
2562,CP-AP-r000:S-P02-S06:GS01:p0007,west,8,0,1
2563,CP-AP-r000:S-P02-S06:GS01:p0008,west,5,0,4
2564,CP-AP-r000:S-P02-S06:GS01:p0009,west,6,0,0
2565,CP-AP-r000:S-P02-S06:GS01:p0010,west,7,0,6
2566,CP-AP-r000:S-P02-S06:GS01:p0011,west,8,0,1
2567,CP-AP-r000:S-P02-S06:GS02:p0001,west,7,0,6
2568,CP-AP-r000:S-P02-S06:GS02:p0002,west,7,0,3
2569,CP-AP-r000:S-P02-S06:GS02:p0003,west,8,0,6
2570,CP-AP-r000:S-P02-S06:GS02:p0004,west,6,0,0
2571,CP-AP-r000:S-P02-S06:GS02:p0005,west,6,0,6
2572,CP-AP-r000:S-P02-S06:GS02:p0006,west,7,0,3
2573,CP-AP-r000:S-P02-S06:GS02:p0007,west,9,0,6
2574,CP-AP-r000:S-P02-S06:GS02:p0008,west,8,0,1
2575,CP-AP-r000:S-P02-S06:GS02:p0009,west,4,0,6
2576,CP-AP-r000:S-P02-S06:GS02:p0010,west,7,0,4
2577,CP-AP-r000:S-P02-S06:GS02:p0011,west,7,0,6
2578,CP-AP-r000:S-P02-S06:GS02:p0012,west,8,0,1
2579,CP-AP-r000:S-P02-S06:GS03:p0001,west,7,0,6
2580,CP-AP-r000:S-P02-S06:GS03:p0002,west,7,0,3
2581,CP-AP-r000:S-P02-S06:GS03:p0003,west,7,0,6
2582,CP-AP-r000:S-P02-S06:GS03:p0004,west,9,0,6
2583,CP-AP-r000:S-P02-S06:GS03:p0005,west,7,0,6
2584,CP-AP-r000:S-P02-S06:GS03:p0006,west,7,0,3
2585,CP-AP-r000:S-P02-S06:GS03:p0007,west,8,0,6
2586,CP-AP-r000:S-P02-S06:GS03:p0008,west,7,0,6
2587,CP-AP-r000:S-P02-S06:GS03:p0009,west,7,0,4
2588,CP-AP-r000:S-P02-S06:GS03:p0010,west,8,0,6
2589,CP-AP-r000:S-P02-S06:GS03:p0011,west,7,0,1
2590,CP-AP-r000:S-P02-S06:GS04:p0001,east,0,6,5
2591,CP-AP-r000:S-P02-S06:GS04:p0002,east,0,8,6
2592,CP-AP-r000:S-P02-S06:GS04:p0003,east,0,7,1
2593,CP-AP-r000:S-P02-S06:GS04:p0004,east,0,8,6
2594,CP-AP-r000:S-P02-S06:GS04:p0005,east,0,7,5
2595,CP-AP-r000:S-P02-S06:GS04:p0006,east,0,7,6
2596,CP-AP-r000:S-P02-S06:GS04:p0007,east,0,8,0
2597,CP-AP-r000:S-P02-S06:GS04:p0008,east,0,8,6
2598,CP-AP-r000:S-P02-S06:GS04:p0009,east,0,7,5
2599,CP-AP-r000:S-P02-S06:GS04:p0010,east,0,7,6
2600,CP-AP-r000:S-P02-S06:GS04:p0011,east,0,6,0
2601,CP-AP-r000:S-P02-S06:GS04:p0012,east,0,10,6
2602,CP-AP-r000:S-P02-S06:GS05:p0001,east,0,7,5
2603,CP-AP-r000:S-P02-S06:GS05:p0002,east,0,7,6
2604,CP-AP-r000:S-P02-S06:GS05:p0003,east,0,7,1
2605,CP-AP-r000:S-P02-S06:GS05:p0004,east,0,8,6
2606,CP-AP-r000:S-P02-S06:GS05:p0005,east,0,5,5
2607,CP-AP-r000:S-P02-S06:GS05:p0006,east,0,6,6
2608,CP-AP-r000:S-P02-S06:GS05:p0007,east,0,7,0
2609,CP-AP-r000:S-P02-S06:GS05:p0008,east,0,8,6
2610,CP-AP-r000:S-P02-S06:GS05:p0009,east,0,6,5
2611,CP-AP-r000:S-P02-S06:GS05:p0010,east,0,7,6
2612,CP-AP-r000:S-P02-S06:GS05:p0011,east,0,7,0
2613,CP-AP-r000:S-P02-S06:GS05:p0012,east,0,8,6
2614,CP-AP-r000:S-P02-S06:GS06:p0001,east,0,7,0
2615,CP-AP-r000:S-P02-S06:GS06:p0002,east,0,6,5
2616,CP-AP-r000:S-P02-S06:GS06:p0003,east,0,10,1
2617,CP-AP-r000:S-P02-S06:GS06:p0004,east,0,6,6
2618,CP-AP-r000:S-P02-S06:GS06:p0005,east,0,4,0
2619,CP-AP-r000:S-P02-S06:GS06:p0006,east,0,7,5
2620,CP-AP-r000:S-P02-S06:GS06:p0007,east,0,7,0
2621,CP-AP-r000:S-P02-S06:GS06:p0008,east,0,8,6
2622,CP-AP-r000:S-P02-S06:GS06:p0009,east,0,7,5
2623,CP-AP-r000:S-P02-S06:GS06:p0010,east,0,7,0
2624,CP-AP-r000:S-P02-S06:GS06:p0011,east,0,8,6
2625,CP-AP-r000:S-P02-S06:GS07:p0001,west,9,0,6
2626,CP-AP-r000:S-P02-S06:GS07:p0002,west,9,0,3
2627,CP-AP-r000:S-P02-S06:GS07:p0003,west,9,0,6
2628,CP-AP-r000:S-P02-S06:GS07:p0004,west,8,0,0
2629,CP-AP-r000:S-P02-S06:GS07:p0005,west,9,0,6
2630,CP-AP-r000:S-P02-S06:GS07:p0006,west,7,0,3
2631,CP-AP-r000:S-P02-S06:GS07:p0007,west,10,0,6
2632,CP-AP-r000:S-P02-S06:GS07:p0008,west,8,0,1
2633,CP-AP-r000:S-P02-S06:GS07:p0009,west,6,0,6
2634,CP-AP-r000:S-P02-S06:GS07:p0010,west,7,0,4
2635,CP-AP-r000:S-P02-S06:GS07:p0011,west,8,0,0
2636,CP-AP-r000:S-P02-S06:GS07:p0012,west,9,0,6
2637,CP-AP-r000:S-P02-S06:GS07:p0013,west,8,0,1
2638,CP-AP-r000:S-P02-S06:GS08:p0001,west,8,0,6
2639,CP-AP-r000:S-P02-S06:GS08:p0002,west,8,0,3
2640,CP-AP-r000:S-P02-S06:GS08:p0003,west,10,0,6
2641,CP-AP-r000:S-P02-S06:GS08:p0004,west,8,0,0
2642,CP-AP-r000:S-P02-S06:GS08:p0005,west,8,0,6
2643,CP-AP-r000:S-P02-S06:GS08:p0006,west,8,0,3
2644,CP-AP-r000:S-P02-S06:GS08:p0007,west,9,0,6
2645,CP-AP-r000:S-P02-S06:GS08:p0008,west,8,0,1
2646,CP-AP-r000:S-P02-S06:GS08:p0009,west,10,0,6
2647,CP-AP-r000:S-P02-S06:GS08:p0010,west,8,0,4
2648,CP-AP-r000:S-P02-S06:GS08:p0011,west,9,0,6
2649,CP-AP-r000:S-P02-S06:GS08:p0012,west,8,0,1
2650,CP-AP-r000:S-P02-S06:GS09:p0001,west,8,0,6
2651,CP-AP-r000:S-P02-S06:GS09:p0002,west,10,0,3
2652,CP-AP-r000:S-P02-S06:GS09:p0003,west,8,0,6
2653,CP-AP-r000:S-P02-S06:GS09:p0004,west,9,0,0
2654,CP-AP-r000:S-P02-S06:GS09:p0005,west,8,0,6
2655,CP-AP-r000:S-P02-S06:GS09:p0006,west,11,0,3
2656,CP-AP-r000:S-P02-S06:GS09:p0007,west,10,0,6
2657,CP-AP-r000:S-P02-S06:GS09:p0008,west,9,0,1
2658,CP-AP-r000:S-P02-S06:GS09:p0009,west,8,0,6
2659,CP-AP-r000:S-P02-S06:GS09:p0010,west,8,0,4
2660,CP-AP-r000:S-P02-S06:GS09:p0011,west,10,0,6
2661,CP-AP-r000:S-P02-S06:GS09:p0012,west,9,0,1
2662,CP-AP-r000:S-P02-S06:GS10:p0001,east,0,6,0
2663,CP-AP-r000:S-P02-S06:GS10:p0002,east,0,8,5
2664,CP-AP-r000:S-P02-S06:GS10:p0003,east,0,9,6
2665,CP-AP-r000:S-P02-S06:GS10:p0004,east,0,8,1
2666,CP-AP-r000:S-P02-S06:GS10:p0005,east,0,8,6
2667,CP-AP-r000:S-P02-S06:GS10:p0006,east,0,8,5
2668,CP-AP-r000:S-P02-S06:GS10:p0007,east,0,9,6
2669,CP-AP-r000:S-P02-S06:GS10:p0008,east,0,8,0
2670,CP-AP-r000:S-P02-S06:GS10:p0009,east,0,8,6
2671,CP-AP-r000:S-P02-S06:GS10:p0010,east,0,8,5
2672,CP-AP-r000:S-P02-S06:GS10:p0011,east,0,8,5
2673,CP-AP-r000:S-P02-S06:GS10:p0012,east,0,10,6
2674,CP-AP-r000:S-P02-S06:GS10:p0013,east,0,8,0
2675,CP-AP-r000:S-P02-S06:GS10:p0014,east,0,8,6
2676,CP-AP-r000:S-P02-S06:GS10:p0015,east,0,8,6
2677,CP-AP-r000:S-P02-S06:GS11:p0001,east,0,9,0
2678,CP-AP-r000:S-P02-S06:GS11:p0002,east,0,7,5
2679,CP-AP-r000:S-P02-S06:GS11:p0003,east,0,10,1
2680,CP-AP-r000:S-P02-S06:GS11:p0004,east,0,8,6
2681,CP-AP-r000:S-P02-S06:GS11:p0005,east,0,8,0
2682,CP-AP-r000:S-P02-S06:GS11:p0006,east,0,7,5
2683,CP-AP-r000:S-P02-S06:GS11:p0007,east,0,10,0
2684,CP-AP-r000:S-P02-S06:GS11:p0008,east,0,8,6
2685,CP-AP-r000:S-P02-S06:GS11:p0009,east,0,7,0
2686,CP-AP-r000:S-P02-S06:GS11:p0010,east,0,8,5
2687,CP-AP-r000:S-P02-S06:GS11:p0011,east,0,8,6
2688,CP-AP-r000:S-P02-S06:GS11:p0012,east,0,8,0
2689,CP-AP-r000:S-P02-S06:GS11:p0013,east,0,8,6
2690,CP-AP-r000:S-P02-S06:GS12:p0001,east,0,8,0
2691,CP-AP-r000:S-P02-S06:GS12:p0002,east,0,8,5
2692,CP-AP-r000:S-P02-S06:GS12:p0003,east,0,10,1
2693,CP-AP-r000:S-P02-S06:GS12:p0004,east,0,8,6
2694,CP-AP-r000:S-P02-S06:GS12:p0005,east,0,9,0
2695,CP-AP-r000:S-P02-S06:GS12:p0006,east,0,8,5
2696,CP-AP-r000:S-P02-S06:GS12:p0007,east,0,9,0
2697,CP-AP-r000:S-P02-S06:GS12:p0008,east,0,8,6
2698,CP-AP-r000:S-P02-S06:GS12:p0009,east,0,9,0
2699,CP-AP-r000:S-P02-S06:GS12:p0010,east,0,8,5
2700,CP-AP-r000:S-P02-S06:GS12:p0011,east,0,9,0
2701,CP-AP-r000:S-P02-S06:GS12:p0012,east,0,8,6
2702,CP-AP-r000:S-P02-S07:GS01:p0001,west,4,0,4
2703,CP-AP-r000:S-P02-S07:GS01:p0002,west,6,0,0
2704,CP-AP-r000:S-P02-S07:GS01:p0003,west,6,0,6
2705,CP-AP-r000:S-P02-S07:GS01:p0004,west,8,0,1
2706,CP-AP-r000:S-P02-S07:GS01:p0005,west,6,0,5
2707,CP-AP-r000:S-P02-S07:GS01:p0006,west,8,0,0
2708,CP-AP-r000:S-P02-S07:GS01:p0007,west,6,0,6
2709,CP-AP-r000:S-P02-S07:GS01:p0008,west,8,0,1
2710,CP-AP-r000:S-P02-S07:GS01:p0009,west,6,0,5
2711,CP-AP-r000:S-P02-S07:GS01:p0010,west,7,0,0
2712,CP-AP-r000:S-P02-S07:GS01:p0011,west,6,0,6
2713,CP-AP-r000:S-P02-S07:GS01:p0012,west,8,0,2
2714,CP-AP-r000:S-P02-S07:GS02:p0001,west,6,0,6
2715,CP-AP-r000:S-P02-S07:GS02:p0002,west,6,0,4
2716,CP-AP-r000:S-P02-S07:GS02:p0003,west,6,0,6
2717,CP-AP-r000:S-P02-S07:GS02:p0004,west,8,0,1
2718,CP-AP-r000:S-P02-S07:GS02:p0005,west,6,0,5
2719,CP-AP-r000:S-P02-S07:GS02:p0006,west,6,0,6
2720,CP-AP-r000:S-P02-S07:GS02:p0007,west,8,0,1
2721,CP-AP-r000:S-P02-S07:GS02:p0008,west,5,0,5
2722,CP-AP-r000:S-P02-S07:GS02:p0009,west,7,0,0
2723,CP-AP-r000:S-P02-S07:GS02:p0010,west,6,0,6
2724,CP-AP-r000:S-P02-S07:GS02:p0011,west,8,0,2
2725,CP-AP-r000:S-P02-S07:GS03:p0001,west,6,0,6
2726,CP-AP-r000:S-P02-S07:GS03:p0002,west,6,0,4
2727,CP-AP-r000:S-P02-S07:GS03:p0003,west,8,0,6
2728,CP-AP-r000:S-P02-S07:GS03:p0004,west,7,0,1
2729,CP-AP-r000:S-P02-S07:GS03:p0005,west,6,0,6
2730,CP-AP-r000:S-P02-S07:GS03:p0006,west,5,0,5
2731,CP-AP-r000:S-P02-S07:GS03:p0007,west,8,0,6
2732,CP-AP-r000:S-P02-S07:GS03:p0008,west,7,0,1
2733,CP-AP-r000:S-P02-S07:GS03:p0009,west,5,0,6
2734,CP-AP-r000:S-P02-S07:GS03:p0010,west,6,0,5
2735,CP-AP-r000:S-P02-S07:GS03:p0011,west,7,0,6
2736,CP-AP-r000:S-P02-S07:GS03:p0012,west,9,0,2
2737,CP-AP-r000:S-P02-S07:GS04:p0001,east,0,6,5
2738,CP-AP-r000:S-P02-S07:GS04:p0002,east,0,6,6
2739,CP-AP-r000:S-P02-S07:GS04:p0003,east,0,4,0
2740,CP-AP-r000:S-P02-S07:GS04:p0004,east,0,9,6
2741,CP-AP-r000:S-P02-S07:GS04:p0005,east,0,6,4
2742,CP-AP-r000:S-P02-S07:GS04:p0006,east,0,6,6
2743,CP-AP-r000:S-P02-S07:GS04:p0007,east,0,6,0
2744,CP-AP-r000:S-P02-S07:GS04:p0008,east,0,8,6
2745,CP-AP-r000:S-P02-S07:GS04:p0009,east,0,6,3
2746,CP-AP-r000:S-P02-S07:GS04:p0010,east,0,6,6
2747,CP-AP-r000:S-P02-S07:GS04:p0011,east,0,8,6
2748,CP-AP-r000:S-P02-S07:GS05:p0001,east,0,6,5
2749,CP-AP-r000:S-P02-S07:GS05:p0002,east,0,7,6
2750,CP-AP-r000:S-P02-S07:GS05:p0003,east,0,6,0
2751,CP-AP-r000:S-P02-S07:GS05:p0004,east,0,8,6
2752,CP-AP-r000:S-P02-S07:GS05:p0005,east,0,6,4
2753,CP-AP-r000:S-P02-S07:GS05:p0006,east,0,7,6
2754,CP-AP-r000:S-P02-S07:GS05:p0007,east,0,6,0
2755,CP-AP-r000:S-P02-S07:GS05:p0008,east,0,8,6
2756,CP-AP-r000:S-P02-S07:GS05:p0009,east,0,6,3
2757,CP-AP-r000:S-P02-S07:GS05:p0010,east,0,6,6
2758,CP-AP-r000:S-P02-S07:GS05:p0011,east,0,6,0
2759,CP-AP-r000:S-P02-S07:GS05:p0012,east,0,8,6
2760,CP-AP-r000:S-P02-S07:GS06:p0001,east,0,6,0
2761,CP-AP-r000:S-P02-S07:GS06:p0002,east,0,6,5
2762,CP-AP-r000:S-P02-S07:GS06:p0003,east,0,6,0
2763,CP-AP-r000:S-P02-S07:GS06:p0004,east,0,8,6
2764,CP-AP-r000:S-P02-S07:GS06:p0005,east,0,6,4
2765,CP-AP-r000:S-P02-S07:GS06:p0006,east,0,6,6
2766,CP-AP-r000:S-P02-S07:GS06:p0007,east,0,6,0
2767,CP-AP-r000:S-P02-S07:GS06:p0008,east,0,8,6
2768,CP-AP-r000:S-P02-S07:GS06:p0009,east,0,4,3
2769,CP-AP-r000:S-P02-S07:GS06:p0010,east,0,6,6
2770,CP-AP-r000:S-P02-S07:GS06:p0011,east,0,6,0
2771,CP-AP-r000:S-P02-S07:GS06:p0012,east,0,8,6
2772,CP-AP-r000:S-P02-S07:GS07:p0001,west,6,0,6
2773,CP-AP-r000:S-P02-S07:GS07:p0002,west,8,0,4
2774,CP-AP-r000:S-P02-S07:GS07:p0003,west,9,0,6
2775,CP-AP-r000:S-P02-S07:GS07:p0004,west,8,0,1
2776,CP-AP-r000:S-P02-S07:GS07:p0005,west,5,0,6
2777,CP-AP-r000:S-P02-S07:GS07:p0006,west,8,0,5
2778,CP-AP-r000:S-P02-S07:GS07:p0007,west,10,0,0
2779,CP-AP-r000:S-P02-S07:GS07:p0008,west,8,0,6
2780,CP-AP-r000:S-P02-S07:GS07:p0009,west,8,0,1
2781,CP-AP-r000:S-P02-S07:GS07:p0010,west,8,0,5
2782,CP-AP-r000:S-P02-S07:GS07:p0011,west,9,0,0
2783,CP-AP-r000:S-P02-S07:GS07:p0012,west,6,0,6
2784,CP-AP-r000:S-P02-S07:GS07:p0013,west,8,0,2
2785,CP-AP-r000:S-P02-S07:GS08:p0001,west,7,0,6
2786,CP-AP-r000:S-P02-S07:GS08:p0002,west,8,0,4
2787,CP-AP-r000:S-P02-S07:GS08:p0003,west,8,0,6
2788,CP-AP-r000:S-P02-S07:GS08:p0004,west,8,0,1
2789,CP-AP-r000:S-P02-S07:GS08:p0005,west,9,0,6
2790,CP-AP-r000:S-P02-S07:GS08:p0006,west,7,0,5
2791,CP-AP-r000:S-P02-S07:GS08:p0007,west,8,0,6
2792,CP-AP-r000:S-P02-S07:GS08:p0008,west,8,0,1
2793,CP-AP-r000:S-P02-S07:GS08:p0009,west,8,0,6
2794,CP-AP-r000:S-P02-S07:GS08:p0010,west,8,0,5
2795,CP-AP-r000:S-P02-S07:GS08:p0011,west,9,0,6
2796,CP-AP-r000:S-P02-S07:GS08:p0012,west,8,0,2
2797,CP-AP-r000:S-P02-S07:GS09:p0001,west,7,0,6
2798,CP-AP-r000:S-P02-S07:GS09:p0002,west,7,0,4
2799,CP-AP-r000:S-P02-S07:GS09:p0003,west,10,0,6
2800,CP-AP-r000:S-P02-S07:GS09:p0004,west,10,0,1
2801,CP-AP-r000:S-P02-S07:GS09:p0005,west,7,0,6
2802,CP-AP-r000:S-P02-S07:GS09:p0006,west,7,0,5
2803,CP-AP-r000:S-P02-S07:GS09:p0007,west,10,0,6
2804,CP-AP-r000:S-P02-S07:GS09:p0008,west,9,0,1
2805,CP-AP-r000:S-P02-S07:GS09:p0009,west,7,0,6
2806,CP-AP-r000:S-P02-S07:GS09:p0010,west,8,0,5
2807,CP-AP-r000:S-P02-S07:GS09:p0011,west,8,0,6
2808,CP-AP-r000:S-P02-S07:GS09:p0012,west,8,0,2
2809,CP-AP-r000:S-P02-S07:GS10:p0001,east,0,8,5
2810,CP-AP-r000:S-P02-S07:GS10:p0002,east,0,10,6
2811,CP-AP-r000:S-P02-S07:GS10:p0003,east,0,4,0
2812,CP-AP-r000:S-P02-S07:GS10:p0004,east,0,8,6
2813,CP-AP-r000:S-P02-S07:GS10:p0005,east,0,9,6
2814,CP-AP-r000:S-P02-S07:GS10:p0006,east,0,8,4
2815,CP-AP-r000:S-P02-S07:GS10:p0007,east,0,11,6
2816,CP-AP-r000:S-P02-S07:GS10:p0008,east,0,8,6
2817,CP-AP-r000:S-P02-S07:GS10:p0009,east,0,10,6
2818,CP-AP-r000:S-P02-S07:GS10:p0010,east,0,7,3
2819,CP-AP-r000:S-P02-S07:GS10:p0011,east,0,10,6
2820,CP-AP-r000:S-P02-S07:GS10:p0012,east,0,10,6
2821,CP-AP-r000:S-P02-S07:GS10:p0013,east,0,10,6
2822,CP-AP-r000:S-P02-S07:GS11:p0001,east,0,6,0
2823,CP-AP-r000:S-P02-S07:GS11:p0002,east,0,8,5
2824,CP-AP-r000:S-P02-S07:GS11:p0003,east,0,9,6
2825,CP-AP-r000:S-P02-S07:GS11:p0004,east,0,8,0
2826,CP-AP-r000:S-P02-S07:GS11:p0005,east,0,8,6
2827,CP-AP-r000:S-P02-S07:GS11:p0006,east,0,6,0
2828,CP-AP-r000:S-P02-S07:GS11:p0007,east,0,8,4
2829,CP-AP-r000:S-P02-S07:GS11:p0008,east,0,8,6
2830,CP-AP-r000:S-P02-S07:GS11:p0009,east,0,8,0
2831,CP-AP-r000:S-P02-S07:GS11:p0010,east,0,8,6
2832,CP-AP-r000:S-P02-S07:GS11:p0011,east,0,8,3
2833,CP-AP-r000:S-P02-S07:GS11:p0012,east,0,10,6
2834,CP-AP-r000:S-P02-S07:GS11:p0013,east,0,6,0
2835,CP-AP-r000:S-P02-S07:GS11:p0014,east,0,8,6
2836,CP-AP-r000:S-P02-S07:GS11:p0015,east,0,10,6
2837,CP-AP-r000:S-P02-S07:GS12:p0001,east,0,8,0
2838,CP-AP-r000:S-P02-S07:GS12:p0002,east,0,9,5
2839,CP-AP-r000:S-P02-S07:GS12:p0003,east,0,8,0
2840,CP-AP-r000:S-P02-S07:GS12:p0004,east,0,8,6
2841,CP-AP-r000:S-P02-S07:GS12:p0005,east,0,8,0
2842,CP-AP-r000:S-P02-S07:GS12:p0006,east,0,7,4
2843,CP-AP-r000:S-P02-S07:GS12:p0007,east,0,9,0
2844,CP-AP-r000:S-P02-S07:GS12:p0008,east,0,8,6
2845,CP-AP-r000:S-P02-S07:GS12:p0009,east,0,5,0
2846,CP-AP-r000:S-P02-S07:GS12:p0010,east,0,8,3
2847,CP-AP-r000:S-P02-S07:GS12:p0011,east,0,9,0
2848,CP-AP-r000:S-P02-S07:GS12:p0012,east,0,8,6
2849,CP-AP-r000:S-P02-S07:GS12:p0013,east,0,1,0
2850,CP-AP-r000:S-P02-S08:GS01:p0001,west,5,0,4
2851,CP-AP-r000:S-P02-S08:GS01:p0002,west,6,0,0
2852,CP-AP-r000:S-P02-S08:GS01:p0003,west,7,0,6
2853,CP-AP-r000:S-P02-S08:GS01:p0004,west,8,0,1
2854,CP-AP-r000:S-P02-S08:GS01:p0005,west,6,0,5
2855,CP-AP-r000:S-P02-S08:GS01:p0006,west,8,0,0
2856,CP-AP-r000:S-P02-S08:GS01:p0007,west,7,0,6
2857,CP-AP-r000:S-P02-S08:GS01:p0008,west,8,0,1
2858,CP-AP-r000:S-P02-S08:GS01:p0009,west,7,0,6
2859,CP-AP-r000:S-P02-S08:GS01:p0010,west,8,0,0
2860,CP-AP-r000:S-P02-S08:GS01:p0011,west,7,0,6
2861,CP-AP-r000:S-P02-S08:GS01:p0012,west,8,0,2
2862,CP-AP-r000:S-P02-S08:GS02:p0001,west,4,0,6
2863,CP-AP-r000:S-P02-S08:GS02:p0002,west,7,0,4
2864,CP-AP-r000:S-P02-S08:GS02:p0003,west,7,0,6
2865,CP-AP-r000:S-P02-S08:GS02:p0004,west,8,0,1
2866,CP-AP-r000:S-P02-S08:GS02:p0005,west,7,0,5
2867,CP-AP-r000:S-P02-S08:GS02:p0006,west,7,0,6
2868,CP-AP-r000:S-P02-S08:GS02:p0007,west,8,0,1
2869,CP-AP-r000:S-P02-S08:GS02:p0008,west,6,0,6
2870,CP-AP-r000:S-P02-S08:GS02:p0009,west,7,0,0
2871,CP-AP-r000:S-P02-S08:GS02:p0010,west,7,0,6
2872,CP-AP-r000:S-P02-S08:GS02:p0011,west,8,0,2
2873,CP-AP-r000:S-P02-S08:GS03:p0001,west,7,0,6
2874,CP-AP-r000:S-P02-S08:GS03:p0002,west,7,0,4
2875,CP-AP-r000:S-P02-S08:GS03:p0003,west,8,0,6
2876,CP-AP-r000:S-P02-S08:GS03:p0004,west,7,0,1
2877,CP-AP-r000:S-P02-S08:GS03:p0005,west,8,0,6
2878,CP-AP-r000:S-P02-S08:GS03:p0006,west,6,0,5
2879,CP-AP-r000:S-P02-S08:GS03:p0007,west,9,0,6
2880,CP-AP-r000:S-P02-S08:GS03:p0008,west,6,0,1
2881,CP-AP-r000:S-P02-S08:GS03:p0009,west,6,0,6
2882,CP-AP-r000:S-P02-S08:GS03:p0010,west,7,0,6
2883,CP-AP-r000:S-P02-S08:GS03:p0011,west,7,0,6
2884,CP-AP-r000:S-P02-S08:GS03:p0012,west,8,0,2
2885,CP-AP-r000:S-P02-S08:GS04:p0001,east,0,7,5
2886,CP-AP-r000:S-P02-S08:GS04:p0002,east,0,7,6
2887,CP-AP-r000:S-P02-S08:GS04:p0003,east,0,6,0
2888,CP-AP-r000:S-P02-S08:GS04:p0004,east,0,9,6
2889,CP-AP-r000:S-P02-S08:GS04:p0005,east,0,7,4
2890,CP-AP-r000:S-P02-S08:GS04:p0006,east,0,7,6
2891,CP-AP-r000:S-P02-S08:GS04:p0007,east,0,7,0
2892,CP-AP-r000:S-P02-S08:GS04:p0008,east,0,8,6
2893,CP-AP-r000:S-P02-S08:GS04:p0009,east,0,7,3
2894,CP-AP-r000:S-P02-S08:GS04:p0010,east,0,7,6
2895,CP-AP-r000:S-P02-S08:GS04:p0011,east,0,8,6
2896,CP-AP-r000:S-P02-S08:GS05:p0001,east,0,6,5
2897,CP-AP-r000:S-P02-S08:GS05:p0002,east,0,7,6
2898,CP-AP-r000:S-P02-S08:GS05:p0003,east,0,7,0
2899,CP-AP-r000:S-P02-S08:GS05:p0004,east,0,8,6
2900,CP-AP-r000:S-P02-S08:GS05:p0005,east,0,7,4
2901,CP-AP-r000:S-P02-S08:GS05:p0006,east,0,8,6
2902,CP-AP-r000:S-P02-S08:GS05:p0007,east,0,7,0
2903,CP-AP-r000:S-P02-S08:GS05:p0008,east,0,8,6
2904,CP-AP-r000:S-P02-S08:GS05:p0009,east,0,7,3
2905,CP-AP-r000:S-P02-S08:GS05:p0010,east,0,7,6
2906,CP-AP-r000:S-P02-S08:GS05:p0011,east,0,8,0
2907,CP-AP-r000:S-P02-S08:GS05:p0012,east,0,8,6
2908,CP-AP-r000:S-P02-S08:GS06:p0001,east,0,7,5
2909,CP-AP-r000:S-P02-S08:GS06:p0002,east,0,7,0
2910,CP-AP-r000:S-P02-S08:GS06:p0003,east,0,8,6
2911,CP-AP-r000:S-P02-S08:GS06:p0004,east,0,7,4
2912,CP-AP-r000:S-P02-S08:GS06:p0005,east,0,7,6
2913,CP-AP-r000:S-P02-S08:GS06:p0006,east,0,7,0
2914,CP-AP-r000:S-P02-S08:GS06:p0007,east,0,8,6
2915,CP-AP-r000:S-P02-S08:GS06:p0008,east,0,5,3
2916,CP-AP-r000:S-P02-S08:GS06:p0009,east,0,6,6
2917,CP-AP-r000:S-P02-S08:GS06:p0010,east,0,7,0
2918,CP-AP-r000:S-P02-S08:GS06:p0011,east,0,8,6
2919,CP-AP-r000:S-P02-S08:GS07:p0001,west,7,0,6
2920,CP-AP-r000:S-P02-S08:GS07:p0002,west,7,0,4
2921,CP-AP-r000:S-P02-S08:GS07:p0003,west,9,0,0
2922,CP-AP-r000:S-P02-S08:GS07:p0004,west,10,0,6
2923,CP-AP-r000:S-P02-S08:GS07:p0005,west,8,0,1
2924,CP-AP-r000:S-P02-S08:GS07:p0006,west,7,0,6
2925,CP-AP-r000:S-P02-S08:GS07:p0007,west,8,0,5
2926,CP-AP-r000:S-P02-S08:GS07:p0008,west,8,0,0
2927,CP-AP-r000:S-P02-S08:GS07:p0009,west,8,0,6
2928,CP-AP-r000:S-P02-S08:GS07:p0010,west,8,0,1
2929,CP-AP-r000:S-P02-S08:GS07:p0011,west,8,0,6
2930,CP-AP-r000:S-P02-S08:GS07:p0012,west,8,0,0
2931,CP-AP-r000:S-P02-S08:GS07:p0013,west,6,0,6
2932,CP-AP-r000:S-P02-S08:GS07:p0014,west,8,0,2
2933,CP-AP-r000:S-P02-S08:GS07:p0015,west,9,0,0
2934,CP-AP-r000:S-P02-S08:GS08:p0001,west,10,0,6
2935,CP-AP-r000:S-P02-S08:GS08:p0002,west,8,0,4
2936,CP-AP-r000:S-P02-S08:GS08:p0003,west,9,0,6
2937,CP-AP-r000:S-P02-S08:GS08:p0004,west,8,0,1
2938,CP-AP-r000:S-P02-S08:GS08:p0005,west,9,0,6
2939,CP-AP-r000:S-P02-S08:GS08:p0006,west,7,0,5
2940,CP-AP-r000:S-P02-S08:GS08:p0007,west,9,0,6
2941,CP-AP-r000:S-P02-S08:GS08:p0008,west,8,0,1
2942,CP-AP-r000:S-P02-S08:GS08:p0009,west,8,0,6
2943,CP-AP-r000:S-P02-S08:GS08:p0010,west,7,0,6
2944,CP-AP-r000:S-P02-S08:GS08:p0011,west,10,0,6
2945,CP-AP-r000:S-P02-S08:GS08:p0012,west,8,0,2
2946,CP-AP-r000:S-P02-S08:GS09:p0001,west,8,0,6
2947,CP-AP-r000:S-P02-S08:GS09:p0002,west,8,0,4
2948,CP-AP-r000:S-P02-S08:GS09:p0003,west,10,0,6
2949,CP-AP-r000:S-P02-S08:GS09:p0004,west,9,0,1
2950,CP-AP-r000:S-P02-S08:GS09:p0005,west,8,0,6
2951,CP-AP-r000:S-P02-S08:GS09:p0006,west,8,0,5
2952,CP-AP-r000:S-P02-S08:GS09:p0007,west,10,0,6
2953,CP-AP-r000:S-P02-S08:GS09:p0008,west,8,0,1
2954,CP-AP-r000:S-P02-S08:GS09:p0009,west,9,0,6
2955,CP-AP-r000:S-P02-S08:GS09:p0010,west,8,0,6
2956,CP-AP-r000:S-P02-S08:GS09:p0011,west,8,0,6
2957,CP-AP-r000:S-P02-S08:GS09:p0012,west,8,0,2
2958,CP-AP-r000:S-P02-S08:GS10:p0001,east,0,8,5
2959,CP-AP-r000:S-P02-S08:GS10:p0002,east,0,10,6
2960,CP-AP-r000:S-P02-S08:GS10:p0003,east,0,8,0
2961,CP-AP-r000:S-P02-S08:GS10:p0004,east,0,8,6
2962,CP-AP-r000:S-P02-S08:GS10:p0005,east,0,8,6
2963,CP-AP-r000:S-P02-S08:GS10:p0006,east,0,8,4
2964,CP-AP-r000:S-P02-S08:GS10:p0007,east,0,10,6
2965,CP-AP-r000:S-P02-S08:GS10:p0008,east,0,8,6
2966,CP-AP-r000:S-P02-S08:GS10:p0009,east,0,9,6
2967,CP-AP-r000:S-P02-S08:GS10:p0010,east,0,8,3
2968,CP-AP-r000:S-P02-S08:GS10:p0011,east,0,10,6
2969,CP-AP-r000:S-P02-S08:GS10:p0012,east,0,10,6
2970,CP-AP-r000:S-P02-S08:GS10:p0013,east,0,10,6
2971,CP-AP-r000:S-P02-S08:GS11:p0001,east,0,7,0
2972,CP-AP-r000:S-P02-S08:GS11:p0002,east,0,7,5
2973,CP-AP-r000:S-P02-S08:GS11:p0003,east,0,7,6
2974,CP-AP-r000:S-P02-S08:GS11:p0004,east,0,8,0
2975,CP-AP-r000:S-P02-S08:GS11:p0005,east,0,8,6
2976,CP-AP-r000:S-P02-S08:GS11:p0006,east,0,7,0
2977,CP-AP-r000:S-P02-S08:GS11:p0007,east,0,8,4
2978,CP-AP-r000:S-P02-S08:GS11:p0008,east,0,7,6
2979,CP-AP-r000:S-P02-S08:GS11:p0009,east,0,8,0
2980,CP-AP-r000:S-P02-S08:GS11:p0010,east,0,8,6
2981,CP-AP-r000:S-P02-S08:GS11:p0011,east,0,8,3
2982,CP-AP-r000:S-P02-S08:GS11:p0012,east,0,9,6
2983,CP-AP-r000:S-P02-S08:GS11:p0013,east,0,9,0
2984,CP-AP-r000:S-P02-S08:GS11:p0014,east,0,8,6
2985,CP-AP-r000:S-P02-S08:GS11:p0015,east,0,8,6
2986,CP-AP-r000:S-P02-S08:GS12:p0001,east,0,9,0
2987,CP-AP-r000:S-P02-S08:GS12:p0002,east,0,9,5
2988,CP-AP-r000:S-P02-S08:GS12:p0003,east,0,9,0
2989,CP-AP-r000:S-P02-S08:GS12:p0004,east,0,8,6
2990,CP-AP-r000:S-P02-S08:GS12:p0005,east,0,9,0
2991,CP-AP-r000:S-P02-S08:GS12:p0006,east,0,7,4
2992,CP-AP-r000:S-P02-S08:GS12:p0007,east,0,10,0
2993,CP-AP-r000:S-P02-S08:GS12:p0008,east,0,8,6
2994,CP-AP-r000:S-P02-S08:GS12:p0009,east,0,6,0
2995,CP-AP-r000:S-P02-S08:GS12:p0010,east,0,7,3
2996,CP-AP-r000:S-P02-S08:GS12:p0011,east,0,9,6
2997,CP-AP-r000:S-P02-S08:GS12:p0012,east,0,10,0
2998,CP-AP-r000:S-P02-S08:GS12:p0013,east,0,8,6
2999,CP-AP-r000:S-P02-S08:GS12:p0014,east,0,3,0
3000,CP-AP-r000:S-P02-S09:GS01:p0001,west,6,0,5
3001,CP-AP-r000:S-P02-S09:GS01:p0002,west,7,0,0
3002,CP-AP-r000:S-P02-S09:GS01:p0003,west,6,0,6
3003,CP-AP-r000:S-P02-S09:GS01:p0004,west,8,0,2
3004,CP-AP-r000:S-P02-S09:GS01:p0005,west,6,0,6
3005,CP-AP-r000:S-P02-S09:GS01:p0006,west,6,0,0
3006,CP-AP-r000:S-P02-S09:GS01:p0007,west,6,0,6
3007,CP-AP-r000:S-P02-S09:GS01:p0008,west,8,0,3
3008,CP-AP-r000:S-P02-S09:GS01:p0009,west,6,0,6
3009,CP-AP-r000:S-P02-S09:GS01:p0010,west,6,0,0
3010,CP-AP-r000:S-P02-S09:GS01:p0011,west,4,0,6
3011,CP-AP-r000:S-P02-S09:GS01:p0012,west,10,0,3
3012,CP-AP-r000:S-P02-S09:GS02:p0001,west,6,0,5
3013,CP-AP-r000:S-P02-S09:GS02:p0002,west,7,0,0
3014,CP-AP-r000:S-P02-S09:GS02:p0003,west,6,0,6
3015,CP-AP-r000:S-P02-S09:GS02:p0004,west,8,0,2
3016,CP-AP-r000:S-P02-S09:GS02:p0005,west,4,0,6
3017,CP-AP-r000:S-P02-S09:GS02:p0006,west,6,0,0
3018,CP-AP-r000:S-P02-S09:GS02:p0007,west,6,0,6
3019,CP-AP-r000:S-P02-S09:GS02:p0008,west,8,0,3
3020,CP-AP-r000:S-P02-S09:GS02:p0009,west,6,0,6
3021,CP-AP-r000:S-P02-S09:GS02:p0010,west,8,0,0
3022,CP-AP-r000:S-P02-S09:GS02:p0011,west,6,0,6
3023,CP-AP-r000:S-P02-S09:GS02:p0012,west,8,0,3
3024,CP-AP-r000:S-P02-S09:GS03:p0001,west,5,0,6
3025,CP-AP-r000:S-P02-S09:GS03:p0002,west,5,0,5
3026,CP-AP-r000:S-P02-S09:GS03:p0003,west,8,0,6
3027,CP-AP-r000:S-P02-S09:GS03:p0004,west,9,0,2
3028,CP-AP-r000:S-P02-S09:GS03:p0005,west,6,0,6
3029,CP-AP-r000:S-P02-S09:GS03:p0006,west,6,0,6
3030,CP-AP-r000:S-P02-S09:GS03:p0007,west,6,0,6
3031,CP-AP-r000:S-P02-S09:GS03:p0008,west,8,0,3
3032,CP-AP-r000:S-P02-S09:GS03:p0009,west,6,0,6
3033,CP-AP-r000:S-P02-S09:GS03:p0010,west,6,0,6
3034,CP-AP-r000:S-P02-S09:GS03:p0011,west,8,0,3
3035,CP-AP-r000:S-P02-S09:GS04:p0001,east,0,6,4
3036,CP-AP-r000:S-P02-S09:GS04:p0002,east,0,6,6
3037,CP-AP-r000:S-P02-S09:GS04:p0003,east,0,8,6
3038,CP-AP-r000:S-P02-S09:GS04:p0004,east,0,6,3
3039,CP-AP-r000:S-P02-S09:GS04:p0005,east,0,6,6
3040,CP-AP-r000:S-P02-S09:GS04:p0006,east,0,8,6
3041,CP-AP-r000:S-P02-S09:GS04:p0007,east,0,7,6
3042,CP-AP-r000:S-P02-S09:GS04:p0008,east,0,6,2
3043,CP-AP-r000:S-P02-S09:GS04:p0009,east,0,4,6
3044,CP-AP-r000:S-P02-S09:GS04:p0010,east,0,9,5
3045,CP-AP-r000:S-P02-S09:GS04:p0011,east,0,7,6
3046,CP-AP-r000:S-P02-S09:GS05:p0001,east,0,6,4
3047,CP-AP-r000:S-P02-S09:GS05:p0002,east,0,6,6
3048,CP-AP-r000:S-P02-S09:GS05:p0003,east,0,6,0
3049,CP-AP-r000:S-P02-S09:GS05:p0004,east,0,8,6
3050,CP-AP-r000:S-P02-S09:GS05:p0005,east,0,6,3
3051,CP-AP-r000:S-P02-S09:GS05:p0006,east,0,6,6
3052,CP-AP-r000:S-P02-S09:GS05:p0007,east,0,4,0
3053,CP-AP-r000:S-P02-S09:GS05:p0008,east,0,10,6
3054,CP-AP-r000:S-P02-S09:GS05:p0009,east,0,6,2
3055,CP-AP-r000:S-P02-S09:GS05:p0010,east,0,6,6
3056,CP-AP-r000:S-P02-S09:GS05:p0011,east,0,6,0
3057,CP-AP-r000:S-P02-S09:GS05:p0012,east,0,8,5
3058,CP-AP-r000:S-P02-S09:GS06:p0001,east,0,4,4
3059,CP-AP-r000:S-P02-S09:GS06:p0002,east,0,6,6
3060,CP-AP-r000:S-P02-S09:GS06:p0003,east,0,6,0
3061,CP-AP-r000:S-P02-S09:GS06:p0004,east,0,8,6
3062,CP-AP-r000:S-P02-S09:GS06:p0005,east,0,6,3
3063,CP-AP-r000:S-P02-S09:GS06:p0006,east,0,8,6
3064,CP-AP-r000:S-P02-S09:GS06:p0007,east,0,6,0
3065,CP-AP-r000:S-P02-S09:GS06:p0008,east,0,8,6
3066,CP-AP-r000:S-P02-S09:GS06:p0009,east,0,6,2
3067,CP-AP-r000:S-P02-S09:GS06:p0010,east,0,7,6
3068,CP-AP-r000:S-P02-S09:GS06:p0011,east,0,6,0
3069,CP-AP-r000:S-P02-S09:GS06:p0012,east,0,8,5
3070,CP-AP-r000:S-P02-S09:GS07:p0001,west,7,0,6
3071,CP-AP-r000:S-P02-S09:GS07:p0002,west,8,0,5
3072,CP-AP-r000:S-P02-S09:GS07:p0003,west,9,0,0
3073,CP-AP-r000:S-P02-S09:GS07:p0004,west,7,0,6
3074,CP-AP-r000:S-P02-S09:GS07:p0005,west,8,0,2
3075,CP-AP-r000:S-P02-S09:GS07:p0006,west,8,0,6
3076,CP-AP-r000:S-P02-S09:GS07:p0007,west,10,0,0
3077,CP-AP-r000:S-P02-S09:GS07:p0008,west,6,0,6
3078,CP-AP-r000:S-P02-S09:GS07:p0009,west,8,0,3
3079,CP-AP-r000:S-P02-S09:GS07:p0010,west,10,0,0
3080,CP-AP-r000:S-P02-S09:GS07:p0011,west,8,0,6
3081,CP-AP-r000:S-P02-S09:GS07:p0012,west,10,0,0
3082,CP-AP-r000:S-P02-S09:GS07:p0013,west,8,0,3
3083,CP-AP-r000:S-P02-S09:GS07:p0014,west,9,0,0
3084,CP-AP-r000:S-P02-S09:GS08:p0001,west,8,0,6
3085,CP-AP-r000:S-P02-S09:GS08:p0002,west,8,0,5
3086,CP-AP-r000:S-P02-S09:GS08:p0003,west,9,0,6
3087,CP-AP-r000:S-P02-S09:GS08:p0004,west,8,0,2
3088,CP-AP-r000:S-P02-S09:GS08:p0005,west,6,0,6
3089,CP-AP-r000:S-P02-S09:GS08:p0006,west,8,0,6
3090,CP-AP-r000:S-P02-S09:GS08:p0007,west,9,0,0
3091,CP-AP-r000:S-P02-S09:GS08:p0008,west,8,0,6
3092,CP-AP-r000:S-P02-S09:GS08:p0009,west,8,0,3
3093,CP-AP-r000:S-P02-S09:GS08:p0010,west,5,0,6
3094,CP-AP-r000:S-P02-S09:GS08:p0011,west,8,0,6
3095,CP-AP-r000:S-P02-S09:GS08:p0012,west,10,0,0
3096,CP-AP-r000:S-P02-S09:GS08:p0013,west,8,0,6
3097,CP-AP-r000:S-P02-S09:GS08:p0014,west,8,0,3
3098,CP-AP-r000:S-P02-S09:GS09:p0001,west,7,0,6
3099,CP-AP-r000:S-P02-S09:GS09:p0002,west,7,0,5
3100,CP-AP-r000:S-P02-S09:GS09:p0003,west,8,0,6
3101,CP-AP-r000:S-P02-S09:GS09:p0004,west,8,0,2
3102,CP-AP-r000:S-P02-S09:GS09:p0005,west,8,0,6
3103,CP-AP-r000:S-P02-S09:GS09:p0006,west,8,0,6
3104,CP-AP-r000:S-P02-S09:GS09:p0007,west,8,0,6
3105,CP-AP-r000:S-P02-S09:GS09:p0008,west,8,0,3
3106,CP-AP-r000:S-P02-S09:GS09:p0009,west,8,0,6
3107,CP-AP-r000:S-P02-S09:GS09:p0010,west,7,0,6
3108,CP-AP-r000:S-P02-S09:GS09:p0011,west,8,0,6
3109,CP-AP-r000:S-P02-S09:GS09:p0012,west,8,0,3
3110,CP-AP-r000:S-P02-S09:GS10:p0001,east,0,7,4
3111,CP-AP-r000:S-P02-S09:GS10:p0002,east,0,11,6
3112,CP-AP-r000:S-P02-S09:GS10:p0003,east,0,10,6
3113,CP-AP-r000:S-P02-S09:GS10:p0004,east,0,10,6
3114,CP-AP-r000:S-P02-S09:GS10:p0005,east,0,7,3
3115,CP-AP-r000:S-P02-S09:GS10:p0006,east,0,7,6
3116,CP-AP-r000:S-P02-S09:GS10:p0007,east,0,10,6
3117,CP-AP-r000:S-P02-S09:GS10:p0008,east,0,10,6
3118,CP-AP-r000:S-P02-S09:GS10:p0009,east,0,7,2
3119,CP-AP-r000:S-P02-S09:GS10:p0010,east,0,7,6
3120,CP-AP-r000:S-P02-S09:GS10:p0011,east,0,10,5
3121,CP-AP-r000:S-P02-S09:GS10:p0012,east,0,8,6
3122,CP-AP-r000:S-P02-S09:GS11:p0001,east,0,8,4
3123,CP-AP-r000:S-P02-S09:GS11:p0002,east,0,10,6
3124,CP-AP-r000:S-P02-S09:GS11:p0003,east,0,7,0
3125,CP-AP-r000:S-P02-S09:GS11:p0004,east,0,8,6
3126,CP-AP-r000:S-P02-S09:GS11:p0005,east,0,10,6
3127,CP-AP-r000:S-P02-S09:GS11:p0006,east,0,8,3
3128,CP-AP-r000:S-P02-S09:GS11:p0007,east,0,10,6
3129,CP-AP-r000:S-P02-S09:GS11:p0008,east,0,5,0
3130,CP-AP-r000:S-P02-S09:GS11:p0009,east,0,8,6
3131,CP-AP-r000:S-P02-S09:GS11:p0010,east,0,8,6
3132,CP-AP-r000:S-P02-S09:GS11:p0011,east,0,8,2
3133,CP-AP-r000:S-P02-S09:GS11:p0012,east,0,10,6
3134,CP-AP-r000:S-P02-S09:GS11:p0013,east,0,9,5
3135,CP-AP-r000:S-P02-S09:GS11:p0014,east,0,10,6
3136,CP-AP-r000:S-P02-S09:GS12:p0001,east,0,6,0
3137,CP-AP-r000:S-P02-S09:GS12:p0002,east,0,8,4
3138,CP-AP-r000:S-P02-S09:GS12:p0003,east,0,9,0
3139,CP-AP-r000:S-P02-S09:GS12:p0004,east,0,8,6
3140,CP-AP-r000:S-P02-S09:GS12:p0005,east,0,5,0
3141,CP-AP-r000:S-P02-S09:GS12:p0006,east,0,8,3
3142,CP-AP-r000:S-P02-S09:GS12:p0007,east,0,9,6
3143,CP-AP-r000:S-P02-S09:GS12:p0008,east,0,8,0
3144,CP-AP-r000:S-P02-S09:GS12:p0009,east,0,8,6
3145,CP-AP-r000:S-P02-S09:GS12:p0010,east,0,8,2
3146,CP-AP-r000:S-P02-S09:GS12:p0011,east,0,9,6
3147,CP-AP-r000:S-P02-S09:GS12:p0012,east,0,7,0
3148,CP-AP-r000:S-P02-S09:GS12:p0013,east,0,8,5
3149,CP-AP-r000:S-P02-S10:GS01:p0001,west,7,0,5
3150,CP-AP-r000:S-P02-S10:GS01:p0002,west,8,0,0
3151,CP-AP-r000:S-P02-S10:GS01:p0003,west,7,0,6
3152,CP-AP-r000:S-P02-S10:GS01:p0004,west,8,0,2
3153,CP-AP-r000:S-P02-S10:GS01:p0005,west,7,0,6
3154,CP-AP-r000:S-P02-S10:GS01:p0006,west,7,0,0
3155,CP-AP-r000:S-P02-S10:GS01:p0007,west,8,0,6
3156,CP-AP-r000:S-P02-S10:GS01:p0008,west,8,0,3
3157,CP-AP-r000:S-P02-S10:GS01:p0009,west,7,0,6
3158,CP-AP-r000:S-P02-S10:GS01:p0010,west,7,0,0
3159,CP-AP-r000:S-P02-S10:GS01:p0011,west,7,0,6
3160,CP-AP-r000:S-P02-S10:GS01:p0012,west,10,0,4
3161,CP-AP-r000:S-P02-S10:GS02:p0001,west,7,0,5
3162,CP-AP-r000:S-P02-S10:GS02:p0002,west,7,0,0
3163,CP-AP-r000:S-P02-S10:GS02:p0003,west,7,0,6
3164,CP-AP-r000:S-P02-S10:GS02:p0004,west,8,0,2
3165,CP-AP-r000:S-P02-S10:GS02:p0005,west,5,0,6
3166,CP-AP-r000:S-P02-S10:GS02:p0006,west,6,0,0
3167,CP-AP-r000:S-P02-S10:GS02:p0007,west,7,0,6
3168,CP-AP-r000:S-P02-S10:GS02:p0008,west,8,0,3
3169,CP-AP-r000:S-P02-S10:GS02:p0009,west,6,0,6
3170,CP-AP-r000:S-P02-S10:GS02:p0010,west,8,0,0
3171,CP-AP-r000:S-P02-S10:GS02:p0011,west,7,0,6
3172,CP-AP-r000:S-P02-S10:GS02:p0012,west,8,0,4
3173,CP-AP-r000:S-P02-S10:GS03:p0001,west,6,0,6
3174,CP-AP-r000:S-P02-S10:GS03:p0002,west,7,0,5
3175,CP-AP-r000:S-P02-S10:GS03:p0003,west,9,0,6
3176,CP-AP-r000:S-P02-S10:GS03:p0004,west,8,0,2
3177,CP-AP-r000:S-P02-S10:GS03:p0005,west,4,0,6
3178,CP-AP-r000:S-P02-S10:GS03:p0006,west,7,0,6
3179,CP-AP-r000:S-P02-S10:GS03:p0007,west,7,0,6
3180,CP-AP-r000:S-P02-S10:GS03:p0008,west,8,0,3
3181,CP-AP-r000:S-P02-S10:GS03:p0009,west,7,0,6
3182,CP-AP-r000:S-P02-S10:GS03:p0010,west,7,0,6
3183,CP-AP-r000:S-P02-S10:GS03:p0011,west,8,0,4
3184,CP-AP-r000:S-P02-S10:GS04:p0001,east,0,7,3
3185,CP-AP-r000:S-P02-S10:GS04:p0002,east,0,7,6
3186,CP-AP-r000:S-P02-S10:GS04:p0003,east,0,8,6
3187,CP-AP-r000:S-P02-S10:GS04:p0004,east,0,7,3
3188,CP-AP-r000:S-P02-S10:GS04:p0005,east,0,7,6
3189,CP-AP-r000:S-P02-S10:GS04:p0006,east,0,8,6
3190,CP-AP-r000:S-P02-S10:GS04:p0007,east,0,7,6
3191,CP-AP-r000:S-P02-S10:GS04:p0008,east,0,8,2
3192,CP-AP-r000:S-P02-S10:GS04:p0009,east,0,6,6
3193,CP-AP-r000:S-P02-S10:GS04:p0010,east,0,10,5
3194,CP-AP-r000:S-P02-S10:GS04:p0011,east,0,6,6
3195,CP-AP-r000:S-P02-S10:GS05:p0001,east,0,7,3
3196,CP-AP-r000:S-P02-S10:GS05:p0002,east,0,7,6
3197,CP-AP-r000:S-P02-S10:GS05:p0003,east,0,8,0
3198,CP-AP-r000:S-P02-S10:GS05:p0004,east,0,8,6
3199,CP-AP-r000:S-P02-S10:GS05:p0005,east,0,7,3
3200,CP-AP-r000:S-P02-S10:GS05:p0006,east,0,7,6
3201,CP-AP-r000:S-P02-S10:GS05:p0007,east,0,6,0
3202,CP-AP-r000:S-P02-S10:GS05:p0008,east,0,10,6
3203,CP-AP-r000:S-P02-S10:GS05:p0009,east,0,7,2
3204,CP-AP-r000:S-P02-S10:GS05:p0010,east,0,7,6
3205,CP-AP-r000:S-P02-S10:GS05:p0011,east,0,7,0
3206,CP-AP-r000:S-P02-S10:GS05:p0012,east,0,8,5
3207,CP-AP-r000:S-P02-S10:GS06:p0001,east,0,5,3
3208,CP-AP-r000:S-P02-S10:GS06:p0002,east,0,6,6
3209,CP-AP-r000:S-P02-S10:GS06:p0003,east,0,7,0
3210,CP-AP-r000:S-P02-S10:GS06:p0004,east,0,8,6
3211,CP-AP-r000:S-P02-S10:GS06:p0005,east,0,6,3
3212,CP-AP-r000:S-P02-S10:GS06:p0006,east,0,8,6
3213,CP-AP-r000:S-P02-S10:GS06:p0007,east,0,7,0
3214,CP-AP-r000:S-P02-S10:GS06:p0008,east,0,8,6
3215,CP-AP-r000:S-P02-S10:GS06:p0009,east,0,7,2
3216,CP-AP-r000:S-P02-S10:GS06:p0010,east,0,8,6
3217,CP-AP-r000:S-P02-S10:GS06:p0011,east,0,7,0
3218,CP-AP-r000:S-P02-S10:GS06:p0012,east,0,8,5
3219,CP-AP-r000:S-P02-S10:GS07:p0001,west,8,0,5
3220,CP-AP-r000:S-P02-S10:GS07:p0002,west,8,0,0
3221,CP-AP-r000:S-P02-S10:GS07:p0003,west,7,0,6
3222,CP-AP-r000:S-P02-S10:GS07:p0004,west,8,0,2
3223,CP-AP-r000:S-P02-S10:GS07:p0005,west,9,0,0
3224,CP-AP-r000:S-P02-S10:GS07:p0006,west,8,0,6
3225,CP-AP-r000:S-P02-S10:GS07:p0007,west,10,0,0
3226,CP-AP-r000:S-P02-S10:GS07:p0008,west,8,0,6
3227,CP-AP-r000:S-P02-S10:GS07:p0009,west,8,0,3
3228,CP-AP-r000:S-P02-S10:GS07:p0010,west,8,0,0
3229,CP-AP-r000:S-P02-S10:GS07:p0011,west,8,0,6
3230,CP-AP-r000:S-P02-S10:GS07:p0012,west,10,0,0
3231,CP-AP-r000:S-P02-S10:GS07:p0013,west,8,0,4
3232,CP-AP-r000:S-P02-S10:GS07:p0014,west,8,0,0
3233,CP-AP-r000:S-P02-S10:GS08:p0001,west,9,0,6
3234,CP-AP-r000:S-P02-S10:GS08:p0002,west,7,0,5
3235,CP-AP-r000:S-P02-S10:GS08:p0003,west,10,0,6
3236,CP-AP-r000:S-P02-S10:GS08:p0004,west,8,0,2
3237,CP-AP-r000:S-P02-S10:GS08:p0005,west,7,0,6
3238,CP-AP-r000:S-P02-S10:GS08:p0006,west,7,0,6
3239,CP-AP-r000:S-P02-S10:GS08:p0007,west,8,0,0
3240,CP-AP-r000:S-P02-S10:GS08:p0008,west,9,0,6
3241,CP-AP-r000:S-P02-S10:GS08:p0009,west,8,0,3
3242,CP-AP-r000:S-P02-S10:GS08:p0010,west,7,0,6
3243,CP-AP-r000:S-P02-S10:GS08:p0011,west,8,0,6
3244,CP-AP-r000:S-P02-S10:GS08:p0012,west,8,0,0
3245,CP-AP-r000:S-P02-S10:GS08:p0013,west,8,0,6
3246,CP-AP-r000:S-P02-S10:GS08:p0014,west,8,0,4
3247,CP-AP-r000:S-P02-S10:GS09:p0001,west,8,0,6
3248,CP-AP-r000:S-P02-S10:GS09:p0002,west,8,0,5
3249,CP-AP-r000:S-P02-S10:GS09:p0003,west,8,0,6
3250,CP-AP-r000:S-P02-S10:GS09:p0004,west,8,0,2
3251,CP-AP-r000:S-P02-S10:GS09:p0005,west,10,0,6
3252,CP-AP-r000:S-P02-S10:GS09:p0006,west,8,0,6
3253,CP-AP-r000:S-P02-S10:GS09:p0007,west,9,0,6
3254,CP-AP-r000:S-P02-S10:GS09:p0008,west,8,0,3
3255,CP-AP-r000:S-P02-S10:GS09:p0009,west,9,0,6
3256,CP-AP-r000:S-P02-S10:GS09:p0010,west,7,0,6
3257,CP-AP-r000:S-P02-S10:GS09:p0011,west,9,0,6
3258,CP-AP-r000:S-P02-S10:GS09:p0012,west,8,0,4
3259,CP-AP-r000:S-P02-S10:GS10:p0001,east,0,8,3
3260,CP-AP-r000:S-P02-S10:GS10:p0002,east,0,11,6
3261,CP-AP-r000:S-P02-S10:GS10:p0003,east,0,10,6
3262,CP-AP-r000:S-P02-S10:GS10:p0004,east,0,9,6
3263,CP-AP-r000:S-P02-S10:GS10:p0005,east,0,8,3
3264,CP-AP-r000:S-P02-S10:GS10:p0006,east,0,8,6
3265,CP-AP-r000:S-P02-S10:GS10:p0007,east,0,10,6
3266,CP-AP-r000:S-P02-S10:GS10:p0008,east,0,9,6
3267,CP-AP-r000:S-P02-S10:GS10:p0009,east,0,8,2
3268,CP-AP-r000:S-P02-S10:GS10:p0010,east,0,8,6
3269,CP-AP-r000:S-P02-S10:GS10:p0011,east,0,10,5
3270,CP-AP-r000:S-P02-S10:GS10:p0012,east,0,8,6
3271,CP-AP-r000:S-P02-S10:GS11:p0001,east,0,8,3
3272,CP-AP-r000:S-P02-S10:GS11:p0002,east,0,9,6
3273,CP-AP-r000:S-P02-S10:GS11:p0003,east,0,9,0
3274,CP-AP-r000:S-P02-S10:GS11:p0004,east,0,8,6
3275,CP-AP-r000:S-P02-S10:GS11:p0005,east,0,8,6
3276,CP-AP-r000:S-P02-S10:GS11:p0006,east,0,8,3
3277,CP-AP-r000:S-P02-S10:GS11:p0007,east,0,10,6
3278,CP-AP-r000:S-P02-S10:GS11:p0008,east,0,8,0
3279,CP-AP-r000:S-P02-S10:GS11:p0009,east,0,8,6
3280,CP-AP-r000:S-P02-S10:GS11:p0010,east,0,7,6
3281,CP-AP-r000:S-P02-S10:GS11:p0011,east,0,8,2
3282,CP-AP-r000:S-P02-S10:GS11:p0012,east,0,10,6
3283,CP-AP-r000:S-P02-S10:GS11:p0013,east,0,10,5
3284,CP-AP-r000:S-P02-S10:GS11:p0014,east,0,9,6
3285,CP-AP-r000:S-P02-S10:GS12:p0001,east,0,7,0
3286,CP-AP-r000:S-P02-S10:GS12:p0002,east,0,7,3
3287,CP-AP-r000:S-P02-S10:GS12:p0003,east,0,10,0
3288,CP-AP-r000:S-P02-S10:GS12:p0004,east,0,8,6
3289,CP-AP-r000:S-P02-S10:GS12:p0005,east,0,7,0
3290,CP-AP-r000:S-P02-S10:GS12:p0006,east,0,8,3
3291,CP-AP-r000:S-P02-S10:GS12:p0007,east,0,8,6
3292,CP-AP-r000:S-P02-S10:GS12:p0008,east,0,8,0
3293,CP-AP-r000:S-P02-S10:GS12:p0009,east,0,8,6
3294,CP-AP-r000:S-P02-S10:GS12:p0010,east,0,8,2
3295,CP-AP-r000:S-P02-S10:GS12:p0011,east,0,8,6
3296,CP-AP-r000:S-P02-S10:GS12:p0012,east,0,7,0
3297,CP-AP-r000:S-P02-S10:GS12:p0013,east,0,8,5
3298,CP-AP-r000:S-P02-S10:GS12:p0014,east,0,9,6
3299,CP-AP-r000:S-P02-S11:GS01:p0001,west,6,0,6
3300,CP-AP-r000:S-P02-S11:GS01:p0002,west,6,0,0
3301,CP-AP-r000:S-P02-S11:GS01:p0003,west,4,0,6
3302,CP-AP-r000:S-P02-S11:GS01:p0004,west,10,0,3
3303,CP-AP-r000:S-P02-S11:GS01:p0005,west,6,0,6
3304,CP-AP-r000:S-P02-S11:GS01:p0006,west,6,0,0
3305,CP-AP-r000:S-P02-S11:GS01:p0007,west,6,0,6
3306,CP-AP-r000:S-P02-S11:GS01:p0008,west,8,0,4
3307,CP-AP-r000:S-P02-S11:GS01:p0009,west,6,0,6
3308,CP-AP-r000:S-P02-S11:GS01:p0010,west,6,0,0
3309,CP-AP-r000:S-P02-S11:GS01:p0011,west,8,0,5
3310,CP-AP-r000:S-P02-S11:GS02:p0001,west,6,0,6
3311,CP-AP-r000:S-P02-S11:GS02:p0002,west,8,0,0
3312,CP-AP-r000:S-P02-S11:GS02:p0003,west,6,0,6
3313,CP-AP-r000:S-P02-S11:GS02:p0004,west,8,0,3
3314,CP-AP-r000:S-P02-S11:GS02:p0005,west,6,0,6
3315,CP-AP-r000:S-P02-S11:GS02:p0006,west,7,0,0
3316,CP-AP-r000:S-P02-S11:GS02:p0007,west,6,0,6
3317,CP-AP-r000:S-P02-S11:GS02:p0008,west,8,0,4
3318,CP-AP-r000:S-P02-S11:GS02:p0009,west,6,0,6
3319,CP-AP-r000:S-P02-S11:GS02:p0010,west,6,0,0
3320,CP-AP-r000:S-P02-S11:GS02:p0011,west,5,0,6
3321,CP-AP-r000:S-P02-S11:GS02:p0012,west,8,0,5
3322,CP-AP-r000:S-P02-S11:GS03:p0001,west,5,0,6
3323,CP-AP-r000:S-P02-S11:GS03:p0002,west,6,0,6
3324,CP-AP-r000:S-P02-S11:GS03:p0003,west,8,0,3
3325,CP-AP-r000:S-P02-S11:GS03:p0004,west,5,0,6
3326,CP-AP-r000:S-P02-S11:GS03:p0005,west,7,0,0
3327,CP-AP-r000:S-P02-S11:GS03:p0006,west,6,0,6
3328,CP-AP-r000:S-P02-S11:GS03:p0007,west,8,0,4
3329,CP-AP-r000:S-P02-S11:GS03:p0008,west,5,0,6
3330,CP-AP-r000:S-P02-S11:GS03:p0009,west,6,0,0
3331,CP-AP-r000:S-P02-S11:GS03:p0010,west,6,0,6
3332,CP-AP-r000:S-P02-S11:GS03:p0011,west,8,0,5
3333,CP-AP-r000:S-P02-S11:GS04:p0001,east,0,6,2
3334,CP-AP-r000:S-P02-S11:GS04:p0002,east,0,4,6
3335,CP-AP-r000:S-P02-S11:GS04:p0003,east,0,8,6
3336,CP-AP-r000:S-P02-S11:GS04:p0004,east,0,7,6
3337,CP-AP-r000:S-P02-S11:GS04:p0005,east,0,5,1
3338,CP-AP-r000:S-P02-S11:GS04:p0006,east,0,7,6
3339,CP-AP-r000:S-P02-S11:GS04:p0007,east,0,6,5
3340,CP-AP-r000:S-P02-S11:GS04:p0008,east,0,9,6
3341,CP-AP-r000:S-P02-S11:GS04:p0009,east,0,6,1
3342,CP-AP-r000:S-P02-S11:GS04:p0010,east,0,6,6
3343,CP-AP-r000:S-P02-S11:GS04:p0011,east,0,6,4
3344,CP-AP-r000:S-P02-S11:GS04:p0012,east,0,8,6
3345,CP-AP-r000:S-P02-S11:GS05:p0001,east,0,6,2
3346,CP-AP-r000:S-P02-S11:GS05:p0002,east,0,6,6
3347,CP-AP-r000:S-P02-S11:GS05:p0003,east,0,6,0
3348,CP-AP-r000:S-P02-S11:GS05:p0004,east,0,8,6
3349,CP-AP-r000:S-P02-S11:GS05:p0005,east,0,6,1
3350,CP-AP-r000:S-P02-S11:GS05:p0006,east,0,6,6
3351,CP-AP-r000:S-P02-S11:GS05:p0007,east,0,8,5
3352,CP-AP-r000:S-P02-S11:GS05:p0008,east,0,6,1
3353,CP-AP-r000:S-P02-S11:GS05:p0009,east,0,6,6
3354,CP-AP-r000:S-P02-S11:GS05:p0010,east,0,8,4
3355,CP-AP-r000:S-P02-S11:GS05:p0011,east,0,7,6
3356,CP-AP-r000:S-P02-S11:GS06:p0001,east,0,6,2
3357,CP-AP-r000:S-P02-S11:GS06:p0002,east,0,7,6
3358,CP-AP-r000:S-P02-S11:GS06:p0003,east,0,6,0
3359,CP-AP-r000:S-P02-S11:GS06:p0004,east,0,8,6
3360,CP-AP-r000:S-P02-S11:GS06:p0005,east,0,6,1
3361,CP-AP-r000:S-P02-S11:GS06:p0006,east,0,6,6
3362,CP-AP-r000:S-P02-S11:GS06:p0007,east,0,6,0
3363,CP-AP-r000:S-P02-S11:GS06:p0008,east,0,8,5
3364,CP-AP-r000:S-P02-S11:GS06:p0009,east,0,6,1
3365,CP-AP-r000:S-P02-S11:GS06:p0010,east,0,6,6
3366,CP-AP-r000:S-P02-S11:GS06:p0011,east,0,4,0
3367,CP-AP-r000:S-P02-S11:GS06:p0012,east,0,10,4
3368,CP-AP-r000:S-P02-S11:GS07:p0001,west,8,0,6
3369,CP-AP-r000:S-P02-S11:GS07:p0002,west,10,0,0
3370,CP-AP-r000:S-P02-S11:GS07:p0003,west,6,0,6
3371,CP-AP-r000:S-P02-S11:GS07:p0004,west,8,0,3
3372,CP-AP-r000:S-P02-S11:GS07:p0005,west,9,0,0
3373,CP-AP-r000:S-P02-S11:GS07:p0006,west,8,0,6
3374,CP-AP-r000:S-P02-S11:GS07:p0007,west,10,0,0
3375,CP-AP-r000:S-P02-S11:GS07:p0008,west,9,0,4
3376,CP-AP-r000:S-P02-S11:GS07:p0009,west,10,0,0
3377,CP-AP-r000:S-P02-S11:GS07:p0010,west,7,0,6
3378,CP-AP-r000:S-P02-S11:GS07:p0011,west,8,0,0
3379,CP-AP-r000:S-P02-S11:GS07:p0012,west,10,0,5
3380,CP-AP-r000:S-P02-S11:GS07:p0013,west,10,0,0
3381,CP-AP-r000:S-P02-S11:GS08:p0001,west,5,0,6
3382,CP-AP-r000:S-P02-S11:GS08:p0002,west,8,0,6
3383,CP-AP-r000:S-P02-S11:GS08:p0003,west,10,0,0
3384,CP-AP-r000:S-P02-S11:GS08:p0004,west,8,0,6
3385,CP-AP-r000:S-P02-S11:GS08:p0005,west,8,0,3
3386,CP-AP-r000:S-P02-S11:GS08:p0006,west,8,0,6
3387,CP-AP-r000:S-P02-S11:GS08:p0007,west,10,0,0
3388,CP-AP-r000:S-P02-S11:GS08:p0008,west,5,0,6
3389,CP-AP-r000:S-P02-S11:GS08:p0009,west,8,0,4
3390,CP-AP-r000:S-P02-S11:GS08:p0010,west,10,0,0
3391,CP-AP-r000:S-P02-S11:GS08:p0011,west,8,0,6
3392,CP-AP-r000:S-P02-S11:GS08:p0012,west,10,0,0
3393,CP-AP-r000:S-P02-S11:GS08:p0013,west,5,0,6
3394,CP-AP-r000:S-P02-S11:GS08:p0014,west,8,0,5
3395,CP-AP-r000:S-P02-S11:GS08:p0015,west,10,0,0
3396,CP-AP-r000:S-P02-S11:GS09:p0001,west,9,0,6
3397,CP-AP-r000:S-P02-S11:GS09:p0002,west,7,0,6
3398,CP-AP-r000:S-P02-S11:GS09:p0003,west,8,0,6
3399,CP-AP-r000:S-P02-S11:GS09:p0004,west,8,0,3
3400,CP-AP-r000:S-P02-S11:GS09:p0005,west,8,0,6
3401,CP-AP-r000:S-P02-S11:GS09:p0006,west,8,0,6
3402,CP-AP-r000:S-P02-S11:GS09:p0007,west,9,0,6
3403,CP-AP-r000:S-P02-S11:GS09:p0008,west,8,0,4
3404,CP-AP-r000:S-P02-S11:GS09:p0009,west,7,0,6
3405,CP-AP-r000:S-P02-S11:GS09:p0010,west,8,0,6
3406,CP-AP-r000:S-P02-S11:GS09:p0011,west,9,0,0
3407,CP-AP-r000:S-P02-S11:GS09:p0012,west,8,0,6
3408,CP-AP-r000:S-P02-S11:GS09:p0013,west,8,0,5
3409,CP-AP-r000:S-P02-S11:GS10:p0001,east,0,7,2
3410,CP-AP-r000:S-P02-S11:GS10:p0002,east,0,7,6
3411,CP-AP-r000:S-P02-S11:GS10:p0003,east,0,10,6
3412,CP-AP-r000:S-P02-S11:GS10:p0004,east,0,8,6
3413,CP-AP-r000:S-P02-S11:GS10:p0005,east,0,7,1
3414,CP-AP-r000:S-P02-S11:GS10:p0006,east,0,8,6
3415,CP-AP-r000:S-P02-S11:GS10:p0007,east,0,8,5
3416,CP-AP-r000:S-P02-S11:GS10:p0008,east,0,8,6
3417,CP-AP-r000:S-P02-S11:GS10:p0009,east,0,8,1
3418,CP-AP-r000:S-P02-S11:GS10:p0010,east,0,8,6
3419,CP-AP-r000:S-P02-S11:GS10:p0011,east,0,8,4
3420,CP-AP-r000:S-P02-S11:GS10:p0012,east,0,8,6
3421,CP-AP-r000:S-P02-S11:GS11:p0001,east,0,8,2
3422,CP-AP-r000:S-P02-S11:GS11:p0002,east,0,10,6
3423,CP-AP-r000:S-P02-S11:GS11:p0003,east,0,8,6
3424,CP-AP-r000:S-P02-S11:GS11:p0004,east,0,10,6
3425,CP-AP-r000:S-P02-S11:GS11:p0005,east,0,7,1
3426,CP-AP-r000:S-P02-S11:GS11:p0006,east,0,9,6
3427,CP-AP-r000:S-P02-S11:GS11:p0007,east,0,10,5
3428,CP-AP-r000:S-P02-S11:GS11:p0008,east,0,10,6
3429,CP-AP-r000:S-P02-S11:GS11:p0009,east,0,7,1
3430,CP-AP-r000:S-P02-S11:GS11:p0010,east,0,7,6
3431,CP-AP-r000:S-P02-S11:GS11:p0011,east,0,10,4
3432,CP-AP-r000:S-P02-S11:GS11:p0012,east,0,9,6
3433,CP-AP-r000:S-P02-S11:GS12:p0001,east,0,7,0
3434,CP-AP-r000:S-P02-S11:GS12:p0002,east,0,8,2
3435,CP-AP-r000:S-P02-S11:GS12:p0003,east,0,8,6
3436,CP-AP-r000:S-P02-S11:GS12:p0004,east,0,7,0
3437,CP-AP-r000:S-P02-S11:GS12:p0005,east,0,8,6
3438,CP-AP-r000:S-P02-S11:GS12:p0006,east,0,8,1
3439,CP-AP-r000:S-P02-S11:GS12:p0007,east,0,10,6
3440,CP-AP-r000:S-P02-S11:GS12:p0008,east,0,6,0
3441,CP-AP-r000:S-P02-S11:GS12:p0009,east,0,8,5
3442,CP-AP-r000:S-P02-S11:GS12:p0010,east,0,10,6
3443,CP-AP-r000:S-P02-S11:GS12:p0011,east,0,8,1
3444,CP-AP-r000:S-P02-S11:GS12:p0012,east,0,10,6
3445,CP-AP-r000:S-P02-S11:GS12:p0013,east,0,7,0
3446,CP-AP-r000:S-P02-S11:GS12:p0014,east,0,8,4
3447,CP-AP-r000:S-P02-S11:GS12:p0015,east,0,9,6
3448,CP-AP-r000:S-P02-S12:GS01:p0001,west,7,0,6
3449,CP-AP-r000:S-P02-S12:GS01:p0002,west,7,0,0
3450,CP-AP-r000:S-P02-S12:GS01:p0003,west,6,0,6
3451,CP-AP-r000:S-P02-S12:GS01:p0004,west,10,0,3
3452,CP-AP-r000:S-P02-S12:GS01:p0005,west,7,0,6
3453,CP-AP-r000:S-P02-S12:GS01:p0006,west,7,0,0
3454,CP-AP-r000:S-P02-S12:GS01:p0007,west,6,0,6
3455,CP-AP-r000:S-P02-S12:GS01:p0008,west,8,0,4
3456,CP-AP-r000:S-P02-S12:GS01:p0009,west,7,0,6
3457,CP-AP-r000:S-P02-S12:GS01:p0010,west,7,0,0
3458,CP-AP-r000:S-P02-S12:GS01:p0011,west,8,0,5
3459,CP-AP-r000:S-P02-S12:GS01:p0012,west,7,0,0
3460,CP-AP-r000:S-P02-S12:GS02:p0001,west,6,0,6
3461,CP-AP-r000:S-P02-S12:GS02:p0002,west,8,0,0
3462,CP-AP-r000:S-P02-S12:GS02:p0003,west,7,0,6
3463,CP-AP-r000:S-P02-S12:GS02:p0004,west,8,0,3
3464,CP-AP-r000:S-P02-S12:GS02:p0005,west,7,0,6
3465,CP-AP-r000:S-P02-S12:GS02:p0006,west,8,0,0
3466,CP-AP-r000:S-P02-S12:GS02:p0007,west,7,0,6
3467,CP-AP-r000:S-P02-S12:GS02:p0008,west,8,0,4
3468,CP-AP-r000:S-P02-S12:GS02:p0009,west,7,0,6
3469,CP-AP-r000:S-P02-S12:GS02:p0010,west,7,0,0
3470,CP-AP-r000:S-P02-S12:GS02:p0011,west,7,0,6
3471,CP-AP-r000:S-P02-S12:GS02:p0012,west,8,0,5
3472,CP-AP-r000:S-P02-S12:GS03:p0001,west,7,0,6
3473,CP-AP-r000:S-P02-S12:GS03:p0002,west,7,0,6
3474,CP-AP-r000:S-P02-S12:GS03:p0003,west,8,0,3
3475,CP-AP-r000:S-P02-S12:GS03:p0004,west,6,0,6
3476,CP-AP-r000:S-P02-S12:GS03:p0005,west,7,0,0
3477,CP-AP-r000:S-P02-S12:GS03:p0006,west,7,0,6
3478,CP-AP-r000:S-P02-S12:GS03:p0007,west,8,0,4
3479,CP-AP-r000:S-P02-S12:GS03:p0008,west,6,0,6
3480,CP-AP-r000:S-P02-S12:GS03:p0009,west,6,0,0
3481,CP-AP-r000:S-P02-S12:GS03:p0010,west,7,0,6
3482,CP-AP-r000:S-P02-S12:GS03:p0011,west,8,0,5
3483,CP-AP-r000:S-P02-S12:GS04:p0001,east,0,8,2
3484,CP-AP-r000:S-P02-S12:GS04:p0002,east,0,5,6
3485,CP-AP-r000:S-P02-S12:GS04:p0003,east,0,9,5
3486,CP-AP-r000:S-P02-S12:GS04:p0004,east,0,6,6
3487,CP-AP-r000:S-P02-S12:GS04:p0005,east,0,5,1
3488,CP-AP-r000:S-P02-S12:GS04:p0006,east,0,7,6
3489,CP-AP-r000:S-P02-S12:GS04:p0007,east,0,7,5
3490,CP-AP-r000:S-P02-S12:GS04:p0008,east,0,8,6
3491,CP-AP-r000:S-P02-S12:GS04:p0009,east,0,4,1
3492,CP-AP-r000:S-P02-S12:GS04:p0010,east,0,7,6
3493,CP-AP-r000:S-P02-S12:GS04:p0011,east,0,7,4
3494,CP-AP-r000:S-P02-S12:GS04:p0012,east,0,8,6
3495,CP-AP-r000:S-P02-S12:GS05:p0001,east,0,7,2
3496,CP-AP-r000:S-P02-S12:GS05:p0002,east,0,7,6
3497,CP-AP-r000:S-P02-S12:GS05:p0003,east,0,7,0
3498,CP-AP-r000:S-P02-S12:GS05:p0004,east,0,8,5
3499,CP-AP-r000:S-P02-S12:GS05:p0005,east,0,7,1
3500,CP-AP-r000:S-P02-S12:GS05:p0006,east,0,7,6
3501,CP-AP-r000:S-P02-S12:GS05:p0007,east,0,8,5
3502,CP-AP-r000:S-P02-S12:GS05:p0008,east,0,7,1
3503,CP-AP-r000:S-P02-S12:GS05:p0009,east,0,7,6
3504,CP-AP-r000:S-P02-S12:GS05:p0010,east,0,8,4
3505,CP-AP-r000:S-P02-S12:GS05:p0011,east,0,7,6
3506,CP-AP-r000:S-P02-S12:GS06:p0001,east,0,7,2
3507,CP-AP-r000:S-P02-S12:GS06:p0002,east,0,8,6
3508,CP-AP-r000:S-P02-S12:GS06:p0003,east,0,7,0
3509,CP-AP-r000:S-P02-S12:GS06:p0004,east,0,8,5
3510,CP-AP-r000:S-P02-S12:GS06:p0005,east,0,7,1
3511,CP-AP-r000:S-P02-S12:GS06:p0006,east,0,7,6
3512,CP-AP-r000:S-P02-S12:GS06:p0007,east,0,8,0
3513,CP-AP-r000:S-P02-S12:GS06:p0008,east,0,8,5
3514,CP-AP-r000:S-P02-S12:GS06:p0009,east,0,7,1
3515,CP-AP-r000:S-P02-S12:GS06:p0010,east,0,7,6
3516,CP-AP-r000:S-P02-S12:GS06:p0011,east,0,6,0
3517,CP-AP-r000:S-P02-S12:GS06:p0012,east,0,10,4
3518,CP-AP-r000:S-P02-S12:GS07:p0001,west,8,0,6
3519,CP-AP-r000:S-P02-S12:GS07:p0002,west,10,0,0
3520,CP-AP-r000:S-P02-S12:GS07:p0003,west,8,0,3
3521,CP-AP-r000:S-P02-S12:GS07:p0004,west,8,0,0
3522,CP-AP-r000:S-P02-S12:GS07:p0005,west,8,0,6
3523,CP-AP-r000:S-P02-S12:GS07:p0006,west,11,0,0
3524,CP-AP-r000:S-P02-S12:GS07:p0007,west,10,0,4
3525,CP-AP-r000:S-P02-S12:GS07:p0008,west,9,0,0
3526,CP-AP-r000:S-P02-S12:GS07:p0009,west,8,0,6
3527,CP-AP-r000:S-P02-S12:GS07:p0010,west,9,0,0
3528,CP-AP-r000:S-P02-S12:GS07:p0011,west,10,0,5
3529,CP-AP-r000:S-P02-S12:GS07:p0012,west,9,0,0
3530,CP-AP-r000:S-P02-S12:GS08:p0001,west,7,0,6
3531,CP-AP-r000:S-P02-S12:GS08:p0002,west,8,0,6
3532,CP-AP-r000:S-P02-S12:GS08:p0003,west,8,0,0
3533,CP-AP-r000:S-P02-S12:GS08:p0004,west,8,0,6
3534,CP-AP-r000:S-P02-S12:GS08:p0005,west,8,0,3
3535,CP-AP-r000:S-P02-S12:GS08:p0006,west,8,0,6
3536,CP-AP-r000:S-P02-S12:GS08:p0007,west,9,0,0
3537,CP-AP-r000:S-P02-S12:GS08:p0008,west,6,0,6
3538,CP-AP-r000:S-P02-S12:GS08:p0009,west,8,0,4
3539,CP-AP-r000:S-P02-S12:GS08:p0010,west,9,0,0
3540,CP-AP-r000:S-P02-S12:GS08:p0011,west,8,0,6
3541,CP-AP-r000:S-P02-S12:GS08:p0012,west,10,0,0
3542,CP-AP-r000:S-P02-S12:GS08:p0013,west,8,0,6
3543,CP-AP-r000:S-P02-S12:GS08:p0014,west,8,0,5
3544,CP-AP-r000:S-P02-S12:GS08:p0015,west,8,0,0
3545,CP-AP-r000:S-P02-S12:GS09:p0001,west,9,0,6
3546,CP-AP-r000:S-P02-S12:GS09:p0002,west,7,0,6
3547,CP-AP-r000:S-P02-S12:GS09:p0003,west,9,0,6
3548,CP-AP-r000:S-P02-S12:GS09:p0004,west,8,0,3
3549,CP-AP-r000:S-P02-S12:GS09:p0005,west,8,0,6
3550,CP-AP-r000:S-P02-S12:GS09:p0006,west,7,0,6
3551,CP-AP-r000:S-P02-S12:GS09:p0007,west,10,0,6
3552,CP-AP-r000:S-P02-S12:GS09:p0008,west,8,0,4
3553,CP-AP-r000:S-P02-S12:GS09:p0009,west,8,0,6
3554,CP-AP-r000:S-P02-S12:GS09:p0010,west,7,0,6
3555,CP-AP-r000:S-P02-S12:GS09:p0011,west,7,0,0
3556,CP-AP-r000:S-P02-S12:GS09:p0012,west,8,0,6
3557,CP-AP-r000:S-P02-S12:GS09:p0013,west,8,0,5
3558,CP-AP-r000:S-P02-S12:GS10:p0001,east,0,8,2
3559,CP-AP-r000:S-P02-S12:GS10:p0002,east,0,8,6
3560,CP-AP-r000:S-P02-S12:GS10:p0003,east,0,10,5
3561,CP-AP-r000:S-P02-S12:GS10:p0004,east,0,8,6
3562,CP-AP-r000:S-P02-S12:GS10:p0005,east,0,9,1
3563,CP-AP-r000:S-P02-S12:GS10:p0006,east,0,8,6
3564,CP-AP-r000:S-P02-S12:GS10:p0007,east,0,8,5
3565,CP-AP-r000:S-P02-S12:GS10:p0008,east,0,8,6
3566,CP-AP-r000:S-P02-S12:GS10:p0009,east,0,9,1
3567,CP-AP-r000:S-P02-S12:GS10:p0010,east,0,9,6
3568,CP-AP-r000:S-P02-S12:GS10:p0011,east,0,9,4
3569,CP-AP-r000:S-P02-S12:GS10:p0012,east,0,8,6
3570,CP-AP-r000:S-P02-S12:GS11:p0001,east,0,8,2
3571,CP-AP-r000:S-P02-S12:GS11:p0002,east,0,10,6
3572,CP-AP-r000:S-P02-S12:GS11:p0003,east,0,9,5
3573,CP-AP-r000:S-P02-S12:GS11:p0004,east,0,9,6
3574,CP-AP-r000:S-P02-S12:GS11:p0005,east,0,8,1
3575,CP-AP-r000:S-P02-S12:GS11:p0006,east,0,10,6
3576,CP-AP-r000:S-P02-S12:GS11:p0007,east,0,10,5
3577,CP-AP-r000:S-P02-S12:GS11:p0008,east,0,9,6
3578,CP-AP-r000:S-P02-S12:GS11:p0009,east,0,8,1
3579,CP-AP-r000:S-P02-S12:GS11:p0010,east,0,8,6
3580,CP-AP-r000:S-P02-S12:GS11:p0011,east,0,10,4
3581,CP-AP-r000:S-P02-S12:GS11:p0012,east,0,8,6
3582,CP-AP-r000:S-P02-S12:GS12:p0001,east,0,8,2
3583,CP-AP-r000:S-P02-S12:GS12:p0002,east,0,7,6
3584,CP-AP-r000:S-P02-S12:GS12:p0003,east,0,7,0
3585,CP-AP-r000:S-P02-S12:GS12:p0004,east,0,8,5
3586,CP-AP-r000:S-P02-S12:GS12:p0005,east,0,8,1
3587,CP-AP-r000:S-P02-S12:GS12:p0006,east,0,9,6
3588,CP-AP-r000:S-P02-S12:GS12:p0007,east,0,8,0
3589,CP-AP-r000:S-P02-S12:GS12:p0008,east,0,8,5
3590,CP-AP-r000:S-P02-S12:GS12:p0009,east,0,8,6
3591,CP-AP-r000:S-P02-S12:GS12:p0010,east,0,8,1
3592,CP-AP-r000:S-P02-S12:GS12:p0011,east,0,10,6
3593,CP-AP-r000:S-P02-S12:GS12:p0012,east,0,8,4
3594,CP-AP-r000:S-P02-S12:GS12:p0013,east,0,8,6
3595,CP-AP-r000:S-P03-S01:GS01:p0001,west,3,0,4
3596,CP-AP-r000:S-P03-S01:GS01:p0002,west,6,0,6
3597,CP-AP-r000:S-P03-S01:GS01:p0003,west,6,0,0
3598,CP-AP-r000:S-P03-S01:GS01:p0004,west,7,0,5
3599,CP-AP-r000:S-P03-S01:GS01:p0005,west,4,0,0
3600,CP-AP-r000:S-P03-S01:GS01:p0006,west,6,0,6
3601,CP-AP-r000:S-P03-S01:GS01:p0007,west,5,0,1
3602,CP-AP-r000:S-P03-S01:GS01:p0008,west,7,0,5
3603,CP-AP-r000:S-P03-S01:GS01:p0009,west,5,0,0
3604,CP-AP-r000:S-P03-S01:GS01:p0010,west,5,0,6
3605,CP-AP-r000:S-P03-S01:GS01:p0011,west,5,0,1
3606,CP-AP-r000:S-P03-S01:GS01:p0012,west,7,0,6
3607,CP-AP-r000:S-P03-S01:GS02:p0001,west,3,0,4
3608,CP-AP-r000:S-P03-S01:GS02:p0002,west,6,0,6
3609,CP-AP-r000:S-P03-S01:GS02:p0003,west,6,0,0
3610,CP-AP-r000:S-P03-S01:GS02:p0004,west,4,0,6
3611,CP-AP-r000:S-P03-S01:GS02:p0005,west,7,0,5
3612,CP-AP-r000:S-P03-S01:GS02:p0006,west,6,0,6
3613,CP-AP-r000:S-P03-S01:GS02:p0007,west,6,0,1
3614,CP-AP-r000:S-P03-S01:GS02:p0008,west,6,0,6
3615,CP-AP-r000:S-P03-S01:GS02:p0009,west,7,0,5
3616,CP-AP-r000:S-P03-S01:GS02:p0010,west,6,0,6
3617,CP-AP-r000:S-P03-S01:GS02:p0011,west,6,0,1
3618,CP-AP-r000:S-P03-S01:GS02:p0012,west,7,0,6
3619,CP-AP-r000:S-P03-S01:GS03:p0001,west,3,0,4
3620,CP-AP-r000:S-P03-S01:GS03:p0002,west,5,0,6
3621,CP-AP-r000:S-P03-S01:GS03:p0003,west,6,0,0
3622,CP-AP-r000:S-P03-S01:GS03:p0004,west,6,0,6
3623,CP-AP-r000:S-P03-S01:GS03:p0005,west,7,0,5
3624,CP-AP-r000:S-P03-S01:GS03:p0006,west,6,0,6
3625,CP-AP-r000:S-P03-S01:GS03:p0007,west,7,0,1
3626,CP-AP-r000:S-P03-S01:GS03:p0008,west,6,0,6
3627,CP-AP-r000:S-P03-S01:GS03:p0009,west,7,0,5
3628,CP-AP-r000:S-P03-S01:GS03:p0010,west,6,0,6
3629,CP-AP-r000:S-P03-S01:GS03:p0011,west,6,0,1
3630,CP-AP-r000:S-P03-S01:GS03:p0012,west,6,0,6
3631,CP-AP-r000:S-P03-S01:GS03:p0013,west,6,0,6
3632,CP-AP-r000:S-P03-S01:GS04:p0001,east,0,3,6
3633,CP-AP-r000:S-P03-S01:GS04:p0002,east,0,6,1
3634,CP-AP-r000:S-P03-S01:GS04:p0003,east,0,6,6
3635,CP-AP-r000:S-P03-S01:GS04:p0004,east,0,6,4
3636,CP-AP-r000:S-P03-S01:GS04:p0005,east,0,7,6
3637,CP-AP-r000:S-P03-S01:GS04:p0006,east,0,6,6
3638,CP-AP-r000:S-P03-S01:GS04:p0007,east,0,6,6
3639,CP-AP-r000:S-P03-S01:GS04:p0008,east,0,6,3
3640,CP-AP-r000:S-P03-S01:GS04:p0009,east,0,7,6
3641,CP-AP-r000:S-P03-S01:GS04:p0010,east,0,4,6
3642,CP-AP-r000:S-P03-S01:GS04:p0011,east,0,6,6
3643,CP-AP-r000:S-P03-S01:GS04:p0012,east,0,6,2
3644,CP-AP-r000:S-P03-S01:GS04:p0013,east,0,7,6
3645,CP-AP-r000:S-P03-S01:GS05:p0001,east,0,6,1
3646,CP-AP-r000:S-P03-S01:GS05:p0002,east,0,6,6
3647,CP-AP-r000:S-P03-S01:GS05:p0003,east,0,7,4
3648,CP-AP-r000:S-P03-S01:GS05:p0004,east,0,4,6
3649,CP-AP-r000:S-P03-S01:GS05:p0005,east,0,5,1
3650,CP-AP-r000:S-P03-S01:GS05:p0006,east,0,5,6
3651,CP-AP-r000:S-P03-S01:GS05:p0007,east,0,7,3
3652,CP-AP-r000:S-P03-S01:GS05:p0008,east,0,8,6
3653,CP-AP-r000:S-P03-S01:GS05:p0009,east,0,6,0
3654,CP-AP-r000:S-P03-S01:GS05:p0010,east,0,6,6
3655,CP-AP-r000:S-P03-S01:GS05:p0011,east,0,6,2
3656,CP-AP-r000:S-P03-S01:GS05:p0012,east,0,7,6
3657,CP-AP-r000:S-P03-S01:GS06:p0001,east,0,6,1
3658,CP-AP-r000:S-P03-S01:GS06:p0002,east,0,6,6
3659,CP-AP-r000:S-P03-S01:GS06:p0003,east,0,4,0
3660,CP-AP-r000:S-P03-S01:GS06:p0004,east,0,7,4
3661,CP-AP-r000:S-P03-S01:GS06:p0005,east,0,6,1
3662,CP-AP-r000:S-P03-S01:GS06:p0006,east,0,6,6
3663,CP-AP-r000:S-P03-S01:GS06:p0007,east,0,6,0
3664,CP-AP-r000:S-P03-S01:GS06:p0008,east,0,7,3
3665,CP-AP-r000:S-P03-S01:GS06:p0009,east,0,6,0
3666,CP-AP-r000:S-P03-S01:GS06:p0010,east,0,6,6
3667,CP-AP-r000:S-P03-S01:GS06:p0011,east,0,7,2
3668,CP-AP-r000:S-P03-S01:GS06:p0012,east,0,4,6
3669,CP-AP-r000:S-P03-S01:GS07:p0001,west,4,0,4
3670,CP-AP-r000:S-P03-S01:GS07:p0002,west,9,0,0
3671,CP-AP-r000:S-P03-S01:GS07:p0003,west,7,0,6
3672,CP-AP-r000:S-P03-S01:GS07:p0004,west,7,0,0
3673,CP-AP-r000:S-P03-S01:GS07:p0005,west,8,0,5
3674,CP-AP-r000:S-P03-S01:GS07:p0006,west,9,0,0
3675,CP-AP-r000:S-P03-S01:GS07:p0007,west,7,0,6
3676,CP-AP-r000:S-P03-S01:GS07:p0008,west,7,0,1
3677,CP-AP-r000:S-P03-S01:GS07:p0009,west,8,0,5
3678,CP-AP-r000:S-P03-S01:GS07:p0010,west,9,0,0
3679,CP-AP-r000:S-P03-S01:GS07:p0011,west,7,0,6
3680,CP-AP-r000:S-P03-S01:GS07:p0012,west,7,0,1
3681,CP-AP-r000:S-P03-S01:GS07:p0013,west,8,0,6
3682,CP-AP-r000:S-P03-S01:GS08:p0001,west,4,0,4
3683,CP-AP-r000:S-P03-S01:GS08:p0002,west,6,0,0
3684,CP-AP-r000:S-P03-S01:GS08:p0003,west,8,0,6
3685,CP-AP-r000:S-P03-S01:GS08:p0004,west,10,0,0
3686,CP-AP-r000:S-P03-S01:GS08:p0005,west,4,0,6
3687,CP-AP-r000:S-P03-S01:GS08:p0006,west,7,0,5
3688,CP-AP-r000:S-P03-S01:GS08:p0007,west,8,0,0
3689,CP-AP-r000:S-P03-S01:GS08:p0008,west,8,0,6
3690,CP-AP-r000:S-P03-S01:GS08:p0009,west,10,0,1
3691,CP-AP-r000:S-P03-S01:GS08:p0010,west,7,0,5
3692,CP-AP-r000:S-P03-S01:GS08:p0011,west,8,0,0
3693,CP-AP-r000:S-P03-S01:GS08:p0012,west,7,0,6
3694,CP-AP-r000:S-P03-S01:GS08:p0013,west,10,0,1
3695,CP-AP-r000:S-P03-S01:GS08:p0014,west,9,0,6
3696,CP-AP-r000:S-P03-S01:GS09:p0001,west,4,0,4
3697,CP-AP-r000:S-P03-S01:GS09:p0002,west,6,0,6
3698,CP-AP-r000:S-P03-S01:GS09:p0003,west,8,0,6
3699,CP-AP-r000:S-P03-S01:GS09:p0004,west,9,0,0
3700,CP-AP-r000:S-P03-S01:GS09:p0005,west,9,0,6
3701,CP-AP-r000:S-P03-S01:GS09:p0006,west,8,0,5
3702,CP-AP-r000:S-P03-S01:GS09:p0007,west,5,0,5
3703,CP-AP-r000:S-P03-S01:GS09:p0008,west,8,0,6
3704,CP-AP-r000:S-P03-S01:GS09:p0009,west,8,0,1
3705,CP-AP-r000:S-P03-S01:GS09:p0010,west,8,0,6
3706,CP-AP-r000:S-P03-S01:GS09:p0011,west,8,0,5
3707,CP-AP-r000:S-P03-S01:GS09:p0012,west,8,0,6
3708,CP-AP-r000:S-P03-S01:GS09:p0013,west,10,0,1
3709,CP-AP-r000:S-P03-S01:GS09:p0014,west,6,0,6
3710,CP-AP-r000:S-P03-S01:GS09:p0015,west,8,0,6
3711,CP-AP-r000:S-P03-S01:GS10:p0001,east,0,4,6
3712,CP-AP-r000:S-P03-S01:GS10:p0002,east,0,8,1
3713,CP-AP-r000:S-P03-S01:GS10:p0003,east,0,8,6
3714,CP-AP-r000:S-P03-S01:GS10:p0004,east,0,8,4
3715,CP-AP-r000:S-P03-S01:GS10:p0005,east,0,8,6
3716,CP-AP-r000:S-P03-S01:GS10:p0006,east,0,8,1
3717,CP-AP-r000:S-P03-S01:GS10:p0007,east,0,7,6
3718,CP-AP-r000:S-P03-S01:GS10:p0008,east,0,8,3
3719,CP-AP-r000:S-P03-S01:GS10:p0009,east,0,8,6
3720,CP-AP-r000:S-P03-S01:GS10:p0010,east,0,6,0
3721,CP-AP-r000:S-P03-S01:GS10:p0011,east,0,8,6
3722,CP-AP-r000:S-P03-S01:GS10:p0012,east,0,8,2
3723,CP-AP-r000:S-P03-S01:GS10:p0013,east,0,8,6
3724,CP-AP-r000:S-P03-S01:GS11:p0001,east,0,6,6
3725,CP-AP-r000:S-P03-S01:GS11:p0002,east,0,7,1
3726,CP-AP-r000:S-P03-S01:GS11:p0003,east,0,7,6
3727,CP-AP-r000:S-P03-S01:GS11:p0004,east,0,8,4
3728,CP-AP-r000:S-P03-S01:GS11:p0005,east,0,9,6
3729,CP-AP-r000:S-P03-S01:GS11:p0006,east,0,7,1
3730,CP-AP-r000:S-P03-S01:GS11:p0007,east,0,7,6
3731,CP-AP-r000:S-P03-S01:GS11:p0008,east,0,8,3
3732,CP-AP-r000:S-P03-S01:GS11:p0009,east,0,8,6
3733,CP-AP-r000:S-P03-S01:GS11:p0010,east,0,7,0
3734,CP-AP-r000:S-P03-S01:GS11:p0011,east,0,8,6
3735,CP-AP-r000:S-P03-S01:GS11:p0012,east,0,9,2
3736,CP-AP-r000:S-P03-S01:GS11:p0013,east,0,8,6
3737,CP-AP-r000:S-P03-S01:GS12:p0001,east,0,5,6
3738,CP-AP-r000:S-P03-S01:GS12:p0002,east,0,8,1
3739,CP-AP-r000:S-P03-S01:GS12:p0003,east,0,10,6
3740,CP-AP-r000:S-P03-S01:GS12:p0004,east,0,7,4
3741,CP-AP-r000:S-P03-S01:GS12:p0005,east,0,8,6
3742,CP-AP-r000:S-P03-S01:GS12:p0006,east,0,7,1
3743,CP-AP-r000:S-P03-S01:GS12:p0007,east,0,10,6
3744,CP-AP-r000:S-P03-S01:GS12:p0008,east,0,8,3
3745,CP-AP-r000:S-P03-S01:GS12:p0009,east,0,9,6
3746,CP-AP-r000:S-P03-S01:GS12:p0010,east,0,7,0
3747,CP-AP-r000:S-P03-S01:GS12:p0011,east,0,7,6
3748,CP-AP-r000:S-P03-S01:GS12:p0012,east,0,8,2
3749,CP-AP-r000:S-P03-S01:GS12:p0013,east,0,10,6
3750,CP-AP-r000:S-P03-S02:GS01:p0001,west,2,0,5
3751,CP-AP-r000:S-P03-S02:GS01:p0002,west,7,0,6
3752,CP-AP-r000:S-P03-S02:GS01:p0003,west,7,0,0
3753,CP-AP-r000:S-P03-S02:GS01:p0004,west,7,0,5
3754,CP-AP-r000:S-P03-S02:GS01:p0005,west,6,0,0
3755,CP-AP-r000:S-P03-S02:GS01:p0006,west,8,0,6
3756,CP-AP-r000:S-P03-S02:GS01:p0007,west,6,0,1
3757,CP-AP-r000:S-P03-S02:GS01:p0008,west,7,0,5
3758,CP-AP-r000:S-P03-S02:GS01:p0009,west,5,0,0
3759,CP-AP-r000:S-P03-S02:GS01:p0010,west,6,0,6
3760,CP-AP-r000:S-P03-S02:GS01:p0011,west,7,0,2
3761,CP-AP-r000:S-P03-S02:GS01:p0012,west,7,0,6
3762,CP-AP-r000:S-P03-S02:GS02:p0001,west,2,0,5
3763,CP-AP-r000:S-P03-S02:GS02:p0002,west,7,0,6
3764,CP-AP-r000:S-P03-S02:GS02:p0003,west,7,0,0
3765,CP-AP-r000:S-P03-S02:GS02:p0004,west,6,0,6
3766,CP-AP-r000:S-P03-S02:GS02:p0005,west,6,0,5
3767,CP-AP-r000:S-P03-S02:GS02:p0006,west,7,0,6
3768,CP-AP-r000:S-P03-S02:GS02:p0007,west,7,0,1
3769,CP-AP-r000:S-P03-S02:GS02:p0008,west,7,0,6
3770,CP-AP-r000:S-P03-S02:GS02:p0009,west,6,0,5
3771,CP-AP-r000:S-P03-S02:GS02:p0010,west,7,0,6
3772,CP-AP-r000:S-P03-S02:GS02:p0011,west,7,0,2
3773,CP-AP-r000:S-P03-S02:GS02:p0012,west,7,0,6
3774,CP-AP-r000:S-P03-S02:GS03:p0001,west,2,0,5
3775,CP-AP-r000:S-P03-S02:GS03:p0002,west,6,0,6
3776,CP-AP-r000:S-P03-S02:GS03:p0003,west,6,0,0
3777,CP-AP-r000:S-P03-S02:GS03:p0004,west,7,0,6
3778,CP-AP-r000:S-P03-S02:GS03:p0005,west,6,0,5
3779,CP-AP-r000:S-P03-S02:GS03:p0006,west,6,0,6
3780,CP-AP-r000:S-P03-S02:GS03:p0007,west,8,0,1
3781,CP-AP-r000:S-P03-S02:GS03:p0008,west,7,0,6
3782,CP-AP-r000:S-P03-S02:GS03:p0009,west,6,0,5
3783,CP-AP-r000:S-P03-S02:GS03:p0010,west,7,0,6
3784,CP-AP-r000:S-P03-S02:GS03:p0011,west,7,0,2
3785,CP-AP-r000:S-P03-S02:GS03:p0012,west,8,0,6
3786,CP-AP-r000:S-P03-S02:GS03:p0013,west,6,0,6
3787,CP-AP-r000:S-P03-S02:GS04:p0001,east,0,2,6
3788,CP-AP-r000:S-P03-S02:GS04:p0002,east,0,5,1
3789,CP-AP-r000:S-P03-S02:GS04:p0003,east,0,7,6
3790,CP-AP-r000:S-P03-S02:GS04:p0004,east,0,7,4
3791,CP-AP-r000:S-P03-S02:GS04:p0005,east,0,6,6
3792,CP-AP-r000:S-P03-S02:GS04:p0006,east,0,7,6
3793,CP-AP-r000:S-P03-S02:GS04:p0007,east,0,7,6
3794,CP-AP-r000:S-P03-S02:GS04:p0008,east,0,7,3
3795,CP-AP-r000:S-P03-S02:GS04:p0009,east,0,6,6
3796,CP-AP-r000:S-P03-S02:GS04:p0010,east,0,5,6
3797,CP-AP-r000:S-P03-S02:GS04:p0011,east,0,6,6
3798,CP-AP-r000:S-P03-S02:GS04:p0012,east,0,7,2
3799,CP-AP-r000:S-P03-S02:GS04:p0013,east,0,6,6
3800,CP-AP-r000:S-P03-S02:GS05:p0001,east,0,2,6
3801,CP-AP-r000:S-P03-S02:GS05:p0002,east,0,7,1
3802,CP-AP-r000:S-P03-S02:GS05:p0003,east,0,7,6
3803,CP-AP-r000:S-P03-S02:GS05:p0004,east,0,7,4
3804,CP-AP-r000:S-P03-S02:GS05:p0005,east,0,5,6
3805,CP-AP-r000:S-P03-S02:GS05:p0006,east,0,6,1
3806,CP-AP-r000:S-P03-S02:GS05:p0007,east,0,7,6
3807,CP-AP-r000:S-P03-S02:GS05:p0008,east,0,8,3
3808,CP-AP-r000:S-P03-S02:GS05:p0009,east,0,6,6
3809,CP-AP-r000:S-P03-S02:GS05:p0010,east,0,4,0
3810,CP-AP-r000:S-P03-S02:GS05:p0011,east,0,7,6
3811,CP-AP-r000:S-P03-S02:GS05:p0012,east,0,7,2
3812,CP-AP-r000:S-P03-S02:GS05:p0013,east,0,6,6
3813,CP-AP-r000:S-P03-S02:GS06:p0001,east,0,7,1
3814,CP-AP-r000:S-P03-S02:GS06:p0002,east,0,7,6
3815,CP-AP-r000:S-P03-S02:GS06:p0003,east,0,7,0
3816,CP-AP-r000:S-P03-S02:GS06:p0004,east,0,6,4
3817,CP-AP-r000:S-P03-S02:GS06:p0005,east,0,7,1
3818,CP-AP-r000:S-P03-S02:GS06:p0006,east,0,7,6
3819,CP-AP-r000:S-P03-S02:GS06:p0007,east,0,6,3
3820,CP-AP-r000:S-P03-S02:GS06:p0008,east,0,7,0
3821,CP-AP-r000:S-P03-S02:GS06:p0009,east,0,7,6
3822,CP-AP-r000:S-P03-S02:GS06:p0010,east,0,7,2
3823,CP-AP-r000:S-P03-S02:GS06:p0011,east,0,6,6
3824,CP-AP-r000:S-P03-S02:GS07:p0001,west,3,0,5
3825,CP-AP-r000:S-P03-S02:GS07:p0002,west,8,0,0
3826,CP-AP-r000:S-P03-S02:GS07:p0003,west,8,0,6
3827,CP-AP-r000:S-P03-S02:GS07:p0004,west,8,0,0
3828,CP-AP-r000:S-P03-S02:GS07:p0005,west,8,0,5
3829,CP-AP-r000:S-P03-S02:GS07:p0006,west,8,0,0
3830,CP-AP-r000:S-P03-S02:GS07:p0007,west,8,0,6
3831,CP-AP-r000:S-P03-S02:GS07:p0008,west,8,0,1
3832,CP-AP-r000:S-P03-S02:GS07:p0009,west,8,0,5
3833,CP-AP-r000:S-P03-S02:GS07:p0010,west,7,0,0
3834,CP-AP-r000:S-P03-S02:GS07:p0011,west,8,0,6
3835,CP-AP-r000:S-P03-S02:GS07:p0012,west,8,0,2
3836,CP-AP-r000:S-P03-S02:GS07:p0013,west,7,0,6
3837,CP-AP-r000:S-P03-S02:GS08:p0001,west,4,0,5
3838,CP-AP-r000:S-P03-S02:GS08:p0002,west,5,0,0
3839,CP-AP-r000:S-P03-S02:GS08:p0003,west,8,0,6
3840,CP-AP-r000:S-P03-S02:GS08:p0004,west,10,0,0
3841,CP-AP-r000:S-P03-S02:GS08:p0005,west,8,0,6
3842,CP-AP-r000:S-P03-S02:GS08:p0006,west,8,0,5
3843,CP-AP-r000:S-P03-S02:GS08:p0007,west,7,0,0
3844,CP-AP-r000:S-P03-S02:GS08:p0008,west,8,0,6
3845,CP-AP-r000:S-P03-S02:GS08:p0009,west,10,0,1
3846,CP-AP-r000:S-P03-S02:GS08:p0010,west,8,0,5
3847,CP-AP-r000:S-P03-S02:GS08:p0011,west,8,0,0
3848,CP-AP-r000:S-P03-S02:GS08:p0012,west,8,0,6
3849,CP-AP-r000:S-P03-S02:GS08:p0013,west,10,0,2
3850,CP-AP-r000:S-P03-S02:GS08:p0014,west,9,0,6
3851,CP-AP-r000:S-P03-S02:GS09:p0001,west,4,0,5
3852,CP-AP-r000:S-P03-S02:GS09:p0002,west,7,0,6
3853,CP-AP-r000:S-P03-S02:GS09:p0003,west,7,0,6
3854,CP-AP-r000:S-P03-S02:GS09:p0004,west,7,0,0
3855,CP-AP-r000:S-P03-S02:GS09:p0005,west,8,0,6
3856,CP-AP-r000:S-P03-S02:GS09:p0006,west,8,0,5
3857,CP-AP-r000:S-P03-S02:GS09:p0007,west,7,0,5
3858,CP-AP-r000:S-P03-S02:GS09:p0008,west,8,0,6
3859,CP-AP-r000:S-P03-S02:GS09:p0009,west,7,0,1
3860,CP-AP-r000:S-P03-S02:GS09:p0010,west,8,0,6
3861,CP-AP-r000:S-P03-S02:GS09:p0011,west,8,0,5
3862,CP-AP-r000:S-P03-S02:GS09:p0012,west,8,0,6
3863,CP-AP-r000:S-P03-S02:GS09:p0013,west,9,0,2
3864,CP-AP-r000:S-P03-S02:GS09:p0014,west,9,0,6
3865,CP-AP-r000:S-P03-S02:GS09:p0015,west,8,0,6
3866,CP-AP-r000:S-P03-S02:GS10:p0001,east,0,3,6
3867,CP-AP-r000:S-P03-S02:GS10:p0002,east,0,9,1
3868,CP-AP-r000:S-P03-S02:GS10:p0003,east,0,9,6
3869,CP-AP-r000:S-P03-S02:GS10:p0004,east,0,8,4
3870,CP-AP-r000:S-P03-S02:GS10:p0005,east,0,7,6
3871,CP-AP-r000:S-P03-S02:GS10:p0006,east,0,9,1
3872,CP-AP-r000:S-P03-S02:GS10:p0007,east,0,7,6
3873,CP-AP-r000:S-P03-S02:GS10:p0008,east,0,8,3
3874,CP-AP-r000:S-P03-S02:GS10:p0009,east,0,8,6
3875,CP-AP-r000:S-P03-S02:GS10:p0010,east,0,7,0
3876,CP-AP-r000:S-P03-S02:GS10:p0011,east,0,7,6
3877,CP-AP-r000:S-P03-S02:GS10:p0012,east,0,9,6
3878,CP-AP-r000:S-P03-S02:GS10:p0013,east,0,8,2
3879,CP-AP-r000:S-P03-S02:GS10:p0014,east,0,8,6
3880,CP-AP-r000:S-P03-S02:GS11:p0001,east,0,4,6
3881,CP-AP-r000:S-P03-S02:GS11:p0002,east,0,8,1
3882,CP-AP-r000:S-P03-S02:GS11:p0003,east,0,8,6
3883,CP-AP-r000:S-P03-S02:GS11:p0004,east,0,8,4
3884,CP-AP-r000:S-P03-S02:GS11:p0005,east,0,7,6
3885,CP-AP-r000:S-P03-S02:GS11:p0006,east,0,8,1
3886,CP-AP-r000:S-P03-S02:GS11:p0007,east,0,8,6
3887,CP-AP-r000:S-P03-S02:GS11:p0008,east,0,7,3
3888,CP-AP-r000:S-P03-S02:GS11:p0009,east,0,7,6
3889,CP-AP-r000:S-P03-S02:GS11:p0010,east,0,10,0
3890,CP-AP-r000:S-P03-S02:GS11:p0011,east,0,8,6
3891,CP-AP-r000:S-P03-S02:GS11:p0012,east,0,8,2
3892,CP-AP-r000:S-P03-S02:GS11:p0013,east,0,7,6
3893,CP-AP-r000:S-P03-S02:GS12:p0001,east,0,2,6
3894,CP-AP-r000:S-P03-S02:GS12:p0002,east,0,8,1
3895,CP-AP-r000:S-P03-S02:GS12:p0003,east,0,10,6
3896,CP-AP-r000:S-P03-S02:GS12:p0004,east,0,8,4
3897,CP-AP-r000:S-P03-S02:GS12:p0005,east,0,7,6
3898,CP-AP-r000:S-P03-S02:GS12:p0006,east,0,8,1
3899,CP-AP-r000:S-P03-S02:GS12:p0007,east,0,11,6
3900,CP-AP-r000:S-P03-S02:GS12:p0008,east,0,9,3
3901,CP-AP-r000:S-P03-S02:GS12:p0009,east,0,8,6
3902,CP-AP-r000:S-P03-S02:GS12:p0010,east,0,8,0
3903,CP-AP-r000:S-P03-S02:GS12:p0011,east,0,8,6
3904,CP-AP-r000:S-P03-S02:GS12:p0012,east,0,8,2
3905,CP-AP-r000:S-P03-S02:GS12:p0013,east,0,8,6
3906,CP-AP-r000:S-P03-S03:GS01:p0002,west,5,0,0
3907,CP-AP-r000:S-P03-S03:GS01:p0003,west,5,0,6
3908,CP-AP-r000:S-P03-S03:GS01:p0004,west,5,0,1
3909,CP-AP-r000:S-P03-S03:GS01:p0005,west,7,0,6
3910,CP-AP-r000:S-P03-S03:GS01:p0006,west,8,0,0
3911,CP-AP-r000:S-P03-S03:GS01:p0007,west,6,0,6
3912,CP-AP-r000:S-P03-S03:GS01:p0008,west,6,0,2
3913,CP-AP-r000:S-P03-S03:GS01:p0009,west,6,0,6
3914,CP-AP-r000:S-P03-S03:GS01:p0010,west,7,0,0
3915,CP-AP-r000:S-P03-S03:GS01:p0011,west,7,0,3
3916,CP-AP-r000:S-P03-S03:GS01:p0012,west,6,0,6
3917,CP-AP-r000:S-P03-S03:GS02:p0002,west,6,0,6
3918,CP-AP-r000:S-P03-S03:GS02:p0003,west,6,0,1
3919,CP-AP-r000:S-P03-S03:GS02:p0004,west,7,0,6
3920,CP-AP-r000:S-P03-S03:GS02:p0005,west,6,0,6
3921,CP-AP-r000:S-P03-S03:GS02:p0006,west,6,0,2
3922,CP-AP-r000:S-P03-S03:GS02:p0007,west,7,0,6
3923,CP-AP-r000:S-P03-S03:GS02:p0008,west,4,0,0
3924,CP-AP-r000:S-P03-S03:GS02:p0009,west,6,0,6
3925,CP-AP-r000:S-P03-S03:GS02:p0010,west,4,0,3
3926,CP-AP-r000:S-P03-S03:GS02:p0011,west,7,0,6
3927,CP-AP-r000:S-P03-S03:GS03:p0002,west,6,0,6
3928,CP-AP-r000:S-P03-S03:GS03:p0003,west,6,0,1
3929,CP-AP-r000:S-P03-S03:GS03:p0004,west,6,0,6
3930,CP-AP-r000:S-P03-S03:GS03:p0005,west,6,0,6
3931,CP-AP-r000:S-P03-S03:GS03:p0006,west,6,0,6
3932,CP-AP-r000:S-P03-S03:GS03:p0007,west,6,0,2
3933,CP-AP-r000:S-P03-S03:GS03:p0008,west,4,0,6
3934,CP-AP-r000:S-P03-S03:GS03:p0009,west,7,0,6
3935,CP-AP-r000:S-P03-S03:GS03:p0010,west,6,0,6
3936,CP-AP-r000:S-P03-S03:GS03:p0011,west,6,0,3
3937,CP-AP-r000:S-P03-S03:GS03:p0012,west,6,0,6
3938,CP-AP-r000:S-P03-S03:GS03:p0013,west,7,0,6
3939,CP-AP-r000:S-P03-S03:GS04:p0002,east,0,4,6
3940,CP-AP-r000:S-P03-S03:GS04:p0003,east,0,6,6
3941,CP-AP-r000:S-P03-S03:GS04:p0004,east,0,6,2
3942,CP-AP-r000:S-P03-S03:GS04:p0005,east,0,7,6
3943,CP-AP-r000:S-P03-S03:GS04:p0006,east,0,6,6
3944,CP-AP-r000:S-P03-S03:GS04:p0007,east,0,8,6
3945,CP-AP-r000:S-P03-S03:GS04:p0008,east,0,6,2
3946,CP-AP-r000:S-P03-S03:GS04:p0009,east,0,7,6
3947,CP-AP-r000:S-P03-S03:GS04:p0010,east,0,6,5
3948,CP-AP-r000:S-P03-S03:GS04:p0011,east,0,7,6
3949,CP-AP-r000:S-P03-S03:GS04:p0012,east,0,6,1
3950,CP-AP-r000:S-P03-S03:GS04:p0013,east,0,7,6
3951,CP-AP-r000:S-P03-S03:GS05:p0002,east,0,6,0
3952,CP-AP-r000:S-P03-S03:GS05:p0003,east,0,6,6
3953,CP-AP-r000:S-P03-S03:GS05:p0004,east,0,6,2
3954,CP-AP-r000:S-P03-S03:GS05:p0005,east,0,7,6
3955,CP-AP-r000:S-P03-S03:GS05:p0006,east,0,6,6
3956,CP-AP-r000:S-P03-S03:GS05:p0007,east,0,6,2
3957,CP-AP-r000:S-P03-S03:GS05:p0008,east,0,7,6
3958,CP-AP-r000:S-P03-S03:GS05:p0009,east,0,6,5
3959,CP-AP-r000:S-P03-S03:GS05:p0010,east,0,7,6
3960,CP-AP-r000:S-P03-S03:GS05:p0011,east,0,6,1
3961,CP-AP-r000:S-P03-S03:GS05:p0012,east,0,7,6
3962,CP-AP-r000:S-P03-S03:GS06:p0001,east,0,6,0
3963,CP-AP-r000:S-P03-S03:GS06:p0002,east,0,6,6
3964,CP-AP-r000:S-P03-S03:GS06:p0003,east,0,7,2
3965,CP-AP-r000:S-P03-S03:GS06:p0004,east,0,4,6
3966,CP-AP-r000:S-P03-S03:GS06:p0005,east,0,6,0
3967,CP-AP-r000:S-P03-S03:GS06:p0006,east,0,6,6
3968,CP-AP-r000:S-P03-S03:GS06:p0007,east,0,7,2
3969,CP-AP-r000:S-P03-S03:GS06:p0008,east,0,5,6
3970,CP-AP-r000:S-P03-S03:GS06:p0009,east,0,5,0
3971,CP-AP-r000:S-P03-S03:GS06:p0010,east,0,5,5
3972,CP-AP-r000:S-P03-S03:GS06:p0011,east,0,7,1
3973,CP-AP-r000:S-P03-S03:GS06:p0012,east,0,8,6
3974,CP-AP-r000:S-P03-S03:GS07:p0002,west,9,0,0
3975,CP-AP-r000:S-P03-S03:GS07:p0003,west,7,0,6
3976,CP-AP-r000:S-P03-S03:GS07:p0004,west,7,0,1
3977,CP-AP-r000:S-P03-S03:GS07:p0005,west,8,0,6
3978,CP-AP-r000:S-P03-S03:GS07:p0006,west,8,0,0
3979,CP-AP-r000:S-P03-S03:GS07:p0007,west,8,0,6
3980,CP-AP-r000:S-P03-S03:GS07:p0008,west,8,0,2
3981,CP-AP-r000:S-P03-S03:GS07:p0009,west,8,0,6
3982,CP-AP-r000:S-P03-S03:GS07:p0010,west,8,0,0
3983,CP-AP-r000:S-P03-S03:GS07:p0011,west,8,0,6
3984,CP-AP-r000:S-P03-S03:GS07:p0012,west,7,0,3
3985,CP-AP-r000:S-P03-S03:GS07:p0013,west,8,0,6
3986,CP-AP-r000:S-P03-S03:GS08:p0002,west,8,0,0
3987,CP-AP-r000:S-P03-S03:GS08:p0003,west,7,0,6
3988,CP-AP-r000:S-P03-S03:GS08:p0004,west,10,0,1
3989,CP-AP-r000:S-P03-S03:GS08:p0005,west,9,0,6
3990,CP-AP-r000:S-P03-S03:GS08:p0006,west,9,0,0
3991,CP-AP-r000:S-P03-S03:GS08:p0007,west,7,0,6
3992,CP-AP-r000:S-P03-S03:GS08:p0008,west,7,0,2
3993,CP-AP-r000:S-P03-S03:GS08:p0009,west,8,0,6
3994,CP-AP-r000:S-P03-S03:GS08:p0010,west,10,0,0
3995,CP-AP-r000:S-P03-S03:GS08:p0011,west,7,0,6
3996,CP-AP-r000:S-P03-S03:GS08:p0012,west,7,0,3
3997,CP-AP-r000:S-P03-S03:GS08:p0013,west,8,0,6
3998,CP-AP-r000:S-P03-S03:GS09:p0002,west,8,0,6
3999,CP-AP-r000:S-P03-S03:GS09:p0003,west,10,0,1
4000,CP-AP-r000:S-P03-S03:GS09:p0004,west,6,0,6
4001,CP-AP-r000:S-P03-S03:GS09:p0005,west,8,0,6
4002,CP-AP-r000:S-P03-S03:GS09:p0006,west,7,0,0
4003,CP-AP-r000:S-P03-S03:GS09:p0007,west,8,0,6
4004,CP-AP-r000:S-P03-S03:GS09:p0008,west,10,0,2
4005,CP-AP-r000:S-P03-S03:GS09:p0009,west,5,0,6
4006,CP-AP-r000:S-P03-S03:GS09:p0010,west,7,0,6
4007,CP-AP-r000:S-P03-S03:GS09:p0011,west,6,0,0
4008,CP-AP-r000:S-P03-S03:GS09:p0012,west,8,0,6
4009,CP-AP-r000:S-P03-S03:GS09:p0013,west,11,0,3
4010,CP-AP-r000:S-P03-S03:GS09:p0014,west,7,0,6
4011,CP-AP-r000:S-P03-S03:GS10:p0002,east,0,7,0
4012,CP-AP-r000:S-P03-S03:GS10:p0003,east,0,8,6
4013,CP-AP-r000:S-P03-S03:GS10:p0004,east,0,8,2
4014,CP-AP-r000:S-P03-S03:GS10:p0005,east,0,8,6
4015,CP-AP-r000:S-P03-S03:GS10:p0006,east,0,5,0
4016,CP-AP-r000:S-P03-S03:GS10:p0007,east,0,8,6
4017,CP-AP-r000:S-P03-S03:GS10:p0008,east,0,9,6
4018,CP-AP-r000:S-P03-S03:GS10:p0009,east,0,8,2
4019,CP-AP-r000:S-P03-S03:GS10:p0010,east,0,8,6
4020,CP-AP-r000:S-P03-S03:GS10:p0011,east,0,7,0
4021,CP-AP-r000:S-P03-S03:GS10:p0012,east,0,8,5
4022,CP-AP-r000:S-P03-S03:GS10:p0013,east,0,9,6
4023,CP-AP-r000:S-P03-S03:GS10:p0014,east,0,7,1
4024,CP-AP-r000:S-P03-S03:GS10:p0015,east,0,8,6
4025,CP-AP-r000:S-P03-S03:GS11:p0002,east,0,7,0
4026,CP-AP-r000:S-P03-S03:GS11:p0003,east,0,8,6
4027,CP-AP-r000:S-P03-S03:GS11:p0004,east,0,8,2
4028,CP-AP-r000:S-P03-S03:GS11:p0005,east,0,8,6
4029,CP-AP-r000:S-P03-S03:GS11:p0006,east,0,8,0
4030,CP-AP-r000:S-P03-S03:GS11:p0007,east,0,8,6
4031,CP-AP-r000:S-P03-S03:GS11:p0008,east,0,8,2
4032,CP-AP-r000:S-P03-S03:GS11:p0009,east,0,8,6
4033,CP-AP-r000:S-P03-S03:GS11:p0010,east,0,8,0
4034,CP-AP-r000:S-P03-S03:GS11:p0011,east,0,7,5
4035,CP-AP-r000:S-P03-S03:GS11:p0012,east,0,8,1
4036,CP-AP-r000:S-P03-S03:GS11:p0013,east,0,8,6
4037,CP-AP-r000:S-P03-S03:GS12:p0002,east,0,7,0
4038,CP-AP-r000:S-P03-S03:GS12:p0003,east,0,8,6
4039,CP-AP-r000:S-P03-S03:GS12:p0004,east,0,9,2
4040,CP-AP-r000:S-P03-S03:GS12:p0005,east,0,9,6
4041,CP-AP-r000:S-P03-S03:GS12:p0006,east,0,7,0
4042,CP-AP-r000:S-P03-S03:GS12:p0007,east,0,7,6
4043,CP-AP-r000:S-P03-S03:GS12:p0008,east,0,8,2
4044,CP-AP-r000:S-P03-S03:GS12:p0009,east,0,9,6
4045,CP-AP-r000:S-P03-S03:GS12:p0010,east,0,7,0
4046,CP-AP-r000:S-P03-S03:GS12:p0011,east,0,7,5
4047,CP-AP-r000:S-P03-S03:GS12:p0012,east,0,8,1
4048,CP-AP-r000:S-P03-S03:GS12:p0013,east,0,8,6
4049,CP-AP-r000:S-P03-S04:GS01:p0002,west,5,0,0
4050,CP-AP-r000:S-P03-S04:GS01:p0003,west,6,0,6
4051,CP-AP-r000:S-P03-S04:GS01:p0004,west,7,0,1
4052,CP-AP-r000:S-P03-S04:GS01:p0005,west,8,0,6
4053,CP-AP-r000:S-P03-S04:GS01:p0006,west,6,0,0
4054,CP-AP-r000:S-P03-S04:GS01:p0007,west,4,0,6
4055,CP-AP-r000:S-P03-S04:GS01:p0008,west,7,0,2
4056,CP-AP-r000:S-P03-S04:GS01:p0009,west,7,0,6
4057,CP-AP-r000:S-P03-S04:GS01:p0010,west,6,0,0
4058,CP-AP-r000:S-P03-S04:GS01:p0011,west,7,0,3
4059,CP-AP-r000:S-P03-S04:GS01:p0012,west,7,0,6
4060,CP-AP-r000:S-P03-S04:GS02:p0002,west,7,0,6
4061,CP-AP-r000:S-P03-S04:GS02:p0003,west,7,0,1
4062,CP-AP-r000:S-P03-S04:GS02:p0004,west,6,0,6
4063,CP-AP-r000:S-P03-S04:GS02:p0005,west,7,0,6
4064,CP-AP-r000:S-P03-S04:GS02:p0006,west,7,0,2
4065,CP-AP-r000:S-P03-S04:GS02:p0007,west,7,0,6
4066,CP-AP-r000:S-P03-S04:GS02:p0008,west,6,0,0
4067,CP-AP-r000:S-P03-S04:GS02:p0009,west,8,0,6
4068,CP-AP-r000:S-P03-S04:GS02:p0010,west,5,0,3
4069,CP-AP-r000:S-P03-S04:GS02:p0011,west,7,0,6
4070,CP-AP-r000:S-P03-S04:GS03:p0002,west,7,0,6
4071,CP-AP-r000:S-P03-S04:GS03:p0003,west,7,0,1
4072,CP-AP-r000:S-P03-S04:GS03:p0004,west,8,0,6
4073,CP-AP-r000:S-P03-S04:GS03:p0005,west,6,0,6
4074,CP-AP-r000:S-P03-S04:GS03:p0006,west,7,0,6
4075,CP-AP-r000:S-P03-S04:GS03:p0007,west,7,0,2
4076,CP-AP-r000:S-P03-S04:GS03:p0008,west,6,0,6
4077,CP-AP-r000:S-P03-S04:GS03:p0009,west,6,0,6
4078,CP-AP-r000:S-P03-S04:GS03:p0010,west,7,0,6
4079,CP-AP-r000:S-P03-S04:GS03:p0011,west,7,0,3
4080,CP-AP-r000:S-P03-S04:GS03:p0012,west,7,0,6
4081,CP-AP-r000:S-P03-S04:GS03:p0013,west,6,0,6
4082,CP-AP-r000:S-P03-S04:GS04:p0002,east,0,5,6
4083,CP-AP-r000:S-P03-S04:GS04:p0003,east,0,6,6
4084,CP-AP-r000:S-P03-S04:GS04:p0004,east,0,7,2
4085,CP-AP-r000:S-P03-S04:GS04:p0005,east,0,6,6
4086,CP-AP-r000:S-P03-S04:GS04:p0006,east,0,6,6
4087,CP-AP-r000:S-P03-S04:GS04:p0007,east,0,8,6
4088,CP-AP-r000:S-P03-S04:GS04:p0008,east,0,7,2
4089,CP-AP-r000:S-P03-S04:GS04:p0009,east,0,6,6
4090,CP-AP-r000:S-P03-S04:GS04:p0010,east,0,7,5
4091,CP-AP-r000:S-P03-S04:GS04:p0011,east,0,8,6
4092,CP-AP-r000:S-P03-S04:GS04:p0012,east,0,7,1
4093,CP-AP-r000:S-P03-S04:GS04:p0013,east,0,6,6
4094,CP-AP-r000:S-P03-S04:GS05:p0002,east,0,4,0
4095,CP-AP-r000:S-P03-S04:GS05:p0003,east,0,7,6
4096,CP-AP-r000:S-P03-S04:GS05:p0004,east,0,7,2
4097,CP-AP-r000:S-P03-S04:GS05:p0005,east,0,6,6
4098,CP-AP-r000:S-P03-S04:GS05:p0006,east,0,7,6
4099,CP-AP-r000:S-P03-S04:GS05:p0007,east,0,7,2
4100,CP-AP-r000:S-P03-S04:GS05:p0008,east,0,6,6
4101,CP-AP-r000:S-P03-S04:GS05:p0009,east,0,7,5
4102,CP-AP-r000:S-P03-S04:GS05:p0010,east,0,7,6
4103,CP-AP-r000:S-P03-S04:GS05:p0011,east,0,7,1
4104,CP-AP-r000:S-P03-S04:GS05:p0012,east,0,6,6
4105,CP-AP-r000:S-P03-S04:GS06:p0001,east,0,7,0
4106,CP-AP-r000:S-P03-S04:GS06:p0002,east,0,7,6
4107,CP-AP-r000:S-P03-S04:GS06:p0003,east,0,7,2
4108,CP-AP-r000:S-P03-S04:GS06:p0004,east,0,6,6
4109,CP-AP-r000:S-P03-S04:GS06:p0005,east,0,7,0
4110,CP-AP-r000:S-P03-S04:GS06:p0006,east,0,7,6
4111,CP-AP-r000:S-P03-S04:GS06:p0007,east,0,8,2
4112,CP-AP-r000:S-P03-S04:GS06:p0008,east,0,5,6
4113,CP-AP-r000:S-P03-S04:GS06:p0009,east,0,6,0
4114,CP-AP-r000:S-P03-S04:GS06:p0010,east,0,7,5
4115,CP-AP-r000:S-P03-S04:GS06:p0011,east,0,8,1
4116,CP-AP-r000:S-P03-S04:GS06:p0012,east,0,6,6
4117,CP-AP-r000:S-P03-S04:GS07:p0002,west,7,0,0
4118,CP-AP-r000:S-P03-S04:GS07:p0003,west,8,0,6
4119,CP-AP-r000:S-P03-S04:GS07:p0004,west,8,0,1
4120,CP-AP-r000:S-P03-S04:GS07:p0005,west,7,0,6
4121,CP-AP-r000:S-P03-S04:GS07:p0006,west,7,0,0
4122,CP-AP-r000:S-P03-S04:GS07:p0007,west,10,0,6
4123,CP-AP-r000:S-P03-S04:GS07:p0008,west,8,0,2
4124,CP-AP-r000:S-P03-S04:GS07:p0009,west,8,0,6
4125,CP-AP-r000:S-P03-S04:GS07:p0010,west,7,0,0
4126,CP-AP-r000:S-P03-S04:GS07:p0011,west,9,0,6
4127,CP-AP-r000:S-P03-S04:GS07:p0012,west,7,0,3
4128,CP-AP-r000:S-P03-S04:GS07:p0013,west,8,0,6
4129,CP-AP-r000:S-P03-S04:GS08:p0002,west,7,0,0
4130,CP-AP-r000:S-P03-S04:GS08:p0003,west,8,0,6
4131,CP-AP-r000:S-P03-S04:GS08:p0004,west,10,0,1
4132,CP-AP-r000:S-P03-S04:GS08:p0005,west,9,0,6
4133,CP-AP-r000:S-P03-S04:GS08:p0006,west,8,0,0
4134,CP-AP-r000:S-P03-S04:GS08:p0007,west,8,0,6
4135,CP-AP-r000:S-P03-S04:GS08:p0008,west,8,0,2
4136,CP-AP-r000:S-P03-S04:GS08:p0009,west,8,0,6
4137,CP-AP-r000:S-P03-S04:GS08:p0010,west,8,0,0
4138,CP-AP-r000:S-P03-S04:GS08:p0011,west,8,0,6
4139,CP-AP-r000:S-P03-S04:GS08:p0012,west,8,0,3
4140,CP-AP-r000:S-P03-S04:GS08:p0013,west,7,0,6
4141,CP-AP-r000:S-P03-S04:GS09:p0002,west,8,0,6
4142,CP-AP-r000:S-P03-S04:GS09:p0003,west,9,0,1
4143,CP-AP-r000:S-P03-S04:GS09:p0004,west,9,0,6
4144,CP-AP-r000:S-P03-S04:GS09:p0005,west,8,0,6
4145,CP-AP-r000:S-P03-S04:GS09:p0006,west,5,0,0
4146,CP-AP-r000:S-P03-S04:GS09:p0007,west,8,0,6
4147,CP-AP-r000:S-P03-S04:GS09:p0008,west,10,0,2
4148,CP-AP-r000:S-P03-S04:GS09:p0009,west,8,0,6
4149,CP-AP-r000:S-P03-S04:GS09:p0010,west,8,0,6
4150,CP-AP-r000:S-P03-S04:GS09:p0011,west,5,0,0
4151,CP-AP-r000:S-P03-S04:GS09:p0012,west,8,0,6
4152,CP-AP-r000:S-P03-S04:GS09:p0013,west,10,0,3
4153,CP-AP-r000:S-P03-S04:GS09:p0014,west,8,0,6
4154,CP-AP-r000:S-P03-S04:GS10:p0002,east,0,8,0
4155,CP-AP-r000:S-P03-S04:GS10:p0003,east,0,7,6
4156,CP-AP-r000:S-P03-S04:GS10:p0004,east,0,8,2
4157,CP-AP-r000:S-P03-S04:GS10:p0005,east,0,8,6
4158,CP-AP-r000:S-P03-S04:GS10:p0006,east,0,7,0
4159,CP-AP-r000:S-P03-S04:GS10:p0007,east,0,8,6
4160,CP-AP-r000:S-P03-S04:GS10:p0008,east,0,8,6
4161,CP-AP-r000:S-P03-S04:GS10:p0009,east,0,8,2
4162,CP-AP-r000:S-P03-S04:GS10:p0010,east,0,8,6
4163,CP-AP-r000:S-P03-S04:GS10:p0011,east,0,8,5
4164,CP-AP-r000:S-P03-S04:GS10:p0012,east,0,8,6
4165,CP-AP-r000:S-P03-S04:GS10:p0013,east,0,7,1
4166,CP-AP-r000:S-P03-S04:GS10:p0014,east,0,8,6
4167,CP-AP-r000:S-P03-S04:GS11:p0002,east,0,9,0
4168,CP-AP-r000:S-P03-S04:GS11:p0003,east,0,8,6
4169,CP-AP-r000:S-P03-S04:GS11:p0004,east,0,8,2
4170,CP-AP-r000:S-P03-S04:GS11:p0005,east,0,7,6
4171,CP-AP-r000:S-P03-S04:GS11:p0006,east,0,9,0
4172,CP-AP-r000:S-P03-S04:GS11:p0007,east,0,8,6
4173,CP-AP-r000:S-P03-S04:GS11:p0008,east,0,8,2
4174,CP-AP-r000:S-P03-S04:GS11:p0009,east,0,7,6
4175,CP-AP-r000:S-P03-S04:GS11:p0010,east,0,9,0
4176,CP-AP-r000:S-P03-S04:GS11:p0011,east,0,7,5
4177,CP-AP-r000:S-P03-S04:GS11:p0012,east,0,9,1
4178,CP-AP-r000:S-P03-S04:GS11:p0013,east,0,8,6
4179,CP-AP-r000:S-P03-S04:GS12:p0002,east,0,8,0
4180,CP-AP-r000:S-P03-S04:GS12:p0003,east,0,9,6
4181,CP-AP-r000:S-P03-S04:GS12:p0004,east,0,8,2
4182,CP-AP-r000:S-P03-S04:GS12:p0005,east,0,8,6
4183,CP-AP-r000:S-P03-S04:GS12:p0006,east,0,8,0
4184,CP-AP-r000:S-P03-S04:GS12:p0007,east,0,8,6
4185,CP-AP-r000:S-P03-S04:GS12:p0008,east,0,8,2
4186,CP-AP-r000:S-P03-S04:GS12:p0009,east,0,7,6
4187,CP-AP-r000:S-P03-S04:GS12:p0010,east,0,8,0
4188,CP-AP-r000:S-P03-S04:GS12:p0011,east,0,8,5
4189,CP-AP-r000:S-P03-S04:GS12:p0012,east,0,7,1
4190,CP-AP-r000:S-P03-S04:GS12:p0013,east,0,7,6
4191,CP-AP-r000:S-P03-S05:GS01:p0002,west,7,0,0
4192,CP-AP-r000:S-P03-S05:GS01:p0003,west,6,0,3
4193,CP-AP-r000:S-P03-S05:GS01:p0004,west,6,0,6
4194,CP-AP-r000:S-P03-S05:GS01:p0005,west,7,0,0
4195,CP-AP-r000:S-P03-S05:GS01:p0006,west,5,0,3
4196,CP-AP-r000:S-P03-S05:GS01:p0007,west,7,0,0
4197,CP-AP-r000:S-P03-S05:GS01:p0008,west,6,0,6
4198,CP-AP-r000:S-P03-S05:GS01:p0009,west,7,0,1
4199,CP-AP-r000:S-P03-S05:GS01:p0010,west,4,0,4
4200,CP-AP-r000:S-P03-S05:GS01:p0011,west,6,0,0
4201,CP-AP-r000:S-P03-S05:GS01:p0012,west,6,0,6
4202,CP-AP-r000:S-P03-S05:GS01:p0013,west,4,0,1
4203,CP-AP-r000:S-P03-S05:GS02:p0002,west,4,0,0
4204,CP-AP-r000:S-P03-S05:GS02:p0003,west,6,0,6
4205,CP-AP-r000:S-P03-S05:GS02:p0004,west,5,0,3
4206,CP-AP-r000:S-P03-S05:GS02:p0005,west,7,0,6
4207,CP-AP-r000:S-P03-S05:GS02:p0006,west,6,0,0
4208,CP-AP-r000:S-P03-S05:GS02:p0007,west,5,0,6
4209,CP-AP-r000:S-P03-S05:GS02:p0008,west,6,0,3
4210,CP-AP-r000:S-P03-S05:GS02:p0009,west,7,0,6
4211,CP-AP-r000:S-P03-S05:GS02:p0010,west,8,0,1
4212,CP-AP-r000:S-P03-S05:GS02:p0011,west,6,0,6
4213,CP-AP-r000:S-P03-S05:GS02:p0012,west,6,0,4
4214,CP-AP-r000:S-P03-S05:GS02:p0013,west,6,0,6
4215,CP-AP-r000:S-P03-S05:GS02:p0014,west,4,0,1
4216,CP-AP-r000:S-P03-S05:GS03:p0002,west,6,0,6
4217,CP-AP-r000:S-P03-S05:GS03:p0003,west,6,0,3
4218,CP-AP-r000:S-P03-S05:GS03:p0004,west,6,0,6
4219,CP-AP-r000:S-P03-S05:GS03:p0005,west,7,0,6
4220,CP-AP-r000:S-P03-S05:GS03:p0006,west,6,0,6
4221,CP-AP-r000:S-P03-S05:GS03:p0007,west,6,0,3
4222,CP-AP-r000:S-P03-S05:GS03:p0008,west,7,0,6
4223,CP-AP-r000:S-P03-S05:GS03:p0009,west,6,0,6
4224,CP-AP-r000:S-P03-S05:GS03:p0010,west,6,0,4
4225,CP-AP-r000:S-P03-S05:GS03:p0011,west,7,0,6
4226,CP-AP-r000:S-P03-S05:GS03:p0012,west,3,0,1
4227,CP-AP-r000:S-P03-S05:GS04:p0002,east,0,6,5
4228,CP-AP-r000:S-P03-S05:GS04:p0003,east,0,7,6
4229,CP-AP-r000:S-P03-S05:GS04:p0004,east,0,6,1
4230,CP-AP-r000:S-P03-S05:GS04:p0005,east,0,7,6
4231,CP-AP-r000:S-P03-S05:GS04:p0006,east,0,6,5
4232,CP-AP-r000:S-P03-S05:GS04:p0007,east,0,6,6
4233,CP-AP-r000:S-P03-S05:GS04:p0008,east,0,6,0
4234,CP-AP-r000:S-P03-S05:GS04:p0009,east,0,6,6
4235,CP-AP-r000:S-P03-S05:GS04:p0010,east,0,6,5
4236,CP-AP-r000:S-P03-S05:GS04:p0011,east,0,6,6
4237,CP-AP-r000:S-P03-S05:GS04:p0012,east,0,4,0
4238,CP-AP-r000:S-P03-S05:GS04:p0013,east,0,7,6
4239,CP-AP-r000:S-P03-S05:GS05:p0002,east,0,6,5
4240,CP-AP-r000:S-P03-S05:GS05:p0003,east,0,7,6
4241,CP-AP-r000:S-P03-S05:GS05:p0004,east,0,6,1
4242,CP-AP-r000:S-P03-S05:GS05:p0005,east,0,7,6
4243,CP-AP-r000:S-P03-S05:GS05:p0006,east,0,4,5
4244,CP-AP-r000:S-P03-S05:GS05:p0007,east,0,6,6
4245,CP-AP-r000:S-P03-S05:GS05:p0008,east,0,6,0
4246,CP-AP-r000:S-P03-S05:GS05:p0009,east,0,7,6
4247,CP-AP-r000:S-P03-S05:GS05:p0010,east,0,6,5
4248,CP-AP-r000:S-P03-S05:GS05:p0011,east,0,8,6
4249,CP-AP-r000:S-P03-S05:GS05:p0012,east,0,6,0
4250,CP-AP-r000:S-P03-S05:GS05:p0013,east,0,7,6
4251,CP-AP-r000:S-P03-S05:GS06:p0002,east,0,5,0
4252,CP-AP-r000:S-P03-S05:GS06:p0003,east,0,5,5
4253,CP-AP-r000:S-P03-S05:GS06:p0004,east,0,7,1
4254,CP-AP-r000:S-P03-S05:GS06:p0005,east,0,8,6
4255,CP-AP-r000:S-P03-S05:GS06:p0006,east,0,6,0
4256,CP-AP-r000:S-P03-S05:GS06:p0007,east,0,6,5
4257,CP-AP-r000:S-P03-S05:GS06:p0008,east,0,6,0
4258,CP-AP-r000:S-P03-S05:GS06:p0009,east,0,7,6
4259,CP-AP-r000:S-P03-S05:GS06:p0010,east,0,6,5
4260,CP-AP-r000:S-P03-S05:GS06:p0011,east,0,6,0
4261,CP-AP-r000:S-P03-S05:GS06:p0012,east,0,7,6
4262,CP-AP-r000:S-P03-S05:GS07:p0002,west,8,0,0
4263,CP-AP-r000:S-P03-S05:GS07:p0003,west,9,0,6
4264,CP-AP-r000:S-P03-S05:GS07:p0004,west,7,0,3
4265,CP-AP-r000:S-P03-S05:GS07:p0005,west,8,0,6
4266,CP-AP-r000:S-P03-S05:GS07:p0006,west,8,0,0
4267,CP-AP-r000:S-P03-S05:GS07:p0007,west,8,0,6
4268,CP-AP-r000:S-P03-S05:GS07:p0008,west,7,0,3
4269,CP-AP-r000:S-P03-S05:GS07:p0009,west,8,0,6
4270,CP-AP-r000:S-P03-S05:GS07:p0010,west,8,0,1
4271,CP-AP-r000:S-P03-S05:GS07:p0011,west,6,0,6
4272,CP-AP-r000:S-P03-S05:GS07:p0012,west,8,0,4
4273,CP-AP-r000:S-P03-S05:GS07:p0013,west,9,0,0
4274,CP-AP-r000:S-P03-S05:GS07:p0014,west,9,0,6
4275,CP-AP-r000:S-P03-S05:GS07:p0015,west,4,0,1
4276,CP-AP-r000:S-P03-S05:GS08:p0002,west,10,0,0
4277,CP-AP-r000:S-P03-S05:GS08:p0003,west,7,0,6
4278,CP-AP-r000:S-P03-S05:GS08:p0004,west,7,0,3
4279,CP-AP-r000:S-P03-S05:GS08:p0005,west,8,0,6
4280,CP-AP-r000:S-P03-S05:GS08:p0006,west,9,0,0
4281,CP-AP-r000:S-P03-S05:GS08:p0007,west,7,0,6
4282,CP-AP-r000:S-P03-S05:GS08:p0008,west,7,0,3
4283,CP-AP-r000:S-P03-S05:GS08:p0009,west,8,0,6
4284,CP-AP-r000:S-P03-S05:GS08:p0010,west,8,0,1
4285,CP-AP-r000:S-P03-S05:GS08:p0011,west,8,0,6
4286,CP-AP-r000:S-P03-S05:GS08:p0012,west,8,0,4
4287,CP-AP-r000:S-P03-S05:GS08:p0013,west,8,0,6
4288,CP-AP-r000:S-P03-S05:GS08:p0014,west,4,0,1
4289,CP-AP-r000:S-P03-S05:GS09:p0002,west,7,0,0
4290,CP-AP-r000:S-P03-S05:GS09:p0003,west,8,0,6
4291,CP-AP-r000:S-P03-S05:GS09:p0004,west,11,0,3
4292,CP-AP-r000:S-P03-S05:GS09:p0005,west,7,0,6
4293,CP-AP-r000:S-P03-S05:GS09:p0006,west,9,0,0
4294,CP-AP-r000:S-P03-S05:GS09:p0007,west,7,0,6
4295,CP-AP-r000:S-P03-S05:GS09:p0008,west,9,0,3
4296,CP-AP-r000:S-P03-S05:GS09:p0009,west,9,0,6
4297,CP-AP-r000:S-P03-S05:GS09:p0010,west,9,0,1
4298,CP-AP-r000:S-P03-S05:GS09:p0011,west,7,0,6
4299,CP-AP-r000:S-P03-S05:GS09:p0012,west,7,0,4
4300,CP-AP-r000:S-P03-S05:GS09:p0013,west,8,0,6
4301,CP-AP-r000:S-P03-S05:GS09:p0014,west,4,0,1
4302,CP-AP-r000:S-P03-S05:GS10:p0002,east,0,7,0
4303,CP-AP-r000:S-P03-S05:GS10:p0003,east,0,8,5
4304,CP-AP-r000:S-P03-S05:GS10:p0004,east,0,8,6
4305,CP-AP-r000:S-P03-S05:GS10:p0005,east,0,7,1
4306,CP-AP-r000:S-P03-S05:GS10:p0006,east,0,8,6
4307,CP-AP-r000:S-P03-S05:GS10:p0007,east,0,8,5
4308,CP-AP-r000:S-P03-S05:GS10:p0008,east,0,10,6
4309,CP-AP-r000:S-P03-S05:GS10:p0009,east,0,6,0
4310,CP-AP-r000:S-P03-S05:GS10:p0010,east,0,8,6
4311,CP-AP-r000:S-P03-S05:GS10:p0011,east,0,7,5
4312,CP-AP-r000:S-P03-S05:GS10:p0012,east,0,8,5
4313,CP-AP-r000:S-P03-S05:GS10:p0013,east,0,10,6
4314,CP-AP-r000:S-P03-S05:GS10:p0014,east,0,7,0
4315,CP-AP-r000:S-P03-S05:GS10:p0015,east,0,7,6
4316,CP-AP-r000:S-P03-S05:GS10:p0016,east,0,3,6
4317,CP-AP-r000:S-P03-S05:GS11:p0002,east,0,8,0
4318,CP-AP-r000:S-P03-S05:GS11:p0003,east,0,7,5
4319,CP-AP-r000:S-P03-S05:GS11:p0004,east,0,8,1
4320,CP-AP-r000:S-P03-S05:GS11:p0005,east,0,8,6
4321,CP-AP-r000:S-P03-S05:GS11:p0006,east,0,5,0
4322,CP-AP-r000:S-P03-S05:GS11:p0007,east,0,8,5
4323,CP-AP-r000:S-P03-S05:GS11:p0008,east,0,8,0
4324,CP-AP-r000:S-P03-S05:GS11:p0009,east,0,8,6
4325,CP-AP-r000:S-P03-S05:GS11:p0010,east,0,5,0
4326,CP-AP-r000:S-P03-S05:GS11:p0011,east,0,8,5
4327,CP-AP-r000:S-P03-S05:GS11:p0012,east,0,10,6
4328,CP-AP-r000:S-P03-S05:GS11:p0013,east,0,8,0
4329,CP-AP-r000:S-P03-S05:GS11:p0014,east,0,8,6
4330,CP-AP-r000:S-P03-S05:GS12:p0002,east,0,7,0
4331,CP-AP-r000:S-P03-S05:GS12:p0003,east,0,7,5
4332,CP-AP-r000:S-P03-S05:GS12:p0004,east,0,8,1
4333,CP-AP-r000:S-P03-S05:GS12:p0005,east,0,8,6
4334,CP-AP-r000:S-P03-S05:GS12:p0006,east,0,7,0
4335,CP-AP-r000:S-P03-S05:GS12:p0007,east,0,8,5
4336,CP-AP-r000:S-P03-S05:GS12:p0008,east,0,8,0
4337,CP-AP-r000:S-P03-S05:GS12:p0009,east,0,8,6
4338,CP-AP-r000:S-P03-S05:GS12:p0010,east,0,9,0
4339,CP-AP-r000:S-P03-S05:GS12:p0011,east,0,7,5
4340,CP-AP-r000:S-P03-S05:GS12:p0012,east,0,8,0
4341,CP-AP-r000:S-P03-S05:GS12:p0013,east,0,8,6
4342,CP-AP-r000:S-P03-S06:GS01:p0002,west,6,0,0
4343,CP-AP-r000:S-P03-S06:GS01:p0003,west,7,0,3
4344,CP-AP-r000:S-P03-S06:GS01:p0004,west,7,0,6
4345,CP-AP-r000:S-P03-S06:GS01:p0005,west,6,0,0
4346,CP-AP-r000:S-P03-S06:GS01:p0006,west,6,0,4
4347,CP-AP-r000:S-P03-S06:GS01:p0007,west,7,0,0
4348,CP-AP-r000:S-P03-S06:GS01:p0008,west,7,0,6
4349,CP-AP-r000:S-P03-S06:GS01:p0009,west,6,0,1
4350,CP-AP-r000:S-P03-S06:GS01:p0010,west,5,0,4
4351,CP-AP-r000:S-P03-S06:GS01:p0011,west,6,0,0
4352,CP-AP-r000:S-P03-S06:GS01:p0012,west,7,0,6
4353,CP-AP-r000:S-P03-S06:GS01:p0013,west,4,0,1
4354,CP-AP-r000:S-P03-S06:GS02:p0002,west,6,0,0
4355,CP-AP-r000:S-P03-S06:GS02:p0003,west,8,0,6
4356,CP-AP-r000:S-P03-S06:GS02:p0004,west,6,0,3
4357,CP-AP-r000:S-P03-S06:GS02:p0005,west,8,0,6
4358,CP-AP-r000:S-P03-S06:GS02:p0006,west,5,0,0
4359,CP-AP-r000:S-P03-S06:GS02:p0007,west,5,0,6
4360,CP-AP-r000:S-P03-S06:GS02:p0008,west,7,0,4
4361,CP-AP-r000:S-P03-S06:GS02:p0009,west,7,0,6
4362,CP-AP-r000:S-P03-S06:GS02:p0010,west,6,0,1
4363,CP-AP-r000:S-P03-S06:GS02:p0011,west,4,0,6
4364,CP-AP-r000:S-P03-S06:GS02:p0012,west,7,0,4
4365,CP-AP-r000:S-P03-S06:GS02:p0013,west,7,0,6
4366,CP-AP-r000:S-P03-S06:GS02:p0014,west,4,0,1
4367,CP-AP-r000:S-P03-S06:GS03:p0002,west,7,0,6
4368,CP-AP-r000:S-P03-S06:GS03:p0003,west,7,0,3
4369,CP-AP-r000:S-P03-S06:GS03:p0004,west,7,0,6
4370,CP-AP-r000:S-P03-S06:GS03:p0005,west,6,0,6
4371,CP-AP-r000:S-P03-S06:GS03:p0006,west,7,0,6
4372,CP-AP-r000:S-P03-S06:GS03:p0007,west,7,0,4
4373,CP-AP-r000:S-P03-S06:GS03:p0008,west,7,0,6
4374,CP-AP-r000:S-P03-S06:GS03:p0009,west,7,0,6
4375,CP-AP-r000:S-P03-S06:GS03:p0010,west,7,0,4
4376,CP-AP-r000:S-P03-S06:GS03:p0011,west,7,0,6
4377,CP-AP-r000:S-P03-S06:GS03:p0012,west,4,0,1
4378,CP-AP-r000:S-P03-S06:GS04:p0002,east,0,7,5
4379,CP-AP-r000:S-P03-S06:GS04:p0003,east,0,8,6
4380,CP-AP-r000:S-P03-S06:GS04:p0004,east,0,7,1
4381,CP-AP-r000:S-P03-S06:GS04:p0005,east,0,6,6
4382,CP-AP-r000:S-P03-S06:GS04:p0006,east,0,7,5
4383,CP-AP-r000:S-P03-S06:GS04:p0007,east,0,7,6
4384,CP-AP-r000:S-P03-S06:GS04:p0008,east,0,8,0
4385,CP-AP-r000:S-P03-S06:GS04:p0009,east,0,6,6
4386,CP-AP-r000:S-P03-S06:GS04:p0010,east,0,7,5
4387,CP-AP-r000:S-P03-S06:GS04:p0011,east,0,7,6
4388,CP-AP-r000:S-P03-S06:GS04:p0012,east,0,6,0
4389,CP-AP-r000:S-P03-S06:GS04:p0013,east,0,6,6
4390,CP-AP-r000:S-P03-S06:GS05:p0002,east,0,7,5
4391,CP-AP-r000:S-P03-S06:GS05:p0003,east,0,7,6
4392,CP-AP-r000:S-P03-S06:GS05:p0004,east,0,7,1
4393,CP-AP-r000:S-P03-S06:GS05:p0005,east,0,6,6
4394,CP-AP-r000:S-P03-S06:GS05:p0006,east,0,5,5
4395,CP-AP-r000:S-P03-S06:GS05:p0007,east,0,6,6
4396,CP-AP-r000:S-P03-S06:GS05:p0008,east,0,7,0
4397,CP-AP-r000:S-P03-S06:GS05:p0009,east,0,6,6
4398,CP-AP-r000:S-P03-S06:GS05:p0010,east,0,6,5
4399,CP-AP-r000:S-P03-S06:GS05:p0011,east,0,8,6
4400,CP-AP-r000:S-P03-S06:GS05:p0012,east,0,7,0
4401,CP-AP-r000:S-P03-S06:GS05:p0013,east,0,6,6
4402,CP-AP-r000:S-P03-S06:GS06:p0002,east,0,6,0
4403,CP-AP-r000:S-P03-S06:GS06:p0003,east,0,7,5
4404,CP-AP-r000:S-P03-S06:GS06:p0004,east,0,8,1
4405,CP-AP-r000:S-P03-S06:GS06:p0005,east,0,6,6
4406,CP-AP-r000:S-P03-S06:GS06:p0006,east,0,4,0
4407,CP-AP-r000:S-P03-S06:GS06:p0007,east,0,7,5
4408,CP-AP-r000:S-P03-S06:GS06:p0008,east,0,7,0
4409,CP-AP-r000:S-P03-S06:GS06:p0009,east,0,6,6
4410,CP-AP-r000:S-P03-S06:GS06:p0010,east,0,7,5
4411,CP-AP-r000:S-P03-S06:GS06:p0011,east,0,7,0
4412,CP-AP-r000:S-P03-S06:GS06:p0012,east,0,6,6
4413,CP-AP-r000:S-P03-S06:GS07:p0002,west,7,0,0
4414,CP-AP-r000:S-P03-S06:GS07:p0003,west,9,0,6
4415,CP-AP-r000:S-P03-S06:GS07:p0004,west,7,0,3
4416,CP-AP-r000:S-P03-S06:GS07:p0005,west,9,0,6
4417,CP-AP-r000:S-P03-S06:GS07:p0006,west,7,0,0
4418,CP-AP-r000:S-P03-S06:GS07:p0007,west,8,0,6
4419,CP-AP-r000:S-P03-S06:GS07:p0008,west,7,0,4
4420,CP-AP-r000:S-P03-S06:GS07:p0009,west,9,0,6
4421,CP-AP-r000:S-P03-S06:GS07:p0010,west,8,0,1
4422,CP-AP-r000:S-P03-S06:GS07:p0011,west,7,0,6
4423,CP-AP-r000:S-P03-S06:GS07:p0012,west,7,0,4
4424,CP-AP-r000:S-P03-S06:GS07:p0013,west,7,0,0
4425,CP-AP-r000:S-P03-S06:GS07:p0014,west,8,0,6
4426,CP-AP-r000:S-P03-S06:GS07:p0015,west,4,0,1
4427,CP-AP-r000:S-P03-S06:GS08:p0002,west,8,0,0
4428,CP-AP-r000:S-P03-S06:GS08:p0003,west,8,0,6
4429,CP-AP-r000:S-P03-S06:GS08:p0004,west,8,0,3
4430,CP-AP-r000:S-P03-S06:GS08:p0005,west,7,0,6
4431,CP-AP-r000:S-P03-S06:GS08:p0006,west,7,0,0
4432,CP-AP-r000:S-P03-S06:GS08:p0007,west,9,0,6
4433,CP-AP-r000:S-P03-S06:GS08:p0008,west,8,0,4
4434,CP-AP-r000:S-P03-S06:GS08:p0009,west,7,0,6
4435,CP-AP-r000:S-P03-S06:GS08:p0010,west,7,0,1
4436,CP-AP-r000:S-P03-S06:GS08:p0011,west,10,0,6
4437,CP-AP-r000:S-P03-S06:GS08:p0012,west,8,0,4
4438,CP-AP-r000:S-P03-S06:GS08:p0013,west,8,0,6
4439,CP-AP-r000:S-P03-S06:GS08:p0014,west,4,0,1
4440,CP-AP-r000:S-P03-S06:GS09:p0002,west,6,0,0
4441,CP-AP-r000:S-P03-S06:GS09:p0003,west,8,0,6
4442,CP-AP-r000:S-P03-S06:GS09:p0004,west,10,0,3
4443,CP-AP-r000:S-P03-S06:GS09:p0005,west,8,0,6
4444,CP-AP-r000:S-P03-S06:GS09:p0006,west,8,0,0
4445,CP-AP-r000:S-P03-S06:GS09:p0007,west,8,0,6
4446,CP-AP-r000:S-P03-S06:GS09:p0008,west,10,0,4
4447,CP-AP-r000:S-P03-S06:GS09:p0009,west,9,0,6
4448,CP-AP-r000:S-P03-S06:GS09:p0010,west,8,0,1
4449,CP-AP-r000:S-P03-S06:GS09:p0011,west,8,0,6
4450,CP-AP-r000:S-P03-S06:GS09:p0012,west,9,0,4
4451,CP-AP-r000:S-P03-S06:GS09:p0013,west,8,0,6
4452,CP-AP-r000:S-P03-S06:GS09:p0014,west,4,0,1
4453,CP-AP-r000:S-P03-S06:GS10:p0002,east,0,7,0
4454,CP-AP-r000:S-P03-S06:GS10:p0003,east,0,8,5
4455,CP-AP-r000:S-P03-S06:GS10:p0004,east,0,7,6
4456,CP-AP-r000:S-P03-S06:GS10:p0005,east,0,7,1
4457,CP-AP-r000:S-P03-S06:GS10:p0006,east,0,8,6
4458,CP-AP-r000:S-P03-S06:GS10:p0007,east,0,8,5
4459,CP-AP-r000:S-P03-S06:GS10:p0008,east,0,9,6
4460,CP-AP-r000:S-P03-S06:GS10:p0009,east,0,9,0
4461,CP-AP-r000:S-P03-S06:GS10:p0010,east,0,8,6
4462,CP-AP-r000:S-P03-S06:GS10:p0011,east,0,5,5
4463,CP-AP-r000:S-P03-S06:GS10:p0012,east,0,8,5
4464,CP-AP-r000:S-P03-S06:GS10:p0013,east,0,10,6
4465,CP-AP-r000:S-P03-S06:GS10:p0014,east,0,8,6
4466,CP-AP-r000:S-P03-S06:GS10:p0015,east,0,4,6
4467,CP-AP-r000:S-P03-S06:GS11:p0002,east,0,9,0
4468,CP-AP-r000:S-P03-S06:GS11:p0003,east,0,7,5
4469,CP-AP-r000:S-P03-S06:GS11:p0004,east,0,8,1
4470,CP-AP-r000:S-P03-S06:GS11:p0005,east,0,8,6
4471,CP-AP-r000:S-P03-S06:GS11:p0006,east,0,6,0
4472,CP-AP-r000:S-P03-S06:GS11:p0007,east,0,7,5
4473,CP-AP-r000:S-P03-S06:GS11:p0008,east,0,8,6
4474,CP-AP-r000:S-P03-S06:GS11:p0009,east,0,8,0
4475,CP-AP-r000:S-P03-S06:GS11:p0010,east,0,8,6
4476,CP-AP-r000:S-P03-S06:GS11:p0011,east,0,7,0
4477,CP-AP-r000:S-P03-S06:GS11:p0012,east,0,8,5
4478,CP-AP-r000:S-P03-S06:GS11:p0013,east,0,8,6
4479,CP-AP-r000:S-P03-S06:GS11:p0014,east,0,8,0
4480,CP-AP-r000:S-P03-S06:GS11:p0015,east,0,8,6
4481,CP-AP-r000:S-P03-S06:GS12:p0002,east,0,8,0
4482,CP-AP-r000:S-P03-S06:GS12:p0003,east,0,8,5
4483,CP-AP-r000:S-P03-S06:GS12:p0004,east,0,7,1
4484,CP-AP-r000:S-P03-S06:GS12:p0005,east,0,7,6
4485,CP-AP-r000:S-P03-S06:GS12:p0006,east,0,10,0
4486,CP-AP-r000:S-P03-S06:GS12:p0007,east,0,8,5
4487,CP-AP-r000:S-P03-S06:GS12:p0008,east,0,8,0
4488,CP-AP-r000:S-P03-S06:GS12:p0009,east,0,7,6
4489,CP-AP-r000:S-P03-S06:GS12:p0010,east,0,9,0
4490,CP-AP-r000:S-P03-S06:GS12:p0011,east,0,7,5
4491,CP-AP-r000:S-P03-S06:GS12:p0012,east,0,9,0
4492,CP-AP-r000:S-P03-S06:GS12:p0013,east,0,7,6
4493,CP-AP-r000:S-P03-S07:GS01:p0002,west,7,0,1
4494,CP-AP-r000:S-P03-S07:GS01:p0003,west,4,0,4
4495,CP-AP-r000:S-P03-S07:GS01:p0004,west,6,0,0
4496,CP-AP-r000:S-P03-S07:GS01:p0005,west,6,0,6
4497,CP-AP-r000:S-P03-S07:GS01:p0006,west,7,0,1
4498,CP-AP-r000:S-P03-S07:GS01:p0007,west,6,0,5
4499,CP-AP-r000:S-P03-S07:GS01:p0008,west,8,0,0
4500,CP-AP-r000:S-P03-S07:GS01:p0009,west,6,0,6
4501,CP-AP-r000:S-P03-S07:GS01:p0010,west,7,0,1
4502,CP-AP-r000:S-P03-S07:GS01:p0011,west,6,0,6
4503,CP-AP-r000:S-P03-S07:GS01:p0012,west,6,0,0
4504,CP-AP-r000:S-P03-S07:GS01:p0013,west,6,0,6
4505,CP-AP-r000:S-P03-S07:GS01:p0014,west,5,0,2
4506,CP-AP-r000:S-P03-S07:GS02:p0002,west,8,0,1
4507,CP-AP-r000:S-P03-S07:GS02:p0003,west,6,0,6
4508,CP-AP-r000:S-P03-S07:GS02:p0004,west,6,0,4
4509,CP-AP-r000:S-P03-S07:GS02:p0005,west,6,0,6
4510,CP-AP-r000:S-P03-S07:GS02:p0006,west,7,0,1
4511,CP-AP-r000:S-P03-S07:GS02:p0007,west,6,0,5
4512,CP-AP-r000:S-P03-S07:GS02:p0008,west,6,0,6
4513,CP-AP-r000:S-P03-S07:GS02:p0009,west,7,0,1
4514,CP-AP-r000:S-P03-S07:GS02:p0010,west,4,0,6
4515,CP-AP-r000:S-P03-S07:GS02:p0011,west,7,0,0
4516,CP-AP-r000:S-P03-S07:GS02:p0012,west,6,0,6
4517,CP-AP-r000:S-P03-S07:GS02:p0013,west,6,0,2
4518,CP-AP-r000:S-P03-S07:GS03:p0002,west,6,0,6
4519,CP-AP-r000:S-P03-S07:GS03:p0003,west,6,0,4
4520,CP-AP-r000:S-P03-S07:GS03:p0004,west,7,0,6
4521,CP-AP-r000:S-P03-S07:GS03:p0005,west,4,0,1
4522,CP-AP-r000:S-P03-S07:GS03:p0006,west,6,0,6
4523,CP-AP-r000:S-P03-S07:GS03:p0007,west,4,0,5
4524,CP-AP-r000:S-P03-S07:GS03:p0008,west,8,0,6
4525,CP-AP-r000:S-P03-S07:GS03:p0009,west,6,0,1
4526,CP-AP-r000:S-P03-S07:GS03:p0010,west,5,0,6
4527,CP-AP-r000:S-P03-S07:GS03:p0011,west,6,0,6
4528,CP-AP-r000:S-P03-S07:GS03:p0012,west,6,0,6
4529,CP-AP-r000:S-P03-S07:GS03:p0013,west,6,0,2
4530,CP-AP-r000:S-P03-S07:GS04:p0002,east,0,6,5
4531,CP-AP-r000:S-P03-S07:GS04:p0003,east,0,6,6
4532,CP-AP-r000:S-P03-S07:GS04:p0004,east,0,4,0
4533,CP-AP-r000:S-P03-S07:GS04:p0005,east,0,7,6
4534,CP-AP-r000:S-P03-S07:GS04:p0006,east,0,6,4
4535,CP-AP-r000:S-P03-S07:GS04:p0007,east,0,6,6
4536,CP-AP-r000:S-P03-S07:GS04:p0008,east,0,6,0
4537,CP-AP-r000:S-P03-S07:GS04:p0009,east,0,7,6
4538,CP-AP-r000:S-P03-S07:GS04:p0010,east,0,6,3
4539,CP-AP-r000:S-P03-S07:GS04:p0011,east,0,6,6
4540,CP-AP-r000:S-P03-S07:GS04:p0012,east,0,7,6
4541,CP-AP-r000:S-P03-S07:GS05:p0002,east,0,6,5
4542,CP-AP-r000:S-P03-S07:GS05:p0003,east,0,8,6
4543,CP-AP-r000:S-P03-S07:GS05:p0004,east,0,6,0
4544,CP-AP-r000:S-P03-S07:GS05:p0005,east,0,7,6
4545,CP-AP-r000:S-P03-S07:GS05:p0006,east,0,6,4
4546,CP-AP-r000:S-P03-S07:GS05:p0007,east,0,7,6
4547,CP-AP-r000:S-P03-S07:GS05:p0008,east,0,6,0
4548,CP-AP-r000:S-P03-S07:GS05:p0009,east,0,7,6
4549,CP-AP-r000:S-P03-S07:GS05:p0010,east,0,6,3
4550,CP-AP-r000:S-P03-S07:GS05:p0011,east,0,6,6
4551,CP-AP-r000:S-P03-S07:GS05:p0012,east,0,5,0
4552,CP-AP-r000:S-P03-S07:GS05:p0013,east,0,6,6
4553,CP-AP-r000:S-P03-S07:GS06:p0002,east,0,6,5
4554,CP-AP-r000:S-P03-S07:GS06:p0003,east,0,6,0
4555,CP-AP-r000:S-P03-S07:GS06:p0004,east,0,7,6
4556,CP-AP-r000:S-P03-S07:GS06:p0005,east,0,6,4
4557,CP-AP-r000:S-P03-S07:GS06:p0006,east,0,7,6
4558,CP-AP-r000:S-P03-S07:GS06:p0007,east,0,6,0
4559,CP-AP-r000:S-P03-S07:GS06:p0008,east,0,7,6
4560,CP-AP-r000:S-P03-S07:GS06:p0009,east,0,4,3
4561,CP-AP-r000:S-P03-S07:GS06:p0010,east,0,6,6
4562,CP-AP-r000:S-P03-S07:GS06:p0011,east,0,6,0
4563,CP-AP-r000:S-P03-S07:GS06:p0012,east,0,7,6
4564,CP-AP-r000:S-P03-S07:GS07:p0002,west,8,0,1
4565,CP-AP-r000:S-P03-S07:GS07:p0003,west,6,0,6
4566,CP-AP-r000:S-P03-S07:GS07:p0004,west,8,0,4
4567,CP-AP-r000:S-P03-S07:GS07:p0005,west,9,0,0
4568,CP-AP-r000:S-P03-S07:GS07:p0006,west,8,0,6
4569,CP-AP-r000:S-P03-S07:GS07:p0007,west,8,0,1
4570,CP-AP-r000:S-P03-S07:GS07:p0008,west,5,0,6
4571,CP-AP-r000:S-P03-S07:GS07:p0009,west,8,0,5
4572,CP-AP-r000:S-P03-S07:GS07:p0010,west,10,0,0
4573,CP-AP-r000:S-P03-S07:GS07:p0011,west,8,0,6
4574,CP-AP-r000:S-P03-S07:GS07:p0012,west,8,0,1
4575,CP-AP-r000:S-P03-S07:GS07:p0013,west,8,0,6
4576,CP-AP-r000:S-P03-S07:GS07:p0014,west,10,0,0
4577,CP-AP-r000:S-P03-S07:GS07:p0015,west,6,0,6
4578,CP-AP-r000:S-P03-S07:GS07:p0016,west,6,0,2
4579,CP-AP-r000:S-P03-S07:GS08:p0002,west,8,0,1
4580,CP-AP-r000:S-P03-S07:GS08:p0003,west,8,0,6
4581,CP-AP-r000:S-P03-S07:GS08:p0004,west,8,0,4
4582,CP-AP-r000:S-P03-S07:GS08:p0005,west,8,0,6
4583,CP-AP-r000:S-P03-S07:GS08:p0006,west,8,0,1
4584,CP-AP-r000:S-P03-S07:GS08:p0007,west,8,0,6
4585,CP-AP-r000:S-P03-S07:GS08:p0008,west,7,0,5
4586,CP-AP-r000:S-P03-S07:GS08:p0009,west,9,0,6
4587,CP-AP-r000:S-P03-S07:GS08:p0010,west,8,0,1
4588,CP-AP-r000:S-P03-S07:GS08:p0011,west,7,0,6
4589,CP-AP-r000:S-P03-S07:GS08:p0012,west,8,0,6
4590,CP-AP-r000:S-P03-S07:GS08:p0013,west,8,0,6
4591,CP-AP-r000:S-P03-S07:GS08:p0014,west,6,0,2
4592,CP-AP-r000:S-P03-S07:GS09:p0002,west,9,0,1
4593,CP-AP-r000:S-P03-S07:GS09:p0003,west,7,0,6
4594,CP-AP-r000:S-P03-S07:GS09:p0004,west,7,0,4
4595,CP-AP-r000:S-P03-S07:GS09:p0005,west,8,0,6
4596,CP-AP-r000:S-P03-S07:GS09:p0006,west,10,0,1
4597,CP-AP-r000:S-P03-S07:GS09:p0007,west,7,0,6
4598,CP-AP-r000:S-P03-S07:GS09:p0008,west,7,0,5
4599,CP-AP-r000:S-P03-S07:GS09:p0009,west,8,0,6
4600,CP-AP-r000:S-P03-S07:GS09:p0010,west,8,0,1
4601,CP-AP-r000:S-P03-S07:GS09:p0011,west,7,0,6
4602,CP-AP-r000:S-P03-S07:GS09:p0012,west,8,0,6
4603,CP-AP-r000:S-P03-S07:GS09:p0013,west,8,0,6
4604,CP-AP-r000:S-P03-S07:GS09:p0014,west,6,0,2
4605,CP-AP-r000:S-P03-S07:GS10:p0002,east,0,7,5
4606,CP-AP-r000:S-P03-S07:GS10:p0003,east,0,8,5
4607,CP-AP-r000:S-P03-S07:GS10:p0004,east,0,10,6
4608,CP-AP-r000:S-P03-S07:GS10:p0005,east,0,5,0
4609,CP-AP-r000:S-P03-S07:GS10:p0006,east,0,7,6
4610,CP-AP-r000:S-P03-S07:GS10:p0007,east,0,6,6
4611,CP-AP-r000:S-P03-S07:GS10:p0008,east,0,8,4
4612,CP-AP-r000:S-P03-S07:GS10:p0009,east,0,10,6
4613,CP-AP-r000:S-P03-S07:GS10:p0010,east,0,8,6
4614,CP-AP-r000:S-P03-S07:GS10:p0011,east,0,9,6
4615,CP-AP-r000:S-P03-S07:GS10:p0012,east,0,7,3
4616,CP-AP-r000:S-P03-S07:GS10:p0013,east,0,9,6
4617,CP-AP-r000:S-P03-S07:GS10:p0014,east,0,9,6
4618,CP-AP-r000:S-P03-S07:GS10:p0015,east,0,5,6
4619,CP-AP-r000:S-P03-S07:GS11:p0002,east,0,5,0
4620,CP-AP-r000:S-P03-S07:GS11:p0003,east,0,8,5
4621,CP-AP-r000:S-P03-S07:GS11:p0004,east,0,9,6
4622,CP-AP-r000:S-P03-S07:GS11:p0005,east,0,8,0
4623,CP-AP-r000:S-P03-S07:GS11:p0006,east,0,8,6
4624,CP-AP-r000:S-P03-S07:GS11:p0007,east,0,8,4
4625,CP-AP-r000:S-P03-S07:GS11:p0008,east,0,9,6
4626,CP-AP-r000:S-P03-S07:GS11:p0009,east,0,6,0
4627,CP-AP-r000:S-P03-S07:GS11:p0010,east,0,8,6
4628,CP-AP-r000:S-P03-S07:GS11:p0011,east,0,8,3
4629,CP-AP-r000:S-P03-S07:GS11:p0012,east,0,10,6
4630,CP-AP-r000:S-P03-S07:GS11:p0013,east,0,5,0
4631,CP-AP-r000:S-P03-S07:GS11:p0014,east,0,7,6
4632,CP-AP-r000:S-P03-S07:GS11:p0015,east,0,4,6
4633,CP-AP-r000:S-P03-S07:GS12:p0002,east,0,8,0
4634,CP-AP-r000:S-P03-S07:GS12:p0003,east,0,8,5
4635,CP-AP-r000:S-P03-S07:GS12:p0004,east,0,8,0
4636,CP-AP-r000:S-P03-S07:GS12:p0005,east,0,8,6
4637,CP-AP-r000:S-P03-S07:GS12:p0006,east,0,8,0
4638,CP-AP-r000:S-P03-S07:GS12:p0007,east,0,7,4
4639,CP-AP-r000:S-P03-S07:GS12:p0008,east,0,8,0
4640,CP-AP-r000:S-P03-S07:GS12:p0009,east,0,8,6
4641,CP-AP-r000:S-P03-S07:GS12:p0010,east,0,6,0
4642,CP-AP-r000:S-P03-S07:GS12:p0011,east,0,8,3
4643,CP-AP-r000:S-P03-S07:GS12:p0012,east,0,9,6
4644,CP-AP-r000:S-P03-S07:GS12:p0013,east,0,8,0
4645,CP-AP-r000:S-P03-S07:GS12:p0014,east,0,8,6
4646,CP-AP-r000:S-P03-S08:GS01:p0002,west,6,0,1
4647,CP-AP-r000:S-P03-S08:GS01:p0003,west,5,0,4
4648,CP-AP-r000:S-P03-S08:GS01:p0004,west,6,0,0
4649,CP-AP-r000:S-P03-S08:GS01:p0005,west,7,0,6
4650,CP-AP-r000:S-P03-S08:GS01:p0006,west,6,0,1
4651,CP-AP-r000:S-P03-S08:GS01:p0007,west,6,0,5
4652,CP-AP-r000:S-P03-S08:GS01:p0008,west,8,0,0
4653,CP-AP-r000:S-P03-S08:GS01:p0009,west,7,0,6
4654,CP-AP-r000:S-P03-S08:GS01:p0010,west,6,0,2
4655,CP-AP-r000:S-P03-S08:GS01:p0011,west,7,0,6
4656,CP-AP-r000:S-P03-S08:GS01:p0012,west,7,0,0
4657,CP-AP-r000:S-P03-S08:GS01:p0013,west,7,0,6
4658,CP-AP-r000:S-P03-S08:GS01:p0014,west,6,0,3
4659,CP-AP-r000:S-P03-S08:GS02:p0002,west,6,0,1
4660,CP-AP-r000:S-P03-S08:GS02:p0003,west,4,0,6
4661,CP-AP-r000:S-P03-S08:GS02:p0004,west,7,0,4
4662,CP-AP-r000:S-P03-S08:GS02:p0005,west,7,0,6
4663,CP-AP-r000:S-P03-S08:GS02:p0006,west,6,0,1
4664,CP-AP-r000:S-P03-S08:GS02:p0007,west,7,0,5
4665,CP-AP-r000:S-P03-S08:GS02:p0008,west,7,0,6
4666,CP-AP-r000:S-P03-S08:GS02:p0009,west,6,0,2
4667,CP-AP-r000:S-P03-S08:GS02:p0010,west,5,0,6
4668,CP-AP-r000:S-P03-S08:GS02:p0011,west,7,0,0
4669,CP-AP-r000:S-P03-S08:GS02:p0012,west,7,0,6
4670,CP-AP-r000:S-P03-S08:GS02:p0013,west,6,0,3
4671,CP-AP-r000:S-P03-S08:GS03:p0002,west,7,0,6
4672,CP-AP-r000:S-P03-S08:GS03:p0003,west,7,0,4
4673,CP-AP-r000:S-P03-S08:GS03:p0004,west,7,0,6
4674,CP-AP-r000:S-P03-S08:GS03:p0005,west,6,0,1
4675,CP-AP-r000:S-P03-S08:GS03:p0006,west,8,0,6
4676,CP-AP-r000:S-P03-S08:GS03:p0007,west,5,0,5
4677,CP-AP-r000:S-P03-S08:GS03:p0008,west,8,0,6
4678,CP-AP-r000:S-P03-S08:GS03:p0009,west,5,0,2
4679,CP-AP-r000:S-P03-S08:GS03:p0010,west,4,0,6
4680,CP-AP-r000:S-P03-S08:GS03:p0011,west,7,0,6
4681,CP-AP-r000:S-P03-S08:GS03:p0012,west,7,0,6
4682,CP-AP-r000:S-P03-S08:GS03:p0013,west,6,0,3
4683,CP-AP-r000:S-P03-S08:GS04:p0002,east,0,7,5
4684,CP-AP-r000:S-P03-S08:GS04:p0003,east,0,7,6
4685,CP-AP-r000:S-P03-S08:GS04:p0004,east,0,6,0
4686,CP-AP-r000:S-P03-S08:GS04:p0005,east,0,6,6
4687,CP-AP-r000:S-P03-S08:GS04:p0006,east,0,7,4
4688,CP-AP-r000:S-P03-S08:GS04:p0007,east,0,7,6
4689,CP-AP-r000:S-P03-S08:GS04:p0008,east,0,7,0
4690,CP-AP-r000:S-P03-S08:GS04:p0009,east,0,6,6
4691,CP-AP-r000:S-P03-S08:GS04:p0010,east,0,7,3
4692,CP-AP-r000:S-P03-S08:GS04:p0011,east,0,7,6
4693,CP-AP-r000:S-P03-S08:GS04:p0012,east,0,7,6
4694,CP-AP-r000:S-P03-S08:GS04:p0013,east,0,6,6
4695,CP-AP-r000:S-P03-S08:GS05:p0002,east,0,6,5
4696,CP-AP-r000:S-P03-S08:GS05:p0003,east,0,8,6
4697,CP-AP-r000:S-P03-S08:GS05:p0004,east,0,7,0
4698,CP-AP-r000:S-P03-S08:GS05:p0005,east,0,6,6
4699,CP-AP-r000:S-P03-S08:GS05:p0006,east,0,7,4
4700,CP-AP-r000:S-P03-S08:GS05:p0007,east,0,8,6
4701,CP-AP-r000:S-P03-S08:GS05:p0008,east,0,7,0
4702,CP-AP-r000:S-P03-S08:GS05:p0009,east,0,6,6
4703,CP-AP-r000:S-P03-S08:GS05:p0010,east,0,7,3
4704,CP-AP-r000:S-P03-S08:GS05:p0011,east,0,7,6
4705,CP-AP-r000:S-P03-S08:GS05:p0012,east,0,7,0
4706,CP-AP-r000:S-P03-S08:GS05:p0013,east,0,6,6
4707,CP-AP-r000:S-P03-S08:GS06:p0002,east,0,7,5
4708,CP-AP-r000:S-P03-S08:GS06:p0003,east,0,7,0
4709,CP-AP-r000:S-P03-S08:GS06:p0004,east,0,6,6
4710,CP-AP-r000:S-P03-S08:GS06:p0005,east,0,7,4
4711,CP-AP-r000:S-P03-S08:GS06:p0006,east,0,7,6
4712,CP-AP-r000:S-P03-S08:GS06:p0007,east,0,7,0
4713,CP-AP-r000:S-P03-S08:GS06:p0008,east,0,6,6
4714,CP-AP-r000:S-P03-S08:GS06:p0009,east,0,5,3
4715,CP-AP-r000:S-P03-S08:GS06:p0010,east,0,6,6
4716,CP-AP-r000:S-P03-S08:GS06:p0011,east,0,7,0
4717,CP-AP-r000:S-P03-S08:GS06:p0012,east,0,6,6
4718,CP-AP-r000:S-P03-S08:GS07:p0002,west,8,0,1
4719,CP-AP-r000:S-P03-S08:GS07:p0003,west,7,0,6
4720,CP-AP-r000:S-P03-S08:GS07:p0004,west,7,0,4
4721,CP-AP-r000:S-P03-S08:GS07:p0005,west,8,0,0
4722,CP-AP-r000:S-P03-S08:GS07:p0006,west,8,0,6
4723,CP-AP-r000:S-P03-S08:GS07:p0007,west,8,0,1
4724,CP-AP-r000:S-P03-S08:GS07:p0008,west,7,0,6
4725,CP-AP-r000:S-P03-S08:GS07:p0009,west,8,0,5
4726,CP-AP-r000:S-P03-S08:GS07:p0010,west,9,0,0
4727,CP-AP-r000:S-P03-S08:GS07:p0011,west,8,0,6
4728,CP-AP-r000:S-P03-S08:GS07:p0012,west,8,0,2
4729,CP-AP-r000:S-P03-S08:GS07:p0013,west,8,0,6
4730,CP-AP-r000:S-P03-S08:GS07:p0014,west,9,0,0
4731,CP-AP-r000:S-P03-S08:GS07:p0015,west,8,0,6
4732,CP-AP-r000:S-P03-S08:GS07:p0016,west,6,0,3
4733,CP-AP-r000:S-P03-S08:GS08:p0002,west,7,0,1
4734,CP-AP-r000:S-P03-S08:GS08:p0003,west,10,0,6
4735,CP-AP-r000:S-P03-S08:GS08:p0004,west,8,0,4
4736,CP-AP-r000:S-P03-S08:GS08:p0005,west,8,0,6
4737,CP-AP-r000:S-P03-S08:GS08:p0006,west,7,0,1
4738,CP-AP-r000:S-P03-S08:GS08:p0007,west,9,0,6
4739,CP-AP-r000:S-P03-S08:GS08:p0008,west,7,0,5
4740,CP-AP-r000:S-P03-S08:GS08:p0009,west,9,0,6
4741,CP-AP-r000:S-P03-S08:GS08:p0010,west,7,0,2
4742,CP-AP-r000:S-P03-S08:GS08:p0011,west,8,0,6
4743,CP-AP-r000:S-P03-S08:GS08:p0012,west,7,0,6
4744,CP-AP-r000:S-P03-S08:GS08:p0013,west,8,0,6
4745,CP-AP-r000:S-P03-S08:GS08:p0014,west,6,0,3
4746,CP-AP-r000:S-P03-S08:GS09:p0002,west,9,0,1
4747,CP-AP-r000:S-P03-S08:GS09:p0003,west,8,0,6
4748,CP-AP-r000:S-P03-S08:GS09:p0004,west,8,0,4
4749,CP-AP-r000:S-P03-S08:GS09:p0005,west,8,0,6
4750,CP-AP-r000:S-P03-S08:GS09:p0006,west,7,0,1
4751,CP-AP-r000:S-P03-S08:GS09:p0007,west,8,0,6
4752,CP-AP-r000:S-P03-S08:GS09:p0008,west,8,0,5
4753,CP-AP-r000:S-P03-S08:GS09:p0009,west,7,0,6
4754,CP-AP-r000:S-P03-S08:GS09:p0010,west,7,0,2
4755,CP-AP-r000:S-P03-S08:GS09:p0011,west,9,0,6
4756,CP-AP-r000:S-P03-S08:GS09:p0012,west,8,0,6
4757,CP-AP-r000:S-P03-S08:GS09:p0013,west,7,0,6
4758,CP-AP-r000:S-P03-S08:GS09:p0014,west,6,0,3
4759,CP-AP-r000:S-P03-S08:GS10:p0002,east,0,5,5
4760,CP-AP-r000:S-P03-S08:GS10:p0003,east,0,8,5
4761,CP-AP-r000:S-P03-S08:GS10:p0004,east,0,10,6
4762,CP-AP-r000:S-P03-S08:GS10:p0005,east,0,8,6
4763,CP-AP-r000:S-P03-S08:GS10:p0006,east,0,5,6
4764,CP-AP-r000:S-P03-S08:GS10:p0007,east,0,8,4
4765,CP-AP-r000:S-P03-S08:GS10:p0008,east,0,10,6
4766,CP-AP-r000:S-P03-S08:GS10:p0009,east,0,9,6
4767,CP-AP-r000:S-P03-S08:GS10:p0010,east,0,8,6
4768,CP-AP-r000:S-P03-S08:GS10:p0011,east,0,8,3
4769,CP-AP-r000:S-P03-S08:GS10:p0012,east,0,10,6
4770,CP-AP-r000:S-P03-S08:GS10:p0013,east,0,9,6
4771,CP-AP-r000:S-P03-S08:GS10:p0014,east,0,6,6
4772,CP-AP-r000:S-P03-S08:GS11:p0002,east,0,7,0
4773,CP-AP-r000:S-P03-S08:GS11:p0003,east,0,8,5
4774,CP-AP-r000:S-P03-S08:GS11:p0004,east,0,8,6
4775,CP-AP-r000:S-P03-S08:GS11:p0005,east,0,8,0
4776,CP-AP-r000:S-P03-S08:GS11:p0006,east,0,8,6
4777,CP-AP-r000:S-P03-S08:GS11:p0007,east,0,8,4
4778,CP-AP-r000:S-P03-S08:GS11:p0008,east,0,8,6
4779,CP-AP-r000:S-P03-S08:GS11:p0009,east,0,6,0
4780,CP-AP-r000:S-P03-S08:GS11:p0010,east,0,8,6
4781,CP-AP-r000:S-P03-S08:GS11:p0011,east,0,7,6
4782,CP-AP-r000:S-P03-S08:GS11:p0012,east,0,8,3
4783,CP-AP-r000:S-P03-S08:GS11:p0013,east,0,10,6
4784,CP-AP-r000:S-P03-S08:GS11:p0014,east,0,8,0
4785,CP-AP-r000:S-P03-S08:GS11:p0015,east,0,8,6
4786,CP-AP-r000:S-P03-S08:GS11:p0016,east,0,5,6
4787,CP-AP-r000:S-P03-S08:GS12:p0002,east,0,9,0
4788,CP-AP-r000:S-P03-S08:GS12:p0003,east,0,8,5
4789,CP-AP-r000:S-P03-S08:GS12:p0004,east,0,8,0
4790,CP-AP-r000:S-P03-S08:GS12:p0005,east,0,7,6
4791,CP-AP-r000:S-P03-S08:GS12:p0006,east,0,9,0
4792,CP-AP-r000:S-P03-S08:GS12:p0007,east,0,7,4
4793,CP-AP-r000:S-P03-S08:GS12:p0008,east,0,9,0
4794,CP-AP-r000:S-P03-S08:GS12:p0009,east,0,8,6
4795,CP-AP-r000:S-P03-S08:GS12:p0010,east,0,7,0
4796,CP-AP-r000:S-P03-S08:GS12:p0011,east,0,7,3
4797,CP-AP-r000:S-P03-S08:GS12:p0012,east,0,7,6
4798,CP-AP-r000:S-P03-S08:GS12:p0013,east,0,8,0
4799,CP-AP-r000:S-P03-S08:GS12:p0014,east,0,8,6
4800,CP-AP-r000:S-P03-S09:GS01:p0002,west,7,0,1
4801,CP-AP-r000:S-P03-S09:GS01:p0003,west,6,0,6
4802,CP-AP-r000:S-P03-S09:GS01:p0004,west,7,0,0
4803,CP-AP-r000:S-P03-S09:GS01:p0005,west,6,0,6
4804,CP-AP-r000:S-P03-S09:GS01:p0006,west,6,0,2
4805,CP-AP-r000:S-P03-S09:GS01:p0007,west,6,0,6
4806,CP-AP-r000:S-P03-S09:GS01:p0008,west,6,0,0
4807,CP-AP-r000:S-P03-S09:GS01:p0009,west,4,0,6
4808,CP-AP-r000:S-P03-S09:GS01:p0010,west,6,0,3
4809,CP-AP-r000:S-P03-S09:GS01:p0011,west,6,0,6
4810,CP-AP-r000:S-P03-S09:GS01:p0012,west,6,0,0
4811,CP-AP-r000:S-P03-S09:GS01:p0013,west,6,0,6
4812,CP-AP-r000:S-P03-S09:GS01:p0014,west,7,0,4
4813,CP-AP-r000:S-P03-S09:GS02:p0002,west,7,0,1
4814,CP-AP-r000:S-P03-S09:GS02:p0003,west,5,0,6
4815,CP-AP-r000:S-P03-S09:GS02:p0004,west,7,0,0
4816,CP-AP-r000:S-P03-S09:GS02:p0005,west,6,0,6
4817,CP-AP-r000:S-P03-S09:GS02:p0006,west,7,0,2
4818,CP-AP-r000:S-P03-S09:GS02:p0007,west,5,0,6
4819,CP-AP-r000:S-P03-S09:GS02:p0008,west,6,0,0
4820,CP-AP-r000:S-P03-S09:GS02:p0009,west,6,0,6
4821,CP-AP-r000:S-P03-S09:GS02:p0010,west,7,0,3
4822,CP-AP-r000:S-P03-S09:GS02:p0011,west,6,0,6
4823,CP-AP-r000:S-P03-S09:GS02:p0012,west,7,0,0
4824,CP-AP-r000:S-P03-S09:GS02:p0013,west,6,0,6
4825,CP-AP-r000:S-P03-S09:GS02:p0014,west,7,0,4
4826,CP-AP-r000:S-P03-S09:GS03:p0002,west,6,0,1
4827,CP-AP-r000:S-P03-S09:GS03:p0003,west,5,0,6
4828,CP-AP-r000:S-P03-S09:GS03:p0004,west,6,0,6
4829,CP-AP-r000:S-P03-S09:GS03:p0005,west,6,0,6
4830,CP-AP-r000:S-P03-S09:GS03:p0006,west,8,0,2
4831,CP-AP-r000:S-P03-S09:GS03:p0007,west,6,0,6
4832,CP-AP-r000:S-P03-S09:GS03:p0008,west,6,0,6
4833,CP-AP-r000:S-P03-S09:GS03:p0009,west,6,0,6
4834,CP-AP-r000:S-P03-S09:GS03:p0010,west,7,0,3
4835,CP-AP-r000:S-P03-S09:GS03:p0011,west,6,0,6
4836,CP-AP-r000:S-P03-S09:GS03:p0012,west,6,0,6
4837,CP-AP-r000:S-P03-S09:GS03:p0013,west,7,0,4
4838,CP-AP-r000:S-P03-S09:GS04:p0002,east,0,6,3
4839,CP-AP-r000:S-P03-S09:GS04:p0003,east,0,6,6
4840,CP-AP-r000:S-P03-S09:GS04:p0004,east,0,7,6
4841,CP-AP-r000:S-P03-S09:GS04:p0005,east,0,6,3
4842,CP-AP-r000:S-P03-S09:GS04:p0006,east,0,6,6
4843,CP-AP-r000:S-P03-S09:GS04:p0007,east,0,7,6
4844,CP-AP-r000:S-P03-S09:GS04:p0008,east,0,4,6
4845,CP-AP-r000:S-P03-S09:GS04:p0009,east,0,5,2
4846,CP-AP-r000:S-P03-S09:GS04:p0010,east,0,4,6
4847,CP-AP-r000:S-P03-S09:GS04:p0011,east,0,7,5
4848,CP-AP-r000:S-P03-S09:GS04:p0012,east,0,7,6
4849,CP-AP-r000:S-P03-S09:GS05:p0002,east,0,6,3
4850,CP-AP-r000:S-P03-S09:GS05:p0003,east,0,6,6
4851,CP-AP-r000:S-P03-S09:GS05:p0004,east,0,6,0
4852,CP-AP-r000:S-P03-S09:GS05:p0005,east,0,6,6
4853,CP-AP-r000:S-P03-S09:GS05:p0006,east,0,6,3
4854,CP-AP-r000:S-P03-S09:GS05:p0007,east,0,6,6
4855,CP-AP-r000:S-P03-S09:GS05:p0008,east,0,4,0
4856,CP-AP-r000:S-P03-S09:GS05:p0009,east,0,7,6
4857,CP-AP-r000:S-P03-S09:GS05:p0010,east,0,6,2
4858,CP-AP-r000:S-P03-S09:GS05:p0011,east,0,6,6
4859,CP-AP-r000:S-P03-S09:GS05:p0012,east,0,6,0
4860,CP-AP-r000:S-P03-S09:GS05:p0013,east,0,7,5
4861,CP-AP-r000:S-P03-S09:GS06:p0002,east,0,4,3
4862,CP-AP-r000:S-P03-S09:GS06:p0003,east,0,6,6
4863,CP-AP-r000:S-P03-S09:GS06:p0004,east,0,6,0
4864,CP-AP-r000:S-P03-S09:GS06:p0005,east,0,7,6
4865,CP-AP-r000:S-P03-S09:GS06:p0006,east,0,6,3
4866,CP-AP-r000:S-P03-S09:GS06:p0007,east,0,8,6
4867,CP-AP-r000:S-P03-S09:GS06:p0008,east,0,6,0
4868,CP-AP-r000:S-P03-S09:GS06:p0009,east,0,7,6
4869,CP-AP-r000:S-P03-S09:GS06:p0010,east,0,6,2
4870,CP-AP-r000:S-P03-S09:GS06:p0011,east,0,7,6
4871,CP-AP-r000:S-P03-S09:GS06:p0012,east,0,6,0
4872,CP-AP-r000:S-P03-S09:GS06:p0013,east,0,6,5
4873,CP-AP-r000:S-P03-S09:GS07:p0002,west,8,0,1
4874,CP-AP-r000:S-P03-S09:GS07:p0003,west,8,0,6
4875,CP-AP-r000:S-P03-S09:GS07:p0004,west,10,0,0
4876,CP-AP-r000:S-P03-S09:GS07:p0005,west,6,0,6
4877,CP-AP-r000:S-P03-S09:GS07:p0006,west,8,0,2
4878,CP-AP-r000:S-P03-S09:GS07:p0007,west,7,0,0
4879,CP-AP-r000:S-P03-S09:GS07:p0008,west,8,0,6
4880,CP-AP-r000:S-P03-S09:GS07:p0009,west,10,0,0
4881,CP-AP-r000:S-P03-S09:GS07:p0010,west,4,0,6
4882,CP-AP-r000:S-P03-S09:GS07:p0011,west,7,0,3
4883,CP-AP-r000:S-P03-S09:GS07:p0012,west,8,0,0
4884,CP-AP-r000:S-P03-S09:GS07:p0013,west,8,0,6
4885,CP-AP-r000:S-P03-S09:GS07:p0014,west,10,0,0
4886,CP-AP-r000:S-P03-S09:GS07:p0015,west,7,0,4
4887,CP-AP-r000:S-P03-S09:GS08:p0002,west,8,0,1
4888,CP-AP-r000:S-P03-S09:GS08:p0003,west,8,0,6
4889,CP-AP-r000:S-P03-S09:GS08:p0004,west,8,0,6
4890,CP-AP-r000:S-P03-S09:GS08:p0005,west,8,0,6
4891,CP-AP-r000:S-P03-S09:GS08:p0006,west,8,0,2
4892,CP-AP-r000:S-P03-S09:GS08:p0007,west,7,0,6
4893,CP-AP-r000:S-P03-S09:GS08:p0008,west,8,0,6
4894,CP-AP-r000:S-P03-S09:GS08:p0009,west,9,0,0
4895,CP-AP-r000:S-P03-S09:GS08:p0010,west,9,0,6
4896,CP-AP-r000:S-P03-S09:GS08:p0011,west,8,0,3
4897,CP-AP-r000:S-P03-S09:GS08:p0012,west,5,0,6
4898,CP-AP-r000:S-P03-S09:GS08:p0013,west,8,0,6
4899,CP-AP-r000:S-P03-S09:GS08:p0014,west,9,0,0
4900,CP-AP-r000:S-P03-S09:GS08:p0015,west,8,0,6
4901,CP-AP-r000:S-P03-S09:GS08:p0016,west,8,0,4
4902,CP-AP-r000:S-P03-S09:GS09:p0002,west,8,0,1
4903,CP-AP-r000:S-P03-S09:GS09:p0003,west,7,0,6
4904,CP-AP-r000:S-P03-S09:GS09:p0004,west,8,0,6
4905,CP-AP-r000:S-P03-S09:GS09:p0005,west,8,0,6
4906,CP-AP-r000:S-P03-S09:GS09:p0006,west,8,0,2
4907,CP-AP-r000:S-P03-S09:GS09:p0007,west,8,0,6
4908,CP-AP-r000:S-P03-S09:GS09:p0008,west,8,0,6
4909,CP-AP-r000:S-P03-S09:GS09:p0009,west,8,0,6
4910,CP-AP-r000:S-P03-S09:GS09:p0010,west,8,0,3
4911,CP-AP-r000:S-P03-S09:GS09:p0011,west,8,0,6
4912,CP-AP-r000:S-P03-S09:GS09:p0012,west,7,0,6
4913,CP-AP-r000:S-P03-S09:GS09:p0013,west,9,0,6
4914,CP-AP-r000:S-P03-S09:GS09:p0014,west,8,0,4
4915,CP-AP-r000:S-P03-S09:GS10:p0002,east,0,9,6
4916,CP-AP-r000:S-P03-S09:GS10:p0003,east,0,7,3
4917,CP-AP-r000:S-P03-S09:GS10:p0004,east,0,9,6
4918,CP-AP-r000:S-P03-S09:GS10:p0005,east,0,9,6
4919,CP-AP-r000:S-P03-S09:GS10:p0006,east,0,9,6
4920,CP-AP-r000:S-P03-S09:GS10:p0007,east,0,7,3
4921,CP-AP-r000:S-P03-S09:GS10:p0008,east,0,7,6
4922,CP-AP-r000:S-P03-S09:GS10:p0009,east,0,8,6
4923,CP-AP-r000:S-P03-S09:GS10:p0010,east,0,9,6
4924,CP-AP-r000:S-P03-S09:GS10:p0011,east,0,7,2
4925,CP-AP-r000:S-P03-S09:GS10:p0012,east,0,7,6
4926,CP-AP-r000:S-P03-S09:GS10:p0013,east,0,8,5
4927,CP-AP-r000:S-P03-S09:GS10:p0014,east,0,8,6
4928,CP-AP-r000:S-P03-S09:GS11:p0002,east,0,8,3
4929,CP-AP-r000:S-P03-S09:GS11:p0003,east,0,10,6
4930,CP-AP-r000:S-P03-S09:GS11:p0004,east,0,6,0
4931,CP-AP-r000:S-P03-S09:GS11:p0005,east,0,8,6
4932,CP-AP-r000:S-P03-S09:GS11:p0006,east,0,7,6
4933,CP-AP-r000:S-P03-S09:GS11:p0007,east,0,8,3
4934,CP-AP-r000:S-P03-S09:GS11:p0008,east,0,10,6
4935,CP-AP-r000:S-P03-S09:GS11:p0009,east,0,7,6
4936,CP-AP-r000:S-P03-S09:GS11:p0010,east,0,7,6
4937,CP-AP-r000:S-P03-S09:GS11:p0011,east,0,8,2
4938,CP-AP-r000:S-P03-S09:GS11:p0012,east,0,10,6
4939,CP-AP-r000:S-P03-S09:GS11:p0013,east,0,8,5
4940,CP-AP-r000:S-P03-S09:GS11:p0014,east,0,9,6
4941,CP-AP-r000:S-P03-S09:GS12:p0002,east,0,5,0
4942,CP-AP-r000:S-P03-S09:GS12:p0003,east,0,8,3
4943,CP-AP-r000:S-P03-S09:GS12:p0004,east,0,9,6
4944,CP-AP-r000:S-P03-S09:GS12:p0005,east,0,8,0
4945,CP-AP-r000:S-P03-S09:GS12:p0006,east,0,8,6
4946,CP-AP-r000:S-P03-S09:GS12:p0007,east,0,5,0
4947,CP-AP-r000:S-P03-S09:GS12:p0008,east,0,8,3
4948,CP-AP-r000:S-P03-S09:GS12:p0009,east,0,10,6
4949,CP-AP-r000:S-P03-S09:GS12:p0010,east,0,8,0
4950,CP-AP-r000:S-P03-S09:GS12:p0011,east,0,8,6
4951,CP-AP-r000:S-P03-S09:GS12:p0012,east,0,8,2
4952,CP-AP-r000:S-P03-S09:GS12:p0013,east,0,10,6
4953,CP-AP-r000:S-P03-S09:GS12:p0014,east,0,6,0
4954,CP-AP-r000:S-P03-S09:GS12:p0015,east,0,8,5
4955,CP-AP-r000:S-P03-S09:GS12:p0016,east,0,6,6
4956,CP-AP-r000:S-P03-S10:GS01:p0002,west,6,0,2
4957,CP-AP-r000:S-P03-S10:GS01:p0003,west,7,0,6
4958,CP-AP-r000:S-P03-S10:GS01:p0004,west,7,0,0
4959,CP-AP-r000:S-P03-S10:GS01:p0005,west,7,0,6
4960,CP-AP-r000:S-P03-S10:GS01:p0006,west,6,0,2
4961,CP-AP-r000:S-P03-S10:GS01:p0007,west,7,0,6
4962,CP-AP-r000:S-P03-S10:GS01:p0008,west,7,0,0
4963,CP-AP-r000:S-P03-S10:GS01:p0009,west,6,0,6
4964,CP-AP-r000:S-P03-S10:GS01:p0010,west,5,0,3
4965,CP-AP-r000:S-P03-S10:GS01:p0011,west,7,0,6
4966,CP-AP-r000:S-P03-S10:GS01:p0012,west,7,0,0
4967,CP-AP-r000:S-P03-S10:GS01:p0013,west,7,0,6
4968,CP-AP-r000:S-P03-S10:GS01:p0014,west,6,0,4
4969,CP-AP-r000:S-P03-S10:GS02:p0002,west,6,0,2
4970,CP-AP-r000:S-P03-S10:GS02:p0003,west,6,0,6
4971,CP-AP-r000:S-P03-S10:GS02:p0004,west,7,0,0
4972,CP-AP-r000:S-P03-S10:GS02:p0005,west,7,0,6
4973,CP-AP-r000:S-P03-S10:GS02:p0006,west,6,0,2
4974,CP-AP-r000:S-P03-S10:GS02:p0007,west,6,0,6
4975,CP-AP-r000:S-P03-S10:GS02:p0008,west,6,0,0
4976,CP-AP-r000:S-P03-S10:GS02:p0009,west,7,0,6
4977,CP-AP-r000:S-P03-S10:GS02:p0010,west,6,0,3
4978,CP-AP-r000:S-P03-S10:GS02:p0011,west,6,0,6
4979,CP-AP-r000:S-P03-S10:GS02:p0012,west,8,0,0
4980,CP-AP-r000:S-P03-S10:GS02:p0013,west,7,0,6
4981,CP-AP-r000:S-P03-S10:GS02:p0014,west,6,0,4
4982,CP-AP-r000:S-P03-S10:GS03:p0002,west,5,0,2
4983,CP-AP-r000:S-P03-S10:GS03:p0003,west,5,0,6
4984,CP-AP-r000:S-P03-S10:GS03:p0004,west,7,0,6
4985,CP-AP-r000:S-P03-S10:GS03:p0005,west,7,0,6
4986,CP-AP-r000:S-P03-S10:GS03:p0006,west,6,0,2
4987,CP-AP-r000:S-P03-S10:GS03:p0007,west,4,0,6
4988,CP-AP-r000:S-P03-S10:GS03:p0008,west,7,0,6
4989,CP-AP-r000:S-P03-S10:GS03:p0009,west,7,0,6
4990,CP-AP-r000:S-P03-S10:GS03:p0010,west,6,0,3
4991,CP-AP-r000:S-P03-S10:GS03:p0011,west,7,0,6
4992,CP-AP-r000:S-P03-S10:GS03:p0012,west,7,0,0
4993,CP-AP-r000:S-P03-S10:GS03:p0013,west,7,0,6
4994,CP-AP-r000:S-P03-S10:GS03:p0014,west,6,0,4
4995,CP-AP-r000:S-P03-S10:GS04:p0002,east,0,7,3
4996,CP-AP-r000:S-P03-S10:GS04:p0003,east,0,7,6
4997,CP-AP-r000:S-P03-S10:GS04:p0004,east,0,7,6
4998,CP-AP-r000:S-P03-S10:GS04:p0005,east,0,7,3
4999,CP-AP-r000:S-P03-S10:GS04:p0006,east,0,7,6
5000,CP-AP-r000:S-P03-S10:GS04:p0007,east,0,7,6
5001,CP-AP-r000:S-P03-S10:GS04:p0008,east,0,6,6
5002,CP-AP-r000:S-P03-S10:GS04:p0009,east,0,7,2
5003,CP-AP-r000:S-P03-S10:GS04:p0010,east,0,6,6
5004,CP-AP-r000:S-P03-S10:GS04:p0011,east,0,8,5
5005,CP-AP-r000:S-P03-S10:GS04:p0012,east,0,5,6
5006,CP-AP-r000:S-P03-S10:GS05:p0002,east,0,7,3
5007,CP-AP-r000:S-P03-S10:GS05:p0003,east,0,7,6
5008,CP-AP-r000:S-P03-S10:GS05:p0004,east,0,8,0
5009,CP-AP-r000:S-P03-S10:GS05:p0005,east,0,6,6
5010,CP-AP-r000:S-P03-S10:GS05:p0006,east,0,7,3
5011,CP-AP-r000:S-P03-S10:GS05:p0007,east,0,7,6
5012,CP-AP-r000:S-P03-S10:GS05:p0008,east,0,6,0
5013,CP-AP-r000:S-P03-S10:GS05:p0009,east,0,6,6
5014,CP-AP-r000:S-P03-S10:GS05:p0010,east,0,7,2
5015,CP-AP-r000:S-P03-S10:GS05:p0011,east,0,7,6
5016,CP-AP-r000:S-P03-S10:GS05:p0012,east,0,6,5
5017,CP-AP-r000:S-P03-S10:GS06:p0002,east,0,5,3
5018,CP-AP-r000:S-P03-S10:GS06:p0003,east,0,6,6
5019,CP-AP-r000:S-P03-S10:GS06:p0004,east,0,7,0
5020,CP-AP-r000:S-P03-S10:GS06:p0005,east,0,6,6
5021,CP-AP-r000:S-P03-S10:GS06:p0006,east,0,6,3
5022,CP-AP-r000:S-P03-S10:GS06:p0007,east,0,8,6
5023,CP-AP-r000:S-P03-S10:GS06:p0008,east,0,7,0
5024,CP-AP-r000:S-P03-S10:GS06:p0009,east,0,6,6
5025,CP-AP-r000:S-P03-S10:GS06:p0010,east,0,7,2
5026,CP-AP-r000:S-P03-S10:GS06:p0011,east,0,7,6
5027,CP-AP-r000:S-P03-S10:GS06:p0012,east,0,7,0
5028,CP-AP-r000:S-P03-S10:GS06:p0013,east,0,6,5
5029,CP-AP-r000:S-P03-S10:GS07:p0002,west,8,0,2
5030,CP-AP-r000:S-P03-S10:GS07:p0003,west,8,0,6
5031,CP-AP-r000:S-P03-S10:GS07:p0004,west,9,0,0
5032,CP-AP-r000:S-P03-S10:GS07:p0005,west,7,0,6
5033,CP-AP-r000:S-P03-S10:GS07:p0006,west,8,0,2
5034,CP-AP-r000:S-P03-S10:GS07:p0007,west,5,0,0
5035,CP-AP-r000:S-P03-S10:GS07:p0008,west,8,0,6
5036,CP-AP-r000:S-P03-S10:GS07:p0009,west,10,0,0
5037,CP-AP-r000:S-P03-S10:GS07:p0010,west,8,0,6
5038,CP-AP-r000:S-P03-S10:GS07:p0011,west,8,0,3
5039,CP-AP-r000:S-P03-S10:GS07:p0012,west,6,0,0
5040,CP-AP-r000:S-P03-S10:GS07:p0013,west,8,0,6
5041,CP-AP-r000:S-P03-S10:GS07:p0014,west,10,0,0
5042,CP-AP-r000:S-P03-S10:GS07:p0015,west,8,0,4
5043,CP-AP-r000:S-P03-S10:GS08:p0002,west,7,0,2
5044,CP-AP-r000:S-P03-S10:GS08:p0003,west,8,0,6
5045,CP-AP-r000:S-P03-S10:GS08:p0004,west,7,0,6
5046,CP-AP-r000:S-P03-S10:GS08:p0005,west,8,0,6
5047,CP-AP-r000:S-P03-S10:GS08:p0006,west,8,0,2
5048,CP-AP-r000:S-P03-S10:GS08:p0007,west,8,0,6
5049,CP-AP-r000:S-P03-S10:GS08:p0008,west,7,0,6
5050,CP-AP-r000:S-P03-S10:GS08:p0009,west,7,0,0
5051,CP-AP-r000:S-P03-S10:GS08:p0010,west,8,0,6
5052,CP-AP-r000:S-P03-S10:GS08:p0011,west,8,0,3
5053,CP-AP-r000:S-P03-S10:GS08:p0012,west,6,0,6
5054,CP-AP-r000:S-P03-S10:GS08:p0013,west,8,0,6
5055,CP-AP-r000:S-P03-S10:GS08:p0014,west,8,0,0
5056,CP-AP-r000:S-P03-S10:GS08:p0015,west,8,0,6
5057,CP-AP-r000:S-P03-S10:GS08:p0016,west,8,0,4
5058,CP-AP-r000:S-P03-S10:GS09:p0002,west,7,0,2
5059,CP-AP-r000:S-P03-S10:GS09:p0003,west,9,0,6
5060,CP-AP-r000:S-P03-S10:GS09:p0004,west,8,0,6
5061,CP-AP-r000:S-P03-S10:GS09:p0005,west,7,0,6
5062,CP-AP-r000:S-P03-S10:GS09:p0006,west,7,0,2
5063,CP-AP-r000:S-P03-S10:GS09:p0007,west,9,0,6
5064,CP-AP-r000:S-P03-S10:GS09:p0008,west,9,0,6
5065,CP-AP-r000:S-P03-S10:GS09:p0009,west,8,0,6
5066,CP-AP-r000:S-P03-S10:GS09:p0010,west,7,0,3
5067,CP-AP-r000:S-P03-S10:GS09:p0011,west,9,0,6
5068,CP-AP-r000:S-P03-S10:GS09:p0012,west,7,0,6
5069,CP-AP-r000:S-P03-S10:GS09:p0013,west,8,0,6
5070,CP-AP-r000:S-P03-S10:GS09:p0014,west,8,0,4
5071,CP-AP-r000:S-P03-S10:GS10:p0002,east,0,8,6
5072,CP-AP-r000:S-P03-S10:GS10:p0003,east,0,8,3
5073,CP-AP-r000:S-P03-S10:GS10:p0004,east,0,10,6
5074,CP-AP-r000:S-P03-S10:GS10:p0005,east,0,9,6
5075,CP-AP-r000:S-P03-S10:GS10:p0006,east,0,8,6
5076,CP-AP-r000:S-P03-S10:GS10:p0007,east,0,8,3
5077,CP-AP-r000:S-P03-S10:GS10:p0008,east,0,9,6
5078,CP-AP-r000:S-P03-S10:GS10:p0009,east,0,8,6
5079,CP-AP-r000:S-P03-S10:GS10:p0010,east,0,7,6
5080,CP-AP-r000:S-P03-S10:GS10:p0011,east,0,8,2
5081,CP-AP-r000:S-P03-S10:GS10:p0012,east,0,8,6
5082,CP-AP-r000:S-P03-S10:GS10:p0013,east,0,7,5
5083,CP-AP-r000:S-P03-S10:GS10:p0014,east,0,7,6
5084,CP-AP-r000:S-P03-S10:GS11:p0002,east,0,7,6
5085,CP-AP-r000:S-P03-S10:GS11:p0003,east,0,8,3
5086,CP-AP-r000:S-P03-S10:GS11:p0004,east,0,9,6
5087,CP-AP-r000:S-P03-S10:GS11:p0005,east,0,8,0
5088,CP-AP-r000:S-P03-S10:GS11:p0006,east,0,8,6
5089,CP-AP-r000:S-P03-S10:GS11:p0007,east,0,5,6
5090,CP-AP-r000:S-P03-S10:GS11:p0008,east,0,8,3
5091,CP-AP-r000:S-P03-S10:GS11:p0009,east,0,10,6
5092,CP-AP-r000:S-P03-S10:GS11:p0010,east,0,8,6
5093,CP-AP-r000:S-P03-S10:GS11:p0011,east,0,6,6
5094,CP-AP-r000:S-P03-S10:GS11:p0012,east,0,8,2
5095,CP-AP-r000:S-P03-S10:GS11:p0013,east,0,11,6
5096,CP-AP-r000:S-P03-S10:GS11:p0014,east,0,9,5
5097,CP-AP-r000:S-P03-S10:GS11:p0015,east,0,8,6
5098,CP-AP-r000:S-P03-S10:GS12:p0002,east,0,6,0
5099,CP-AP-r000:S-P03-S10:GS12:p0003,east,0,7,3
5100,CP-AP-r000:S-P03-S10:GS12:p0004,east,0,8,6
5101,CP-AP-r000:S-P03-S10:GS12:p0005,east,0,8,0
5102,CP-AP-r000:S-P03-S10:GS12:p0006,east,0,8,6
5103,CP-AP-r000:S-P03-S10:GS12:p0007,east,0,7,0
5104,CP-AP-r000:S-P03-S10:GS12:p0008,east,0,8,3
5105,CP-AP-r000:S-P03-S10:GS12:p0009,east,0,8,6
5106,CP-AP-r000:S-P03-S10:GS12:p0010,east,0,8,0
5107,CP-AP-r000:S-P03-S10:GS12:p0011,east,0,8,6
5108,CP-AP-r000:S-P03-S10:GS12:p0012,east,0,8,2
5109,CP-AP-r000:S-P03-S10:GS12:p0013,east,0,9,6
5110,CP-AP-r000:S-P03-S10:GS12:p0014,east,0,8,0
5111,CP-AP-r000:S-P03-S10:GS12:p0015,east,0,8,5
5112,CP-AP-r000:S-P03-S10:GS12:p0016,east,0,5,6
5113,CP-AP-r000:S-P03-S11:GS01:p0001,west,6,0,3
5114,CP-AP-r000:S-P03-S11:GS01:p0002,west,6,0,6
5115,CP-AP-r000:S-P03-S11:GS01:p0003,west,6,0,0
5116,CP-AP-r000:S-P03-S11:GS01:p0004,west,5,0,6
5117,CP-AP-r000:S-P03-S11:GS01:p0005,west,7,0,4
5118,CP-AP-r000:S-P03-S11:GS01:p0006,west,6,0,6
5119,CP-AP-r000:S-P03-S11:GS01:p0007,west,6,0,0
5120,CP-AP-r000:S-P03-S11:GS01:p0008,west,7,0,5
5121,CP-AP-r000:S-P03-S11:GS01:p0009,west,6,0,6
5122,CP-AP-r000:S-P03-S11:GS01:p0010,west,6,0,0
5123,CP-AP-r000:S-P03-S11:GS01:p0011,west,7,0,5
5124,CP-AP-r000:S-P03-S11:GS02:p0001,west,6,0,3
5125,CP-AP-r000:S-P03-S11:GS02:p0002,west,6,0,6
5126,CP-AP-r000:S-P03-S11:GS02:p0003,west,8,0,0
5127,CP-AP-r000:S-P03-S11:GS02:p0004,west,6,0,6
5128,CP-AP-r000:S-P03-S11:GS02:p0005,west,7,0,4
5129,CP-AP-r000:S-P03-S11:GS02:p0006,west,6,0,6
5130,CP-AP-r000:S-P03-S11:GS02:p0007,west,6,0,0
5131,CP-AP-r000:S-P03-S11:GS02:p0008,west,6,0,6
5132,CP-AP-r000:S-P03-S11:GS02:p0009,west,6,0,5
5133,CP-AP-r000:S-P03-S11:GS02:p0010,west,6,0,6
5134,CP-AP-r000:S-P03-S11:GS02:p0011,west,6,0,0
5135,CP-AP-r000:S-P03-S11:GS02:p0012,west,4,0,6
5136,CP-AP-r000:S-P03-S11:GS02:p0013,west,6,0,5
5137,CP-AP-r000:S-P03-S11:GS03:p0001,west,6,0,3
5138,CP-AP-r000:S-P03-S11:GS03:p0002,west,6,0,6
5139,CP-AP-r000:S-P03-S11:GS03:p0003,west,6,0,6
5140,CP-AP-r000:S-P03-S11:GS03:p0004,west,7,0,4
5141,CP-AP-r000:S-P03-S11:GS03:p0005,west,4,0,6
5142,CP-AP-r000:S-P03-S11:GS03:p0006,west,7,0,0
5143,CP-AP-r000:S-P03-S11:GS03:p0007,west,6,0,6
5144,CP-AP-r000:S-P03-S11:GS03:p0008,west,7,0,5
5145,CP-AP-r000:S-P03-S11:GS03:p0009,west,6,0,6
5146,CP-AP-r000:S-P03-S11:GS03:p0010,west,7,0,0
5147,CP-AP-r000:S-P03-S11:GS03:p0011,west,6,0,6
5148,CP-AP-r000:S-P03-S11:GS03:p0012,west,7,0,5
5149,CP-AP-r000:S-P03-S11:GS04:p0001,east,0,4,6
5150,CP-AP-r000:S-P03-S11:GS04:p0002,east,0,6,2
5151,CP-AP-r000:S-P03-S11:GS04:p0003,east,0,4,6
5152,CP-AP-r000:S-P03-S11:GS04:p0004,east,0,8,5
5153,CP-AP-r000:S-P03-S11:GS04:p0005,east,0,6,6
5154,CP-AP-r000:S-P03-S11:GS04:p0006,east,0,5,1
5155,CP-AP-r000:S-P03-S11:GS04:p0007,east,0,6,6
5156,CP-AP-r000:S-P03-S11:GS04:p0008,east,0,6,4
5157,CP-AP-r000:S-P03-S11:GS04:p0009,east,0,7,6
5158,CP-AP-r000:S-P03-S11:GS04:p0010,east,0,6,1
5159,CP-AP-r000:S-P03-S11:GS04:p0011,east,0,6,6
5160,CP-AP-r000:S-P03-S11:GS04:p0012,east,0,6,4
5161,CP-AP-r000:S-P03-S11:GS04:p0013,east,0,7,6
5162,CP-AP-r000:S-P03-S11:GS05:p0001,east,0,6,2
5163,CP-AP-r000:S-P03-S11:GS05:p0002,east,0,6,6
5164,CP-AP-r000:S-P03-S11:GS05:p0003,east,0,6,0
5165,CP-AP-r000:S-P03-S11:GS05:p0004,east,0,7,5
5166,CP-AP-r000:S-P03-S11:GS05:p0005,east,0,6,1
5167,CP-AP-r000:S-P03-S11:GS05:p0006,east,0,6,6
5168,CP-AP-r000:S-P03-S11:GS05:p0007,east,0,7,4
5169,CP-AP-r000:S-P03-S11:GS05:p0008,east,0,5,6
5170,CP-AP-r000:S-P03-S11:GS05:p0009,east,0,6,1
5171,CP-AP-r000:S-P03-S11:GS05:p0010,east,0,6,6
5172,CP-AP-r000:S-P03-S11:GS05:p0011,east,0,7,4
5173,CP-AP-r000:S-P03-S11:GS05:p0012,east,0,5,6
5174,CP-AP-r000:S-P03-S11:GS06:p0001,east,0,6,2
5175,CP-AP-r000:S-P03-S11:GS06:p0002,east,0,7,6
5176,CP-AP-r000:S-P03-S11:GS06:p0003,east,0,6,0
5177,CP-AP-r000:S-P03-S11:GS06:p0004,east,0,7,5
5178,CP-AP-r000:S-P03-S11:GS06:p0005,east,0,6,1
5179,CP-AP-r000:S-P03-S11:GS06:p0006,east,0,6,6
5180,CP-AP-r000:S-P03-S11:GS06:p0007,east,0,5,0
5181,CP-AP-r000:S-P03-S11:GS06:p0008,east,0,6,4
5182,CP-AP-r000:S-P03-S11:GS06:p0009,east,0,6,1
5183,CP-AP-r000:S-P03-S11:GS06:p0010,east,0,6,6
5184,CP-AP-r000:S-P03-S11:GS06:p0011,east,0,6,0
5185,CP-AP-r000:S-P03-S11:GS06:p0012,east,0,7,4
5186,CP-AP-r000:S-P03-S11:GS07:p0001,west,6,0,3
5187,CP-AP-r000:S-P03-S11:GS07:p0002,west,7,0,0
5188,CP-AP-r000:S-P03-S11:GS07:p0003,west,8,0,6
5189,CP-AP-r000:S-P03-S11:GS07:p0004,west,10,0,0
5190,CP-AP-r000:S-P03-S11:GS07:p0005,west,7,0,4
5191,CP-AP-r000:S-P03-S11:GS07:p0006,west,8,0,0
5192,CP-AP-r000:S-P03-S11:GS07:p0007,west,7,0,6
5193,CP-AP-r000:S-P03-S11:GS07:p0008,west,11,0,0
5194,CP-AP-r000:S-P03-S11:GS07:p0009,west,8,0,5
5195,CP-AP-r000:S-P03-S11:GS07:p0010,west,9,0,0
5196,CP-AP-r000:S-P03-S11:GS07:p0011,west,7,0,6
5197,CP-AP-r000:S-P03-S11:GS07:p0012,west,7,0,0
5198,CP-AP-r000:S-P03-S11:GS07:p0013,west,8,0,5
5199,CP-AP-r000:S-P03-S11:GS08:p0001,west,6,0,3
5200,CP-AP-r000:S-P03-S11:GS08:p0002,west,5,0,6
5201,CP-AP-r000:S-P03-S11:GS08:p0003,west,8,0,6
5202,CP-AP-r000:S-P03-S11:GS08:p0004,west,9,0,0
5203,CP-AP-r000:S-P03-S11:GS08:p0005,west,8,0,6
5204,CP-AP-r000:S-P03-S11:GS08:p0006,west,8,0,4
5205,CP-AP-r000:S-P03-S11:GS08:p0007,west,8,0,6
5206,CP-AP-r000:S-P03-S11:GS08:p0008,west,10,0,0
5207,CP-AP-r000:S-P03-S11:GS08:p0009,west,7,0,6
5208,CP-AP-r000:S-P03-S11:GS08:p0010,west,8,0,5
5209,CP-AP-r000:S-P03-S11:GS08:p0011,west,7,0,0
5210,CP-AP-r000:S-P03-S11:GS08:p0012,west,8,0,6
5211,CP-AP-r000:S-P03-S11:GS08:p0013,west,10,0,0
5212,CP-AP-r000:S-P03-S11:GS08:p0014,west,4,0,6
5213,CP-AP-r000:S-P03-S11:GS08:p0015,west,7,0,5
5214,CP-AP-r000:S-P03-S11:GS09:p0001,west,6,0,3
5215,CP-AP-r000:S-P03-S11:GS09:p0002,west,8,0,6
5216,CP-AP-r000:S-P03-S11:GS09:p0003,west,7,0,6
5217,CP-AP-r000:S-P03-S11:GS09:p0004,west,9,0,6
5218,CP-AP-r000:S-P03-S11:GS09:p0005,west,8,0,4
5219,CP-AP-r000:S-P03-S11:GS09:p0006,west,7,0,6
5220,CP-AP-r000:S-P03-S11:GS09:p0007,west,8,0,6
5221,CP-AP-r000:S-P03-S11:GS09:p0008,west,8,0,6
5222,CP-AP-r000:S-P03-S11:GS09:p0009,west,8,0,5
5223,CP-AP-r000:S-P03-S11:GS09:p0010,west,6,0,6
5224,CP-AP-r000:S-P03-S11:GS09:p0011,west,8,0,6
5225,CP-AP-r000:S-P03-S11:GS09:p0012,west,9,0,0
5226,CP-AP-r000:S-P03-S11:GS09:p0013,west,9,0,6
5227,CP-AP-r000:S-P03-S11:GS09:p0014,west,8,0,5
5228,CP-AP-r000:S-P03-S11:GS10:p0001,east,0,9,6
5229,CP-AP-r000:S-P03-S11:GS10:p0002,east,0,7,2
5230,CP-AP-r000:S-P03-S11:GS10:p0003,east,0,7,6
5231,CP-AP-r000:S-P03-S11:GS10:p0004,east,0,8,5
5232,CP-AP-r000:S-P03-S11:GS10:p0005,east,0,8,6
5233,CP-AP-r000:S-P03-S11:GS10:p0006,east,0,7,1
5234,CP-AP-r000:S-P03-S11:GS10:p0007,east,0,8,6
5235,CP-AP-r000:S-P03-S11:GS10:p0008,east,0,9,4
5236,CP-AP-r000:S-P03-S11:GS10:p0009,east,0,8,6
5237,CP-AP-r000:S-P03-S11:GS10:p0010,east,0,8,1
5238,CP-AP-r000:S-P03-S11:GS10:p0011,east,0,9,6
5239,CP-AP-r000:S-P03-S11:GS10:p0012,east,0,8,4
5240,CP-AP-r000:S-P03-S11:GS10:p0013,east,0,8,6
5241,CP-AP-r000:S-P03-S11:GS11:p0001,east,0,7,6
5242,CP-AP-r000:S-P03-S11:GS11:p0002,east,0,8,2
5243,CP-AP-r000:S-P03-S11:GS11:p0003,east,0,10,6
5244,CP-AP-r000:S-P03-S11:GS11:p0004,east,0,8,5
5245,CP-AP-r000:S-P03-S11:GS11:p0005,east,0,9,6
5246,CP-AP-r000:S-P03-S11:GS11:p0006,east,0,7,1
5247,CP-AP-r000:S-P03-S11:GS11:p0007,east,0,8,6
5248,CP-AP-r000:S-P03-S11:GS11:p0008,east,0,9,4
5249,CP-AP-r000:S-P03-S11:GS11:p0009,east,0,9,6
5250,CP-AP-r000:S-P03-S11:GS11:p0010,east,0,7,1
5251,CP-AP-r000:S-P03-S11:GS11:p0011,east,0,7,6
5252,CP-AP-r000:S-P03-S11:GS11:p0012,east,0,8,4
5253,CP-AP-r000:S-P03-S11:GS11:p0013,east,0,9,6
5254,CP-AP-r000:S-P03-S11:GS12:p0001,east,0,8,2
5255,CP-AP-r000:S-P03-S11:GS12:p0002,east,0,10,6
5256,CP-AP-r000:S-P03-S11:GS12:p0003,east,0,6,0
5257,CP-AP-r000:S-P03-S11:GS12:p0004,east,0,8,5
5258,CP-AP-r000:S-P03-S11:GS12:p0005,east,0,7,6
5259,CP-AP-r000:S-P03-S11:GS12:p0006,east,0,8,1
5260,CP-AP-r000:S-P03-S11:GS12:p0007,east,0,10,6
5261,CP-AP-r000:S-P03-S11:GS12:p0008,east,0,5,0
5262,CP-AP-r000:S-P03-S11:GS12:p0009,east,0,7,4
5263,CP-AP-r000:S-P03-S11:GS12:p0010,east,0,7,6
5264,CP-AP-r000:S-P03-S11:GS12:p0011,east,0,8,1
5265,CP-AP-r000:S-P03-S11:GS12:p0012,east,0,10,6
5266,CP-AP-r000:S-P03-S11:GS12:p0013,east,0,7,4
5267,CP-AP-r000:S-P03-S11:GS12:p0014,east,0,8,6
5268,CP-AP-r000:S-P03-S12:GS01:p0001,west,5,0,3
5269,CP-AP-r000:S-P03-S12:GS01:p0002,west,7,0,6
5270,CP-AP-r000:S-P03-S12:GS01:p0003,west,7,0,0
5271,CP-AP-r000:S-P03-S12:GS01:p0004,west,7,0,6
5272,CP-AP-r000:S-P03-S12:GS01:p0005,west,6,0,4
5273,CP-AP-r000:S-P03-S12:GS01:p0006,west,7,0,6
5274,CP-AP-r000:S-P03-S12:GS01:p0007,west,7,0,0
5275,CP-AP-r000:S-P03-S12:GS01:p0008,west,6,0,5
5276,CP-AP-r000:S-P03-S12:GS01:p0009,west,7,0,6
5277,CP-AP-r000:S-P03-S12:GS01:p0010,west,7,0,0
5278,CP-AP-r000:S-P03-S12:GS01:p0011,west,7,0,5
5279,CP-AP-r000:S-P03-S12:GS02:p0001,west,5,0,3
5280,CP-AP-r000:S-P03-S12:GS02:p0002,west,6,0,6
5281,CP-AP-r000:S-P03-S12:GS02:p0003,west,8,0,0
5282,CP-AP-r000:S-P03-S12:GS02:p0004,west,7,0,6
5283,CP-AP-r000:S-P03-S12:GS02:p0005,west,6,0,4
5284,CP-AP-r000:S-P03-S12:GS02:p0006,west,7,0,6
5285,CP-AP-r000:S-P03-S12:GS02:p0007,west,7,0,0
5286,CP-AP-r000:S-P03-S12:GS02:p0008,west,8,0,6
5287,CP-AP-r000:S-P03-S12:GS02:p0009,west,6,0,5
5288,CP-AP-r000:S-P03-S12:GS02:p0010,west,7,0,6
5289,CP-AP-r000:S-P03-S12:GS02:p0011,west,7,0,0
5290,CP-AP-r000:S-P03-S12:GS02:p0012,west,6,0,6
5291,CP-AP-r000:S-P03-S12:GS02:p0013,west,5,0,5
5292,CP-AP-r000:S-P03-S12:GS03:p0001,west,5,0,3
5293,CP-AP-r000:S-P03-S12:GS03:p0002,west,7,0,6
5294,CP-AP-r000:S-P03-S12:GS03:p0003,west,7,0,6
5295,CP-AP-r000:S-P03-S12:GS03:p0004,west,6,0,4
5296,CP-AP-r000:S-P03-S12:GS03:p0005,west,5,0,6
5297,CP-AP-r000:S-P03-S12:GS03:p0006,west,6,0,0
5298,CP-AP-r000:S-P03-S12:GS03:p0007,west,7,0,6
5299,CP-AP-r000:S-P03-S12:GS03:p0008,west,6,0,5
5300,CP-AP-r000:S-P03-S12:GS03:p0009,west,6,0,6
5301,CP-AP-r000:S-P03-S12:GS03:p0010,west,7,0,0
5302,CP-AP-r000:S-P03-S12:GS03:p0011,west,7,0,6
5303,CP-AP-r000:S-P03-S12:GS03:p0012,west,6,0,5
5304,CP-AP-r000:S-P03-S12:GS04:p0001,east,0,5,6
5305,CP-AP-r000:S-P03-S12:GS04:p0002,east,0,8,2
5306,CP-AP-r000:S-P03-S12:GS04:p0003,east,0,6,6
5307,CP-AP-r000:S-P03-S12:GS04:p0004,east,0,8,5
5308,CP-AP-r000:S-P03-S12:GS04:p0005,east,0,4,6
5309,CP-AP-r000:S-P03-S12:GS04:p0006,east,0,4,1
5310,CP-AP-r000:S-P03-S12:GS04:p0007,east,0,7,6
5311,CP-AP-r000:S-P03-S12:GS04:p0008,east,0,7,4
5312,CP-AP-r000:S-P03-S12:GS04:p0009,east,0,6,6
5313,CP-AP-r000:S-P03-S12:GS04:p0010,east,0,7,6
5314,CP-AP-r000:S-P03-S12:GS04:p0011,east,0,7,4
5315,CP-AP-r000:S-P03-S12:GS04:p0012,east,0,6,6
5316,CP-AP-r000:S-P03-S12:GS05:p0001,east,0,7,2
5317,CP-AP-r000:S-P03-S12:GS05:p0002,east,0,7,6
5318,CP-AP-r000:S-P03-S12:GS05:p0003,east,0,6,0
5319,CP-AP-r000:S-P03-S12:GS05:p0004,east,0,6,5
5320,CP-AP-r000:S-P03-S12:GS05:p0005,east,0,7,1
5321,CP-AP-r000:S-P03-S12:GS05:p0006,east,0,7,6
5322,CP-AP-r000:S-P03-S12:GS05:p0007,east,0,7,4
5323,CP-AP-r000:S-P03-S12:GS05:p0008,east,0,6,6
5324,CP-AP-r000:S-P03-S12:GS05:p0009,east,0,7,1
5325,CP-AP-r000:S-P03-S12:GS05:p0010,east,0,7,6
5326,CP-AP-r000:S-P03-S12:GS05:p0011,east,0,7,4
5327,CP-AP-r000:S-P03-S12:GS05:p0012,east,0,5,6
5328,CP-AP-r000:S-P03-S12:GS06:p0001,east,0,7,2
5329,CP-AP-r000:S-P03-S12:GS06:p0002,east,0,7,6
5330,CP-AP-r000:S-P03-S12:GS06:p0003,east,0,7,0
5331,CP-AP-r000:S-P03-S12:GS06:p0004,east,0,6,5
5332,CP-AP-r000:S-P03-S12:GS06:p0005,east,0,7,1
5333,CP-AP-r000:S-P03-S12:GS06:p0006,east,0,7,6
5334,CP-AP-r000:S-P03-S12:GS06:p0007,east,0,7,0
5335,CP-AP-r000:S-P03-S12:GS06:p0008,east,0,6,4
5336,CP-AP-r000:S-P03-S12:GS06:p0009,east,0,7,1
5337,CP-AP-r000:S-P03-S12:GS06:p0010,east,0,7,6
5338,CP-AP-r000:S-P03-S12:GS06:p0011,east,0,7,0
5339,CP-AP-r000:S-P03-S12:GS06:p0012,east,0,6,4
5340,CP-AP-r000:S-P03-S12:GS07:p0001,west,6,0,3
5341,CP-AP-r000:S-P03-S12:GS07:p0002,west,6,0,0
5342,CP-AP-r000:S-P03-S12:GS07:p0003,west,8,0,6
5343,CP-AP-r000:S-P03-S12:GS07:p0004,west,10,0,0
5344,CP-AP-r000:S-P03-S12:GS07:p0005,west,8,0,4
5345,CP-AP-r000:S-P03-S12:GS07:p0006,west,7,0,0
5346,CP-AP-r000:S-P03-S12:GS07:p0007,west,8,0,6
5347,CP-AP-r000:S-P03-S12:GS07:p0008,west,11,0,0
5348,CP-AP-r000:S-P03-S12:GS07:p0009,west,9,0,5
5349,CP-AP-r000:S-P03-S12:GS07:p0010,west,8,0,0
5350,CP-AP-r000:S-P03-S12:GS07:p0011,west,8,0,6
5351,CP-AP-r000:S-P03-S12:GS07:p0012,west,8,0,0
5352,CP-AP-r000:S-P03-S12:GS07:p0013,west,8,0,5
5353,CP-AP-r000:S-P03-S12:GS08:p0001,west,6,0,3
5354,CP-AP-r000:S-P03-S12:GS08:p0002,west,7,0,6
5355,CP-AP-r000:S-P03-S12:GS08:p0003,west,8,0,6
5356,CP-AP-r000:S-P03-S12:GS08:p0004,west,8,0,0
5357,CP-AP-r000:S-P03-S12:GS08:p0005,west,8,0,6
5358,CP-AP-r000:S-P03-S12:GS08:p0006,west,8,0,4
5359,CP-AP-r000:S-P03-S12:GS08:p0007,west,8,0,6
5360,CP-AP-r000:S-P03-S12:GS08:p0008,west,9,0,0
5361,CP-AP-r000:S-P03-S12:GS08:p0009,west,9,0,6
5362,CP-AP-r000:S-P03-S12:GS08:p0010,west,8,0,5
5363,CP-AP-r000:S-P03-S12:GS08:p0011,west,5,0,0
5364,CP-AP-r000:S-P03-S12:GS08:p0012,west,8,0,6
5365,CP-AP-r000:S-P03-S12:GS08:p0013,west,10,0,0
5366,CP-AP-r000:S-P03-S12:GS08:p0014,west,8,0,6
5367,CP-AP-r000:S-P03-S12:GS08:p0015,west,8,0,5
5368,CP-AP-r000:S-P03-S12:GS09:p0001,west,5,0,3
5369,CP-AP-r000:S-P03-S12:GS09:p0002,west,9,0,6
5370,CP-AP-r000:S-P03-S12:GS09:p0003,west,7,0,6
5371,CP-AP-r000:S-P03-S12:GS09:p0004,west,9,0,6
5372,CP-AP-r000:S-P03-S12:GS09:p0005,west,8,0,4
5373,CP-AP-r000:S-P03-S12:GS09:p0006,west,8,0,6
5374,CP-AP-r000:S-P03-S12:GS09:p0007,west,7,0,6
5375,CP-AP-r000:S-P03-S12:GS09:p0008,west,8,0,6
5376,CP-AP-r000:S-P03-S12:GS09:p0009,west,8,0,5
5377,CP-AP-r000:S-P03-S12:GS09:p0010,west,7,0,5
5378,CP-AP-r000:S-P03-S12:GS09:p0011,west,7,0,6
5379,CP-AP-r000:S-P03-S12:GS09:p0012,west,7,0,0
5380,CP-AP-r000:S-P03-S12:GS09:p0013,west,8,0,6
5381,CP-AP-r000:S-P03-S12:GS09:p0014,west,8,0,5
5382,CP-AP-r000:S-P03-S12:GS10:p0001,east,0,6,6
5383,CP-AP-r000:S-P03-S12:GS10:p0002,east,0,8,2
5384,CP-AP-r000:S-P03-S12:GS10:p0003,east,0,8,6
5385,CP-AP-r000:S-P03-S12:GS10:p0004,east,0,7,5
5386,CP-AP-r000:S-P03-S12:GS10:p0005,east,0,7,6
5387,CP-AP-r000:S-P03-S12:GS10:p0006,east,0,9,1
5388,CP-AP-r000:S-P03-S12:GS10:p0007,east,0,8,6
5389,CP-AP-r000:S-P03-S12:GS10:p0008,east,0,8,4
5390,CP-AP-r000:S-P03-S12:GS10:p0009,east,0,7,6
5391,CP-AP-r000:S-P03-S12:GS10:p0010,east,0,9,1
5392,CP-AP-r000:S-P03-S12:GS10:p0011,east,0,9,6
5393,CP-AP-r000:S-P03-S12:GS10:p0012,east,0,8,4
5394,CP-AP-r000:S-P03-S12:GS10:p0013,east,0,7,6
5395,CP-AP-r000:S-P03-S12:GS11:p0001,east,0,5,6
5396,CP-AP-r000:S-P03-S12:GS11:p0002,east,0,8,2
5397,CP-AP-r000:S-P03-S12:GS11:p0003,east,0,10,6
5398,CP-AP-r000:S-P03-S12:GS11:p0004,east,0,9,5
5399,CP-AP-r000:S-P03-S12:GS11:p0005,east,0,8,6
5400,CP-AP-r000:S-P03-S12:GS11:p0006,east,0,8,1
5401,CP-AP-r000:S-P03-S12:GS11:p0007,east,0,9,6
5402,CP-AP-r000:S-P03-S12:GS11:p0008,east,0,8,4
5403,CP-AP-r000:S-P03-S12:GS11:p0009,east,0,8,6
5404,CP-AP-r000:S-P03-S12:GS11:p0010,east,0,8,1
5405,CP-AP-r000:S-P03-S12:GS11:p0011,east,0,8,6
5406,CP-AP-r000:S-P03-S12:GS11:p0012,east,0,8,4
5407,CP-AP-r000:S-P03-S12:GS11:p0013,east,0,7,6
5408,CP-AP-r000:S-P03-S12:GS12:p0001,east,0,8,2
5409,CP-AP-r000:S-P03-S12:GS12:p0002,east,0,9,6
5410,CP-AP-r000:S-P03-S12:GS12:p0003,east,0,6,0
5411,CP-AP-r000:S-P03-S12:GS12:p0004,east,0,8,5
5412,CP-AP-r000:S-P03-S12:GS12:p0005,east,0,5,6
5413,CP-AP-r000:S-P03-S12:GS12:p0006,east,0,8,1
5414,CP-AP-r000:S-P03-S12:GS12:p0007,east,0,10,6
5415,CP-AP-r000:S-P03-S12:GS12:p0008,east,0,8,0
5416,CP-AP-r000:S-P03-S12:GS12:p0009,east,0,8,4
5417,CP-AP-r000:S-P03-S12:GS12:p0010,east,0,6,6
5418,CP-AP-r000:S-P03-S12:GS12:p0011,east,0,8,1
5419,CP-AP-r000:S-P03-S12:GS12:p0012,east,0,10,6
5420,CP-AP-r000:S-P03-S12:GS12:p0013,east,0,8,4
5421,CP-AP-r000:S-P03-S12:GS12:p0014,east,0,7,6
5422,CP-AP-r000:S-P04-S01:GS01:p0001,west,7,0,5
5423,CP-AP-r000:S-P04-S01:GS01:p0002,west,6,0,6
5424,CP-AP-r000:S-P04-S01:GS01:p0003,west,6,0,0
5425,CP-AP-r000:S-P04-S01:GS01:p0004,west,7,0,5
5426,CP-AP-r000:S-P04-S01:GS01:p0005,west,4,0,0
5427,CP-AP-r000:S-P04-S01:GS01:p0006,west,6,0,6
5428,CP-AP-r000:S-P04-S01:GS01:p0007,west,4,0,1
5429,CP-AP-r000:S-P04-S01:GS01:p0008,west,7,0,5
5430,CP-AP-r000:S-P04-S01:GS01:p0009,west,6,0,0
5431,CP-AP-r000:S-P04-S01:GS01:p0010,west,5,0,6
5432,CP-AP-r000:S-P04-S01:GS01:p0011,west,6,0,2
5433,CP-AP-r000:S-P04-S01:GS02:p0001,west,8,0,6
5434,CP-AP-r000:S-P04-S01:GS02:p0002,west,6,0,5
5435,CP-AP-r000:S-P04-S01:GS02:p0003,west,6,0,6
5436,CP-AP-r000:S-P04-S01:GS02:p0004,west,6,0,0
5437,CP-AP-r000:S-P04-S01:GS02:p0005,west,6,0,6
5438,CP-AP-r000:S-P04-S01:GS02:p0006,west,5,0,5
5439,CP-AP-r000:S-P04-S01:GS02:p0007,west,6,0,6
5440,CP-AP-r000:S-P04-S01:GS02:p0008,west,6,0,1
5441,CP-AP-r000:S-P04-S01:GS02:p0009,west,7,0,6
5442,CP-AP-r000:S-P04-S01:GS02:p0010,west,7,0,5
5443,CP-AP-r000:S-P04-S01:GS02:p0011,west,6,0,6
5444,CP-AP-r000:S-P04-S01:GS02:p0012,west,6,0,2
5445,CP-AP-r000:S-P04-S01:GS03:p0001,west,7,0,6
5446,CP-AP-r000:S-P04-S01:GS03:p0002,west,7,0,5
5447,CP-AP-r000:S-P04-S01:GS03:p0003,west,6,0,6
5448,CP-AP-r000:S-P04-S01:GS03:p0004,west,8,0,0
5449,CP-AP-r000:S-P04-S01:GS03:p0005,west,7,0,6
5450,CP-AP-r000:S-P04-S01:GS03:p0006,west,7,0,5
5451,CP-AP-r000:S-P04-S01:GS03:p0007,west,6,0,6
5452,CP-AP-r000:S-P04-S01:GS03:p0008,west,7,0,1
5453,CP-AP-r000:S-P04-S01:GS03:p0009,west,8,0,6
5454,CP-AP-r000:S-P04-S01:GS03:p0010,west,7,0,5
5455,CP-AP-r000:S-P04-S01:GS03:p0011,west,6,0,6
5456,CP-AP-r000:S-P04-S01:GS03:p0012,west,6,0,2
5457,CP-AP-r000:S-P04-S01:GS04:p0001,east,0,7,4
5458,CP-AP-r000:S-P04-S01:GS04:p0002,east,0,7,6
5459,CP-AP-r000:S-P04-S01:GS04:p0003,east,0,6,6
5460,CP-AP-r000:S-P04-S01:GS04:p0004,east,0,7,4
5461,CP-AP-r000:S-P04-S01:GS04:p0005,east,0,7,6
5462,CP-AP-r000:S-P04-S01:GS04:p0006,east,0,6,6
5463,CP-AP-r000:S-P04-S01:GS04:p0007,east,0,7,6
5464,CP-AP-r000:S-P04-S01:GS04:p0008,east,0,7,3
5465,CP-AP-r000:S-P04-S01:GS04:p0009,east,0,7,6
5466,CP-AP-r000:S-P04-S01:GS04:p0010,east,0,4,6
5467,CP-AP-r000:S-P04-S01:GS04:p0011,east,0,6,6
5468,CP-AP-r000:S-P04-S01:GS05:p0001,east,0,7,4
5469,CP-AP-r000:S-P04-S01:GS05:p0002,east,0,4,6
5470,CP-AP-r000:S-P04-S01:GS05:p0003,east,0,6,1
5471,CP-AP-r000:S-P04-S01:GS05:p0004,east,0,6,6
5472,CP-AP-r000:S-P04-S01:GS05:p0005,east,0,7,4
5473,CP-AP-r000:S-P04-S01:GS05:p0006,east,0,5,6
5474,CP-AP-r000:S-P04-S01:GS05:p0007,east,0,5,0
5475,CP-AP-r000:S-P04-S01:GS05:p0008,east,0,5,6
5476,CP-AP-r000:S-P04-S01:GS05:p0009,east,0,5,3
5477,CP-AP-r000:S-P04-S01:GS05:p0010,east,0,8,6
5478,CP-AP-r000:S-P04-S01:GS05:p0011,east,0,6,0
5479,CP-AP-r000:S-P04-S01:GS05:p0012,east,0,6,6
5480,CP-AP-r000:S-P04-S01:GS06:p0001,east,0,4,0
5481,CP-AP-r000:S-P04-S01:GS06:p0002,east,0,6,4
5482,CP-AP-r000:S-P04-S01:GS06:p0003,east,0,6,1
5483,CP-AP-r000:S-P04-S01:GS06:p0004,east,0,6,6
5484,CP-AP-r000:S-P04-S01:GS06:p0005,east,0,7,0
5485,CP-AP-r000:S-P04-S01:GS06:p0006,east,0,6,4
5486,CP-AP-r000:S-P04-S01:GS06:p0007,east,0,6,0
5487,CP-AP-r000:S-P04-S01:GS06:p0008,east,0,6,6
5488,CP-AP-r000:S-P04-S01:GS06:p0009,east,0,7,3
5489,CP-AP-r000:S-P04-S01:GS06:p0010,east,0,6,0
5490,CP-AP-r000:S-P04-S01:GS06:p0011,east,0,6,6
5491,CP-AP-r000:S-P04-S01:GS07:p0001,west,7,0,5
5492,CP-AP-r000:S-P04-S01:GS07:p0002,west,9,0,0
5493,CP-AP-r000:S-P04-S01:GS07:p0003,west,7,0,6
5494,CP-AP-r000:S-P04-S01:GS07:p0004,west,7,0,0
5495,CP-AP-r000:S-P04-S01:GS07:p0005,west,8,0,5
5496,CP-AP-r000:S-P04-S01:GS07:p0006,west,10,0,0
5497,CP-AP-r000:S-P04-S01:GS07:p0007,west,7,0,6
5498,CP-AP-r000:S-P04-S01:GS07:p0008,west,7,0,1
5499,CP-AP-r000:S-P04-S01:GS07:p0009,west,8,0,5
5500,CP-AP-r000:S-P04-S01:GS07:p0010,west,8,0,0
5501,CP-AP-r000:S-P04-S01:GS07:p0011,west,7,0,6
5502,CP-AP-r000:S-P04-S01:GS07:p0012,west,8,0,2
5503,CP-AP-r000:S-P04-S01:GS08:p0001,west,8,0,6
5504,CP-AP-r000:S-P04-S01:GS08:p0002,west,8,0,5
5505,CP-AP-r000:S-P04-S01:GS08:p0003,west,7,0,0
5506,CP-AP-r000:S-P04-S01:GS08:p0004,west,8,0,6
5507,CP-AP-r000:S-P04-S01:GS08:p0005,west,10,0,0
5508,CP-AP-r000:S-P04-S01:GS08:p0006,west,8,0,6
5509,CP-AP-r000:S-P04-S01:GS08:p0007,west,7,0,5
5510,CP-AP-r000:S-P04-S01:GS08:p0008,west,6,0,0
5511,CP-AP-r000:S-P04-S01:GS08:p0009,west,7,0,6
5512,CP-AP-r000:S-P04-S01:GS08:p0010,west,11,0,1
5513,CP-AP-r000:S-P04-S01:GS08:p0011,west,7,0,5
5514,CP-AP-r000:S-P04-S01:GS08:p0012,west,9,0,0
5515,CP-AP-r000:S-P04-S01:GS08:p0013,west,7,0,6
5516,CP-AP-r000:S-P04-S01:GS08:p0014,west,9,0,2
5517,CP-AP-r000:S-P04-S01:GS09:p0001,west,10,0,6
5518,CP-AP-r000:S-P04-S01:GS09:p0002,west,8,0,5
5519,CP-AP-r000:S-P04-S01:GS09:p0003,west,5,0,5
5520,CP-AP-r000:S-P04-S01:GS09:p0004,west,8,0,6
5521,CP-AP-r000:S-P04-S01:GS09:p0005,west,9,0,0
5522,CP-AP-r000:S-P04-S01:GS09:p0006,west,10,0,6
5523,CP-AP-r000:S-P04-S01:GS09:p0007,west,8,0,5
5524,CP-AP-r000:S-P04-S01:GS09:p0008,west,8,0,6
5525,CP-AP-r000:S-P04-S01:GS09:p0009,west,9,0,1
5526,CP-AP-r000:S-P04-S01:GS09:p0010,west,7,0,6
5527,CP-AP-r000:S-P04-S01:GS09:p0011,west,8,0,5
5528,CP-AP-r000:S-P04-S01:GS09:p0012,west,8,0,6
5529,CP-AP-r000:S-P04-S01:GS09:p0013,west,10,0,2
5530,CP-AP-r000:S-P04-S01:GS10:p0001,east,0,8,4
5531,CP-AP-r000:S-P04-S01:GS10:p0002,east,0,8,6
5532,CP-AP-r000:S-P04-S01:GS10:p0003,east,0,8,1
5533,CP-AP-r000:S-P04-S01:GS10:p0004,east,0,8,6
5534,CP-AP-r000:S-P04-S01:GS10:p0005,east,0,10,4
5535,CP-AP-r000:S-P04-S01:GS10:p0006,east,0,8,6
5536,CP-AP-r000:S-P04-S01:GS10:p0007,east,0,8,0
5537,CP-AP-r000:S-P04-S01:GS10:p0008,east,0,7,6
5538,CP-AP-r000:S-P04-S01:GS10:p0009,east,0,10,3
5539,CP-AP-r000:S-P04-S01:GS10:p0010,east,0,8,6
5540,CP-AP-r000:S-P04-S01:GS10:p0011,east,0,6,0
5541,CP-AP-r000:S-P04-S01:GS10:p0012,east,0,8,6
5542,CP-AP-r000:S-P04-S01:GS10:p0013,east,0,9,6
5543,CP-AP-r000:S-P04-S01:GS11:p0001,east,0,9,4
5544,CP-AP-r000:S-P04-S01:GS11:p0002,east,0,9,6
5545,CP-AP-r000:S-P04-S01:GS11:p0003,east,0,7,1
5546,CP-AP-r000:S-P04-S01:GS11:p0004,east,0,7,6
5547,CP-AP-r000:S-P04-S01:GS11:p0005,east,0,8,4
5548,CP-AP-r000:S-P04-S01:GS11:p0006,east,0,9,6
5549,CP-AP-r000:S-P04-S01:GS11:p0007,east,0,7,0
5550,CP-AP-r000:S-P04-S01:GS11:p0008,east,0,7,6
5551,CP-AP-r000:S-P04-S01:GS11:p0009,east,0,8,3
5552,CP-AP-r000:S-P04-S01:GS11:p0010,east,0,8,6
5553,CP-AP-r000:S-P04-S01:GS11:p0011,east,0,8,0
5554,CP-AP-r000:S-P04-S01:GS11:p0012,east,0,8,6
5555,CP-AP-r000:S-P04-S01:GS12:p0001,east,0,5,0
5556,CP-AP-r000:S-P04-S01:GS12:p0002,east,0,7,4
5557,CP-AP-r000:S-P04-S01:GS12:p0003,east,0,8,6
5558,CP-AP-r000:S-P04-S01:GS12:p0004,east,0,8,1
5559,CP-AP-r000:S-P04-S01:GS12:p0005,east,0,10,6
5560,CP-AP-r000:S-P04-S01:GS12:p0006,east,0,7,4
5561,CP-AP-r000:S-P04-S01:GS12:p0007,east,0,8,6
5562,CP-AP-r000:S-P04-S01:GS12:p0008,east,0,7,0
5563,CP-AP-r000:S-P04-S01:GS12:p0009,east,0,9,6
5564,CP-AP-r000:S-P04-S01:GS12:p0010,east,0,7,3
5565,CP-AP-r000:S-P04-S01:GS12:p0011,east,0,9,6
5566,CP-AP-r000:S-P04-S01:GS12:p0012,east,0,7,0
5567,CP-AP-r000:S-P04-S01:GS12:p0013,east,0,7,6
5568,CP-AP-r000:S-P04-S02:GS01:p0001,west,6,0,5
5569,CP-AP-r000:S-P04-S02:GS01:p0002,west,7,0,6
5570,CP-AP-r000:S-P04-S02:GS01:p0003,west,7,0,0
5571,CP-AP-r000:S-P04-S02:GS01:p0004,west,6,0,5
5572,CP-AP-r000:S-P04-S02:GS01:p0005,west,6,0,0
5573,CP-AP-r000:S-P04-S02:GS01:p0006,west,8,0,6
5574,CP-AP-r000:S-P04-S02:GS01:p0007,west,5,0,1
5575,CP-AP-r000:S-P04-S02:GS01:p0008,west,5,0,5
5576,CP-AP-r000:S-P04-S02:GS01:p0009,west,5,0,0
5577,CP-AP-r000:S-P04-S02:GS01:p0010,west,5,0,6
5578,CP-AP-r000:S-P04-S02:GS01:p0011,west,7,0,2
5579,CP-AP-r000:S-P04-S02:GS02:p0001,west,8,0,6
5580,CP-AP-r000:S-P04-S02:GS02:p0002,west,6,0,5
5581,CP-AP-r000:S-P04-S02:GS02:p0003,west,7,0,6
5582,CP-AP-r000:S-P04-S02:GS02:p0004,west,7,0,0
5583,CP-AP-r000:S-P04-S02:GS02:p0005,west,6,0,6
5584,CP-AP-r000:S-P04-S02:GS02:p0006,west,4,0,5
5585,CP-AP-r000:S-P04-S02:GS02:p0007,west,7,0,6
5586,CP-AP-r000:S-P04-S02:GS02:p0008,west,7,0,1
5587,CP-AP-r000:S-P04-S02:GS02:p0009,west,7,0,6
5588,CP-AP-r000:S-P04-S02:GS02:p0010,west,6,0,5
5589,CP-AP-r000:S-P04-S02:GS02:p0011,west,7,0,6
5590,CP-AP-r000:S-P04-S02:GS02:p0012,west,7,0,2
5591,CP-AP-r000:S-P04-S02:GS03:p0001,west,6,0,6
5592,CP-AP-r000:S-P04-S02:GS03:p0002,west,6,0,5
5593,CP-AP-r000:S-P04-S02:GS03:p0003,west,6,0,6
5594,CP-AP-r000:S-P04-S02:GS03:p0004,west,8,0,0
5595,CP-AP-r000:S-P04-S02:GS03:p0005,west,6,0,6
5596,CP-AP-r000:S-P04-S02:GS03:p0006,west,6,0,5
5597,CP-AP-r000:S-P04-S02:GS03:p0007,west,7,0,6
5598,CP-AP-r000:S-P04-S02:GS03:p0008,west,7,0,1
5599,CP-AP-r000:S-P04-S02:GS03:p0009,west,7,0,6
5600,CP-AP-r000:S-P04-S02:GS03:p0010,west,6,0,5
5601,CP-AP-r000:S-P04-S02:GS03:p0011,west,7,0,6
5602,CP-AP-r000:S-P04-S02:GS03:p0012,west,7,0,2
5603,CP-AP-r000:S-P04-S02:GS04:p0001,east,0,6,4
5604,CP-AP-r000:S-P04-S02:GS04:p0002,east,0,6,6
5605,CP-AP-r000:S-P04-S02:GS04:p0003,east,0,7,6
5606,CP-AP-r000:S-P04-S02:GS04:p0004,east,0,6,4
5607,CP-AP-r000:S-P04-S02:GS04:p0005,east,0,6,6
5608,CP-AP-r000:S-P04-S02:GS04:p0006,east,0,7,6
5609,CP-AP-r000:S-P04-S02:GS04:p0007,east,0,7,6
5610,CP-AP-r000:S-P04-S02:GS04:p0008,east,0,6,3
5611,CP-AP-r000:S-P04-S02:GS04:p0009,east,0,6,6
5612,CP-AP-r000:S-P04-S02:GS04:p0010,east,0,5,6
5613,CP-AP-r000:S-P04-S02:GS04:p0011,east,0,6,6
5614,CP-AP-r000:S-P04-S02:GS05:p0001,east,0,6,4
5615,CP-AP-r000:S-P04-S02:GS05:p0002,east,0,6,6
5616,CP-AP-r000:S-P04-S02:GS05:p0003,east,0,8,1
5617,CP-AP-r000:S-P04-S02:GS05:p0004,east,0,7,6
5618,CP-AP-r000:S-P04-S02:GS05:p0005,east,0,6,4
5619,CP-AP-r000:S-P04-S02:GS05:p0006,east,0,5,6
5620,CP-AP-r000:S-P04-S02:GS05:p0007,east,0,5,0
5621,CP-AP-r000:S-P04-S02:GS05:p0008,east,0,7,6
5622,CP-AP-r000:S-P04-S02:GS05:p0009,east,0,4,3
5623,CP-AP-r000:S-P04-S02:GS05:p0010,east,0,6,6
5624,CP-AP-r000:S-P04-S02:GS05:p0011,east,0,4,0
5625,CP-AP-r000:S-P04-S02:GS05:p0012,east,0,7,6
5626,CP-AP-r000:S-P04-S02:GS06:p0001,east,0,4,0
5627,CP-AP-r000:S-P04-S02:GS06:p0002,east,0,5,4
5628,CP-AP-r000:S-P04-S02:GS06:p0003,east,0,7,1
5629,CP-AP-r000:S-P04-S02:GS06:p0004,east,0,7,6
5630,CP-AP-r000:S-P04-S02:GS06:p0005,east,0,7,0
5631,CP-AP-r000:S-P04-S02:GS06:p0006,east,0,5,4
5632,CP-AP-r000:S-P04-S02:GS06:p0007,east,0,7,0
5633,CP-AP-r000:S-P04-S02:GS06:p0008,east,0,7,6
5634,CP-AP-r000:S-P04-S02:GS06:p0009,east,0,6,3
5635,CP-AP-r000:S-P04-S02:GS06:p0010,east,0,7,0
5636,CP-AP-r000:S-P04-S02:GS06:p0011,east,0,7,6
5637,CP-AP-r000:S-P04-S02:GS07:p0001,west,7,0,5
5638,CP-AP-r000:S-P04-S02:GS07:p0002,west,8,0,0
5639,CP-AP-r000:S-P04-S02:GS07:p0003,west,8,0,6
5640,CP-AP-r000:S-P04-S02:GS07:p0004,west,8,0,0
5641,CP-AP-r000:S-P04-S02:GS07:p0005,west,8,0,5
5642,CP-AP-r000:S-P04-S02:GS07:p0006,west,8,0,0
5643,CP-AP-r000:S-P04-S02:GS07:p0007,west,8,0,6
5644,CP-AP-r000:S-P04-S02:GS07:p0008,west,8,0,1
5645,CP-AP-r000:S-P04-S02:GS07:p0009,west,7,0,5
5646,CP-AP-r000:S-P04-S02:GS07:p0010,west,7,0,0
5647,CP-AP-r000:S-P04-S02:GS07:p0011,west,9,0,6
5648,CP-AP-r000:S-P04-S02:GS07:p0012,west,8,0,2
5649,CP-AP-r000:S-P04-S02:GS08:p0001,west,10,0,6
5650,CP-AP-r000:S-P04-S02:GS08:p0002,west,8,0,5
5651,CP-AP-r000:S-P04-S02:GS08:p0003,west,5,0,0
5652,CP-AP-r000:S-P04-S02:GS08:p0004,west,8,0,6
5653,CP-AP-r000:S-P04-S02:GS08:p0005,west,10,0,0
5654,CP-AP-r000:S-P04-S02:GS08:p0006,west,9,0,6
5655,CP-AP-r000:S-P04-S02:GS08:p0007,west,8,0,5
5656,CP-AP-r000:S-P04-S02:GS08:p0008,west,5,0,0
5657,CP-AP-r000:S-P04-S02:GS08:p0009,west,8,0,6
5658,CP-AP-r000:S-P04-S02:GS08:p0010,west,10,0,1
5659,CP-AP-r000:S-P04-S02:GS08:p0011,west,8,0,5
5660,CP-AP-r000:S-P04-S02:GS08:p0012,west,8,0,0
5661,CP-AP-r000:S-P04-S02:GS08:p0013,west,8,0,6
5662,CP-AP-r000:S-P04-S02:GS08:p0014,west,10,0,2
5663,CP-AP-r000:S-P04-S02:GS09:p0001,west,10,0,6
5664,CP-AP-r000:S-P04-S02:GS09:p0002,west,8,0,5
5665,CP-AP-r000:S-P04-S02:GS09:p0003,west,7,0,5
5666,CP-AP-r000:S-P04-S02:GS09:p0004,west,8,0,6
5667,CP-AP-r000:S-P04-S02:GS09:p0005,west,8,0,0
5668,CP-AP-r000:S-P04-S02:GS09:p0006,west,10,0,6
5669,CP-AP-r000:S-P04-S02:GS09:p0007,west,8,0,5
5670,CP-AP-r000:S-P04-S02:GS09:p0008,west,8,0,6
5671,CP-AP-r000:S-P04-S02:GS09:p0009,west,8,0,1
5672,CP-AP-r000:S-P04-S02:GS09:p0010,west,8,0,6
5673,CP-AP-r000:S-P04-S02:GS09:p0011,west,8,0,5
5674,CP-AP-r000:S-P04-S02:GS09:p0012,west,7,0,0
5675,CP-AP-r000:S-P04-S02:GS09:p0013,west,8,0,6
5676,CP-AP-r000:S-P04-S02:GS09:p0014,west,9,0,2
5677,CP-AP-r000:S-P04-S02:GS10:p0001,east,0,7,4
5678,CP-AP-r000:S-P04-S02:GS10:p0002,east,0,7,6
5679,CP-AP-r000:S-P04-S02:GS10:p0003,east,0,9,1
5680,CP-AP-r000:S-P04-S02:GS10:p0004,east,0,8,6
5681,CP-AP-r000:S-P04-S02:GS10:p0005,east,0,9,4
5682,CP-AP-r000:S-P04-S02:GS10:p0006,east,0,7,6
5683,CP-AP-r000:S-P04-S02:GS10:p0007,east,0,8,0
5684,CP-AP-r000:S-P04-S02:GS10:p0008,east,0,7,6
5685,CP-AP-r000:S-P04-S02:GS10:p0009,east,0,10,3
5686,CP-AP-r000:S-P04-S02:GS10:p0010,east,0,8,6
5687,CP-AP-r000:S-P04-S02:GS10:p0011,east,0,7,0
5688,CP-AP-r000:S-P04-S02:GS10:p0012,east,0,7,6
5689,CP-AP-r000:S-P04-S02:GS10:p0013,east,0,8,6
5690,CP-AP-r000:S-P04-S02:GS11:p0001,east,0,8,4
5691,CP-AP-r000:S-P04-S02:GS11:p0002,east,0,8,6
5692,CP-AP-r000:S-P04-S02:GS11:p0003,east,0,8,1
5693,CP-AP-r000:S-P04-S02:GS11:p0004,east,0,8,6
5694,CP-AP-r000:S-P04-S02:GS11:p0005,east,0,8,4
5695,CP-AP-r000:S-P04-S02:GS11:p0006,east,0,7,6
5696,CP-AP-r000:S-P04-S02:GS11:p0007,east,0,8,0
5697,CP-AP-r000:S-P04-S02:GS11:p0008,east,0,8,6
5698,CP-AP-r000:S-P04-S02:GS11:p0009,east,0,7,3
5699,CP-AP-r000:S-P04-S02:GS11:p0010,east,0,7,6
5700,CP-AP-r000:S-P04-S02:GS11:p0011,east,0,10,0
5701,CP-AP-r000:S-P04-S02:GS11:p0012,east,0,8,6
5702,CP-AP-r000:S-P04-S02:GS12:p0001,east,0,6,0
5703,CP-AP-r000:S-P04-S02:GS12:p0002,east,0,8,4
5704,CP-AP-r000:S-P04-S02:GS12:p0003,east,0,6,6
5705,CP-AP-r000:S-P04-S02:GS12:p0004,east,0,8,1
5706,CP-AP-r000:S-P04-S02:GS12:p0005,east,0,10,6
5707,CP-AP-r000:S-P04-S02:GS12:p0006,east,0,8,4
5708,CP-AP-r000:S-P04-S02:GS12:p0007,east,0,8,6
5709,CP-AP-r000:S-P04-S02:GS12:p0008,east,0,8,0
5710,CP-AP-r000:S-P04-S02:GS12:p0009,east,0,10,6
5711,CP-AP-r000:S-P04-S02:GS12:p0010,east,0,7,3
5712,CP-AP-r000:S-P04-S02:GS12:p0011,east,0,8,6
5713,CP-AP-r000:S-P04-S02:GS12:p0012,east,0,8,0
5714,CP-AP-r000:S-P04-S02:GS12:p0013,east,0,8,6
5715,CP-AP-r000:S-P04-S03:GS01:p0001,west,7,0,5
5716,CP-AP-r000:S-P04-S03:GS01:p0002,west,6,0,0
5717,CP-AP-r000:S-P04-S03:GS01:p0003,west,5,0,6
5718,CP-AP-r000:S-P04-S03:GS01:p0004,west,5,0,2
5719,CP-AP-r000:S-P04-S03:GS01:p0005,west,6,0,6
5720,CP-AP-r000:S-P04-S03:GS01:p0006,west,8,0,0
5721,CP-AP-r000:S-P04-S03:GS01:p0007,west,6,0,6
5722,CP-AP-r000:S-P04-S03:GS01:p0008,west,6,0,2
5723,CP-AP-r000:S-P04-S03:GS01:p0009,west,7,0,6
5724,CP-AP-r000:S-P04-S03:GS01:p0010,west,7,0,0
5725,CP-AP-r000:S-P04-S03:GS01:p0011,west,7,0,3
5726,CP-AP-r000:S-P04-S03:GS02:p0001,west,7,0,6
5727,CP-AP-r000:S-P04-S03:GS02:p0002,west,6,0,5
5728,CP-AP-r000:S-P04-S03:GS02:p0003,west,6,0,6
5729,CP-AP-r000:S-P04-S03:GS02:p0004,west,6,0,2
5730,CP-AP-r000:S-P04-S03:GS02:p0005,west,7,0,6
5731,CP-AP-r000:S-P04-S03:GS02:p0006,west,6,0,6
5732,CP-AP-r000:S-P04-S03:GS02:p0007,west,6,0,2
5733,CP-AP-r000:S-P04-S03:GS02:p0008,west,7,0,6
5734,CP-AP-r000:S-P04-S03:GS02:p0009,west,4,0,0
5735,CP-AP-r000:S-P04-S03:GS02:p0010,west,6,0,6
5736,CP-AP-r000:S-P04-S03:GS02:p0011,west,4,0,3
5737,CP-AP-r000:S-P04-S03:GS03:p0001,west,8,0,6
5738,CP-AP-r000:S-P04-S03:GS03:p0002,west,7,0,5
5739,CP-AP-r000:S-P04-S03:GS03:p0003,west,6,0,6
5740,CP-AP-r000:S-P04-S03:GS03:p0004,west,6,0,2
5741,CP-AP-r000:S-P04-S03:GS03:p0005,west,8,0,6
5742,CP-AP-r000:S-P04-S03:GS03:p0006,west,6,0,6
5743,CP-AP-r000:S-P04-S03:GS03:p0007,west,6,0,6
5744,CP-AP-r000:S-P04-S03:GS03:p0008,west,6,0,2
5745,CP-AP-r000:S-P04-S03:GS03:p0009,west,6,0,6
5746,CP-AP-r000:S-P04-S03:GS03:p0010,west,5,0,6
5747,CP-AP-r000:S-P04-S03:GS03:p0011,west,6,0,6
5748,CP-AP-r000:S-P04-S03:GS03:p0012,west,6,0,3
5749,CP-AP-r000:S-P04-S03:GS04:p0001,east,0,7,3
5750,CP-AP-r000:S-P04-S03:GS04:p0002,east,0,7,6
5751,CP-AP-r000:S-P04-S03:GS04:p0003,east,0,4,6
5752,CP-AP-r000:S-P04-S03:GS04:p0004,east,0,6,6
5753,CP-AP-r000:S-P04-S03:GS04:p0005,east,0,7,2
5754,CP-AP-r000:S-P04-S03:GS04:p0006,east,0,7,6
5755,CP-AP-r000:S-P04-S03:GS04:p0007,east,0,6,6
5756,CP-AP-r000:S-P04-S03:GS04:p0008,east,0,8,6
5757,CP-AP-r000:S-P04-S03:GS04:p0009,east,0,7,1
5758,CP-AP-r000:S-P04-S03:GS04:p0010,east,0,7,6
5759,CP-AP-r000:S-P04-S03:GS04:p0011,east,0,6,5
5760,CP-AP-r000:S-P04-S03:GS04:p0012,east,0,6,6
5761,CP-AP-r000:S-P04-S03:GS05:p0001,east,0,6,3
5762,CP-AP-r000:S-P04-S03:GS05:p0002,east,0,8,6
5763,CP-AP-r000:S-P04-S03:GS05:p0003,east,0,6,0
5764,CP-AP-r000:S-P04-S03:GS05:p0004,east,0,6,6
5765,CP-AP-r000:S-P04-S03:GS05:p0005,east,0,7,2
5766,CP-AP-r000:S-P04-S03:GS05:p0006,east,0,7,6
5767,CP-AP-r000:S-P04-S03:GS05:p0007,east,0,6,6
5768,CP-AP-r000:S-P04-S03:GS05:p0008,east,0,7,1
5769,CP-AP-r000:S-P04-S03:GS05:p0009,east,0,7,6
5770,CP-AP-r000:S-P04-S03:GS05:p0010,east,0,5,5
5771,CP-AP-r000:S-P04-S03:GS05:p0011,east,0,7,6
5772,CP-AP-r000:S-P04-S03:GS06:p0001,east,0,7,3
5773,CP-AP-r000:S-P04-S03:GS06:p0002,east,0,6,0
5774,CP-AP-r000:S-P04-S03:GS06:p0003,east,0,6,6
5775,CP-AP-r000:S-P04-S03:GS06:p0004,east,0,7,2
5776,CP-AP-r000:S-P04-S03:GS06:p0005,east,0,4,6
5777,CP-AP-r000:S-P04-S03:GS06:p0006,east,0,6,0
5778,CP-AP-r000:S-P04-S03:GS06:p0007,east,0,5,6
5779,CP-AP-r000:S-P04-S03:GS06:p0008,east,0,8,1
5780,CP-AP-r000:S-P04-S03:GS06:p0009,east,0,6,6
5781,CP-AP-r000:S-P04-S03:GS06:p0010,east,0,5,0
5782,CP-AP-r000:S-P04-S03:GS06:p0011,east,0,6,5
5783,CP-AP-r000:S-P04-S03:GS07:p0001,west,8,0,5
5784,CP-AP-r000:S-P04-S03:GS07:p0002,west,9,0,0
5785,CP-AP-r000:S-P04-S03:GS07:p0003,west,7,0,6
5786,CP-AP-r000:S-P04-S03:GS07:p0004,west,7,0,2
5787,CP-AP-r000:S-P04-S03:GS07:p0005,west,8,0,6
5788,CP-AP-r000:S-P04-S03:GS07:p0006,west,8,0,0
5789,CP-AP-r000:S-P04-S03:GS07:p0007,west,8,0,6
5790,CP-AP-r000:S-P04-S03:GS07:p0008,west,8,0,2
5791,CP-AP-r000:S-P04-S03:GS07:p0009,west,8,0,6
5792,CP-AP-r000:S-P04-S03:GS07:p0010,west,8,0,0
5793,CP-AP-r000:S-P04-S03:GS07:p0011,west,8,0,6
5794,CP-AP-r000:S-P04-S03:GS07:p0012,west,7,0,3
5795,CP-AP-r000:S-P04-S03:GS08:p0001,west,7,0,5
5796,CP-AP-r000:S-P04-S03:GS08:p0002,west,8,0,0
5797,CP-AP-r000:S-P04-S03:GS08:p0003,west,7,0,6
5798,CP-AP-r000:S-P04-S03:GS08:p0004,west,9,0,2
5799,CP-AP-r000:S-P04-S03:GS08:p0005,west,8,0,6
5800,CP-AP-r000:S-P04-S03:GS08:p0006,west,9,0,0
5801,CP-AP-r000:S-P04-S03:GS08:p0007,west,7,0,6
5802,CP-AP-r000:S-P04-S03:GS08:p0008,west,7,0,2
5803,CP-AP-r000:S-P04-S03:GS08:p0009,west,8,0,6
5804,CP-AP-r000:S-P04-S03:GS08:p0010,west,10,0,0
5805,CP-AP-r000:S-P04-S03:GS08:p0011,west,7,0,6
5806,CP-AP-r000:S-P04-S03:GS08:p0012,west,7,0,3
5807,CP-AP-r000:S-P04-S03:GS09:p0001,west,8,0,6
5808,CP-AP-r000:S-P04-S03:GS09:p0002,west,8,0,5
5809,CP-AP-r000:S-P04-S03:GS09:p0003,west,8,0,6
5810,CP-AP-r000:S-P04-S03:GS09:p0004,west,10,0,2
5811,CP-AP-r000:S-P04-S03:GS09:p0005,west,8,0,6
5812,CP-AP-r000:S-P04-S03:GS09:p0006,west,8,0,6
5813,CP-AP-r000:S-P04-S03:GS09:p0007,west,7,0,0
5814,CP-AP-r000:S-P04-S03:GS09:p0008,west,8,0,6
5815,CP-AP-r000:S-P04-S03:GS09:p0009,west,10,0,2
5816,CP-AP-r000:S-P04-S03:GS09:p0010,west,7,0,6
5817,CP-AP-r000:S-P04-S03:GS09:p0011,west,7,0,0
5818,CP-AP-r000:S-P04-S03:GS09:p0012,west,7,0,6
5819,CP-AP-r000:S-P04-S03:GS09:p0013,west,10,0,3
5820,CP-AP-r000:S-P04-S03:GS10:p0001,east,0,10,3
5821,CP-AP-r000:S-P04-S03:GS10:p0002,east,0,8,6
5822,CP-AP-r000:S-P04-S03:GS10:p0003,east,0,5,0
5823,CP-AP-r000:S-P04-S03:GS10:p0004,east,0,7,6
5824,CP-AP-r000:S-P04-S03:GS10:p0005,east,0,9,6
5825,CP-AP-r000:S-P04-S03:GS10:p0006,east,0,10,2
5826,CP-AP-r000:S-P04-S03:GS10:p0007,east,0,8,6
5827,CP-AP-r000:S-P04-S03:GS10:p0008,east,0,5,0
5828,CP-AP-r000:S-P04-S03:GS10:p0009,east,0,8,6
5829,CP-AP-r000:S-P04-S03:GS10:p0010,east,0,10,6
5830,CP-AP-r000:S-P04-S03:GS10:p0011,east,0,9,1
5831,CP-AP-r000:S-P04-S03:GS10:p0012,east,0,8,6
5832,CP-AP-r000:S-P04-S03:GS10:p0013,east,0,8,5
5833,CP-AP-r000:S-P04-S03:GS10:p0014,east,0,10,6
5834,CP-AP-r000:S-P04-S03:GS11:p0001,east,0,8,3
5835,CP-AP-r000:S-P04-S03:GS11:p0002,east,0,8,6
5836,CP-AP-r000:S-P04-S03:GS11:p0003,east,0,7,0
5837,CP-AP-r000:S-P04-S03:GS11:p0004,east,0,8,6
5838,CP-AP-r000:S-P04-S03:GS11:p0005,east,0,9,2
5839,CP-AP-r000:S-P04-S03:GS11:p0006,east,0,8,6
5840,CP-AP-r000:S-P04-S03:GS11:p0007,east,0,8,0
5841,CP-AP-r000:S-P04-S03:GS11:p0008,east,0,7,6
5842,CP-AP-r000:S-P04-S03:GS11:p0009,east,0,10,1
5843,CP-AP-r000:S-P04-S03:GS11:p0010,east,0,8,6
5844,CP-AP-r000:S-P04-S03:GS11:p0011,east,0,7,0
5845,CP-AP-r000:S-P04-S03:GS11:p0012,east,0,7,5
5846,CP-AP-r000:S-P04-S03:GS12:p0001,east,0,7,3
5847,CP-AP-r000:S-P04-S03:GS12:p0002,east,0,9,6
5848,CP-AP-r000:S-P04-S03:GS12:p0003,east,0,7,0
5849,CP-AP-r000:S-P04-S03:GS12:p0004,east,0,7,6
5850,CP-AP-r000:S-P04-S03:GS12:p0005,east,0,8,2
5851,CP-AP-r000:S-P04-S03:GS12:p0006,east,0,10,6
5852,CP-AP-r000:S-P04-S03:GS12:p0007,east,0,7,0
5853,CP-AP-r000:S-P04-S03:GS12:p0008,east,0,7,6
5854,CP-AP-r000:S-P04-S03:GS12:p0009,east,0,8,1
5855,CP-AP-r000:S-P04-S03:GS12:p0010,east,0,8,6
5856,CP-AP-r000:S-P04-S03:GS12:p0011,east,0,7,0
5857,CP-AP-r000:S-P04-S03:GS12:p0012,east,0,7,5
5858,CP-AP-r000:S-P04-S04:GS01:p0001,west,6,0,5
5859,CP-AP-r000:S-P04-S04:GS01:p0002,west,5,0,0
5860,CP-AP-r000:S-P04-S04:GS01:p0003,west,5,0,6
5861,CP-AP-r000:S-P04-S04:GS01:p0004,west,7,0,2
5862,CP-AP-r000:S-P04-S04:GS01:p0005,west,5,0,6
5863,CP-AP-r000:S-P04-S04:GS01:p0006,west,6,0,0
5864,CP-AP-r000:S-P04-S04:GS01:p0007,west,4,0,6
5865,CP-AP-r000:S-P04-S04:GS01:p0008,west,7,0,2
5866,CP-AP-r000:S-P04-S04:GS01:p0009,west,6,0,6
5867,CP-AP-r000:S-P04-S04:GS01:p0010,west,6,0,0
5868,CP-AP-r000:S-P04-S04:GS01:p0011,west,7,0,3
5869,CP-AP-r000:S-P04-S04:GS01:p0012,west,7,0,0
5870,CP-AP-r000:S-P04-S04:GS02:p0001,west,7,0,6
5871,CP-AP-r000:S-P04-S04:GS02:p0002,west,5,0,5
5872,CP-AP-r000:S-P04-S04:GS02:p0003,west,7,0,6
5873,CP-AP-r000:S-P04-S04:GS02:p0004,west,7,0,2
5874,CP-AP-r000:S-P04-S04:GS02:p0005,west,6,0,6
5875,CP-AP-r000:S-P04-S04:GS02:p0006,west,7,0,6
5876,CP-AP-r000:S-P04-S04:GS02:p0007,west,7,0,2
5877,CP-AP-r000:S-P04-S04:GS02:p0008,west,6,0,6
5878,CP-AP-r000:S-P04-S04:GS02:p0009,west,6,0,0
5879,CP-AP-r000:S-P04-S04:GS02:p0010,west,7,0,6
5880,CP-AP-r000:S-P04-S04:GS02:p0011,west,5,0,3
5881,CP-AP-r000:S-P04-S04:GS03:p0001,west,7,0,6
5882,CP-AP-r000:S-P04-S04:GS03:p0002,west,6,0,5
5883,CP-AP-r000:S-P04-S04:GS03:p0003,west,7,0,6
5884,CP-AP-r000:S-P04-S04:GS03:p0004,west,7,0,2
5885,CP-AP-r000:S-P04-S04:GS03:p0005,west,8,0,6
5886,CP-AP-r000:S-P04-S04:GS03:p0006,west,6,0,6
5887,CP-AP-r000:S-P04-S04:GS03:p0007,west,7,0,6
5888,CP-AP-r000:S-P04-S04:GS03:p0008,west,7,0,2
5889,CP-AP-r000:S-P04-S04:GS03:p0009,west,6,0,6
5890,CP-AP-r000:S-P04-S04:GS03:p0010,west,4,0,6
5891,CP-AP-r000:S-P04-S04:GS03:p0011,west,7,0,6
5892,CP-AP-r000:S-P04-S04:GS03:p0012,west,7,0,3
5893,CP-AP-r000:S-P04-S04:GS04:p0001,east,0,6,3
5894,CP-AP-r000:S-P04-S04:GS04:p0002,east,0,6,6
5895,CP-AP-r000:S-P04-S04:GS04:p0003,east,0,5,6
5896,CP-AP-r000:S-P04-S04:GS04:p0004,east,0,6,6
5897,CP-AP-r000:S-P04-S04:GS04:p0005,east,0,6,2
5898,CP-AP-r000:S-P04-S04:GS04:p0006,east,0,6,6
5899,CP-AP-r000:S-P04-S04:GS04:p0007,east,0,6,6
5900,CP-AP-r000:S-P04-S04:GS04:p0008,east,0,8,6
5901,CP-AP-r000:S-P04-S04:GS04:p0009,east,0,6,1
5902,CP-AP-r000:S-P04-S04:GS04:p0010,east,0,6,6
5903,CP-AP-r000:S-P04-S04:GS04:p0011,east,0,7,5
5904,CP-AP-r000:S-P04-S04:GS04:p0012,east,0,7,6
5905,CP-AP-r000:S-P04-S04:GS05:p0001,east,0,4,3
5906,CP-AP-r000:S-P04-S04:GS05:p0002,east,0,6,6
5907,CP-AP-r000:S-P04-S04:GS05:p0003,east,0,4,0
5908,CP-AP-r000:S-P04-S04:GS05:p0004,east,0,7,6
5909,CP-AP-r000:S-P04-S04:GS05:p0005,east,0,6,2
5910,CP-AP-r000:S-P04-S04:GS05:p0006,east,0,6,6
5911,CP-AP-r000:S-P04-S04:GS05:p0007,east,0,7,6
5912,CP-AP-r000:S-P04-S04:GS05:p0008,east,0,6,1
5913,CP-AP-r000:S-P04-S04:GS05:p0009,east,0,6,6
5914,CP-AP-r000:S-P04-S04:GS05:p0010,east,0,6,5
5915,CP-AP-r000:S-P04-S04:GS05:p0011,east,0,7,6
5916,CP-AP-r000:S-P04-S04:GS06:p0001,east,0,6,3
5917,CP-AP-r000:S-P04-S04:GS06:p0002,east,0,7,0
5918,CP-AP-r000:S-P04-S04:GS06:p0003,east,0,7,6
5919,CP-AP-r000:S-P04-S04:GS06:p0004,east,0,6,2
5920,CP-AP-r000:S-P04-S04:GS06:p0005,east,0,6,6
5921,CP-AP-r000:S-P04-S04:GS06:p0006,east,0,8,0
5922,CP-AP-r000:S-P04-S04:GS06:p0007,east,0,6,6
5923,CP-AP-r000:S-P04-S04:GS06:p0008,east,0,6,1
5924,CP-AP-r000:S-P04-S04:GS06:p0009,east,0,5,6
5925,CP-AP-r000:S-P04-S04:GS06:p0010,east,0,5,0
5926,CP-AP-r000:S-P04-S04:GS06:p0011,east,0,7,5
5927,CP-AP-r000:S-P04-S04:GS07:p0001,west,8,0,5
5928,CP-AP-r000:S-P04-S04:GS07:p0002,west,7,0,0
5929,CP-AP-r000:S-P04-S04:GS07:p0003,west,9,0,6
5930,CP-AP-r000:S-P04-S04:GS07:p0004,west,8,0,2
5931,CP-AP-r000:S-P04-S04:GS07:p0005,west,7,0,6
5932,CP-AP-r000:S-P04-S04:GS07:p0006,west,7,0,0
5933,CP-AP-r000:S-P04-S04:GS07:p0007,west,10,0,6
5934,CP-AP-r000:S-P04-S04:GS07:p0008,west,8,0,2
5935,CP-AP-r000:S-P04-S04:GS07:p0009,west,7,0,6
5936,CP-AP-r000:S-P04-S04:GS07:p0010,west,7,0,0
5937,CP-AP-r000:S-P04-S04:GS07:p0011,west,9,0,6
5938,CP-AP-r000:S-P04-S04:GS07:p0012,west,7,0,3
5939,CP-AP-r000:S-P04-S04:GS08:p0001,west,8,0,5
5940,CP-AP-r000:S-P04-S04:GS08:p0002,west,8,0,0
5941,CP-AP-r000:S-P04-S04:GS08:p0003,west,8,0,6
5942,CP-AP-r000:S-P04-S04:GS08:p0004,west,10,0,2
5943,CP-AP-r000:S-P04-S04:GS08:p0005,west,8,0,6
5944,CP-AP-r000:S-P04-S04:GS08:p0006,west,8,0,0
5945,CP-AP-r000:S-P04-S04:GS08:p0007,west,8,0,6
5946,CP-AP-r000:S-P04-S04:GS08:p0008,west,8,0,2
5947,CP-AP-r000:S-P04-S04:GS08:p0009,west,8,0,6
5948,CP-AP-r000:S-P04-S04:GS08:p0010,west,7,0,0
5949,CP-AP-r000:S-P04-S04:GS08:p0011,west,8,0,6
5950,CP-AP-r000:S-P04-S04:GS08:p0012,west,8,0,3
5951,CP-AP-r000:S-P04-S04:GS09:p0001,west,9,0,6
5952,CP-AP-r000:S-P04-S04:GS09:p0002,west,8,0,5
5953,CP-AP-r000:S-P04-S04:GS09:p0003,west,8,0,6
5954,CP-AP-r000:S-P04-S04:GS09:p0004,west,9,0,2
5955,CP-AP-r000:S-P04-S04:GS09:p0005,west,9,0,6
5956,CP-AP-r000:S-P04-S04:GS09:p0006,west,8,0,6
5957,CP-AP-r000:S-P04-S04:GS09:p0007,west,5,0,0
5958,CP-AP-r000:S-P04-S04:GS09:p0008,west,8,0,6
5959,CP-AP-r000:S-P04-S04:GS09:p0009,west,10,0,2
5960,CP-AP-r000:S-P04-S04:GS09:p0010,west,8,0,6
5961,CP-AP-r000:S-P04-S04:GS09:p0011,west,6,0,0
5962,CP-AP-r000:S-P04-S04:GS09:p0012,west,8,0,6
5963,CP-AP-r000:S-P04-S04:GS09:p0013,west,10,0,3
5964,CP-AP-r000:S-P04-S04:GS10:p0001,east,0,10,3
5965,CP-AP-r000:S-P04-S04:GS10:p0002,east,0,8,6
5966,CP-AP-r000:S-P04-S04:GS10:p0003,east,0,6,0
5967,CP-AP-r000:S-P04-S04:GS10:p0004,east,0,7,6
5968,CP-AP-r000:S-P04-S04:GS10:p0005,east,0,8,6
5969,CP-AP-r000:S-P04-S04:GS10:p0006,east,0,10,2
5970,CP-AP-r000:S-P04-S04:GS10:p0007,east,0,8,6
5971,CP-AP-r000:S-P04-S04:GS10:p0008,east,0,7,0
5972,CP-AP-r000:S-P04-S04:GS10:p0009,east,0,8,6
5973,CP-AP-r000:S-P04-S04:GS10:p0010,east,0,9,6
5974,CP-AP-r000:S-P04-S04:GS10:p0011,east,0,10,1
5975,CP-AP-r000:S-P04-S04:GS10:p0012,east,0,8,6
5976,CP-AP-r000:S-P04-S04:GS10:p0013,east,0,8,5
5977,CP-AP-r000:S-P04-S04:GS10:p0014,east,0,9,6
5978,CP-AP-r000:S-P04-S04:GS11:p0001,east,0,7,3
5979,CP-AP-r000:S-P04-S04:GS11:p0002,east,0,7,6
5980,CP-AP-r000:S-P04-S04:GS11:p0003,east,0,10,0
5981,CP-AP-r000:S-P04-S04:GS11:p0004,east,0,8,6
5982,CP-AP-r000:S-P04-S04:GS11:p0005,east,0,7,2
5983,CP-AP-r000:S-P04-S04:GS11:p0006,east,0,7,6
5984,CP-AP-r000:S-P04-S04:GS11:p0007,east,0,9,0
5985,CP-AP-r000:S-P04-S04:GS11:p0008,east,0,7,6
5986,CP-AP-r000:S-P04-S04:GS11:p0009,east,0,10,1
5987,CP-AP-r000:S-P04-S04:GS11:p0010,east,0,7,6
5988,CP-AP-r000:S-P04-S04:GS11:p0011,east,0,8,0
5989,CP-AP-r000:S-P04-S04:GS11:p0012,east,0,7,5
5990,CP-AP-r000:S-P04-S04:GS12:p0001,east,0,7,3
5991,CP-AP-r000:S-P04-S04:GS12:p0002,east,0,8,6
5992,CP-AP-r000:S-P04-S04:GS12:p0003,east,0,8,0
5993,CP-AP-r000:S-P04-S04:GS12:p0004,east,0,8,6
5994,CP-AP-r000:S-P04-S04:GS12:p0005,east,0,8,2
5995,CP-AP-r000:S-P04-S04:GS12:p0006,east,0,8,6
5996,CP-AP-r000:S-P04-S04:GS12:p0007,east,0,8,0
5997,CP-AP-r000:S-P04-S04:GS12:p0008,east,0,8,6
5998,CP-AP-r000:S-P04-S04:GS12:p0009,east,0,7,1
5999,CP-AP-r000:S-P04-S04:GS12:p0010,east,0,7,6
6000,CP-AP-r000:S-P04-S04:GS12:p0011,east,0,9,0
6001,CP-AP-r000:S-P04-S04:GS12:p0012,east,0,8,5
6002,CP-AP-r000:S-P04-S05:GS01:p0001,west,7,0,6
6003,CP-AP-r000:S-P04-S05:GS01:p0002,west,7,0,0
6004,CP-AP-r000:S-P04-S05:GS01:p0003,west,7,0,3
6005,CP-AP-r000:S-P04-S05:GS01:p0004,west,7,0,6
6006,CP-AP-r000:S-P04-S05:GS01:p0005,west,7,0,0
6007,CP-AP-r000:S-P04-S05:GS01:p0006,west,4,0,4
6008,CP-AP-r000:S-P04-S05:GS01:p0007,west,6,0,0
6009,CP-AP-r000:S-P04-S05:GS01:p0008,west,7,0,6
6010,CP-AP-r000:S-P04-S05:GS01:p0009,west,7,0,1
6011,CP-AP-r000:S-P04-S05:GS01:p0010,west,5,0,4
6012,CP-AP-r000:S-P04-S05:GS01:p0011,west,7,0,0
6013,CP-AP-r000:S-P04-S05:GS02:p0001,west,7,0,6
6014,CP-AP-r000:S-P04-S05:GS02:p0002,west,4,0,0
6015,CP-AP-r000:S-P04-S05:GS02:p0003,west,6,0,6
6016,CP-AP-r000:S-P04-S05:GS02:p0004,west,4,0,3
6017,CP-AP-r000:S-P04-S05:GS02:p0005,west,7,0,6
6018,CP-AP-r000:S-P04-S05:GS02:p0006,west,6,0,0
6019,CP-AP-r000:S-P04-S05:GS02:p0007,west,5,0,6
6020,CP-AP-r000:S-P04-S05:GS02:p0008,west,7,0,4
6021,CP-AP-r000:S-P04-S05:GS02:p0009,west,7,0,6
6022,CP-AP-r000:S-P04-S05:GS02:p0010,west,7,0,1
6023,CP-AP-r000:S-P04-S05:GS02:p0011,west,6,0,6
6024,CP-AP-r000:S-P04-S05:GS02:p0012,west,6,0,4
6025,CP-AP-r000:S-P04-S05:GS03:p0001,west,6,0,6
6026,CP-AP-r000:S-P04-S05:GS03:p0002,west,5,0,6
6027,CP-AP-r000:S-P04-S05:GS03:p0003,west,6,0,6
6028,CP-AP-r000:S-P04-S05:GS03:p0004,west,6,0,3
6029,CP-AP-r000:S-P04-S05:GS03:p0005,west,7,0,6
6030,CP-AP-r000:S-P04-S05:GS03:p0006,west,7,0,6
6031,CP-AP-r000:S-P04-S05:GS03:p0007,west,6,0,6
6032,CP-AP-r000:S-P04-S05:GS03:p0008,west,6,0,4
6033,CP-AP-r000:S-P04-S05:GS03:p0009,west,7,0,6
6034,CP-AP-r000:S-P04-S05:GS03:p0010,west,6,0,6
6035,CP-AP-r000:S-P04-S05:GS03:p0011,west,6,0,4
6036,CP-AP-r000:S-P04-S05:GS04:p0001,east,0,7,2
6037,CP-AP-r000:S-P04-S05:GS04:p0002,east,0,7,6
6038,CP-AP-r000:S-P04-S05:GS04:p0003,east,0,6,5
6039,CP-AP-r000:S-P04-S05:GS04:p0004,east,0,7,6
6040,CP-AP-r000:S-P04-S05:GS04:p0005,east,0,8,1
6041,CP-AP-r000:S-P04-S05:GS04:p0006,east,0,7,6
6042,CP-AP-r000:S-P04-S05:GS04:p0007,east,0,6,5
6043,CP-AP-r000:S-P04-S05:GS04:p0008,east,0,6,6
6044,CP-AP-r000:S-P04-S05:GS04:p0009,east,0,7,0
6045,CP-AP-r000:S-P04-S05:GS04:p0010,east,0,6,6
6046,CP-AP-r000:S-P04-S05:GS04:p0011,east,0,6,5
6047,CP-AP-r000:S-P04-S05:GS04:p0012,east,0,6,6
6048,CP-AP-r000:S-P04-S05:GS04:p0013,east,0,3,0
6049,CP-AP-r000:S-P04-S05:GS05:p0001,east,0,7,2
6050,CP-AP-r000:S-P04-S05:GS05:p0002,east,0,7,6
6051,CP-AP-r000:S-P04-S05:GS05:p0003,east,0,6,5
6052,CP-AP-r000:S-P04-S05:GS05:p0004,east,0,7,6
6053,CP-AP-r000:S-P04-S05:GS05:p0005,east,0,7,1
6054,CP-AP-r000:S-P04-S05:GS05:p0006,east,0,7,6
6055,CP-AP-r000:S-P04-S05:GS05:p0007,east,0,4,5
6056,CP-AP-r000:S-P04-S05:GS05:p0008,east,0,6,6
6057,CP-AP-r000:S-P04-S05:GS05:p0009,east,0,7,0
6058,CP-AP-r000:S-P04-S05:GS05:p0010,east,0,7,6
6059,CP-AP-r000:S-P04-S05:GS05:p0011,east,0,6,5
6060,CP-AP-r000:S-P04-S05:GS05:p0012,east,0,7,6
6061,CP-AP-r000:S-P04-S05:GS05:p0013,east,0,3,0
6062,CP-AP-r000:S-P04-S05:GS06:p0001,east,0,7,2
6063,CP-AP-r000:S-P04-S05:GS06:p0002,east,0,5,6
6064,CP-AP-r000:S-P04-S05:GS06:p0003,east,0,5,0
6065,CP-AP-r000:S-P04-S05:GS06:p0004,east,0,5,5
6066,CP-AP-r000:S-P04-S05:GS06:p0005,east,0,6,1
6067,CP-AP-r000:S-P04-S05:GS06:p0006,east,0,8,6
6068,CP-AP-r000:S-P04-S05:GS06:p0007,east,0,6,0
6069,CP-AP-r000:S-P04-S05:GS06:p0008,east,0,6,5
6070,CP-AP-r000:S-P04-S05:GS06:p0009,east,0,7,0
6071,CP-AP-r000:S-P04-S05:GS06:p0010,east,0,7,6
6072,CP-AP-r000:S-P04-S05:GS06:p0011,east,0,7,5
6073,CP-AP-r000:S-P04-S05:GS06:p0012,east,0,3,0
6074,CP-AP-r000:S-P04-S05:GS07:p0001,west,8,0,6
6075,CP-AP-r000:S-P04-S05:GS07:p0002,west,8,0,0
6076,CP-AP-r000:S-P04-S05:GS07:p0003,west,8,0,6
6077,CP-AP-r000:S-P04-S05:GS07:p0004,west,7,0,3
6078,CP-AP-r000:S-P04-S05:GS07:p0005,west,11,0,6
6079,CP-AP-r000:S-P04-S05:GS07:p0006,west,8,0,0
6080,CP-AP-r000:S-P04-S05:GS07:p0007,west,7,0,6
6081,CP-AP-r000:S-P04-S05:GS07:p0008,west,7,0,4
6082,CP-AP-r000:S-P04-S05:GS07:p0009,west,10,0,6
6083,CP-AP-r000:S-P04-S05:GS07:p0010,west,8,0,1
6084,CP-AP-r000:S-P04-S05:GS07:p0011,west,6,0,6
6085,CP-AP-r000:S-P04-S05:GS07:p0012,west,8,0,4
6086,CP-AP-r000:S-P04-S05:GS07:p0013,west,9,0,0
6087,CP-AP-r000:S-P04-S05:GS08:p0001,west,8,0,6
6088,CP-AP-r000:S-P04-S05:GS08:p0002,west,10,0,0
6089,CP-AP-r000:S-P04-S05:GS08:p0003,west,7,0,6
6090,CP-AP-r000:S-P04-S05:GS08:p0004,west,7,0,3
6091,CP-AP-r000:S-P04-S05:GS08:p0005,west,8,0,6
6092,CP-AP-r000:S-P04-S05:GS08:p0006,west,8,0,0
6093,CP-AP-r000:S-P04-S05:GS08:p0007,west,7,0,6
6094,CP-AP-r000:S-P04-S05:GS08:p0008,west,8,0,4
6095,CP-AP-r000:S-P04-S05:GS08:p0009,west,8,0,6
6096,CP-AP-r000:S-P04-S05:GS08:p0010,west,8,0,1
6097,CP-AP-r000:S-P04-S05:GS08:p0011,west,8,0,6
6098,CP-AP-r000:S-P04-S05:GS08:p0012,west,8,0,4
6099,CP-AP-r000:S-P04-S05:GS09:p0001,west,9,0,6
6100,CP-AP-r000:S-P04-S05:GS09:p0002,west,7,0,6
6101,CP-AP-r000:S-P04-S05:GS09:p0003,west,6,0,0
6102,CP-AP-r000:S-P04-S05:GS09:p0004,west,7,0,6
6103,CP-AP-r000:S-P04-S05:GS09:p0005,west,11,0,3
6104,CP-AP-r000:S-P04-S05:GS09:p0006,west,7,0,6
6105,CP-AP-r000:S-P04-S05:GS09:p0007,west,9,0,0
6106,CP-AP-r000:S-P04-S05:GS09:p0008,west,7,0,6
6107,CP-AP-r000:S-P04-S05:GS09:p0009,west,9,0,4
6108,CP-AP-r000:S-P04-S05:GS09:p0010,west,9,0,6
6109,CP-AP-r000:S-P04-S05:GS09:p0011,west,9,0,1
6110,CP-AP-r000:S-P04-S05:GS09:p0012,west,7,0,6
6111,CP-AP-r000:S-P04-S05:GS09:p0013,west,7,0,4
6112,CP-AP-r000:S-P04-S05:GS10:p0001,east,0,9,2
6113,CP-AP-r000:S-P04-S05:GS10:p0002,east,0,8,6
6114,CP-AP-r000:S-P04-S05:GS10:p0003,east,0,8,5
6115,CP-AP-r000:S-P04-S05:GS10:p0004,east,0,10,6
6116,CP-AP-r000:S-P04-S05:GS10:p0005,east,0,7,1
6117,CP-AP-r000:S-P04-S05:GS10:p0006,east,0,8,6
6118,CP-AP-r000:S-P04-S05:GS10:p0007,east,0,8,5
6119,CP-AP-r000:S-P04-S05:GS10:p0008,east,0,10,6
6120,CP-AP-r000:S-P04-S05:GS10:p0009,east,0,7,0
6121,CP-AP-r000:S-P04-S05:GS10:p0010,east,0,7,6
6122,CP-AP-r000:S-P04-S05:GS10:p0011,east,0,7,5
6123,CP-AP-r000:S-P04-S05:GS10:p0012,east,0,8,5
6124,CP-AP-r000:S-P04-S05:GS10:p0013,east,0,10,6
6125,CP-AP-r000:S-P04-S05:GS11:p0001,east,0,10,2
6126,CP-AP-r000:S-P04-S05:GS11:p0002,east,0,8,6
6127,CP-AP-r000:S-P04-S05:GS11:p0003,east,0,8,0
6128,CP-AP-r000:S-P04-S05:GS11:p0004,east,0,7,5
6129,CP-AP-r000:S-P04-S05:GS11:p0005,east,0,10,1
6130,CP-AP-r000:S-P04-S05:GS11:p0006,east,0,8,6
6131,CP-AP-r000:S-P04-S05:GS11:p0007,east,0,6,0
6132,CP-AP-r000:S-P04-S05:GS11:p0008,east,0,8,5
6133,CP-AP-r000:S-P04-S05:GS11:p0009,east,0,9,6
6134,CP-AP-r000:S-P04-S05:GS11:p0010,east,0,10,0
6135,CP-AP-r000:S-P04-S05:GS11:p0011,east,0,8,6
6136,CP-AP-r000:S-P04-S05:GS11:p0012,east,0,5,0
6137,CP-AP-r000:S-P04-S05:GS11:p0013,east,0,8,5
6138,CP-AP-r000:S-P04-S05:GS11:p0014,east,0,9,6
6139,CP-AP-r000:S-P04-S05:GS11:p0015,east,0,5,0
6140,CP-AP-r000:S-P04-S05:GS12:p0001,east,0,8,2
6141,CP-AP-r000:S-P04-S05:GS12:p0002,east,0,9,6
6142,CP-AP-r000:S-P04-S05:GS12:p0003,east,0,7,0
6143,CP-AP-r000:S-P04-S05:GS12:p0004,east,0,7,5
6144,CP-AP-r000:S-P04-S05:GS12:p0005,east,0,8,1
6145,CP-AP-r000:S-P04-S05:GS12:p0006,east,0,8,6
6146,CP-AP-r000:S-P04-S05:GS12:p0007,east,0,8,0
6147,CP-AP-r000:S-P04-S05:GS12:p0008,east,0,8,5
6148,CP-AP-r000:S-P04-S05:GS12:p0009,east,0,8,0
6149,CP-AP-r000:S-P04-S05:GS12:p0010,east,0,8,6
6150,CP-AP-r000:S-P04-S05:GS12:p0011,east,0,8,0
6151,CP-AP-r000:S-P04-S05:GS12:p0012,east,0,7,5
6152,CP-AP-r000:S-P04-S05:GS12:p0013,east,0,5,0
6153,CP-AP-r000:S-P04-S06:GS01:p0001,west,6,0,6
6154,CP-AP-r000:S-P04-S06:GS01:p0002,west,6,0,0
6155,CP-AP-r000:S-P04-S06:GS01:p0003,west,7,0,3
6156,CP-AP-r000:S-P04-S06:GS01:p0004,west,6,0,6
6157,CP-AP-r000:S-P04-S06:GS01:p0005,west,6,0,1
6158,CP-AP-r000:S-P04-S06:GS01:p0006,west,5,0,4
6159,CP-AP-r000:S-P04-S06:GS01:p0007,west,6,0,0
6160,CP-AP-r000:S-P04-S06:GS01:p0008,west,6,0,6
6161,CP-AP-r000:S-P04-S06:GS01:p0009,west,6,0,1
6162,CP-AP-r000:S-P04-S06:GS01:p0010,west,6,0,5
6163,CP-AP-r000:S-P04-S06:GS01:p0011,west,7,0,0
6164,CP-AP-r000:S-P04-S06:GS02:p0001,west,6,0,6
6165,CP-AP-r000:S-P04-S06:GS02:p0002,west,6,0,0
6166,CP-AP-r000:S-P04-S06:GS02:p0003,west,8,0,6
6167,CP-AP-r000:S-P04-S06:GS02:p0004,west,5,0,3
6168,CP-AP-r000:S-P04-S06:GS02:p0005,west,5,0,6
6169,CP-AP-r000:S-P04-S06:GS02:p0006,west,5,0,1
6170,CP-AP-r000:S-P04-S06:GS02:p0007,west,4,0,6
6171,CP-AP-r000:S-P04-S06:GS02:p0008,west,7,0,4
6172,CP-AP-r000:S-P04-S06:GS02:p0009,west,6,0,6
6173,CP-AP-r000:S-P04-S06:GS02:p0010,west,6,0,1
6174,CP-AP-r000:S-P04-S06:GS02:p0011,west,7,0,5
6175,CP-AP-r000:S-P04-S06:GS03:p0001,west,6,0,6
6176,CP-AP-r000:S-P04-S06:GS03:p0002,west,4,0,6
6177,CP-AP-r000:S-P04-S06:GS03:p0003,west,7,0,6
6178,CP-AP-r000:S-P04-S06:GS03:p0004,west,7,0,3
6179,CP-AP-r000:S-P04-S06:GS03:p0005,west,7,0,6
6180,CP-AP-r000:S-P04-S06:GS03:p0006,west,6,0,6
6181,CP-AP-r000:S-P04-S06:GS03:p0007,west,7,0,6
6182,CP-AP-r000:S-P04-S06:GS03:p0008,west,7,0,4
6183,CP-AP-r000:S-P04-S06:GS03:p0009,west,6,0,6
6184,CP-AP-r000:S-P04-S06:GS03:p0010,west,6,0,1
6185,CP-AP-r000:S-P04-S06:GS03:p0011,west,7,0,6
6186,CP-AP-r000:S-P04-S06:GS03:p0012,west,7,0,5
6187,CP-AP-r000:S-P04-S06:GS04:p0001,east,0,6,1
6188,CP-AP-r000:S-P04-S06:GS04:p0002,east,0,6,6
6189,CP-AP-r000:S-P04-S06:GS04:p0003,east,0,7,5
6190,CP-AP-r000:S-P04-S06:GS04:p0004,east,0,7,6
6191,CP-AP-r000:S-P04-S06:GS04:p0005,east,0,7,1
6192,CP-AP-r000:S-P04-S06:GS04:p0006,east,0,6,6
6193,CP-AP-r000:S-P04-S06:GS04:p0007,east,0,7,5
6194,CP-AP-r000:S-P04-S06:GS04:p0008,east,0,7,6
6195,CP-AP-r000:S-P04-S06:GS04:p0009,east,0,7,0
6196,CP-AP-r000:S-P04-S06:GS04:p0010,east,0,6,6
6197,CP-AP-r000:S-P04-S06:GS04:p0011,east,0,7,4
6198,CP-AP-r000:S-P04-S06:GS04:p0012,east,0,7,6
6199,CP-AP-r000:S-P04-S06:GS04:p0013,east,0,3,0
6200,CP-AP-r000:S-P04-S06:GS05:p0001,east,0,6,1
6201,CP-AP-r000:S-P04-S06:GS05:p0002,east,0,6,6
6202,CP-AP-r000:S-P04-S06:GS05:p0003,east,0,7,5
6203,CP-AP-r000:S-P04-S06:GS05:p0004,east,0,7,6
6204,CP-AP-r000:S-P04-S06:GS05:p0005,east,0,6,1
6205,CP-AP-r000:S-P04-S06:GS05:p0006,east,0,6,6
6206,CP-AP-r000:S-P04-S06:GS05:p0007,east,0,5,5
6207,CP-AP-r000:S-P04-S06:GS05:p0008,east,0,6,6
6208,CP-AP-r000:S-P04-S06:GS05:p0009,east,0,6,0
6209,CP-AP-r000:S-P04-S06:GS05:p0010,east,0,6,6
6210,CP-AP-r000:S-P04-S06:GS05:p0011,east,0,6,4
6211,CP-AP-r000:S-P04-S06:GS05:p0012,east,0,8,6
6212,CP-AP-r000:S-P04-S06:GS05:p0013,east,0,3,0
6213,CP-AP-r000:S-P04-S06:GS06:p0001,east,0,6,1
6214,CP-AP-r000:S-P04-S06:GS06:p0002,east,0,5,6
6215,CP-AP-r000:S-P04-S06:GS06:p0003,east,0,5,0
6216,CP-AP-r000:S-P04-S06:GS06:p0004,east,0,7,5
6217,CP-AP-r000:S-P04-S06:GS06:p0005,east,0,5,1
6218,CP-AP-r000:S-P04-S06:GS06:p0006,east,0,6,6
6219,CP-AP-r000:S-P04-S06:GS06:p0007,east,0,4,0
6220,CP-AP-r000:S-P04-S06:GS06:p0008,east,0,7,5
6221,CP-AP-r000:S-P04-S06:GS06:p0009,east,0,6,0
6222,CP-AP-r000:S-P04-S06:GS06:p0010,east,0,6,6
6223,CP-AP-r000:S-P04-S06:GS06:p0011,east,0,7,4
6224,CP-AP-r000:S-P04-S06:GS06:p0012,east,0,7,6
6225,CP-AP-r000:S-P04-S06:GS06:p0013,east,0,2,0
6226,CP-AP-r000:S-P04-S06:GS07:p0001,west,7,0,6
6227,CP-AP-r000:S-P04-S06:GS07:p0002,west,7,0,0
6228,CP-AP-r000:S-P04-S06:GS07:p0003,west,9,0,6
6229,CP-AP-r000:S-P04-S06:GS07:p0004,west,7,0,3
6230,CP-AP-r000:S-P04-S06:GS07:p0005,west,11,0,6
6231,CP-AP-r000:S-P04-S06:GS07:p0006,west,8,0,1
6232,CP-AP-r000:S-P04-S06:GS07:p0007,west,8,0,6
6233,CP-AP-r000:S-P04-S06:GS07:p0008,west,7,0,4
6234,CP-AP-r000:S-P04-S06:GS07:p0009,west,10,0,6
6235,CP-AP-r000:S-P04-S06:GS07:p0010,west,8,0,1
6236,CP-AP-r000:S-P04-S06:GS07:p0011,west,7,0,6
6237,CP-AP-r000:S-P04-S06:GS07:p0012,west,7,0,5
6238,CP-AP-r000:S-P04-S06:GS07:p0013,west,7,0,0
6239,CP-AP-r000:S-P04-S06:GS08:p0001,west,8,0,6
6240,CP-AP-r000:S-P04-S06:GS08:p0002,west,8,0,0
6241,CP-AP-r000:S-P04-S06:GS08:p0003,west,8,0,6
6242,CP-AP-r000:S-P04-S06:GS08:p0004,west,8,0,3
6243,CP-AP-r000:S-P04-S06:GS08:p0005,west,7,0,6
6244,CP-AP-r000:S-P04-S06:GS08:p0006,west,7,0,1
6245,CP-AP-r000:S-P04-S06:GS08:p0007,west,9,0,6
6246,CP-AP-r000:S-P04-S06:GS08:p0008,west,8,0,4
6247,CP-AP-r000:S-P04-S06:GS08:p0009,west,7,0,6
6248,CP-AP-r000:S-P04-S06:GS08:p0010,west,7,0,1
6249,CP-AP-r000:S-P04-S06:GS08:p0011,west,9,0,6
6250,CP-AP-r000:S-P04-S06:GS08:p0012,west,9,0,5
6251,CP-AP-r000:S-P04-S06:GS09:p0001,west,8,0,6
6252,CP-AP-r000:S-P04-S06:GS09:p0002,west,5,0,0
6253,CP-AP-r000:S-P04-S06:GS09:p0003,west,8,0,6
6254,CP-AP-r000:S-P04-S06:GS09:p0004,west,10,0,3
6255,CP-AP-r000:S-P04-S06:GS09:p0005,west,8,0,6
6256,CP-AP-r000:S-P04-S06:GS09:p0006,west,8,0,1
6257,CP-AP-r000:S-P04-S06:GS09:p0007,west,8,0,6
6258,CP-AP-r000:S-P04-S06:GS09:p0008,west,10,0,4
6259,CP-AP-r000:S-P04-S06:GS09:p0009,west,9,0,6
6260,CP-AP-r000:S-P04-S06:GS09:p0010,west,8,0,1
6261,CP-AP-r000:S-P04-S06:GS09:p0011,west,8,0,6
6262,CP-AP-r000:S-P04-S06:GS09:p0012,west,8,0,5
6263,CP-AP-r000:S-P04-S06:GS10:p0001,east,0,10,1
6264,CP-AP-r000:S-P04-S06:GS10:p0002,east,0,8,6
6265,CP-AP-r000:S-P04-S06:GS10:p0003,east,0,8,5
6266,CP-AP-r000:S-P04-S06:GS10:p0004,east,0,9,6
6267,CP-AP-r000:S-P04-S06:GS10:p0005,east,0,8,1
6268,CP-AP-r000:S-P04-S06:GS10:p0006,east,0,8,6
6269,CP-AP-r000:S-P04-S06:GS10:p0007,east,0,7,5
6270,CP-AP-r000:S-P04-S06:GS10:p0008,east,0,8,5
6271,CP-AP-r000:S-P04-S06:GS10:p0009,east,0,9,6
6272,CP-AP-r000:S-P04-S06:GS10:p0010,east,0,9,0
6273,CP-AP-r000:S-P04-S06:GS10:p0011,east,0,8,6
6274,CP-AP-r000:S-P04-S06:GS10:p0012,east,0,6,6
6275,CP-AP-r000:S-P04-S06:GS10:p0013,east,0,8,4
6276,CP-AP-r000:S-P04-S06:GS10:p0014,east,0,10,6
6277,CP-AP-r000:S-P04-S06:GS11:p0001,east,0,10,1
6278,CP-AP-r000:S-P04-S06:GS11:p0002,east,0,7,6
6279,CP-AP-r000:S-P04-S06:GS11:p0003,east,0,8,0
6280,CP-AP-r000:S-P04-S06:GS11:p0004,east,0,7,5
6281,CP-AP-r000:S-P04-S06:GS11:p0005,east,0,10,1
6282,CP-AP-r000:S-P04-S06:GS11:p0006,east,0,8,6
6283,CP-AP-r000:S-P04-S06:GS11:p0007,east,0,7,0
6284,CP-AP-r000:S-P04-S06:GS11:p0008,east,0,7,5
6285,CP-AP-r000:S-P04-S06:GS11:p0009,east,0,7,6
6286,CP-AP-r000:S-P04-S06:GS11:p0010,east,0,10,0
6287,CP-AP-r000:S-P04-S06:GS11:p0011,east,0,8,6
6288,CP-AP-r000:S-P04-S06:GS11:p0012,east,0,6,0
6289,CP-AP-r000:S-P04-S06:GS11:p0013,east,0,8,4
6290,CP-AP-r000:S-P04-S06:GS11:p0014,east,0,8,6
6291,CP-AP-r000:S-P04-S06:GS11:p0015,east,0,6,0
6292,CP-AP-r000:S-P04-S06:GS12:p0001,east,0,8,1
6293,CP-AP-r000:S-P04-S06:GS12:p0002,east,0,7,6
6294,CP-AP-r000:S-P04-S06:GS12:p0003,east,0,9,0
6295,CP-AP-r000:S-P04-S06:GS12:p0004,east,0,8,5
6296,CP-AP-r000:S-P04-S06:GS12:p0005,east,0,7,1
6297,CP-AP-r000:S-P04-S06:GS12:p0006,east,0,7,6
6298,CP-AP-r000:S-P04-S06:GS12:p0007,east,0,10,0
6299,CP-AP-r000:S-P04-S06:GS12:p0008,east,0,8,5
6300,CP-AP-r000:S-P04-S06:GS12:p0009,east,0,7,0
6301,CP-AP-r000:S-P04-S06:GS12:p0010,east,0,7,6
6302,CP-AP-r000:S-P04-S06:GS12:p0011,east,0,9,0
6303,CP-AP-r000:S-P04-S06:GS12:p0012,east,0,7,4
6304,CP-AP-r000:S-P04-S06:GS12:p0013,east,0,6,0
6305,CP-AP-r000:S-P04-S07:GS01:p0001,west,7,0,6
6306,CP-AP-r000:S-P04-S07:GS01:p0002,west,7,0,1
6307,CP-AP-r000:S-P04-S07:GS01:p0003,west,4,0,4
6308,CP-AP-r000:S-P04-S07:GS01:p0004,west,6,0,0
6309,CP-AP-r000:S-P04-S07:GS01:p0005,west,7,0,6
6310,CP-AP-r000:S-P04-S07:GS01:p0006,west,7,0,1
6311,CP-AP-r000:S-P04-S07:GS01:p0007,west,6,0,5
6312,CP-AP-r000:S-P04-S07:GS01:p0008,west,7,0,0
6313,CP-AP-r000:S-P04-S07:GS01:p0009,west,8,0,6
6314,CP-AP-r000:S-P04-S07:GS01:p0010,west,7,0,2
6315,CP-AP-r000:S-P04-S07:GS01:p0011,west,6,0,6
6316,CP-AP-r000:S-P04-S07:GS01:p0012,west,6,0,0
6317,CP-AP-r000:S-P04-S07:GS02:p0001,west,6,0,6
6318,CP-AP-r000:S-P04-S07:GS02:p0002,west,8,0,1
6319,CP-AP-r000:S-P04-S07:GS02:p0003,west,6,0,6
6320,CP-AP-r000:S-P04-S07:GS02:p0004,west,6,0,4
6321,CP-AP-r000:S-P04-S07:GS02:p0005,west,7,0,6
6322,CP-AP-r000:S-P04-S07:GS02:p0006,west,7,0,1
6323,CP-AP-r000:S-P04-S07:GS02:p0007,west,6,0,5
6324,CP-AP-r000:S-P04-S07:GS02:p0008,west,6,0,0
6325,CP-AP-r000:S-P04-S07:GS02:p0009,west,7,0,6
6326,CP-AP-r000:S-P04-S07:GS02:p0010,west,7,0,2
6327,CP-AP-r000:S-P04-S07:GS02:p0011,west,4,0,6
6328,CP-AP-r000:S-P04-S07:GS02:p0012,west,6,0,0
6329,CP-AP-r000:S-P04-S07:GS03:p0001,west,7,0,6
6330,CP-AP-r000:S-P04-S07:GS03:p0002,west,6,0,6
6331,CP-AP-r000:S-P04-S07:GS03:p0003,west,6,0,4
6332,CP-AP-r000:S-P04-S07:GS03:p0004,west,7,0,6
6333,CP-AP-r000:S-P04-S07:GS03:p0005,west,4,0,1
6334,CP-AP-r000:S-P04-S07:GS03:p0006,west,5,0,6
6335,CP-AP-r000:S-P04-S07:GS03:p0007,west,4,0,5
6336,CP-AP-r000:S-P04-S07:GS03:p0008,west,7,0,6
6337,CP-AP-r000:S-P04-S07:GS03:p0009,west,7,0,2
6338,CP-AP-r000:S-P04-S07:GS03:p0010,west,6,0,6
6339,CP-AP-r000:S-P04-S07:GS03:p0011,west,6,0,6
6340,CP-AP-r000:S-P04-S07:GS04:p0001,east,0,8,0
6341,CP-AP-r000:S-P04-S07:GS04:p0002,east,0,6,6
6342,CP-AP-r000:S-P04-S07:GS04:p0003,east,0,6,5
6343,CP-AP-r000:S-P04-S07:GS04:p0004,east,0,6,6
6344,CP-AP-r000:S-P04-S07:GS04:p0005,east,0,6,0
6345,CP-AP-r000:S-P04-S07:GS04:p0006,east,0,5,6
6346,CP-AP-r000:S-P04-S07:GS04:p0007,east,0,6,4
6347,CP-AP-r000:S-P04-S07:GS04:p0008,east,0,6,6
6348,CP-AP-r000:S-P04-S07:GS04:p0009,east,0,7,0
6349,CP-AP-r000:S-P04-S07:GS04:p0010,east,0,7,6
6350,CP-AP-r000:S-P04-S07:GS04:p0011,east,0,6,3
6351,CP-AP-r000:S-P04-S07:GS04:p0012,east,0,6,6
6352,CP-AP-r000:S-P04-S07:GS05:p0001,east,0,7,0
6353,CP-AP-r000:S-P04-S07:GS05:p0002,east,0,7,6
6354,CP-AP-r000:S-P04-S07:GS05:p0003,east,0,6,5
6355,CP-AP-r000:S-P04-S07:GS05:p0004,east,0,8,6
6356,CP-AP-r000:S-P04-S07:GS05:p0005,east,0,7,0
6357,CP-AP-r000:S-P04-S07:GS05:p0006,east,0,7,6
6358,CP-AP-r000:S-P04-S07:GS05:p0007,east,0,6,4
6359,CP-AP-r000:S-P04-S07:GS05:p0008,east,0,6,6
6360,CP-AP-r000:S-P04-S07:GS05:p0009,east,0,8,0
6361,CP-AP-r000:S-P04-S07:GS05:p0010,east,0,6,6
6362,CP-AP-r000:S-P04-S07:GS05:p0011,east,0,6,3
6363,CP-AP-r000:S-P04-S07:GS05:p0012,east,0,6,6
6364,CP-AP-r000:S-P04-S07:GS05:p0013,east,0,6,0
6365,CP-AP-r000:S-P04-S07:GS06:p0001,east,0,7,0
6366,CP-AP-r000:S-P04-S07:GS06:p0002,east,0,7,6
6367,CP-AP-r000:S-P04-S07:GS06:p0003,east,0,6,5
6368,CP-AP-r000:S-P04-S07:GS06:p0004,east,0,7,0
6369,CP-AP-r000:S-P04-S07:GS06:p0005,east,0,7,6
6370,CP-AP-r000:S-P04-S07:GS06:p0006,east,0,5,4
6371,CP-AP-r000:S-P04-S07:GS06:p0007,east,0,7,6
6372,CP-AP-r000:S-P04-S07:GS06:p0008,east,0,7,0
6373,CP-AP-r000:S-P04-S07:GS06:p0009,east,0,7,6
6374,CP-AP-r000:S-P04-S07:GS06:p0010,east,0,5,3
6375,CP-AP-r000:S-P04-S07:GS06:p0011,east,0,7,6
6376,CP-AP-r000:S-P04-S07:GS06:p0012,east,0,7,0
6377,CP-AP-r000:S-P04-S07:GS07:p0001,west,10,0,6
6378,CP-AP-r000:S-P04-S07:GS07:p0002,west,8,0,1
6379,CP-AP-r000:S-P04-S07:GS07:p0003,west,7,0,6
6380,CP-AP-r000:S-P04-S07:GS07:p0004,west,8,0,4
6381,CP-AP-r000:S-P04-S07:GS07:p0005,west,9,0,0
6382,CP-AP-r000:S-P04-S07:GS07:p0006,west,10,0,6
6383,CP-AP-r000:S-P04-S07:GS07:p0007,west,8,0,1
6384,CP-AP-r000:S-P04-S07:GS07:p0008,west,6,0,6
6385,CP-AP-r000:S-P04-S07:GS07:p0009,west,8,0,5
6386,CP-AP-r000:S-P04-S07:GS07:p0010,west,8,0,0
6387,CP-AP-r000:S-P04-S07:GS07:p0011,west,9,0,6
6388,CP-AP-r000:S-P04-S07:GS07:p0012,west,8,0,2
6389,CP-AP-r000:S-P04-S07:GS07:p0013,west,8,0,6
6390,CP-AP-r000:S-P04-S07:GS07:p0014,west,10,0,0
6391,CP-AP-r000:S-P04-S07:GS08:p0001,west,8,0,6
6392,CP-AP-r000:S-P04-S07:GS08:p0002,west,8,0,1
6393,CP-AP-r000:S-P04-S07:GS08:p0003,west,8,0,6
6394,CP-AP-r000:S-P04-S07:GS08:p0004,west,8,0,4
6395,CP-AP-r000:S-P04-S07:GS08:p0005,west,9,0,6
6396,CP-AP-r000:S-P04-S07:GS08:p0006,west,8,0,1
6397,CP-AP-r000:S-P04-S07:GS08:p0007,west,8,0,6
6398,CP-AP-r000:S-P04-S07:GS08:p0008,west,7,0,5
6399,CP-AP-r000:S-P04-S07:GS08:p0009,west,11,0,6
6400,CP-AP-r000:S-P04-S07:GS08:p0010,west,8,0,2
6401,CP-AP-r000:S-P04-S07:GS08:p0011,west,6,0,6
6402,CP-AP-r000:S-P04-S07:GS08:p0012,west,7,0,6
6403,CP-AP-r000:S-P04-S07:GS09:p0001,west,8,0,6
6404,CP-AP-r000:S-P04-S07:GS09:p0002,west,9,0,1
6405,CP-AP-r000:S-P04-S07:GS09:p0003,west,7,0,6
6406,CP-AP-r000:S-P04-S07:GS09:p0004,west,7,0,4
6407,CP-AP-r000:S-P04-S07:GS09:p0005,west,8,0,6
6408,CP-AP-r000:S-P04-S07:GS09:p0006,west,9,0,1
6409,CP-AP-r000:S-P04-S07:GS09:p0007,west,7,0,6
6410,CP-AP-r000:S-P04-S07:GS09:p0008,west,7,0,5
6411,CP-AP-r000:S-P04-S07:GS09:p0009,west,8,0,6
6412,CP-AP-r000:S-P04-S07:GS09:p0010,west,8,0,2
6413,CP-AP-r000:S-P04-S07:GS09:p0011,west,7,0,6
6414,CP-AP-r000:S-P04-S07:GS09:p0012,west,8,0,6
6415,CP-AP-r000:S-P04-S07:GS10:p0001,east,0,8,0
6416,CP-AP-r000:S-P04-S07:GS10:p0002,east,0,8,6
6417,CP-AP-r000:S-P04-S07:GS10:p0003,east,0,7,5
6418,CP-AP-r000:S-P04-S07:GS10:p0004,east,0,8,5
6419,CP-AP-r000:S-P04-S07:GS10:p0005,east,0,10,6
6420,CP-AP-r000:S-P04-S07:GS10:p0006,east,0,7,6
6421,CP-AP-r000:S-P04-S07:GS10:p0007,east,0,7,6
6422,CP-AP-r000:S-P04-S07:GS10:p0008,east,0,7,4
6423,CP-AP-r000:S-P04-S07:GS10:p0009,east,0,10,6
6424,CP-AP-r000:S-P04-S07:GS10:p0010,east,0,7,6
6425,CP-AP-r000:S-P04-S07:GS10:p0011,east,0,9,6
6426,CP-AP-r000:S-P04-S07:GS10:p0012,east,0,7,3
6427,CP-AP-r000:S-P04-S07:GS10:p0013,east,0,8,6
6428,CP-AP-r000:S-P04-S07:GS11:p0001,east,0,10,0
6429,CP-AP-r000:S-P04-S07:GS11:p0002,east,0,8,6
6430,CP-AP-r000:S-P04-S07:GS11:p0003,east,0,5,0
6431,CP-AP-r000:S-P04-S07:GS11:p0004,east,0,8,5
6432,CP-AP-r000:S-P04-S07:GS11:p0005,east,0,9,6
6433,CP-AP-r000:S-P04-S07:GS11:p0006,east,0,9,0
6434,CP-AP-r000:S-P04-S07:GS11:p0007,east,0,8,6
6435,CP-AP-r000:S-P04-S07:GS11:p0008,east,0,8,4
6436,CP-AP-r000:S-P04-S07:GS11:p0009,east,0,10,6
6437,CP-AP-r000:S-P04-S07:GS11:p0010,east,0,8,0
6438,CP-AP-r000:S-P04-S07:GS11:p0011,east,0,8,6
6439,CP-AP-r000:S-P04-S07:GS11:p0012,east,0,6,6
6440,CP-AP-r000:S-P04-S07:GS11:p0013,east,0,8,3
6441,CP-AP-r000:S-P04-S07:GS11:p0014,east,0,10,6
6442,CP-AP-r000:S-P04-S07:GS11:p0015,east,0,7,0
6443,CP-AP-r000:S-P04-S07:GS12:p0001,east,0,8,0
6444,CP-AP-r000:S-P04-S07:GS12:p0002,east,0,8,6
6445,CP-AP-r000:S-P04-S07:GS12:p0003,east,0,8,0
6446,CP-AP-r000:S-P04-S07:GS12:p0004,east,0,7,5
6447,CP-AP-r000:S-P04-S07:GS12:p0005,east,0,11,0
6448,CP-AP-r000:S-P04-S07:GS12:p0006,east,0,8,6
6449,CP-AP-r000:S-P04-S07:GS12:p0007,east,0,7,0
6450,CP-AP-r000:S-P04-S07:GS12:p0008,east,0,7,4
6451,CP-AP-r000:S-P04-S07:GS12:p0009,east,0,10,0
6452,CP-AP-r000:S-P04-S07:GS12:p0010,east,0,8,6
6453,CP-AP-r000:S-P04-S07:GS12:p0011,east,0,6,0
6454,CP-AP-r000:S-P04-S07:GS12:p0012,east,0,8,3
6455,CP-AP-r000:S-P04-S07:GS12:p0013,east,0,9,6
6456,CP-AP-r000:S-P04-S07:GS12:p0014,east,0,10,0
6457,CP-AP-r000:S-P04-S08:GS01:p0001,west,6,0,6
6458,CP-AP-r000:S-P04-S08:GS01:p0002,west,6,0,1
6459,CP-AP-r000:S-P04-S08:GS01:p0003,west,5,0,4
6460,CP-AP-r000:S-P04-S08:GS01:p0004,west,6,0,0
6461,CP-AP-r000:S-P04-S08:GS01:p0005,west,6,0,6
6462,CP-AP-r000:S-P04-S08:GS01:p0006,west,6,0,1
6463,CP-AP-r000:S-P04-S08:GS01:p0007,west,6,0,5
6464,CP-AP-r000:S-P04-S08:GS01:p0008,west,8,0,0
6465,CP-AP-r000:S-P04-S08:GS01:p0009,west,7,0,6
6466,CP-AP-r000:S-P04-S08:GS01:p0010,west,6,0,2
6467,CP-AP-r000:S-P04-S08:GS01:p0011,west,7,0,6
6468,CP-AP-r000:S-P04-S08:GS01:p0012,west,7,0,0
6469,CP-AP-r000:S-P04-S08:GS02:p0001,west,5,0,6
6470,CP-AP-r000:S-P04-S08:GS02:p0002,west,6,0,1
6471,CP-AP-r000:S-P04-S08:GS02:p0003,west,5,0,6
6472,CP-AP-r000:S-P04-S08:GS02:p0004,west,7,0,4
6473,CP-AP-r000:S-P04-S08:GS02:p0005,west,6,0,6
6474,CP-AP-r000:S-P04-S08:GS02:p0006,west,6,0,1
6475,CP-AP-r000:S-P04-S08:GS02:p0007,west,7,0,5
6476,CP-AP-r000:S-P04-S08:GS02:p0008,west,7,0,0
6477,CP-AP-r000:S-P04-S08:GS02:p0009,west,6,0,6
6478,CP-AP-r000:S-P04-S08:GS02:p0010,west,6,0,2
6479,CP-AP-r000:S-P04-S08:GS02:p0011,west,5,0,6
6480,CP-AP-r000:S-P04-S08:GS02:p0012,west,6,0,0
6481,CP-AP-r000:S-P04-S08:GS03:p0001,west,6,0,6
6482,CP-AP-r000:S-P04-S08:GS03:p0002,west,7,0,6
6483,CP-AP-r000:S-P04-S08:GS03:p0003,west,7,0,4
6484,CP-AP-r000:S-P04-S08:GS03:p0004,west,6,0,6
6485,CP-AP-r000:S-P04-S08:GS03:p0005,west,6,0,1
6486,CP-AP-r000:S-P04-S08:GS03:p0006,west,6,0,6
6487,CP-AP-r000:S-P04-S08:GS03:p0007,west,6,0,5
6488,CP-AP-r000:S-P04-S08:GS03:p0008,west,5,0,6
6489,CP-AP-r000:S-P04-S08:GS03:p0009,west,5,0,2
6490,CP-AP-r000:S-P04-S08:GS03:p0010,west,4,0,6
6491,CP-AP-r000:S-P04-S08:GS03:p0011,west,7,0,6
6492,CP-AP-r000:S-P04-S08:GS04:p0001,east,0,8,0
6493,CP-AP-r000:S-P04-S08:GS04:p0002,east,0,6,6
6494,CP-AP-r000:S-P04-S08:GS04:p0003,east,0,7,5
6495,CP-AP-r000:S-P04-S08:GS04:p0004,east,0,7,6
6496,CP-AP-r000:S-P04-S08:GS04:p0005,east,0,6,0
6497,CP-AP-r000:S-P04-S08:GS04:p0006,east,0,4,6
6498,CP-AP-r000:S-P04-S08:GS04:p0007,east,0,7,4
6499,CP-AP-r000:S-P04-S08:GS04:p0008,east,0,7,6
6500,CP-AP-r000:S-P04-S08:GS04:p0009,east,0,6,6
6501,CP-AP-r000:S-P04-S08:GS04:p0010,east,0,7,3
6502,CP-AP-r000:S-P04-S08:GS04:p0011,east,0,7,6
6503,CP-AP-r000:S-P04-S08:GS05:p0001,east,0,6,0
6504,CP-AP-r000:S-P04-S08:GS05:p0002,east,0,6,6
6505,CP-AP-r000:S-P04-S08:GS05:p0003,east,0,6,5
6506,CP-AP-r000:S-P04-S08:GS05:p0004,east,0,8,6
6507,CP-AP-r000:S-P04-S08:GS05:p0005,east,0,6,0
6508,CP-AP-r000:S-P04-S08:GS05:p0006,east,0,6,6
6509,CP-AP-r000:S-P04-S08:GS05:p0007,east,0,7,4
6510,CP-AP-r000:S-P04-S08:GS05:p0008,east,0,7,6
6511,CP-AP-r000:S-P04-S08:GS05:p0009,east,0,8,0
6512,CP-AP-r000:S-P04-S08:GS05:p0010,east,0,6,6
6513,CP-AP-r000:S-P04-S08:GS05:p0011,east,0,7,3
6514,CP-AP-r000:S-P04-S08:GS05:p0012,east,0,7,6
6515,CP-AP-r000:S-P04-S08:GS05:p0013,east,0,6,0
6516,CP-AP-r000:S-P04-S08:GS06:p0001,east,0,6,0
6517,CP-AP-r000:S-P04-S08:GS06:p0002,east,0,6,6
6518,CP-AP-r000:S-P04-S08:GS06:p0003,east,0,7,5
6519,CP-AP-r000:S-P04-S08:GS06:p0004,east,0,6,0
6520,CP-AP-r000:S-P04-S08:GS06:p0005,east,0,6,6
6521,CP-AP-r000:S-P04-S08:GS06:p0006,east,0,6,4
6522,CP-AP-r000:S-P04-S08:GS06:p0007,east,0,7,6
6523,CP-AP-r000:S-P04-S08:GS06:p0008,east,0,6,0
6524,CP-AP-r000:S-P04-S08:GS06:p0009,east,0,6,6
6525,CP-AP-r000:S-P04-S08:GS06:p0010,east,0,6,3
6526,CP-AP-r000:S-P04-S08:GS06:p0011,east,0,7,6
6527,CP-AP-r000:S-P04-S08:GS06:p0012,east,0,6,0
6528,CP-AP-r000:S-P04-S08:GS07:p0001,west,11,0,6
6529,CP-AP-r000:S-P04-S08:GS07:p0002,west,8,0,1
6530,CP-AP-r000:S-P04-S08:GS07:p0003,west,8,0,6
6531,CP-AP-r000:S-P04-S08:GS07:p0004,west,7,0,4
6532,CP-AP-r000:S-P04-S08:GS07:p0005,west,7,0,0
6533,CP-AP-r000:S-P04-S08:GS07:p0006,west,10,0,6
6534,CP-AP-r000:S-P04-S08:GS07:p0007,west,8,0,1
6535,CP-AP-r000:S-P04-S08:GS07:p0008,west,7,0,6
6536,CP-AP-r000:S-P04-S08:GS07:p0009,west,8,0,5
6537,CP-AP-r000:S-P04-S08:GS07:p0010,west,7,0,0
6538,CP-AP-r000:S-P04-S08:GS07:p0011,west,10,0,6
6539,CP-AP-r000:S-P04-S08:GS07:p0012,west,8,0,2
6540,CP-AP-r000:S-P04-S08:GS07:p0013,west,8,0,6
6541,CP-AP-r000:S-P04-S08:GS07:p0014,west,9,0,0
6542,CP-AP-r000:S-P04-S08:GS08:p0001,west,7,0,6
6543,CP-AP-r000:S-P04-S08:GS08:p0002,west,7,0,1
6544,CP-AP-r000:S-P04-S08:GS08:p0003,west,9,0,6
6545,CP-AP-r000:S-P04-S08:GS08:p0004,west,9,0,4
6546,CP-AP-r000:S-P04-S08:GS08:p0005,west,8,0,6
6547,CP-AP-r000:S-P04-S08:GS08:p0006,west,7,0,1
6548,CP-AP-r000:S-P04-S08:GS08:p0007,west,9,0,6
6549,CP-AP-r000:S-P04-S08:GS08:p0008,west,7,0,5
6550,CP-AP-r000:S-P04-S08:GS08:p0009,west,10,0,6
6551,CP-AP-r000:S-P04-S08:GS08:p0010,west,8,0,2
6552,CP-AP-r000:S-P04-S08:GS08:p0011,west,7,0,6
6553,CP-AP-r000:S-P04-S08:GS08:p0012,west,7,0,6
6554,CP-AP-r000:S-P04-S08:GS08:p0013,west,9,0,0
6555,CP-AP-r000:S-P04-S08:GS09:p0001,west,8,0,6
6556,CP-AP-r000:S-P04-S08:GS09:p0002,west,8,0,1
6557,CP-AP-r000:S-P04-S08:GS09:p0003,west,8,0,6
6558,CP-AP-r000:S-P04-S08:GS09:p0004,west,9,0,4
6559,CP-AP-r000:S-P04-S08:GS09:p0005,west,8,0,6
6560,CP-AP-r000:S-P04-S08:GS09:p0006,west,7,0,1
6561,CP-AP-r000:S-P04-S08:GS09:p0007,west,8,0,6
6562,CP-AP-r000:S-P04-S08:GS09:p0008,west,8,0,5
6563,CP-AP-r000:S-P04-S08:GS09:p0009,west,7,0,6
6564,CP-AP-r000:S-P04-S08:GS09:p0010,west,7,0,2
6565,CP-AP-r000:S-P04-S08:GS09:p0011,west,9,0,6
6566,CP-AP-r000:S-P04-S08:GS09:p0012,west,8,0,6
6567,CP-AP-r000:S-P04-S08:GS10:p0001,east,0,9,0
6568,CP-AP-r000:S-P04-S08:GS10:p0002,east,0,8,6
6569,CP-AP-r000:S-P04-S08:GS10:p0003,east,0,5,5
6570,CP-AP-r000:S-P04-S08:GS10:p0004,east,0,8,5
6571,CP-AP-r000:S-P04-S08:GS10:p0005,east,0,10,6
6572,CP-AP-r000:S-P04-S08:GS10:p0006,east,0,8,6
6573,CP-AP-r000:S-P04-S08:GS10:p0007,east,0,6,6
6574,CP-AP-r000:S-P04-S08:GS10:p0008,east,0,8,4
6575,CP-AP-r000:S-P04-S08:GS10:p0009,east,0,10,6
6576,CP-AP-r000:S-P04-S08:GS10:p0010,east,0,7,6
6577,CP-AP-r000:S-P04-S08:GS10:p0011,east,0,8,6
6578,CP-AP-r000:S-P04-S08:GS10:p0012,east,0,8,3
6579,CP-AP-r000:S-P04-S08:GS10:p0013,east,0,9,6
6580,CP-AP-r000:S-P04-S08:GS11:p0001,east,0,10,0
6581,CP-AP-r000:S-P04-S08:GS11:p0002,east,0,8,6
6582,CP-AP-r000:S-P04-S08:GS11:p0003,east,0,7,0
6583,CP-AP-r000:S-P04-S08:GS11:p0004,east,0,8,5
6584,CP-AP-r000:S-P04-S08:GS11:p0005,east,0,8,6
6585,CP-AP-r000:S-P04-S08:GS11:p0006,east,0,10,0
6586,CP-AP-r000:S-P04-S08:GS11:p0007,east,0,8,6
6587,CP-AP-r000:S-P04-S08:GS11:p0008,east,0,8,4
6588,CP-AP-r000:S-P04-S08:GS11:p0009,east,0,9,6
6589,CP-AP-r000:S-P04-S08:GS11:p0010,east,0,9,0
6590,CP-AP-r000:S-P04-S08:GS11:p0011,east,0,8,6
6591,CP-AP-r000:S-P04-S08:GS11:p0012,east,0,5,6
6592,CP-AP-r000:S-P04-S08:GS11:p0013,east,0,8,3
6593,CP-AP-r000:S-P04-S08:GS11:p0014,east,0,10,6
6594,CP-AP-r000:S-P04-S08:GS11:p0015,east,0,9,0
6595,CP-AP-r000:S-P04-S08:GS12:p0001,east,0,7,0
6596,CP-AP-r000:S-P04-S08:GS12:p0002,east,0,7,6
6597,CP-AP-r000:S-P04-S08:GS12:p0003,east,0,9,0
6598,CP-AP-r000:S-P04-S08:GS12:p0004,east,0,7,5
6599,CP-AP-r000:S-P04-S08:GS12:p0005,east,0,11,0
6600,CP-AP-r000:S-P04-S08:GS12:p0006,east,0,7,6
6601,CP-AP-r000:S-P04-S08:GS12:p0007,east,0,8,0
6602,CP-AP-r000:S-P04-S08:GS12:p0008,east,0,7,4
6603,CP-AP-r000:S-P04-S08:GS12:p0009,east,0,10,0
6604,CP-AP-r000:S-P04-S08:GS12:p0010,east,0,8,6
6605,CP-AP-r000:S-P04-S08:GS12:p0011,east,0,7,0
6606,CP-AP-r000:S-P04-S08:GS12:p0012,east,0,7,3
6607,CP-AP-r000:S-P04-S08:GS12:p0013,east,0,7,6
6608,CP-AP-r000:S-P04-S08:GS12:p0014,east,0,10,0
6609,CP-AP-r000:S-P04-S09:GS01:p0001,west,7,0,6
6610,CP-AP-r000:S-P04-S09:GS01:p0002,west,7,0,2
6611,CP-AP-r000:S-P04-S09:GS01:p0003,west,6,0,6
6612,CP-AP-r000:S-P04-S09:GS01:p0004,west,6,0,0
6613,CP-AP-r000:S-P04-S09:GS01:p0005,west,8,0,6
6614,CP-AP-r000:S-P04-S09:GS01:p0006,west,6,0,3
6615,CP-AP-r000:S-P04-S09:GS01:p0007,west,6,0,6
6616,CP-AP-r000:S-P04-S09:GS01:p0008,west,6,0,0
6617,CP-AP-r000:S-P04-S09:GS01:p0009,west,6,0,6
6618,CP-AP-r000:S-P04-S09:GS01:p0010,west,5,0,3
6619,CP-AP-r000:S-P04-S09:GS01:p0011,west,6,0,6
6620,CP-AP-r000:S-P04-S09:GS01:p0012,west,6,0,0
6621,CP-AP-r000:S-P04-S09:GS02:p0001,west,7,0,6
6622,CP-AP-r000:S-P04-S09:GS02:p0002,west,7,0,2
6623,CP-AP-r000:S-P04-S09:GS02:p0003,west,4,0,6
6624,CP-AP-r000:S-P04-S09:GS02:p0004,west,6,0,0
6625,CP-AP-r000:S-P04-S09:GS02:p0005,west,7,0,6
6626,CP-AP-r000:S-P04-S09:GS02:p0006,west,7,0,3
6627,CP-AP-r000:S-P04-S09:GS02:p0007,west,6,0,6
6628,CP-AP-r000:S-P04-S09:GS02:p0008,west,8,0,0
6629,CP-AP-r000:S-P04-S09:GS02:p0009,west,7,0,6
6630,CP-AP-r000:S-P04-S09:GS02:p0010,west,7,0,3
6631,CP-AP-r000:S-P04-S09:GS02:p0011,west,6,0,6
6632,CP-AP-r000:S-P04-S09:GS02:p0012,west,7,0,0
6633,CP-AP-r000:S-P04-S09:GS03:p0001,west,7,0,6
6634,CP-AP-r000:S-P04-S09:GS03:p0002,west,6,0,2
6635,CP-AP-r000:S-P04-S09:GS03:p0003,west,5,0,6
6636,CP-AP-r000:S-P04-S09:GS03:p0004,west,6,0,6
6637,CP-AP-r000:S-P04-S09:GS03:p0005,west,7,0,6
6638,CP-AP-r000:S-P04-S09:GS03:p0006,west,7,0,3
6639,CP-AP-r000:S-P04-S09:GS03:p0007,west,6,0,6
6640,CP-AP-r000:S-P04-S09:GS03:p0008,west,7,0,6
6641,CP-AP-r000:S-P04-S09:GS03:p0009,west,7,0,3
6642,CP-AP-r000:S-P04-S09:GS03:p0010,west,6,0,6
6643,CP-AP-r000:S-P04-S09:GS03:p0011,west,7,0,0
6644,CP-AP-r000:S-P04-S09:GS04:p0001,east,0,7,0
6645,CP-AP-r000:S-P04-S09:GS04:p0002,east,0,7,6
6646,CP-AP-r000:S-P04-S09:GS04:p0003,east,0,6,3
6647,CP-AP-r000:S-P04-S09:GS04:p0004,east,0,6,6
6648,CP-AP-r000:S-P04-S09:GS04:p0005,east,0,7,6
6649,CP-AP-r000:S-P04-S09:GS04:p0006,east,0,5,6
6650,CP-AP-r000:S-P04-S09:GS04:p0007,east,0,6,2
6651,CP-AP-r000:S-P04-S09:GS04:p0008,east,0,6,6
6652,CP-AP-r000:S-P04-S09:GS04:p0009,east,0,7,6
6653,CP-AP-r000:S-P04-S09:GS04:p0010,east,0,5,6
6654,CP-AP-r000:S-P04-S09:GS04:p0011,east,0,5,2
6655,CP-AP-r000:S-P04-S09:GS04:p0012,east,0,5,6
6656,CP-AP-r000:S-P04-S09:GS05:p0001,east,0,8,0
6657,CP-AP-r000:S-P04-S09:GS05:p0002,east,0,7,6
6658,CP-AP-r000:S-P04-S09:GS05:p0003,east,0,6,3
6659,CP-AP-r000:S-P04-S09:GS05:p0004,east,0,6,6
6660,CP-AP-r000:S-P04-S09:GS05:p0005,east,0,6,0
6661,CP-AP-r000:S-P04-S09:GS05:p0006,east,0,6,6
6662,CP-AP-r000:S-P04-S09:GS05:p0007,east,0,6,2
6663,CP-AP-r000:S-P04-S09:GS05:p0008,east,0,6,6
6664,CP-AP-r000:S-P04-S09:GS05:p0009,east,0,7,0
6665,CP-AP-r000:S-P04-S09:GS05:p0010,east,0,5,6
6666,CP-AP-r000:S-P04-S09:GS05:p0011,east,0,6,2
6667,CP-AP-r000:S-P04-S09:GS05:p0012,east,0,6,6
6668,CP-AP-r000:S-P04-S09:GS06:p0001,east,0,7,0
6669,CP-AP-r000:S-P04-S09:GS06:p0002,east,0,7,6
6670,CP-AP-r000:S-P04-S09:GS06:p0003,east,0,4,3
6671,CP-AP-r000:S-P04-S09:GS06:p0004,east,0,6,6
6672,CP-AP-r000:S-P04-S09:GS06:p0005,east,0,7,0
6673,CP-AP-r000:S-P04-S09:GS06:p0006,east,0,7,6
6674,CP-AP-r000:S-P04-S09:GS06:p0007,east,0,6,2
6675,CP-AP-r000:S-P04-S09:GS06:p0008,east,0,7,6
6676,CP-AP-r000:S-P04-S09:GS06:p0009,east,0,7,0
6677,CP-AP-r000:S-P04-S09:GS06:p0010,east,0,7,6
6678,CP-AP-r000:S-P04-S09:GS06:p0011,east,0,6,2
6679,CP-AP-r000:S-P04-S09:GS06:p0012,east,0,6,6
6680,CP-AP-r000:S-P04-S09:GS06:p0013,east,0,8,0
6681,CP-AP-r000:S-P04-S09:GS07:p0001,west,9,0,6
6682,CP-AP-r000:S-P04-S09:GS07:p0002,west,8,0,2
6683,CP-AP-r000:S-P04-S09:GS07:p0003,west,8,0,6
6684,CP-AP-r000:S-P04-S09:GS07:p0004,west,10,0,0
6685,CP-AP-r000:S-P04-S09:GS07:p0005,west,8,0,6
6686,CP-AP-r000:S-P04-S09:GS07:p0006,west,8,0,3
6687,CP-AP-r000:S-P04-S09:GS07:p0007,west,7,0,0
6688,CP-AP-r000:S-P04-S09:GS07:p0008,west,8,0,6
6689,CP-AP-r000:S-P04-S09:GS07:p0009,west,10,0,0
6690,CP-AP-r000:S-P04-S09:GS07:p0010,west,7,0,6
6691,CP-AP-r000:S-P04-S09:GS07:p0011,west,7,0,3
6692,CP-AP-r000:S-P04-S09:GS07:p0012,west,7,0,0
6693,CP-AP-r000:S-P04-S09:GS07:p0013,west,7,0,6
6694,CP-AP-r000:S-P04-S09:GS07:p0014,west,11,0,0
6695,CP-AP-r000:S-P04-S09:GS08:p0001,west,11,0,6
6696,CP-AP-r000:S-P04-S09:GS08:p0002,west,8,0,2
6697,CP-AP-r000:S-P04-S09:GS08:p0003,west,6,0,6
6698,CP-AP-r000:S-P04-S09:GS08:p0004,west,7,0,6
6699,CP-AP-r000:S-P04-S09:GS08:p0005,west,10,0,6
6700,CP-AP-r000:S-P04-S09:GS08:p0006,west,8,0,3
6701,CP-AP-r000:S-P04-S09:GS08:p0007,west,5,0,6
6702,CP-AP-r000:S-P04-S09:GS08:p0008,west,8,0,6
6703,CP-AP-r000:S-P04-S09:GS08:p0009,west,9,0,0
6704,CP-AP-r000:S-P04-S09:GS08:p0010,west,10,0,6
6705,CP-AP-r000:S-P04-S09:GS08:p0011,west,8,0,3
6706,CP-AP-r000:S-P04-S09:GS08:p0012,west,7,0,6
6707,CP-AP-r000:S-P04-S09:GS08:p0013,west,8,0,6
6708,CP-AP-r000:S-P04-S09:GS08:p0014,west,9,0,0
6709,CP-AP-r000:S-P04-S09:GS09:p0001,west,8,0,6
6710,CP-AP-r000:S-P04-S09:GS09:p0002,west,8,0,2
6711,CP-AP-r000:S-P04-S09:GS09:p0003,west,7,0,6
6712,CP-AP-r000:S-P04-S09:GS09:p0004,west,8,0,6
6713,CP-AP-r000:S-P04-S09:GS09:p0005,west,8,0,6
6714,CP-AP-r000:S-P04-S09:GS09:p0006,west,8,0,3
6715,CP-AP-r000:S-P04-S09:GS09:p0007,west,8,0,6
6716,CP-AP-r000:S-P04-S09:GS09:p0008,west,9,0,6
6717,CP-AP-r000:S-P04-S09:GS09:p0009,west,10,0,6
6718,CP-AP-r000:S-P04-S09:GS09:p0010,west,8,0,3
6719,CP-AP-r000:S-P04-S09:GS09:p0011,west,8,0,6
6720,CP-AP-r000:S-P04-S09:GS09:p0012,west,7,0,6
6721,CP-AP-r000:S-P04-S09:GS10:p0001,east,0,7,6
6722,CP-AP-r000:S-P04-S09:GS10:p0002,east,0,9,6
6723,CP-AP-r000:S-P04-S09:GS10:p0003,east,0,7,3
6724,CP-AP-r000:S-P04-S09:GS10:p0004,east,0,8,6
6725,CP-AP-r000:S-P04-S09:GS10:p0005,east,0,9,6
6726,CP-AP-r000:S-P04-S09:GS10:p0006,east,0,9,6
6727,CP-AP-r000:S-P04-S09:GS10:p0007,east,0,7,2
6728,CP-AP-r000:S-P04-S09:GS10:p0008,east,0,7,6
6729,CP-AP-r000:S-P04-S09:GS10:p0009,east,0,8,6
6730,CP-AP-r000:S-P04-S09:GS10:p0010,east,0,9,6
6731,CP-AP-r000:S-P04-S09:GS10:p0011,east,0,7,2
6732,CP-AP-r000:S-P04-S09:GS10:p0012,east,0,7,6
6733,CP-AP-r000:S-P04-S09:GS11:p0001,east,0,8,0
6734,CP-AP-r000:S-P04-S09:GS11:p0002,east,0,8,6
6735,CP-AP-r000:S-P04-S09:GS11:p0003,east,0,7,6
6736,CP-AP-r000:S-P04-S09:GS11:p0004,east,0,8,3
6737,CP-AP-r000:S-P04-S09:GS11:p0005,east,0,10,6
6738,CP-AP-r000:S-P04-S09:GS11:p0006,east,0,7,0
6739,CP-AP-r000:S-P04-S09:GS11:p0007,east,0,7,6
6740,CP-AP-r000:S-P04-S09:GS11:p0008,east,0,7,6
6741,CP-AP-r000:S-P04-S09:GS11:p0009,east,0,8,2
6742,CP-AP-r000:S-P04-S09:GS11:p0010,east,0,10,6
6743,CP-AP-r000:S-P04-S09:GS11:p0011,east,0,7,6
6744,CP-AP-r000:S-P04-S09:GS11:p0012,east,0,8,6
6745,CP-AP-r000:S-P04-S09:GS11:p0013,east,0,7,2
6746,CP-AP-r000:S-P04-S09:GS11:p0014,east,0,9,6
6747,CP-AP-r000:S-P04-S09:GS12:p0001,east,0,10,0
6748,CP-AP-r000:S-P04-S09:GS12:p0002,east,0,8,6
6749,CP-AP-r000:S-P04-S09:GS12:p0003,east,0,7,0
6750,CP-AP-r000:S-P04-S09:GS12:p0004,east,0,8,3
6751,CP-AP-r000:S-P04-S09:GS12:p0005,east,0,9,6
6752,CP-AP-r000:S-P04-S09:GS12:p0006,east,0,10,0
6753,CP-AP-r000:S-P04-S09:GS12:p0007,east,0,8,6
6754,CP-AP-r000:S-P04-S09:GS12:p0008,east,0,5,0
6755,CP-AP-r000:S-P04-S09:GS12:p0009,east,0,8,2
6756,CP-AP-r000:S-P04-S09:GS12:p0010,east,0,8,6
6757,CP-AP-r000:S-P04-S09:GS12:p0011,east,0,9,0
6758,CP-AP-r000:S-P04-S09:GS12:p0012,east,0,8,6
6759,CP-AP-r000:S-P04-S09:GS12:p0013,east,0,8,2
6760,CP-AP-r000:S-P04-S09:GS12:p0014,east,0,10,6
6761,CP-AP-r000:S-P04-S09:GS12:p0015,east,0,8,0
6762,CP-AP-r000:S-P04-S10:GS01:p0001,west,7,0,6
6763,CP-AP-r000:S-P04-S10:GS01:p0002,west,6,0,2
6764,CP-AP-r000:S-P04-S10:GS01:p0003,west,7,0,6
6765,CP-AP-r000:S-P04-S10:GS01:p0004,west,7,0,0
6766,CP-AP-r000:S-P04-S10:GS01:p0005,west,8,0,6
6767,CP-AP-r000:S-P04-S10:GS01:p0006,west,6,0,3
6768,CP-AP-r000:S-P04-S10:GS01:p0007,west,7,0,6
6769,CP-AP-r000:S-P04-S10:GS01:p0008,west,7,0,0
6770,CP-AP-r000:S-P04-S10:GS01:p0009,west,6,0,6
6771,CP-AP-r000:S-P04-S10:GS01:p0010,west,4,0,3
6772,CP-AP-r000:S-P04-S10:GS01:p0011,west,7,0,6
6773,CP-AP-r000:S-P04-S10:GS01:p0012,west,7,0,0
6774,CP-AP-r000:S-P04-S10:GS02:p0001,west,6,0,6
6775,CP-AP-r000:S-P04-S10:GS02:p0002,west,6,0,2
6776,CP-AP-r000:S-P04-S10:GS02:p0003,west,5,0,6
6777,CP-AP-r000:S-P04-S10:GS02:p0004,west,6,0,0
6778,CP-AP-r000:S-P04-S10:GS02:p0005,west,6,0,6
6779,CP-AP-r000:S-P04-S10:GS02:p0006,west,6,0,3
6780,CP-AP-r000:S-P04-S10:GS02:p0007,west,6,0,6
6781,CP-AP-r000:S-P04-S10:GS02:p0008,west,8,0,0
6782,CP-AP-r000:S-P04-S10:GS02:p0009,west,6,0,6
6783,CP-AP-r000:S-P04-S10:GS02:p0010,west,6,0,3
6784,CP-AP-r000:S-P04-S10:GS02:p0011,west,7,0,6
6785,CP-AP-r000:S-P04-S10:GS02:p0012,west,8,0,0
6786,CP-AP-r000:S-P04-S10:GS03:p0001,west,5,0,6
6787,CP-AP-r000:S-P04-S10:GS03:p0002,west,4,0,2
6788,CP-AP-r000:S-P04-S10:GS03:p0003,west,4,0,6
6789,CP-AP-r000:S-P04-S10:GS03:p0004,west,7,0,6
6790,CP-AP-r000:S-P04-S10:GS03:p0005,west,6,0,6
6791,CP-AP-r000:S-P04-S10:GS03:p0006,west,6,0,3
6792,CP-AP-r000:S-P04-S10:GS03:p0007,west,7,0,6
6793,CP-AP-r000:S-P04-S10:GS03:p0008,west,6,0,6
6794,CP-AP-r000:S-P04-S10:GS03:p0009,west,6,0,3
6795,CP-AP-r000:S-P04-S10:GS03:p0010,west,7,0,6
6796,CP-AP-r000:S-P04-S10:GS03:p0011,west,7,0,0
6797,CP-AP-r000:S-P04-S10:GS04:p0001,east,0,6,0
6798,CP-AP-r000:S-P04-S10:GS04:p0002,east,0,6,6
6799,CP-AP-r000:S-P04-S10:GS04:p0003,east,0,7,3
6800,CP-AP-r000:S-P04-S10:GS04:p0004,east,0,7,6
6801,CP-AP-r000:S-P04-S10:GS04:p0005,east,0,6,6
6802,CP-AP-r000:S-P04-S10:GS04:p0006,east,0,6,6
6803,CP-AP-r000:S-P04-S10:GS04:p0007,east,0,7,2
6804,CP-AP-r000:S-P04-S10:GS04:p0008,east,0,7,6
6805,CP-AP-r000:S-P04-S10:GS04:p0009,east,0,6,6
6806,CP-AP-r000:S-P04-S10:GS04:p0010,east,0,5,6
6807,CP-AP-r000:S-P04-S10:GS04:p0011,east,0,6,1
6808,CP-AP-r000:S-P04-S10:GS04:p0012,east,0,7,6
6809,CP-AP-r000:S-P04-S10:GS05:p0001,east,0,7,0
6810,CP-AP-r000:S-P04-S10:GS05:p0002,east,0,6,6
6811,CP-AP-r000:S-P04-S10:GS05:p0003,east,0,7,3
6812,CP-AP-r000:S-P04-S10:GS05:p0004,east,0,7,6
6813,CP-AP-r000:S-P04-S10:GS05:p0005,east,0,6,0
6814,CP-AP-r000:S-P04-S10:GS05:p0006,east,0,6,6
6815,CP-AP-r000:S-P04-S10:GS05:p0007,east,0,7,2
6816,CP-AP-r000:S-P04-S10:GS05:p0008,east,0,7,6
6817,CP-AP-r000:S-P04-S10:GS05:p0009,east,0,7,0
6818,CP-AP-r000:S-P04-S10:GS05:p0010,east,0,4,6
6819,CP-AP-r000:S-P04-S10:GS05:p0011,east,0,7,1
6820,CP-AP-r000:S-P04-S10:GS05:p0012,east,0,7,6
6821,CP-AP-r000:S-P04-S10:GS06:p0001,east,0,6,0
6822,CP-AP-r000:S-P04-S10:GS06:p0002,east,0,6,6
6823,CP-AP-r000:S-P04-S10:GS06:p0003,east,0,5,3
6824,CP-AP-r000:S-P04-S10:GS06:p0004,east,0,6,6
6825,CP-AP-r000:S-P04-S10:GS06:p0005,east,0,6,0
6826,CP-AP-r000:S-P04-S10:GS06:p0006,east,0,6,6
6827,CP-AP-r000:S-P04-S10:GS06:p0007,east,0,6,2
6828,CP-AP-r000:S-P04-S10:GS06:p0008,east,0,8,6
6829,CP-AP-r000:S-P04-S10:GS06:p0009,east,0,7,0
6830,CP-AP-r000:S-P04-S10:GS06:p0010,east,0,6,6
6831,CP-AP-r000:S-P04-S10:GS06:p0011,east,0,7,1
6832,CP-AP-r000:S-P04-S10:GS06:p0012,east,0,7,6
6833,CP-AP-r000:S-P04-S10:GS06:p0013,east,0,8,0
6834,CP-AP-r000:S-P04-S10:GS07:p0001,west,10,0,6
6835,CP-AP-r000:S-P04-S10:GS07:p0002,west,8,0,2
6836,CP-AP-r000:S-P04-S10:GS07:p0003,west,8,0,6
6837,CP-AP-r000:S-P04-S10:GS07:p0004,west,9,0,0
6838,CP-AP-r000:S-P04-S10:GS07:p0005,west,10,0,6
6839,CP-AP-r000:S-P04-S10:GS07:p0006,west,8,0,3
6840,CP-AP-r000:S-P04-S10:GS07:p0007,west,5,0,0
6841,CP-AP-r000:S-P04-S10:GS07:p0008,west,8,0,6
6842,CP-AP-r000:S-P04-S10:GS07:p0009,west,10,0,0
6843,CP-AP-r000:S-P04-S10:GS07:p0010,west,9,0,6
6844,CP-AP-r000:S-P04-S10:GS07:p0011,west,8,0,3
6845,CP-AP-r000:S-P04-S10:GS07:p0012,west,6,0,0
6846,CP-AP-r000:S-P04-S10:GS07:p0013,west,8,0,6
6847,CP-AP-r000:S-P04-S10:GS07:p0014,west,10,0,0
6848,CP-AP-r000:S-P04-S10:GS08:p0001,west,11,0,6
6849,CP-AP-r000:S-P04-S10:GS08:p0002,west,8,0,2
6850,CP-AP-r000:S-P04-S10:GS08:p0003,west,7,0,6
6851,CP-AP-r000:S-P04-S10:GS08:p0004,west,7,0,6
6852,CP-AP-r000:S-P04-S10:GS08:p0005,west,10,0,6
6853,CP-AP-r000:S-P04-S10:GS08:p0006,west,8,0,3
6854,CP-AP-r000:S-P04-S10:GS08:p0007,west,7,0,6
6855,CP-AP-r000:S-P04-S10:GS08:p0008,west,7,0,6
6856,CP-AP-r000:S-P04-S10:GS08:p0009,west,8,0,0
6857,CP-AP-r000:S-P04-S10:GS08:p0010,west,10,0,6
6858,CP-AP-r000:S-P04-S10:GS08:p0011,west,8,0,3
6859,CP-AP-r000:S-P04-S10:GS08:p0012,west,8,0,6
6860,CP-AP-r000:S-P04-S10:GS08:p0013,west,8,0,0
6861,CP-AP-r000:S-P04-S10:GS09:p0001,west,7,0,6
6862,CP-AP-r000:S-P04-S10:GS09:p0002,west,7,0,2
6863,CP-AP-r000:S-P04-S10:GS09:p0003,west,9,0,6
6864,CP-AP-r000:S-P04-S10:GS09:p0004,west,8,0,6
6865,CP-AP-r000:S-P04-S10:GS09:p0005,west,7,0,6
6866,CP-AP-r000:S-P04-S10:GS09:p0006,west,7,0,3
6867,CP-AP-r000:S-P04-S10:GS09:p0007,west,9,0,6
6868,CP-AP-r000:S-P04-S10:GS09:p0008,west,9,0,6
6869,CP-AP-r000:S-P04-S10:GS09:p0009,west,9,0,6
6870,CP-AP-r000:S-P04-S10:GS09:p0010,west,7,0,3
6871,CP-AP-r000:S-P04-S10:GS09:p0011,west,9,0,6
6872,CP-AP-r000:S-P04-S10:GS09:p0012,west,7,0,6
6873,CP-AP-r000:S-P04-S10:GS10:p0001,east,0,7,6
6874,CP-AP-r000:S-P04-S10:GS10:p0002,east,0,8,6
6875,CP-AP-r000:S-P04-S10:GS10:p0003,east,0,8,3
6876,CP-AP-r000:S-P04-S10:GS10:p0004,east,0,9,6
6877,CP-AP-r000:S-P04-S10:GS10:p0005,east,0,9,6
6878,CP-AP-r000:S-P04-S10:GS10:p0006,east,0,8,6
6879,CP-AP-r000:S-P04-S10:GS10:p0007,east,0,8,2
6880,CP-AP-r000:S-P04-S10:GS10:p0008,east,0,8,6
6881,CP-AP-r000:S-P04-S10:GS10:p0009,east,0,8,6
6882,CP-AP-r000:S-P04-S10:GS10:p0010,east,0,7,6
6883,CP-AP-r000:S-P04-S10:GS10:p0011,east,0,8,1
6884,CP-AP-r000:S-P04-S10:GS10:p0012,east,0,8,6
6885,CP-AP-r000:S-P04-S10:GS11:p0001,east,0,9,0
6886,CP-AP-r000:S-P04-S10:GS11:p0002,east,0,8,6
6887,CP-AP-r000:S-P04-S10:GS11:p0003,east,0,5,6
6888,CP-AP-r000:S-P04-S10:GS11:p0004,east,0,8,3
6889,CP-AP-r000:S-P04-S10:GS11:p0005,east,0,10,6
6890,CP-AP-r000:S-P04-S10:GS11:p0006,east,0,9,0
6891,CP-AP-r000:S-P04-S10:GS11:p0007,east,0,8,6
6892,CP-AP-r000:S-P04-S10:GS11:p0008,east,0,6,6
6893,CP-AP-r000:S-P04-S10:GS11:p0009,east,0,8,2
6894,CP-AP-r000:S-P04-S10:GS11:p0010,east,0,10,6
6895,CP-AP-r000:S-P04-S10:GS11:p0011,east,0,8,6
6896,CP-AP-r000:S-P04-S10:GS11:p0012,east,0,7,6
6897,CP-AP-r000:S-P04-S10:GS11:p0013,east,0,8,1
6898,CP-AP-r000:S-P04-S10:GS11:p0014,east,0,10,6
6899,CP-AP-r000:S-P04-S10:GS12:p0001,east,0,11,0
6900,CP-AP-r000:S-P04-S10:GS12:p0002,east,0,8,6
6901,CP-AP-r000:S-P04-S10:GS12:p0003,east,0,8,0
6902,CP-AP-r000:S-P04-S10:GS12:p0004,east,0,7,3
6903,CP-AP-r000:S-P04-S10:GS12:p0005,east,0,7,6
6904,CP-AP-r000:S-P04-S10:GS12:p0006,east,0,10,0
6905,CP-AP-r000:S-P04-S10:GS12:p0007,east,0,8,6
6906,CP-AP-r000:S-P04-S10:GS12:p0008,east,0,7,0
6907,CP-AP-r000:S-P04-S10:GS12:p0009,east,0,8,2
6908,CP-AP-r000:S-P04-S10:GS12:p0010,east,0,7,6
6909,CP-AP-r000:S-P04-S10:GS12:p0011,east,0,10,0
6910,CP-AP-r000:S-P04-S10:GS12:p0012,east,0,8,6
6911,CP-AP-r000:S-P04-S10:GS12:p0013,east,0,8,1
6912,CP-AP-r000:S-P04-S10:GS12:p0014,east,0,9,6
6913,CP-AP-r000:S-P04-S10:GS12:p0015,east,0,10,0
6914,CP-AP-r000:S-P04-S11:GS01:p0001,west,6,0,6
6915,CP-AP-r000:S-P04-S11:GS01:p0002,west,6,0,3
6916,CP-AP-r000:S-P04-S11:GS01:p0003,west,6,0,6
6917,CP-AP-r000:S-P04-S11:GS01:p0004,west,6,0,0
6918,CP-AP-r000:S-P04-S11:GS01:p0005,west,7,0,6
6919,CP-AP-r000:S-P04-S11:GS01:p0006,west,6,0,4
6920,CP-AP-r000:S-P04-S11:GS01:p0007,west,6,0,6
6921,CP-AP-r000:S-P04-S11:GS01:p0008,west,6,0,0
6922,CP-AP-r000:S-P04-S11:GS01:p0009,west,7,0,5
6923,CP-AP-r000:S-P04-S11:GS01:p0010,west,6,0,6
6924,CP-AP-r000:S-P04-S11:GS01:p0011,west,6,0,0
6925,CP-AP-r000:S-P04-S11:GS02:p0001,west,7,0,6
6926,CP-AP-r000:S-P04-S11:GS02:p0002,west,7,0,3
6927,CP-AP-r000:S-P04-S11:GS02:p0003,west,6,0,6
6928,CP-AP-r000:S-P04-S11:GS02:p0004,west,7,0,0
6929,CP-AP-r000:S-P04-S11:GS02:p0005,west,8,0,6
6930,CP-AP-r000:S-P04-S11:GS02:p0006,west,7,0,4
6931,CP-AP-r000:S-P04-S11:GS02:p0007,west,6,0,6
6932,CP-AP-r000:S-P04-S11:GS02:p0008,west,6,0,0
6933,CP-AP-r000:S-P04-S11:GS02:p0009,west,8,0,6
6934,CP-AP-r000:S-P04-S11:GS02:p0010,west,6,0,5
6935,CP-AP-r000:S-P04-S11:GS02:p0011,west,6,0,6
6936,CP-AP-r000:S-P04-S11:GS02:p0012,west,6,0,0
6937,CP-AP-r000:S-P04-S11:GS03:p0001,west,7,0,6
6938,CP-AP-r000:S-P04-S11:GS03:p0002,west,7,0,3
6939,CP-AP-r000:S-P04-S11:GS03:p0003,west,6,0,6
6940,CP-AP-r000:S-P04-S11:GS03:p0004,west,7,0,0
6941,CP-AP-r000:S-P04-S11:GS03:p0005,west,7,0,6
6942,CP-AP-r000:S-P04-S11:GS03:p0006,west,7,0,4
6943,CP-AP-r000:S-P04-S11:GS03:p0007,west,4,0,6
6944,CP-AP-r000:S-P04-S11:GS03:p0008,west,6,0,0
6945,CP-AP-r000:S-P04-S11:GS03:p0009,west,7,0,6
6946,CP-AP-r000:S-P04-S11:GS03:p0010,west,7,0,5
6947,CP-AP-r000:S-P04-S11:GS03:p0011,west,6,0,6
6948,CP-AP-r000:S-P04-S11:GS03:p0012,west,8,0,0
6949,CP-AP-r000:S-P04-S11:GS04:p0001,east,0,7,6
6950,CP-AP-r000:S-P04-S11:GS04:p0002,east,0,4,6
6951,CP-AP-r000:S-P04-S11:GS04:p0003,east,0,5,2
6952,CP-AP-r000:S-P04-S11:GS04:p0004,east,0,4,6
6953,CP-AP-r000:S-P04-S11:GS04:p0005,east,0,6,5
6954,CP-AP-r000:S-P04-S11:GS04:p0006,east,0,8,6
6955,CP-AP-r000:S-P04-S11:GS04:p0007,east,0,6,1
6956,CP-AP-r000:S-P04-S11:GS04:p0008,east,0,6,6
6957,CP-AP-r000:S-P04-S11:GS04:p0009,east,0,7,4
6958,CP-AP-r000:S-P04-S11:GS04:p0010,east,0,7,6
6959,CP-AP-r000:S-P04-S11:GS04:p0011,east,0,6,6
6960,CP-AP-r000:S-P04-S11:GS05:p0001,east,0,7,0
6961,CP-AP-r000:S-P04-S11:GS05:p0002,east,0,5,6
6962,CP-AP-r000:S-P04-S11:GS05:p0003,east,0,6,2
6963,CP-AP-r000:S-P04-S11:GS05:p0004,east,0,6,6
6964,CP-AP-r000:S-P04-S11:GS05:p0005,east,0,7,5
6965,CP-AP-r000:S-P04-S11:GS05:p0006,east,0,6,1
6966,CP-AP-r000:S-P04-S11:GS05:p0007,east,0,6,6
6967,CP-AP-r000:S-P04-S11:GS05:p0008,east,0,7,4
6968,CP-AP-r000:S-P04-S11:GS05:p0009,east,0,4,6
6969,CP-AP-r000:S-P04-S11:GS05:p0010,east,0,6,1
6970,CP-AP-r000:S-P04-S11:GS05:p0011,east,0,5,6
6971,CP-AP-r000:S-P04-S11:GS06:p0001,east,0,7,0
6972,CP-AP-r000:S-P04-S11:GS06:p0002,east,0,7,6
6973,CP-AP-r000:S-P04-S11:GS06:p0003,east,0,6,2
6974,CP-AP-r000:S-P04-S11:GS06:p0004,east,0,6,6
6975,CP-AP-r000:S-P04-S11:GS06:p0005,east,0,8,0
6976,CP-AP-r000:S-P04-S11:GS06:p0006,east,0,6,5
6977,CP-AP-r000:S-P04-S11:GS06:p0007,east,0,6,1
6978,CP-AP-r000:S-P04-S11:GS06:p0008,east,0,6,6
6979,CP-AP-r000:S-P04-S11:GS06:p0009,east,0,6,0
6980,CP-AP-r000:S-P04-S11:GS06:p0010,east,0,6,4
6981,CP-AP-r000:S-P04-S11:GS06:p0011,east,0,6,1
6982,CP-AP-r000:S-P04-S11:GS06:p0012,east,0,6,6
6983,CP-AP-r000:S-P04-S11:GS06:p0013,east,0,7,0
6984,CP-AP-r000:S-P04-S11:GS07:p0001,west,7,0,6
6985,CP-AP-r000:S-P04-S11:GS07:p0002,west,7,0,3
6986,CP-AP-r000:S-P04-S11:GS07:p0003,west,8,0,0
6987,CP-AP-r000:S-P04-S11:GS07:p0004,west,7,0,6
6988,CP-AP-r000:S-P04-S11:GS07:p0005,west,10,0,0
6989,CP-AP-r000:S-P04-S11:GS07:p0006,west,7,0,4
6990,CP-AP-r000:S-P04-S11:GS07:p0007,west,8,0,0
6991,CP-AP-r000:S-P04-S11:GS07:p0008,west,7,0,6
6992,CP-AP-r000:S-P04-S11:GS07:p0009,west,9,0,0
6993,CP-AP-r000:S-P04-S11:GS07:p0010,west,7,0,5
6994,CP-AP-r000:S-P04-S11:GS07:p0011,west,9,0,0
6995,CP-AP-r000:S-P04-S11:GS07:p0012,west,7,0,6
6996,CP-AP-r000:S-P04-S11:GS07:p0013,west,7,0,0
6997,CP-AP-r000:S-P04-S11:GS08:p0001,west,10,0,6
6998,CP-AP-r000:S-P04-S11:GS08:p0002,west,8,0,3
6999,CP-AP-r000:S-P04-S11:GS08:p0003,west,7,0,6
7000,CP-AP-r000:S-P04-S11:GS08:p0004,west,8,0,6
7001,CP-AP-r000:S-P04-S11:GS08:p0005,west,8,0,0
7002,CP-AP-r000:S-P04-S11:GS08:p0006,west,9,0,6
7003,CP-AP-r000:S-P04-S11:GS08:p0007,west,8,0,4
7004,CP-AP-r000:S-P04-S11:GS08:p0008,west,8,0,6
7005,CP-AP-r000:S-P04-S11:GS08:p0009,west,10,0,0
7006,CP-AP-r000:S-P04-S11:GS08:p0010,west,8,0,6
7007,CP-AP-r000:S-P04-S11:GS08:p0011,west,8,0,5
7008,CP-AP-r000:S-P04-S11:GS08:p0012,west,7,0,0
7009,CP-AP-r000:S-P04-S11:GS08:p0013,west,8,0,6
7010,CP-AP-r000:S-P04-S11:GS08:p0014,west,10,0,0
7011,CP-AP-r000:S-P04-S11:GS09:p0001,west,9,0,6
7012,CP-AP-r000:S-P04-S11:GS09:p0002,west,8,0,3
7013,CP-AP-r000:S-P04-S11:GS09:p0003,west,8,0,6
7014,CP-AP-r000:S-P04-S11:GS09:p0004,west,7,0,6
7015,CP-AP-r000:S-P04-S11:GS09:p0005,west,11,0,6
7016,CP-AP-r000:S-P04-S11:GS09:p0006,west,8,0,4
7017,CP-AP-r000:S-P04-S11:GS09:p0007,west,5,0,6
7018,CP-AP-r000:S-P04-S11:GS09:p0008,west,7,0,6
7019,CP-AP-r000:S-P04-S11:GS09:p0009,west,10,0,6
7020,CP-AP-r000:S-P04-S11:GS09:p0010,west,8,0,5
7021,CP-AP-r000:S-P04-S11:GS09:p0011,west,5,0,5
7022,CP-AP-r000:S-P04-S11:GS09:p0012,west,8,0,6
7023,CP-AP-r000:S-P04-S11:GS09:p0013,west,10,0,0
7024,CP-AP-r000:S-P04-S11:GS10:p0001,east,0,8,6
7025,CP-AP-r000:S-P04-S11:GS10:p0002,east,0,9,6
7026,CP-AP-r000:S-P04-S11:GS10:p0003,east,0,7,2
7027,CP-AP-r000:S-P04-S11:GS10:p0004,east,0,7,6
7028,CP-AP-r000:S-P04-S11:GS10:p0005,east,0,8,5
7029,CP-AP-r000:S-P04-S11:GS10:p0006,east,0,8,6
7030,CP-AP-r000:S-P04-S11:GS10:p0007,east,0,7,1
7031,CP-AP-r000:S-P04-S11:GS10:p0008,east,0,8,6
7032,CP-AP-r000:S-P04-S11:GS10:p0009,east,0,9,4
7033,CP-AP-r000:S-P04-S11:GS10:p0010,east,0,8,6
7034,CP-AP-r000:S-P04-S11:GS10:p0011,east,0,9,1
7035,CP-AP-r000:S-P04-S11:GS10:p0012,east,0,8,6
7036,CP-AP-r000:S-P04-S11:GS11:p0001,east,0,7,6
7037,CP-AP-r000:S-P04-S11:GS11:p0002,east,0,8,6
7038,CP-AP-r000:S-P04-S11:GS11:p0003,east,0,7,2
7039,CP-AP-r000:S-P04-S11:GS11:p0004,east,0,9,6
7040,CP-AP-r000:S-P04-S11:GS11:p0005,east,0,7,5
7041,CP-AP-r000:S-P04-S11:GS11:p0006,east,0,9,6
7042,CP-AP-r000:S-P04-S11:GS11:p0007,east,0,7,1
7043,CP-AP-r000:S-P04-S11:GS11:p0008,east,0,7,6
7044,CP-AP-r000:S-P04-S11:GS11:p0009,east,0,8,4
7045,CP-AP-r000:S-P04-S11:GS11:p0010,east,0,10,6
7046,CP-AP-r000:S-P04-S11:GS11:p0011,east,0,7,1
7047,CP-AP-r000:S-P04-S11:GS11:p0012,east,0,7,6
7048,CP-AP-r000:S-P04-S11:GS12:p0001,east,0,8,0
7049,CP-AP-r000:S-P04-S11:GS12:p0002,east,0,8,6
7050,CP-AP-r000:S-P04-S11:GS12:p0003,east,0,8,2
7051,CP-AP-r000:S-P04-S11:GS12:p0004,east,0,10,6
7052,CP-AP-r000:S-P04-S11:GS12:p0005,east,0,8,0
7053,CP-AP-r000:S-P04-S11:GS12:p0006,east,0,8,5
7054,CP-AP-r000:S-P04-S11:GS12:p0007,east,0,6,6
7055,CP-AP-r000:S-P04-S11:GS12:p0008,east,0,8,1
7056,CP-AP-r000:S-P04-S11:GS12:p0009,east,0,10,6
7057,CP-AP-r000:S-P04-S11:GS12:p0010,east,0,7,0
7058,CP-AP-r000:S-P04-S11:GS12:p0011,east,0,7,4
7059,CP-AP-r000:S-P04-S11:GS12:p0012,east,0,7,6
7060,CP-AP-r000:S-P04-S11:GS12:p0013,east,0,7,1
7061,CP-AP-r000:S-P04-S11:GS12:p0014,east,0,10,6
7062,CP-AP-r000:S-P04-S12:GS01:p0001,west,6,0,6
7063,CP-AP-r000:S-P04-S12:GS01:p0002,west,5,0,3
7064,CP-AP-r000:S-P04-S12:GS01:p0003,west,7,0,6
7065,CP-AP-r000:S-P04-S12:GS01:p0004,west,7,0,0
7066,CP-AP-r000:S-P04-S12:GS01:p0005,west,7,0,6
7067,CP-AP-r000:S-P04-S12:GS01:p0006,west,5,0,4
7068,CP-AP-r000:S-P04-S12:GS01:p0007,west,7,0,6
7069,CP-AP-r000:S-P04-S12:GS01:p0008,west,7,0,0
7070,CP-AP-r000:S-P04-S12:GS01:p0009,west,5,0,5
7071,CP-AP-r000:S-P04-S12:GS01:p0010,west,7,0,6
7072,CP-AP-r000:S-P04-S12:GS01:p0011,west,7,0,0
7073,CP-AP-r000:S-P04-S12:GS02:p0001,west,6,0,6
7074,CP-AP-r000:S-P04-S12:GS02:p0002,west,6,0,3
7075,CP-AP-r000:S-P04-S12:GS02:p0003,west,6,0,6
7076,CP-AP-r000:S-P04-S12:GS02:p0004,west,8,0,0
7077,CP-AP-r000:S-P04-S12:GS02:p0005,west,7,0,6
7078,CP-AP-r000:S-P04-S12:GS02:p0006,west,6,0,4
7079,CP-AP-r000:S-P04-S12:GS02:p0007,west,7,0,6
7080,CP-AP-r000:S-P04-S12:GS02:p0008,west,7,0,0
7081,CP-AP-r000:S-P04-S12:GS02:p0009,west,8,0,6
7082,CP-AP-r000:S-P04-S12:GS02:p0010,west,6,0,5
7083,CP-AP-r000:S-P04-S12:GS02:p0011,west,7,0,6
7084,CP-AP-r000:S-P04-S12:GS02:p0012,west,7,0,0
7085,CP-AP-r000:S-P04-S12:GS03:p0001,west,6,0,6
7086,CP-AP-r000:S-P04-S12:GS03:p0002,west,6,0,3
7087,CP-AP-r000:S-P04-S12:GS03:p0003,west,7,0,6
7088,CP-AP-r000:S-P04-S12:GS03:p0004,west,7,0,0
7089,CP-AP-r000:S-P04-S12:GS03:p0005,west,6,0,6
7090,CP-AP-r000:S-P04-S12:GS03:p0006,west,6,0,4
7091,CP-AP-r000:S-P04-S12:GS03:p0007,west,5,0,6
7092,CP-AP-r000:S-P04-S12:GS03:p0008,west,6,0,0
7093,CP-AP-r000:S-P04-S12:GS03:p0009,west,6,0,6
7094,CP-AP-r000:S-P04-S12:GS03:p0010,west,6,0,5
7095,CP-AP-r000:S-P04-S12:GS03:p0011,west,6,0,6
7096,CP-AP-r000:S-P04-S12:GS03:p0012,west,8,0,0
7097,CP-AP-r000:S-P04-S12:GS04:p0001,east,0,6,6
7098,CP-AP-r000:S-P04-S12:GS04:p0002,east,0,5,6
7099,CP-AP-r000:S-P04-S12:GS04:p0003,east,0,6,1
7100,CP-AP-r000:S-P04-S12:GS04:p0004,east,0,6,6
7101,CP-AP-r000:S-P04-S12:GS04:p0005,east,0,5,5
7102,CP-AP-r000:S-P04-S12:GS04:p0006,east,0,6,6
7103,CP-AP-r000:S-P04-S12:GS04:p0007,east,0,4,1
7104,CP-AP-r000:S-P04-S12:GS04:p0008,east,0,7,6
7105,CP-AP-r000:S-P04-S12:GS04:p0009,east,0,6,4
7106,CP-AP-r000:S-P04-S12:GS04:p0010,east,0,6,6
7107,CP-AP-r000:S-P04-S12:GS04:p0011,east,0,7,6
7108,CP-AP-r000:S-P04-S12:GS05:p0001,east,0,6,0
7109,CP-AP-r000:S-P04-S12:GS05:p0002,east,0,4,6
7110,CP-AP-r000:S-P04-S12:GS05:p0003,east,0,7,1
7111,CP-AP-r000:S-P04-S12:GS05:p0004,east,0,7,6
7112,CP-AP-r000:S-P04-S12:GS05:p0005,east,0,6,5
7113,CP-AP-r000:S-P04-S12:GS05:p0006,east,0,7,1
7114,CP-AP-r000:S-P04-S12:GS05:p0007,east,0,7,6
7115,CP-AP-r000:S-P04-S12:GS05:p0008,east,0,6,4
7116,CP-AP-r000:S-P04-S12:GS05:p0009,east,0,6,6
7117,CP-AP-r000:S-P04-S12:GS05:p0010,east,0,8,1
7118,CP-AP-r000:S-P04-S12:GS05:p0011,east,0,6,6
7119,CP-AP-r000:S-P04-S12:GS06:p0001,east,0,7,0
7120,CP-AP-r000:S-P04-S12:GS06:p0002,east,0,6,6
7121,CP-AP-r000:S-P04-S12:GS06:p0003,east,0,7,1
7122,CP-AP-r000:S-P04-S12:GS06:p0004,east,0,7,6
7123,CP-AP-r000:S-P04-S12:GS06:p0005,east,0,8,0
7124,CP-AP-r000:S-P04-S12:GS06:p0006,east,0,6,5
7125,CP-AP-r000:S-P04-S12:GS06:p0007,east,0,7,1
7126,CP-AP-r000:S-P04-S12:GS06:p0008,east,0,7,6
7127,CP-AP-r000:S-P04-S12:GS06:p0009,east,0,6,0
7128,CP-AP-r000:S-P04-S12:GS06:p0010,east,0,5,4
7129,CP-AP-r000:S-P04-S12:GS06:p0011,east,0,7,1
7130,CP-AP-r000:S-P04-S12:GS06:p0012,east,0,7,6
7131,CP-AP-r000:S-P04-S12:GS06:p0013,east,0,7,0
7132,CP-AP-r000:S-P04-S12:GS07:p0001,west,9,0,6
7133,CP-AP-r000:S-P04-S12:GS07:p0002,west,8,0,3
7134,CP-AP-r000:S-P04-S12:GS07:p0003,west,7,0,0
7135,CP-AP-r000:S-P04-S12:GS07:p0004,west,8,0,6
7136,CP-AP-r000:S-P04-S12:GS07:p0005,west,10,0,0
7137,CP-AP-r000:S-P04-S12:GS07:p0006,west,8,0,4
7138,CP-AP-r000:S-P04-S12:GS07:p0007,west,8,0,0
7139,CP-AP-r000:S-P04-S12:GS07:p0008,west,8,0,6
7140,CP-AP-r000:S-P04-S12:GS07:p0009,west,10,0,0
7141,CP-AP-r000:S-P04-S12:GS07:p0010,west,7,0,5
7142,CP-AP-r000:S-P04-S12:GS07:p0011,west,9,0,0
7143,CP-AP-r000:S-P04-S12:GS07:p0012,west,8,0,6
7144,CP-AP-r000:S-P04-S12:GS07:p0013,west,8,0,0
7145,CP-AP-r000:S-P04-S12:GS08:p0001,west,10,0,6
7146,CP-AP-r000:S-P04-S12:GS08:p0002,west,8,0,3
7147,CP-AP-r000:S-P04-S12:GS08:p0003,west,8,0,6
7148,CP-AP-r000:S-P04-S12:GS08:p0004,west,7,0,0
7149,CP-AP-r000:S-P04-S12:GS08:p0005,west,10,0,6
7150,CP-AP-r000:S-P04-S12:GS08:p0006,west,8,0,4
7151,CP-AP-r000:S-P04-S12:GS08:p0007,west,8,0,6
7152,CP-AP-r000:S-P04-S12:GS08:p0008,west,9,0,0
7153,CP-AP-r000:S-P04-S12:GS08:p0009,west,10,0,6
7154,CP-AP-r000:S-P04-S12:GS08:p0010,west,8,0,5
7155,CP-AP-r000:S-P04-S12:GS08:p0011,west,5,0,0
7156,CP-AP-r000:S-P04-S12:GS08:p0012,west,8,0,6
7157,CP-AP-r000:S-P04-S12:GS08:p0013,west,10,0,0
7158,CP-AP-r000:S-P04-S12:GS09:p0001,west,8,0,6
7159,CP-AP-r000:S-P04-S12:GS09:p0002,west,7,0,3
7160,CP-AP-r000:S-P04-S12:GS09:p0003,west,9,0,6
7161,CP-AP-r000:S-P04-S12:GS09:p0004,west,7,0,6
7162,CP-AP-r000:S-P04-S12:GS09:p0005,west,10,0,6
7163,CP-AP-r000:S-P04-S12:GS09:p0006,west,8,0,4
7164,CP-AP-r000:S-P04-S12:GS09:p0007,west,6,0,6
7165,CP-AP-r000:S-P04-S12:GS09:p0008,west,7,0,6
7166,CP-AP-r000:S-P04-S12:GS09:p0009,west,9,0,0
7167,CP-AP-r000:S-P04-S12:GS09:p0010,west,10,0,6
7168,CP-AP-r000:S-P04-S12:GS09:p0011,west,8,0,5
7169,CP-AP-r000:S-P04-S12:GS09:p0012,west,7,0,5
7170,CP-AP-r000:S-P04-S12:GS09:p0013,west,8,0,6
7171,CP-AP-r000:S-P04-S12:GS09:p0014,west,9,0,0
7172,CP-AP-r000:S-P04-S12:GS10:p0001,east,0,8,6
7173,CP-AP-r000:S-P04-S12:GS10:p0002,east,0,7,6
7174,CP-AP-r000:S-P04-S12:GS10:p0003,east,0,8,1
7175,CP-AP-r000:S-P04-S12:GS10:p0004,east,0,8,6
7176,CP-AP-r000:S-P04-S12:GS10:p0005,east,0,7,5
7177,CP-AP-r000:S-P04-S12:GS10:p0006,east,0,7,6
7178,CP-AP-r000:S-P04-S12:GS10:p0007,east,0,10,1
7179,CP-AP-r000:S-P04-S12:GS10:p0008,east,0,8,6
7180,CP-AP-r000:S-P04-S12:GS10:p0009,east,0,7,4
7181,CP-AP-r000:S-P04-S12:GS10:p0010,east,0,7,6
7182,CP-AP-r000:S-P04-S12:GS10:p0011,east,0,9,1
7183,CP-AP-r000:S-P04-S12:GS10:p0012,east,0,8,6
7184,CP-AP-r000:S-P04-S12:GS11:p0001,east,0,8,6
7185,CP-AP-r000:S-P04-S12:GS11:p0002,east,0,7,6
7186,CP-AP-r000:S-P04-S12:GS11:p0003,east,0,8,1
7187,CP-AP-r000:S-P04-S12:GS11:p0004,east,0,10,6
7188,CP-AP-r000:S-P04-S12:GS11:p0005,east,0,7,5
7189,CP-AP-r000:S-P04-S12:GS11:p0006,east,0,8,6
7190,CP-AP-r000:S-P04-S12:GS11:p0007,east,0,8,1
7191,CP-AP-r000:S-P04-S12:GS11:p0008,east,0,8,6
7192,CP-AP-r000:S-P04-S12:GS11:p0009,east,0,8,4
7193,CP-AP-r000:S-P04-S12:GS11:p0010,east,0,8,6
7194,CP-AP-r000:S-P04-S12:GS11:p0011,east,0,8,1
7195,CP-AP-r000:S-P04-S12:GS11:p0012,east,0,8,6
7196,CP-AP-r000:S-P04-S12:GS12:p0001,east,0,8,0
7197,CP-AP-r000:S-P04-S12:GS12:p0002,east,0,8,6
7198,CP-AP-r000:S-P04-S12:GS12:p0003,east,0,8,1
7199,CP-AP-r000:S-P04-S12:GS12:p0004,east,0,9,6
7200,CP-AP-r000:S-P04-S12:GS12:p0005,east,0,10,0
7201,CP-AP-r000:S-P04-S12:GS12:p0006,east,0,8,5
7202,CP-AP-r000:S-P04-S12:GS12:p0007,east,0,5,6
7203,CP-AP-r000:S-P04-S12:GS12:p0008,east,0,8,1
7204,CP-AP-r000:S-P04-S12:GS12:p0009,east,0,10,6
7205,CP-AP-r000:S-P04-S12:GS12:p0010,east,0,9,0
7206,CP-AP-r000:S-P04-S12:GS12:p0011,east,0,8,4
7207,CP-AP-r000:S-P04-S12:GS12:p0012,east,0,6,6
7208,CP-AP-r000:S-P04-S12:GS12:p0013,east,0,8,1
7209,CP-AP-r000:S-P04-S12:GS12:p0014,east,0,10,6
7210,CP-AP-r000:S-P05-S01:GS01:p0001,west,7,0,5
7211,CP-AP-r000:S-P05-S01:GS01:p0002,west,6,0,6
7212,CP-AP-r000:S-P05-S01:GS01:p0003,west,7,0,0
7213,CP-AP-r000:S-P05-S01:GS01:p0004,west,7,0,5
7214,CP-AP-r000:S-P05-S01:GS01:p0005,west,4,0,0
7215,CP-AP-r000:S-P05-S01:GS01:p0006,west,5,0,6
7216,CP-AP-r000:S-P05-S01:GS01:p0007,west,8,0,1
7217,CP-AP-r000:S-P05-S01:GS01:p0008,west,7,0,5
7218,CP-AP-r000:S-P05-S01:GS01:p0009,west,6,0,0
7219,CP-AP-r000:S-P05-S01:GS01:p0010,west,6,0,6
7220,CP-AP-r000:S-P05-S01:GS01:p0011,west,7,0,2
7221,CP-AP-r000:S-P05-S01:GS02:p0001,west,8,0,6
7222,CP-AP-r000:S-P05-S01:GS02:p0002,west,6,0,5
7223,CP-AP-r000:S-P05-S01:GS02:p0003,west,6,0,6
7224,CP-AP-r000:S-P05-S01:GS02:p0004,west,7,0,0
7225,CP-AP-r000:S-P05-S01:GS02:p0005,west,6,0,6
7226,CP-AP-r000:S-P05-S01:GS02:p0006,west,5,0,5
7227,CP-AP-r000:S-P05-S01:GS02:p0007,west,6,0,6
7228,CP-AP-r000:S-P05-S01:GS02:p0008,west,7,0,1
7229,CP-AP-r000:S-P05-S01:GS02:p0009,west,7,0,6
7230,CP-AP-r000:S-P05-S01:GS02:p0010,west,7,0,5
7231,CP-AP-r000:S-P05-S01:GS02:p0011,west,6,0,6
7232,CP-AP-r000:S-P05-S01:GS02:p0012,west,7,0,2
7233,CP-AP-r000:S-P05-S01:GS03:p0001,west,7,0,6
7234,CP-AP-r000:S-P05-S01:GS03:p0002,west,7,0,5
7235,CP-AP-r000:S-P05-S01:GS03:p0003,west,6,0,6
7236,CP-AP-r000:S-P05-S01:GS03:p0004,west,8,0,0
7237,CP-AP-r000:S-P05-S01:GS03:p0005,west,7,0,6
7238,CP-AP-r000:S-P05-S01:GS03:p0006,west,7,0,5
7239,CP-AP-r000:S-P05-S01:GS03:p0007,west,6,0,6
7240,CP-AP-r000:S-P05-S01:GS03:p0008,west,7,0,1
7241,CP-AP-r000:S-P05-S01:GS03:p0009,west,8,0,6
7242,CP-AP-r000:S-P05-S01:GS03:p0010,west,6,0,5
7243,CP-AP-r000:S-P05-S01:GS03:p0011,west,6,0,6
7244,CP-AP-r000:S-P05-S01:GS03:p0012,west,7,0,2
7245,CP-AP-r000:S-P05-S01:GS04:p0001,east,0,7,4
7246,CP-AP-r000:S-P05-S01:GS04:p0002,east,0,7,6
7247,CP-AP-r000:S-P05-S01:GS04:p0003,east,0,7,6
7248,CP-AP-r000:S-P05-S01:GS04:p0004,east,0,7,3
7249,CP-AP-r000:S-P05-S01:GS04:p0005,east,0,7,6
7250,CP-AP-r000:S-P05-S01:GS04:p0006,east,0,6,6
7251,CP-AP-r000:S-P05-S01:GS04:p0007,east,0,7,6
7252,CP-AP-r000:S-P05-S01:GS04:p0008,east,0,7,3
7253,CP-AP-r000:S-P05-S01:GS04:p0009,east,0,7,6
7254,CP-AP-r000:S-P05-S01:GS04:p0010,east,0,4,6
7255,CP-AP-r000:S-P05-S01:GS04:p0011,east,0,7,6
7256,CP-AP-r000:S-P05-S01:GS05:p0001,east,0,7,4
7257,CP-AP-r000:S-P05-S01:GS05:p0002,east,0,4,6
7258,CP-AP-r000:S-P05-S01:GS05:p0003,east,0,7,1
7259,CP-AP-r000:S-P05-S01:GS05:p0004,east,0,8,6
7260,CP-AP-r000:S-P05-S01:GS05:p0005,east,0,7,3
7261,CP-AP-r000:S-P05-S01:GS05:p0006,east,0,6,6
7262,CP-AP-r000:S-P05-S01:GS05:p0007,east,0,5,0
7263,CP-AP-r000:S-P05-S01:GS05:p0008,east,0,7,6
7264,CP-AP-r000:S-P05-S01:GS05:p0009,east,0,6,3
7265,CP-AP-r000:S-P05-S01:GS05:p0010,east,0,8,6
7266,CP-AP-r000:S-P05-S01:GS05:p0011,east,0,6,0
7267,CP-AP-r000:S-P05-S01:GS05:p0012,east,0,7,6
7268,CP-AP-r000:S-P05-S01:GS06:p0001,east,0,6,0
7269,CP-AP-r000:S-P05-S01:GS06:p0002,east,0,5,4
7270,CP-AP-r000:S-P05-S01:GS06:p0003,east,0,6,1
7271,CP-AP-r000:S-P05-S01:GS06:p0004,east,0,7,6
7272,CP-AP-r000:S-P05-S01:GS06:p0005,east,0,7,0
7273,CP-AP-r000:S-P05-S01:GS06:p0006,east,0,7,3
7274,CP-AP-r000:S-P05-S01:GS06:p0007,east,0,6,0
7275,CP-AP-r000:S-P05-S01:GS06:p0008,east,0,7,6
7276,CP-AP-r000:S-P05-S01:GS06:p0009,east,0,7,3
7277,CP-AP-r000:S-P05-S01:GS06:p0010,east,0,6,0
7278,CP-AP-r000:S-P05-S01:GS06:p0011,east,0,7,6
7279,CP-AP-r000:S-P05-S01:GS07:p0001,west,8,0,5
7280,CP-AP-r000:S-P05-S01:GS07:p0002,west,9,0,0
7281,CP-AP-r000:S-P05-S01:GS07:p0003,west,7,0,6
7282,CP-AP-r000:S-P05-S01:GS07:p0004,west,8,0,0
7283,CP-AP-r000:S-P05-S01:GS07:p0005,west,8,0,5
7284,CP-AP-r000:S-P05-S01:GS07:p0006,west,10,0,0
7285,CP-AP-r000:S-P05-S01:GS07:p0007,west,7,0,6
7286,CP-AP-r000:S-P05-S01:GS07:p0008,west,7,0,1
7287,CP-AP-r000:S-P05-S01:GS07:p0009,west,8,0,5
7288,CP-AP-r000:S-P05-S01:GS07:p0010,west,8,0,0
7289,CP-AP-r000:S-P05-S01:GS07:p0011,west,7,0,6
7290,CP-AP-r000:S-P05-S01:GS07:p0012,west,8,0,2
7291,CP-AP-r000:S-P05-S01:GS08:p0001,west,8,0,6
7292,CP-AP-r000:S-P05-S01:GS08:p0002,west,8,0,5
7293,CP-AP-r000:S-P05-S01:GS08:p0003,west,7,0,0
7294,CP-AP-r000:S-P05-S01:GS08:p0004,west,7,0,6
7295,CP-AP-r000:S-P05-S01:GS08:p0005,west,8,0,0
7296,CP-AP-r000:S-P05-S01:GS08:p0006,west,7,0,5
7297,CP-AP-r000:S-P05-S01:GS08:p0007,west,6,0,0
7298,CP-AP-r000:S-P05-S01:GS08:p0008,west,7,0,6
7299,CP-AP-r000:S-P05-S01:GS08:p0009,west,8,0,1
7300,CP-AP-r000:S-P05-S01:GS08:p0010,west,7,0,5
7301,CP-AP-r000:S-P05-S01:GS08:p0011,west,9,0,0
7302,CP-AP-r000:S-P05-S01:GS08:p0012,west,7,0,6
7303,CP-AP-r000:S-P05-S01:GS08:p0013,west,8,0,2
7304,CP-AP-r000:S-P05-S01:GS09:p0001,west,10,0,6
7305,CP-AP-r000:S-P05-S01:GS09:p0002,west,8,0,5
7306,CP-AP-r000:S-P05-S01:GS09:p0003,west,5,0,5
7307,CP-AP-r000:S-P05-S01:GS09:p0004,west,8,0,6
7308,CP-AP-r000:S-P05-S01:GS09:p0005,west,8,0,0
7309,CP-AP-r000:S-P05-S01:GS09:p0006,west,9,0,6
7310,CP-AP-r000:S-P05-S01:GS09:p0007,west,8,0,5
7311,CP-AP-r000:S-P05-S01:GS09:p0008,west,8,0,6
7312,CP-AP-r000:S-P05-S01:GS09:p0009,west,8,0,1
7313,CP-AP-r000:S-P05-S01:GS09:p0010,west,8,0,6
7314,CP-AP-r000:S-P05-S01:GS09:p0011,west,8,0,5
7315,CP-AP-r000:S-P05-S01:GS09:p0012,west,7,0,0
7316,CP-AP-r000:S-P05-S01:GS09:p0013,west,8,0,6
7317,CP-AP-r000:S-P05-S01:GS09:p0014,west,8,0,2
7318,CP-AP-r000:S-P05-S01:GS10:p0001,east,0,9,4
7319,CP-AP-r000:S-P05-S01:GS10:p0002,east,0,8,6
7320,CP-AP-r000:S-P05-S01:GS10:p0003,east,0,8,1
7321,CP-AP-r000:S-P05-S01:GS10:p0004,east,0,9,6
7322,CP-AP-r000:S-P05-S01:GS10:p0005,east,0,10,3
7323,CP-AP-r000:S-P05-S01:GS10:p0006,east,0,8,6
7324,CP-AP-r000:S-P05-S01:GS10:p0007,east,0,7,0
7325,CP-AP-r000:S-P05-S01:GS10:p0008,east,0,7,6
7326,CP-AP-r000:S-P05-S01:GS10:p0009,east,0,10,3
7327,CP-AP-r000:S-P05-S01:GS10:p0010,east,0,8,6
7328,CP-AP-r000:S-P05-S01:GS10:p0011,east,0,7,0
7329,CP-AP-r000:S-P05-S01:GS10:p0012,east,0,7,6
7330,CP-AP-r000:S-P05-S01:GS10:p0013,east,0,8,6
7331,CP-AP-r000:S-P05-S01:GS11:p0001,east,0,8,4
7332,CP-AP-r000:S-P05-S01:GS11:p0002,east,0,10,6
7333,CP-AP-r000:S-P05-S01:GS11:p0003,east,0,7,1
7334,CP-AP-r000:S-P05-S01:GS11:p0004,east,0,7,6
7335,CP-AP-r000:S-P05-S01:GS11:p0005,east,0,8,3
7336,CP-AP-r000:S-P05-S01:GS11:p0006,east,0,8,6
7337,CP-AP-r000:S-P05-S01:GS11:p0007,east,0,7,0
7338,CP-AP-r000:S-P05-S01:GS11:p0008,east,0,7,6
7339,CP-AP-r000:S-P05-S01:GS11:p0009,east,0,8,3
7340,CP-AP-r000:S-P05-S01:GS11:p0010,east,0,8,6
7341,CP-AP-r000:S-P05-S01:GS11:p0011,east,0,8,0
7342,CP-AP-r000:S-P05-S01:GS11:p0012,east,0,8,6
7343,CP-AP-r000:S-P05-S01:GS12:p0001,east,0,7,0
7344,CP-AP-r000:S-P05-S01:GS12:p0002,east,0,7,4
7345,CP-AP-r000:S-P05-S01:GS12:p0003,east,0,7,6
7346,CP-AP-r000:S-P05-S01:GS12:p0004,east,0,7,1
7347,CP-AP-r000:S-P05-S01:GS12:p0005,east,0,9,6
7348,CP-AP-r000:S-P05-S01:GS12:p0006,east,0,7,3
7349,CP-AP-r000:S-P05-S01:GS12:p0007,east,0,8,6
7350,CP-AP-r000:S-P05-S01:GS12:p0008,east,0,7,0
7351,CP-AP-r000:S-P05-S01:GS12:p0009,east,0,8,6
7352,CP-AP-r000:S-P05-S01:GS12:p0010,east,0,8,3
7353,CP-AP-r000:S-P05-S01:GS12:p0011,east,0,9,6
7354,CP-AP-r000:S-P05-S01:GS12:p0012,east,0,7,0
7355,CP-AP-r000:S-P05-S01:GS12:p0013,east,0,8,6
7356,CP-AP-r000:S-P05-S02:GS01:p0001,west,6,0,5
7357,CP-AP-r000:S-P05-S02:GS01:p0002,west,7,0,6
7358,CP-AP-r000:S-P05-S02:GS01:p0003,west,6,0,0
7359,CP-AP-r000:S-P05-S02:GS01:p0004,west,6,0,5
7360,CP-AP-r000:S-P05-S02:GS01:p0005,west,6,0,0
7361,CP-AP-r000:S-P05-S02:GS01:p0006,west,6,0,6
7362,CP-AP-r000:S-P05-S02:GS01:p0007,west,7,0,1
7363,CP-AP-r000:S-P05-S02:GS01:p0008,west,5,0,5
7364,CP-AP-r000:S-P05-S02:GS01:p0009,west,5,0,0
7365,CP-AP-r000:S-P05-S02:GS01:p0010,west,4,0,6
7366,CP-AP-r000:S-P05-S02:GS01:p0011,west,7,0,2
7367,CP-AP-r000:S-P05-S02:GS02:p0001,west,8,0,6
7368,CP-AP-r000:S-P05-S02:GS02:p0002,west,6,0,5
7369,CP-AP-r000:S-P05-S02:GS02:p0003,west,7,0,6
7370,CP-AP-r000:S-P05-S02:GS02:p0004,west,6,0,0
7371,CP-AP-r000:S-P05-S02:GS02:p0005,west,6,0,6
7372,CP-AP-r000:S-P05-S02:GS02:p0006,west,4,0,5
7373,CP-AP-r000:S-P05-S02:GS02:p0007,west,7,0,6
7374,CP-AP-r000:S-P05-S02:GS02:p0008,west,6,0,1
7375,CP-AP-r000:S-P05-S02:GS02:p0009,west,6,0,5
7376,CP-AP-r000:S-P05-S02:GS02:p0010,west,7,0,6
7377,CP-AP-r000:S-P05-S02:GS02:p0011,west,6,0,2
7378,CP-AP-r000:S-P05-S02:GS03:p0001,west,6,0,6
7379,CP-AP-r000:S-P05-S02:GS03:p0002,west,6,0,5
7380,CP-AP-r000:S-P05-S02:GS03:p0003,west,6,0,6
7381,CP-AP-r000:S-P05-S02:GS03:p0004,west,6,0,0
7382,CP-AP-r000:S-P05-S02:GS03:p0005,west,6,0,6
7383,CP-AP-r000:S-P05-S02:GS03:p0006,west,6,0,5
7384,CP-AP-r000:S-P05-S02:GS03:p0007,west,7,0,6
7385,CP-AP-r000:S-P05-S02:GS03:p0008,west,6,0,1
7386,CP-AP-r000:S-P05-S02:GS03:p0009,west,7,0,6
7387,CP-AP-r000:S-P05-S02:GS03:p0010,west,6,0,5
7388,CP-AP-r000:S-P05-S02:GS03:p0011,west,7,0,6
7389,CP-AP-r000:S-P05-S02:GS03:p0012,west,6,0,2
7390,CP-AP-r000:S-P05-S02:GS04:p0001,east,0,6,4
7391,CP-AP-r000:S-P05-S02:GS04:p0002,east,0,6,6
7392,CP-AP-r000:S-P05-S02:GS04:p0003,east,0,7,6
7393,CP-AP-r000:S-P05-S02:GS04:p0004,east,0,6,3
7394,CP-AP-r000:S-P05-S02:GS04:p0005,east,0,6,6
7395,CP-AP-r000:S-P05-S02:GS04:p0006,east,0,7,6
7396,CP-AP-r000:S-P05-S02:GS04:p0007,east,0,6,6
7397,CP-AP-r000:S-P05-S02:GS04:p0008,east,0,6,2
7398,CP-AP-r000:S-P05-S02:GS04:p0009,east,0,6,6
7399,CP-AP-r000:S-P05-S02:GS04:p0010,east,0,5,6
7400,CP-AP-r000:S-P05-S02:GS04:p0011,east,0,5,6
7401,CP-AP-r000:S-P05-S02:GS05:p0001,east,0,6,4
7402,CP-AP-r000:S-P05-S02:GS05:p0002,east,0,6,6
7403,CP-AP-r000:S-P05-S02:GS05:p0003,east,0,8,1
7404,CP-AP-r000:S-P05-S02:GS05:p0004,east,0,7,6
7405,CP-AP-r000:S-P05-S02:GS05:p0005,east,0,5,3
7406,CP-AP-r000:S-P05-S02:GS05:p0006,east,0,5,6
7407,CP-AP-r000:S-P05-S02:GS05:p0007,east,0,4,0
7408,CP-AP-r000:S-P05-S02:GS05:p0008,east,0,8,6
7409,CP-AP-r000:S-P05-S02:GS05:p0009,east,0,5,2
7410,CP-AP-r000:S-P05-S02:GS05:p0010,east,0,6,6
7411,CP-AP-r000:S-P05-S02:GS05:p0011,east,0,7,6
7412,CP-AP-r000:S-P05-S02:GS06:p0001,east,0,6,0
7413,CP-AP-r000:S-P05-S02:GS06:p0002,east,0,4,4
7414,CP-AP-r000:S-P05-S02:GS06:p0003,east,0,7,1
7415,CP-AP-r000:S-P05-S02:GS06:p0004,east,0,6,6
7416,CP-AP-r000:S-P05-S02:GS06:p0005,east,0,7,0
7417,CP-AP-r000:S-P05-S02:GS06:p0006,east,0,6,3
7418,CP-AP-r000:S-P05-S02:GS06:p0007,east,0,7,0
7419,CP-AP-r000:S-P05-S02:GS06:p0008,east,0,6,6
7420,CP-AP-r000:S-P05-S02:GS06:p0009,east,0,6,2
7421,CP-AP-r000:S-P05-S02:GS06:p0010,east,0,7,0
7422,CP-AP-r000:S-P05-S02:GS06:p0011,east,0,6,6
7423,CP-AP-r000:S-P05-S02:GS07:p0001,west,8,0,5
7424,CP-AP-r000:S-P05-S02:GS07:p0002,west,8,0,0
7425,CP-AP-r000:S-P05-S02:GS07:p0003,west,8,0,6
7426,CP-AP-r000:S-P05-S02:GS07:p0004,west,8,0,0
7427,CP-AP-r000:S-P05-S02:GS07:p0005,west,8,0,5
7428,CP-AP-r000:S-P05-S02:GS07:p0006,west,7,0,0
7429,CP-AP-r000:S-P05-S02:GS07:p0007,west,8,0,6
7430,CP-AP-r000:S-P05-S02:GS07:p0008,west,8,0,1
7431,CP-AP-r000:S-P05-S02:GS07:p0009,west,7,0,5
7432,CP-AP-r000:S-P05-S02:GS07:p0010,west,7,0,0
7433,CP-AP-r000:S-P05-S02:GS07:p0011,west,9,0,6
7434,CP-AP-r000:S-P05-S02:GS07:p0012,west,8,0,2
7435,CP-AP-r000:S-P05-S02:GS08:p0001,west,10,0,6
7436,CP-AP-r000:S-P05-S02:GS08:p0002,west,8,0,5
7437,CP-AP-r000:S-P05-S02:GS08:p0003,west,5,0,0
7438,CP-AP-r000:S-P05-S02:GS08:p0004,west,8,0,6
7439,CP-AP-r000:S-P05-S02:GS08:p0005,west,8,0,0
7440,CP-AP-r000:S-P05-S02:GS08:p0006,west,8,0,5
7441,CP-AP-r000:S-P05-S02:GS08:p0007,west,5,0,0
7442,CP-AP-r000:S-P05-S02:GS08:p0008,west,8,0,6
7443,CP-AP-r000:S-P05-S02:GS08:p0009,west,8,0,1
7444,CP-AP-r000:S-P05-S02:GS08:p0010,west,7,0,5
7445,CP-AP-r000:S-P05-S02:GS08:p0011,west,8,0,0
7446,CP-AP-r000:S-P05-S02:GS08:p0012,west,8,0,6
7447,CP-AP-r000:S-P05-S02:GS08:p0013,west,8,0,2
7448,CP-AP-r000:S-P05-S02:GS09:p0001,west,10,0,6
7449,CP-AP-r000:S-P05-S02:GS09:p0002,west,8,0,5
7450,CP-AP-r000:S-P05-S02:GS09:p0003,west,6,0,5
7451,CP-AP-r000:S-P05-S02:GS09:p0004,west,8,0,6
7452,CP-AP-r000:S-P05-S02:GS09:p0005,west,6,0,0
7453,CP-AP-r000:S-P05-S02:GS09:p0006,west,10,0,6
7454,CP-AP-r000:S-P05-S02:GS09:p0007,west,8,0,5
7455,CP-AP-r000:S-P05-S02:GS09:p0008,west,8,0,6
7456,CP-AP-r000:S-P05-S02:GS09:p0009,west,8,0,1
7457,CP-AP-r000:S-P05-S02:GS09:p0010,west,9,0,6
7458,CP-AP-r000:S-P05-S02:GS09:p0011,west,8,0,5
7459,CP-AP-r000:S-P05-S02:GS09:p0012,west,7,0,0
7460,CP-AP-r000:S-P05-S02:GS09:p0013,west,8,0,6
7461,CP-AP-r000:S-P05-S02:GS09:p0014,west,9,0,2
7462,CP-AP-r000:S-P05-S02:GS10:p0001,east,0,7,4
7463,CP-AP-r000:S-P05-S02:GS10:p0002,east,0,7,6
7464,CP-AP-r000:S-P05-S02:GS10:p0003,east,0,9,1
7465,CP-AP-r000:S-P05-S02:GS10:p0004,east,0,9,6
7466,CP-AP-r000:S-P05-S02:GS10:p0005,east,0,10,3
7467,CP-AP-r000:S-P05-S02:GS10:p0006,east,0,7,6
7468,CP-AP-r000:S-P05-S02:GS10:p0007,east,0,8,0
7469,CP-AP-r000:S-P05-S02:GS10:p0008,east,0,7,6
7470,CP-AP-r000:S-P05-S02:GS10:p0009,east,0,11,2
7471,CP-AP-r000:S-P05-S02:GS10:p0010,east,0,8,6
7472,CP-AP-r000:S-P05-S02:GS10:p0011,east,0,7,0
7473,CP-AP-r000:S-P05-S02:GS10:p0012,east,0,7,6
7474,CP-AP-r000:S-P05-S02:GS10:p0013,east,0,5,6
7475,CP-AP-r000:S-P05-S02:GS11:p0001,east,0,8,4
7476,CP-AP-r000:S-P05-S02:GS11:p0002,east,0,8,6
7477,CP-AP-r000:S-P05-S02:GS11:p0003,east,0,8,1
7478,CP-AP-r000:S-P05-S02:GS11:p0004,east,0,8,6
7479,CP-AP-r000:S-P05-S02:GS11:p0005,east,0,7,3
7480,CP-AP-r000:S-P05-S02:GS11:p0006,east,0,7,6
7481,CP-AP-r000:S-P05-S02:GS11:p0007,east,0,9,0
7482,CP-AP-r000:S-P05-S02:GS11:p0008,east,0,8,6
7483,CP-AP-r000:S-P05-S02:GS11:p0009,east,0,7,2
7484,CP-AP-r000:S-P05-S02:GS11:p0010,east,0,7,6
7485,CP-AP-r000:S-P05-S02:GS11:p0011,east,0,9,0
7486,CP-AP-r000:S-P05-S02:GS11:p0012,east,0,9,6
7487,CP-AP-r000:S-P05-S02:GS12:p0001,east,0,9,0
7488,CP-AP-r000:S-P05-S02:GS12:p0002,east,0,8,4
7489,CP-AP-r000:S-P05-S02:GS12:p0003,east,0,6,6
7490,CP-AP-r000:S-P05-S02:GS12:p0004,east,0,8,1
7491,CP-AP-r000:S-P05-S02:GS12:p0005,east,0,8,6
7492,CP-AP-r000:S-P05-S02:GS12:p0006,east,0,7,3
7493,CP-AP-r000:S-P05-S02:GS12:p0007,east,0,8,6
7494,CP-AP-r000:S-P05-S02:GS12:p0008,east,0,8,0
7495,CP-AP-r000:S-P05-S02:GS12:p0009,east,0,8,6
7496,CP-AP-r000:S-P05-S02:GS12:p0010,east,0,8,2
7497,CP-AP-r000:S-P05-S02:GS12:p0011,east,0,8,6
7498,CP-AP-r000:S-P05-S02:GS12:p0012,east,0,8,0
7499,CP-AP-r000:S-P05-S02:GS12:p0013,east,0,9,6
7500,CP-AP-r000:S-P05-S03:GS01:p0001,west,7,0,5
7501,CP-AP-r000:S-P05-S03:GS01:p0002,west,6,0,0
7502,CP-AP-r000:S-P05-S03:GS01:p0003,west,5,0,6
7503,CP-AP-r000:S-P05-S03:GS01:p0004,west,8,0,2
7504,CP-AP-r000:S-P05-S03:GS01:p0005,west,7,0,6
7505,CP-AP-r000:S-P05-S03:GS01:p0006,west,7,0,0
7506,CP-AP-r000:S-P05-S03:GS01:p0007,west,7,0,2
7507,CP-AP-r000:S-P05-S03:GS01:p0008,west,7,0,6
7508,CP-AP-r000:S-P05-S03:GS01:p0009,west,7,0,0
7509,CP-AP-r000:S-P05-S03:GS01:p0010,west,6,0,3
7510,CP-AP-r000:S-P05-S03:GS01:p0011,west,7,0,0
7511,CP-AP-r000:S-P05-S03:GS02:p0001,west,7,0,6
7512,CP-AP-r000:S-P05-S03:GS02:p0002,west,7,0,5
7513,CP-AP-r000:S-P05-S03:GS02:p0003,west,6,0,6
7514,CP-AP-r000:S-P05-S03:GS02:p0004,west,7,0,2
7515,CP-AP-r000:S-P05-S03:GS02:p0005,west,7,0,6
7516,CP-AP-r000:S-P05-S03:GS02:p0006,west,6,0,6
7517,CP-AP-r000:S-P05-S03:GS02:p0007,west,7,0,2
7518,CP-AP-r000:S-P05-S03:GS02:p0008,west,7,0,6
7519,CP-AP-r000:S-P05-S03:GS02:p0009,west,4,0,0
7520,CP-AP-r000:S-P05-S03:GS02:p0010,west,5,0,6
7521,CP-AP-r000:S-P05-S03:GS02:p0011,west,8,0,3
7522,CP-AP-r000:S-P05-S03:GS03:p0001,west,8,0,6
7523,CP-AP-r000:S-P05-S03:GS03:p0002,west,7,0,5
7524,CP-AP-r000:S-P05-S03:GS03:p0003,west,6,0,6
7525,CP-AP-r000:S-P05-S03:GS03:p0004,west,7,0,2
7526,CP-AP-r000:S-P05-S03:GS03:p0005,west,7,0,6
7527,CP-AP-r000:S-P05-S03:GS03:p0006,west,6,0,6
7528,CP-AP-r000:S-P05-S03:GS03:p0007,west,6,0,6
7529,CP-AP-r000:S-P05-S03:GS03:p0008,west,7,0,2
7530,CP-AP-r000:S-P05-S03:GS03:p0009,west,7,0,6
7531,CP-AP-r000:S-P05-S03:GS03:p0010,west,5,0,6
7532,CP-AP-r000:S-P05-S03:GS03:p0011,west,6,0,6
7533,CP-AP-r000:S-P05-S03:GS03:p0012,west,7,0,3
7534,CP-AP-r000:S-P05-S03:GS04:p0001,east,0,7,3
7535,CP-AP-r000:S-P05-S03:GS04:p0002,east,0,7,6
7536,CP-AP-r000:S-P05-S03:GS04:p0003,east,0,5,6
7537,CP-AP-r000:S-P05-S03:GS04:p0004,east,0,6,6
7538,CP-AP-r000:S-P05-S03:GS04:p0005,east,0,7,2
7539,CP-AP-r000:S-P05-S03:GS04:p0006,east,0,7,6
7540,CP-AP-r000:S-P05-S03:GS04:p0007,east,0,6,5
7541,CP-AP-r000:S-P05-S03:GS04:p0008,east,0,7,6
7542,CP-AP-r000:S-P05-S03:GS04:p0009,east,0,7,1
7543,CP-AP-r000:S-P05-S03:GS04:p0010,east,0,7,6
7544,CP-AP-r000:S-P05-S03:GS04:p0011,east,0,6,5
7545,CP-AP-r000:S-P05-S03:GS04:p0012,east,0,7,6
7546,CP-AP-r000:S-P05-S03:GS05:p0001,east,0,6,3
7547,CP-AP-r000:S-P05-S03:GS05:p0002,east,0,8,6
7548,CP-AP-r000:S-P05-S03:GS05:p0003,east,0,6,0
7549,CP-AP-r000:S-P05-S03:GS05:p0004,east,0,7,6
7550,CP-AP-r000:S-P05-S03:GS05:p0005,east,0,7,2
7551,CP-AP-r000:S-P05-S03:GS05:p0006,east,0,7,6
7552,CP-AP-r000:S-P05-S03:GS05:p0007,east,0,7,5
7553,CP-AP-r000:S-P05-S03:GS05:p0008,east,0,7,1
7554,CP-AP-r000:S-P05-S03:GS05:p0009,east,0,7,6
7555,CP-AP-r000:S-P05-S03:GS05:p0010,east,0,6,5
7556,CP-AP-r000:S-P05-S03:GS05:p0011,east,0,7,6
7557,CP-AP-r000:S-P05-S03:GS06:p0001,east,0,7,3
7558,CP-AP-r000:S-P05-S03:GS06:p0002,east,0,6,0
7559,CP-AP-r000:S-P05-S03:GS06:p0003,east,0,7,6
7560,CP-AP-r000:S-P05-S03:GS06:p0004,east,0,7,2
7561,CP-AP-r000:S-P05-S03:GS06:p0005,east,0,4,6
7562,CP-AP-r000:S-P05-S03:GS06:p0006,east,0,6,0
7563,CP-AP-r000:S-P05-S03:GS06:p0007,east,0,8,5
7564,CP-AP-r000:S-P05-S03:GS06:p0008,east,0,7,1
7565,CP-AP-r000:S-P05-S03:GS06:p0009,east,0,6,6
7566,CP-AP-r000:S-P05-S03:GS06:p0010,east,0,6,0
7567,CP-AP-r000:S-P05-S03:GS06:p0011,east,0,7,5
7568,CP-AP-r000:S-P05-S03:GS07:p0001,west,8,0,5
7569,CP-AP-r000:S-P05-S03:GS07:p0002,west,8,0,0
7570,CP-AP-r000:S-P05-S03:GS07:p0003,west,7,0,6
7571,CP-AP-r000:S-P05-S03:GS07:p0004,west,8,0,2
7572,CP-AP-r000:S-P05-S03:GS07:p0005,west,8,0,6
7573,CP-AP-r000:S-P05-S03:GS07:p0006,west,8,0,0
7574,CP-AP-r000:S-P05-S03:GS07:p0007,west,8,0,6
7575,CP-AP-r000:S-P05-S03:GS07:p0008,west,9,0,2
7576,CP-AP-r000:S-P05-S03:GS07:p0009,west,9,0,6
7577,CP-AP-r000:S-P05-S03:GS07:p0010,west,8,0,0
7578,CP-AP-r000:S-P05-S03:GS07:p0011,west,8,0,6
7579,CP-AP-r000:S-P05-S03:GS07:p0012,west,9,0,3
7580,CP-AP-r000:S-P05-S03:GS08:p0001,west,7,0,5
7581,CP-AP-r000:S-P05-S03:GS08:p0002,west,9,0,0
7582,CP-AP-r000:S-P05-S03:GS08:p0003,west,7,0,6
7583,CP-AP-r000:S-P05-S03:GS08:p0004,west,8,0,2
7584,CP-AP-r000:S-P05-S03:GS08:p0005,west,9,0,6
7585,CP-AP-r000:S-P05-S03:GS08:p0006,west,9,0,0
7586,CP-AP-r000:S-P05-S03:GS08:p0007,west,7,0,6
7587,CP-AP-r000:S-P05-S03:GS08:p0008,west,7,0,2
7588,CP-AP-r000:S-P05-S03:GS08:p0009,west,8,0,6
7589,CP-AP-r000:S-P05-S03:GS08:p0010,west,9,0,0
7590,CP-AP-r000:S-P05-S03:GS08:p0011,west,7,0,6
7591,CP-AP-r000:S-P05-S03:GS08:p0012,west,7,0,3
7592,CP-AP-r000:S-P05-S03:GS09:p0001,west,7,0,6
7593,CP-AP-r000:S-P05-S03:GS09:p0002,west,8,0,5
7594,CP-AP-r000:S-P05-S03:GS09:p0003,west,8,0,6
7595,CP-AP-r000:S-P05-S03:GS09:p0004,west,8,0,2
7596,CP-AP-r000:S-P05-S03:GS09:p0005,west,7,0,6
7597,CP-AP-r000:S-P05-S03:GS09:p0006,west,7,0,6
7598,CP-AP-r000:S-P05-S03:GS09:p0007,west,7,0,0
7599,CP-AP-r000:S-P05-S03:GS09:p0008,west,7,0,6
7600,CP-AP-r000:S-P05-S03:GS09:p0009,west,8,0,2
7601,CP-AP-r000:S-P05-S03:GS09:p0010,west,7,0,6
7602,CP-AP-r000:S-P05-S03:GS09:p0011,west,8,0,0
7603,CP-AP-r000:S-P05-S03:GS09:p0012,west,7,0,6
7604,CP-AP-r000:S-P05-S03:GS09:p0013,west,7,0,3
7605,CP-AP-r000:S-P05-S03:GS10:p0001,east,0,10,3
7606,CP-AP-r000:S-P05-S03:GS10:p0002,east,0,8,6
7607,CP-AP-r000:S-P05-S03:GS10:p0003,east,0,7,0
7608,CP-AP-r000:S-P05-S03:GS10:p0004,east,0,7,6
7609,CP-AP-r000:S-P05-S03:GS10:p0005,east,0,8,6
7610,CP-AP-r000:S-P05-S03:GS10:p0006,east,0,10,2
7611,CP-AP-r000:S-P05-S03:GS10:p0007,east,0,8,6
7612,CP-AP-r000:S-P05-S03:GS10:p0008,east,0,6,0
7613,CP-AP-r000:S-P05-S03:GS10:p0009,east,0,8,5
7614,CP-AP-r000:S-P05-S03:GS10:p0010,east,0,7,6
7615,CP-AP-r000:S-P05-S03:GS10:p0011,east,0,9,1
7616,CP-AP-r000:S-P05-S03:GS10:p0012,east,0,8,6
7617,CP-AP-r000:S-P05-S03:GS10:p0013,east,0,8,5
7618,CP-AP-r000:S-P05-S03:GS10:p0014,east,0,8,6
7619,CP-AP-r000:S-P05-S03:GS11:p0001,east,0,8,3
7620,CP-AP-r000:S-P05-S03:GS11:p0002,east,0,8,6
7621,CP-AP-r000:S-P05-S03:GS11:p0003,east,0,8,0
7622,CP-AP-r000:S-P05-S03:GS11:p0004,east,0,8,6
7623,CP-AP-r000:S-P05-S03:GS11:p0005,east,0,8,2
7624,CP-AP-r000:S-P05-S03:GS11:p0006,east,0,8,6
7625,CP-AP-r000:S-P05-S03:GS11:p0007,east,0,8,0
7626,CP-AP-r000:S-P05-S03:GS11:p0008,east,0,9,5
7627,CP-AP-r000:S-P05-S03:GS11:p0009,east,0,11,1
7628,CP-AP-r000:S-P05-S03:GS11:p0010,east,0,8,6
7629,CP-AP-r000:S-P05-S03:GS11:p0011,east,0,6,0
7630,CP-AP-r000:S-P05-S03:GS11:p0012,east,0,7,5
7631,CP-AP-r000:S-P05-S03:GS12:p0001,east,0,7,3
7632,CP-AP-r000:S-P05-S03:GS12:p0002,east,0,9,6
7633,CP-AP-r000:S-P05-S03:GS12:p0003,east,0,7,0
7634,CP-AP-r000:S-P05-S03:GS12:p0004,east,0,8,6
7635,CP-AP-r000:S-P05-S03:GS12:p0005,east,0,8,2
7636,CP-AP-r000:S-P05-S03:GS12:p0006,east,0,10,6
7637,CP-AP-r000:S-P05-S03:GS12:p0007,east,0,7,0
7638,CP-AP-r000:S-P05-S03:GS12:p0008,east,0,7,5
7639,CP-AP-r000:S-P05-S03:GS12:p0009,east,0,8,1
7640,CP-AP-r000:S-P05-S03:GS12:p0010,east,0,8,6
7641,CP-AP-r000:S-P05-S03:GS12:p0011,east,0,7,0
7642,CP-AP-r000:S-P05-S03:GS12:p0012,east,0,8,5
7643,CP-AP-r000:S-P05-S04:GS01:p0001,west,5,0,5
7644,CP-AP-r000:S-P05-S04:GS01:p0002,west,5,0,0
7645,CP-AP-r000:S-P05-S04:GS01:p0003,west,4,0,6
7646,CP-AP-r000:S-P05-S04:GS01:p0004,west,7,0,2
7647,CP-AP-r000:S-P05-S04:GS01:p0005,west,6,0,6
7648,CP-AP-r000:S-P05-S04:GS01:p0006,west,6,0,0
7649,CP-AP-r000:S-P05-S04:GS01:p0007,west,7,0,3
7650,CP-AP-r000:S-P05-S04:GS01:p0008,west,6,0,6
7651,CP-AP-r000:S-P05-S04:GS01:p0009,west,6,0,0
7652,CP-AP-r000:S-P05-S04:GS01:p0010,west,7,0,3
7653,CP-AP-r000:S-P05-S04:GS01:p0011,west,6,0,0
7654,CP-AP-r000:S-P05-S04:GS02:p0001,west,7,0,6
7655,CP-AP-r000:S-P05-S04:GS02:p0002,west,6,0,5
7656,CP-AP-r000:S-P05-S04:GS02:p0003,west,7,0,6
7657,CP-AP-r000:S-P05-S04:GS02:p0004,west,6,0,2
7658,CP-AP-r000:S-P05-S04:GS02:p0005,west,6,0,6
7659,CP-AP-r000:S-P05-S04:GS02:p0006,west,6,0,0
7660,CP-AP-r000:S-P05-S04:GS02:p0007,west,7,0,6
7661,CP-AP-r000:S-P05-S04:GS02:p0008,west,6,0,3
7662,CP-AP-r000:S-P05-S04:GS02:p0009,west,6,0,6
7663,CP-AP-r000:S-P05-S04:GS02:p0010,west,5,0,0
7664,CP-AP-r000:S-P05-S04:GS02:p0011,west,5,0,6
7665,CP-AP-r000:S-P05-S04:GS02:p0012,west,7,0,3
7666,CP-AP-r000:S-P05-S04:GS03:p0001,west,7,0,6
7667,CP-AP-r000:S-P05-S04:GS03:p0002,west,6,0,5
7668,CP-AP-r000:S-P05-S04:GS03:p0003,west,7,0,6
7669,CP-AP-r000:S-P05-S04:GS03:p0004,west,6,0,2
7670,CP-AP-r000:S-P05-S04:GS03:p0005,west,7,0,6
7671,CP-AP-r000:S-P05-S04:GS03:p0006,west,6,0,6
7672,CP-AP-r000:S-P05-S04:GS03:p0007,west,7,0,6
7673,CP-AP-r000:S-P05-S04:GS03:p0008,west,6,0,3
7674,CP-AP-r000:S-P05-S04:GS03:p0009,west,7,0,6
7675,CP-AP-r000:S-P05-S04:GS03:p0010,west,4,0,6
7676,CP-AP-r000:S-P05-S04:GS03:p0011,west,7,0,6
7677,CP-AP-r000:S-P05-S04:GS03:p0012,west,6,0,3
7678,CP-AP-r000:S-P05-S04:GS04:p0001,east,0,6,3
7679,CP-AP-r000:S-P05-S04:GS04:p0002,east,0,6,6
7680,CP-AP-r000:S-P05-S04:GS04:p0003,east,0,6,6
7681,CP-AP-r000:S-P05-S04:GS04:p0004,east,0,4,6
7682,CP-AP-r000:S-P05-S04:GS04:p0005,east,0,6,2
7683,CP-AP-r000:S-P05-S04:GS04:p0006,east,0,6,6
7684,CP-AP-r000:S-P05-S04:GS04:p0007,east,0,6,5
7685,CP-AP-r000:S-P05-S04:GS04:p0008,east,0,6,6
7686,CP-AP-r000:S-P05-S04:GS04:p0009,east,0,7,1
7687,CP-AP-r000:S-P05-S04:GS04:p0010,east,0,6,6
7688,CP-AP-r000:S-P05-S04:GS04:p0011,east,0,7,5
7689,CP-AP-r000:S-P05-S04:GS04:p0012,east,0,6,6
7690,CP-AP-r000:S-P05-S04:GS05:p0001,east,0,5,3
7691,CP-AP-r000:S-P05-S04:GS05:p0002,east,0,6,6
7692,CP-AP-r000:S-P05-S04:GS05:p0003,east,0,5,0
7693,CP-AP-r000:S-P05-S04:GS05:p0004,east,0,7,6
7694,CP-AP-r000:S-P05-S04:GS05:p0005,east,0,6,2
7695,CP-AP-r000:S-P05-S04:GS05:p0006,east,0,6,6
7696,CP-AP-r000:S-P05-S04:GS05:p0007,east,0,7,5
7697,CP-AP-r000:S-P05-S04:GS05:p0008,east,0,6,6
7698,CP-AP-r000:S-P05-S04:GS05:p0009,east,0,6,1
7699,CP-AP-r000:S-P05-S04:GS05:p0010,east,0,6,6
7700,CP-AP-r000:S-P05-S04:GS05:p0011,east,0,7,5
7701,CP-AP-r000:S-P05-S04:GS05:p0012,east,0,4,6
7702,CP-AP-r000:S-P05-S04:GS06:p0001,east,0,6,3
7703,CP-AP-r000:S-P05-S04:GS06:p0002,east,0,7,0
7704,CP-AP-r000:S-P05-S04:GS06:p0003,east,0,6,6
7705,CP-AP-r000:S-P05-S04:GS06:p0004,east,0,6,2
7706,CP-AP-r000:S-P05-S04:GS06:p0005,east,0,6,6
7707,CP-AP-r000:S-P05-S04:GS06:p0006,east,0,7,0
7708,CP-AP-r000:S-P05-S04:GS06:p0007,east,0,7,5
7709,CP-AP-r000:S-P05-S04:GS06:p0008,east,0,5,1
7710,CP-AP-r000:S-P05-S04:GS06:p0009,east,0,5,6
7711,CP-AP-r000:S-P05-S04:GS06:p0010,east,0,4,0
7712,CP-AP-r000:S-P05-S04:GS06:p0011,east,0,7,5
7713,CP-AP-r000:S-P05-S04:GS07:p0001,west,7,0,5
7714,CP-AP-r000:S-P05-S04:GS07:p0002,west,7,0,0
7715,CP-AP-r000:S-P05-S04:GS07:p0003,west,9,0,6
7716,CP-AP-r000:S-P05-S04:GS07:p0004,west,8,0,2
7717,CP-AP-r000:S-P05-S04:GS07:p0005,west,7,0,6
7718,CP-AP-r000:S-P05-S04:GS07:p0006,west,7,0,0
7719,CP-AP-r000:S-P05-S04:GS07:p0007,west,9,0,6
7720,CP-AP-r000:S-P05-S04:GS07:p0008,west,9,0,3
7721,CP-AP-r000:S-P05-S04:GS07:p0009,west,8,0,6
7722,CP-AP-r000:S-P05-S04:GS07:p0010,west,7,0,0
7723,CP-AP-r000:S-P05-S04:GS07:p0011,west,8,0,6
7724,CP-AP-r000:S-P05-S04:GS07:p0012,west,8,0,3
7725,CP-AP-r000:S-P05-S04:GS08:p0001,west,7,0,5
7726,CP-AP-r000:S-P05-S04:GS08:p0002,west,8,0,0
7727,CP-AP-r000:S-P05-S04:GS08:p0003,west,8,0,6
7728,CP-AP-r000:S-P05-S04:GS08:p0004,west,8,0,2
7729,CP-AP-r000:S-P05-S04:GS08:p0005,west,9,0,6
7730,CP-AP-r000:S-P05-S04:GS08:p0006,west,8,0,0
7731,CP-AP-r000:S-P05-S04:GS08:p0007,west,8,0,6
7732,CP-AP-r000:S-P05-S04:GS08:p0008,west,8,0,3
7733,CP-AP-r000:S-P05-S04:GS08:p0009,west,8,0,6
7734,CP-AP-r000:S-P05-S04:GS08:p0010,west,7,0,0
7735,CP-AP-r000:S-P05-S04:GS08:p0011,west,8,0,6
7736,CP-AP-r000:S-P05-S04:GS08:p0012,west,8,0,3
7737,CP-AP-r000:S-P05-S04:GS09:p0001,west,8,0,6
7738,CP-AP-r000:S-P05-S04:GS09:p0002,west,8,0,5
7739,CP-AP-r000:S-P05-S04:GS09:p0003,west,7,0,0
7740,CP-AP-r000:S-P05-S04:GS09:p0004,west,8,0,6
7741,CP-AP-r000:S-P05-S04:GS09:p0005,west,8,0,2
7742,CP-AP-r000:S-P05-S04:GS09:p0006,west,9,0,6
7743,CP-AP-r000:S-P05-S04:GS09:p0007,west,8,0,6
7744,CP-AP-r000:S-P05-S04:GS09:p0008,west,6,0,0
7745,CP-AP-r000:S-P05-S04:GS09:p0009,west,8,0,6
7746,CP-AP-r000:S-P05-S04:GS09:p0010,west,8,0,3
7747,CP-AP-r000:S-P05-S04:GS09:p0011,west,8,0,6
7748,CP-AP-r000:S-P05-S04:GS09:p0012,west,7,0,0
7749,CP-AP-r000:S-P05-S04:GS09:p0013,west,8,0,6
7750,CP-AP-r000:S-P05-S04:GS09:p0014,west,8,0,3
7751,CP-AP-r000:S-P05-S04:GS10:p0001,east,0,11,3
7752,CP-AP-r000:S-P05-S04:GS10:p0002,east,0,8,6
7753,CP-AP-r000:S-P05-S04:GS10:p0003,east,0,8,0
7754,CP-AP-r000:S-P05-S04:GS10:p0004,east,0,7,6
7755,CP-AP-r000:S-P05-S04:GS10:p0005,east,0,4,6
7756,CP-AP-r000:S-P05-S04:GS10:p0006,east,0,10,2
7757,CP-AP-r000:S-P05-S04:GS10:p0007,east,0,8,6
7758,CP-AP-r000:S-P05-S04:GS10:p0008,east,0,7,0
7759,CP-AP-r000:S-P05-S04:GS10:p0009,east,0,8,5
7760,CP-AP-r000:S-P05-S04:GS10:p0010,east,0,5,6
7761,CP-AP-r000:S-P05-S04:GS10:p0011,east,0,10,1
7762,CP-AP-r000:S-P05-S04:GS10:p0012,east,0,8,6
7763,CP-AP-r000:S-P05-S04:GS10:p0013,east,0,8,5
7764,CP-AP-r000:S-P05-S04:GS10:p0014,east,0,8,6
7765,CP-AP-r000:S-P05-S04:GS11:p0001,east,0,7,3
7766,CP-AP-r000:S-P05-S04:GS11:p0002,east,0,7,6
7767,CP-AP-r000:S-P05-S04:GS11:p0003,east,0,10,0
7768,CP-AP-r000:S-P05-S04:GS11:p0004,east,0,8,6
7769,CP-AP-r000:S-P05-S04:GS11:p0005,east,0,7,2
7770,CP-AP-r000:S-P05-S04:GS11:p0006,east,0,7,6
7771,CP-AP-r000:S-P05-S04:GS11:p0007,east,0,9,0
7772,CP-AP-r000:S-P05-S04:GS11:p0008,east,0,9,5
7773,CP-AP-r000:S-P05-S04:GS11:p0009,east,0,11,1
7774,CP-AP-r000:S-P05-S04:GS11:p0010,east,0,7,6
7775,CP-AP-r000:S-P05-S04:GS11:p0011,east,0,7,0
7776,CP-AP-r000:S-P05-S04:GS11:p0012,east,0,7,5
7777,CP-AP-r000:S-P05-S04:GS12:p0001,east,0,7,3
7778,CP-AP-r000:S-P05-S04:GS12:p0002,east,0,9,6
7779,CP-AP-r000:S-P05-S04:GS12:p0003,east,0,8,0
7780,CP-AP-r000:S-P05-S04:GS12:p0004,east,0,8,6
7781,CP-AP-r000:S-P05-S04:GS12:p0005,east,0,8,2
7782,CP-AP-r000:S-P05-S04:GS12:p0006,east,0,7,6
7783,CP-AP-r000:S-P05-S04:GS12:p0007,east,0,8,0
7784,CP-AP-r000:S-P05-S04:GS12:p0008,east,0,8,5
7785,CP-AP-r000:S-P05-S04:GS12:p0009,east,0,7,1
7786,CP-AP-r000:S-P05-S04:GS12:p0010,east,0,7,6
7787,CP-AP-r000:S-P05-S04:GS12:p0011,east,0,9,0
7788,CP-AP-r000:S-P05-S04:GS12:p0012,east,0,8,5
7789,CP-AP-r000:S-P05-S05:GS01:p0001,west,7,0,6
7790,CP-AP-r000:S-P05-S05:GS01:p0002,west,7,0,0
7791,CP-AP-r000:S-P05-S05:GS01:p0003,west,7,0,3
7792,CP-AP-r000:S-P05-S05:GS01:p0004,west,7,0,0
7793,CP-AP-r000:S-P05-S05:GS01:p0005,west,7,0,6
7794,CP-AP-r000:S-P05-S05:GS01:p0006,west,7,0,1
7795,CP-AP-r000:S-P05-S05:GS01:p0007,west,6,0,4
7796,CP-AP-r000:S-P05-S05:GS01:p0008,west,6,0,0
7797,CP-AP-r000:S-P05-S05:GS01:p0009,west,7,0,6
7798,CP-AP-r000:S-P05-S05:GS01:p0010,west,7,0,1
7799,CP-AP-r000:S-P05-S05:GS01:p0011,west,6,0,5
7800,CP-AP-r000:S-P05-S05:GS01:p0012,west,8,0,0
7801,CP-AP-r000:S-P05-S05:GS02:p0001,west,7,0,6
7802,CP-AP-r000:S-P05-S05:GS02:p0002,west,4,0,0
7803,CP-AP-r000:S-P05-S05:GS02:p0003,west,5,0,6
7804,CP-AP-r000:S-P05-S05:GS02:p0004,west,8,0,3
7805,CP-AP-r000:S-P05-S05:GS02:p0005,west,6,0,6
7806,CP-AP-r000:S-P05-S05:GS02:p0006,west,7,0,1
7807,CP-AP-r000:S-P05-S05:GS02:p0007,west,6,0,6
7808,CP-AP-r000:S-P05-S05:GS02:p0008,west,7,0,4
7809,CP-AP-r000:S-P05-S05:GS02:p0009,west,7,0,6
7810,CP-AP-r000:S-P05-S05:GS02:p0010,west,7,0,1
7811,CP-AP-r000:S-P05-S05:GS02:p0011,west,7,0,5
7812,CP-AP-r000:S-P05-S05:GS03:p0001,west,6,0,6
7813,CP-AP-r000:S-P05-S05:GS03:p0002,west,5,0,6
7814,CP-AP-r000:S-P05-S05:GS03:p0003,west,6,0,6
7815,CP-AP-r000:S-P05-S05:GS03:p0004,west,7,0,3
7816,CP-AP-r000:S-P05-S05:GS03:p0005,west,7,0,6
7817,CP-AP-r000:S-P05-S05:GS03:p0006,west,7,0,6
7818,CP-AP-r000:S-P05-S05:GS03:p0007,west,6,0,6
7819,CP-AP-r000:S-P05-S05:GS03:p0008,west,7,0,4
7820,CP-AP-r000:S-P05-S05:GS03:p0009,west,7,0,6
7821,CP-AP-r000:S-P05-S05:GS03:p0010,west,4,0,1
7822,CP-AP-r000:S-P05-S05:GS03:p0011,west,6,0,6
7823,CP-AP-r000:S-P05-S05:GS03:p0012,west,7,0,5
7824,CP-AP-r000:S-P05-S05:GS04:p0001,east,0,7,1
7825,CP-AP-r000:S-P05-S05:GS04:p0002,east,0,7,6
7826,CP-AP-r000:S-P05-S05:GS04:p0003,east,0,6,5
7827,CP-AP-r000:S-P05-S05:GS04:p0004,east,0,7,6
7828,CP-AP-r000:S-P05-S05:GS04:p0005,east,0,8,1
7829,CP-AP-r000:S-P05-S05:GS04:p0006,east,0,6,6
7830,CP-AP-r000:S-P05-S05:GS04:p0007,east,0,6,5
7831,CP-AP-r000:S-P05-S05:GS04:p0008,east,0,7,6
7832,CP-AP-r000:S-P05-S05:GS04:p0009,east,0,6,0
7833,CP-AP-r000:S-P05-S05:GS04:p0010,east,0,6,6
7834,CP-AP-r000:S-P05-S05:GS04:p0011,east,0,6,4
7835,CP-AP-r000:S-P05-S05:GS04:p0012,east,0,7,6
7836,CP-AP-r000:S-P05-S05:GS05:p0001,east,0,7,1
7837,CP-AP-r000:S-P05-S05:GS05:p0002,east,0,7,6
7838,CP-AP-r000:S-P05-S05:GS05:p0003,east,0,6,5
7839,CP-AP-r000:S-P05-S05:GS05:p0004,east,0,7,6
7840,CP-AP-r000:S-P05-S05:GS05:p0005,east,0,7,1
7841,CP-AP-r000:S-P05-S05:GS05:p0006,east,0,7,6
7842,CP-AP-r000:S-P05-S05:GS05:p0007,east,0,5,5
7843,CP-AP-r000:S-P05-S05:GS05:p0008,east,0,7,6
7844,CP-AP-r000:S-P05-S05:GS05:p0009,east,0,7,0
7845,CP-AP-r000:S-P05-S05:GS05:p0010,east,0,7,6
7846,CP-AP-r000:S-P05-S05:GS05:p0011,east,0,6,4
7847,CP-AP-r000:S-P05-S05:GS05:p0012,east,0,7,6
7848,CP-AP-r000:S-P05-S05:GS06:p0001,east,0,7,1
7849,CP-AP-r000:S-P05-S05:GS06:p0002,east,0,6,6
7850,CP-AP-r000:S-P05-S05:GS06:p0003,east,0,5,0
7851,CP-AP-r000:S-P05-S05:GS06:p0004,east,0,7,5
7852,CP-AP-r000:S-P05-S05:GS06:p0005,east,0,7,1
7853,CP-AP-r000:S-P05-S05:GS06:p0006,east,0,7,6
7854,CP-AP-r000:S-P05-S05:GS06:p0007,east,0,7,0
7855,CP-AP-r000:S-P05-S05:GS06:p0008,east,0,7,5
7856,CP-AP-r000:S-P05-S05:GS06:p0009,east,0,7,0
7857,CP-AP-r000:S-P05-S05:GS06:p0010,east,0,7,6
7858,CP-AP-r000:S-P05-S05:GS06:p0011,east,0,6,4
7859,CP-AP-r000:S-P05-S05:GS06:p0012,east,0,7,6
7860,CP-AP-r000:S-P05-S05:GS07:p0001,west,9,0,6
7861,CP-AP-r000:S-P05-S05:GS07:p0002,west,8,0,0
7862,CP-AP-r000:S-P05-S05:GS07:p0003,west,8,0,6
7863,CP-AP-r000:S-P05-S05:GS07:p0004,west,9,0,3
7864,CP-AP-r000:S-P05-S05:GS07:p0005,west,11,0,6
7865,CP-AP-r000:S-P05-S05:GS07:p0006,west,8,0,1
7866,CP-AP-r000:S-P05-S05:GS07:p0007,west,5,0,6
7867,CP-AP-r000:S-P05-S05:GS07:p0008,west,7,0,4
7868,CP-AP-r000:S-P05-S05:GS07:p0009,west,10,0,6
7869,CP-AP-r000:S-P05-S05:GS07:p0010,west,8,0,1
7870,CP-AP-r000:S-P05-S05:GS07:p0011,west,5,0,6
7871,CP-AP-r000:S-P05-S05:GS07:p0012,west,8,0,5
7872,CP-AP-r000:S-P05-S05:GS07:p0013,west,9,0,0
7873,CP-AP-r000:S-P05-S05:GS08:p0001,west,8,0,6
7874,CP-AP-r000:S-P05-S05:GS08:p0002,west,9,0,0
7875,CP-AP-r000:S-P05-S05:GS08:p0003,west,7,0,6
7876,CP-AP-r000:S-P05-S05:GS08:p0004,west,7,0,3
7877,CP-AP-r000:S-P05-S05:GS08:p0005,west,8,0,6
7878,CP-AP-r000:S-P05-S05:GS08:p0006,west,8,0,1
7879,CP-AP-r000:S-P05-S05:GS08:p0007,west,7,0,6
7880,CP-AP-r000:S-P05-S05:GS08:p0008,west,8,0,4
7881,CP-AP-r000:S-P05-S05:GS08:p0009,west,8,0,6
7882,CP-AP-r000:S-P05-S05:GS08:p0010,west,8,0,1
7883,CP-AP-r000:S-P05-S05:GS08:p0011,west,9,0,6
7884,CP-AP-r000:S-P05-S05:GS08:p0012,west,9,0,5
7885,CP-AP-r000:S-P05-S05:GS09:p0001,west,7,0,6
7886,CP-AP-r000:S-P05-S05:GS09:p0002,west,7,0,0
7887,CP-AP-r000:S-P05-S05:GS09:p0003,west,7,0,6
7888,CP-AP-r000:S-P05-S05:GS09:p0004,west,7,0,3
7889,CP-AP-r000:S-P05-S05:GS09:p0005,west,7,0,6
7890,CP-AP-r000:S-P05-S05:GS09:p0006,west,9,0,1
7891,CP-AP-r000:S-P05-S05:GS09:p0007,west,7,0,6
7892,CP-AP-r000:S-P05-S05:GS09:p0008,west,8,0,4
7893,CP-AP-r000:S-P05-S05:GS09:p0009,west,9,0,6
7894,CP-AP-r000:S-P05-S05:GS09:p0010,west,9,0,1
7895,CP-AP-r000:S-P05-S05:GS09:p0011,west,7,0,6
7896,CP-AP-r000:S-P05-S05:GS09:p0012,west,7,0,5
7897,CP-AP-r000:S-P05-S05:GS10:p0001,east,0,9,1
7898,CP-AP-r000:S-P05-S05:GS10:p0002,east,0,8,6
7899,CP-AP-r000:S-P05-S05:GS10:p0003,east,0,8,5
7900,CP-AP-r000:S-P05-S05:GS10:p0004,east,0,8,6
7901,CP-AP-r000:S-P05-S05:GS10:p0005,east,0,8,1
7902,CP-AP-r000:S-P05-S05:GS10:p0006,east,0,8,6
7903,CP-AP-r000:S-P05-S05:GS10:p0007,east,0,7,5
7904,CP-AP-r000:S-P05-S05:GS10:p0008,east,0,8,5
7905,CP-AP-r000:S-P05-S05:GS10:p0009,east,0,8,6
7906,CP-AP-r000:S-P05-S05:GS10:p0010,east,0,7,0
7907,CP-AP-r000:S-P05-S05:GS10:p0011,east,0,7,6
7908,CP-AP-r000:S-P05-S05:GS10:p0012,east,0,8,6
7909,CP-AP-r000:S-P05-S05:GS10:p0013,east,0,7,4
7910,CP-AP-r000:S-P05-S05:GS10:p0014,east,0,8,6
7911,CP-AP-r000:S-P05-S05:GS11:p0001,east,0,11,1
7912,CP-AP-r000:S-P05-S05:GS11:p0002,east,0,8,6
7913,CP-AP-r000:S-P05-S05:GS11:p0003,east,0,6,0
7914,CP-AP-r000:S-P05-S05:GS11:p0004,east,0,7,5
7915,CP-AP-r000:S-P05-S05:GS11:p0005,east,0,10,1
7916,CP-AP-r000:S-P05-S05:GS11:p0006,east,0,8,6
7917,CP-AP-r000:S-P05-S05:GS11:p0007,east,0,6,0
7918,CP-AP-r000:S-P05-S05:GS11:p0008,east,0,8,5
7919,CP-AP-r000:S-P05-S05:GS11:p0009,east,0,8,6
7920,CP-AP-r000:S-P05-S05:GS11:p0010,east,0,10,0
7921,CP-AP-r000:S-P05-S05:GS11:p0011,east,0,8,6
7922,CP-AP-r000:S-P05-S05:GS11:p0012,east,0,7,0
7923,CP-AP-r000:S-P05-S05:GS11:p0013,east,0,8,4
7924,CP-AP-r000:S-P05-S05:GS11:p0014,east,0,6,6
7925,CP-AP-r000:S-P05-S05:GS12:p0001,east,0,8,1
7926,CP-AP-r000:S-P05-S05:GS12:p0002,east,0,8,6
7927,CP-AP-r000:S-P05-S05:GS12:p0003,east,0,7,0
7928,CP-AP-r000:S-P05-S05:GS12:p0004,east,0,8,5
7929,CP-AP-r000:S-P05-S05:GS12:p0005,east,0,8,1
7930,CP-AP-r000:S-P05-S05:GS12:p0006,east,0,8,6
7931,CP-AP-r000:S-P05-S05:GS12:p0007,east,0,8,0
7932,CP-AP-r000:S-P05-S05:GS12:p0008,east,0,8,5
7933,CP-AP-r000:S-P05-S05:GS12:p0009,east,0,9,0
7934,CP-AP-r000:S-P05-S05:GS12:p0010,east,0,8,6
7935,CP-AP-r000:S-P05-S05:GS12:p0011,east,0,8,0
7936,CP-AP-r000:S-P05-S05:GS12:p0012,east,0,9,4
7937,CP-AP-r000:S-P05-S06:GS01:p0001,west,6,0,6
7938,CP-AP-r000:S-P05-S06:GS01:p0002,west,6,0,0
7939,CP-AP-r000:S-P05-S06:GS01:p0003,west,7,0,3
7940,CP-AP-r000:S-P05-S06:GS01:p0004,west,6,0,0
7941,CP-AP-r000:S-P05-S06:GS01:p0005,west,6,0,6
7942,CP-AP-r000:S-P05-S06:GS01:p0006,west,6,0,1
7943,CP-AP-r000:S-P05-S06:GS01:p0007,west,7,0,4
7944,CP-AP-r000:S-P05-S06:GS01:p0008,west,4,0,0
7945,CP-AP-r000:S-P05-S06:GS01:p0009,west,6,0,6
7946,CP-AP-r000:S-P05-S06:GS01:p0010,west,6,0,1
7947,CP-AP-r000:S-P05-S06:GS01:p0011,west,6,0,5
7948,CP-AP-r000:S-P05-S06:GS01:p0012,west,6,0,0
7949,CP-AP-r000:S-P05-S06:GS02:p0001,west,6,0,6
7950,CP-AP-r000:S-P05-S06:GS02:p0002,west,6,0,0
7951,CP-AP-r000:S-P05-S06:GS02:p0003,west,6,0,6
7952,CP-AP-r000:S-P05-S06:GS02:p0004,west,7,0,3
7953,CP-AP-r000:S-P05-S06:GS02:p0005,west,5,0,6
7954,CP-AP-r000:S-P05-S06:GS02:p0006,west,5,0,1
7955,CP-AP-r000:S-P05-S06:GS02:p0007,west,4,0,6
7956,CP-AP-r000:S-P05-S06:GS02:p0008,west,7,0,4
7957,CP-AP-r000:S-P05-S06:GS02:p0009,west,6,0,6
7958,CP-AP-r000:S-P05-S06:GS02:p0010,west,6,0,1
7959,CP-AP-r000:S-P05-S06:GS02:p0011,west,7,0,5
7960,CP-AP-r000:S-P05-S06:GS03:p0001,west,6,0,6
7961,CP-AP-r000:S-P05-S06:GS03:p0002,west,4,0,6
7962,CP-AP-r000:S-P05-S06:GS03:p0003,west,7,0,6
7963,CP-AP-r000:S-P05-S06:GS03:p0004,west,6,0,3
7964,CP-AP-r000:S-P05-S06:GS03:p0005,west,6,0,6
7965,CP-AP-r000:S-P05-S06:GS03:p0006,west,7,0,6
7966,CP-AP-r000:S-P05-S06:GS03:p0007,west,6,0,4
7967,CP-AP-r000:S-P05-S06:GS03:p0008,west,6,0,6
7968,CP-AP-r000:S-P05-S06:GS03:p0009,west,6,0,1
7969,CP-AP-r000:S-P05-S06:GS03:p0010,west,8,0,6
7970,CP-AP-r000:S-P05-S06:GS03:p0011,west,7,0,5
7971,CP-AP-r000:S-P05-S06:GS04:p0001,east,0,6,1
7972,CP-AP-r000:S-P05-S06:GS04:p0002,east,0,6,6
7973,CP-AP-r000:S-P05-S06:GS04:p0003,east,0,7,5
7974,CP-AP-r000:S-P05-S06:GS04:p0004,east,0,6,6
7975,CP-AP-r000:S-P05-S06:GS04:p0005,east,0,8,0
7976,CP-AP-r000:S-P05-S06:GS04:p0006,east,0,6,6
7977,CP-AP-r000:S-P05-S06:GS04:p0007,east,0,7,5
7978,CP-AP-r000:S-P05-S06:GS04:p0008,east,0,6,6
7979,CP-AP-r000:S-P05-S06:GS04:p0009,east,0,6,0
7980,CP-AP-r000:S-P05-S06:GS04:p0010,east,0,5,6
7981,CP-AP-r000:S-P05-S06:GS04:p0011,east,0,7,4
7982,CP-AP-r000:S-P05-S06:GS04:p0012,east,0,6,6
7983,CP-AP-r000:S-P05-S06:GS05:p0001,east,0,6,1
7984,CP-AP-r000:S-P05-S06:GS05:p0002,east,0,6,6
7985,CP-AP-r000:S-P05-S06:GS05:p0003,east,0,7,5
7986,CP-AP-r000:S-P05-S06:GS05:p0004,east,0,5,6
7987,CP-AP-r000:S-P05-S06:GS05:p0005,east,0,6,0
7988,CP-AP-r000:S-P05-S06:GS05:p0006,east,0,6,6
7989,CP-AP-r000:S-P05-S06:GS05:p0007,east,0,6,5
7990,CP-AP-r000:S-P05-S06:GS05:p0008,east,0,5,6
7991,CP-AP-r000:S-P05-S06:GS05:p0009,east,0,6,0
7992,CP-AP-r000:S-P05-S06:GS05:p0010,east,0,6,6
7993,CP-AP-r000:S-P05-S06:GS05:p0011,east,0,6,4
7994,CP-AP-r000:S-P05-S06:GS05:p0012,east,0,6,6
7995,CP-AP-r000:S-P05-S06:GS06:p0001,east,0,5,1
7996,CP-AP-r000:S-P05-S06:GS06:p0002,east,0,5,6
7997,CP-AP-r000:S-P05-S06:GS06:p0003,east,0,4,0
7998,CP-AP-r000:S-P05-S06:GS06:p0004,east,0,7,5
7999,CP-AP-r000:S-P05-S06:GS06:p0005,east,0,6,0
8000,CP-AP-r000:S-P05-S06:GS06:p0006,east,0,6,6
8001,CP-AP-r000:S-P05-S06:GS06:p0007,east,0,7,5
8002,CP-AP-r000:S-P05-S06:GS06:p0008,east,0,6,0
8003,CP-AP-r000:S-P05-S06:GS06:p0009,east,0,6,6
8004,CP-AP-r000:S-P05-S06:GS06:p0010,east,0,7,4
8005,CP-AP-r000:S-P05-S06:GS06:p0011,east,0,6,6
8006,CP-AP-r000:S-P05-S06:GS07:p0001,west,8,0,6
8007,CP-AP-r000:S-P05-S06:GS07:p0002,west,7,0,0
8008,CP-AP-r000:S-P05-S06:GS07:p0003,west,9,0,6
8009,CP-AP-r000:S-P05-S06:GS07:p0004,west,8,0,3
8010,CP-AP-r000:S-P05-S06:GS07:p0005,west,10,0,6
8011,CP-AP-r000:S-P05-S06:GS07:p0006,west,7,0,1
8012,CP-AP-r000:S-P05-S06:GS07:p0007,west,6,0,6
8013,CP-AP-r000:S-P05-S06:GS07:p0008,west,7,0,4
8014,CP-AP-r000:S-P05-S06:GS07:p0009,west,6,0,0
8015,CP-AP-r000:S-P05-S06:GS07:p0010,west,10,0,6
8016,CP-AP-r000:S-P05-S06:GS07:p0011,west,8,0,1
8017,CP-AP-r000:S-P05-S06:GS07:p0012,west,7,0,6
8018,CP-AP-r000:S-P05-S06:GS07:p0013,west,8,0,5
8019,CP-AP-r000:S-P05-S06:GS07:p0014,west,7,0,0
8020,CP-AP-r000:S-P05-S06:GS08:p0001,west,8,0,6
8021,CP-AP-r000:S-P05-S06:GS08:p0002,west,7,0,0
8022,CP-AP-r000:S-P05-S06:GS08:p0003,west,8,0,6
8023,CP-AP-r000:S-P05-S06:GS08:p0004,west,8,0,3
8024,CP-AP-r000:S-P05-S06:GS08:p0005,west,7,0,6
8025,CP-AP-r000:S-P05-S06:GS08:p0006,west,7,0,1
8026,CP-AP-r000:S-P05-S06:GS08:p0007,west,10,0,6
8027,CP-AP-r000:S-P05-S06:GS08:p0008,west,8,0,4
8028,CP-AP-r000:S-P05-S06:GS08:p0009,west,7,0,6
8029,CP-AP-r000:S-P05-S06:GS08:p0010,west,7,0,1
8030,CP-AP-r000:S-P05-S06:GS08:p0011,west,9,0,6
8031,CP-AP-r000:S-P05-S06:GS08:p0012,west,9,0,5
8032,CP-AP-r000:S-P05-S06:GS09:p0001,west,8,0,6
8033,CP-AP-r000:S-P05-S06:GS09:p0002,west,6,0,0
8034,CP-AP-r000:S-P05-S06:GS09:p0003,west,8,0,6
8035,CP-AP-r000:S-P05-S06:GS09:p0004,west,7,0,3
8036,CP-AP-r000:S-P05-S06:GS09:p0005,west,7,0,6
8037,CP-AP-r000:S-P05-S06:GS09:p0006,west,8,0,1
8038,CP-AP-r000:S-P05-S06:GS09:p0007,west,8,0,6
8039,CP-AP-r000:S-P05-S06:GS09:p0008,west,8,0,4
8040,CP-AP-r000:S-P05-S06:GS09:p0009,west,8,0,6
8041,CP-AP-r000:S-P05-S06:GS09:p0010,west,8,0,1
8042,CP-AP-r000:S-P05-S06:GS09:p0011,west,8,0,6
8043,CP-AP-r000:S-P05-S06:GS09:p0012,west,8,0,5
8044,CP-AP-r000:S-P05-S06:GS10:p0001,east,0,10,1
8045,CP-AP-r000:S-P05-S06:GS10:p0002,east,0,8,6
8046,CP-AP-r000:S-P05-S06:GS10:p0003,east,0,8,5
8047,CP-AP-r000:S-P05-S06:GS10:p0004,east,0,8,6
8048,CP-AP-r000:S-P05-S06:GS10:p0005,east,0,9,0
8049,CP-AP-r000:S-P05-S06:GS10:p0006,east,0,8,6
8050,CP-AP-r000:S-P05-S06:GS10:p0007,east,0,5,5
8051,CP-AP-r000:S-P05-S06:GS10:p0008,east,0,8,5
8052,CP-AP-r000:S-P05-S06:GS10:p0009,east,0,8,6
8053,CP-AP-r000:S-P05-S06:GS10:p0010,east,0,9,0
8054,CP-AP-r000:S-P05-S06:GS10:p0011,east,0,8,6
8055,CP-AP-r000:S-P05-S06:GS10:p0012,east,0,7,6
8056,CP-AP-r000:S-P05-S06:GS10:p0013,east,0,8,4
8057,CP-AP-r000:S-P05-S06:GS10:p0014,east,0,8,6
8058,CP-AP-r000:S-P05-S06:GS11:p0001,east,0,11,1
8059,CP-AP-r000:S-P05-S06:GS11:p0002,east,0,7,6
8060,CP-AP-r000:S-P05-S06:GS11:p0003,east,0,7,0
8061,CP-AP-r000:S-P05-S06:GS11:p0004,east,0,7,5
8062,CP-AP-r000:S-P05-S06:GS11:p0005,east,0,10,0
8063,CP-AP-r000:S-P05-S06:GS11:p0006,east,0,8,6
8064,CP-AP-r000:S-P05-S06:GS11:p0007,east,0,7,0
8065,CP-AP-r000:S-P05-S06:GS11:p0008,east,0,7,5
8066,CP-AP-r000:S-P05-S06:GS11:p0009,east,0,5,6
8067,CP-AP-r000:S-P05-S06:GS11:p0010,east,0,10,0
8068,CP-AP-r000:S-P05-S06:GS11:p0011,east,0,8,6
8069,CP-AP-r000:S-P05-S06:GS11:p0012,east,0,8,4
8070,CP-AP-r000:S-P05-S06:GS11:p0013,east,0,6,6
8071,CP-AP-r000:S-P05-S06:GS12:p0001,east,0,7,1
8072,CP-AP-r000:S-P05-S06:GS12:p0002,east,0,7,6
8073,CP-AP-r000:S-P05-S06:GS12:p0003,east,0,9,0
8074,CP-AP-r000:S-P05-S06:GS12:p0004,east,0,8,5
8075,CP-AP-r000:S-P05-S06:GS12:p0005,east,0,7,0
8076,CP-AP-r000:S-P05-S06:GS12:p0006,east,0,7,6
8077,CP-AP-r000:S-P05-S06:GS12:p0007,east,0,9,0
8078,CP-AP-r000:S-P05-S06:GS12:p0008,east,0,9,5
8079,CP-AP-r000:S-P05-S06:GS12:p0009,east,0,8,0
8080,CP-AP-r000:S-P05-S06:GS12:p0010,east,0,7,6
8081,CP-AP-r000:S-P05-S06:GS12:p0011,east,0,9,0
8082,CP-AP-r000:S-P05-S06:GS12:p0012,east,0,8,4
8083,CP-AP-r000:S-P05-S07:GS01:p0001,west,7,0,6
8084,CP-AP-r000:S-P05-S07:GS01:p0002,west,7,0,1
8085,CP-AP-r000:S-P05-S07:GS01:p0003,west,6,0,5
8086,CP-AP-r000:S-P05-S07:GS01:p0004,west,8,0,0
8087,CP-AP-r000:S-P05-S07:GS01:p0005,west,7,0,6
8088,CP-AP-r000:S-P05-S07:GS01:p0006,west,7,0,1
8089,CP-AP-r000:S-P05-S07:GS01:p0007,west,6,0,5
8090,CP-AP-r000:S-P05-S07:GS01:p0008,west,7,0,0
8091,CP-AP-r000:S-P05-S07:GS01:p0009,west,8,0,6
8092,CP-AP-r000:S-P05-S07:GS01:p0010,west,7,0,2
8093,CP-AP-r000:S-P05-S07:GS01:p0011,west,6,0,6
8094,CP-AP-r000:S-P05-S07:GS01:p0012,west,7,0,0
8095,CP-AP-r000:S-P05-S07:GS02:p0001,west,7,0,6
8096,CP-AP-r000:S-P05-S07:GS02:p0002,west,7,0,1
8097,CP-AP-r000:S-P05-S07:GS02:p0003,west,7,0,5
8098,CP-AP-r000:S-P05-S07:GS02:p0004,west,7,0,6
8099,CP-AP-r000:S-P05-S07:GS02:p0005,west,7,0,1
8100,CP-AP-r000:S-P05-S07:GS02:p0006,west,6,0,5
8101,CP-AP-r000:S-P05-S07:GS02:p0007,west,7,0,0
8102,CP-AP-r000:S-P05-S07:GS02:p0008,west,7,0,6
8103,CP-AP-r000:S-P05-S07:GS02:p0009,west,7,0,2
8104,CP-AP-r000:S-P05-S07:GS02:p0010,west,6,0,6
8105,CP-AP-r000:S-P05-S07:GS02:p0011,west,6,0,0
8106,CP-AP-r000:S-P05-S07:GS03:p0001,west,7,0,6
8107,CP-AP-r000:S-P05-S07:GS03:p0002,west,6,0,6
8108,CP-AP-r000:S-P05-S07:GS03:p0003,west,7,0,5
8109,CP-AP-r000:S-P05-S07:GS03:p0004,west,7,0,6
8110,CP-AP-r000:S-P05-S07:GS03:p0005,west,4,0,1
8111,CP-AP-r000:S-P05-S07:GS03:p0006,west,5,0,6
8112,CP-AP-r000:S-P05-S07:GS03:p0007,west,8,0,5
8113,CP-AP-r000:S-P05-S07:GS03:p0008,west,6,0,6
8114,CP-AP-r000:S-P05-S07:GS03:p0009,west,8,0,2
8115,CP-AP-r000:S-P05-S07:GS03:p0010,west,6,0,6
8116,CP-AP-r000:S-P05-S07:GS03:p0011,west,7,0,6
8117,CP-AP-r000:S-P05-S07:GS04:p0001,east,0,6,0
8118,CP-AP-r000:S-P05-S07:GS04:p0002,east,0,6,6
8119,CP-AP-r000:S-P05-S07:GS04:p0003,east,0,6,4
8120,CP-AP-r000:S-P05-S07:GS04:p0004,east,0,7,6
8121,CP-AP-r000:S-P05-S07:GS04:p0005,east,0,7,0
8122,CP-AP-r000:S-P05-S07:GS04:p0006,east,0,5,6
8123,CP-AP-r000:S-P05-S07:GS04:p0007,east,0,6,3
8124,CP-AP-r000:S-P05-S07:GS04:p0008,east,0,7,6
8125,CP-AP-r000:S-P05-S07:GS04:p0009,east,0,7,6
8126,CP-AP-r000:S-P05-S07:GS04:p0010,east,0,6,3
8127,CP-AP-r000:S-P05-S07:GS04:p0011,east,0,7,6
8128,CP-AP-r000:S-P05-S07:GS05:p0001,east,0,7,0
8129,CP-AP-r000:S-P05-S07:GS05:p0002,east,0,7,6
8130,CP-AP-r000:S-P05-S07:GS05:p0003,east,0,6,4
8131,CP-AP-r000:S-P05-S07:GS05:p0004,east,0,7,6
8132,CP-AP-r000:S-P05-S07:GS05:p0005,east,0,7,0
8133,CP-AP-r000:S-P05-S07:GS05:p0006,east,0,7,6
8134,CP-AP-r000:S-P05-S07:GS05:p0007,east,0,6,3
8135,CP-AP-r000:S-P05-S07:GS05:p0008,east,0,7,6
8136,CP-AP-r000:S-P05-S07:GS05:p0009,east,0,8,0
8137,CP-AP-r000:S-P05-S07:GS05:p0010,east,0,6,6
8138,CP-AP-r000:S-P05-S07:GS05:p0011,east,0,6,3
8139,CP-AP-r000:S-P05-S07:GS05:p0012,east,0,7,6
8140,CP-AP-r000:S-P05-S07:GS06:p0001,east,0,7,0
8141,CP-AP-r000:S-P05-S07:GS06:p0002,east,0,7,6
8142,CP-AP-r000:S-P05-S07:GS06:p0003,east,0,7,4
8143,CP-AP-r000:S-P05-S07:GS06:p0004,east,0,6,6
8144,CP-AP-r000:S-P05-S07:GS06:p0005,east,0,7,0
8145,CP-AP-r000:S-P05-S07:GS06:p0006,east,0,7,6
8146,CP-AP-r000:S-P05-S07:GS06:p0007,east,0,6,3
8147,CP-AP-r000:S-P05-S07:GS06:p0008,east,0,6,6
8148,CP-AP-r000:S-P05-S07:GS06:p0009,east,0,7,0
8149,CP-AP-r000:S-P05-S07:GS06:p0010,east,0,7,6
8150,CP-AP-r000:S-P05-S07:GS06:p0011,east,0,6,3
8151,CP-AP-r000:S-P05-S07:GS06:p0012,east,0,8,6
8152,CP-AP-r000:S-P05-S07:GS07:p0001,west,10,0,6
8153,CP-AP-r000:S-P05-S07:GS07:p0002,west,8,0,1
8154,CP-AP-r000:S-P05-S07:GS07:p0003,west,5,0,6
8155,CP-AP-r000:S-P05-S07:GS07:p0004,west,8,0,5
8156,CP-AP-r000:S-P05-S07:GS07:p0005,west,8,0,0
8157,CP-AP-r000:S-P05-S07:GS07:p0006,west,10,0,6
8158,CP-AP-r000:S-P05-S07:GS07:p0007,west,8,0,1
8159,CP-AP-r000:S-P05-S07:GS07:p0008,west,8,0,5
8160,CP-AP-r000:S-P05-S07:GS07:p0009,west,7,0,0
8161,CP-AP-r000:S-P05-S07:GS07:p0010,west,8,0,6
8162,CP-AP-r000:S-P05-S07:GS07:p0011,west,8,0,2
8163,CP-AP-r000:S-P05-S07:GS07:p0012,west,8,0,6
8164,CP-AP-r000:S-P05-S07:GS07:p0013,west,8,0,0
8165,CP-AP-r000:S-P05-S07:GS08:p0001,west,8,0,6
8166,CP-AP-r000:S-P05-S07:GS08:p0002,west,8,0,1
8167,CP-AP-r000:S-P05-S07:GS08:p0003,west,8,0,6
8168,CP-AP-r000:S-P05-S07:GS08:p0004,west,9,0,5
8169,CP-AP-r000:S-P05-S07:GS08:p0005,west,10,0,6
8170,CP-AP-r000:S-P05-S07:GS08:p0006,west,8,0,1
8171,CP-AP-r000:S-P05-S07:GS08:p0007,west,8,0,6
8172,CP-AP-r000:S-P05-S07:GS08:p0008,west,8,0,5
8173,CP-AP-r000:S-P05-S07:GS08:p0009,west,10,0,6
8174,CP-AP-r000:S-P05-S07:GS08:p0010,west,8,0,2
8175,CP-AP-r000:S-P05-S07:GS08:p0011,west,6,0,6
8176,CP-AP-r000:S-P05-S07:GS08:p0012,west,7,0,6
8177,CP-AP-r000:S-P05-S07:GS08:p0013,west,8,0,0
8178,CP-AP-r000:S-P05-S07:GS09:p0001,west,9,0,6
8179,CP-AP-r000:S-P05-S07:GS09:p0002,west,9,0,1
8180,CP-AP-r000:S-P05-S07:GS09:p0003,west,7,0,6
8181,CP-AP-r000:S-P05-S07:GS09:p0004,west,7,0,5
8182,CP-AP-r000:S-P05-S07:GS09:p0005,west,8,0,6
8183,CP-AP-r000:S-P05-S07:GS09:p0006,west,9,0,1
8184,CP-AP-r000:S-P05-S07:GS09:p0007,west,7,0,6
8185,CP-AP-r000:S-P05-S07:GS09:p0008,west,7,0,5
8186,CP-AP-r000:S-P05-S07:GS09:p0009,west,8,0,6
8187,CP-AP-r000:S-P05-S07:GS09:p0010,west,8,0,2
8188,CP-AP-r000:S-P05-S07:GS09:p0011,west,8,0,6
8189,CP-AP-r000:S-P05-S07:GS09:p0012,west,8,0,6
8190,CP-AP-r000:S-P05-S07:GS10:p0001,east,0,7,0
8191,CP-AP-r000:S-P05-S07:GS10:p0002,east,0,7,6
8192,CP-AP-r000:S-P05-S07:GS10:p0003,east,0,7,5
8193,CP-AP-r000:S-P05-S07:GS10:p0004,east,0,7,4
8194,CP-AP-r000:S-P05-S07:GS10:p0005,east,0,8,6
8195,CP-AP-r000:S-P05-S07:GS10:p0006,east,0,7,6
8196,CP-AP-r000:S-P05-S07:GS10:p0007,east,0,8,6
8197,CP-AP-r000:S-P05-S07:GS10:p0008,east,0,7,3
8198,CP-AP-r000:S-P05-S07:GS10:p0009,east,0,7,6
8199,CP-AP-r000:S-P05-S07:GS10:p0010,east,0,7,6
8200,CP-AP-r000:S-P05-S07:GS10:p0011,east,0,9,6
8201,CP-AP-r000:S-P05-S07:GS10:p0012,east,0,7,3
8202,CP-AP-r000:S-P05-S07:GS10:p0013,east,0,8,6
8203,CP-AP-r000:S-P05-S07:GS11:p0001,east,0,10,0
8204,CP-AP-r000:S-P05-S07:GS11:p0002,east,0,8,6
8205,CP-AP-r000:S-P05-S07:GS11:p0003,east,0,7,0
8206,CP-AP-r000:S-P05-S07:GS11:p0004,east,0,8,4
8207,CP-AP-r000:S-P05-S07:GS11:p0005,east,0,7,6
8208,CP-AP-r000:S-P05-S07:GS11:p0006,east,0,9,0
8209,CP-AP-r000:S-P05-S07:GS11:p0007,east,0,8,6
8210,CP-AP-r000:S-P05-S07:GS11:p0008,east,0,8,3
8211,CP-AP-r000:S-P05-S07:GS11:p0009,east,0,8,6
8212,CP-AP-r000:S-P05-S07:GS11:p0010,east,0,8,0
8213,CP-AP-r000:S-P05-S07:GS11:p0011,east,0,8,6
8214,CP-AP-r000:S-P05-S07:GS11:p0012,east,0,7,6
8215,CP-AP-r000:S-P05-S07:GS11:p0013,east,0,8,3
8216,CP-AP-r000:S-P05-S07:GS11:p0014,east,0,8,6
8217,CP-AP-r000:S-P05-S07:GS12:p0001,east,0,8,0
8218,CP-AP-r000:S-P05-S07:GS12:p0002,east,0,8,6
8219,CP-AP-r000:S-P05-S07:GS12:p0003,east,0,8,0
8220,CP-AP-r000:S-P05-S07:GS12:p0004,east,0,9,4
8221,CP-AP-r000:S-P05-S07:GS12:p0005,east,0,11,0
8222,CP-AP-r000:S-P05-S07:GS12:p0006,east,0,8,6
8223,CP-AP-r000:S-P05-S07:GS12:p0007,east,0,5,0
8224,CP-AP-r000:S-P05-S07:GS12:p0008,east,0,7,3
8225,CP-AP-r000:S-P05-S07:GS12:p0009,east,0,10,0
8226,CP-AP-r000:S-P05-S07:GS12:p0010,east,0,8,6
8227,CP-AP-r000:S-P05-S07:GS12:p0011,east,0,5,0
8228,CP-AP-r000:S-P05-S07:GS12:p0012,east,0,8,3
8229,CP-AP-r000:S-P05-S07:GS12:p0013,east,0,9,6
8230,CP-AP-r000:S-P05-S08:GS01:p0001,west,6,0,6
8231,CP-AP-r000:S-P05-S08:GS01:p0002,west,6,0,1
8232,CP-AP-r000:S-P05-S08:GS01:p0003,west,6,0,5
8233,CP-AP-r000:S-P05-S08:GS01:p0004,west,6,0,0
8234,CP-AP-r000:S-P05-S08:GS01:p0005,west,6,0,6
8235,CP-AP-r000:S-P05-S08:GS01:p0006,west,6,0,1
8236,CP-AP-r000:S-P05-S08:GS01:p0007,west,7,0,6
8237,CP-AP-r000:S-P05-S08:GS01:p0008,west,6,0,0
8238,CP-AP-r000:S-P05-S08:GS01:p0009,west,7,0,6
8239,CP-AP-r000:S-P05-S08:GS01:p0010,west,6,0,2
8240,CP-AP-r000:S-P05-S08:GS01:p0011,west,7,0,6
8241,CP-AP-r000:S-P05-S08:GS01:p0012,west,6,0,0
8242,CP-AP-r000:S-P05-S08:GS02:p0001,west,6,0,6
8243,CP-AP-r000:S-P05-S08:GS02:p0002,west,6,0,1
8244,CP-AP-r000:S-P05-S08:GS02:p0003,west,7,0,5
8245,CP-AP-r000:S-P05-S08:GS02:p0004,west,6,0,6
8246,CP-AP-r000:S-P05-S08:GS02:p0005,west,6,0,1
8247,CP-AP-r000:S-P05-S08:GS02:p0006,west,7,0,6
8248,CP-AP-r000:S-P05-S08:GS02:p0007,west,6,0,0
8249,CP-AP-r000:S-P05-S08:GS02:p0008,west,6,0,6
8250,CP-AP-r000:S-P05-S08:GS02:p0009,west,6,0,2
8251,CP-AP-r000:S-P05-S08:GS02:p0010,west,7,0,6
8252,CP-AP-r000:S-P05-S08:GS02:p0011,west,4,0,0
8253,CP-AP-r000:S-P05-S08:GS03:p0001,west,6,0,6
8254,CP-AP-r000:S-P05-S08:GS03:p0002,west,6,0,1
8255,CP-AP-r000:S-P05-S08:GS03:p0003,west,8,0,6
8256,CP-AP-r000:S-P05-S08:GS03:p0004,west,6,0,5
8257,CP-AP-r000:S-P05-S08:GS03:p0005,west,6,0,6
8258,CP-AP-r000:S-P05-S08:GS03:p0006,west,5,0,1
8259,CP-AP-r000:S-P05-S08:GS03:p0007,west,5,0,6
8260,CP-AP-r000:S-P05-S08:GS03:p0008,west,7,0,6
8261,CP-AP-r000:S-P05-S08:GS03:p0009,west,4,0,6
8262,CP-AP-r000:S-P05-S08:GS03:p0010,west,6,0,2
8263,CP-AP-r000:S-P05-S08:GS03:p0011,west,4,0,6
8264,CP-AP-r000:S-P05-S08:GS03:p0012,west,7,0,6
8265,CP-AP-r000:S-P05-S08:GS04:p0001,east,0,6,0
8266,CP-AP-r000:S-P05-S08:GS04:p0002,east,0,6,6
8267,CP-AP-r000:S-P05-S08:GS04:p0003,east,0,7,4
8268,CP-AP-r000:S-P05-S08:GS04:p0004,east,0,6,6
8269,CP-AP-r000:S-P05-S08:GS04:p0005,east,0,7,0
8270,CP-AP-r000:S-P05-S08:GS04:p0006,east,0,4,6
8271,CP-AP-r000:S-P05-S08:GS04:p0007,east,0,7,3
8272,CP-AP-r000:S-P05-S08:GS04:p0008,east,0,6,6
8273,CP-AP-r000:S-P05-S08:GS04:p0009,east,0,6,6
8274,CP-AP-r000:S-P05-S08:GS04:p0010,east,0,7,3
8275,CP-AP-r000:S-P05-S08:GS04:p0011,east,0,6,6
8276,CP-AP-r000:S-P05-S08:GS05:p0001,east,0,6,0
8277,CP-AP-r000:S-P05-S08:GS05:p0002,east,0,6,6
8278,CP-AP-r000:S-P05-S08:GS05:p0003,east,0,6,4
8279,CP-AP-r000:S-P05-S08:GS05:p0004,east,0,6,6
8280,CP-AP-r000:S-P05-S08:GS05:p0005,east,0,7,0
8281,CP-AP-r000:S-P05-S08:GS05:p0006,east,0,6,6
8282,CP-AP-r000:S-P05-S08:GS05:p0007,east,0,7,3
8283,CP-AP-r000:S-P05-S08:GS05:p0008,east,0,6,6
8284,CP-AP-r000:S-P05-S08:GS05:p0009,east,0,8,0
8285,CP-AP-r000:S-P05-S08:GS05:p0010,east,0,6,6
8286,CP-AP-r000:S-P05-S08:GS05:p0011,east,0,7,3
8287,CP-AP-r000:S-P05-S08:GS05:p0012,east,0,6,6
8288,CP-AP-r000:S-P05-S08:GS06:p0001,east,0,6,0
8289,CP-AP-r000:S-P05-S08:GS06:p0002,east,0,6,6
8290,CP-AP-r000:S-P05-S08:GS06:p0003,east,0,7,4
8291,CP-AP-r000:S-P05-S08:GS06:p0004,east,0,6,6
8292,CP-AP-r000:S-P05-S08:GS06:p0005,east,0,6,0
8293,CP-AP-r000:S-P05-S08:GS06:p0006,east,0,6,6
8294,CP-AP-r000:S-P05-S08:GS06:p0007,east,0,7,3
8295,CP-AP-r000:S-P05-S08:GS06:p0008,east,0,4,6
8296,CP-AP-r000:S-P05-S08:GS06:p0009,east,0,6,0
8297,CP-AP-r000:S-P05-S08:GS06:p0010,east,0,6,6
8298,CP-AP-r000:S-P05-S08:GS06:p0011,east,0,6,3
8299,CP-AP-r000:S-P05-S08:GS06:p0012,east,0,6,6
8300,CP-AP-r000:S-P05-S08:GS07:p0001,west,10,0,6
8301,CP-AP-r000:S-P05-S08:GS07:p0002,west,8,0,1
8302,CP-AP-r000:S-P05-S08:GS07:p0003,west,7,0,6
8303,CP-AP-r000:S-P05-S08:GS07:p0004,west,8,0,5
8304,CP-AP-r000:S-P05-S08:GS07:p0005,west,6,0,0
8305,CP-AP-r000:S-P05-S08:GS07:p0006,west,10,0,6
8306,CP-AP-r000:S-P05-S08:GS07:p0007,west,8,0,1
8307,CP-AP-r000:S-P05-S08:GS07:p0008,west,8,0,6
8308,CP-AP-r000:S-P05-S08:GS07:p0009,west,7,0,0
8309,CP-AP-r000:S-P05-S08:GS07:p0010,west,9,0,6
8310,CP-AP-r000:S-P05-S08:GS07:p0011,west,8,0,2
8311,CP-AP-r000:S-P05-S08:GS07:p0012,west,8,0,6
8312,CP-AP-r000:S-P05-S08:GS07:p0013,west,8,0,0
8313,CP-AP-r000:S-P05-S08:GS08:p0001,west,7,0,6
8314,CP-AP-r000:S-P05-S08:GS08:p0002,west,7,0,1
8315,CP-AP-r000:S-P05-S08:GS08:p0003,west,9,0,6
8316,CP-AP-r000:S-P05-S08:GS08:p0004,west,9,0,5
8317,CP-AP-r000:S-P05-S08:GS08:p0005,west,9,0,6
8318,CP-AP-r000:S-P05-S08:GS08:p0006,west,7,0,1
8319,CP-AP-r000:S-P05-S08:GS08:p0007,west,8,0,6
8320,CP-AP-r000:S-P05-S08:GS08:p0008,west,7,0,6
8321,CP-AP-r000:S-P05-S08:GS08:p0009,west,10,0,6
8322,CP-AP-r000:S-P05-S08:GS08:p0010,west,8,0,2
8323,CP-AP-r000:S-P05-S08:GS08:p0011,west,7,0,6
8324,CP-AP-r000:S-P05-S08:GS08:p0012,west,7,0,6
8325,CP-AP-r000:S-P05-S08:GS08:p0013,west,5,0,0
8326,CP-AP-r000:S-P05-S08:GS09:p0001,west,8,0,6
8327,CP-AP-r000:S-P05-S08:GS09:p0002,west,8,0,1
8328,CP-AP-r000:S-P05-S08:GS09:p0003,west,8,0,6
8329,CP-AP-r000:S-P05-S08:GS09:p0004,west,8,0,5
8330,CP-AP-r000:S-P05-S08:GS09:p0005,west,8,0,6
8331,CP-AP-r000:S-P05-S08:GS09:p0006,west,7,0,1
8332,CP-AP-r000:S-P05-S08:GS09:p0007,west,8,0,6
8333,CP-AP-r000:S-P05-S08:GS09:p0008,west,8,0,6
8334,CP-AP-r000:S-P05-S08:GS09:p0009,west,7,0,6
8335,CP-AP-r000:S-P05-S08:GS09:p0010,west,7,0,2
8336,CP-AP-r000:S-P05-S08:GS09:p0011,west,10,0,6
8337,CP-AP-r000:S-P05-S08:GS09:p0012,west,8,0,6
8338,CP-AP-r000:S-P05-S08:GS10:p0001,east,0,9,0
8339,CP-AP-r000:S-P05-S08:GS10:p0002,east,0,8,6
8340,CP-AP-r000:S-P05-S08:GS10:p0003,east,0,6,6
8341,CP-AP-r000:S-P05-S08:GS10:p0004,east,0,8,4
8342,CP-AP-r000:S-P05-S08:GS10:p0005,east,0,8,6
8343,CP-AP-r000:S-P05-S08:GS10:p0006,east,0,8,6
8344,CP-AP-r000:S-P05-S08:GS10:p0007,east,0,7,6
8345,CP-AP-r000:S-P05-S08:GS10:p0008,east,0,8,3
8346,CP-AP-r000:S-P05-S08:GS10:p0009,east,0,8,6
8347,CP-AP-r000:S-P05-S08:GS10:p0010,east,0,7,6
8348,CP-AP-r000:S-P05-S08:GS10:p0011,east,0,8,6
8349,CP-AP-r000:S-P05-S08:GS10:p0012,east,0,8,3
8350,CP-AP-r000:S-P05-S08:GS10:p0013,east,0,8,6
8351,CP-AP-r000:S-P05-S08:GS11:p0001,east,0,10,0
8352,CP-AP-r000:S-P05-S08:GS11:p0002,east,0,8,6
8353,CP-AP-r000:S-P05-S08:GS11:p0003,east,0,8,4
8354,CP-AP-r000:S-P05-S08:GS11:p0004,east,0,5,6
8355,CP-AP-r000:S-P05-S08:GS11:p0005,east,0,10,0
8356,CP-AP-r000:S-P05-S08:GS11:p0006,east,0,8,6
8357,CP-AP-r000:S-P05-S08:GS11:p0007,east,0,8,3
8358,CP-AP-r000:S-P05-S08:GS11:p0008,east,0,8,6
8359,CP-AP-r000:S-P05-S08:GS11:p0009,east,0,10,0
8360,CP-AP-r000:S-P05-S08:GS11:p0010,east,0,8,6
8361,CP-AP-r000:S-P05-S08:GS11:p0011,east,0,5,6
8362,CP-AP-r000:S-P05-S08:GS11:p0012,east,0,8,3
8363,CP-AP-r000:S-P05-S08:GS11:p0013,east,0,8,6
8364,CP-AP-r000:S-P05-S08:GS12:p0001,east,0,7,0
8365,CP-AP-r000:S-P05-S08:GS12:p0002,east,0,7,6
8366,CP-AP-r000:S-P05-S08:GS12:p0003,east,0,9,0
8367,CP-AP-r000:S-P05-S08:GS12:p0004,east,0,8,4
8368,CP-AP-r000:S-P05-S08:GS12:p0005,east,0,11,0
8369,CP-AP-r000:S-P05-S08:GS12:p0006,east,0,7,6
8370,CP-AP-r000:S-P05-S08:GS12:p0007,east,0,6,0
8371,CP-AP-r000:S-P05-S08:GS12:p0008,east,0,7,3
8372,CP-AP-r000:S-P05-S08:GS12:p0009,east,0,7,6
8373,CP-AP-r000:S-P05-S08:GS12:p0010,east,0,10,0
8374,CP-AP-r000:S-P05-S08:GS12:p0011,east,0,8,6
8375,CP-AP-r000:S-P05-S08:GS12:p0012,east,0,7,0
8376,CP-AP-r000:S-P05-S08:GS12:p0013,east,0,8,3
8377,CP-AP-r000:S-P05-S08:GS12:p0014,east,0,6,6
8378,CP-AP-r000:S-P05-S09:GS01:p0001,west,8,0,6
8379,CP-AP-r000:S-P05-S09:GS01:p0002,west,7,0,2
8380,CP-AP-r000:S-P05-S09:GS01:p0003,west,6,0,6
8381,CP-AP-r000:S-P05-S09:GS01:p0004,west,7,0,0
8382,CP-AP-r000:S-P05-S09:GS01:p0005,west,8,0,6
8383,CP-AP-r000:S-P05-S09:GS01:p0006,west,6,0,3
8384,CP-AP-r000:S-P05-S09:GS01:p0007,west,6,0,6
8385,CP-AP-r000:S-P05-S09:GS01:p0008,west,7,0,0
8386,CP-AP-r000:S-P05-S09:GS01:p0009,west,6,0,6
8387,CP-AP-r000:S-P05-S09:GS01:p0010,west,5,0,3
8388,CP-AP-r000:S-P05-S09:GS01:p0011,west,6,0,6
8389,CP-AP-r000:S-P05-S09:GS01:p0012,west,7,0,0
8390,CP-AP-r000:S-P05-S09:GS02:p0001,west,7,0,6
8391,CP-AP-r000:S-P05-S09:GS02:p0002,west,7,0,2
8392,CP-AP-r000:S-P05-S09:GS02:p0003,west,6,0,6
8393,CP-AP-r000:S-P05-S09:GS02:p0004,west,6,0,0
8394,CP-AP-r000:S-P05-S09:GS02:p0005,west,7,0,6
8395,CP-AP-r000:S-P05-S09:GS02:p0006,west,7,0,3
8396,CP-AP-r000:S-P05-S09:GS02:p0007,west,6,0,6
8397,CP-AP-r000:S-P05-S09:GS02:p0008,west,8,0,0
8398,CP-AP-r000:S-P05-S09:GS02:p0009,west,7,0,6
8399,CP-AP-r000:S-P05-S09:GS02:p0010,west,7,0,3
8400,CP-AP-r000:S-P05-S09:GS02:p0011,west,6,0,6
8401,CP-AP-r000:S-P05-S09:GS02:p0012,west,7,0,0
8402,CP-AP-r000:S-P05-S09:GS03:p0001,west,6,0,6
8403,CP-AP-r000:S-P05-S09:GS03:p0002,west,7,0,2
8404,CP-AP-r000:S-P05-S09:GS03:p0003,west,6,0,6
8405,CP-AP-r000:S-P05-S09:GS03:p0004,west,7,0,6
8406,CP-AP-r000:S-P05-S09:GS03:p0005,west,7,0,6
8407,CP-AP-r000:S-P05-S09:GS03:p0006,west,7,0,3
8408,CP-AP-r000:S-P05-S09:GS03:p0007,west,7,0,6
8409,CP-AP-r000:S-P05-S09:GS03:p0008,west,7,0,6
8410,CP-AP-r000:S-P05-S09:GS03:p0009,west,7,0,3
8411,CP-AP-r000:S-P05-S09:GS03:p0010,west,6,0,6
8412,CP-AP-r000:S-P05-S09:GS03:p0011,west,7,0,0
8413,CP-AP-r000:S-P05-S09:GS04:p0001,east,0,7,6
8414,CP-AP-r000:S-P05-S09:GS04:p0002,east,0,6,3
8415,CP-AP-r000:S-P05-S09:GS04:p0003,east,0,7,6
8416,CP-AP-r000:S-P05-S09:GS04:p0004,east,0,7,6
8417,CP-AP-r000:S-P05-S09:GS04:p0005,east,0,4,6
8418,CP-AP-r000:S-P05-S09:GS04:p0006,east,0,6,2
8419,CP-AP-r000:S-P05-S09:GS04:p0007,east,0,7,6
8420,CP-AP-r000:S-P05-S09:GS04:p0008,east,0,7,6
8421,CP-AP-r000:S-P05-S09:GS04:p0009,east,0,5,6
8422,CP-AP-r000:S-P05-S09:GS04:p0010,east,0,5,1
8423,CP-AP-r000:S-P05-S09:GS04:p0011,east,0,6,6
8424,CP-AP-r000:S-P05-S09:GS05:p0001,east,0,8,0
8425,CP-AP-r000:S-P05-S09:GS05:p0002,east,0,6,6
8426,CP-AP-r000:S-P05-S09:GS05:p0003,east,0,6,3
8427,CP-AP-r000:S-P05-S09:GS05:p0004,east,0,7,6
8428,CP-AP-r000:S-P05-S09:GS05:p0005,east,0,6,0
8429,CP-AP-r000:S-P05-S09:GS05:p0006,east,0,5,6
8430,CP-AP-r000:S-P05-S09:GS05:p0007,east,0,6,2
8431,CP-AP-r000:S-P05-S09:GS05:p0008,east,0,7,6
8432,CP-AP-r000:S-P05-S09:GS05:p0009,east,0,7,0
8433,CP-AP-r000:S-P05-S09:GS05:p0010,east,0,6,6
8434,CP-AP-r000:S-P05-S09:GS05:p0011,east,0,6,1
8435,CP-AP-r000:S-P05-S09:GS05:p0012,east,0,7,6
8436,CP-AP-r000:S-P05-S09:GS06:p0001,east,0,7,0
8437,CP-AP-r000:S-P05-S09:GS06:p0002,east,0,7,6
8438,CP-AP-r000:S-P05-S09:GS06:p0003,east,0,5,3
8439,CP-AP-r000:S-P05-S09:GS06:p0004,east,0,8,6
8440,CP-AP-r000:S-P05-S09:GS06:p0005,east,0,7,0
8441,CP-AP-r000:S-P05-S09:GS06:p0006,east,0,7,6
8442,CP-AP-r000:S-P05-S09:GS06:p0007,east,0,6,2
8443,CP-AP-r000:S-P05-S09:GS06:p0008,east,0,7,6
8444,CP-AP-r000:S-P05-S09:GS06:p0009,east,0,8,0
8445,CP-AP-r000:S-P05-S09:GS06:p0010,east,0,7,6
8446,CP-AP-r000:S-P05-S09:GS06:p0011,east,0,6,1
8447,CP-AP-r000:S-P05-S09:GS06:p0012,east,0,7,6
8448,CP-AP-r000:S-P05-S09:GS07:p0001,west,9,0,6
8449,CP-AP-r000:S-P05-S09:GS07:p0002,west,8,0,2
8450,CP-AP-r000:S-P05-S09:GS07:p0003,west,8,0,6
8451,CP-AP-r000:S-P05-S09:GS07:p0004,west,8,0,0
8452,CP-AP-r000:S-P05-S09:GS07:p0005,west,8,0,6
8453,CP-AP-r000:S-P05-S09:GS07:p0006,west,8,0,3
8454,CP-AP-r000:S-P05-S09:GS07:p0007,west,7,0,0
8455,CP-AP-r000:S-P05-S09:GS07:p0008,west,7,0,6
8456,CP-AP-r000:S-P05-S09:GS07:p0009,west,8,0,0
8457,CP-AP-r000:S-P05-S09:GS07:p0010,west,9,0,6
8458,CP-AP-r000:S-P05-S09:GS07:p0011,west,7,0,3
8459,CP-AP-r000:S-P05-S09:GS07:p0012,west,6,0,0
8460,CP-AP-r000:S-P05-S09:GS07:p0013,west,7,0,6
8461,CP-AP-r000:S-P05-S09:GS07:p0014,west,8,0,0
8462,CP-AP-r000:S-P05-S09:GS08:p0001,west,11,0,6
8463,CP-AP-r000:S-P05-S09:GS08:p0002,west,8,0,2
8464,CP-AP-r000:S-P05-S09:GS08:p0003,west,5,0,6
8465,CP-AP-r000:S-P05-S09:GS08:p0004,west,7,0,6
8466,CP-AP-r000:S-P05-S09:GS08:p0005,west,9,0,0
8467,CP-AP-r000:S-P05-S09:GS08:p0006,west,10,0,6
8468,CP-AP-r000:S-P05-S09:GS08:p0007,west,8,0,3
8469,CP-AP-r000:S-P05-S09:GS08:p0008,west,5,0,6
8470,CP-AP-r000:S-P05-S09:GS08:p0009,west,8,0,6
8471,CP-AP-r000:S-P05-S09:GS08:p0010,west,9,0,0
8472,CP-AP-r000:S-P05-S09:GS08:p0011,west,9,0,6
8473,CP-AP-r000:S-P05-S09:GS08:p0012,west,8,0,3
8474,CP-AP-r000:S-P05-S09:GS08:p0013,west,8,0,6
8475,CP-AP-r000:S-P05-S09:GS08:p0014,west,8,0,0
8476,CP-AP-r000:S-P05-S09:GS09:p0001,west,8,0,6
8477,CP-AP-r000:S-P05-S09:GS09:p0002,west,8,0,2
8478,CP-AP-r000:S-P05-S09:GS09:p0003,west,7,0,6
8479,CP-AP-r000:S-P05-S09:GS09:p0004,west,8,0,6
8480,CP-AP-r000:S-P05-S09:GS09:p0005,west,9,0,6
8481,CP-AP-r000:S-P05-S09:GS09:p0006,west,8,0,3
8482,CP-AP-r000:S-P05-S09:GS09:p0007,west,9,0,6
8483,CP-AP-r000:S-P05-S09:GS09:p0008,west,9,0,6
8484,CP-AP-r000:S-P05-S09:GS09:p0009,west,10,0,6
8485,CP-AP-r000:S-P05-S09:GS09:p0010,west,8,0,3
8486,CP-AP-r000:S-P05-S09:GS09:p0011,west,7,0,6
8487,CP-AP-r000:S-P05-S09:GS09:p0012,west,7,0,6
8488,CP-AP-r000:S-P05-S09:GS10:p0001,east,0,7,6
8489,CP-AP-r000:S-P05-S09:GS10:p0002,east,0,9,6
8490,CP-AP-r000:S-P05-S09:GS10:p0003,east,0,7,3
8491,CP-AP-r000:S-P05-S09:GS10:p0004,east,0,8,6
8492,CP-AP-r000:S-P05-S09:GS10:p0005,east,0,8,6
8493,CP-AP-r000:S-P05-S09:GS10:p0006,east,0,10,6
8494,CP-AP-r000:S-P05-S09:GS10:p0007,east,0,7,2
8495,CP-AP-r000:S-P05-S09:GS10:p0008,east,0,7,6
8496,CP-AP-r000:S-P05-S09:GS10:p0009,east,0,8,6
8497,CP-AP-r000:S-P05-S09:GS10:p0010,east,0,9,6
8498,CP-AP-r000:S-P05-S09:GS10:p0011,east,0,7,1
8499,CP-AP-r000:S-P05-S09:GS10:p0012,east,0,7,6
8500,CP-AP-r000:S-P05-S09:GS11:p0001,east,0,8,0
8501,CP-AP-r000:S-P05-S09:GS11:p0002,east,0,8,6
8502,CP-AP-r000:S-P05-S09:GS11:p0003,east,0,6,6
8503,CP-AP-r000:S-P05-S09:GS11:p0004,east,0,8,3
8504,CP-AP-r000:S-P05-S09:GS11:p0005,east,0,8,6
8505,CP-AP-r000:S-P05-S09:GS11:p0006,east,0,7,0
8506,CP-AP-r000:S-P05-S09:GS11:p0007,east,0,7,6
8507,CP-AP-r000:S-P05-S09:GS11:p0008,east,0,7,6
8508,CP-AP-r000:S-P05-S09:GS11:p0009,east,0,7,2
8509,CP-AP-r000:S-P05-S09:GS11:p0010,east,0,8,6
8510,CP-AP-r000:S-P05-S09:GS11:p0011,east,0,7,6
8511,CP-AP-r000:S-P05-S09:GS11:p0012,east,0,8,6
8512,CP-AP-r000:S-P05-S09:GS11:p0013,east,0,7,1
8513,CP-AP-r000:S-P05-S09:GS11:p0014,east,0,8,6
8514,CP-AP-r000:S-P05-S09:GS12:p0001,east,0,10,0
8515,CP-AP-r000:S-P05-S09:GS12:p0002,east,0,8,6
8516,CP-AP-r000:S-P05-S09:GS12:p0003,east,0,5,0
8517,CP-AP-r000:S-P05-S09:GS12:p0004,east,0,8,3
8518,CP-AP-r000:S-P05-S09:GS12:p0005,east,0,8,6
8519,CP-AP-r000:S-P05-S09:GS12:p0006,east,0,10,0
8520,CP-AP-r000:S-P05-S09:GS12:p0007,east,0,8,6
8521,CP-AP-r000:S-P05-S09:GS12:p0008,east,0,8,2
8522,CP-AP-r000:S-P05-S09:GS12:p0009,east,0,7,6
8523,CP-AP-r000:S-P05-S09:GS12:p0010,east,0,8,0
8524,CP-AP-r000:S-P05-S09:GS12:p0011,east,0,8,6
8525,CP-AP-r000:S-P05-S09:GS12:p0012,east,0,8,1
8526,CP-AP-r000:S-P05-S09:GS12:p0013,east,0,8,6
8527,CP-AP-r000:S-P05-S10:GS01:p0001,west,7,0,6
8528,CP-AP-r000:S-P05-S10:GS01:p0002,west,6,0,2
8529,CP-AP-r000:S-P05-S10:GS01:p0003,west,7,0,6
8530,CP-AP-r000:S-P05-S10:GS01:p0004,west,6,0,0
8531,CP-AP-r000:S-P05-S10:GS01:p0005,west,8,0,6
8532,CP-AP-r000:S-P05-S10:GS01:p0006,west,6,0,3
8533,CP-AP-r000:S-P05-S10:GS01:p0007,west,7,0,6
8534,CP-AP-r000:S-P05-S10:GS01:p0008,west,6,0,0
8535,CP-AP-r000:S-P05-S10:GS01:p0009,west,6,0,6
8536,CP-AP-r000:S-P05-S10:GS01:p0010,west,4,0,3
8537,CP-AP-r000:S-P05-S10:GS01:p0011,west,7,0,6
8538,CP-AP-r000:S-P05-S10:GS01:p0012,west,6,0,0
8539,CP-AP-r000:S-P05-S10:GS02:p0001,west,6,0,6
8540,CP-AP-r000:S-P05-S10:GS02:p0002,west,6,0,2
8541,CP-AP-r000:S-P05-S10:GS02:p0003,west,7,0,6
8542,CP-AP-r000:S-P05-S10:GS02:p0004,west,4,0,0
8543,CP-AP-r000:S-P05-S10:GS02:p0005,west,6,0,6
8544,CP-AP-r000:S-P05-S10:GS02:p0006,west,6,0,3
8545,CP-AP-r000:S-P05-S10:GS02:p0007,west,6,0,6
8546,CP-AP-r000:S-P05-S10:GS02:p0008,west,6,0,0
8547,CP-AP-r000:S-P05-S10:GS02:p0009,west,6,0,6
8548,CP-AP-r000:S-P05-S10:GS02:p0010,west,6,0,3
8549,CP-AP-r000:S-P05-S10:GS02:p0011,west,7,0,6
8550,CP-AP-r000:S-P05-S10:GS02:p0012,west,6,0,0
8551,CP-AP-r000:S-P05-S10:GS03:p0001,west,4,0,6
8552,CP-AP-r000:S-P05-S10:GS03:p0002,west,5,0,2
8553,CP-AP-r000:S-P05-S10:GS03:p0003,west,4,0,6
8554,CP-AP-r000:S-P05-S10:GS03:p0004,west,7,0,6
8555,CP-AP-r000:S-P05-S10:GS03:p0005,west,6,0,6
8556,CP-AP-r000:S-P05-S10:GS03:p0006,west,6,0,3
8557,CP-AP-r000:S-P05-S10:GS03:p0007,west,7,0,6
8558,CP-AP-r000:S-P05-S10:GS03:p0008,west,6,0,6
8559,CP-AP-r000:S-P05-S10:GS03:p0009,west,6,0,3
8560,CP-AP-r000:S-P05-S10:GS03:p0010,west,7,0,6
8561,CP-AP-r000:S-P05-S10:GS03:p0011,west,6,0,0
8562,CP-AP-r000:S-P05-S10:GS04:p0001,east,0,6,6
8563,CP-AP-r000:S-P05-S10:GS04:p0002,east,0,7,3
8564,CP-AP-r000:S-P05-S10:GS04:p0003,east,0,6,6
8565,CP-AP-r000:S-P05-S10:GS04:p0004,east,0,6,6
8566,CP-AP-r000:S-P05-S10:GS04:p0005,east,0,6,6
8567,CP-AP-r000:S-P05-S10:GS04:p0006,east,0,8,2
8568,CP-AP-r000:S-P05-S10:GS04:p0007,east,0,7,6
8569,CP-AP-r000:S-P05-S10:GS04:p0008,east,0,6,5
8570,CP-AP-r000:S-P05-S10:GS04:p0009,east,0,5,6
8571,CP-AP-r000:S-P05-S10:GS04:p0010,east,0,5,1
8572,CP-AP-r000:S-P05-S10:GS04:p0011,east,0,7,6
8573,CP-AP-r000:S-P05-S10:GS05:p0001,east,0,8,0
8574,CP-AP-r000:S-P05-S10:GS05:p0002,east,0,6,6
8575,CP-AP-r000:S-P05-S10:GS05:p0003,east,0,7,3
8576,CP-AP-r000:S-P05-S10:GS05:p0004,east,0,6,6
8577,CP-AP-r000:S-P05-S10:GS05:p0005,east,0,6,0
8578,CP-AP-r000:S-P05-S10:GS05:p0006,east,0,4,6
8579,CP-AP-r000:S-P05-S10:GS05:p0007,east,0,7,2
8580,CP-AP-r000:S-P05-S10:GS05:p0008,east,0,6,6
8581,CP-AP-r000:S-P05-S10:GS05:p0009,east,0,7,0
8582,CP-AP-r000:S-P05-S10:GS05:p0010,east,0,5,5
8583,CP-AP-r000:S-P05-S10:GS05:p0011,east,0,7,1
8584,CP-AP-r000:S-P05-S10:GS05:p0012,east,0,6,6
8585,CP-AP-r000:S-P05-S10:GS06:p0001,east,0,6,0
8586,CP-AP-r000:S-P05-S10:GS06:p0002,east,0,6,6
8587,CP-AP-r000:S-P05-S10:GS06:p0003,east,0,6,3
8588,CP-AP-r000:S-P05-S10:GS06:p0004,east,0,6,6
8589,CP-AP-r000:S-P05-S10:GS06:p0005,east,0,6,0
8590,CP-AP-r000:S-P05-S10:GS06:p0006,east,0,6,6
8591,CP-AP-r000:S-P05-S10:GS06:p0007,east,0,7,2
8592,CP-AP-r000:S-P05-S10:GS06:p0008,east,0,6,6
8593,CP-AP-r000:S-P05-S10:GS06:p0009,east,0,7,0
8594,CP-AP-r000:S-P05-S10:GS06:p0010,east,0,6,5
8595,CP-AP-r000:S-P05-S10:GS06:p0011,east,0,7,1
8596,CP-AP-r000:S-P05-S10:GS06:p0012,east,0,6,6
8597,CP-AP-r000:S-P05-S10:GS07:p0001,west,10,0,6
8598,CP-AP-r000:S-P05-S10:GS07:p0002,west,8,0,2
8599,CP-AP-r000:S-P05-S10:GS07:p0003,west,8,0,6
8600,CP-AP-r000:S-P05-S10:GS07:p0004,west,8,0,0
8601,CP-AP-r000:S-P05-S10:GS07:p0005,west,10,0,6
8602,CP-AP-r000:S-P05-S10:GS07:p0006,west,8,0,3
8603,CP-AP-r000:S-P05-S10:GS07:p0007,west,5,0,0
8604,CP-AP-r000:S-P05-S10:GS07:p0008,west,8,0,6
8605,CP-AP-r000:S-P05-S10:GS07:p0009,west,8,0,0
8606,CP-AP-r000:S-P05-S10:GS07:p0010,west,8,0,3
8607,CP-AP-r000:S-P05-S10:GS07:p0011,west,5,0,0
8608,CP-AP-r000:S-P05-S10:GS07:p0012,west,8,0,6
8609,CP-AP-r000:S-P05-S10:GS07:p0013,west,8,0,0
8610,CP-AP-r000:S-P05-S10:GS08:p0001,west,10,0,6
8611,CP-AP-r000:S-P05-S10:GS08:p0002,west,8,0,2
8612,CP-AP-r000:S-P05-S10:GS08:p0003,west,6,0,6
8613,CP-AP-r000:S-P05-S10:GS08:p0004,west,7,0,6
8614,CP-AP-r000:S-P05-S10:GS08:p0005,west,5,0,0
8615,CP-AP-r000:S-P05-S10:GS08:p0006,west,10,0,6
8616,CP-AP-r000:S-P05-S10:GS08:p0007,west,8,0,3
8617,CP-AP-r000:S-P05-S10:GS08:p0008,west,7,0,6
8618,CP-AP-r000:S-P05-S10:GS08:p0009,west,8,0,6
8619,CP-AP-r000:S-P05-S10:GS08:p0010,west,7,0,0
8620,CP-AP-r000:S-P05-S10:GS08:p0011,west,10,0,6
8621,CP-AP-r000:S-P05-S10:GS08:p0012,west,8,0,3
8622,CP-AP-r000:S-P05-S10:GS08:p0013,west,8,0,6
8623,CP-AP-r000:S-P05-S10:GS08:p0014,west,8,0,0
8624,CP-AP-r000:S-P05-S10:GS09:p0001,west,7,0,6
8625,CP-AP-r000:S-P05-S10:GS09:p0002,west,7,0,2
8626,CP-AP-r000:S-P05-S10:GS09:p0003,west,10,0,6
8627,CP-AP-r000:S-P05-S10:GS09:p0004,west,8,0,6
8628,CP-AP-r000:S-P05-S10:GS09:p0005,west,7,0,6
8629,CP-AP-r000:S-P05-S10:GS09:p0006,west,7,0,3
8630,CP-AP-r000:S-P05-S10:GS09:p0007,west,9,0,6
8631,CP-AP-r000:S-P05-S10:GS09:p0008,west,9,0,6
8632,CP-AP-r000:S-P05-S10:GS09:p0009,west,10,0,6
8633,CP-AP-r000:S-P05-S10:GS09:p0010,west,7,0,3
8634,CP-AP-r000:S-P05-S10:GS09:p0011,west,8,0,6
8635,CP-AP-r000:S-P05-S10:GS09:p0012,west,7,0,6
8636,CP-AP-r000:S-P05-S10:GS10:p0001,east,0,7,6
8637,CP-AP-r000:S-P05-S10:GS10:p0002,east,0,8,6
8638,CP-AP-r000:S-P05-S10:GS10:p0003,east,0,8,3
8639,CP-AP-r000:S-P05-S10:GS10:p0004,east,0,8,6
8640,CP-AP-r000:S-P05-S10:GS10:p0005,east,0,8,6
8641,CP-AP-r000:S-P05-S10:GS10:p0006,east,0,8,6
8642,CP-AP-r000:S-P05-S10:GS10:p0007,east,0,8,2
8643,CP-AP-r000:S-P05-S10:GS10:p0008,east,0,8,6
8644,CP-AP-r000:S-P05-S10:GS10:p0009,east,0,8,5
8645,CP-AP-r000:S-P05-S10:GS10:p0010,east,0,7,6
8646,CP-AP-r000:S-P05-S10:GS10:p0011,east,0,9,1
8647,CP-AP-r000:S-P05-S10:GS10:p0012,east,0,8,6
8648,CP-AP-r000:S-P05-S10:GS11:p0001,east,0,10,0
8649,CP-AP-r000:S-P05-S10:GS11:p0002,east,0,8,6
8650,CP-AP-r000:S-P05-S10:GS11:p0003,east,0,5,6
8651,CP-AP-r000:S-P05-S10:GS11:p0004,east,0,8,3
8652,CP-AP-r000:S-P05-S10:GS11:p0005,east,0,8,6
8653,CP-AP-r000:S-P05-S10:GS11:p0006,east,0,9,0
8654,CP-AP-r000:S-P05-S10:GS11:p0007,east,0,8,6
8655,CP-AP-r000:S-P05-S10:GS11:p0008,east,0,6,6
8656,CP-AP-r000:S-P05-S10:GS11:p0009,east,0,8,2
8657,CP-AP-r000:S-P05-S10:GS11:p0010,east,0,8,6
8658,CP-AP-r000:S-P05-S10:GS11:p0011,east,0,8,5
8659,CP-AP-r000:S-P05-S10:GS11:p0012,east,0,8,6
8660,CP-AP-r000:S-P05-S10:GS11:p0013,east,0,8,1
8661,CP-AP-r000:S-P05-S10:GS11:p0014,east,0,8,6
8662,CP-AP-r000:S-P05-S10:GS12:p0001,east,0,10,0
8663,CP-AP-r000:S-P05-S10:GS12:p0002,east,0,8,6
8664,CP-AP-r000:S-P05-S10:GS12:p0003,east,0,7,0
8665,CP-AP-r000:S-P05-S10:GS12:p0004,east,0,7,3
8666,CP-AP-r000:S-P05-S10:GS12:p0005,east,0,6,6
8667,CP-AP-r000:S-P05-S10:GS12:p0006,east,0,10,0
8668,CP-AP-r000:S-P05-S10:GS12:p0007,east,0,8,6
8669,CP-AP-r000:S-P05-S10:GS12:p0008,east,0,8,2
8670,CP-AP-r000:S-P05-S10:GS12:p0009,east,0,7,6
8671,CP-AP-r000:S-P05-S10:GS12:p0010,east,0,9,0
8672,CP-AP-r000:S-P05-S10:GS12:p0011,east,0,8,5
8673,CP-AP-r000:S-P05-S10:GS12:p0012,east,0,8,1
8674,CP-AP-r000:S-P05-S10:GS12:p0013,east,0,8,6
8675,CP-AP-r000:S-P05-S11:GS01:p0001,west,6,0,6
8676,CP-AP-r000:S-P05-S11:GS01:p0002,west,5,0,3
8677,CP-AP-r000:S-P05-S11:GS01:p0003,west,6,0,6
8678,CP-AP-r000:S-P05-S11:GS01:p0004,west,7,0,0
8679,CP-AP-r000:S-P05-S11:GS01:p0005,west,7,0,6
8680,CP-AP-r000:S-P05-S11:GS01:p0006,west,7,0,4
8681,CP-AP-r000:S-P05-S11:GS01:p0007,west,6,0,6
8682,CP-AP-r000:S-P05-S11:GS01:p0008,west,7,0,0
8683,CP-AP-r000:S-P05-S11:GS01:p0009,west,7,0,5
8684,CP-AP-r000:S-P05-S11:GS01:p0010,west,6,0,6
8685,CP-AP-r000:S-P05-S11:GS01:p0011,west,7,0,0
8686,CP-AP-r000:S-P05-S11:GS02:p0001,west,7,0,6
8687,CP-AP-r000:S-P05-S11:GS02:p0002,west,7,0,3
8688,CP-AP-r000:S-P05-S11:GS02:p0003,west,6,0,6
8689,CP-AP-r000:S-P05-S11:GS02:p0004,west,7,0,0
8690,CP-AP-r000:S-P05-S11:GS02:p0005,west,8,0,6
8691,CP-AP-r000:S-P05-S11:GS02:p0006,west,7,0,4
8692,CP-AP-r000:S-P05-S11:GS02:p0007,west,6,0,6
8693,CP-AP-r000:S-P05-S11:GS02:p0008,west,7,0,0
8694,CP-AP-r000:S-P05-S11:GS02:p0009,west,7,0,6
8695,CP-AP-r000:S-P05-S11:GS02:p0010,west,6,0,5
8696,CP-AP-r000:S-P05-S11:GS02:p0011,west,6,0,6
8697,CP-AP-r000:S-P05-S11:GS02:p0012,west,7,0,0
8698,CP-AP-r000:S-P05-S11:GS03:p0001,west,7,0,6
8699,CP-AP-r000:S-P05-S11:GS03:p0002,west,7,0,3
8700,CP-AP-r000:S-P05-S11:GS03:p0003,west,6,0,6
8701,CP-AP-r000:S-P05-S11:GS03:p0004,west,7,0,0
8702,CP-AP-r000:S-P05-S11:GS03:p0005,west,7,0,6
8703,CP-AP-r000:S-P05-S11:GS03:p0006,west,7,0,4
8704,CP-AP-r000:S-P05-S11:GS03:p0007,west,6,0,6
8705,CP-AP-r000:S-P05-S11:GS03:p0008,west,6,0,0
8706,CP-AP-r000:S-P05-S11:GS03:p0009,west,7,0,6
8707,CP-AP-r000:S-P05-S11:GS03:p0010,west,7,0,5
8708,CP-AP-r000:S-P05-S11:GS03:p0011,west,6,0,6
8709,CP-AP-r000:S-P05-S11:GS03:p0012,west,7,0,0
8710,CP-AP-r000:S-P05-S11:GS04:p0001,east,0,7,6
8711,CP-AP-r000:S-P05-S11:GS04:p0002,east,0,5,6
8712,CP-AP-r000:S-P05-S11:GS04:p0003,east,0,5,1
8713,CP-AP-r000:S-P05-S11:GS04:p0004,east,0,7,6
8714,CP-AP-r000:S-P05-S11:GS04:p0005,east,0,5,5
8715,CP-AP-r000:S-P05-S11:GS04:p0006,east,0,8,6
8716,CP-AP-r000:S-P05-S11:GS04:p0007,east,0,6,1
8717,CP-AP-r000:S-P05-S11:GS04:p0008,east,0,7,6
8718,CP-AP-r000:S-P05-S11:GS04:p0009,east,0,7,4
8719,CP-AP-r000:S-P05-S11:GS04:p0010,east,0,7,6
8720,CP-AP-r000:S-P05-S11:GS04:p0011,east,0,7,6
8721,CP-AP-r000:S-P05-S11:GS05:p0001,east,0,7,0
8722,CP-AP-r000:S-P05-S11:GS05:p0002,east,0,6,6
8723,CP-AP-r000:S-P05-S11:GS05:p0003,east,0,6,1
8724,CP-AP-r000:S-P05-S11:GS05:p0004,east,0,7,6
8725,CP-AP-r000:S-P05-S11:GS05:p0005,east,0,7,5
8726,CP-AP-r000:S-P05-S11:GS05:p0006,east,0,6,1
8727,CP-AP-r000:S-P05-S11:GS05:p0007,east,0,7,6
8728,CP-AP-r000:S-P05-S11:GS05:p0008,east,0,7,4
8729,CP-AP-r000:S-P05-S11:GS05:p0009,east,0,4,6
8730,CP-AP-r000:S-P05-S11:GS05:p0010,east,0,6,1
8731,CP-AP-r000:S-P05-S11:GS05:p0011,east,0,8,6
8732,CP-AP-r000:S-P05-S11:GS06:p0001,east,0,8,0
8733,CP-AP-r000:S-P05-S11:GS06:p0002,east,0,7,6
8734,CP-AP-r000:S-P05-S11:GS06:p0003,east,0,6,1
8735,CP-AP-r000:S-P05-S11:GS06:p0004,east,0,7,6
8736,CP-AP-r000:S-P05-S11:GS06:p0005,east,0,8,0
8737,CP-AP-r000:S-P05-S11:GS06:p0006,east,0,6,5
8738,CP-AP-r000:S-P05-S11:GS06:p0007,east,0,6,1
8739,CP-AP-r000:S-P05-S11:GS06:p0008,east,0,7,6
8740,CP-AP-r000:S-P05-S11:GS06:p0009,east,0,6,0
8741,CP-AP-r000:S-P05-S11:GS06:p0010,east,0,5,4
8742,CP-AP-r000:S-P05-S11:GS06:p0011,east,0,6,1
8743,CP-AP-r000:S-P05-S11:GS06:p0012,east,0,7,6
8744,CP-AP-r000:S-P05-S11:GS07:p0001,west,8,0,6
8745,CP-AP-r000:S-P05-S11:GS07:p0002,west,7,0,3
8746,CP-AP-r000:S-P05-S11:GS07:p0003,west,6,0,0
8747,CP-AP-r000:S-P05-S11:GS07:p0004,west,7,0,6
8748,CP-AP-r000:S-P05-S11:GS07:p0005,west,9,0,0
8749,CP-AP-r000:S-P05-S11:GS07:p0006,west,7,0,4
8750,CP-AP-r000:S-P05-S11:GS07:p0007,west,9,0,0
8751,CP-AP-r000:S-P05-S11:GS07:p0008,west,7,0,6
8752,CP-AP-r000:S-P05-S11:GS07:p0009,west,8,0,0
8753,CP-AP-r000:S-P05-S11:GS07:p0010,west,8,0,5
8754,CP-AP-r000:S-P05-S11:GS07:p0011,west,9,0,0
8755,CP-AP-r000:S-P05-S11:GS07:p0012,west,7,0,6
8756,CP-AP-r000:S-P05-S11:GS07:p0013,west,8,0,0
8757,CP-AP-r000:S-P05-S11:GS08:p0001,west,10,0,6
8758,CP-AP-r000:S-P05-S11:GS08:p0002,west,8,0,3
8759,CP-AP-r000:S-P05-S11:GS08:p0003,west,8,0,6
8760,CP-AP-r000:S-P05-S11:GS08:p0004,west,8,0,0
8761,CP-AP-r000:S-P05-S11:GS08:p0005,west,7,0,6
8762,CP-AP-r000:S-P05-S11:GS08:p0006,west,8,0,4
8763,CP-AP-r000:S-P05-S11:GS08:p0007,west,8,0,6
8764,CP-AP-r000:S-P05-S11:GS08:p0008,west,8,0,0
8765,CP-AP-r000:S-P05-S11:GS08:p0009,west,8,0,6
8766,CP-AP-r000:S-P05-S11:GS08:p0010,west,8,0,5
8767,CP-AP-r000:S-P05-S11:GS08:p0011,west,7,0,0
8768,CP-AP-r000:S-P05-S11:GS08:p0012,west,7,0,6
8769,CP-AP-r000:S-P05-S11:GS08:p0013,west,8,0,0
8770,CP-AP-r000:S-P05-S11:GS09:p0001,west,10,0,6
8771,CP-AP-r000:S-P05-S11:GS09:p0002,west,8,0,3
8772,CP-AP-r000:S-P05-S11:GS09:p0003,west,7,0,6
8773,CP-AP-r000:S-P05-S11:GS09:p0004,west,8,0,6
8774,CP-AP-r000:S-P05-S11:GS09:p0005,west,10,0,6
8775,CP-AP-r000:S-P05-S11:GS09:p0006,west,8,0,4
8776,CP-AP-r000:S-P05-S11:GS09:p0007,west,6,0,6
8777,CP-AP-r000:S-P05-S11:GS09:p0008,west,7,0,6
8778,CP-AP-r000:S-P05-S11:GS09:p0009,west,8,0,0
8779,CP-AP-r000:S-P05-S11:GS09:p0010,west,10,0,6
8780,CP-AP-r000:S-P05-S11:GS09:p0011,west,8,0,5
8781,CP-AP-r000:S-P05-S11:GS09:p0012,west,6,0,5
8782,CP-AP-r000:S-P05-S11:GS09:p0013,west,8,0,6
8783,CP-AP-r000:S-P05-S11:GS09:p0014,west,8,0,0
8784,CP-AP-r000:S-P05-S11:GS10:p0001,east,0,8,6
8785,CP-AP-r000:S-P05-S11:GS10:p0002,east,0,9,6
8786,CP-AP-r000:S-P05-S11:GS10:p0003,east,0,7,1
8787,CP-AP-r000:S-P05-S11:GS10:p0004,east,0,7,6
8788,CP-AP-r000:S-P05-S11:GS10:p0005,east,0,8,5
8789,CP-AP-r000:S-P05-S11:GS10:p0006,east,0,8,6
8790,CP-AP-r000:S-P05-S11:GS10:p0007,east,0,8,1
8791,CP-AP-r000:S-P05-S11:GS10:p0008,east,0,8,6
8792,CP-AP-r000:S-P05-S11:GS10:p0009,east,0,8,4
8793,CP-AP-r000:S-P05-S11:GS10:p0010,east,0,8,6
8794,CP-AP-r000:S-P05-S11:GS10:p0011,east,0,8,1
8795,CP-AP-r000:S-P05-S11:GS10:p0012,east,0,9,6
8796,CP-AP-r000:S-P05-S11:GS11:p0001,east,0,7,6
8797,CP-AP-r000:S-P05-S11:GS11:p0002,east,0,8,6
8798,CP-AP-r000:S-P05-S11:GS11:p0003,east,0,7,1
8799,CP-AP-r000:S-P05-S11:GS11:p0004,east,0,8,6
8800,CP-AP-r000:S-P05-S11:GS11:p0005,east,0,7,5
8801,CP-AP-r000:S-P05-S11:GS11:p0006,east,0,9,6
8802,CP-AP-r000:S-P05-S11:GS11:p0007,east,0,7,1
8803,CP-AP-r000:S-P05-S11:GS11:p0008,east,0,8,6
8804,CP-AP-r000:S-P05-S11:GS11:p0009,east,0,8,4
8805,CP-AP-r000:S-P05-S11:GS11:p0010,east,0,10,6
8806,CP-AP-r000:S-P05-S11:GS11:p0011,east,0,7,1
8807,CP-AP-r000:S-P05-S11:GS11:p0012,east,0,7,6
8808,CP-AP-r000:S-P05-S11:GS12:p0001,east,0,9,0
8809,CP-AP-r000:S-P05-S11:GS12:p0002,east,0,8,6
8810,CP-AP-r000:S-P05-S11:GS12:p0003,east,0,8,1
8811,CP-AP-r000:S-P05-S11:GS12:p0004,east,0,8,6
8812,CP-AP-r000:S-P05-S11:GS12:p0005,east,0,8,0
8813,CP-AP-r000:S-P05-S11:GS12:p0006,east,0,8,5
8814,CP-AP-r000:S-P05-S11:GS12:p0007,east,0,7,6
8815,CP-AP-r000:S-P05-S11:GS12:p0008,east,0,7,1
8816,CP-AP-r000:S-P05-S11:GS12:p0009,east,0,8,6
8817,CP-AP-r000:S-P05-S11:GS12:p0010,east,0,8,0
8818,CP-AP-r000:S-P05-S11:GS12:p0011,east,0,7,4
8819,CP-AP-r000:S-P05-S11:GS12:p0012,east,0,6,6
8820,CP-AP-r000:S-P05-S11:GS12:p0013,east,0,7,1
8821,CP-AP-r000:S-P05-S11:GS12:p0014,east,0,9,6
8822,CP-AP-r000:S-P05-S12:GS01:p0001,west,6,0,6
8823,CP-AP-r000:S-P05-S12:GS01:p0002,west,4,0,3
8824,CP-AP-r000:S-P05-S12:GS01:p0003,west,7,0,6
8825,CP-AP-r000:S-P05-S12:GS01:p0004,west,6,0,0
8826,CP-AP-r000:S-P05-S12:GS01:p0005,west,7,0,6
8827,CP-AP-r000:S-P05-S12:GS01:p0006,west,6,0,4
8828,CP-AP-r000:S-P05-S12:GS01:p0007,west,7,0,6
8829,CP-AP-r000:S-P05-S12:GS01:p0008,west,6,0,0
8830,CP-AP-r000:S-P05-S12:GS01:p0009,west,6,0,5
8831,CP-AP-r000:S-P05-S12:GS01:p0010,west,7,0,6
8832,CP-AP-r000:S-P05-S12:GS01:p0011,west,6,0,1
8833,CP-AP-r000:S-P05-S12:GS02:p0001,west,6,0,6
8834,CP-AP-r000:S-P05-S12:GS02:p0002,west,6,0,3
8835,CP-AP-r000:S-P05-S12:GS02:p0003,west,7,0,6
8836,CP-AP-r000:S-P05-S12:GS02:p0004,west,6,0,0
8837,CP-AP-r000:S-P05-S12:GS02:p0005,west,7,0,6
8838,CP-AP-r000:S-P05-S12:GS02:p0006,west,6,0,4
8839,CP-AP-r000:S-P05-S12:GS02:p0007,west,7,0,6
8840,CP-AP-r000:S-P05-S12:GS02:p0008,west,6,0,0
8841,CP-AP-r000:S-P05-S12:GS02:p0009,west,7,0,6
8842,CP-AP-r000:S-P05-S12:GS02:p0010,west,6,0,5
8843,CP-AP-r000:S-P05-S12:GS02:p0011,west,7,0,6
8844,CP-AP-r000:S-P05-S12:GS02:p0012,west,6,0,1
8845,CP-AP-r000:S-P05-S12:GS03:p0001,west,6,0,6
8846,CP-AP-r000:S-P05-S12:GS03:p0002,west,6,0,3
8847,CP-AP-r000:S-P05-S12:GS03:p0003,west,7,0,6
8848,CP-AP-r000:S-P05-S12:GS03:p0004,west,6,0,0
8849,CP-AP-r000:S-P05-S12:GS03:p0005,west,6,0,6
8850,CP-AP-r000:S-P05-S12:GS03:p0006,west,6,0,4
8851,CP-AP-r000:S-P05-S12:GS03:p0007,west,7,0,6
8852,CP-AP-r000:S-P05-S12:GS03:p0008,west,4,0,0
8853,CP-AP-r000:S-P05-S12:GS03:p0009,west,6,0,6
8854,CP-AP-r000:S-P05-S12:GS03:p0010,west,6,0,5
8855,CP-AP-r000:S-P05-S12:GS03:p0011,west,6,0,6
8856,CP-AP-r000:S-P05-S12:GS03:p0012,west,6,0,1
8857,CP-AP-r000:S-P05-S12:GS04:p0001,east,0,7,6
8858,CP-AP-r000:S-P05-S12:GS04:p0002,east,0,5,6
8859,CP-AP-r000:S-P05-S12:GS04:p0003,east,0,5,1
8860,CP-AP-r000:S-P05-S12:GS04:p0004,east,0,7,6
8861,CP-AP-r000:S-P05-S12:GS04:p0005,east,0,4,5
8862,CP-AP-r000:S-P05-S12:GS04:p0006,east,0,6,6
8863,CP-AP-r000:S-P05-S12:GS04:p0007,east,0,4,1
8864,CP-AP-r000:S-P05-S12:GS04:p0008,east,0,7,6
8865,CP-AP-r000:S-P05-S12:GS04:p0009,east,0,6,4
8866,CP-AP-r000:S-P05-S12:GS04:p0010,east,0,6,6
8867,CP-AP-r000:S-P05-S12:GS04:p0011,east,0,7,6
8868,CP-AP-r000:S-P05-S12:GS04:p0012,east,0,8,6
8869,CP-AP-r000:S-P05-S12:GS05:p0001,east,0,7,0
8870,CP-AP-r000:S-P05-S12:GS05:p0002,east,0,5,6
8871,CP-AP-r000:S-P05-S12:GS05:p0003,east,0,7,1
8872,CP-AP-r000:S-P05-S12:GS05:p0004,east,0,6,6
8873,CP-AP-r000:S-P05-S12:GS05:p0005,east,0,7,5
8874,CP-AP-r000:S-P05-S12:GS05:p0006,east,0,7,1
8875,CP-AP-r000:S-P05-S12:GS05:p0007,east,0,6,6
8876,CP-AP-r000:S-P05-S12:GS05:p0008,east,0,6,4
8877,CP-AP-r000:S-P05-S12:GS05:p0009,east,0,6,6
8878,CP-AP-r000:S-P05-S12:GS05:p0010,east,0,7,1
8879,CP-AP-r000:S-P05-S12:GS05:p0011,east,0,7,6
8880,CP-AP-r000:S-P05-S12:GS06:p0001,east,0,7,0
8881,CP-AP-r000:S-P05-S12:GS06:p0002,east,0,6,6
8882,CP-AP-r000:S-P05-S12:GS06:p0003,east,0,7,1
8883,CP-AP-r000:S-P05-S12:GS06:p0004,east,0,6,6
8884,CP-AP-r000:S-P05-S12:GS06:p0005,east,0,8,0
8885,CP-AP-r000:S-P05-S12:GS06:p0006,east,0,6,5
8886,CP-AP-r000:S-P05-S12:GS06:p0007,east,0,7,1
8887,CP-AP-r000:S-P05-S12:GS06:p0008,east,0,6,6
8888,CP-AP-r000:S-P05-S12:GS06:p0009,east,0,6,0
8889,CP-AP-r000:S-P05-S12:GS06:p0010,east,0,4,4
8890,CP-AP-r000:S-P05-S12:GS06:p0011,east,0,7,1
8891,CP-AP-r000:S-P05-S12:GS06:p0012,east,0,6,6
8892,CP-AP-r000:S-P05-S12:GS07:p0001,west,9,0,6
8893,CP-AP-r000:S-P05-S12:GS07:p0002,west,8,0,3
8894,CP-AP-r000:S-P05-S12:GS07:p0003,west,5,0,0
8895,CP-AP-r000:S-P05-S12:GS07:p0004,west,8,0,6
8896,CP-AP-r000:S-P05-S12:GS07:p0005,west,8,0,0
8897,CP-AP-r000:S-P05-S12:GS07:p0006,west,7,0,4
8898,CP-AP-r000:S-P05-S12:GS07:p0007,west,8,0,0
8899,CP-AP-r000:S-P05-S12:GS07:p0008,west,8,0,6
8900,CP-AP-r000:S-P05-S12:GS07:p0009,west,8,0,0
8901,CP-AP-r000:S-P05-S12:GS07:p0010,west,8,0,5
8902,CP-AP-r000:S-P05-S12:GS07:p0011,west,8,0,0
8903,CP-AP-r000:S-P05-S12:GS07:p0012,west,8,0,6
8904,CP-AP-r000:S-P05-S12:GS07:p0013,west,9,0,1
8905,CP-AP-r000:S-P05-S12:GS08:p0001,west,10,0,6
8906,CP-AP-r000:S-P05-S12:GS08:p0002,west,8,0,3
8907,CP-AP-r000:S-P05-S12:GS08:p0003,west,8,0,6
8908,CP-AP-r000:S-P05-S12:GS08:p0004,west,8,0,0
8909,CP-AP-r000:S-P05-S12:GS08:p0005,west,8,0,6
8910,CP-AP-r000:S-P05-S12:GS08:p0006,west,8,0,4
8911,CP-AP-r000:S-P05-S12:GS08:p0007,west,8,0,6
8912,CP-AP-r000:S-P05-S12:GS08:p0008,west,8,0,0
8913,CP-AP-r000:S-P05-S12:GS08:p0009,west,9,0,6
8914,CP-AP-r000:S-P05-S12:GS08:p0010,west,8,0,5
8915,CP-AP-r000:S-P05-S12:GS08:p0011,west,5,0,0
8916,CP-AP-r000:S-P05-S12:GS08:p0012,west,8,0,6
8917,CP-AP-r000:S-P05-S12:GS08:p0013,west,8,0,1
8918,CP-AP-r000:S-P05-S12:GS09:p0001,west,9,0,6
8919,CP-AP-r000:S-P05-S12:GS09:p0002,west,7,0,3
8920,CP-AP-r000:S-P05-S12:GS09:p0003,west,8,0,6
8921,CP-AP-r000:S-P05-S12:GS09:p0004,west,7,0,6
8922,CP-AP-r000:S-P05-S12:GS09:p0005,west,10,0,6
8923,CP-AP-r000:S-P05-S12:GS09:p0006,west,8,0,4
8924,CP-AP-r000:S-P05-S12:GS09:p0007,west,7,0,6
8925,CP-AP-r000:S-P05-S12:GS09:p0008,west,7,0,6
8926,CP-AP-r000:S-P05-S12:GS09:p0009,west,5,0,0
8927,CP-AP-r000:S-P05-S12:GS09:p0010,west,10,0,6
8928,CP-AP-r000:S-P05-S12:GS09:p0011,west,8,0,5
8929,CP-AP-r000:S-P05-S12:GS09:p0012,west,6,0,5
8930,CP-AP-r000:S-P05-S12:GS09:p0013,west,8,0,6
8931,CP-AP-r000:S-P05-S12:GS09:p0014,west,6,0,1
8932,CP-AP-r000:S-P05-S12:GS10:p0001,east,0,8,6
8933,CP-AP-r000:S-P05-S12:GS10:p0002,east,0,7,6
8934,CP-AP-r000:S-P05-S12:GS10:p0003,east,0,9,1
8935,CP-AP-r000:S-P05-S12:GS10:p0004,east,0,8,6
8936,CP-AP-r000:S-P05-S12:GS10:p0005,east,0,7,5
8937,CP-AP-r000:S-P05-S12:GS10:p0006,east,0,7,6
8938,CP-AP-r000:S-P05-S12:GS10:p0007,east,0,10,1
8939,CP-AP-r000:S-P05-S12:GS10:p0008,east,0,8,6
8940,CP-AP-r000:S-P05-S12:GS10:p0009,east,0,7,4
8941,CP-AP-r000:S-P05-S12:GS10:p0010,east,0,7,6
8942,CP-AP-r000:S-P05-S12:GS10:p0011,east,0,9,1
8943,CP-AP-r000:S-P05-S12:GS10:p0012,east,0,9,6
8944,CP-AP-r000:S-P05-S12:GS11:p0001,east,0,8,6
8945,CP-AP-r000:S-P05-S12:GS11:p0002,east,0,7,6
8946,CP-AP-r000:S-P05-S12:GS11:p0003,east,0,8,1
8947,CP-AP-r000:S-P05-S12:GS11:p0004,east,0,8,6
8948,CP-AP-r000:S-P05-S12:GS11:p0005,east,0,7,5
8949,CP-AP-r000:S-P05-S12:GS11:p0006,east,0,8,6
8950,CP-AP-r000:S-P05-S12:GS11:p0007,east,0,8,1
8951,CP-AP-r000:S-P05-S12:GS11:p0008,east,0,8,6
8952,CP-AP-r000:S-P05-S12:GS11:p0009,east,0,8,4
8953,CP-AP-r000:S-P05-S12:GS11:p0010,east,0,8,6
8954,CP-AP-r000:S-P05-S12:GS11:p0011,east,0,8,1
8955,CP-AP-r000:S-P05-S12:GS11:p0012,east,0,8,6
8956,CP-AP-r000:S-P05-S12:GS12:p0001,east,0,10,0
8957,CP-AP-r000:S-P05-S12:GS12:p0002,east,0,8,6
8958,CP-AP-r000:S-P05-S12:GS12:p0003,east,0,8,1
8959,CP-AP-r000:S-P05-S12:GS12:p0004,east,0,8,6
8960,CP-AP-r000:S-P05-S12:GS12:p0005,east,0,10,0
8961,CP-AP-r000:S-P05-S12:GS12:p0006,east,0,8,5
8962,CP-AP-r000:S-P05-S12:GS12:p0007,east,0,5,6
8963,CP-AP-r000:S-P05-S12:GS12:p0008,east,0,8,1
8964,CP-AP-r000:S-P05-S12:GS12:p0009,east,0,8,6
8965,CP-AP-r000:S-P05-S12:GS12:p0010,east,0,8,4
8966,CP-AP-r000:S-P05-S12:GS12:p0011,east,0,5,6
8967,CP-AP-r000:S-P05-S12:GS12:p0012,east,0,8,1
8968,CP-AP-r000:S-P05-S12:GS12:p0013,east,0,8,6
8969,CP-AP-r000:S-P06-S01:GS01:p0001,west,7,0,5
8970,CP-AP-r000:S-P06-S01:GS01:p0002,west,8,0,6
8971,CP-AP-r000:S-P06-S01:GS01:p0003,west,7,0,0
8972,CP-AP-r000:S-P06-S01:GS01:p0004,west,7,0,5
8973,CP-AP-r000:S-P06-S01:GS01:p0005,west,4,0,0
8974,CP-AP-r000:S-P06-S01:GS01:p0006,west,6,0,6
8975,CP-AP-r000:S-P06-S01:GS01:p0007,west,10,0,1
8976,CP-AP-r000:S-P06-S01:GS01:p0008,west,5,0,5
8977,CP-AP-r000:S-P06-S01:GS01:p0009,west,7,0,0
8978,CP-AP-r000:S-P06-S01:GS01:p0010,west,7,0,6
8979,CP-AP-r000:S-P06-S01:GS01:p0011,west,8,0,2
8980,CP-AP-r000:S-P06-S01:GS02:p0001,west,7,0,6
8981,CP-AP-r000:S-P06-S01:GS02:p0002,west,6,0,5
8982,CP-AP-r000:S-P06-S01:GS02:p0003,west,8,0,6
8983,CP-AP-r000:S-P06-S01:GS02:p0004,west,7,0,0
8984,CP-AP-r000:S-P06-S01:GS02:p0005,west,7,0,6
8985,CP-AP-r000:S-P06-S01:GS02:p0006,west,5,0,5
8986,CP-AP-r000:S-P06-S01:GS02:p0007,west,8,0,6
8987,CP-AP-r000:S-P06-S01:GS02:p0008,west,7,0,1
8988,CP-AP-r000:S-P06-S01:GS02:p0009,west,7,0,5
8989,CP-AP-r000:S-P06-S01:GS02:p0010,west,8,0,6
8990,CP-AP-r000:S-P06-S01:GS02:p0011,west,7,0,2
8991,CP-AP-r000:S-P06-S01:GS03:p0001,west,7,0,6
8992,CP-AP-r000:S-P06-S01:GS03:p0002,west,7,0,5
8993,CP-AP-r000:S-P06-S01:GS03:p0003,west,8,0,6
8994,CP-AP-r000:S-P06-S01:GS03:p0004,west,7,0,0
8995,CP-AP-r000:S-P06-S01:GS03:p0005,west,7,0,6
8996,CP-AP-r000:S-P06-S01:GS03:p0006,west,7,0,5
8997,CP-AP-r000:S-P06-S01:GS03:p0007,west,8,0,6
8998,CP-AP-r000:S-P06-S01:GS03:p0008,west,7,0,1
8999,CP-AP-r000:S-P06-S01:GS03:p0009,west,8,0,6
9000,CP-AP-r000:S-P06-S01:GS03:p0010,west,6,0,5
9001,CP-AP-r000:S-P06-S01:GS03:p0011,west,8,0,6
9002,CP-AP-r000:S-P06-S01:GS03:p0012,west,7,0,2
9003,CP-AP-r000:S-P06-S01:GS04:p0001,east,0,7,4
9004,CP-AP-r000:S-P06-S01:GS04:p0002,east,0,7,6
9005,CP-AP-r000:S-P06-S01:GS04:p0003,east,0,8,6
9006,CP-AP-r000:S-P06-S01:GS04:p0004,east,0,7,3
9007,CP-AP-r000:S-P06-S01:GS04:p0005,east,0,7,6
9008,CP-AP-r000:S-P06-S01:GS04:p0006,east,0,10,6
9009,CP-AP-r000:S-P06-S01:GS04:p0007,east,0,6,6
9010,CP-AP-r000:S-P06-S01:GS04:p0008,east,0,7,2
9011,CP-AP-r000:S-P06-S01:GS04:p0009,east,0,7,6
9012,CP-AP-r000:S-P06-S01:GS04:p0010,east,0,8,6
9013,CP-AP-r000:S-P06-S01:GS04:p0011,east,0,8,6
9014,CP-AP-r000:S-P06-S01:GS05:p0001,east,0,7,4
9015,CP-AP-r000:S-P06-S01:GS05:p0002,east,0,4,6
9016,CP-AP-r000:S-P06-S01:GS05:p0003,east,0,6,1
9017,CP-AP-r000:S-P06-S01:GS05:p0004,east,0,10,6
9018,CP-AP-r000:S-P06-S01:GS05:p0005,east,0,6,3
9019,CP-AP-r000:S-P06-S01:GS05:p0006,east,0,6,6
9020,CP-AP-r000:S-P06-S01:GS05:p0007,east,0,7,0
9021,CP-AP-r000:S-P06-S01:GS05:p0008,east,0,8,6
9022,CP-AP-r000:S-P06-S01:GS05:p0009,east,0,7,2
9023,CP-AP-r000:S-P06-S01:GS05:p0010,east,0,7,6
9024,CP-AP-r000:S-P06-S01:GS05:p0011,east,0,8,6
9025,CP-AP-r000:S-P06-S01:GS06:p0001,east,0,6,0
9026,CP-AP-r000:S-P06-S01:GS06:p0002,east,0,5,4
9027,CP-AP-r000:S-P06-S01:GS06:p0003,east,0,8,1
9028,CP-AP-r000:S-P06-S01:GS06:p0004,east,0,7,6
9029,CP-AP-r000:S-P06-S01:GS06:p0005,east,0,7,0
9030,CP-AP-r000:S-P06-S01:GS06:p0006,east,0,7,3
9031,CP-AP-r000:S-P06-S01:GS06:p0007,east,0,8,0
9032,CP-AP-r000:S-P06-S01:GS06:p0008,east,0,7,6
9033,CP-AP-r000:S-P06-S01:GS06:p0009,east,0,7,2
9034,CP-AP-r000:S-P06-S01:GS06:p0010,east,0,8,0
9035,CP-AP-r000:S-P06-S01:GS06:p0011,east,0,7,6
9036,CP-AP-r000:S-P06-S01:GS07:p0001,west,9,0,5
9037,CP-AP-r000:S-P06-S01:GS07:p0002,west,9,0,0
9038,CP-AP-r000:S-P06-S01:GS07:p0003,west,8,0,6
9039,CP-AP-r000:S-P06-S01:GS07:p0004,west,8,0,0
9040,CP-AP-r000:S-P06-S01:GS07:p0005,west,8,0,5
9041,CP-AP-r000:S-P06-S01:GS07:p0006,west,9,0,0
9042,CP-AP-r000:S-P06-S01:GS07:p0007,west,8,0,6
9043,CP-AP-r000:S-P06-S01:GS07:p0008,west,10,0,1
9044,CP-AP-r000:S-P06-S01:GS07:p0009,west,8,0,5
9045,CP-AP-r000:S-P06-S01:GS07:p0010,west,8,0,0
9046,CP-AP-r000:S-P06-S01:GS07:p0011,west,9,0,6
9047,CP-AP-r000:S-P06-S01:GS07:p0012,west,10,0,2
9048,CP-AP-r000:S-P06-S01:GS08:p0001,west,7,0,6
9049,CP-AP-r000:S-P06-S01:GS08:p0002,west,7,0,5
9050,CP-AP-r000:S-P06-S01:GS08:p0003,west,7,0,0
9051,CP-AP-r000:S-P06-S01:GS08:p0004,west,8,0,6
9052,CP-AP-r000:S-P06-S01:GS08:p0005,west,10,0,0
9053,CP-AP-r000:S-P06-S01:GS08:p0006,west,7,0,5
9054,CP-AP-r000:S-P06-S01:GS08:p0007,west,7,0,0
9055,CP-AP-r000:S-P06-S01:GS08:p0008,west,8,0,6
9056,CP-AP-r000:S-P06-S01:GS08:p0009,west,9,0,1
9057,CP-AP-r000:S-P06-S01:GS08:p0010,west,7,0,5
9058,CP-AP-r000:S-P06-S01:GS08:p0011,west,9,0,0
9059,CP-AP-r000:S-P06-S01:GS08:p0012,west,8,0,6
9060,CP-AP-r000:S-P06-S01:GS08:p0013,west,9,0,2
9061,CP-AP-r000:S-P06-S01:GS09:p0001,west,10,0,6
9062,CP-AP-r000:S-P06-S01:GS09:p0002,west,8,0,5
9063,CP-AP-r000:S-P06-S01:GS09:p0003,west,9,0,5
9064,CP-AP-r000:S-P06-S01:GS09:p0004,west,8,0,6
9065,CP-AP-r000:S-P06-S01:GS09:p0005,west,7,0,0
9066,CP-AP-r000:S-P06-S01:GS09:p0006,west,9,0,6
9067,CP-AP-r000:S-P06-S01:GS09:p0007,west,8,0,5
9068,CP-AP-r000:S-P06-S01:GS09:p0008,west,8,0,6
9069,CP-AP-r000:S-P06-S01:GS09:p0009,west,8,0,1
9070,CP-AP-r000:S-P06-S01:GS09:p0010,west,9,0,6
9071,CP-AP-r000:S-P06-S01:GS09:p0011,west,8,0,5
9072,CP-AP-r000:S-P06-S01:GS09:p0012,west,6,0,0
9073,CP-AP-r000:S-P06-S01:GS09:p0013,west,8,0,6
9074,CP-AP-r000:S-P06-S01:GS09:p0014,west,9,0,2
9075,CP-AP-r000:S-P06-S01:GS10:p0001,east,0,8,4
9076,CP-AP-r000:S-P06-S01:GS10:p0002,east,0,8,6
9077,CP-AP-r000:S-P06-S01:GS10:p0003,east,0,9,1
9078,CP-AP-r000:S-P06-S01:GS10:p0004,east,0,10,6
9079,CP-AP-r000:S-P06-S01:GS10:p0005,east,0,11,3
9080,CP-AP-r000:S-P06-S01:GS10:p0006,east,0,8,6
9081,CP-AP-r000:S-P06-S01:GS10:p0007,east,0,7,0
9082,CP-AP-r000:S-P06-S01:GS10:p0008,east,0,8,6
9083,CP-AP-r000:S-P06-S01:GS10:p0009,east,0,10,2
9084,CP-AP-r000:S-P06-S01:GS10:p0010,east,0,8,6
9085,CP-AP-r000:S-P06-S01:GS10:p0011,east,0,8,0
9086,CP-AP-r000:S-P06-S01:GS10:p0012,east,0,8,6
9087,CP-AP-r000:S-P06-S01:GS10:p0013,east,0,8,6
9088,CP-AP-r000:S-P06-S01:GS11:p0001,east,0,8,4
9089,CP-AP-r000:S-P06-S01:GS11:p0002,east,0,10,6
9090,CP-AP-r000:S-P06-S01:GS11:p0003,east,0,8,1
9091,CP-AP-r000:S-P06-S01:GS11:p0004,east,0,10,6
9092,CP-AP-r000:S-P06-S01:GS11:p0005,east,0,8,3
9093,CP-AP-r000:S-P06-S01:GS11:p0006,east,0,8,6
9094,CP-AP-r000:S-P06-S01:GS11:p0007,east,0,8,0
9095,CP-AP-r000:S-P06-S01:GS11:p0008,east,0,10,6
9096,CP-AP-r000:S-P06-S01:GS11:p0009,east,0,8,2
9097,CP-AP-r000:S-P06-S01:GS11:p0010,east,0,8,6
9098,CP-AP-r000:S-P06-S01:GS11:p0011,east,0,9,0
9099,CP-AP-r000:S-P06-S01:GS11:p0012,east,0,10,6
9100,CP-AP-r000:S-P06-S01:GS12:p0001,east,0,9,0
9101,CP-AP-r000:S-P06-S01:GS12:p0002,east,0,7,4
9102,CP-AP-r000:S-P06-S01:GS12:p0003,east,0,6,6
9103,CP-AP-r000:S-P06-S01:GS12:p0004,east,0,8,1
9104,CP-AP-r000:S-P06-S01:GS12:p0005,east,0,10,6
9105,CP-AP-r000:S-P06-S01:GS12:p0006,east,0,7,3
9106,CP-AP-r000:S-P06-S01:GS12:p0007,east,0,9,6
9107,CP-AP-r000:S-P06-S01:GS12:p0008,east,0,8,0
9108,CP-AP-r000:S-P06-S01:GS12:p0009,east,0,9,6
9109,CP-AP-r000:S-P06-S01:GS12:p0010,east,0,9,2
9110,CP-AP-r000:S-P06-S01:GS12:p0011,east,0,9,6
9111,CP-AP-r000:S-P06-S01:GS12:p0012,east,0,8,0
9112,CP-AP-r000:S-P06-S01:GS12:p0013,east,0,9,6
9113,CP-AP-r000:S-P06-S02:GS01:p0001,west,6,0,5
9114,CP-AP-r000:S-P06-S02:GS01:p0002,west,9,0,6
9115,CP-AP-r000:S-P06-S02:GS01:p0003,west,6,0,1
9116,CP-AP-r000:S-P06-S02:GS01:p0004,west,6,0,5
9117,CP-AP-r000:S-P06-S02:GS01:p0005,west,5,0,0
9118,CP-AP-r000:S-P06-S02:GS01:p0006,west,7,0,6
9119,CP-AP-r000:S-P06-S02:GS01:p0007,west,9,0,1
9120,CP-AP-r000:S-P06-S02:GS01:p0008,west,4,0,6
9121,CP-AP-r000:S-P06-S02:GS01:p0009,west,6,0,0
9122,CP-AP-r000:S-P06-S02:GS01:p0010,west,7,0,6
9123,CP-AP-r000:S-P06-S02:GS01:p0011,west,8,0,2
9124,CP-AP-r000:S-P06-S02:GS02:p0001,west,7,0,6
9125,CP-AP-r000:S-P06-S02:GS02:p0002,west,6,0,5
9126,CP-AP-r000:S-P06-S02:GS02:p0003,west,8,0,6
9127,CP-AP-r000:S-P06-S02:GS02:p0004,west,6,0,1
9128,CP-AP-r000:S-P06-S02:GS02:p0005,west,7,0,6
9129,CP-AP-r000:S-P06-S02:GS02:p0006,west,4,0,5
9130,CP-AP-r000:S-P06-S02:GS02:p0007,west,8,0,6
9131,CP-AP-r000:S-P06-S02:GS02:p0008,west,6,0,1
9132,CP-AP-r000:S-P06-S02:GS02:p0009,west,7,0,6
9133,CP-AP-r000:S-P06-S02:GS02:p0010,west,8,0,6
9134,CP-AP-r000:S-P06-S02:GS02:p0011,west,6,0,2
9135,CP-AP-r000:S-P06-S02:GS03:p0001,west,6,0,6
9136,CP-AP-r000:S-P06-S02:GS03:p0002,west,6,0,5
9137,CP-AP-r000:S-P06-S02:GS03:p0003,west,8,0,6
9138,CP-AP-r000:S-P06-S02:GS03:p0004,west,6,0,1
9139,CP-AP-r000:S-P06-S02:GS03:p0005,west,6,0,6
9140,CP-AP-r000:S-P06-S02:GS03:p0006,west,6,0,5
9141,CP-AP-r000:S-P06-S02:GS03:p0007,west,8,0,6
9142,CP-AP-r000:S-P06-S02:GS03:p0008,west,6,0,1
9143,CP-AP-r000:S-P06-S02:GS03:p0009,west,8,0,6
9144,CP-AP-r000:S-P06-S02:GS03:p0010,west,6,0,6
9145,CP-AP-r000:S-P06-S02:GS03:p0011,west,8,0,6
9146,CP-AP-r000:S-P06-S02:GS03:p0012,west,6,0,2
9147,CP-AP-r000:S-P06-S02:GS04:p0001,east,0,6,4
9148,CP-AP-r000:S-P06-S02:GS04:p0002,east,0,6,6
9149,CP-AP-r000:S-P06-S02:GS04:p0003,east,0,8,6
9150,CP-AP-r000:S-P06-S02:GS04:p0004,east,0,6,6
9151,CP-AP-r000:S-P06-S02:GS04:p0005,east,0,6,3
9152,CP-AP-r000:S-P06-S02:GS04:p0006,east,0,6,6
9153,CP-AP-r000:S-P06-S02:GS04:p0007,east,0,10,6
9154,CP-AP-r000:S-P06-S02:GS04:p0008,east,0,4,6
9155,CP-AP-r000:S-P06-S02:GS04:p0009,east,0,6,2
9156,CP-AP-r000:S-P06-S02:GS04:p0010,east,0,6,6
9157,CP-AP-r000:S-P06-S02:GS04:p0011,east,0,8,6
9158,CP-AP-r000:S-P06-S02:GS04:p0012,east,0,6,6
9159,CP-AP-r000:S-P06-S02:GS05:p0001,east,0,6,4
9160,CP-AP-r000:S-P06-S02:GS05:p0002,east,0,6,6
9161,CP-AP-r000:S-P06-S02:GS05:p0003,east,0,7,0
9162,CP-AP-r000:S-P06-S02:GS05:p0004,east,0,9,6
9163,CP-AP-r000:S-P06-S02:GS05:p0005,east,0,5,3
9164,CP-AP-r000:S-P06-S02:GS05:p0006,east,0,5,6
9165,CP-AP-r000:S-P06-S02:GS05:p0007,east,0,7,0
9166,CP-AP-r000:S-P06-S02:GS05:p0008,east,0,8,6
9167,CP-AP-r000:S-P06-S02:GS05:p0009,east,0,6,2
9168,CP-AP-r000:S-P06-S02:GS05:p0010,east,0,6,6
9169,CP-AP-r000:S-P06-S02:GS05:p0011,east,0,8,6
9170,CP-AP-r000:S-P06-S02:GS06:p0001,east,0,6,0
9171,CP-AP-r000:S-P06-S02:GS06:p0002,east,0,4,4
9172,CP-AP-r000:S-P06-S02:GS06:p0003,east,0,8,0
9173,CP-AP-r000:S-P06-S02:GS06:p0004,east,0,6,6
9174,CP-AP-r000:S-P06-S02:GS06:p0005,east,0,6,0
9175,CP-AP-r000:S-P06-S02:GS06:p0006,east,0,6,3
9176,CP-AP-r000:S-P06-S02:GS06:p0007,east,0,8,0
9177,CP-AP-r000:S-P06-S02:GS06:p0008,east,0,6,6
9178,CP-AP-r000:S-P06-S02:GS06:p0009,east,0,6,2
9179,CP-AP-r000:S-P06-S02:GS06:p0010,east,0,6,6
9180,CP-AP-r000:S-P06-S02:GS06:p0011,east,0,9,0
9181,CP-AP-r000:S-P06-S02:GS06:p0012,east,0,6,6
9182,CP-AP-r000:S-P06-S02:GS07:p0001,west,9,0,5
9183,CP-AP-r000:S-P06-S02:GS07:p0002,west,8,0,0
9184,CP-AP-r000:S-P06-S02:GS07:p0003,west,8,0,6
9185,CP-AP-r000:S-P06-S02:GS07:p0004,west,8,0,1
9186,CP-AP-r000:S-P06-S02:GS07:p0005,west,8,0,5
9187,CP-AP-r000:S-P06-S02:GS07:p0006,west,7,0,0
9188,CP-AP-r000:S-P06-S02:GS07:p0007,west,8,0,6
9189,CP-AP-r000:S-P06-S02:GS07:p0008,west,10,0,1
9190,CP-AP-r000:S-P06-S02:GS07:p0009,west,7,0,6
9191,CP-AP-r000:S-P06-S02:GS07:p0010,west,7,0,0
9192,CP-AP-r000:S-P06-S02:GS07:p0011,west,10,0,6
9193,CP-AP-r000:S-P06-S02:GS07:p0012,west,10,0,2
9194,CP-AP-r000:S-P06-S02:GS08:p0001,west,9,0,6
9195,CP-AP-r000:S-P06-S02:GS08:p0002,west,8,0,5
9196,CP-AP-r000:S-P06-S02:GS08:p0003,west,6,0,0
9197,CP-AP-r000:S-P06-S02:GS08:p0004,west,8,0,6
9198,CP-AP-r000:S-P06-S02:GS08:p0005,west,9,0,1
9199,CP-AP-r000:S-P06-S02:GS08:p0006,west,7,0,5
9200,CP-AP-r000:S-P06-S02:GS08:p0007,west,6,0,0
9201,CP-AP-r000:S-P06-S02:GS08:p0008,west,8,0,6
9202,CP-AP-r000:S-P06-S02:GS08:p0009,west,8,0,1
9203,CP-AP-r000:S-P06-S02:GS08:p0010,west,7,0,6
9204,CP-AP-r000:S-P06-S02:GS08:p0011,west,8,0,0
9205,CP-AP-r000:S-P06-S02:GS08:p0012,west,8,0,6
9206,CP-AP-r000:S-P06-S02:GS08:p0013,west,8,0,2
9207,CP-AP-r000:S-P06-S02:GS09:p0001,west,10,0,6
9208,CP-AP-r000:S-P06-S02:GS09:p0002,west,8,0,5
9209,CP-AP-r000:S-P06-S02:GS09:p0003,west,8,0,6
9210,CP-AP-r000:S-P06-S02:GS09:p0004,west,5,0,1
9211,CP-AP-r000:S-P06-S02:GS09:p0005,west,10,0,6
9212,CP-AP-r000:S-P06-S02:GS09:p0006,west,8,0,5
9213,CP-AP-r000:S-P06-S02:GS09:p0007,west,8,0,6
9214,CP-AP-r000:S-P06-S02:GS09:p0008,west,8,0,1
9215,CP-AP-r000:S-P06-S02:GS09:p0009,west,10,0,6
9216,CP-AP-r000:S-P06-S02:GS09:p0010,west,8,0,6
9217,CP-AP-r000:S-P06-S02:GS09:p0011,west,5,0,0
9218,CP-AP-r000:S-P06-S02:GS09:p0012,west,8,0,6
9219,CP-AP-r000:S-P06-S02:GS09:p0013,west,8,0,2
9220,CP-AP-r000:S-P06-S02:GS10:p0001,east,0,7,4
9221,CP-AP-r000:S-P06-S02:GS10:p0002,east,0,7,6
9222,CP-AP-r000:S-P06-S02:GS10:p0003,east,0,10,0
9223,CP-AP-r000:S-P06-S02:GS10:p0004,east,0,9,6
9224,CP-AP-r000:S-P06-S02:GS10:p0005,east,0,10,3
9225,CP-AP-r000:S-P06-S02:GS10:p0006,east,0,7,6
9226,CP-AP-r000:S-P06-S02:GS10:p0007,east,0,8,0
9227,CP-AP-r000:S-P06-S02:GS10:p0008,east,0,8,6
9228,CP-AP-r000:S-P06-S02:GS10:p0009,east,0,10,2
9229,CP-AP-r000:S-P06-S02:GS10:p0010,east,0,8,6
9230,CP-AP-r000:S-P06-S02:GS10:p0011,east,0,10,0
9231,CP-AP-r000:S-P06-S02:GS10:p0012,east,0,8,6
9232,CP-AP-r000:S-P06-S02:GS10:p0013,east,0,6,6
9233,CP-AP-r000:S-P06-S02:GS11:p0001,east,0,8,4
9234,CP-AP-r000:S-P06-S02:GS11:p0002,east,0,7,6
9235,CP-AP-r000:S-P06-S02:GS11:p0003,east,0,8,0
9236,CP-AP-r000:S-P06-S02:GS11:p0004,east,0,10,6
9237,CP-AP-r000:S-P06-S02:GS11:p0005,east,0,7,3
9238,CP-AP-r000:S-P06-S02:GS11:p0006,east,0,7,6
9239,CP-AP-r000:S-P06-S02:GS11:p0007,east,0,9,0
9240,CP-AP-r000:S-P06-S02:GS11:p0008,east,0,10,6
9241,CP-AP-r000:S-P06-S02:GS11:p0009,east,0,7,2
9242,CP-AP-r000:S-P06-S02:GS11:p0010,east,0,7,6
9243,CP-AP-r000:S-P06-S02:GS11:p0011,east,0,10,0
9244,CP-AP-r000:S-P06-S02:GS11:p0012,east,0,10,6
9245,CP-AP-r000:S-P06-S02:GS12:p0001,east,0,8,4
9246,CP-AP-r000:S-P06-S02:GS12:p0002,east,0,5,6
9247,CP-AP-r000:S-P06-S02:GS12:p0003,east,0,8,0
9248,CP-AP-r000:S-P06-S02:GS12:p0004,east,0,9,6
9249,CP-AP-r000:S-P06-S02:GS12:p0005,east,0,7,3
9250,CP-AP-r000:S-P06-S02:GS12:p0006,east,0,8,6
9251,CP-AP-r000:S-P06-S02:GS12:p0007,east,0,8,0
9252,CP-AP-r000:S-P06-S02:GS12:p0008,east,0,8,6
9253,CP-AP-r000:S-P06-S02:GS12:p0009,east,0,8,2
9254,CP-AP-r000:S-P06-S02:GS12:p0010,east,0,8,6
9255,CP-AP-r000:S-P06-S02:GS12:p0011,east,0,8,0
9256,CP-AP-r000:S-P06-S02:GS12:p0012,east,0,8,6
9257,CP-AP-r000:S-P06-S03:GS01:p0001,west,6,0,5
9258,CP-AP-r000:S-P06-S03:GS01:p0002,west,6,0,0
9259,CP-AP-r000:S-P06-S03:GS01:p0003,west,7,0,6
9260,CP-AP-r000:S-P06-S03:GS01:p0004,west,8,0,2
9261,CP-AP-r000:S-P06-S03:GS01:p0005,west,7,0,6
9262,CP-AP-r000:S-P06-S03:GS01:p0006,west,7,0,0
9263,CP-AP-r000:S-P06-S03:GS01:p0007,west,8,0,3
9264,CP-AP-r000:S-P06-S03:GS01:p0008,west,7,0,6
9265,CP-AP-r000:S-P06-S03:GS01:p0009,west,7,0,0
9266,CP-AP-r000:S-P06-S03:GS01:p0010,west,8,0,4
9267,CP-AP-r000:S-P06-S03:GS01:p0011,west,7,0,0
9268,CP-AP-r000:S-P06-S03:GS02:p0001,west,7,0,6
9269,CP-AP-r000:S-P06-S03:GS02:p0002,west,7,0,5
9270,CP-AP-r000:S-P06-S03:GS02:p0003,west,8,0,6
9271,CP-AP-r000:S-P06-S03:GS02:p0004,west,7,0,2
9272,CP-AP-r000:S-P06-S03:GS02:p0005,west,7,0,6
9273,CP-AP-r000:S-P06-S03:GS02:p0006,west,5,0,0
9274,CP-AP-r000:S-P06-S03:GS02:p0007,west,8,0,6
9275,CP-AP-r000:S-P06-S03:GS02:p0008,west,7,0,3
9276,CP-AP-r000:S-P06-S03:GS02:p0009,west,7,0,6
9277,CP-AP-r000:S-P06-S03:GS02:p0010,west,5,0,0
9278,CP-AP-r000:S-P06-S03:GS02:p0011,west,6,0,6
9279,CP-AP-r000:S-P06-S03:GS02:p0012,west,9,0,4
9280,CP-AP-r000:S-P06-S03:GS03:p0001,west,8,0,6
9281,CP-AP-r000:S-P06-S03:GS03:p0002,west,6,0,5
9282,CP-AP-r000:S-P06-S03:GS03:p0003,west,8,0,6
9283,CP-AP-r000:S-P06-S03:GS03:p0004,west,7,0,2
9284,CP-AP-r000:S-P06-S03:GS03:p0005,west,6,0,6
9285,CP-AP-r000:S-P06-S03:GS03:p0006,west,5,0,6
9286,CP-AP-r000:S-P06-S03:GS03:p0007,west,8,0,6
9287,CP-AP-r000:S-P06-S03:GS03:p0008,west,7,0,3
9288,CP-AP-r000:S-P06-S03:GS03:p0009,west,7,0,6
9289,CP-AP-r000:S-P06-S03:GS03:p0010,west,6,0,6
9290,CP-AP-r000:S-P06-S03:GS03:p0011,west,8,0,6
9291,CP-AP-r000:S-P06-S03:GS03:p0012,west,7,0,4
9292,CP-AP-r000:S-P06-S03:GS04:p0001,east,0,7,3
9293,CP-AP-r000:S-P06-S03:GS04:p0002,east,0,7,6
9294,CP-AP-r000:S-P06-S03:GS04:p0003,east,0,8,6
9295,CP-AP-r000:S-P06-S03:GS04:p0004,east,0,7,6
9296,CP-AP-r000:S-P06-S03:GS04:p0005,east,0,7,2
9297,CP-AP-r000:S-P06-S03:GS04:p0006,east,0,7,6
9298,CP-AP-r000:S-P06-S03:GS04:p0007,east,0,8,5
9299,CP-AP-r000:S-P06-S03:GS04:p0008,east,0,7,6
9300,CP-AP-r000:S-P06-S03:GS04:p0009,east,0,7,1
9301,CP-AP-r000:S-P06-S03:GS04:p0010,east,0,7,6
9302,CP-AP-r000:S-P06-S03:GS04:p0011,east,0,8,5
9303,CP-AP-r000:S-P06-S03:GS04:p0012,east,0,7,6
9304,CP-AP-r000:S-P06-S03:GS05:p0001,east,0,7,3
9305,CP-AP-r000:S-P06-S03:GS05:p0002,east,0,7,6
9306,CP-AP-r000:S-P06-S03:GS05:p0003,east,0,8,6
9307,CP-AP-r000:S-P06-S03:GS05:p0004,east,0,7,2
9308,CP-AP-r000:S-P06-S03:GS05:p0005,east,0,7,6
9309,CP-AP-r000:S-P06-S03:GS05:p0006,east,0,8,5
9310,CP-AP-r000:S-P06-S03:GS05:p0007,east,0,7,6
9311,CP-AP-r000:S-P06-S03:GS05:p0008,east,0,7,1
9312,CP-AP-r000:S-P06-S03:GS05:p0009,east,0,7,6
9313,CP-AP-r000:S-P06-S03:GS05:p0010,east,0,10,5
9314,CP-AP-r000:S-P06-S03:GS05:p0011,east,0,6,6
9315,CP-AP-r000:S-P06-S03:GS06:p0001,east,0,7,3
9316,CP-AP-r000:S-P06-S03:GS06:p0002,east,0,8,0
9317,CP-AP-r000:S-P06-S03:GS06:p0003,east,0,7,6
9318,CP-AP-r000:S-P06-S03:GS06:p0004,east,0,7,2
9319,CP-AP-r000:S-P06-S03:GS06:p0005,east,0,5,6
9320,CP-AP-r000:S-P06-S03:GS06:p0006,east,0,6,0
9321,CP-AP-r000:S-P06-S03:GS06:p0007,east,0,10,5
9322,CP-AP-r000:S-P06-S03:GS06:p0008,east,0,6,1
9323,CP-AP-r000:S-P06-S03:GS06:p0009,east,0,7,6
9324,CP-AP-r000:S-P06-S03:GS06:p0010,east,0,7,0
9325,CP-AP-r000:S-P06-S03:GS06:p0011,east,0,8,5
9326,CP-AP-r000:S-P06-S03:GS07:p0001,west,8,0,5
9327,CP-AP-r000:S-P06-S03:GS07:p0002,west,8,0,0
9328,CP-AP-r000:S-P06-S03:GS07:p0003,west,8,0,6
9329,CP-AP-r000:S-P06-S03:GS07:p0004,west,10,0,2
9330,CP-AP-r000:S-P06-S03:GS07:p0005,west,9,0,6
9331,CP-AP-r000:S-P06-S03:GS07:p0006,west,8,0,0
9332,CP-AP-r000:S-P06-S03:GS07:p0007,west,10,0,6
9333,CP-AP-r000:S-P06-S03:GS07:p0008,west,10,0,3
9334,CP-AP-r000:S-P06-S03:GS07:p0009,west,10,0,6
9335,CP-AP-r000:S-P06-S03:GS07:p0010,west,8,0,0
9336,CP-AP-r000:S-P06-S03:GS07:p0011,west,9,0,6
9337,CP-AP-r000:S-P06-S03:GS07:p0012,west,8,0,4
9338,CP-AP-r000:S-P06-S03:GS08:p0001,west,7,0,5
9339,CP-AP-r000:S-P06-S03:GS08:p0002,west,9,0,0
9340,CP-AP-r000:S-P06-S03:GS08:p0003,west,8,0,6
9341,CP-AP-r000:S-P06-S03:GS08:p0004,west,9,0,2
9342,CP-AP-r000:S-P06-S03:GS08:p0005,west,8,0,6
9343,CP-AP-r000:S-P06-S03:GS08:p0006,west,9,0,0
9344,CP-AP-r000:S-P06-S03:GS08:p0007,west,8,0,6
9345,CP-AP-r000:S-P06-S03:GS08:p0008,west,8,0,3
9346,CP-AP-r000:S-P06-S03:GS08:p0009,west,8,0,6
9347,CP-AP-r000:S-P06-S03:GS08:p0010,west,9,0,0
9348,CP-AP-r000:S-P06-S03:GS08:p0011,west,8,0,6
9349,CP-AP-r000:S-P06-S03:GS08:p0012,west,10,0,4
9350,CP-AP-r000:S-P06-S03:GS09:p0001,west,8,0,6
9351,CP-AP-r000:S-P06-S03:GS09:p0002,west,8,0,5
9352,CP-AP-r000:S-P06-S03:GS09:p0003,west,7,0,0
9353,CP-AP-r000:S-P06-S03:GS09:p0004,west,8,0,6
9354,CP-AP-r000:S-P06-S03:GS09:p0005,west,8,0,2
9355,CP-AP-r000:S-P06-S03:GS09:p0006,west,7,0,6
9356,CP-AP-r000:S-P06-S03:GS09:p0007,west,7,0,6
9357,CP-AP-r000:S-P06-S03:GS09:p0008,west,8,0,0
9358,CP-AP-r000:S-P06-S03:GS09:p0009,west,8,0,6
9359,CP-AP-r000:S-P06-S03:GS09:p0010,west,10,0,3
9360,CP-AP-r000:S-P06-S03:GS09:p0011,west,7,0,6
9361,CP-AP-r000:S-P06-S03:GS09:p0012,west,8,0,0
9362,CP-AP-r000:S-P06-S03:GS09:p0013,west,8,0,6
9363,CP-AP-r000:S-P06-S03:GS09:p0014,west,9,0,4
9364,CP-AP-r000:S-P06-S03:GS10:p0001,east,0,10,3
9365,CP-AP-r000:S-P06-S03:GS10:p0002,east,0,8,6
9366,CP-AP-r000:S-P06-S03:GS10:p0003,east,0,8,0
9367,CP-AP-r000:S-P06-S03:GS10:p0004,east,0,8,6
9368,CP-AP-r000:S-P06-S03:GS10:p0005,east,0,8,6
9369,CP-AP-r000:S-P06-S03:GS10:p0006,east,0,10,2
9370,CP-AP-r000:S-P06-S03:GS10:p0007,east,0,8,6
9371,CP-AP-r000:S-P06-S03:GS10:p0008,east,0,8,5
9372,CP-AP-r000:S-P06-S03:GS10:p0009,east,0,6,6
9373,CP-AP-r000:S-P06-S03:GS10:p0010,east,0,9,1
9374,CP-AP-r000:S-P06-S03:GS10:p0011,east,0,8,6
9375,CP-AP-r000:S-P06-S03:GS10:p0012,east,0,8,5
9376,CP-AP-r000:S-P06-S03:GS10:p0013,east,0,8,6
9377,CP-AP-r000:S-P06-S03:GS11:p0001,east,0,8,3
9378,CP-AP-r000:S-P06-S03:GS11:p0002,east,0,8,6
9379,CP-AP-r000:S-P06-S03:GS11:p0003,east,0,9,0
9380,CP-AP-r000:S-P06-S03:GS11:p0004,east,0,10,6
9381,CP-AP-r000:S-P06-S03:GS11:p0005,east,0,9,2
9382,CP-AP-r000:S-P06-S03:GS11:p0006,east,0,8,6
9383,CP-AP-r000:S-P06-S03:GS11:p0007,east,0,9,0
9384,CP-AP-r000:S-P06-S03:GS11:p0008,east,0,10,5
9385,CP-AP-r000:S-P06-S03:GS11:p0009,east,0,10,1
9386,CP-AP-r000:S-P06-S03:GS11:p0010,east,0,8,6
9387,CP-AP-r000:S-P06-S03:GS11:p0011,east,0,7,0
9388,CP-AP-r000:S-P06-S03:GS11:p0012,east,0,8,5
9389,CP-AP-r000:S-P06-S03:GS11:p0013,east,0,9,6
9390,CP-AP-r000:S-P06-S03:GS12:p0001,east,0,9,3
9391,CP-AP-r000:S-P06-S03:GS12:p0002,east,0,9,6
9392,CP-AP-r000:S-P06-S03:GS12:p0003,east,0,8,0
9393,CP-AP-r000:S-P06-S03:GS12:p0004,east,0,8,6
9394,CP-AP-r000:S-P06-S03:GS12:p0005,east,0,8,2
9395,CP-AP-r000:S-P06-S03:GS12:p0006,east,0,9,6
9396,CP-AP-r000:S-P06-S03:GS12:p0007,east,0,8,0
9397,CP-AP-r000:S-P06-S03:GS12:p0008,east,0,10,5
9398,CP-AP-r000:S-P06-S03:GS12:p0009,east,0,8,1
9399,CP-AP-r000:S-P06-S03:GS12:p0010,east,0,8,6
9400,CP-AP-r000:S-P06-S03:GS12:p0011,east,0,9,0
9401,CP-AP-r000:S-P06-S03:GS12:p0012,east,0,10,5
9402,CP-AP-r000:S-P06-S04:GS01:p0001,west,4,0,5
9403,CP-AP-r000:S-P06-S04:GS01:p0002,west,5,0,0
9404,CP-AP-r000:S-P06-S04:GS01:p0003,west,7,0,6
9405,CP-AP-r000:S-P06-S04:GS01:p0004,west,8,0,2
9406,CP-AP-r000:S-P06-S04:GS01:p0005,west,6,0,6
9407,CP-AP-r000:S-P06-S04:GS01:p0006,west,6,0,0
9408,CP-AP-r000:S-P06-S04:GS01:p0007,west,8,0,3
9409,CP-AP-r000:S-P06-S04:GS01:p0008,west,6,0,6
9410,CP-AP-r000:S-P06-S04:GS01:p0009,west,6,0,0
9411,CP-AP-r000:S-P06-S04:GS01:p0010,west,8,0,4
9412,CP-AP-r000:S-P06-S04:GS01:p0011,west,6,0,0
9413,CP-AP-r000:S-P06-S04:GS02:p0001,west,6,0,5
9414,CP-AP-r000:S-P06-S04:GS02:p0002,west,8,0,6
9415,CP-AP-r000:S-P06-S04:GS02:p0003,west,6,0,2
9416,CP-AP-r000:S-P06-S04:GS02:p0004,west,6,0,6
9417,CP-AP-r000:S-P06-S04:GS02:p0005,west,6,0,0
9418,CP-AP-r000:S-P06-S04:GS02:p0006,west,9,0,6
9419,CP-AP-r000:S-P06-S04:GS02:p0007,west,7,0,3
9420,CP-AP-r000:S-P06-S04:GS02:p0008,west,6,0,6
9421,CP-AP-r000:S-P06-S04:GS02:p0009,west,5,0,0
9422,CP-AP-r000:S-P06-S04:GS02:p0010,west,7,0,6
9423,CP-AP-r000:S-P06-S04:GS02:p0011,west,8,0,4
9424,CP-AP-r000:S-P06-S04:GS03:p0001,west,7,0,6
9425,CP-AP-r000:S-P06-S04:GS03:p0002,west,6,0,5
9426,CP-AP-r000:S-P06-S04:GS03:p0003,west,8,0,6
9427,CP-AP-r000:S-P06-S04:GS03:p0004,west,6,0,2
9428,CP-AP-r000:S-P06-S04:GS03:p0005,west,6,0,6
9429,CP-AP-r000:S-P06-S04:GS03:p0006,west,4,0,6
9430,CP-AP-r000:S-P06-S04:GS03:p0007,west,8,0,6
9431,CP-AP-r000:S-P06-S04:GS03:p0008,west,6,0,3
9432,CP-AP-r000:S-P06-S04:GS03:p0009,west,7,0,6
9433,CP-AP-r000:S-P06-S04:GS03:p0010,west,5,0,6
9434,CP-AP-r000:S-P06-S04:GS03:p0011,west,8,0,6
9435,CP-AP-r000:S-P06-S04:GS03:p0012,west,6,0,4
9436,CP-AP-r000:S-P06-S04:GS04:p0001,east,0,6,2
9437,CP-AP-r000:S-P06-S04:GS04:p0002,east,0,6,6
9438,CP-AP-r000:S-P06-S04:GS04:p0003,east,0,8,6
9439,CP-AP-r000:S-P06-S04:GS04:p0004,east,0,5,6
9440,CP-AP-r000:S-P06-S04:GS04:p0005,east,0,6,2
9441,CP-AP-r000:S-P06-S04:GS04:p0006,east,0,6,6
9442,CP-AP-r000:S-P06-S04:GS04:p0007,east,0,8,5
9443,CP-AP-r000:S-P06-S04:GS04:p0008,east,0,6,6
9444,CP-AP-r000:S-P06-S04:GS04:p0009,east,0,7,1
9445,CP-AP-r000:S-P06-S04:GS04:p0010,east,0,6,6
9446,CP-AP-r000:S-P06-S04:GS04:p0011,east,0,8,5
9447,CP-AP-r000:S-P06-S04:GS04:p0012,east,0,6,6
9448,CP-AP-r000:S-P06-S04:GS05:p0001,east,0,6,2
9449,CP-AP-r000:S-P06-S04:GS05:p0002,east,0,6,6
9450,CP-AP-r000:S-P06-S04:GS05:p0003,east,0,8,6
9451,CP-AP-r000:S-P06-S04:GS05:p0004,east,0,6,2
9452,CP-AP-r000:S-P06-S04:GS05:p0005,east,0,6,6
9453,CP-AP-r000:S-P06-S04:GS05:p0006,east,0,8,5
9454,CP-AP-r000:S-P06-S04:GS05:p0007,east,0,6,6
9455,CP-AP-r000:S-P06-S04:GS05:p0008,east,0,6,1
9456,CP-AP-r000:S-P06-S04:GS05:p0009,east,0,6,6
9457,CP-AP-r000:S-P06-S04:GS05:p0010,east,0,10,5
9458,CP-AP-r000:S-P06-S04:GS05:p0011,east,0,4,6
9459,CP-AP-r000:S-P06-S04:GS06:p0001,east,0,6,2
9460,CP-AP-r000:S-P06-S04:GS06:p0002,east,0,8,0
9461,CP-AP-r000:S-P06-S04:GS06:p0003,east,0,6,6
9462,CP-AP-r000:S-P06-S04:GS06:p0004,east,0,6,2
9463,CP-AP-r000:S-P06-S04:GS06:p0005,east,0,6,6
9464,CP-AP-r000:S-P06-S04:GS06:p0006,east,0,7,0
9465,CP-AP-r000:S-P06-S04:GS06:p0007,east,0,9,5
9466,CP-AP-r000:S-P06-S04:GS06:p0008,east,0,4,1
9467,CP-AP-r000:S-P06-S04:GS06:p0009,east,0,6,6
9468,CP-AP-r000:S-P06-S04:GS06:p0010,east,0,7,0
9469,CP-AP-r000:S-P06-S04:GS06:p0011,east,0,8,5
9470,CP-AP-r000:S-P06-S04:GS07:p0001,west,7,0,5
9471,CP-AP-r000:S-P06-S04:GS07:p0002,west,7,0,0
9472,CP-AP-r000:S-P06-S04:GS07:p0003,west,10,0,6
9473,CP-AP-r000:S-P06-S04:GS07:p0004,west,10,0,2
9474,CP-AP-r000:S-P06-S04:GS07:p0005,west,7,0,6
9475,CP-AP-r000:S-P06-S04:GS07:p0006,west,7,0,0
9476,CP-AP-r000:S-P06-S04:GS07:p0007,west,10,0,6
9477,CP-AP-r000:S-P06-S04:GS07:p0008,west,10,0,3
9478,CP-AP-r000:S-P06-S04:GS07:p0009,west,9,0,6
9479,CP-AP-r000:S-P06-S04:GS07:p0010,west,7,0,0
9480,CP-AP-r000:S-P06-S04:GS07:p0011,west,10,0,6
9481,CP-AP-r000:S-P06-S04:GS07:p0012,west,8,0,4
9482,CP-AP-r000:S-P06-S04:GS08:p0001,west,7,0,5
9483,CP-AP-r000:S-P06-S04:GS08:p0002,west,8,0,0
9484,CP-AP-r000:S-P06-S04:GS08:p0003,west,8,0,6
9485,CP-AP-r000:S-P06-S04:GS08:p0004,west,8,0,2
9486,CP-AP-r000:S-P06-S04:GS08:p0005,west,8,0,6
9487,CP-AP-r000:S-P06-S04:GS08:p0006,west,8,0,0
9488,CP-AP-r000:S-P06-S04:GS08:p0007,west,8,0,6
9489,CP-AP-r000:S-P06-S04:GS08:p0008,west,8,0,3
9490,CP-AP-r000:S-P06-S04:GS08:p0009,west,8,0,6
9491,CP-AP-r000:S-P06-S04:GS08:p0010,west,7,0,0
9492,CP-AP-r000:S-P06-S04:GS08:p0011,west,9,0,6
9493,CP-AP-r000:S-P06-S04:GS08:p0012,west,10,0,4
9494,CP-AP-r000:S-P06-S04:GS09:p0001,west,9,0,6
9495,CP-AP-r000:S-P06-S04:GS09:p0002,west,8,0,5
9496,CP-AP-r000:S-P06-S04:GS09:p0003,west,7,0,0
9497,CP-AP-r000:S-P06-S04:GS09:p0004,west,8,0,6
9498,CP-AP-r000:S-P06-S04:GS09:p0005,west,7,0,2
9499,CP-AP-r000:S-P06-S04:GS09:p0006,west,9,0,6
9500,CP-AP-r000:S-P06-S04:GS09:p0007,west,8,0,6
9501,CP-AP-r000:S-P06-S04:GS09:p0008,west,7,0,0
9502,CP-AP-r000:S-P06-S04:GS09:p0009,west,8,0,6
9503,CP-AP-r000:S-P06-S04:GS09:p0010,west,9,0,3
9504,CP-AP-r000:S-P06-S04:GS09:p0011,west,7,0,6
9505,CP-AP-r000:S-P06-S04:GS09:p0012,west,7,0,0
9506,CP-AP-r000:S-P06-S04:GS09:p0013,west,8,0,6
9507,CP-AP-r000:S-P06-S04:GS09:p0014,west,8,0,4
9508,CP-AP-r000:S-P06-S04:GS10:p0001,east,0,10,2
9509,CP-AP-r000:S-P06-S04:GS10:p0002,east,0,7,6
9510,CP-AP-r000:S-P06-S04:GS10:p0003,east,0,10,0
9511,CP-AP-r000:S-P06-S04:GS10:p0004,east,0,8,6
9512,CP-AP-r000:S-P06-S04:GS10:p0005,east,0,6,6
9513,CP-AP-r000:S-P06-S04:GS10:p0006,east,0,10,2
9514,CP-AP-r000:S-P06-S04:GS10:p0007,east,0,8,6
9515,CP-AP-r000:S-P06-S04:GS10:p0008,east,0,8,5
9516,CP-AP-r000:S-P06-S04:GS10:p0009,east,0,6,6
9517,CP-AP-r000:S-P06-S04:GS10:p0010,east,0,10,1
9518,CP-AP-r000:S-P06-S04:GS10:p0011,east,0,8,6
9519,CP-AP-r000:S-P06-S04:GS10:p0012,east,0,8,5
9520,CP-AP-r000:S-P06-S04:GS10:p0013,east,0,8,6
9521,CP-AP-r000:S-P06-S04:GS11:p0001,east,0,7,2
9522,CP-AP-r000:S-P06-S04:GS11:p0002,east,0,7,6
9523,CP-AP-r000:S-P06-S04:GS11:p0003,east,0,10,0
9524,CP-AP-r000:S-P06-S04:GS11:p0004,east,0,10,6
9525,CP-AP-r000:S-P06-S04:GS11:p0005,east,0,8,2
9526,CP-AP-r000:S-P06-S04:GS11:p0006,east,0,7,6
9527,CP-AP-r000:S-P06-S04:GS11:p0007,east,0,10,0
9528,CP-AP-r000:S-P06-S04:GS11:p0008,east,0,9,5
9529,CP-AP-r000:S-P06-S04:GS11:p0009,east,0,10,1
9530,CP-AP-r000:S-P06-S04:GS11:p0010,east,0,7,6
9531,CP-AP-r000:S-P06-S04:GS11:p0011,east,0,8,0
9532,CP-AP-r000:S-P06-S04:GS11:p0012,east,0,8,5
9533,CP-AP-r000:S-P06-S04:GS11:p0013,east,0,5,6
9534,CP-AP-r000:S-P06-S04:GS12:p0001,east,0,9,2
9535,CP-AP-r000:S-P06-S04:GS12:p0002,east,0,8,6
9536,CP-AP-r000:S-P06-S04:GS12:p0003,east,0,8,0
9537,CP-AP-r000:S-P06-S04:GS12:p0004,east,0,8,6
9538,CP-AP-r000:S-P06-S04:GS12:p0005,east,0,8,2
9539,CP-AP-r000:S-P06-S04:GS12:p0006,east,0,7,6
9540,CP-AP-r000:S-P06-S04:GS12:p0007,east,0,8,0
9541,CP-AP-r000:S-P06-S04:GS12:p0008,east,0,10,5
9542,CP-AP-r000:S-P06-S04:GS12:p0009,east,0,7,1
9543,CP-AP-r000:S-P06-S04:GS12:p0010,east,0,7,6
9544,CP-AP-r000:S-P06-S04:GS12:p0011,east,0,10,0
9545,CP-AP-r000:S-P06-S04:GS12:p0012,east,0,10,5
9546,CP-AP-r000:S-P06-S05:GS01:p0001,west,7,0,6
9547,CP-AP-r000:S-P06-S05:GS01:p0002,west,7,0,0
9548,CP-AP-r000:S-P06-S05:GS01:p0003,west,8,0,3
9549,CP-AP-r000:S-P06-S05:GS01:p0004,west,7,0,0
9550,CP-AP-r000:S-P06-S05:GS01:p0005,west,7,0,6
9551,CP-AP-r000:S-P06-S05:GS01:p0006,west,7,0,1
9552,CP-AP-r000:S-P06-S05:GS01:p0007,west,10,0,4
9553,CP-AP-r000:S-P06-S05:GS01:p0008,west,6,0,0
9554,CP-AP-r000:S-P06-S05:GS01:p0009,west,7,0,6
9555,CP-AP-r000:S-P06-S05:GS01:p0010,west,7,0,1
9556,CP-AP-r000:S-P06-S05:GS01:p0011,west,8,0,5
9557,CP-AP-r000:S-P06-S05:GS01:p0012,west,8,0,0
9558,CP-AP-r000:S-P06-S05:GS02:p0001,west,7,0,6
9559,CP-AP-r000:S-P06-S05:GS02:p0002,west,4,0,0
9560,CP-AP-r000:S-P06-S05:GS02:p0003,west,6,0,6
9561,CP-AP-r000:S-P06-S05:GS02:p0004,west,9,0,3
9562,CP-AP-r000:S-P06-S05:GS02:p0005,west,5,0,6
9563,CP-AP-r000:S-P06-S05:GS02:p0006,west,8,0,1
9564,CP-AP-r000:S-P06-S05:GS02:p0007,west,7,0,6
9565,CP-AP-r000:S-P06-S05:GS02:p0008,west,8,0,4
9566,CP-AP-r000:S-P06-S05:GS02:p0009,west,7,0,6
9567,CP-AP-r000:S-P06-S05:GS02:p0010,west,7,0,1
9568,CP-AP-r000:S-P06-S05:GS02:p0011,west,8,0,5
9569,CP-AP-r000:S-P06-S05:GS03:p0001,west,7,0,6
9570,CP-AP-r000:S-P06-S05:GS03:p0002,west,5,0,6
9571,CP-AP-r000:S-P06-S05:GS03:p0003,west,8,0,6
9572,CP-AP-r000:S-P06-S05:GS03:p0004,west,7,0,3
9573,CP-AP-r000:S-P06-S05:GS03:p0005,west,7,0,6
9574,CP-AP-r000:S-P06-S05:GS03:p0006,west,8,0,6
9575,CP-AP-r000:S-P06-S05:GS03:p0007,west,7,0,4
9576,CP-AP-r000:S-P06-S05:GS03:p0008,west,7,0,6
9577,CP-AP-r000:S-P06-S05:GS03:p0009,west,4,0,1
9578,CP-AP-r000:S-P06-S05:GS03:p0010,west,7,0,6
9579,CP-AP-r000:S-P06-S05:GS03:p0011,west,9,0,5
9580,CP-AP-r000:S-P06-S05:GS04:p0001,east,0,7,1
9581,CP-AP-r000:S-P06-S05:GS04:p0002,east,0,7,6
9582,CP-AP-r000:S-P06-S05:GS04:p0003,east,0,8,5
9583,CP-AP-r000:S-P06-S05:GS04:p0004,east,0,7,6
9584,CP-AP-r000:S-P06-S05:GS04:p0005,east,0,8,0
9585,CP-AP-r000:S-P06-S05:GS04:p0006,east,0,6,6
9586,CP-AP-r000:S-P06-S05:GS04:p0007,east,0,8,5
9587,CP-AP-r000:S-P06-S05:GS04:p0008,east,0,7,6
9588,CP-AP-r000:S-P06-S05:GS04:p0009,east,0,6,0
9589,CP-AP-r000:S-P06-S05:GS04:p0010,east,0,5,6
9590,CP-AP-r000:S-P06-S05:GS04:p0011,east,0,8,4
9591,CP-AP-r000:S-P06-S05:GS04:p0012,east,0,7,6
9592,CP-AP-r000:S-P06-S05:GS05:p0001,east,0,7,1
9593,CP-AP-r000:S-P06-S05:GS05:p0002,east,0,7,6
9594,CP-AP-r000:S-P06-S05:GS05:p0003,east,0,10,5
9595,CP-AP-r000:S-P06-S05:GS05:p0004,east,0,6,6
9596,CP-AP-r000:S-P06-S05:GS05:p0005,east,0,7,0
9597,CP-AP-r000:S-P06-S05:GS05:p0006,east,0,7,6
9598,CP-AP-r000:S-P06-S05:GS05:p0007,east,0,8,5
9599,CP-AP-r000:S-P06-S05:GS05:p0008,east,0,8,6
9600,CP-AP-r000:S-P06-S05:GS05:p0009,east,0,7,0
9601,CP-AP-r000:S-P06-S05:GS05:p0010,east,0,7,6
9602,CP-AP-r000:S-P06-S05:GS05:p0011,east,0,8,4
9603,CP-AP-r000:S-P06-S05:GS05:p0012,east,0,7,6
9604,CP-AP-r000:S-P06-S05:GS06:p0001,east,0,6,1
9605,CP-AP-r000:S-P06-S05:GS06:p0002,east,0,6,6
9606,CP-AP-r000:S-P06-S05:GS06:p0003,east,0,7,0
9607,CP-AP-r000:S-P06-S05:GS06:p0004,east,0,8,5
9608,CP-AP-r000:S-P06-S05:GS06:p0005,east,0,7,0
9609,CP-AP-r000:S-P06-S05:GS06:p0006,east,0,7,6
9610,CP-AP-r000:S-P06-S05:GS06:p0007,east,0,8,5
9611,CP-AP-r000:S-P06-S05:GS06:p0008,east,0,7,0
9612,CP-AP-r000:S-P06-S05:GS06:p0009,east,0,7,6
9613,CP-AP-r000:S-P06-S05:GS06:p0010,east,0,8,4
9614,CP-AP-r000:S-P06-S05:GS06:p0011,east,0,7,6
9615,CP-AP-r000:S-P06-S05:GS07:p0001,west,10,0,6
9616,CP-AP-r000:S-P06-S05:GS07:p0002,west,8,0,0
9617,CP-AP-r000:S-P06-S05:GS07:p0003,west,9,0,6
9618,CP-AP-r000:S-P06-S05:GS07:p0004,west,9,0,3
9619,CP-AP-r000:S-P06-S05:GS07:p0005,west,10,0,6
9620,CP-AP-r000:S-P06-S05:GS07:p0006,west,8,0,1
9621,CP-AP-r000:S-P06-S05:GS07:p0007,west,8,0,6
9622,CP-AP-r000:S-P06-S05:GS07:p0008,west,8,0,4
9623,CP-AP-r000:S-P06-S05:GS07:p0009,west,8,0,0
9624,CP-AP-r000:S-P06-S05:GS07:p0010,west,10,0,6
9625,CP-AP-r000:S-P06-S05:GS07:p0011,west,8,0,1
9626,CP-AP-r000:S-P06-S05:GS07:p0012,west,9,0,6
9627,CP-AP-r000:S-P06-S05:GS07:p0013,west,8,0,5
9628,CP-AP-r000:S-P06-S05:GS07:p0014,west,8,0,0
9629,CP-AP-r000:S-P06-S05:GS08:p0001,west,8,0,6
9630,CP-AP-r000:S-P06-S05:GS08:p0002,west,9,0,0
9631,CP-AP-r000:S-P06-S05:GS08:p0003,west,8,0,6
9632,CP-AP-r000:S-P06-S05:GS08:p0004,west,10,0,3
9633,CP-AP-r000:S-P06-S05:GS08:p0005,west,8,0,6
9634,CP-AP-r000:S-P06-S05:GS08:p0006,west,8,0,1
9635,CP-AP-r000:S-P06-S05:GS08:p0007,west,9,0,6
9636,CP-AP-r000:S-P06-S05:GS08:p0008,west,10,0,4
9637,CP-AP-r000:S-P06-S05:GS08:p0009,west,8,0,6
9638,CP-AP-r000:S-P06-S05:GS08:p0010,west,8,0,1
9639,CP-AP-r000:S-P06-S05:GS08:p0011,west,9,0,6
9640,CP-AP-r000:S-P06-S05:GS08:p0012,west,10,0,5
9641,CP-AP-r000:S-P06-S05:GS09:p0001,west,7,0,6
9642,CP-AP-r000:S-P06-S05:GS09:p0002,west,8,0,0
9643,CP-AP-r000:S-P06-S05:GS09:p0003,west,8,0,6
9644,CP-AP-r000:S-P06-S05:GS09:p0004,west,9,0,3
9645,CP-AP-r000:S-P06-S05:GS09:p0005,west,7,0,6
9646,CP-AP-r000:S-P06-S05:GS09:p0006,west,9,0,1
9647,CP-AP-r000:S-P06-S05:GS09:p0007,west,8,0,6
9648,CP-AP-r000:S-P06-S05:GS09:p0008,west,9,0,4
9649,CP-AP-r000:S-P06-S05:GS09:p0009,west,8,0,6
9650,CP-AP-r000:S-P06-S05:GS09:p0010,west,10,0,1
9651,CP-AP-r000:S-P06-S05:GS09:p0011,west,8,0,6
9652,CP-AP-r000:S-P06-S05:GS09:p0012,west,9,0,5
9653,CP-AP-r000:S-P06-S05:GS10:p0001,east,0,9,1
9654,CP-AP-r000:S-P06-S05:GS10:p0002,east,0,8,6
9655,CP-AP-r000:S-P06-S05:GS10:p0003,east,0,8,5
9656,CP-AP-r000:S-P06-S05:GS10:p0004,east,0,8,6
9657,CP-AP-r000:S-P06-S05:GS10:p0005,east,0,8,0
9658,CP-AP-r000:S-P06-S05:GS10:p0006,east,0,8,6
9659,CP-AP-r000:S-P06-S05:GS10:p0007,east,0,6,5
9660,CP-AP-r000:S-P06-S05:GS10:p0008,east,0,8,5
9661,CP-AP-r000:S-P06-S05:GS10:p0009,east,0,9,6
9662,CP-AP-r000:S-P06-S05:GS10:p0010,east,0,8,0
9663,CP-AP-r000:S-P06-S05:GS10:p0011,east,0,7,6
9664,CP-AP-r000:S-P06-S05:GS10:p0012,east,0,7,6
9665,CP-AP-r000:S-P06-S05:GS10:p0013,east,0,8,4
9666,CP-AP-r000:S-P06-S05:GS10:p0014,east,0,10,6
9667,CP-AP-r000:S-P06-S05:GS11:p0001,east,0,11,1
9668,CP-AP-r000:S-P06-S05:GS11:p0002,east,0,8,6
9669,CP-AP-r000:S-P06-S05:GS11:p0003,east,0,7,0
9670,CP-AP-r000:S-P06-S05:GS11:p0004,east,0,8,5
9671,CP-AP-r000:S-P06-S05:GS11:p0005,east,0,10,0
9672,CP-AP-r000:S-P06-S05:GS11:p0006,east,0,8,6
9673,CP-AP-r000:S-P06-S05:GS11:p0007,east,0,8,0
9674,CP-AP-r000:S-P06-S05:GS11:p0008,east,0,8,5
9675,CP-AP-r000:S-P06-S05:GS11:p0009,east,0,9,6
9676,CP-AP-r000:S-P06-S05:GS11:p0010,east,0,9,0
9677,CP-AP-r000:S-P06-S05:GS11:p0011,east,0,8,6
9678,CP-AP-r000:S-P06-S05:GS11:p0012,east,0,8,4
9679,CP-AP-r000:S-P06-S05:GS11:p0013,east,0,8,6
9680,CP-AP-r000:S-P06-S05:GS12:p0001,east,0,8,1
9681,CP-AP-r000:S-P06-S05:GS12:p0002,east,0,8,6
9682,CP-AP-r000:S-P06-S05:GS12:p0003,east,0,8,0
9683,CP-AP-r000:S-P06-S05:GS12:p0004,east,0,10,5
9684,CP-AP-r000:S-P06-S05:GS12:p0005,east,0,9,0
9685,CP-AP-r000:S-P06-S05:GS12:p0006,east,0,8,6
9686,CP-AP-r000:S-P06-S05:GS12:p0007,east,0,10,0
9687,CP-AP-r000:S-P06-S05:GS12:p0008,east,0,10,5
9688,CP-AP-r000:S-P06-S05:GS12:p0009,east,0,10,0
9689,CP-AP-r000:S-P06-S05:GS12:p0010,east,0,8,6
9690,CP-AP-r000:S-P06-S05:GS12:p0011,east,0,9,0
9691,CP-AP-r000:S-P06-S05:GS12:p0012,east,0,9,4
9692,CP-AP-r000:S-P06-S06:GS01:p0001,west,6,0,6
9693,CP-AP-r000:S-P06-S06:GS01:p0002,west,6,0,0
9694,CP-AP-r000:S-P06-S06:GS01:p0003,west,8,0,4
9695,CP-AP-r000:S-P06-S06:GS01:p0004,west,6,0,0
9696,CP-AP-r000:S-P06-S06:GS01:p0005,west,6,0,6
9697,CP-AP-r000:S-P06-S06:GS01:p0006,west,6,0,1
9698,CP-AP-r000:S-P06-S06:GS01:p0007,west,10,0,4
9699,CP-AP-r000:S-P06-S06:GS01:p0008,west,4,0,0
9700,CP-AP-r000:S-P06-S06:GS01:p0009,west,6,0,6
9701,CP-AP-r000:S-P06-S06:GS01:p0010,west,6,0,1
9702,CP-AP-r000:S-P06-S06:GS01:p0011,west,8,0,5
9703,CP-AP-r000:S-P06-S06:GS01:p0012,west,6,0,0
9704,CP-AP-r000:S-P06-S06:GS02:p0001,west,7,0,6
9705,CP-AP-r000:S-P06-S06:GS02:p0002,west,5,0,0
9706,CP-AP-r000:S-P06-S06:GS02:p0003,west,7,0,6
9707,CP-AP-r000:S-P06-S06:GS02:p0004,west,8,0,4
9708,CP-AP-r000:S-P06-S06:GS02:p0005,west,4,0,6
9709,CP-AP-r000:S-P06-S06:GS02:p0006,west,6,0,1
9710,CP-AP-r000:S-P06-S06:GS02:p0007,west,7,0,6
9711,CP-AP-r000:S-P06-S06:GS02:p0008,west,8,0,4
9712,CP-AP-r000:S-P06-S06:GS02:p0009,west,6,0,6
9713,CP-AP-r000:S-P06-S06:GS02:p0010,west,6,0,1
9714,CP-AP-r000:S-P06-S06:GS02:p0011,west,8,0,5
9715,CP-AP-r000:S-P06-S06:GS03:p0001,west,7,0,6
9716,CP-AP-r000:S-P06-S06:GS03:p0002,west,4,0,6
9717,CP-AP-r000:S-P06-S06:GS03:p0003,west,8,0,6
9718,CP-AP-r000:S-P06-S06:GS03:p0004,west,6,0,4
9719,CP-AP-r000:S-P06-S06:GS03:p0005,west,7,0,6
9720,CP-AP-r000:S-P06-S06:GS03:p0006,west,8,0,6
9721,CP-AP-r000:S-P06-S06:GS03:p0007,west,6,0,4
9722,CP-AP-r000:S-P06-S06:GS03:p0008,west,6,0,6
9723,CP-AP-r000:S-P06-S06:GS03:p0009,west,6,0,1
9724,CP-AP-r000:S-P06-S06:GS03:p0010,west,8,0,6
9725,CP-AP-r000:S-P06-S06:GS03:p0011,west,8,0,5
9726,CP-AP-r000:S-P06-S06:GS04:p0001,east,0,7,1
9727,CP-AP-r000:S-P06-S06:GS04:p0002,east,0,6,6
9728,CP-AP-r000:S-P06-S06:GS04:p0003,east,0,8,5
9729,CP-AP-r000:S-P06-S06:GS04:p0004,east,0,6,6
9730,CP-AP-r000:S-P06-S06:GS04:p0005,east,0,8,0
9731,CP-AP-r000:S-P06-S06:GS04:p0006,east,0,6,6
9732,CP-AP-r000:S-P06-S06:GS04:p0007,east,0,8,5
9733,CP-AP-r000:S-P06-S06:GS04:p0008,east,0,6,6
9734,CP-AP-r000:S-P06-S06:GS04:p0009,east,0,6,0
9735,CP-AP-r000:S-P06-S06:GS04:p0010,east,0,4,6
9736,CP-AP-r000:S-P06-S06:GS04:p0011,east,0,8,4
9737,CP-AP-r000:S-P06-S06:GS04:p0012,east,0,6,6
9738,CP-AP-r000:S-P06-S06:GS05:p0001,east,0,6,1
9739,CP-AP-r000:S-P06-S06:GS05:p0002,east,0,6,6
9740,CP-AP-r000:S-P06-S06:GS05:p0003,east,0,10,5
9741,CP-AP-r000:S-P06-S06:GS05:p0004,east,0,4,6
9742,CP-AP-r000:S-P06-S06:GS05:p0005,east,0,6,0
9743,CP-AP-r000:S-P06-S06:GS05:p0006,east,0,6,6
9744,CP-AP-r000:S-P06-S06:GS05:p0007,east,0,8,5
9745,CP-AP-r000:S-P06-S06:GS05:p0008,east,0,6,6
9746,CP-AP-r000:S-P06-S06:GS05:p0009,east,0,6,0
9747,CP-AP-r000:S-P06-S06:GS05:p0010,east,0,6,6
9748,CP-AP-r000:S-P06-S06:GS05:p0011,east,0,8,4
9749,CP-AP-r000:S-P06-S06:GS05:p0012,east,0,6,6
9750,CP-AP-r000:S-P06-S06:GS06:p0001,east,0,4,1
9751,CP-AP-r000:S-P06-S06:GS06:p0002,east,0,5,6
9752,CP-AP-r000:S-P06-S06:GS06:p0003,east,0,7,0
9753,CP-AP-r000:S-P06-S06:GS06:p0004,east,0,8,5
9754,CP-AP-r000:S-P06-S06:GS06:p0005,east,0,6,0
9755,CP-AP-r000:S-P06-S06:GS06:p0006,east,0,6,6
9756,CP-AP-r000:S-P06-S06:GS06:p0007,east,0,8,5
9757,CP-AP-r000:S-P06-S06:GS06:p0008,east,0,6,0
9758,CP-AP-r000:S-P06-S06:GS06:p0009,east,0,6,6
9759,CP-AP-r000:S-P06-S06:GS06:p0010,east,0,8,4
9760,CP-AP-r000:S-P06-S06:GS06:p0011,east,0,6,6
9761,CP-AP-r000:S-P06-S06:GS07:p0001,west,9,0,6
9762,CP-AP-r000:S-P06-S06:GS07:p0002,west,7,0,0
9763,CP-AP-r000:S-P06-S06:GS07:p0003,west,10,0,6
9764,CP-AP-r000:S-P06-S06:GS07:p0004,west,8,0,4
9765,CP-AP-r000:S-P06-S06:GS07:p0005,west,10,0,6
9766,CP-AP-r000:S-P06-S06:GS07:p0006,west,7,0,1
9767,CP-AP-r000:S-P06-S06:GS07:p0007,west,9,0,6
9768,CP-AP-r000:S-P06-S06:GS07:p0008,west,8,0,4
9769,CP-AP-r000:S-P06-S06:GS07:p0009,west,5,0,0
9770,CP-AP-r000:S-P06-S06:GS07:p0010,west,10,0,6
9771,CP-AP-r000:S-P06-S06:GS07:p0011,west,8,0,1
9772,CP-AP-r000:S-P06-S06:GS07:p0012,west,10,0,6
9773,CP-AP-r000:S-P06-S06:GS07:p0013,west,8,0,5
9774,CP-AP-r000:S-P06-S06:GS07:p0014,west,6,0,0
9775,CP-AP-r000:S-P06-S06:GS08:p0001,west,8,0,6
9776,CP-AP-r000:S-P06-S06:GS08:p0002,west,7,0,0
9777,CP-AP-r000:S-P06-S06:GS08:p0003,west,9,0,6
9778,CP-AP-r000:S-P06-S06:GS08:p0004,west,10,0,4
9779,CP-AP-r000:S-P06-S06:GS08:p0005,west,7,0,6
9780,CP-AP-r000:S-P06-S06:GS08:p0006,west,7,0,1
9781,CP-AP-r000:S-P06-S06:GS08:p0007,west,10,0,6
9782,CP-AP-r000:S-P06-S06:GS08:p0008,west,10,0,4
9783,CP-AP-r000:S-P06-S06:GS08:p0009,west,7,0,6
9784,CP-AP-r000:S-P06-S06:GS08:p0010,west,7,0,1
9785,CP-AP-r000:S-P06-S06:GS08:p0011,west,10,0,6
9786,CP-AP-r000:S-P06-S06:GS08:p0012,west,10,0,5
9787,CP-AP-r000:S-P06-S06:GS09:p0001,west,7,0,6
9788,CP-AP-r000:S-P06-S06:GS09:p0002,west,7,0,0
9789,CP-AP-r000:S-P06-S06:GS09:p0003,west,8,0,6
9790,CP-AP-r000:S-P06-S06:GS09:p0004,west,8,0,4
9791,CP-AP-r000:S-P06-S06:GS09:p0005,west,7,0,6
9792,CP-AP-r000:S-P06-S06:GS09:p0006,west,8,0,1
9793,CP-AP-r000:S-P06-S06:GS09:p0007,west,8,0,6
9794,CP-AP-r000:S-P06-S06:GS09:p0008,west,8,0,4
9795,CP-AP-r000:S-P06-S06:GS09:p0009,west,8,0,6
9796,CP-AP-r000:S-P06-S06:GS09:p0010,west,8,0,1
9797,CP-AP-r000:S-P06-S06:GS09:p0011,west,8,0,6
9798,CP-AP-r000:S-P06-S06:GS09:p0012,west,9,0,5
9799,CP-AP-r000:S-P06-S06:GS10:p0001,east,0,10,1
9800,CP-AP-r000:S-P06-S06:GS10:p0002,east,0,8,6
9801,CP-AP-r000:S-P06-S06:GS10:p0003,east,0,8,5
9802,CP-AP-r000:S-P06-S06:GS10:p0004,east,0,8,6
9803,CP-AP-r000:S-P06-S06:GS10:p0005,east,0,10,0
9804,CP-AP-r000:S-P06-S06:GS10:p0006,east,0,8,6
9805,CP-AP-r000:S-P06-S06:GS10:p0007,east,0,5,5
9806,CP-AP-r000:S-P06-S06:GS10:p0008,east,0,8,5
9807,CP-AP-r000:S-P06-S06:GS10:p0009,east,0,8,6
9808,CP-AP-r000:S-P06-S06:GS10:p0010,east,0,9,0
9809,CP-AP-r000:S-P06-S06:GS10:p0011,east,0,8,6
9810,CP-AP-r000:S-P06-S06:GS10:p0012,east,0,6,6
9811,CP-AP-r000:S-P06-S06:GS10:p0013,east,0,8,4
9812,CP-AP-r000:S-P06-S06:GS10:p0014,east,0,9,6
9813,CP-AP-r000:S-P06-S06:GS11:p0001,east,0,10,1
9814,CP-AP-r000:S-P06-S06:GS11:p0002,east,0,7,6
9815,CP-AP-r000:S-P06-S06:GS11:p0003,east,0,8,0
9816,CP-AP-r000:S-P06-S06:GS11:p0004,east,0,8,5
9817,CP-AP-r000:S-P06-S06:GS11:p0005,east,0,6,6
9818,CP-AP-r000:S-P06-S06:GS11:p0006,east,0,10,0
9819,CP-AP-r000:S-P06-S06:GS11:p0007,east,0,8,6
9820,CP-AP-r000:S-P06-S06:GS11:p0008,east,0,10,0
9821,CP-AP-r000:S-P06-S06:GS11:p0009,east,0,8,5
9822,CP-AP-r000:S-P06-S06:GS11:p0010,east,0,6,6
9823,CP-AP-r000:S-P06-S06:GS11:p0011,east,0,10,0
9824,CP-AP-r000:S-P06-S06:GS11:p0012,east,0,8,6
9825,CP-AP-r000:S-P06-S06:GS11:p0013,east,0,8,4
9826,CP-AP-r000:S-P06-S06:GS11:p0014,east,0,8,6
9827,CP-AP-r000:S-P06-S06:GS12:p0001,east,0,7,1
9828,CP-AP-r000:S-P06-S06:GS12:p0002,east,0,7,6
9829,CP-AP-r000:S-P06-S06:GS12:p0003,east,0,10,0
9830,CP-AP-r000:S-P06-S06:GS12:p0004,east,0,10,5
9831,CP-AP-r000:S-P06-S06:GS12:p0005,east,0,7,0
9832,CP-AP-r000:S-P06-S06:GS12:p0006,east,0,7,6
9833,CP-AP-r000:S-P06-S06:GS12:p0007,east,0,10,0
9834,CP-AP-r000:S-P06-S06:GS12:p0008,east,0,10,5
9835,CP-AP-r000:S-P06-S06:GS12:p0009,east,0,9,0
9836,CP-AP-r000:S-P06-S06:GS12:p0010,east,0,7,6
9837,CP-AP-r000:S-P06-S06:GS12:p0011,east,0,10,0
9838,CP-AP-r000:S-P06-S06:GS12:p0012,east,0,8,4
9839,CP-AP-r000:S-P06-S07:GS01:p0001,west,7,0,6
9840,CP-AP-r000:S-P06-S07:GS01:p0002,west,7,0,1
9841,CP-AP-r000:S-P06-S07:GS01:p0003,west,8,0,5
9842,CP-AP-r000:S-P06-S07:GS01:p0004,west,8,0,0
9843,CP-AP-r000:S-P06-S07:GS01:p0005,west,7,0,6
9844,CP-AP-r000:S-P06-S07:GS01:p0006,west,7,0,1
9845,CP-AP-r000:S-P06-S07:GS01:p0007,west,8,0,6
9846,CP-AP-r000:S-P06-S07:GS01:p0008,west,7,0,0
9847,CP-AP-r000:S-P06-S07:GS01:p0009,west,8,0,6
9848,CP-AP-r000:S-P06-S07:GS01:p0010,west,7,0,2
9849,CP-AP-r000:S-P06-S07:GS01:p0011,west,8,0,6
9850,CP-AP-r000:S-P06-S07:GS01:p0012,west,7,0,0
9851,CP-AP-r000:S-P06-S07:GS02:p0001,west,7,0,6
9852,CP-AP-r000:S-P06-S07:GS02:p0002,west,7,0,1
9853,CP-AP-r000:S-P06-S07:GS02:p0003,west,8,0,5
9854,CP-AP-r000:S-P06-S07:GS02:p0004,west,7,0,6
9855,CP-AP-r000:S-P06-S07:GS02:p0005,west,7,0,1
9856,CP-AP-r000:S-P06-S07:GS02:p0006,west,8,0,6
9857,CP-AP-r000:S-P06-S07:GS02:p0007,west,7,0,0
9858,CP-AP-r000:S-P06-S07:GS02:p0008,west,7,0,6
9859,CP-AP-r000:S-P06-S07:GS02:p0009,west,7,0,2
9860,CP-AP-r000:S-P06-S07:GS02:p0010,west,9,0,6
9861,CP-AP-r000:S-P06-S07:GS02:p0011,west,6,0,0
9862,CP-AP-r000:S-P06-S07:GS03:p0001,west,7,0,6
9863,CP-AP-r000:S-P06-S07:GS03:p0002,west,4,0,1
9864,CP-AP-r000:S-P06-S07:GS03:p0003,west,8,0,6
9865,CP-AP-r000:S-P06-S07:GS03:p0004,west,9,0,5
9866,CP-AP-r000:S-P06-S07:GS03:p0005,west,7,0,6
9867,CP-AP-r000:S-P06-S07:GS03:p0006,west,5,0,1
9868,CP-AP-r000:S-P06-S07:GS03:p0007,west,6,0,6
9869,CP-AP-r000:S-P06-S07:GS03:p0008,west,8,0,6
9870,CP-AP-r000:S-P06-S07:GS03:p0009,west,6,0,6
9871,CP-AP-r000:S-P06-S07:GS03:p0010,west,8,0,2
9872,CP-AP-r000:S-P06-S07:GS03:p0011,west,7,0,6
9873,CP-AP-r000:S-P06-S07:GS03:p0012,west,8,0,6
9874,CP-AP-r000:S-P06-S07:GS04:p0001,east,0,6,0
9875,CP-AP-r000:S-P06-S07:GS04:p0002,east,0,5,6
9876,CP-AP-r000:S-P06-S07:GS04:p0003,east,0,8,4
9877,CP-AP-r000:S-P06-S07:GS04:p0004,east,0,7,6
9878,CP-AP-r000:S-P06-S07:GS04:p0005,east,0,7,0
9879,CP-AP-r000:S-P06-S07:GS04:p0006,east,0,7,6
9880,CP-AP-r000:S-P06-S07:GS04:p0007,east,0,8,3
9881,CP-AP-r000:S-P06-S07:GS04:p0008,east,0,7,6
9882,CP-AP-r000:S-P06-S07:GS04:p0009,east,0,7,6
9883,CP-AP-r000:S-P06-S07:GS04:p0010,east,0,8,3
9884,CP-AP-r000:S-P06-S07:GS04:p0011,east,0,7,6
9885,CP-AP-r000:S-P06-S07:GS05:p0001,east,0,7,0
9886,CP-AP-r000:S-P06-S07:GS05:p0002,east,0,7,6
9887,CP-AP-r000:S-P06-S07:GS05:p0003,east,0,8,4
9888,CP-AP-r000:S-P06-S07:GS05:p0004,east,0,7,6
9889,CP-AP-r000:S-P06-S07:GS05:p0005,east,0,8,0
9890,CP-AP-r000:S-P06-S07:GS05:p0006,east,0,7,6
9891,CP-AP-r000:S-P06-S07:GS05:p0007,east,0,8,3
9892,CP-AP-r000:S-P06-S07:GS05:p0008,east,0,7,6
9893,CP-AP-r000:S-P06-S07:GS05:p0009,east,0,8,0
9894,CP-AP-r000:S-P06-S07:GS05:p0010,east,0,6,6
9895,CP-AP-r000:S-P06-S07:GS05:p0011,east,0,8,3
9896,CP-AP-r000:S-P06-S07:GS05:p0012,east,0,7,6
9897,CP-AP-r000:S-P06-S07:GS06:p0001,east,0,7,0
9898,CP-AP-r000:S-P06-S07:GS06:p0002,east,0,7,6
9899,CP-AP-r000:S-P06-S07:GS06:p0003,east,0,8,4
9900,CP-AP-r000:S-P06-S07:GS06:p0004,east,0,7,6
9901,CP-AP-r000:S-P06-S07:GS06:p0005,east,0,7,0
9902,CP-AP-r000:S-P06-S07:GS06:p0006,east,0,7,6
9903,CP-AP-r000:S-P06-S07:GS06:p0007,east,0,10,3
9904,CP-AP-r000:S-P06-S07:GS06:p0008,east,0,6,6
9905,CP-AP-r000:S-P06-S07:GS06:p0009,east,0,7,0
9906,CP-AP-r000:S-P06-S07:GS06:p0010,east,0,7,6
9907,CP-AP-r000:S-P06-S07:GS06:p0011,east,0,8,3
9908,CP-AP-r000:S-P06-S07:GS06:p0012,east,0,8,6
9909,CP-AP-r000:S-P06-S07:GS07:p0001,west,10,0,6
9910,CP-AP-r000:S-P06-S07:GS07:p0002,west,8,0,1
9911,CP-AP-r000:S-P06-S07:GS07:p0003,west,8,0,6
9912,CP-AP-r000:S-P06-S07:GS07:p0004,west,8,0,5
9913,CP-AP-r000:S-P06-S07:GS07:p0005,west,9,0,0
9914,CP-AP-r000:S-P06-S07:GS07:p0006,west,9,0,6
9915,CP-AP-r000:S-P06-S07:GS07:p0007,west,8,0,1
9916,CP-AP-r000:S-P06-S07:GS07:p0008,west,8,0,6
9917,CP-AP-r000:S-P06-S07:GS07:p0009,west,8,0,0
9918,CP-AP-r000:S-P06-S07:GS07:p0010,west,7,0,6
9919,CP-AP-r000:S-P06-S07:GS07:p0011,west,8,0,2
9920,CP-AP-r000:S-P06-S07:GS07:p0012,west,8,0,6
9921,CP-AP-r000:S-P06-S07:GS07:p0013,west,8,0,0
9922,CP-AP-r000:S-P06-S07:GS08:p0001,west,8,0,6
9923,CP-AP-r000:S-P06-S07:GS08:p0002,west,8,0,1
9924,CP-AP-r000:S-P06-S07:GS08:p0003,west,9,0,6
9925,CP-AP-r000:S-P06-S07:GS08:p0004,west,10,0,5
9926,CP-AP-r000:S-P06-S07:GS08:p0005,west,10,0,6
9927,CP-AP-r000:S-P06-S07:GS08:p0006,west,8,0,1
9928,CP-AP-r000:S-P06-S07:GS08:p0007,west,9,0,6
9929,CP-AP-r000:S-P06-S07:GS08:p0008,west,8,0,6
9930,CP-AP-r000:S-P06-S07:GS08:p0009,west,10,0,6
9931,CP-AP-r000:S-P06-S07:GS08:p0010,west,8,0,2
9932,CP-AP-r000:S-P06-S07:GS08:p0011,west,9,0,6
9933,CP-AP-r000:S-P06-S07:GS08:p0012,west,8,0,6
9934,CP-AP-r000:S-P06-S07:GS08:p0013,west,8,0,0
9935,CP-AP-r000:S-P06-S07:GS09:p0001,west,8,0,6
9936,CP-AP-r000:S-P06-S07:GS09:p0002,west,10,0,1
9937,CP-AP-r000:S-P06-S07:GS09:p0003,west,8,0,6
9938,CP-AP-r000:S-P06-S07:GS09:p0004,west,8,0,5
9939,CP-AP-r000:S-P06-S07:GS09:p0005,west,8,0,6
9940,CP-AP-r000:S-P06-S07:GS09:p0006,west,9,0,1
9941,CP-AP-r000:S-P06-S07:GS09:p0007,west,8,0,6
9942,CP-AP-r000:S-P06-S07:GS09:p0008,west,10,0,6
9943,CP-AP-r000:S-P06-S07:GS09:p0009,west,8,0,6
9944,CP-AP-r000:S-P06-S07:GS09:p0010,west,8,0,2
9945,CP-AP-r000:S-P06-S07:GS09:p0011,west,9,0,6
9946,CP-AP-r000:S-P06-S07:GS09:p0012,west,10,0,6
9947,CP-AP-r000:S-P06-S07:GS10:p0001,east,0,7,0
9948,CP-AP-r000:S-P06-S07:GS10:p0002,east,0,7,6
9949,CP-AP-r000:S-P06-S07:GS10:p0003,east,0,7,6
9950,CP-AP-r000:S-P06-S07:GS10:p0004,east,0,8,4
9951,CP-AP-r000:S-P06-S07:GS10:p0005,east,0,10,6
9952,CP-AP-r000:S-P06-S07:GS10:p0006,east,0,7,6
9953,CP-AP-r000:S-P06-S07:GS10:p0007,east,0,8,6
9954,CP-AP-r000:S-P06-S07:GS10:p0008,east,0,8,3
9955,CP-AP-r000:S-P06-S07:GS10:p0009,east,0,9,6
9956,CP-AP-r000:S-P06-S07:GS10:p0010,east,0,8,6
9957,CP-AP-r000:S-P06-S07:GS10:p0011,east,0,9,6
9958,CP-AP-r000:S-P06-S07:GS10:p0012,east,0,8,3
9959,CP-AP-r000:S-P06-S07:GS10:p0013,east,0,9,6
9960,CP-AP-r000:S-P06-S07:GS11:p0001,east,0,10,0
9961,CP-AP-r000:S-P06-S07:GS11:p0002,east,0,8,6
9962,CP-AP-r000:S-P06-S07:GS11:p0003,east,0,8,4
9963,CP-AP-r000:S-P06-S07:GS11:p0004,east,0,7,6
9964,CP-AP-r000:S-P06-S07:GS11:p0005,east,0,8,0
9965,CP-AP-r000:S-P06-S07:GS11:p0006,east,0,8,6
9966,CP-AP-r000:S-P06-S07:GS11:p0007,east,0,8,3
9967,CP-AP-r000:S-P06-S07:GS11:p0008,east,0,8,6
9968,CP-AP-r000:S-P06-S07:GS11:p0009,east,0,8,0
9969,CP-AP-r000:S-P06-S07:GS11:p0010,east,0,8,6
9970,CP-AP-r000:S-P06-S07:GS11:p0011,east,0,7,6
9971,CP-AP-r000:S-P06-S07:GS11:p0012,east,0,8,3
9972,CP-AP-r000:S-P06-S07:GS11:p0013,east,0,10,6
9973,CP-AP-r000:S-P06-S07:GS12:p0001,east,0,10,0
9974,CP-AP-r000:S-P06-S07:GS12:p0002,east,0,8,6
9975,CP-AP-r000:S-P06-S07:GS12:p0003,east,0,9,0
9976,CP-AP-r000:S-P06-S07:GS12:p0004,east,0,9,4
9977,CP-AP-r000:S-P06-S07:GS12:p0005,east,0,10,0
9978,CP-AP-r000:S-P06-S07:GS12:p0006,east,0,8,6
9979,CP-AP-r000:S-P06-S07:GS12:p0007,east,0,8,0
9980,CP-AP-r000:S-P06-S07:GS12:p0008,east,0,8,3
9981,CP-AP-r000:S-P06-S07:GS12:p0009,east,0,8,6
9982,CP-AP-r000:S-P06-S07:GS12:p0010,east,0,10,0
9983,CP-AP-r000:S-P06-S07:GS12:p0011,east,0,8,6
9984,CP-AP-r000:S-P06-S07:GS12:p0012,east,0,8,0
9985,CP-AP-r000:S-P06-S07:GS12:p0013,east,0,8,3
9986,CP-AP-r000:S-P06-S07:GS12:p0014,east,0,9,6
9987,CP-AP-r000:S-P06-S08:GS01:p0001,west,6,0,6
9988,CP-AP-r000:S-P06-S08:GS01:p0002,west,6,0,1
9989,CP-AP-r000:S-P06-S08:GS01:p0003,west,8,0,5
9990,CP-AP-r000:S-P06-S08:GS01:p0004,west,6,0,0
9991,CP-AP-r000:S-P06-S08:GS01:p0005,west,6,0,6
9992,CP-AP-r000:S-P06-S08:GS01:p0006,west,6,0,1
9993,CP-AP-r000:S-P06-S08:GS01:p0007,west,8,0,6
9994,CP-AP-r000:S-P06-S08:GS01:p0008,west,6,0,0
9995,CP-AP-r000:S-P06-S08:GS01:p0009,west,7,0,6
9996,CP-AP-r000:S-P06-S08:GS01:p0010,west,6,0,2
9997,CP-AP-r000:S-P06-S08:GS01:p0011,west,8,0,6
9998,CP-AP-r000:S-P06-S08:GS01:p0012,west,6,0,0
9999,CP-AP-r000:S-P06-S08:GS02:p0001,west,6,0,6
10000,CP-AP-r000:S-P06-S08:GS02:p0002,west,6,0,1
10001,CP-AP-r000:S-P06-S08:GS02:p0003,west,8,0,5
10002,CP-AP-r000:S-P06-S08:GS02:p0004,west,6,0,6
10003,CP-AP-r000:S-P06-S08:GS02:p0005,west,6,0,1
10004,CP-AP-r000:S-P06-S08:GS02:p0006,west,8,0,6
10005,CP-AP-r000:S-P06-S08:GS02:p0007,west,6,0,0
10006,CP-AP-r000:S-P06-S08:GS02:p0008,west,6,0,6
10007,CP-AP-r000:S-P06-S08:GS02:p0009,west,6,0,2
10008,CP-AP-r000:S-P06-S08:GS02:p0010,west,9,0,6
10009,CP-AP-r000:S-P06-S08:GS02:p0011,west,4,0,0
10010,CP-AP-r000:S-P06-S08:GS03:p0001,west,6,0,6
10011,CP-AP-r000:S-P06-S08:GS03:p0002,west,6,0,1
10012,CP-AP-r000:S-P06-S08:GS03:p0003,west,9,0,6
10013,CP-AP-r000:S-P06-S08:GS03:p0004,west,8,0,5
10014,CP-AP-r000:S-P06-S08:GS03:p0005,west,5,0,6
10015,CP-AP-r000:S-P06-S08:GS03:p0006,west,5,0,1
10016,CP-AP-r000:S-P06-S08:GS03:p0007,west,7,0,6
10017,CP-AP-r000:S-P06-S08:GS03:p0008,west,8,0,6
10018,CP-AP-r000:S-P06-S08:GS03:p0009,west,5,0,6
10019,CP-AP-r000:S-P06-S08:GS03:p0010,west,6,0,2
10020,CP-AP-r000:S-P06-S08:GS03:p0011,west,8,0,6
10021,CP-AP-r000:S-P06-S08:GS04:p0001,east,0,6,0
10022,CP-AP-r000:S-P06-S08:GS04:p0002,east,0,4,6
10023,CP-AP-r000:S-P06-S08:GS04:p0003,east,0,8,4
10024,CP-AP-r000:S-P06-S08:GS04:p0004,east,0,6,6
10025,CP-AP-r000:S-P06-S08:GS04:p0005,east,0,7,0
10026,CP-AP-r000:S-P06-S08:GS04:p0006,east,0,6,6
10027,CP-AP-r000:S-P06-S08:GS04:p0007,east,0,8,3
10028,CP-AP-r000:S-P06-S08:GS04:p0008,east,0,6,6
10029,CP-AP-r000:S-P06-S08:GS04:p0009,east,0,6,6
10030,CP-AP-r000:S-P06-S08:GS04:p0010,east,0,8,2
10031,CP-AP-r000:S-P06-S08:GS04:p0011,east,0,6,6
10032,CP-AP-r000:S-P06-S08:GS05:p0001,east,0,6,0
10033,CP-AP-r000:S-P06-S08:GS05:p0002,east,0,6,6
10034,CP-AP-r000:S-P06-S08:GS05:p0003,east,0,8,4
10035,CP-AP-r000:S-P06-S08:GS05:p0004,east,0,6,6
10036,CP-AP-r000:S-P06-S08:GS05:p0005,east,0,7,0
10037,CP-AP-r000:S-P06-S08:GS05:p0006,east,0,6,6
10038,CP-AP-r000:S-P06-S08:GS05:p0007,east,0,8,3
10039,CP-AP-r000:S-P06-S08:GS05:p0008,east,0,6,6
10040,CP-AP-r000:S-P06-S08:GS05:p0009,east,0,8,0
10041,CP-AP-r000:S-P06-S08:GS05:p0010,east,0,6,6
10042,CP-AP-r000:S-P06-S08:GS05:p0011,east,0,8,2
10043,CP-AP-r000:S-P06-S08:GS05:p0012,east,0,6,6
10044,CP-AP-r000:S-P06-S08:GS06:p0001,east,0,6,0
10045,CP-AP-r000:S-P06-S08:GS06:p0002,east,0,6,6
10046,CP-AP-r000:S-P06-S08:GS06:p0003,east,0,8,4
10047,CP-AP-r000:S-P06-S08:GS06:p0004,east,0,6,6
10048,CP-AP-r000:S-P06-S08:GS06:p0005,east,0,6,0
10049,CP-AP-r000:S-P06-S08:GS06:p0006,east,0,6,6
10050,CP-AP-r000:S-P06-S08:GS06:p0007,east,0,10,3
10051,CP-AP-r000:S-P06-S08:GS06:p0008,east,0,4,6
10052,CP-AP-r000:S-P06-S08:GS06:p0009,east,0,6,0
10053,CP-AP-r000:S-P06-S08:GS06:p0010,east,0,6,6
10054,CP-AP-r000:S-P06-S08:GS06:p0011,east,0,8,2
10055,CP-AP-r000:S-P06-S08:GS06:p0012,east,0,6,6
10056,CP-AP-r000:S-P06-S08:GS07:p0001,west,10,0,6
10057,CP-AP-r000:S-P06-S08:GS07:p0002,west,8,0,1
10058,CP-AP-r000:S-P06-S08:GS07:p0003,west,10,0,6
10059,CP-AP-r000:S-P06-S08:GS07:p0004,west,8,0,5
10060,CP-AP-r000:S-P06-S08:GS07:p0005,west,7,0,0
10061,CP-AP-r000:S-P06-S08:GS07:p0006,west,10,0,6
10062,CP-AP-r000:S-P06-S08:GS07:p0007,west,8,0,1
10063,CP-AP-r000:S-P06-S08:GS07:p0008,west,8,0,6
10064,CP-AP-r000:S-P06-S08:GS07:p0009,west,8,0,0
10065,CP-AP-r000:S-P06-S08:GS07:p0010,west,8,0,6
10066,CP-AP-r000:S-P06-S08:GS07:p0011,west,8,0,2
10067,CP-AP-r000:S-P06-S08:GS07:p0012,west,7,0,0
10068,CP-AP-r000:S-P06-S08:GS07:p0013,west,8,0,6
10069,CP-AP-r000:S-P06-S08:GS07:p0014,west,8,0,0
10070,CP-AP-r000:S-P06-S08:GS08:p0001,west,7,0,6
10071,CP-AP-r000:S-P06-S08:GS08:p0002,west,7,0,1
10072,CP-AP-r000:S-P06-S08:GS08:p0003,west,10,0,6
10073,CP-AP-r000:S-P06-S08:GS08:p0004,west,10,0,5
10074,CP-AP-r000:S-P06-S08:GS08:p0005,west,9,0,6
10075,CP-AP-r000:S-P06-S08:GS08:p0006,west,7,0,1
10076,CP-AP-r000:S-P06-S08:GS08:p0007,west,10,0,6
10077,CP-AP-r000:S-P06-S08:GS08:p0008,west,8,0,6
10078,CP-AP-r000:S-P06-S08:GS08:p0009,west,11,0,6
10079,CP-AP-r000:S-P06-S08:GS08:p0010,west,7,0,2
10080,CP-AP-r000:S-P06-S08:GS08:p0011,west,10,0,6
10081,CP-AP-r000:S-P06-S08:GS08:p0012,west,8,0,6
10082,CP-AP-r000:S-P06-S08:GS08:p0013,west,5,0,0
10083,CP-AP-r000:S-P06-S08:GS09:p0001,west,8,0,6
10084,CP-AP-r000:S-P06-S08:GS09:p0002,west,8,0,1
10085,CP-AP-r000:S-P06-S08:GS09:p0003,west,8,0,6
10086,CP-AP-r000:S-P06-S08:GS09:p0004,west,8,0,5
10087,CP-AP-r000:S-P06-S08:GS09:p0005,west,7,0,6
10088,CP-AP-r000:S-P06-S08:GS09:p0006,west,7,0,1
10089,CP-AP-r000:S-P06-S08:GS09:p0007,west,9,0,6
10090,CP-AP-r000:S-P06-S08:GS09:p0008,west,10,0,6
10091,CP-AP-r000:S-P06-S08:GS09:p0009,west,7,0,6
10092,CP-AP-r000:S-P06-S08:GS09:p0010,west,7,0,2
10093,CP-AP-r000:S-P06-S08:GS09:p0011,west,10,0,6
10094,CP-AP-r000:S-P06-S08:GS09:p0012,west,10,0,6
10095,CP-AP-r000:S-P06-S08:GS10:p0001,east,0,9,0
10096,CP-AP-r000:S-P06-S08:GS10:p0002,east,0,8,6
10097,CP-AP-r000:S-P06-S08:GS10:p0003,east,0,6,6
10098,CP-AP-r000:S-P06-S08:GS10:p0004,east,0,8,4
10099,CP-AP-r000:S-P06-S08:GS10:p0005,east,0,9,6
10100,CP-AP-r000:S-P06-S08:GS10:p0006,east,0,7,6
10101,CP-AP-r000:S-P06-S08:GS10:p0007,east,0,7,6
10102,CP-AP-r000:S-P06-S08:GS10:p0008,east,0,8,3
10103,CP-AP-r000:S-P06-S08:GS10:p0009,east,0,8,6
10104,CP-AP-r000:S-P06-S08:GS10:p0010,east,0,8,6
10105,CP-AP-r000:S-P06-S08:GS10:p0011,east,0,9,6
10106,CP-AP-r000:S-P06-S08:GS10:p0012,east,0,8,2
10107,CP-AP-r000:S-P06-S08:GS10:p0013,east,0,8,6
10108,CP-AP-r000:S-P06-S08:GS11:p0001,east,0,10,0
10109,CP-AP-r000:S-P06-S08:GS11:p0002,east,0,8,6
10110,CP-AP-r000:S-P06-S08:GS11:p0003,east,0,8,4
10111,CP-AP-r000:S-P06-S08:GS11:p0004,east,0,7,6
10112,CP-AP-r000:S-P06-S08:GS11:p0005,east,0,9,0
10113,CP-AP-r000:S-P06-S08:GS11:p0006,east,0,8,6
10114,CP-AP-r000:S-P06-S08:GS11:p0007,east,0,8,3
10115,CP-AP-r000:S-P06-S08:GS11:p0008,east,0,8,6
10116,CP-AP-r000:S-P06-S08:GS11:p0009,east,0,10,0
10117,CP-AP-r000:S-P06-S08:GS11:p0010,east,0,8,6
10118,CP-AP-r000:S-P06-S08:GS11:p0011,east,0,5,6
10119,CP-AP-r000:S-P06-S08:GS11:p0012,east,0,8,2
10120,CP-AP-r000:S-P06-S08:GS11:p0013,east,0,9,6
10121,CP-AP-r000:S-P06-S08:GS12:p0001,east,0,9,0
10122,CP-AP-r000:S-P06-S08:GS12:p0002,east,0,7,6
10123,CP-AP-r000:S-P06-S08:GS12:p0003,east,0,10,0
10124,CP-AP-r000:S-P06-S08:GS12:p0004,east,0,8,4
10125,CP-AP-r000:S-P06-S08:GS12:p0005,east,0,10,0
10126,CP-AP-r000:S-P06-S08:GS12:p0006,east,0,7,6
10127,CP-AP-r000:S-P06-S08:GS12:p0007,east,0,9,0
10128,CP-AP-r000:S-P06-S08:GS12:p0008,east,0,8,3
10129,CP-AP-r000:S-P06-S08:GS12:p0009,east,0,5,6
10130,CP-AP-r000:S-P06-S08:GS12:p0010,east,0,10,0
10131,CP-AP-r000:S-P06-S08:GS12:p0011,east,0,8,6
10132,CP-AP-r000:S-P06-S08:GS12:p0012,east,0,10,0
10133,CP-AP-r000:S-P06-S08:GS12:p0013,east,0,8,2
10134,CP-AP-r000:S-P06-S08:GS12:p0014,east,0,7,6
10135,CP-AP-r000:S-P06-S09:GS01:p0001,west,8,0,6
10136,CP-AP-r000:S-P06-S09:GS01:p0002,west,7,0,2
10137,CP-AP-r000:S-P06-S09:GS01:p0003,west,8,0,6
10138,CP-AP-r000:S-P06-S09:GS01:p0004,west,7,0,0
10139,CP-AP-r000:S-P06-S09:GS01:p0005,west,7,0,6
10140,CP-AP-r000:S-P06-S09:GS01:p0006,west,6,0,3
10141,CP-AP-r000:S-P06-S09:GS01:p0007,west,8,0,6
10142,CP-AP-r000:S-P06-S09:GS01:p0008,west,7,0,0
10143,CP-AP-r000:S-P06-S09:GS01:p0009,west,6,0,6
10144,CP-AP-r000:S-P06-S09:GS01:p0010,west,5,0,3
10145,CP-AP-r000:S-P06-S09:GS01:p0011,west,8,0,6
10146,CP-AP-r000:S-P06-S09:GS01:p0012,west,7,0,0
10147,CP-AP-r000:S-P06-S09:GS02:p0001,west,7,0,6
10148,CP-AP-r000:S-P06-S09:GS02:p0002,west,7,0,2
10149,CP-AP-r000:S-P06-S09:GS02:p0003,west,9,0,6
10150,CP-AP-r000:S-P06-S09:GS02:p0004,west,6,0,0
10151,CP-AP-r000:S-P06-S09:GS02:p0005,west,7,0,6
10152,CP-AP-r000:S-P06-S09:GS02:p0006,west,7,0,3
10153,CP-AP-r000:S-P06-S09:GS02:p0007,west,8,0,6
10154,CP-AP-r000:S-P06-S09:GS02:p0008,west,7,0,0
10155,CP-AP-r000:S-P06-S09:GS02:p0009,west,7,0,6
10156,CP-AP-r000:S-P06-S09:GS02:p0010,west,7,0,3
10157,CP-AP-r000:S-P06-S09:GS02:p0011,west,8,0,6
10158,CP-AP-r000:S-P06-S09:GS02:p0012,west,7,0,0
10159,CP-AP-r000:S-P06-S09:GS03:p0001,west,5,0,6
10160,CP-AP-r000:S-P06-S09:GS03:p0002,west,8,0,2
10161,CP-AP-r000:S-P06-S09:GS03:p0003,west,7,0,6
10162,CP-AP-r000:S-P06-S09:GS03:p0004,west,8,0,6
10163,CP-AP-r000:S-P06-S09:GS03:p0005,west,7,0,6
10164,CP-AP-r000:S-P06-S09:GS03:p0006,west,7,0,3
10165,CP-AP-r000:S-P06-S09:GS03:p0007,west,8,0,6
10166,CP-AP-r000:S-P06-S09:GS03:p0008,west,7,0,6
10167,CP-AP-r000:S-P06-S09:GS03:p0009,west,7,0,3
10168,CP-AP-r000:S-P06-S09:GS03:p0010,west,9,0,6
10169,CP-AP-r000:S-P06-S09:GS03:p0011,west,7,0,0
10170,CP-AP-r000:S-P06-S09:GS04:p0001,east,0,7,6
10171,CP-AP-r000:S-P06-S09:GS04:p0002,east,0,8,3
10172,CP-AP-r000:S-P06-S09:GS04:p0003,east,0,7,6
10173,CP-AP-r000:S-P06-S09:GS04:p0004,east,0,7,6
10174,CP-AP-r000:S-P06-S09:GS04:p0005,east,0,4,6
10175,CP-AP-r000:S-P06-S09:GS04:p0006,east,0,7,2
10176,CP-AP-r000:S-P06-S09:GS04:p0007,east,0,10,6
10177,CP-AP-r000:S-P06-S09:GS04:p0008,east,0,7,5
10178,CP-AP-r000:S-P06-S09:GS04:p0009,east,0,6,6
10179,CP-AP-r000:S-P06-S09:GS04:p0010,east,0,7,1
10180,CP-AP-r000:S-P06-S09:GS04:p0011,east,0,8,6
10181,CP-AP-r000:S-P06-S09:GS05:p0001,east,0,8,0
10182,CP-AP-r000:S-P06-S09:GS05:p0002,east,0,6,6
10183,CP-AP-r000:S-P06-S09:GS05:p0003,east,0,8,3
10184,CP-AP-r000:S-P06-S09:GS05:p0004,east,0,7,6
10185,CP-AP-r000:S-P06-S09:GS05:p0005,east,0,6,0
10186,CP-AP-r000:S-P06-S09:GS05:p0006,east,0,5,6
10187,CP-AP-r000:S-P06-S09:GS05:p0007,east,0,8,2
10188,CP-AP-r000:S-P06-S09:GS05:p0008,east,0,7,6
10189,CP-AP-r000:S-P06-S09:GS05:p0009,east,0,7,0
10190,CP-AP-r000:S-P06-S09:GS05:p0010,east,0,7,5
10191,CP-AP-r000:S-P06-S09:GS05:p0011,east,0,8,1
10192,CP-AP-r000:S-P06-S09:GS05:p0012,east,0,7,6
10193,CP-AP-r000:S-P06-S09:GS06:p0001,east,0,7,0
10194,CP-AP-r000:S-P06-S09:GS06:p0002,east,0,7,6
10195,CP-AP-r000:S-P06-S09:GS06:p0003,east,0,8,3
10196,CP-AP-r000:S-P06-S09:GS06:p0004,east,0,8,6
10197,CP-AP-r000:S-P06-S09:GS06:p0005,east,0,7,0
10198,CP-AP-r000:S-P06-S09:GS06:p0006,east,0,7,6
10199,CP-AP-r000:S-P06-S09:GS06:p0007,east,0,8,2
10200,CP-AP-r000:S-P06-S09:GS06:p0008,east,0,7,6
10201,CP-AP-r000:S-P06-S09:GS06:p0009,east,0,8,0
10202,CP-AP-r000:S-P06-S09:GS06:p0010,east,0,7,5
10203,CP-AP-r000:S-P06-S09:GS06:p0011,east,0,8,1
10204,CP-AP-r000:S-P06-S09:GS06:p0012,east,0,7,6
10205,CP-AP-r000:S-P06-S09:GS07:p0001,west,7,0,6
10206,CP-AP-r000:S-P06-S09:GS07:p0002,west,8,0,2
10207,CP-AP-r000:S-P06-S09:GS07:p0003,west,8,0,6
10208,CP-AP-r000:S-P06-S09:GS07:p0004,west,8,0,0
10209,CP-AP-r000:S-P06-S09:GS07:p0005,west,8,0,6
10210,CP-AP-r000:S-P06-S09:GS07:p0006,west,8,0,3
10211,CP-AP-r000:S-P06-S09:GS07:p0007,west,7,0,0
10212,CP-AP-r000:S-P06-S09:GS07:p0008,west,8,0,6
10213,CP-AP-r000:S-P06-S09:GS07:p0009,west,10,0,0
10214,CP-AP-r000:S-P06-S09:GS07:p0010,west,7,0,3
10215,CP-AP-r000:S-P06-S09:GS07:p0011,west,7,0,0
10216,CP-AP-r000:S-P06-S09:GS07:p0012,west,8,0,6
10217,CP-AP-r000:S-P06-S09:GS07:p0013,west,9,0,0
10218,CP-AP-r000:S-P06-S09:GS08:p0001,west,10,0,6
10219,CP-AP-r000:S-P06-S09:GS08:p0002,west,8,0,2
10220,CP-AP-r000:S-P06-S09:GS08:p0003,west,9,0,6
10221,CP-AP-r000:S-P06-S09:GS08:p0004,west,8,0,6
10222,CP-AP-r000:S-P06-S09:GS08:p0005,west,8,0,0
10223,CP-AP-r000:S-P06-S09:GS08:p0006,west,10,0,6
10224,CP-AP-r000:S-P06-S09:GS08:p0007,west,8,0,3
10225,CP-AP-r000:S-P06-S09:GS08:p0008,west,9,0,6
10226,CP-AP-r000:S-P06-S09:GS08:p0009,west,8,0,6
10227,CP-AP-r000:S-P06-S09:GS08:p0010,west,8,0,0
10228,CP-AP-r000:S-P06-S09:GS08:p0011,west,9,0,6
10229,CP-AP-r000:S-P06-S09:GS08:p0012,west,8,0,3
10230,CP-AP-r000:S-P06-S09:GS08:p0013,west,8,0,6
10231,CP-AP-r000:S-P06-S09:GS08:p0014,west,8,0,0
10232,CP-AP-r000:S-P06-S09:GS09:p0001,west,8,0,6
10233,CP-AP-r000:S-P06-S09:GS09:p0002,west,8,0,2
10234,CP-AP-r000:S-P06-S09:GS09:p0003,west,9,0,6
10235,CP-AP-r000:S-P06-S09:GS09:p0004,west,10,0,6
10236,CP-AP-r000:S-P06-S09:GS09:p0005,west,8,0,6
10237,CP-AP-r000:S-P06-S09:GS09:p0006,west,8,0,3
10238,CP-AP-r000:S-P06-S09:GS09:p0007,west,9,0,6
10239,CP-AP-r000:S-P06-S09:GS09:p0008,west,10,0,6
10240,CP-AP-r000:S-P06-S09:GS09:p0009,west,11,0,6
10241,CP-AP-r000:S-P06-S09:GS09:p0010,west,8,0,3
10242,CP-AP-r000:S-P06-S09:GS09:p0011,west,8,0,6
10243,CP-AP-r000:S-P06-S09:GS09:p0012,west,8,0,6
10244,CP-AP-r000:S-P06-S09:GS10:p0001,east,0,7,6
10245,CP-AP-r000:S-P06-S09:GS10:p0002,east,0,9,6
10246,CP-AP-r000:S-P06-S09:GS10:p0003,east,0,8,3
10247,CP-AP-r000:S-P06-S09:GS10:p0004,east,0,9,6
10248,CP-AP-r000:S-P06-S09:GS10:p0005,east,0,8,6
10249,CP-AP-r000:S-P06-S09:GS10:p0006,east,0,10,6
10250,CP-AP-r000:S-P06-S09:GS10:p0007,east,0,8,2
10251,CP-AP-r000:S-P06-S09:GS10:p0008,east,0,9,6
10252,CP-AP-r000:S-P06-S09:GS10:p0009,east,0,8,5
10253,CP-AP-r000:S-P06-S09:GS10:p0010,east,0,8,6
10254,CP-AP-r000:S-P06-S09:GS10:p0011,east,0,8,1
10255,CP-AP-r000:S-P06-S09:GS10:p0012,east,0,10,6
10256,CP-AP-r000:S-P06-S09:GS11:p0001,east,0,8,0
10257,CP-AP-r000:S-P06-S09:GS11:p0002,east,0,8,6
10258,CP-AP-r000:S-P06-S09:GS11:p0003,east,0,7,6
10259,CP-AP-r000:S-P06-S09:GS11:p0004,east,0,8,3
10260,CP-AP-r000:S-P06-S09:GS11:p0005,east,0,10,6
10261,CP-AP-r000:S-P06-S09:GS11:p0006,east,0,8,0
10262,CP-AP-r000:S-P06-S09:GS11:p0007,east,0,7,6
10263,CP-AP-r000:S-P06-S09:GS11:p0008,east,0,6,6
10264,CP-AP-r000:S-P06-S09:GS11:p0009,east,0,8,2
10265,CP-AP-r000:S-P06-S09:GS11:p0010,east,0,10,6
10266,CP-AP-r000:S-P06-S09:GS11:p0011,east,0,7,5
10267,CP-AP-r000:S-P06-S09:GS11:p0012,east,0,8,6
10268,CP-AP-r000:S-P06-S09:GS11:p0013,east,0,8,1
10269,CP-AP-r000:S-P06-S09:GS11:p0014,east,0,9,6
10270,CP-AP-r000:S-P06-S09:GS12:p0001,east,0,10,0
10271,CP-AP-r000:S-P06-S09:GS12:p0002,east,0,8,6
10272,CP-AP-r000:S-P06-S09:GS12:p0003,east,0,8,0
10273,CP-AP-r000:S-P06-S09:GS12:p0004,east,0,8,3
10274,CP-AP-r000:S-P06-S09:GS12:p0005,east,0,9,6
10275,CP-AP-r000:S-P06-S09:GS12:p0006,east,0,9,0
10276,CP-AP-r000:S-P06-S09:GS12:p0007,east,0,8,6
10277,CP-AP-r000:S-P06-S09:GS12:p0008,east,0,8,2
10278,CP-AP-r000:S-P06-S09:GS12:p0009,east,0,8,6
10279,CP-AP-r000:S-P06-S09:GS12:p0010,east,0,7,0
10280,CP-AP-r000:S-P06-S09:GS12:p0011,east,0,8,5
10281,CP-AP-r000:S-P06-S09:GS12:p0012,east,0,8,1
10282,CP-AP-r000:S-P06-S09:GS12:p0013,east,0,8,6
10283,CP-AP-r000:S-P06-S10:GS01:p0001,west,7,0,6
10284,CP-AP-r000:S-P06-S10:GS01:p0002,west,6,0,2
10285,CP-AP-r000:S-P06-S10:GS01:p0003,west,8,0,6
10286,CP-AP-r000:S-P06-S10:GS01:p0004,west,6,0,0
10287,CP-AP-r000:S-P06-S10:GS01:p0005,west,7,0,6
10288,CP-AP-r000:S-P06-S10:GS01:p0006,west,6,0,3
10289,CP-AP-r000:S-P06-S10:GS01:p0007,west,8,0,6
10290,CP-AP-r000:S-P06-S10:GS01:p0008,west,6,0,0
10291,CP-AP-r000:S-P06-S10:GS01:p0009,west,7,0,6
10292,CP-AP-r000:S-P06-S10:GS01:p0010,west,4,0,3
10293,CP-AP-r000:S-P06-S10:GS01:p0011,west,8,0,6
10294,CP-AP-r000:S-P06-S10:GS01:p0012,west,6,0,0
10295,CP-AP-r000:S-P06-S10:GS02:p0001,west,6,0,6
10296,CP-AP-r000:S-P06-S10:GS02:p0002,west,6,0,2
10297,CP-AP-r000:S-P06-S10:GS02:p0003,west,9,0,6
10298,CP-AP-r000:S-P06-S10:GS02:p0004,west,4,0,0
10299,CP-AP-r000:S-P06-S10:GS02:p0005,west,6,0,6
10300,CP-AP-r000:S-P06-S10:GS02:p0006,west,6,0,3
10301,CP-AP-r000:S-P06-S10:GS02:p0007,west,8,0,6
10302,CP-AP-r000:S-P06-S10:GS02:p0008,west,6,0,0
10303,CP-AP-r000:S-P06-S10:GS02:p0009,west,6,0,6
10304,CP-AP-r000:S-P06-S10:GS02:p0010,west,6,0,3
10305,CP-AP-r000:S-P06-S10:GS02:p0011,west,8,0,6
10306,CP-AP-r000:S-P06-S10:GS02:p0012,west,6,0,0
10307,CP-AP-r000:S-P06-S10:GS03:p0001,west,4,0,6
10308,CP-AP-r000:S-P06-S10:GS03:p0002,west,6,0,2
10309,CP-AP-r000:S-P06-S10:GS03:p0003,west,7,0,6
10310,CP-AP-r000:S-P06-S10:GS03:p0004,west,8,0,6
10311,CP-AP-r000:S-P06-S10:GS03:p0005,west,6,0,6
10312,CP-AP-r000:S-P06-S10:GS03:p0006,west,6,0,3
10313,CP-AP-r000:S-P06-S10:GS03:p0007,west,8,0,6
10314,CP-AP-r000:S-P06-S10:GS03:p0008,west,6,0,0
10315,CP-AP-r000:S-P06-S10:GS03:p0009,west,6,0,6
10316,CP-AP-r000:S-P06-S10:GS03:p0010,west,6,0,3
10317,CP-AP-r000:S-P06-S10:GS03:p0011,west,9,0,6
10318,CP-AP-r000:S-P06-S10:GS03:p0012,west,4,0,0
10319,CP-AP-r000:S-P06-S10:GS04:p0001,east,0,6,6
10320,CP-AP-r000:S-P06-S10:GS04:p0002,east,0,8,3
10321,CP-AP-r000:S-P06-S10:GS04:p0003,east,0,6,6
10322,CP-AP-r000:S-P06-S10:GS04:p0004,east,0,6,6
10323,CP-AP-r000:S-P06-S10:GS04:p0005,east,0,6,6
10324,CP-AP-r000:S-P06-S10:GS04:p0006,east,0,8,2
10325,CP-AP-r000:S-P06-S10:GS04:p0007,east,0,9,6
10326,CP-AP-r000:S-P06-S10:GS04:p0008,east,0,5,5
10327,CP-AP-r000:S-P06-S10:GS04:p0009,east,0,5,6
10328,CP-AP-r000:S-P06-S10:GS04:p0010,east,0,8,1
10329,CP-AP-r000:S-P06-S10:GS04:p0011,east,0,8,6
10330,CP-AP-r000:S-P06-S10:GS05:p0001,east,0,8,0
10331,CP-AP-r000:S-P06-S10:GS05:p0002,east,0,6,6
10332,CP-AP-r000:S-P06-S10:GS05:p0003,east,0,8,3
10333,CP-AP-r000:S-P06-S10:GS05:p0004,east,0,6,6
10334,CP-AP-r000:S-P06-S10:GS05:p0005,east,0,6,0
10335,CP-AP-r000:S-P06-S10:GS05:p0006,east,0,4,6
10336,CP-AP-r000:S-P06-S10:GS05:p0007,east,0,8,2
10337,CP-AP-r000:S-P06-S10:GS05:p0008,east,0,6,6
10338,CP-AP-r000:S-P06-S10:GS05:p0009,east,0,7,0
10339,CP-AP-r000:S-P06-S10:GS05:p0010,east,0,6,5
10340,CP-AP-r000:S-P06-S10:GS05:p0011,east,0,8,1
10341,CP-AP-r000:S-P06-S10:GS05:p0012,east,0,6,6
10342,CP-AP-r000:S-P06-S10:GS06:p0001,east,0,6,0
10343,CP-AP-r000:S-P06-S10:GS06:p0002,east,0,6,6
10344,CP-AP-r000:S-P06-S10:GS06:p0003,east,0,8,3
10345,CP-AP-r000:S-P06-S10:GS06:p0004,east,0,6,6
10346,CP-AP-r000:S-P06-S10:GS06:p0005,east,0,6,0
10347,CP-AP-r000:S-P06-S10:GS06:p0006,east,0,6,6
10348,CP-AP-r000:S-P06-S10:GS06:p0007,east,0,8,2
10349,CP-AP-r000:S-P06-S10:GS06:p0008,east,0,6,6
10350,CP-AP-r000:S-P06-S10:GS06:p0009,east,0,7,0
10351,CP-AP-r000:S-P06-S10:GS06:p0010,east,0,6,5
10352,CP-AP-r000:S-P06-S10:GS06:p0011,east,0,8,1
10353,CP-AP-r000:S-P06-S10:GS06:p0012,east,0,6,6
10354,CP-AP-r000:S-P06-S10:GS07:p0001,west,8,0,6
10355,CP-AP-r000:S-P06-S10:GS07:p0002,west,8,0,2
10356,CP-AP-r000:S-P06-S10:GS07:p0003,west,8,0,6
10357,CP-AP-r000:S-P06-S10:GS07:p0004,west,8,0,0
10358,CP-AP-r000:S-P06-S10:GS07:p0005,west,9,0,6
10359,CP-AP-r000:S-P06-S10:GS07:p0006,west,8,0,3
10360,CP-AP-r000:S-P06-S10:GS07:p0007,west,5,0,0
10361,CP-AP-r000:S-P06-S10:GS07:p0008,west,8,0,6
10362,CP-AP-r000:S-P06-S10:GS07:p0009,west,9,0,0
10363,CP-AP-r000:S-P06-S10:GS07:p0010,west,7,0,3
10364,CP-AP-r000:S-P06-S10:GS07:p0011,west,6,0,0
10365,CP-AP-r000:S-P06-S10:GS07:p0012,west,8,0,6
10366,CP-AP-r000:S-P06-S10:GS07:p0013,west,8,0,0
10367,CP-AP-r000:S-P06-S10:GS08:p0001,west,11,0,6
10368,CP-AP-r000:S-P06-S10:GS08:p0002,west,7,0,2
10369,CP-AP-r000:S-P06-S10:GS08:p0003,west,10,0,6
10370,CP-AP-r000:S-P06-S10:GS08:p0004,west,8,0,6
10371,CP-AP-r000:S-P06-S10:GS08:p0005,west,4,0,0
10372,CP-AP-r000:S-P06-S10:GS08:p0006,west,10,0,6
10373,CP-AP-r000:S-P06-S10:GS08:p0007,west,8,0,3
10374,CP-AP-r000:S-P06-S10:GS08:p0008,west,10,0,6
10375,CP-AP-r000:S-P06-S10:GS08:p0009,west,8,0,6
10376,CP-AP-r000:S-P06-S10:GS08:p0010,west,6,0,0
10377,CP-AP-r000:S-P06-S10:GS08:p0011,west,10,0,6
10378,CP-AP-r000:S-P06-S10:GS08:p0012,west,8,0,3
10379,CP-AP-r000:S-P06-S10:GS08:p0013,west,8,0,6
10380,CP-AP-r000:S-P06-S10:GS08:p0014,west,8,0,0
10381,CP-AP-r000:S-P06-S10:GS09:p0001,west,7,0,6
10382,CP-AP-r000:S-P06-S10:GS09:p0002,west,7,0,2
10383,CP-AP-r000:S-P06-S10:GS09:p0003,west,10,0,6
10384,CP-AP-r000:S-P06-S10:GS09:p0004,west,10,0,6
10385,CP-AP-r000:S-P06-S10:GS09:p0005,west,7,0,6
10386,CP-AP-r000:S-P06-S10:GS09:p0006,west,7,0,3
10387,CP-AP-r000:S-P06-S10:GS09:p0007,west,10,0,6
10388,CP-AP-r000:S-P06-S10:GS09:p0008,west,10,0,6
10389,CP-AP-r000:S-P06-S10:GS09:p0009,west,11,0,6
10390,CP-AP-r000:S-P06-S10:GS09:p0010,west,7,0,3
10391,CP-AP-r000:S-P06-S10:GS09:p0011,west,9,0,6
10392,CP-AP-r000:S-P06-S10:GS09:p0012,west,8,0,6
10393,CP-AP-r000:S-P06-S10:GS10:p0001,east,0,7,6
10394,CP-AP-r000:S-P06-S10:GS10:p0002,east,0,8,6
10395,CP-AP-r000:S-P06-S10:GS10:p0003,east,0,8,3
10396,CP-AP-r000:S-P06-S10:GS10:p0004,east,0,8,6
10397,CP-AP-r000:S-P06-S10:GS10:p0005,east,0,8,6
10398,CP-AP-r000:S-P06-S10:GS10:p0006,east,0,8,6
10399,CP-AP-r000:S-P06-S10:GS10:p0007,east,0,8,2
10400,CP-AP-r000:S-P06-S10:GS10:p0008,east,0,9,6
10401,CP-AP-r000:S-P06-S10:GS10:p0009,east,0,7,5
10402,CP-AP-r000:S-P06-S10:GS10:p0010,east,0,7,6
10403,CP-AP-r000:S-P06-S10:GS10:p0011,east,0,9,1
10404,CP-AP-r000:S-P06-S10:GS10:p0012,east,0,10,6
10405,CP-AP-r000:S-P06-S10:GS11:p0001,east,0,10,0
10406,CP-AP-r000:S-P06-S10:GS11:p0002,east,0,8,6
10407,CP-AP-r000:S-P06-S10:GS11:p0003,east,0,5,6
10408,CP-AP-r000:S-P06-S10:GS11:p0004,east,0,8,3
10409,CP-AP-r000:S-P06-S10:GS11:p0005,east,0,9,6
10410,CP-AP-r000:S-P06-S10:GS11:p0006,east,0,8,6
10411,CP-AP-r000:S-P06-S10:GS11:p0007,east,0,5,6
10412,CP-AP-r000:S-P06-S10:GS11:p0008,east,0,8,2
10413,CP-AP-r000:S-P06-S10:GS11:p0009,east,0,9,6
10414,CP-AP-r000:S-P06-S10:GS11:p0010,east,0,7,5
10415,CP-AP-r000:S-P06-S10:GS11:p0011,east,0,8,6
10416,CP-AP-r000:S-P06-S10:GS11:p0012,east,0,8,1
10417,CP-AP-r000:S-P06-S10:GS11:p0013,east,0,8,6
10418,CP-AP-r000:S-P06-S10:GS12:p0001,east,0,10,0
10419,CP-AP-r000:S-P06-S10:GS12:p0002,east,0,8,6
10420,CP-AP-r000:S-P06-S10:GS12:p0003,east,0,10,0
10421,CP-AP-r000:S-P06-S10:GS12:p0004,east,0,8,3
10422,CP-AP-r000:S-P06-S10:GS12:p0005,east,0,6,6
10423,CP-AP-r000:S-P06-S10:GS12:p0006,east,0,10,0
10424,CP-AP-r000:S-P06-S10:GS12:p0007,east,0,8,6
10425,CP-AP-r000:S-P06-S10:GS12:p0008,east,0,8,2
10426,CP-AP-r000:S-P06-S10:GS12:p0009,east,0,8,6
10427,CP-AP-r000:S-P06-S10:GS12:p0010,east,0,8,0
10428,CP-AP-r000:S-P06-S10:GS12:p0011,east,0,8,5
10429,CP-AP-r000:S-P06-S10:GS12:p0012,east,0,8,1
10430,CP-AP-r000:S-P06-S10:GS12:p0013,east,0,8,6
10431,CP-AP-r000:S-P06-S11:GS01:p0001,west,6,0,6
10432,CP-AP-r000:S-P06-S11:GS01:p0002,west,5,0,3
10433,CP-AP-r000:S-P06-S11:GS01:p0003,west,8,0,6
10434,CP-AP-r000:S-P06-S11:GS01:p0004,west,7,0,0
10435,CP-AP-r000:S-P06-S11:GS01:p0005,west,7,0,6
10436,CP-AP-r000:S-P06-S11:GS01:p0006,west,7,0,4
10437,CP-AP-r000:S-P06-S11:GS01:p0007,west,8,0,6
10438,CP-AP-r000:S-P06-S11:GS01:p0008,west,7,0,0
10439,CP-AP-r000:S-P06-S11:GS01:p0009,west,7,0,5
10440,CP-AP-r000:S-P06-S11:GS01:p0010,west,8,0,6
10441,CP-AP-r000:S-P06-S11:GS01:p0011,west,7,0,1
10442,CP-AP-r000:S-P06-S11:GS02:p0001,west,7,0,6
10443,CP-AP-r000:S-P06-S11:GS02:p0002,west,7,0,3
10444,CP-AP-r000:S-P06-S11:GS02:p0003,west,8,0,6
10445,CP-AP-r000:S-P06-S11:GS02:p0004,west,7,0,0
10446,CP-AP-r000:S-P06-S11:GS02:p0005,west,8,0,6
10447,CP-AP-r000:S-P06-S11:GS02:p0006,west,6,0,4
10448,CP-AP-r000:S-P06-S11:GS02:p0007,west,8,0,6
10449,CP-AP-r000:S-P06-S11:GS02:p0008,west,7,0,0
10450,CP-AP-r000:S-P06-S11:GS02:p0009,west,6,0,6
10451,CP-AP-r000:S-P06-S11:GS02:p0010,west,6,0,5
10452,CP-AP-r000:S-P06-S11:GS02:p0011,west,8,0,6
10453,CP-AP-r000:S-P06-S11:GS02:p0012,west,7,0,1
10454,CP-AP-r000:S-P06-S11:GS03:p0001,west,7,0,6
10455,CP-AP-r000:S-P06-S11:GS03:p0002,west,7,0,3
10456,CP-AP-r000:S-P06-S11:GS03:p0003,west,9,0,6
10457,CP-AP-r000:S-P06-S11:GS03:p0004,west,7,0,0
10458,CP-AP-r000:S-P06-S11:GS03:p0005,west,7,0,6
10459,CP-AP-r000:S-P06-S11:GS03:p0006,west,7,0,4
10460,CP-AP-r000:S-P06-S11:GS03:p0007,west,8,0,6
10461,CP-AP-r000:S-P06-S11:GS03:p0008,west,7,0,0
10462,CP-AP-r000:S-P06-S11:GS03:p0009,west,7,0,6
10463,CP-AP-r000:S-P06-S11:GS03:p0010,west,7,0,5
10464,CP-AP-r000:S-P06-S11:GS03:p0011,west,8,0,6
10465,CP-AP-r000:S-P06-S11:GS03:p0012,west,7,0,1
10466,CP-AP-r000:S-P06-S11:GS04:p0001,east,0,7,5
10467,CP-AP-r000:S-P06-S11:GS04:p0002,east,0,5,6
10468,CP-AP-r000:S-P06-S11:GS04:p0003,east,0,6,1
10469,CP-AP-r000:S-P06-S11:GS04:p0004,east,0,8,6
10470,CP-AP-r000:S-P06-S11:GS04:p0005,east,0,7,5
10471,CP-AP-r000:S-P06-S11:GS04:p0006,east,0,8,6
10472,CP-AP-r000:S-P06-S11:GS04:p0007,east,0,7,1
10473,CP-AP-r000:S-P06-S11:GS04:p0008,east,0,8,6
10474,CP-AP-r000:S-P06-S11:GS04:p0009,east,0,7,4
10475,CP-AP-r000:S-P06-S11:GS04:p0010,east,0,7,6
10476,CP-AP-r000:S-P06-S11:GS04:p0011,east,0,8,6
10477,CP-AP-r000:S-P06-S11:GS04:p0012,east,0,7,6
10478,CP-AP-r000:S-P06-S11:GS05:p0001,east,0,7,0
10479,CP-AP-r000:S-P06-S11:GS05:p0002,east,0,7,5
10480,CP-AP-r000:S-P06-S11:GS05:p0003,east,0,8,1
10481,CP-AP-r000:S-P06-S11:GS05:p0004,east,0,7,6
10482,CP-AP-r000:S-P06-S11:GS05:p0005,east,0,7,5
10483,CP-AP-r000:S-P06-S11:GS05:p0006,east,0,8,1
10484,CP-AP-r000:S-P06-S11:GS05:p0007,east,0,7,6
10485,CP-AP-r000:S-P06-S11:GS05:p0008,east,0,7,4
10486,CP-AP-r000:S-P06-S11:GS05:p0009,east,0,4,6
10487,CP-AP-r000:S-P06-S11:GS05:p0010,east,0,6,1
10488,CP-AP-r000:S-P06-S11:GS05:p0011,east,0,10,6
10489,CP-AP-r000:S-P06-S11:GS06:p0001,east,0,8,0
10490,CP-AP-r000:S-P06-S11:GS06:p0002,east,0,7,5
10491,CP-AP-r000:S-P06-S11:GS06:p0003,east,0,8,1
10492,CP-AP-r000:S-P06-S11:GS06:p0004,east,0,7,6
10493,CP-AP-r000:S-P06-S11:GS06:p0005,east,0,8,0
10494,CP-AP-r000:S-P06-S11:GS06:p0006,east,0,6,5
10495,CP-AP-r000:S-P06-S11:GS06:p0007,east,0,8,1
10496,CP-AP-r000:S-P06-S11:GS06:p0008,east,0,7,6
10497,CP-AP-r000:S-P06-S11:GS06:p0009,east,0,6,0
10498,CP-AP-r000:S-P06-S11:GS06:p0010,east,0,5,4
10499,CP-AP-r000:S-P06-S11:GS06:p0011,east,0,8,1
10500,CP-AP-r000:S-P06-S11:GS06:p0012,east,0,7,6
10501,CP-AP-r000:S-P06-S11:GS07:p0001,west,7,0,3
10502,CP-AP-r000:S-P06-S11:GS07:p0002,west,6,0,0
10503,CP-AP-r000:S-P06-S11:GS07:p0003,west,8,0,6
10504,CP-AP-r000:S-P06-S11:GS07:p0004,west,10,0,0
10505,CP-AP-r000:S-P06-S11:GS07:p0005,west,7,0,4
10506,CP-AP-r000:S-P06-S11:GS07:p0006,west,9,0,0
10507,CP-AP-r000:S-P06-S11:GS07:p0007,west,8,0,6
10508,CP-AP-r000:S-P06-S11:GS07:p0008,west,9,0,0
10509,CP-AP-r000:S-P06-S11:GS07:p0009,west,9,0,5
10510,CP-AP-r000:S-P06-S11:GS07:p0010,west,9,0,0
10511,CP-AP-r000:S-P06-S11:GS07:p0011,west,8,0,6
10512,CP-AP-r000:S-P06-S11:GS07:p0012,west,8,0,1
10513,CP-AP-r000:S-P06-S11:GS08:p0001,west,9,0,6
10514,CP-AP-r000:S-P06-S11:GS08:p0002,west,8,0,3
10515,CP-AP-r000:S-P06-S11:GS08:p0003,west,8,0,6
10516,CP-AP-r000:S-P06-S11:GS08:p0004,west,8,0,0
10517,CP-AP-r000:S-P06-S11:GS08:p0005,west,7,0,6
10518,CP-AP-r000:S-P06-S11:GS08:p0006,west,8,0,4
10519,CP-AP-r000:S-P06-S11:GS08:p0007,west,8,0,6
10520,CP-AP-r000:S-P06-S11:GS08:p0008,west,8,0,0
10521,CP-AP-r000:S-P06-S11:GS08:p0009,west,7,0,6
10522,CP-AP-r000:S-P06-S11:GS08:p0010,west,7,0,5
10523,CP-AP-r000:S-P06-S11:GS08:p0011,west,7,0,0
10524,CP-AP-r000:S-P06-S11:GS08:p0012,west,8,0,6
10525,CP-AP-r000:S-P06-S11:GS08:p0013,west,10,0,1
10526,CP-AP-r000:S-P06-S11:GS09:p0001,west,10,0,6
10527,CP-AP-r000:S-P06-S11:GS09:p0002,west,8,0,3
10528,CP-AP-r000:S-P06-S11:GS09:p0003,west,8,0,6
10529,CP-AP-r000:S-P06-S11:GS09:p0004,west,8,0,6
10530,CP-AP-r000:S-P06-S11:GS09:p0005,west,10,0,6
10531,CP-AP-r000:S-P06-S11:GS09:p0006,west,8,0,4
10532,CP-AP-r000:S-P06-S11:GS09:p0007,west,9,0,6
10533,CP-AP-r000:S-P06-S11:GS09:p0008,west,8,0,6
10534,CP-AP-r000:S-P06-S11:GS09:p0009,west,8,0,0
10535,CP-AP-r000:S-P06-S11:GS09:p0010,west,10,0,6
10536,CP-AP-r000:S-P06-S11:GS09:p0011,west,8,0,5
10537,CP-AP-r000:S-P06-S11:GS09:p0012,west,9,0,5
10538,CP-AP-r000:S-P06-S11:GS09:p0013,west,8,0,6
10539,CP-AP-r000:S-P06-S11:GS09:p0014,west,6,0,1
10540,CP-AP-r000:S-P06-S11:GS10:p0001,east,0,8,5
10541,CP-AP-r000:S-P06-S11:GS10:p0002,east,0,8,6
10542,CP-AP-r000:S-P06-S11:GS10:p0003,east,0,8,1
10543,CP-AP-r000:S-P06-S11:GS10:p0004,east,0,10,6
10544,CP-AP-r000:S-P06-S11:GS10:p0005,east,0,8,5
10545,CP-AP-r000:S-P06-S11:GS10:p0006,east,0,8,6
10546,CP-AP-r000:S-P06-S11:GS10:p0007,east,0,9,1
10547,CP-AP-r000:S-P06-S11:GS10:p0008,east,0,10,6
10548,CP-AP-r000:S-P06-S11:GS10:p0009,east,0,9,4
10549,CP-AP-r000:S-P06-S11:GS10:p0010,east,0,8,6
10550,CP-AP-r000:S-P06-S11:GS10:p0011,east,0,9,1
10551,CP-AP-r000:S-P06-S11:GS10:p0012,east,0,10,6
10552,CP-AP-r000:S-P06-S11:GS11:p0001,east,0,7,5
10553,CP-AP-r000:S-P06-S11:GS11:p0002,east,0,8,6
10554,CP-AP-r000:S-P06-S11:GS11:p0003,east,0,8,1
10555,CP-AP-r000:S-P06-S11:GS11:p0004,east,0,9,6
10556,CP-AP-r000:S-P06-S11:GS11:p0005,east,0,8,5
10557,CP-AP-r000:S-P06-S11:GS11:p0006,east,0,9,6
10558,CP-AP-r000:S-P06-S11:GS11:p0007,east,0,8,1
10559,CP-AP-r000:S-P06-S11:GS11:p0008,east,0,9,6
10560,CP-AP-r000:S-P06-S11:GS11:p0009,east,0,8,4
10561,CP-AP-r000:S-P06-S11:GS11:p0010,east,0,9,6
10562,CP-AP-r000:S-P06-S11:GS11:p0011,east,0,8,1
10563,CP-AP-r000:S-P06-S11:GS11:p0012,east,0,10,6
10564,CP-AP-r000:S-P06-S11:GS12:p0001,east,0,8,0
10565,CP-AP-r000:S-P06-S11:GS12:p0002,east,0,8,5
10566,CP-AP-r000:S-P06-S11:GS12:p0003,east,0,8,1
10567,CP-AP-r000:S-P06-S11:GS12:p0004,east,0,8,6
10568,CP-AP-r000:S-P06-S11:GS12:p0005,east,0,8,0
10569,CP-AP-r000:S-P06-S11:GS12:p0006,east,0,8,5
10570,CP-AP-r000:S-P06-S11:GS12:p0007,east,0,7,6
10571,CP-AP-r000:S-P06-S11:GS12:p0008,east,0,8,1
10572,CP-AP-r000:S-P06-S11:GS12:p0009,east,0,10,6
10573,CP-AP-r000:S-P06-S11:GS12:p0010,east,0,7,4
10574,CP-AP-r000:S-P06-S11:GS12:p0011,east,0,6,6
10575,CP-AP-r000:S-P06-S11:GS12:p0012,east,0,8,1
10576,CP-AP-r000:S-P06-S11:GS12:p0013,east,0,10,6
10577,CP-AP-r000:S-P06-S12:GS01:p0001,west,6,0,6
10578,CP-AP-r000:S-P06-S12:GS01:p0002,west,4,0,3
10579,CP-AP-r000:S-P06-S12:GS01:p0003,west,8,0,6
10580,CP-AP-r000:S-P06-S12:GS01:p0004,west,6,0,0
10581,CP-AP-r000:S-P06-S12:GS01:p0005,west,6,0,4
10582,CP-AP-r000:S-P06-S12:GS01:p0006,west,8,0,6
10583,CP-AP-r000:S-P06-S12:GS01:p0007,west,6,0,0
10584,CP-AP-r000:S-P06-S12:GS01:p0008,west,6,0,5
10585,CP-AP-r000:S-P06-S12:GS01:p0009,west,6,0,0
10586,CP-AP-r000:S-P06-S12:GS01:p0010,west,9,0,6
10587,CP-AP-r000:S-P06-S12:GS01:p0011,west,7,0,1
10588,CP-AP-r000:S-P06-S12:GS02:p0001,west,6,0,6
10589,CP-AP-r000:S-P06-S12:GS02:p0002,west,6,0,3
10590,CP-AP-r000:S-P06-S12:GS02:p0003,west,8,0,6
10591,CP-AP-r000:S-P06-S12:GS02:p0004,west,6,0,0
10592,CP-AP-r000:S-P06-S12:GS02:p0005,west,7,0,6
10593,CP-AP-r000:S-P06-S12:GS02:p0006,west,6,0,4
10594,CP-AP-r000:S-P06-S12:GS02:p0007,west,8,0,6
10595,CP-AP-r000:S-P06-S12:GS02:p0008,west,6,0,0
10596,CP-AP-r000:S-P06-S12:GS02:p0009,west,6,0,6
10597,CP-AP-r000:S-P06-S12:GS02:p0010,west,5,0,5
10598,CP-AP-r000:S-P06-S12:GS02:p0011,west,8,0,6
10599,CP-AP-r000:S-P06-S12:GS02:p0012,west,6,0,1
10600,CP-AP-r000:S-P06-S12:GS03:p0001,west,6,0,6
10601,CP-AP-r000:S-P06-S12:GS03:p0002,west,6,0,3
10602,CP-AP-r000:S-P06-S12:GS03:p0003,west,9,0,6
10603,CP-AP-r000:S-P06-S12:GS03:p0004,west,6,0,0
10604,CP-AP-r000:S-P06-S12:GS03:p0005,west,6,0,6
10605,CP-AP-r000:S-P06-S12:GS03:p0006,west,6,0,4
10606,CP-AP-r000:S-P06-S12:GS03:p0007,west,8,0,6
10607,CP-AP-r000:S-P06-S12:GS03:p0008,west,5,0,0
10608,CP-AP-r000:S-P06-S12:GS03:p0009,west,6,0,6
10609,CP-AP-r000:S-P06-S12:GS03:p0010,west,6,0,5
10610,CP-AP-r000:S-P06-S12:GS03:p0011,west,8,0,6
10611,CP-AP-r000:S-P06-S12:GS03:p0012,west,6,0,1
10612,CP-AP-r000:S-P06-S12:GS04:p0001,east,0,5,5
10613,CP-AP-r000:S-P06-S12:GS04:p0002,east,0,5,6
10614,CP-AP-r000:S-P06-S12:GS04:p0003,east,0,7,1
10615,CP-AP-r000:S-P06-S12:GS04:p0004,east,0,8,6
10616,CP-AP-r000:S-P06-S12:GS04:p0005,east,0,6,4
10617,CP-AP-r000:S-P06-S12:GS04:p0006,east,0,6,6
10618,CP-AP-r000:S-P06-S12:GS04:p0007,east,0,8,6
10619,CP-AP-r000:S-P06-S12:GS04:p0008,east,0,6,4
10620,CP-AP-r000:S-P06-S12:GS04:p0009,east,0,6,6
10621,CP-AP-r000:S-P06-S12:GS04:p0010,east,0,8,6
10622,CP-AP-r000:S-P06-S12:GS04:p0011,east,0,6,6
10623,CP-AP-r000:S-P06-S12:GS05:p0001,east,0,7,0
10624,CP-AP-r000:S-P06-S12:GS05:p0002,east,0,6,5
10625,CP-AP-r000:S-P06-S12:GS05:p0003,east,0,8,1
10626,CP-AP-r000:S-P06-S12:GS05:p0004,east,0,6,6
10627,CP-AP-r000:S-P06-S12:GS05:p0005,east,0,6,4
10628,CP-AP-r000:S-P06-S12:GS05:p0006,east,0,8,1
10629,CP-AP-r000:S-P06-S12:GS05:p0007,east,0,6,6
10630,CP-AP-r000:S-P06-S12:GS05:p0008,east,0,6,4
10631,CP-AP-r000:S-P06-S12:GS05:p0009,east,0,6,6
10632,CP-AP-r000:S-P06-S12:GS05:p0010,east,0,7,0
10633,CP-AP-r000:S-P06-S12:GS05:p0011,east,0,9,6
10634,CP-AP-r000:S-P06-S12:GS06:p0001,east,0,7,0
10635,CP-AP-r000:S-P06-S12:GS06:p0002,east,0,6,5
10636,CP-AP-r000:S-P06-S12:GS06:p0003,east,0,8,1
10637,CP-AP-r000:S-P06-S12:GS06:p0004,east,0,6,6
10638,CP-AP-r000:S-P06-S12:GS06:p0005,east,0,8,0
10639,CP-AP-r000:S-P06-S12:GS06:p0006,east,0,6,4
10640,CP-AP-r000:S-P06-S12:GS06:p0007,east,0,8,1
10641,CP-AP-r000:S-P06-S12:GS06:p0008,east,0,6,6
10642,CP-AP-r000:S-P06-S12:GS06:p0009,east,0,6,0
10643,CP-AP-r000:S-P06-S12:GS06:p0010,east,0,4,4
10644,CP-AP-r000:S-P06-S12:GS06:p0011,east,0,8,0
10645,CP-AP-r000:S-P06-S12:GS06:p0012,east,0,6,6
10646,CP-AP-r000:S-P06-S12:GS07:p0001,west,7,0,3
10647,CP-AP-r000:S-P06-S12:GS07:p0002,west,5,0,0
10648,CP-AP-r000:S-P06-S12:GS07:p0003,west,8,0,6
10649,CP-AP-r000:S-P06-S12:GS07:p0004,west,9,0,0
10650,CP-AP-r000:S-P06-S12:GS07:p0005,west,7,0,4
10651,CP-AP-r000:S-P06-S12:GS07:p0006,west,8,0,0
10652,CP-AP-r000:S-P06-S12:GS07:p0007,west,8,0,6
10653,CP-AP-r000:S-P06-S12:GS07:p0008,west,8,0,0
10654,CP-AP-r000:S-P06-S12:GS07:p0009,west,8,0,5
10655,CP-AP-r000:S-P06-S12:GS07:p0010,west,8,0,0
10656,CP-AP-r000:S-P06-S12:GS07:p0011,west,8,0,6
10657,CP-AP-r000:S-P06-S12:GS07:p0012,west,8,0,1
10658,CP-AP-r000:S-P06-S12:GS08:p0001,west,10,0,6
10659,CP-AP-r000:S-P06-S12:GS08:p0002,west,8,0,3
10660,CP-AP-r000:S-P06-S12:GS08:p0003,west,8,0,6
10661,CP-AP-r000:S-P06-S12:GS08:p0004,west,8,0,0
10662,CP-AP-r000:S-P06-S12:GS08:p0005,west,8,0,6
10663,CP-AP-r000:S-P06-S12:GS08:p0006,west,8,0,4
10664,CP-AP-r000:S-P06-S12:GS08:p0007,west,7,0,0
10665,CP-AP-r000:S-P06-S12:GS08:p0008,west,8,0,6
10666,CP-AP-r000:S-P06-S12:GS08:p0009,west,7,0,0
10667,CP-AP-r000:S-P06-S12:GS08:p0010,west,9,0,6
10668,CP-AP-r000:S-P06-S12:GS08:p0011,west,8,0,5
10669,CP-AP-r000:S-P06-S12:GS08:p0012,west,7,0,0
10670,CP-AP-r000:S-P06-S12:GS08:p0013,west,8,0,6
10671,CP-AP-r000:S-P06-S12:GS08:p0014,west,9,0,1
10672,CP-AP-r000:S-P06-S12:GS09:p0001,west,10,0,6
10673,CP-AP-r000:S-P06-S12:GS09:p0002,west,7,0,3
10674,CP-AP-r000:S-P06-S12:GS09:p0003,west,9,0,6
10675,CP-AP-r000:S-P06-S12:GS09:p0004,west,8,0,6
10676,CP-AP-r000:S-P06-S12:GS09:p0005,west,10,0,6
10677,CP-AP-r000:S-P06-S12:GS09:p0006,west,7,0,4
10678,CP-AP-r000:S-P06-S12:GS09:p0007,west,10,0,5
10679,CP-AP-r000:S-P06-S12:GS09:p0008,west,8,0,6
10680,CP-AP-r000:S-P06-S12:GS09:p0009,west,5,0,0
10681,CP-AP-r000:S-P06-S12:GS09:p0010,west,10,0,6
10682,CP-AP-r000:S-P06-S12:GS09:p0011,west,8,0,5
10683,CP-AP-r000:S-P06-S12:GS09:p0012,west,8,0,6
10684,CP-AP-r000:S-P06-S12:GS09:p0013,west,6,0,1
10685,CP-AP-r000:S-P06-S12:GS10:p0001,east,0,7,5
10686,CP-AP-r000:S-P06-S12:GS10:p0002,east,0,7,6
10687,CP-AP-r000:S-P06-S12:GS10:p0003,east,0,9,1
10688,CP-AP-r000:S-P06-S12:GS10:p0004,east,0,10,6
10689,CP-AP-r000:S-P06-S12:GS10:p0005,east,0,7,4
10690,CP-AP-r000:S-P06-S12:GS10:p0006,east,0,7,6
10691,CP-AP-r000:S-P06-S12:GS10:p0007,east,0,10,1
10692,CP-AP-r000:S-P06-S12:GS10:p0008,east,0,10,6
10693,CP-AP-r000:S-P06-S12:GS10:p0009,east,0,8,4
10694,CP-AP-r000:S-P06-S12:GS10:p0010,east,0,7,6
10695,CP-AP-r000:S-P06-S12:GS10:p0011,east,0,10,0
10696,CP-AP-r000:S-P06-S12:GS10:p0012,east,0,9,6
10697,CP-AP-r000:S-P06-S12:GS11:p0001,east,0,7,5
10698,CP-AP-r000:S-P06-S12:GS11:p0002,east,0,8,6
10699,CP-AP-r000:S-P06-S12:GS11:p0003,east,0,8,1
10700,CP-AP-r000:S-P06-S12:GS11:p0004,east,0,8,6
10701,CP-AP-r000:S-P06-S12:GS11:p0005,east,0,8,4
10702,CP-AP-r000:S-P06-S12:GS11:p0006,east,0,8,6
10703,CP-AP-r000:S-P06-S12:GS11:p0007,east,0,8,1
10704,CP-AP-r000:S-P06-S12:GS11:p0008,east,0,8,6
10705,CP-AP-r000:S-P06-S12:GS11:p0009,east,0,8,4
10706,CP-AP-r000:S-P06-S12:GS11:p0010,east,0,7,6
10707,CP-AP-r000:S-P06-S12:GS11:p0011,east,0,8,0
10708,CP-AP-r000:S-P06-S12:GS11:p0012,east,0,10,6
10709,CP-AP-r000:S-P06-S12:GS12:p0001,east,0,9,0
10710,CP-AP-r000:S-P06-S12:GS12:p0002,east,0,8,5
10711,CP-AP-r000:S-P06-S12:GS12:p0003,east,0,8,1
10712,CP-AP-r000:S-P06-S12:GS12:p0004,east,0,8,6
10713,CP-AP-r000:S-P06-S12:GS12:p0005,east,0,9,0
10714,CP-AP-r000:S-P06-S12:GS12:p0006,east,0,8,4
10715,CP-AP-r000:S-P06-S12:GS12:p0007,east,0,5,6
10716,CP-AP-r000:S-P06-S12:GS12:p0008,east,0,8,1
10717,CP-AP-r000:S-P06-S12:GS12:p0009,east,0,9,6
10718,CP-AP-r000:S-P06-S12:GS12:p0010,east,0,7,4
10719,CP-AP-r000:S-P06-S12:GS12:p0011,east,0,5,6
10720,CP-AP-r000:S-P06-S12:GS12:p0012,east,0,8,0
10721,CP-AP-r000:S-P06-S12:GS12:p0013,east,0,9,6
10722,CP-AP-r000:S-P07-S01:GS01:p0001,west,7,0,5
10723,CP-AP-r000:S-P07-S01:GS01:p0002,west,6,0,0
10724,CP-AP-r000:S-P07-S01:GS01:p0003,west,8,0,6
10725,CP-AP-r000:S-P07-S01:GS01:p0004,west,8,0,1
10726,CP-AP-r000:S-P07-S01:GS01:p0005,west,7,0,5
10727,CP-AP-r000:S-P07-S01:GS01:p0006,west,6,0,0
10728,CP-AP-r000:S-P07-S01:GS01:p0007,west,6,0,6
10729,CP-AP-r000:S-P07-S01:GS01:p0008,west,8,0,2
10730,CP-AP-r000:S-P07-S01:GS01:p0009,west,6,0,6
10731,CP-AP-r000:S-P07-S01:GS01:p0010,west,7,0,0
10732,CP-AP-r000:S-P07-S01:GS01:p0011,west,7,0,6
10733,CP-AP-r000:S-P07-S01:GS01:p0012,west,8,0,2
10734,CP-AP-r000:S-P07-S01:GS02:p0001,west,6,0,6
10735,CP-AP-r000:S-P07-S01:GS02:p0002,west,5,0,5
10736,CP-AP-r000:S-P07-S01:GS02:p0003,west,8,0,6
10737,CP-AP-r000:S-P07-S01:GS02:p0004,west,7,0,1
10738,CP-AP-r000:S-P07-S01:GS02:p0005,west,7,0,6
10739,CP-AP-r000:S-P07-S01:GS02:p0006,west,7,0,5
10740,CP-AP-r000:S-P07-S01:GS02:p0007,west,8,0,6
10741,CP-AP-r000:S-P07-S01:GS02:p0008,west,7,0,2
10742,CP-AP-r000:S-P07-S01:GS02:p0009,west,7,0,6
10743,CP-AP-r000:S-P07-S01:GS02:p0010,west,8,0,6
10744,CP-AP-r000:S-P07-S01:GS02:p0011,west,7,0,2
10745,CP-AP-r000:S-P07-S01:GS03:p0001,west,7,0,6
10746,CP-AP-r000:S-P07-S01:GS03:p0002,west,7,0,5
10747,CP-AP-r000:S-P07-S01:GS03:p0003,west,8,0,6
10748,CP-AP-r000:S-P07-S01:GS03:p0004,west,7,0,1
10749,CP-AP-r000:S-P07-S01:GS03:p0005,west,7,0,6
10750,CP-AP-r000:S-P07-S01:GS03:p0006,west,7,0,5
10751,CP-AP-r000:S-P07-S01:GS03:p0007,west,8,0,6
10752,CP-AP-r000:S-P07-S01:GS03:p0008,west,7,0,2
10753,CP-AP-r000:S-P07-S01:GS03:p0009,west,8,0,6
10754,CP-AP-r000:S-P07-S01:GS03:p0010,west,6,0,6
10755,CP-AP-r000:S-P07-S01:GS03:p0011,west,8,0,6
10756,CP-AP-r000:S-P07-S01:GS03:p0012,west,7,0,2
10757,CP-AP-r000:S-P07-S01:GS04:p0001,east,0,7,4
10758,CP-AP-r000:S-P07-S01:GS04:p0002,east,0,7,6
10759,CP-AP-r000:S-P07-S01:GS04:p0003,east,0,8,6
10760,CP-AP-r000:S-P07-S01:GS04:p0004,east,0,8,6
10761,CP-AP-r000:S-P07-S01:GS04:p0005,east,0,7,3
10762,CP-AP-r000:S-P07-S01:GS04:p0006,east,0,7,6
10763,CP-AP-r000:S-P07-S01:GS04:p0007,east,0,10,6
10764,CP-AP-r000:S-P07-S01:GS04:p0008,east,0,7,6
10765,CP-AP-r000:S-P07-S01:GS04:p0009,east,0,7,2
10766,CP-AP-r000:S-P07-S01:GS04:p0010,east,0,7,6
10767,CP-AP-r000:S-P07-S01:GS04:p0011,east,0,8,6
10768,CP-AP-r000:S-P07-S01:GS04:p0012,east,0,7,6
10769,CP-AP-r000:S-P07-S01:GS05:p0001,east,0,7,4
10770,CP-AP-r000:S-P07-S01:GS05:p0002,east,0,5,6
10771,CP-AP-r000:S-P07-S01:GS05:p0003,east,0,6,0
10772,CP-AP-r000:S-P07-S01:GS05:p0004,east,0,10,6
10773,CP-AP-r000:S-P07-S01:GS05:p0005,east,0,5,3
10774,CP-AP-r000:S-P07-S01:GS05:p0006,east,0,6,6
10775,CP-AP-r000:S-P07-S01:GS05:p0007,east,0,7,0
10776,CP-AP-r000:S-P07-S01:GS05:p0008,east,0,8,6
10777,CP-AP-r000:S-P07-S01:GS05:p0009,east,0,7,2
10778,CP-AP-r000:S-P07-S01:GS05:p0010,east,0,7,6
10779,CP-AP-r000:S-P07-S01:GS05:p0011,east,0,8,6
10780,CP-AP-r000:S-P07-S01:GS06:p0001,east,0,6,0
10781,CP-AP-r000:S-P07-S01:GS06:p0002,east,0,5,4
10782,CP-AP-r000:S-P07-S01:GS06:p0003,east,0,8,0
10783,CP-AP-r000:S-P07-S01:GS06:p0004,east,0,7,6
10784,CP-AP-r000:S-P07-S01:GS06:p0005,east,0,8,0
10785,CP-AP-r000:S-P07-S01:GS06:p0006,east,0,7,3
10786,CP-AP-r000:S-P07-S01:GS06:p0007,east,0,8,0
10787,CP-AP-r000:S-P07-S01:GS06:p0008,east,0,7,6
10788,CP-AP-r000:S-P07-S01:GS06:p0009,east,0,7,2
10789,CP-AP-r000:S-P07-S01:GS06:p0010,east,0,5,6
10790,CP-AP-r000:S-P07-S01:GS06:p0011,east,0,8,0
10791,CP-AP-r000:S-P07-S01:GS06:p0012,east,0,9,6
10792,CP-AP-r000:S-P07-S01:GS07:p0001,west,8,0,5
10793,CP-AP-r000:S-P07-S01:GS07:p0002,west,10,0,0
10794,CP-AP-r000:S-P07-S01:GS07:p0003,west,8,0,6
10795,CP-AP-r000:S-P07-S01:GS07:p0004,west,9,0,1
10796,CP-AP-r000:S-P07-S01:GS07:p0005,west,8,0,5
10797,CP-AP-r000:S-P07-S01:GS07:p0006,west,8,0,0
10798,CP-AP-r000:S-P07-S01:GS07:p0007,west,8,0,6
10799,CP-AP-r000:S-P07-S01:GS07:p0008,west,10,0,2
10800,CP-AP-r000:S-P07-S01:GS07:p0009,west,8,0,6
10801,CP-AP-r000:S-P07-S01:GS07:p0010,west,8,0,0
10802,CP-AP-r000:S-P07-S01:GS07:p0011,west,9,0,6
10803,CP-AP-r000:S-P07-S01:GS07:p0012,west,10,0,2
10804,CP-AP-r000:S-P07-S01:GS08:p0001,west,7,0,6
10805,CP-AP-r000:S-P07-S01:GS08:p0002,west,7,0,5
10806,CP-AP-r000:S-P07-S01:GS08:p0003,west,6,0,0
10807,CP-AP-r000:S-P07-S01:GS08:p0004,west,8,0,6
10808,CP-AP-r000:S-P07-S01:GS08:p0005,west,8,0,1
10809,CP-AP-r000:S-P07-S01:GS08:p0006,west,7,0,5
10810,CP-AP-r000:S-P07-S01:GS08:p0007,west,8,0,0
10811,CP-AP-r000:S-P07-S01:GS08:p0008,west,8,0,6
10812,CP-AP-r000:S-P07-S01:GS08:p0009,west,9,0,2
10813,CP-AP-r000:S-P07-S01:GS08:p0010,west,8,0,6
10814,CP-AP-r000:S-P07-S01:GS08:p0011,west,9,0,0
10815,CP-AP-r000:S-P07-S01:GS08:p0012,west,8,0,6
10816,CP-AP-r000:S-P07-S01:GS08:p0013,west,9,0,2
10817,CP-AP-r000:S-P07-S01:GS09:p0001,west,9,0,6
10818,CP-AP-r000:S-P07-S01:GS09:p0002,west,8,0,5
10819,CP-AP-r000:S-P07-S01:GS09:p0003,west,8,0,6
10820,CP-AP-r000:S-P07-S01:GS09:p0004,west,6,0,1
10821,CP-AP-r000:S-P07-S01:GS09:p0005,west,9,0,6
10822,CP-AP-r000:S-P07-S01:GS09:p0006,west,8,0,5
10823,CP-AP-r000:S-P07-S01:GS09:p0007,west,8,0,6
10824,CP-AP-r000:S-P07-S01:GS09:p0008,west,8,0,2
10825,CP-AP-r000:S-P07-S01:GS09:p0009,west,8,0,6
10826,CP-AP-r000:S-P07-S01:GS09:p0010,west,8,0,6
10827,CP-AP-r000:S-P07-S01:GS09:p0011,west,5,0,0
10828,CP-AP-r000:S-P07-S01:GS09:p0012,west,8,0,6
10829,CP-AP-r000:S-P07-S01:GS09:p0013,west,10,0,2
10830,CP-AP-r000:S-P07-S01:GS10:p0001,east,0,10,4
10831,CP-AP-r000:S-P07-S01:GS10:p0002,east,0,8,6
10832,CP-AP-r000:S-P07-S01:GS10:p0003,east,0,9,0
10833,CP-AP-r000:S-P07-S01:GS10:p0004,east,0,9,6
10834,CP-AP-r000:S-P07-S01:GS10:p0005,east,0,10,3
10835,CP-AP-r000:S-P07-S01:GS10:p0006,east,0,8,6
10836,CP-AP-r000:S-P07-S01:GS10:p0007,east,0,7,0
10837,CP-AP-r000:S-P07-S01:GS10:p0008,east,0,8,6
10838,CP-AP-r000:S-P07-S01:GS10:p0009,east,0,9,6
10839,CP-AP-r000:S-P07-S01:GS10:p0010,east,0,10,2
10840,CP-AP-r000:S-P07-S01:GS10:p0011,east,0,8,6
10841,CP-AP-r000:S-P07-S01:GS10:p0012,east,0,8,0
10842,CP-AP-r000:S-P07-S01:GS10:p0013,east,0,8,6
10843,CP-AP-r000:S-P07-S01:GS10:p0014,east,0,7,6
10844,CP-AP-r000:S-P07-S01:GS11:p0001,east,0,8,4
10845,CP-AP-r000:S-P07-S01:GS11:p0002,east,0,8,6
10846,CP-AP-r000:S-P07-S01:GS11:p0003,east,0,8,0
10847,CP-AP-r000:S-P07-S01:GS11:p0004,east,0,10,6
10848,CP-AP-r000:S-P07-S01:GS11:p0005,east,0,8,3
10849,CP-AP-r000:S-P07-S01:GS11:p0006,east,0,8,6
10850,CP-AP-r000:S-P07-S01:GS11:p0007,east,0,9,0
10851,CP-AP-r000:S-P07-S01:GS11:p0008,east,0,10,6
10852,CP-AP-r000:S-P07-S01:GS11:p0009,east,0,8,2
10853,CP-AP-r000:S-P07-S01:GS11:p0010,east,0,8,6
10854,CP-AP-r000:S-P07-S01:GS11:p0011,east,0,9,0
10855,CP-AP-r000:S-P07-S01:GS11:p0012,east,0,10,6
10856,CP-AP-r000:S-P07-S01:GS12:p0001,east,0,7,4
10857,CP-AP-r000:S-P07-S01:GS12:p0002,east,0,7,6
10858,CP-AP-r000:S-P07-S01:GS12:p0003,east,0,8,0
10859,CP-AP-r000:S-P07-S01:GS12:p0004,east,0,8,6
10860,CP-AP-r000:S-P07-S01:GS12:p0005,east,0,7,3
10861,CP-AP-r000:S-P07-S01:GS12:p0006,east,0,9,6
10862,CP-AP-r000:S-P07-S01:GS12:p0007,east,0,8,0
10863,CP-AP-r000:S-P07-S01:GS12:p0008,east,0,9,6
10864,CP-AP-r000:S-P07-S01:GS12:p0009,east,0,8,2
10865,CP-AP-r000:S-P07-S01:GS12:p0010,east,0,10,6
10866,CP-AP-r000:S-P07-S01:GS12:p0011,east,0,8,0
10867,CP-AP-r000:S-P07-S01:GS12:p0012,east,0,9,6
10868,CP-AP-r000:S-P07-S02:GS01:p0001,west,6,0,5
10869,CP-AP-r000:S-P07-S02:GS01:p0002,west,7,0,0
10870,CP-AP-r000:S-P07-S02:GS01:p0003,west,9,0,6
10871,CP-AP-r000:S-P07-S02:GS01:p0004,west,8,0,1
10872,CP-AP-r000:S-P07-S02:GS01:p0005,west,5,0,5
10873,CP-AP-r000:S-P07-S02:GS01:p0006,west,7,0,0
10874,CP-AP-r000:S-P07-S02:GS01:p0007,west,7,0,6
10875,CP-AP-r000:S-P07-S02:GS01:p0008,west,8,0,2
10876,CP-AP-r000:S-P07-S02:GS01:p0009,west,5,0,6
10877,CP-AP-r000:S-P07-S02:GS01:p0010,west,6,0,0
10878,CP-AP-r000:S-P07-S02:GS01:p0011,west,7,0,6
10879,CP-AP-r000:S-P07-S02:GS01:p0012,west,8,0,2
10880,CP-AP-r000:S-P07-S02:GS02:p0001,west,6,0,6
10881,CP-AP-r000:S-P07-S02:GS02:p0002,west,4,0,5
10882,CP-AP-r000:S-P07-S02:GS02:p0003,west,8,0,6
10883,CP-AP-r000:S-P07-S02:GS02:p0004,west,6,0,1
10884,CP-AP-r000:S-P07-S02:GS02:p0005,west,7,0,6
10885,CP-AP-r000:S-P07-S02:GS02:p0006,west,6,0,5
10886,CP-AP-r000:S-P07-S02:GS02:p0007,west,8,0,6
10887,CP-AP-r000:S-P07-S02:GS02:p0008,west,6,0,2
10888,CP-AP-r000:S-P07-S02:GS02:p0009,west,6,0,6
10889,CP-AP-r000:S-P07-S02:GS02:p0010,west,8,0,6
10890,CP-AP-r000:S-P07-S02:GS02:p0011,west,6,0,2
10891,CP-AP-r000:S-P07-S02:GS03:p0001,west,6,0,6
10892,CP-AP-r000:S-P07-S02:GS03:p0002,west,6,0,5
10893,CP-AP-r000:S-P07-S02:GS03:p0003,west,8,0,6
10894,CP-AP-r000:S-P07-S02:GS03:p0004,west,6,0,1
10895,CP-AP-r000:S-P07-S02:GS03:p0005,west,7,0,6
10896,CP-AP-r000:S-P07-S02:GS03:p0006,west,6,0,5
10897,CP-AP-r000:S-P07-S02:GS03:p0007,west,8,0,6
10898,CP-AP-r000:S-P07-S02:GS03:p0008,west,6,0,2
10899,CP-AP-r000:S-P07-S02:GS03:p0009,west,8,0,6
10900,CP-AP-r000:S-P07-S02:GS03:p0010,west,6,0,6
10901,CP-AP-r000:S-P07-S02:GS03:p0011,west,8,0,6
10902,CP-AP-r000:S-P07-S02:GS03:p0012,west,6,0,2
10903,CP-AP-r000:S-P07-S02:GS04:p0001,east,0,6,4
10904,CP-AP-r000:S-P07-S02:GS04:p0002,east,0,6,6
10905,CP-AP-r000:S-P07-S02:GS04:p0003,east,0,8,6
10906,CP-AP-r000:S-P07-S02:GS04:p0004,east,0,7,6
10907,CP-AP-r000:S-P07-S02:GS04:p0005,east,0,6,3
10908,CP-AP-r000:S-P07-S02:GS04:p0006,east,0,6,6
10909,CP-AP-r000:S-P07-S02:GS04:p0007,east,0,10,6
10910,CP-AP-r000:S-P07-S02:GS04:p0008,east,0,6,6
10911,CP-AP-r000:S-P07-S02:GS04:p0009,east,0,6,2
10912,CP-AP-r000:S-P07-S02:GS04:p0010,east,0,6,6
10913,CP-AP-r000:S-P07-S02:GS04:p0011,east,0,8,6
10914,CP-AP-r000:S-P07-S02:GS04:p0012,east,0,6,6
10915,CP-AP-r000:S-P07-S02:GS05:p0001,east,0,7,4
10916,CP-AP-r000:S-P07-S02:GS05:p0002,east,0,7,6
10917,CP-AP-r000:S-P07-S02:GS05:p0003,east,0,7,0
10918,CP-AP-r000:S-P07-S02:GS05:p0004,east,0,9,6
10919,CP-AP-r000:S-P07-S02:GS05:p0005,east,0,4,3
10920,CP-AP-r000:S-P07-S02:GS05:p0006,east,0,6,6
10921,CP-AP-r000:S-P07-S02:GS05:p0007,east,0,7,0
10922,CP-AP-r000:S-P07-S02:GS05:p0008,east,0,8,6
10923,CP-AP-r000:S-P07-S02:GS05:p0009,east,0,6,2
10924,CP-AP-r000:S-P07-S02:GS05:p0010,east,0,6,6
10925,CP-AP-r000:S-P07-S02:GS05:p0011,east,0,8,6
10926,CP-AP-r000:S-P07-S02:GS06:p0001,east,0,6,0
10927,CP-AP-r000:S-P07-S02:GS06:p0002,east,0,4,4
10928,CP-AP-r000:S-P07-S02:GS06:p0003,east,0,8,0
10929,CP-AP-r000:S-P07-S02:GS06:p0004,east,0,6,6
10930,CP-AP-r000:S-P07-S02:GS06:p0005,east,0,7,3
10931,CP-AP-r000:S-P07-S02:GS06:p0006,east,0,8,0
10932,CP-AP-r000:S-P07-S02:GS06:p0007,east,0,6,6
10933,CP-AP-r000:S-P07-S02:GS06:p0008,east,0,6,2
10934,CP-AP-r000:S-P07-S02:GS06:p0009,east,0,7,6
10935,CP-AP-r000:S-P07-S02:GS06:p0010,east,0,9,0
10936,CP-AP-r000:S-P07-S02:GS06:p0011,east,0,8,6
10937,CP-AP-r000:S-P07-S02:GS07:p0001,west,8,0,5
10938,CP-AP-r000:S-P07-S02:GS07:p0002,west,9,0,0
10939,CP-AP-r000:S-P07-S02:GS07:p0003,west,8,0,6
10940,CP-AP-r000:S-P07-S02:GS07:p0004,west,9,0,1
10941,CP-AP-r000:S-P07-S02:GS07:p0005,west,7,0,5
10942,CP-AP-r000:S-P07-S02:GS07:p0006,west,7,0,0
10943,CP-AP-r000:S-P07-S02:GS07:p0007,west,9,0,6
10944,CP-AP-r000:S-P07-S02:GS07:p0008,west,10,0,2
10945,CP-AP-r000:S-P07-S02:GS07:p0009,west,7,0,6
10946,CP-AP-r000:S-P07-S02:GS07:p0010,west,7,0,0
10947,CP-AP-r000:S-P07-S02:GS07:p0011,west,10,0,6
10948,CP-AP-r000:S-P07-S02:GS07:p0012,west,10,0,2
10949,CP-AP-r000:S-P07-S02:GS08:p0001,west,9,0,6
10950,CP-AP-r000:S-P07-S02:GS08:p0002,west,7,0,5
10951,CP-AP-r000:S-P07-S02:GS08:p0003,west,6,0,0
10952,CP-AP-r000:S-P07-S02:GS08:p0004,west,8,0,6
10953,CP-AP-r000:S-P07-S02:GS08:p0005,west,8,0,1
10954,CP-AP-r000:S-P07-S02:GS08:p0006,west,7,0,5
10955,CP-AP-r000:S-P07-S02:GS08:p0007,west,8,0,0
10956,CP-AP-r000:S-P07-S02:GS08:p0008,west,8,0,6
10957,CP-AP-r000:S-P07-S02:GS08:p0009,west,8,0,2
10958,CP-AP-r000:S-P07-S02:GS08:p0010,west,8,0,6
10959,CP-AP-r000:S-P07-S02:GS08:p0011,west,9,0,0
10960,CP-AP-r000:S-P07-S02:GS08:p0012,west,8,0,6
10961,CP-AP-r000:S-P07-S02:GS08:p0013,west,8,0,2
10962,CP-AP-r000:S-P07-S02:GS09:p0001,west,10,0,6
10963,CP-AP-r000:S-P07-S02:GS09:p0002,west,8,0,5
10964,CP-AP-r000:S-P07-S02:GS09:p0003,west,8,0,6
10965,CP-AP-r000:S-P07-S02:GS09:p0004,west,7,0,1
10966,CP-AP-r000:S-P07-S02:GS09:p0005,west,10,0,6
10967,CP-AP-r000:S-P07-S02:GS09:p0006,west,8,0,5
10968,CP-AP-r000:S-P07-S02:GS09:p0007,west,8,0,6
10969,CP-AP-r000:S-P07-S02:GS09:p0008,west,9,0,2
10970,CP-AP-r000:S-P07-S02:GS09:p0009,west,10,0,6
10971,CP-AP-r000:S-P07-S02:GS09:p0010,west,8,0,6
10972,CP-AP-r000:S-P07-S02:GS09:p0011,west,5,0,0
10973,CP-AP-r000:S-P07-S02:GS09:p0012,west,8,0,6
10974,CP-AP-r000:S-P07-S02:GS09:p0013,west,10,0,2
10975,CP-AP-r000:S-P07-S02:GS10:p0001,east,0,9,4
10976,CP-AP-r000:S-P07-S02:GS10:p0002,east,0,7,6
10977,CP-AP-r000:S-P07-S02:GS10:p0003,east,0,10,0
10978,CP-AP-r000:S-P07-S02:GS10:p0004,east,0,8,6
10979,CP-AP-r000:S-P07-S02:GS10:p0005,east,0,10,3
10980,CP-AP-r000:S-P07-S02:GS10:p0006,east,0,7,6
10981,CP-AP-r000:S-P07-S02:GS10:p0007,east,0,8,0
10982,CP-AP-r000:S-P07-S02:GS10:p0008,east,0,8,6
10983,CP-AP-r000:S-P07-S02:GS10:p0009,east,0,7,6
10984,CP-AP-r000:S-P07-S02:GS10:p0010,east,0,10,2
10985,CP-AP-r000:S-P07-S02:GS10:p0011,east,0,7,6
10986,CP-AP-r000:S-P07-S02:GS10:p0012,east,0,10,0
10987,CP-AP-r000:S-P07-S02:GS10:p0013,east,0,8,6
10988,CP-AP-r000:S-P07-S02:GS10:p0014,east,0,6,6
10989,CP-AP-r000:S-P07-S02:GS11:p0001,east,0,8,4
10990,CP-AP-r000:S-P07-S02:GS11:p0002,east,0,7,6
10991,CP-AP-r000:S-P07-S02:GS11:p0003,east,0,8,0
10992,CP-AP-r000:S-P07-S02:GS11:p0004,east,0,10,6
10993,CP-AP-r000:S-P07-S02:GS11:p0005,east,0,7,3
10994,CP-AP-r000:S-P07-S02:GS11:p0006,east,0,7,6
10995,CP-AP-r000:S-P07-S02:GS11:p0007,east,0,10,0
10996,CP-AP-r000:S-P07-S02:GS11:p0008,east,0,10,6
10997,CP-AP-r000:S-P07-S02:GS11:p0009,east,0,7,2
10998,CP-AP-r000:S-P07-S02:GS11:p0010,east,0,7,6
10999,CP-AP-r000:S-P07-S02:GS11:p0011,east,0,10,0
11000,CP-AP-r000:S-P07-S02:GS11:p0012,east,0,10,6
11001,CP-AP-r000:S-P07-S02:GS12:p0001,east,0,7,4
11002,CP-AP-r000:S-P07-S02:GS12:p0002,east,0,7,6
11003,CP-AP-r000:S-P07-S02:GS12:p0003,east,0,8,0
11004,CP-AP-r000:S-P07-S02:GS12:p0004,east,0,8,6
11005,CP-AP-r000:S-P07-S02:GS12:p0005,east,0,7,3
11006,CP-AP-r000:S-P07-S02:GS12:p0006,east,0,9,6
11007,CP-AP-r000:S-P07-S02:GS12:p0007,east,0,8,0
11008,CP-AP-r000:S-P07-S02:GS12:p0008,east,0,8,6
11009,CP-AP-r000:S-P07-S02:GS12:p0009,east,0,8,2
11010,CP-AP-r000:S-P07-S02:GS12:p0010,east,0,9,6
11011,CP-AP-r000:S-P07-S02:GS12:p0011,east,0,8,0
11012,CP-AP-r000:S-P07-S02:GS12:p0012,east,0,9,6
11013,CP-AP-r000:S-P07-S03:GS01:p0001,west,5,0,5
11014,CP-AP-r000:S-P07-S03:GS01:p0002,west,7,0,0
11015,CP-AP-r000:S-P07-S03:GS01:p0003,west,7,0,6
11016,CP-AP-r000:S-P07-S03:GS01:p0004,west,8,0,2
11017,CP-AP-r000:S-P07-S03:GS01:p0005,west,7,0,6
11018,CP-AP-r000:S-P07-S03:GS01:p0006,west,7,0,0
11019,CP-AP-r000:S-P07-S03:GS01:p0007,west,8,0,3
11020,CP-AP-r000:S-P07-S03:GS01:p0008,west,7,0,6
11021,CP-AP-r000:S-P07-S03:GS01:p0009,west,7,0,0
11022,CP-AP-r000:S-P07-S03:GS01:p0010,west,9,0,4
11023,CP-AP-r000:S-P07-S03:GS01:p0011,west,8,0,0
11024,CP-AP-r000:S-P07-S03:GS02:p0001,west,7,0,5
11025,CP-AP-r000:S-P07-S03:GS02:p0002,west,8,0,6
11026,CP-AP-r000:S-P07-S03:GS02:p0003,west,7,0,2
11027,CP-AP-r000:S-P07-S03:GS02:p0004,west,7,0,6
11028,CP-AP-r000:S-P07-S03:GS02:p0005,west,5,0,0
11029,CP-AP-r000:S-P07-S03:GS02:p0006,west,7,0,6
11030,CP-AP-r000:S-P07-S03:GS02:p0007,west,10,0,3
11031,CP-AP-r000:S-P07-S03:GS02:p0008,west,6,0,6
11032,CP-AP-r000:S-P07-S03:GS02:p0009,west,6,0,0
11033,CP-AP-r000:S-P07-S03:GS02:p0010,west,6,0,6
11034,CP-AP-r000:S-P07-S03:GS02:p0011,west,8,0,4
11035,CP-AP-r000:S-P07-S03:GS03:p0001,west,8,0,6
11036,CP-AP-r000:S-P07-S03:GS03:p0002,west,6,0,5
11037,CP-AP-r000:S-P07-S03:GS03:p0003,west,8,0,6
11038,CP-AP-r000:S-P07-S03:GS03:p0004,west,7,0,2
11039,CP-AP-r000:S-P07-S03:GS03:p0005,west,6,0,6
11040,CP-AP-r000:S-P07-S03:GS03:p0006,west,5,0,6
11041,CP-AP-r000:S-P07-S03:GS03:p0007,west,8,0,6
11042,CP-AP-r000:S-P07-S03:GS03:p0008,west,7,0,3
11043,CP-AP-r000:S-P07-S03:GS03:p0009,west,7,0,6
11044,CP-AP-r000:S-P07-S03:GS03:p0010,west,7,0,6
11045,CP-AP-r000:S-P07-S03:GS03:p0011,west,8,0,6
11046,CP-AP-r000:S-P07-S03:GS03:p0012,west,7,0,4
11047,CP-AP-r000:S-P07-S03:GS04:p0001,east,0,7,2
11048,CP-AP-r000:S-P07-S03:GS04:p0002,east,0,7,6
11049,CP-AP-r000:S-P07-S03:GS04:p0003,east,0,8,6
11050,CP-AP-r000:S-P07-S03:GS04:p0004,east,0,7,6
11051,CP-AP-r000:S-P07-S03:GS04:p0005,east,0,7,2
11052,CP-AP-r000:S-P07-S03:GS04:p0006,east,0,7,6
11053,CP-AP-r000:S-P07-S03:GS04:p0007,east,0,8,5
11054,CP-AP-r000:S-P07-S03:GS04:p0008,east,0,7,6
11055,CP-AP-r000:S-P07-S03:GS04:p0009,east,0,8,1
11056,CP-AP-r000:S-P07-S03:GS04:p0010,east,0,7,6
11057,CP-AP-r000:S-P07-S03:GS04:p0011,east,0,8,5
11058,CP-AP-r000:S-P07-S03:GS04:p0012,east,0,7,6
11059,CP-AP-r000:S-P07-S03:GS05:p0001,east,0,7,2
11060,CP-AP-r000:S-P07-S03:GS05:p0002,east,0,7,6
11061,CP-AP-r000:S-P07-S03:GS05:p0003,east,0,8,6
11062,CP-AP-r000:S-P07-S03:GS05:p0004,east,0,7,2
11063,CP-AP-r000:S-P07-S03:GS05:p0005,east,0,7,6
11064,CP-AP-r000:S-P07-S03:GS05:p0006,east,0,8,5
11065,CP-AP-r000:S-P07-S03:GS05:p0007,east,0,8,6
11066,CP-AP-r000:S-P07-S03:GS05:p0008,east,0,7,1
11067,CP-AP-r000:S-P07-S03:GS05:p0009,east,0,7,6
11068,CP-AP-r000:S-P07-S03:GS05:p0010,east,0,9,5
11069,CP-AP-r000:S-P07-S03:GS05:p0011,east,0,7,6
11070,CP-AP-r000:S-P07-S03:GS06:p0001,east,0,7,2
11071,CP-AP-r000:S-P07-S03:GS06:p0002,east,0,8,0
11072,CP-AP-r000:S-P07-S03:GS06:p0003,east,0,7,6
11073,CP-AP-r000:S-P07-S03:GS06:p0004,east,0,8,2
11074,CP-AP-r000:S-P07-S03:GS06:p0005,east,0,6,6
11075,CP-AP-r000:S-P07-S03:GS06:p0006,east,0,6,0
11076,CP-AP-r000:S-P07-S03:GS06:p0007,east,0,9,5
11077,CP-AP-r000:S-P07-S03:GS06:p0008,east,0,6,1
11078,CP-AP-r000:S-P07-S03:GS06:p0009,east,0,7,6
11079,CP-AP-r000:S-P07-S03:GS06:p0010,east,0,7,0
11080,CP-AP-r000:S-P07-S03:GS06:p0011,east,0,8,5
11081,CP-AP-r000:S-P07-S03:GS07:p0001,west,8,0,5
11082,CP-AP-r000:S-P07-S03:GS07:p0002,west,8,0,0
11083,CP-AP-r000:S-P07-S03:GS07:p0003,west,9,0,6
11084,CP-AP-r000:S-P07-S03:GS07:p0004,west,10,0,2
11085,CP-AP-r000:S-P07-S03:GS07:p0005,west,8,0,6
11086,CP-AP-r000:S-P07-S03:GS07:p0006,west,8,0,0
11087,CP-AP-r000:S-P07-S03:GS07:p0007,west,9,0,6
11088,CP-AP-r000:S-P07-S03:GS07:p0008,west,10,0,3
11089,CP-AP-r000:S-P07-S03:GS07:p0009,west,10,0,6
11090,CP-AP-r000:S-P07-S03:GS07:p0010,west,8,0,0
11091,CP-AP-r000:S-P07-S03:GS07:p0011,west,8,0,6
11092,CP-AP-r000:S-P07-S03:GS07:p0012,west,8,0,4
11093,CP-AP-r000:S-P07-S03:GS08:p0001,west,7,0,5
11094,CP-AP-r000:S-P07-S03:GS08:p0002,west,9,0,0
11095,CP-AP-r000:S-P07-S03:GS08:p0003,west,8,0,6
11096,CP-AP-r000:S-P07-S03:GS08:p0004,west,9,0,2
11097,CP-AP-r000:S-P07-S03:GS08:p0005,west,8,0,6
11098,CP-AP-r000:S-P07-S03:GS08:p0006,west,9,0,0
11099,CP-AP-r000:S-P07-S03:GS08:p0007,west,8,0,6
11100,CP-AP-r000:S-P07-S03:GS08:p0008,west,10,0,3
11101,CP-AP-r000:S-P07-S03:GS08:p0009,west,8,0,6
11102,CP-AP-r000:S-P07-S03:GS08:p0010,west,8,0,0
11103,CP-AP-r000:S-P07-S03:GS08:p0011,west,8,0,6
11104,CP-AP-r000:S-P07-S03:GS08:p0012,west,10,0,4
11105,CP-AP-r000:S-P07-S03:GS09:p0001,west,9,0,6
11106,CP-AP-r000:S-P07-S03:GS09:p0002,west,8,0,5
11107,CP-AP-r000:S-P07-S03:GS09:p0003,west,5,0,0
11108,CP-AP-r000:S-P07-S03:GS09:p0004,west,8,0,6
11109,CP-AP-r000:S-P07-S03:GS09:p0005,west,10,0,2
11110,CP-AP-r000:S-P07-S03:GS09:p0006,west,8,0,6
11111,CP-AP-r000:S-P07-S03:GS09:p0007,west,7,0,6
11112,CP-AP-r000:S-P07-S03:GS09:p0008,west,6,0,0
11113,CP-AP-r000:S-P07-S03:GS09:p0009,west,8,0,6
11114,CP-AP-r000:S-P07-S03:GS09:p0010,west,8,0,3
11115,CP-AP-r000:S-P07-S03:GS09:p0011,west,7,0,6
11116,CP-AP-r000:S-P07-S03:GS09:p0012,west,8,0,0
11117,CP-AP-r000:S-P07-S03:GS09:p0013,west,8,0,6
11118,CP-AP-r000:S-P07-S03:GS09:p0014,west,9,0,4
11119,CP-AP-r000:S-P07-S03:GS10:p0001,east,0,10,2
11120,CP-AP-r000:S-P07-S03:GS10:p0002,east,0,8,6
11121,CP-AP-r000:S-P07-S03:GS10:p0003,east,0,8,0
11122,CP-AP-r000:S-P07-S03:GS10:p0004,east,0,8,6
11123,CP-AP-r000:S-P07-S03:GS10:p0005,east,0,7,6
11124,CP-AP-r000:S-P07-S03:GS10:p0006,east,0,9,2
11125,CP-AP-r000:S-P07-S03:GS10:p0007,east,0,8,6
11126,CP-AP-r000:S-P07-S03:GS10:p0008,east,0,8,5
11127,CP-AP-r000:S-P07-S03:GS10:p0009,east,0,8,6
11128,CP-AP-r000:S-P07-S03:GS10:p0010,east,0,8,1
11129,CP-AP-r000:S-P07-S03:GS10:p0011,east,0,8,6
11130,CP-AP-r000:S-P07-S03:GS10:p0012,east,0,8,5
11131,CP-AP-r000:S-P07-S03:GS10:p0013,east,0,8,6
11132,CP-AP-r000:S-P07-S03:GS11:p0001,east,0,8,2
11133,CP-AP-r000:S-P07-S03:GS11:p0002,east,0,8,6
11134,CP-AP-r000:S-P07-S03:GS11:p0003,east,0,10,0
11135,CP-AP-r000:S-P07-S03:GS11:p0004,east,0,10,6
11136,CP-AP-r000:S-P07-S03:GS11:p0005,east,0,10,2
11137,CP-AP-r000:S-P07-S03:GS11:p0006,east,0,8,6
11138,CP-AP-r000:S-P07-S03:GS11:p0007,east,0,9,0
11139,CP-AP-r000:S-P07-S03:GS11:p0008,east,0,8,5
11140,CP-AP-r000:S-P07-S03:GS11:p0009,east,0,10,1
11141,CP-AP-r000:S-P07-S03:GS11:p0010,east,0,8,6
11142,CP-AP-r000:S-P07-S03:GS11:p0011,east,0,9,0
11143,CP-AP-r000:S-P07-S03:GS11:p0012,east,0,8,5
11144,CP-AP-r000:S-P07-S03:GS11:p0013,east,0,9,6
11145,CP-AP-r000:S-P07-S03:GS12:p0001,east,0,8,2
11146,CP-AP-r000:S-P07-S03:GS12:p0002,east,0,9,6
11147,CP-AP-r000:S-P07-S03:GS12:p0003,east,0,8,0
11148,CP-AP-r000:S-P07-S03:GS12:p0004,east,0,8,6
11149,CP-AP-r000:S-P07-S03:GS12:p0005,east,0,8,2
11150,CP-AP-r000:S-P07-S03:GS12:p0006,east,0,8,6
11151,CP-AP-r000:S-P07-S03:GS12:p0007,east,0,8,0
11152,CP-AP-r000:S-P07-S03:GS12:p0008,east,0,10,5
11153,CP-AP-r000:S-P07-S03:GS12:p0009,east,0,8,1
11154,CP-AP-r000:S-P07-S03:GS12:p0010,east,0,8,6
11155,CP-AP-r000:S-P07-S03:GS12:p0011,east,0,9,0
11156,CP-AP-r000:S-P07-S03:GS12:p0012,east,0,10,5
11157,CP-AP-r000:S-P07-S04:GS01:p0001,west,4,0,6
11158,CP-AP-r000:S-P07-S04:GS01:p0002,west,7,0,0
11159,CP-AP-r000:S-P07-S04:GS01:p0003,west,7,0,6
11160,CP-AP-r000:S-P07-S04:GS01:p0004,west,8,0,2
11161,CP-AP-r000:S-P07-S04:GS01:p0005,west,6,0,6
11162,CP-AP-r000:S-P07-S04:GS01:p0006,west,6,0,0
11163,CP-AP-r000:S-P07-S04:GS01:p0007,west,8,0,3
11164,CP-AP-r000:S-P07-S04:GS01:p0008,west,6,0,6
11165,CP-AP-r000:S-P07-S04:GS01:p0009,west,6,0,0
11166,CP-AP-r000:S-P07-S04:GS01:p0010,west,9,0,4
11167,CP-AP-r000:S-P07-S04:GS01:p0011,west,6,0,0
11168,CP-AP-r000:S-P07-S04:GS02:p0001,west,6,0,6
11169,CP-AP-r000:S-P07-S04:GS02:p0002,west,8,0,6
11170,CP-AP-r000:S-P07-S04:GS02:p0003,west,6,0,2
11171,CP-AP-r000:S-P07-S04:GS02:p0004,west,6,0,6
11172,CP-AP-r000:S-P07-S04:GS02:p0005,west,7,0,0
11173,CP-AP-r000:S-P07-S04:GS02:p0006,west,8,0,6
11174,CP-AP-r000:S-P07-S04:GS02:p0007,west,9,0,3
11175,CP-AP-r000:S-P07-S04:GS02:p0008,west,5,0,6
11176,CP-AP-r000:S-P07-S04:GS02:p0009,west,7,0,0
11177,CP-AP-r000:S-P07-S04:GS02:p0010,west,7,0,6
11178,CP-AP-r000:S-P07-S04:GS02:p0011,west,8,0,4
11179,CP-AP-r000:S-P07-S04:GS03:p0001,west,8,0,6
11180,CP-AP-r000:S-P07-S04:GS03:p0002,west,6,0,6
11181,CP-AP-r000:S-P07-S04:GS03:p0003,west,8,0,6
11182,CP-AP-r000:S-P07-S04:GS03:p0004,west,6,0,2
11183,CP-AP-r000:S-P07-S04:GS03:p0005,west,6,0,6
11184,CP-AP-r000:S-P07-S04:GS03:p0006,west,4,0,6
11185,CP-AP-r000:S-P07-S04:GS03:p0007,west,8,0,6
11186,CP-AP-r000:S-P07-S04:GS03:p0008,west,6,0,3
11187,CP-AP-r000:S-P07-S04:GS03:p0009,west,7,0,6
11188,CP-AP-r000:S-P07-S04:GS03:p0010,west,6,0,6
11189,CP-AP-r000:S-P07-S04:GS03:p0011,west,8,0,6
11190,CP-AP-r000:S-P07-S04:GS03:p0012,west,6,0,4
11191,CP-AP-r000:S-P07-S04:GS04:p0001,east,0,6,2
11192,CP-AP-r000:S-P07-S04:GS04:p0002,east,0,6,6
11193,CP-AP-r000:S-P07-S04:GS04:p0003,east,0,8,6
11194,CP-AP-r000:S-P07-S04:GS04:p0004,east,0,6,6
11195,CP-AP-r000:S-P07-S04:GS04:p0005,east,0,6,2
11196,CP-AP-r000:S-P07-S04:GS04:p0006,east,0,6,6
11197,CP-AP-r000:S-P07-S04:GS04:p0007,east,0,8,5
11198,CP-AP-r000:S-P07-S04:GS04:p0008,east,0,6,6
11199,CP-AP-r000:S-P07-S04:GS04:p0009,east,0,7,1
11200,CP-AP-r000:S-P07-S04:GS04:p0010,east,0,6,6
11201,CP-AP-r000:S-P07-S04:GS04:p0011,east,0,8,5
11202,CP-AP-r000:S-P07-S04:GS04:p0012,east,0,6,6
11203,CP-AP-r000:S-P07-S04:GS05:p0001,east,0,6,2
11204,CP-AP-r000:S-P07-S04:GS05:p0002,east,0,6,6
11205,CP-AP-r000:S-P07-S04:GS05:p0003,east,0,8,6
11206,CP-AP-r000:S-P07-S04:GS05:p0004,east,0,6,2
11207,CP-AP-r000:S-P07-S04:GS05:p0005,east,0,6,6
11208,CP-AP-r000:S-P07-S04:GS05:p0006,east,0,8,5
11209,CP-AP-r000:S-P07-S04:GS05:p0007,east,0,7,6
11210,CP-AP-r000:S-P07-S04:GS05:p0008,east,0,6,1
11211,CP-AP-r000:S-P07-S04:GS05:p0009,east,0,6,6
11212,CP-AP-r000:S-P07-S04:GS05:p0010,east,0,9,5
11213,CP-AP-r000:S-P07-S04:GS05:p0011,east,0,6,6
11214,CP-AP-r000:S-P07-S04:GS06:p0001,east,0,6,2
11215,CP-AP-r000:S-P07-S04:GS06:p0002,east,0,7,6
11216,CP-AP-r000:S-P07-S04:GS06:p0003,east,0,9,0
11217,CP-AP-r000:S-P07-S04:GS06:p0004,east,0,7,6
11218,CP-AP-r000:S-P07-S04:GS06:p0005,east,0,6,2
11219,CP-AP-r000:S-P07-S04:GS06:p0006,east,0,7,6
11220,CP-AP-r000:S-P07-S04:GS06:p0007,east,0,7,0
11221,CP-AP-r000:S-P07-S04:GS06:p0008,east,0,8,5
11222,CP-AP-r000:S-P07-S04:GS06:p0009,east,0,5,1
11223,CP-AP-r000:S-P07-S04:GS06:p0010,east,0,6,6
11224,CP-AP-r000:S-P07-S04:GS06:p0011,east,0,7,0
11225,CP-AP-r000:S-P07-S04:GS06:p0012,east,0,8,5
11226,CP-AP-r000:S-P07-S04:GS07:p0001,west,7,0,6
11227,CP-AP-r000:S-P07-S04:GS07:p0002,west,7,0,0
11228,CP-AP-r000:S-P07-S04:GS07:p0003,west,10,0,6
11229,CP-AP-r000:S-P07-S04:GS07:p0004,west,10,0,2
11230,CP-AP-r000:S-P07-S04:GS07:p0005,west,7,0,6
11231,CP-AP-r000:S-P07-S04:GS07:p0006,west,7,0,0
11232,CP-AP-r000:S-P07-S04:GS07:p0007,west,10,0,6
11233,CP-AP-r000:S-P07-S04:GS07:p0008,west,9,0,3
11234,CP-AP-r000:S-P07-S04:GS07:p0009,west,9,0,6
11235,CP-AP-r000:S-P07-S04:GS07:p0010,west,7,0,0
11236,CP-AP-r000:S-P07-S04:GS07:p0011,west,9,0,6
11237,CP-AP-r000:S-P07-S04:GS07:p0012,west,8,0,4
11238,CP-AP-r000:S-P07-S04:GS08:p0001,west,7,0,6
11239,CP-AP-r000:S-P07-S04:GS08:p0002,west,9,0,0
11240,CP-AP-r000:S-P07-S04:GS08:p0003,west,8,0,6
11241,CP-AP-r000:S-P07-S04:GS08:p0004,west,8,0,2
11242,CP-AP-r000:S-P07-S04:GS08:p0005,west,8,0,6
11243,CP-AP-r000:S-P07-S04:GS08:p0006,west,8,0,0
11244,CP-AP-r000:S-P07-S04:GS08:p0007,west,8,0,6
11245,CP-AP-r000:S-P07-S04:GS08:p0008,west,10,0,3
11246,CP-AP-r000:S-P07-S04:GS08:p0009,west,7,0,6
11247,CP-AP-r000:S-P07-S04:GS08:p0010,west,7,0,0
11248,CP-AP-r000:S-P07-S04:GS08:p0011,west,9,0,6
11249,CP-AP-r000:S-P07-S04:GS08:p0012,west,10,0,4
11250,CP-AP-r000:S-P07-S04:GS09:p0001,west,10,0,6
11251,CP-AP-r000:S-P07-S04:GS09:p0002,west,8,0,6
11252,CP-AP-r000:S-P07-S04:GS09:p0003,west,6,0,0
11253,CP-AP-r000:S-P07-S04:GS09:p0004,west,8,0,6
11254,CP-AP-r000:S-P07-S04:GS09:p0005,west,10,0,2
11255,CP-AP-r000:S-P07-S04:GS09:p0006,west,9,0,6
11256,CP-AP-r000:S-P07-S04:GS09:p0007,west,7,0,6
11257,CP-AP-r000:S-P07-S04:GS09:p0008,west,6,0,0
11258,CP-AP-r000:S-P07-S04:GS09:p0009,west,8,0,6
11259,CP-AP-r000:S-P07-S04:GS09:p0010,west,8,0,3
11260,CP-AP-r000:S-P07-S04:GS09:p0011,west,7,0,6
11261,CP-AP-r000:S-P07-S04:GS09:p0012,west,9,0,0
11262,CP-AP-r000:S-P07-S04:GS09:p0013,west,8,0,6
11263,CP-AP-r000:S-P07-S04:GS09:p0014,west,8,0,4
11264,CP-AP-r000:S-P07-S04:GS10:p0001,east,0,10,2
11265,CP-AP-r000:S-P07-S04:GS10:p0002,east,0,7,6
11266,CP-AP-r000:S-P07-S04:GS10:p0003,east,0,10,0
11267,CP-AP-r000:S-P07-S04:GS10:p0004,east,0,8,6
11268,CP-AP-r000:S-P07-S04:GS10:p0005,east,0,6,6
11269,CP-AP-r000:S-P07-S04:GS10:p0006,east,0,10,2
11270,CP-AP-r000:S-P07-S04:GS10:p0007,east,0,8,6
11271,CP-AP-r000:S-P07-S04:GS10:p0008,east,0,8,5
11272,CP-AP-r000:S-P07-S04:GS10:p0009,east,0,9,6
11273,CP-AP-r000:S-P07-S04:GS10:p0010,east,0,9,1
11274,CP-AP-r000:S-P07-S04:GS10:p0011,east,0,8,6
11275,CP-AP-r000:S-P07-S04:GS10:p0012,east,0,8,5
11276,CP-AP-r000:S-P07-S04:GS10:p0013,east,0,9,6
11277,CP-AP-r000:S-P07-S04:GS11:p0001,east,0,7,2
11278,CP-AP-r000:S-P07-S04:GS11:p0002,east,0,7,6
11279,CP-AP-r000:S-P07-S04:GS11:p0003,east,0,10,0
11280,CP-AP-r000:S-P07-S04:GS11:p0004,east,0,10,6
11281,CP-AP-r000:S-P07-S04:GS11:p0005,east,0,9,2
11282,CP-AP-r000:S-P07-S04:GS11:p0006,east,0,7,6
11283,CP-AP-r000:S-P07-S04:GS11:p0007,east,0,10,0
11284,CP-AP-r000:S-P07-S04:GS11:p0008,east,0,8,5
11285,CP-AP-r000:S-P07-S04:GS11:p0009,east,0,11,1
11286,CP-AP-r000:S-P07-S04:GS11:p0010,east,0,7,6
11287,CP-AP-r000:S-P07-S04:GS11:p0011,east,0,10,0
11288,CP-AP-r000:S-P07-S04:GS11:p0012,east,0,8,5
11289,CP-AP-r000:S-P07-S04:GS11:p0013,east,0,7,6
11290,CP-AP-r000:S-P07-S04:GS12:p0001,east,0,8,2
11291,CP-AP-r000:S-P07-S04:GS12:p0002,east,0,9,6
11292,CP-AP-r000:S-P07-S04:GS12:p0003,east,0,8,0
11293,CP-AP-r000:S-P07-S04:GS12:p0004,east,0,8,6
11294,CP-AP-r000:S-P07-S04:GS12:p0005,east,0,7,2
11295,CP-AP-r000:S-P07-S04:GS12:p0006,east,0,7,6
11296,CP-AP-r000:S-P07-S04:GS12:p0007,east,0,9,0
11297,CP-AP-r000:S-P07-S04:GS12:p0008,east,0,10,5
11298,CP-AP-r000:S-P07-S04:GS12:p0009,east,0,7,1
11299,CP-AP-r000:S-P07-S04:GS12:p0010,east,0,7,6
11300,CP-AP-r000:S-P07-S04:GS12:p0011,east,0,10,0
11301,CP-AP-r000:S-P07-S04:GS12:p0012,east,0,10,5
11302,CP-AP-r000:S-P07-S05:GS01:p0001,west,7,0,6
11303,CP-AP-r000:S-P07-S05:GS01:p0002,west,7,0,0
11304,CP-AP-r000:S-P07-S05:GS01:p0003,west,9,0,4
11305,CP-AP-r000:S-P07-S05:GS01:p0004,west,8,0,0
11306,CP-AP-r000:S-P07-S05:GS01:p0005,west,7,0,6
11307,CP-AP-r000:S-P07-S05:GS01:p0006,west,7,0,1
11308,CP-AP-r000:S-P07-S05:GS01:p0007,west,8,0,4
11309,CP-AP-r000:S-P07-S05:GS01:p0008,west,6,0,0
11310,CP-AP-r000:S-P07-S05:GS01:p0009,west,7,0,6
11311,CP-AP-r000:S-P07-S05:GS01:p0010,west,7,0,1
11312,CP-AP-r000:S-P07-S05:GS01:p0011,west,8,0,5
11313,CP-AP-r000:S-P07-S05:GS01:p0012,west,7,0,0
11314,CP-AP-r000:S-P07-S05:GS02:p0001,west,7,0,6
11315,CP-AP-r000:S-P07-S05:GS02:p0002,west,6,0,0
11316,CP-AP-r000:S-P07-S05:GS02:p0003,west,6,0,6
11317,CP-AP-r000:S-P07-S05:GS02:p0004,west,8,0,4
11318,CP-AP-r000:S-P07-S05:GS02:p0005,west,7,0,6
11319,CP-AP-r000:S-P07-S05:GS02:p0006,west,7,0,1
11320,CP-AP-r000:S-P07-S05:GS02:p0007,west,7,0,6
11321,CP-AP-r000:S-P07-S05:GS02:p0008,west,8,0,4
11322,CP-AP-r000:S-P07-S05:GS02:p0009,west,7,0,6
11323,CP-AP-r000:S-P07-S05:GS02:p0010,west,7,0,1
11324,CP-AP-r000:S-P07-S05:GS02:p0011,west,8,0,5
11325,CP-AP-r000:S-P07-S05:GS03:p0001,west,7,0,6
11326,CP-AP-r000:S-P07-S05:GS03:p0002,west,7,0,6
11327,CP-AP-r000:S-P07-S05:GS03:p0003,west,8,0,6
11328,CP-AP-r000:S-P07-S05:GS03:p0004,west,7,0,4
11329,CP-AP-r000:S-P07-S05:GS03:p0005,west,7,0,6
11330,CP-AP-r000:S-P07-S05:GS03:p0006,west,8,0,6
11331,CP-AP-r000:S-P07-S05:GS03:p0007,west,7,0,4
11332,CP-AP-r000:S-P07-S05:GS03:p0008,west,7,0,6
11333,CP-AP-r000:S-P07-S05:GS03:p0009,west,5,0,1
11334,CP-AP-r000:S-P07-S05:GS03:p0010,west,6,0,6
11335,CP-AP-r000:S-P07-S05:GS03:p0011,west,10,0,5
11336,CP-AP-r000:S-P07-S05:GS04:p0001,east,0,7,1
11337,CP-AP-r000:S-P07-S05:GS04:p0002,east,0,7,6
11338,CP-AP-r000:S-P07-S05:GS04:p0003,east,0,8,5
11339,CP-AP-r000:S-P07-S05:GS04:p0004,east,0,7,6
11340,CP-AP-r000:S-P07-S05:GS04:p0005,east,0,8,0
11341,CP-AP-r000:S-P07-S05:GS04:p0006,east,0,6,6
11342,CP-AP-r000:S-P07-S05:GS04:p0007,east,0,8,5
11343,CP-AP-r000:S-P07-S05:GS04:p0008,east,0,7,6
11344,CP-AP-r000:S-P07-S05:GS04:p0009,east,0,6,0
11345,CP-AP-r000:S-P07-S05:GS04:p0010,east,0,5,6
11346,CP-AP-r000:S-P07-S05:GS04:p0011,east,0,8,4
11347,CP-AP-r000:S-P07-S05:GS04:p0012,east,0,7,6
11348,CP-AP-r000:S-P07-S05:GS05:p0001,east,0,7,1
11349,CP-AP-r000:S-P07-S05:GS05:p0002,east,0,7,6
11350,CP-AP-r000:S-P07-S05:GS05:p0003,east,0,10,5
11351,CP-AP-r000:S-P07-S05:GS05:p0004,east,0,7,6
11352,CP-AP-r000:S-P07-S05:GS05:p0005,east,0,7,0
11353,CP-AP-r000:S-P07-S05:GS05:p0006,east,0,7,6
11354,CP-AP-r000:S-P07-S05:GS05:p0007,east,0,8,5
11355,CP-AP-r000:S-P07-S05:GS05:p0008,east,0,7,6
11356,CP-AP-r000:S-P07-S05:GS05:p0009,east,0,7,0
11357,CP-AP-r000:S-P07-S05:GS05:p0010,east,0,7,6
11358,CP-AP-r000:S-P07-S05:GS05:p0011,east,0,8,4
11359,CP-AP-r000:S-P07-S05:GS05:p0012,east,0,7,6
11360,CP-AP-r000:S-P07-S05:GS06:p0001,east,0,5,1
11361,CP-AP-r000:S-P07-S05:GS06:p0002,east,0,6,6
11362,CP-AP-r000:S-P07-S05:GS06:p0003,east,0,7,0
11363,CP-AP-r000:S-P07-S05:GS06:p0004,east,0,8,5
11364,CP-AP-r000:S-P07-S05:GS06:p0005,east,0,7,0
11365,CP-AP-r000:S-P07-S05:GS06:p0006,east,0,7,6
11366,CP-AP-r000:S-P07-S05:GS06:p0007,east,0,8,5
11367,CP-AP-r000:S-P07-S05:GS06:p0008,east,0,7,0
11368,CP-AP-r000:S-P07-S05:GS06:p0009,east,0,7,6
11369,CP-AP-r000:S-P07-S05:GS06:p0010,east,0,9,4
11370,CP-AP-r000:S-P07-S05:GS06:p0011,east,0,8,6
11371,CP-AP-r000:S-P07-S05:GS07:p0001,west,10,0,6
11372,CP-AP-r000:S-P07-S05:GS07:p0002,west,8,0,0
11373,CP-AP-r000:S-P07-S05:GS07:p0003,west,9,0,6
11374,CP-AP-r000:S-P07-S05:GS07:p0004,west,8,0,4
11375,CP-AP-r000:S-P07-S05:GS07:p0005,west,10,0,6
11376,CP-AP-r000:S-P07-S05:GS07:p0006,west,8,0,1
11377,CP-AP-r000:S-P07-S05:GS07:p0007,west,9,0,6
11378,CP-AP-r000:S-P07-S05:GS07:p0008,west,8,0,4
11379,CP-AP-r000:S-P07-S05:GS07:p0009,west,8,0,0
11380,CP-AP-r000:S-P07-S05:GS07:p0010,west,10,0,6
11381,CP-AP-r000:S-P07-S05:GS07:p0011,west,8,0,1
11382,CP-AP-r000:S-P07-S05:GS07:p0012,west,9,0,6
11383,CP-AP-r000:S-P07-S05:GS07:p0013,west,8,0,5
11384,CP-AP-r000:S-P07-S05:GS07:p0014,west,6,0,0
11385,CP-AP-r000:S-P07-S05:GS08:p0001,west,8,0,6
11386,CP-AP-r000:S-P07-S05:GS08:p0002,west,8,0,0
11387,CP-AP-r000:S-P07-S05:GS08:p0003,west,8,0,6
11388,CP-AP-r000:S-P07-S05:GS08:p0004,west,10,0,4
11389,CP-AP-r000:S-P07-S05:GS08:p0005,west,8,0,6
11390,CP-AP-r000:S-P07-S05:GS08:p0006,west,8,0,1
11391,CP-AP-r000:S-P07-S05:GS08:p0007,west,9,0,6
11392,CP-AP-r000:S-P07-S05:GS08:p0008,west,10,0,4
11393,CP-AP-r000:S-P07-S05:GS08:p0009,west,9,0,6
11394,CP-AP-r000:S-P07-S05:GS08:p0010,west,8,0,1
11395,CP-AP-r000:S-P07-S05:GS08:p0011,west,9,0,6
11396,CP-AP-r000:S-P07-S05:GS08:p0012,west,10,0,5
11397,CP-AP-r000:S-P07-S05:GS09:p0001,west,7,0,6
11398,CP-AP-r000:S-P07-S05:GS09:p0002,west,8,0,0
11399,CP-AP-r000:S-P07-S05:GS09:p0003,west,8,0,6
11400,CP-AP-r000:S-P07-S05:GS09:p0004,west,9,0,4
11401,CP-AP-r000:S-P07-S05:GS09:p0005,west,8,0,6
11402,CP-AP-r000:S-P07-S05:GS09:p0006,west,9,0,1
11403,CP-AP-r000:S-P07-S05:GS09:p0007,west,8,0,6
11404,CP-AP-r000:S-P07-S05:GS09:p0008,west,9,0,4
11405,CP-AP-r000:S-P07-S05:GS09:p0009,west,8,0,6
11406,CP-AP-r000:S-P07-S05:GS09:p0010,west,8,0,1
11407,CP-AP-r000:S-P07-S05:GS09:p0011,west,8,0,6
11408,CP-AP-r000:S-P07-S05:GS09:p0012,west,10,0,5
11409,CP-AP-r000:S-P07-S05:GS10:p0001,east,0,8,1
11410,CP-AP-r000:S-P07-S05:GS10:p0002,east,0,8,6
11411,CP-AP-r000:S-P07-S05:GS10:p0003,east,0,8,5
11412,CP-AP-r000:S-P07-S05:GS10:p0004,east,0,8,6
11413,CP-AP-r000:S-P07-S05:GS10:p0005,east,0,8,0
11414,CP-AP-r000:S-P07-S05:GS10:p0006,east,0,8,6
11415,CP-AP-r000:S-P07-S05:GS10:p0007,east,0,5,5
11416,CP-AP-r000:S-P07-S05:GS10:p0008,east,0,8,5
11417,CP-AP-r000:S-P07-S05:GS10:p0009,east,0,10,6
11418,CP-AP-r000:S-P07-S05:GS10:p0010,east,0,9,0
11419,CP-AP-r000:S-P07-S05:GS10:p0011,east,0,7,6
11420,CP-AP-r000:S-P07-S05:GS10:p0012,east,0,6,6
11421,CP-AP-r000:S-P07-S05:GS10:p0013,east,0,8,4
11422,CP-AP-r000:S-P07-S05:GS10:p0014,east,0,8,6
11423,CP-AP-r000:S-P07-S05:GS11:p0001,east,0,10,1
11424,CP-AP-r000:S-P07-S05:GS11:p0002,east,0,8,6
11425,CP-AP-r000:S-P07-S05:GS11:p0003,east,0,8,0
11426,CP-AP-r000:S-P07-S05:GS11:p0004,east,0,8,5
11427,CP-AP-r000:S-P07-S05:GS11:p0005,east,0,9,6
11428,CP-AP-r000:S-P07-S05:GS11:p0006,east,0,10,0
11429,CP-AP-r000:S-P07-S05:GS11:p0007,east,0,8,6
11430,CP-AP-r000:S-P07-S05:GS11:p0008,east,0,8,0
11431,CP-AP-r000:S-P07-S05:GS11:p0009,east,0,8,5
11432,CP-AP-r000:S-P07-S05:GS11:p0010,east,0,7,6
11433,CP-AP-r000:S-P07-S05:GS11:p0011,east,0,9,0
11434,CP-AP-r000:S-P07-S05:GS11:p0012,east,0,8,6
11435,CP-AP-r000:S-P07-S05:GS11:p0013,east,0,8,4
11436,CP-AP-r000:S-P07-S05:GS11:p0014,east,0,8,6
11437,CP-AP-r000:S-P07-S05:GS12:p0001,east,0,8,1
11438,CP-AP-r000:S-P07-S05:GS12:p0002,east,0,8,6
11439,CP-AP-r000:S-P07-S05:GS12:p0003,east,0,9,0
11440,CP-AP-r000:S-P07-S05:GS12:p0004,east,0,10,5
11441,CP-AP-r000:S-P07-S05:GS12:p0005,east,0,8,0
11442,CP-AP-r000:S-P07-S05:GS12:p0006,east,0,8,6
11443,CP-AP-r000:S-P07-S05:GS12:p0007,east,0,9,0
11444,CP-AP-r000:S-P07-S05:GS12:p0008,east,0,10,5
11445,CP-AP-r000:S-P07-S05:GS12:p0009,east,0,10,0
11446,CP-AP-r000:S-P07-S05:GS12:p0010,east,0,8,6
11447,CP-AP-r000:S-P07-S05:GS12:p0011,east,0,9,0
11448,CP-AP-r000:S-P07-S05:GS12:p0012,east,0,8,4
11449,CP-AP-r000:S-P07-S06:GS01:p0001,west,6,0,6
11450,CP-AP-r000:S-P07-S06:GS01:p0002,west,6,0,0
11451,CP-AP-r000:S-P07-S06:GS01:p0003,west,9,0,4
11452,CP-AP-r000:S-P07-S06:GS01:p0004,west,7,0,0
11453,CP-AP-r000:S-P07-S06:GS01:p0005,west,6,0,6
11454,CP-AP-r000:S-P07-S06:GS01:p0006,west,6,0,1
11455,CP-AP-r000:S-P07-S06:GS01:p0007,west,8,0,4
11456,CP-AP-r000:S-P07-S06:GS01:p0008,west,5,0,0
11457,CP-AP-r000:S-P07-S06:GS01:p0009,west,6,0,6
11458,CP-AP-r000:S-P07-S06:GS01:p0010,west,6,0,1
11459,CP-AP-r000:S-P07-S06:GS01:p0011,west,8,0,5
11460,CP-AP-r000:S-P07-S06:GS01:p0012,west,6,0,0
11461,CP-AP-r000:S-P07-S06:GS02:p0001,west,5,0,6
11462,CP-AP-r000:S-P07-S06:GS02:p0002,west,7,0,0
11463,CP-AP-r000:S-P07-S06:GS02:p0003,west,7,0,6
11464,CP-AP-r000:S-P07-S06:GS02:p0004,west,8,0,4
11465,CP-AP-r000:S-P07-S06:GS02:p0005,west,6,0,6
11466,CP-AP-r000:S-P07-S06:GS02:p0006,west,6,0,1
11467,CP-AP-r000:S-P07-S06:GS02:p0007,west,8,0,4
11468,CP-AP-r000:S-P07-S06:GS02:p0008,west,6,0,6
11469,CP-AP-r000:S-P07-S06:GS02:p0009,west,6,0,1
11470,CP-AP-r000:S-P07-S06:GS02:p0010,west,8,0,5
11471,CP-AP-r000:S-P07-S06:GS02:p0011,west,7,0,0
11472,CP-AP-r000:S-P07-S06:GS03:p0001,west,7,0,6
11473,CP-AP-r000:S-P07-S06:GS03:p0002,west,6,0,6
11474,CP-AP-r000:S-P07-S06:GS03:p0003,west,8,0,6
11475,CP-AP-r000:S-P07-S06:GS03:p0004,west,6,0,4
11476,CP-AP-r000:S-P07-S06:GS03:p0005,west,6,0,6
11477,CP-AP-r000:S-P07-S06:GS03:p0006,west,8,0,6
11478,CP-AP-r000:S-P07-S06:GS03:p0007,west,6,0,4
11479,CP-AP-r000:S-P07-S06:GS03:p0008,west,6,0,6
11480,CP-AP-r000:S-P07-S06:GS03:p0009,west,7,0,1
11481,CP-AP-r000:S-P07-S06:GS03:p0010,west,7,0,6
11482,CP-AP-r000:S-P07-S06:GS03:p0011,west,9,0,5
11483,CP-AP-r000:S-P07-S06:GS04:p0001,east,0,7,1
11484,CP-AP-r000:S-P07-S06:GS04:p0002,east,0,6,6
11485,CP-AP-r000:S-P07-S06:GS04:p0003,east,0,8,5
11486,CP-AP-r000:S-P07-S06:GS04:p0004,east,0,6,6
11487,CP-AP-r000:S-P07-S06:GS04:p0005,east,0,8,0
11488,CP-AP-r000:S-P07-S06:GS04:p0006,east,0,6,6
11489,CP-AP-r000:S-P07-S06:GS04:p0007,east,0,8,4
11490,CP-AP-r000:S-P07-S06:GS04:p0008,east,0,6,6
11491,CP-AP-r000:S-P07-S06:GS04:p0009,east,0,6,0
11492,CP-AP-r000:S-P07-S06:GS04:p0010,east,0,4,6
11493,CP-AP-r000:S-P07-S06:GS04:p0011,east,0,8,3
11494,CP-AP-r000:S-P07-S06:GS04:p0012,east,0,6,6
11495,CP-AP-r000:S-P07-S06:GS05:p0001,east,0,6,1
11496,CP-AP-r000:S-P07-S06:GS05:p0002,east,0,6,6
11497,CP-AP-r000:S-P07-S06:GS05:p0003,east,0,10,5
11498,CP-AP-r000:S-P07-S06:GS05:p0004,east,0,6,6
11499,CP-AP-r000:S-P07-S06:GS05:p0005,east,0,6,0
11500,CP-AP-r000:S-P07-S06:GS05:p0006,east,0,6,6
11501,CP-AP-r000:S-P07-S06:GS05:p0007,east,0,8,4
11502,CP-AP-r000:S-P07-S06:GS05:p0008,east,0,6,6
11503,CP-AP-r000:S-P07-S06:GS05:p0009,east,0,6,0
11504,CP-AP-r000:S-P07-S06:GS05:p0010,east,0,6,6
11505,CP-AP-r000:S-P07-S06:GS05:p0011,east,0,8,3
11506,CP-AP-r000:S-P07-S06:GS05:p0012,east,0,6,6
11507,CP-AP-r000:S-P07-S06:GS06:p0001,east,0,4,1
11508,CP-AP-r000:S-P07-S06:GS06:p0002,east,0,6,6
11509,CP-AP-r000:S-P07-S06:GS06:p0003,east,0,7,0
11510,CP-AP-r000:S-P07-S06:GS06:p0004,east,0,8,5
11511,CP-AP-r000:S-P07-S06:GS06:p0005,east,0,6,0
11512,CP-AP-r000:S-P07-S06:GS06:p0006,east,0,6,6
11513,CP-AP-r000:S-P07-S06:GS06:p0007,east,0,8,4
11514,CP-AP-r000:S-P07-S06:GS06:p0008,east,0,6,0
11515,CP-AP-r000:S-P07-S06:GS06:p0009,east,0,6,6
11516,CP-AP-r000:S-P07-S06:GS06:p0010,east,0,9,3
11517,CP-AP-r000:S-P07-S06:GS06:p0011,east,0,7,6
11518,CP-AP-r000:S-P07-S06:GS07:p0001,west,9,0,6
11519,CP-AP-r000:S-P07-S06:GS07:p0002,west,7,0,0
11520,CP-AP-r000:S-P07-S06:GS07:p0003,west,10,0,6
11521,CP-AP-r000:S-P07-S06:GS07:p0004,west,8,0,4
11522,CP-AP-r000:S-P07-S06:GS07:p0005,west,10,0,6
11523,CP-AP-r000:S-P07-S06:GS07:p0006,west,7,0,1
11524,CP-AP-r000:S-P07-S06:GS07:p0007,west,10,0,6
11525,CP-AP-r000:S-P07-S06:GS07:p0008,west,8,0,4
11526,CP-AP-r000:S-P07-S06:GS07:p0009,west,6,0,0
11527,CP-AP-r000:S-P07-S06:GS07:p0010,west,10,0,6
11528,CP-AP-r000:S-P07-S06:GS07:p0011,west,8,0,1
11529,CP-AP-r000:S-P07-S06:GS07:p0012,west,8,0,5
11530,CP-AP-r000:S-P07-S06:GS07:p0013,west,7,0,0
11531,CP-AP-r000:S-P07-S06:GS08:p0001,west,7,0,6
11532,CP-AP-r000:S-P07-S06:GS08:p0002,west,7,0,0
11533,CP-AP-r000:S-P07-S06:GS08:p0003,west,9,0,6
11534,CP-AP-r000:S-P07-S06:GS08:p0004,west,10,0,4
11535,CP-AP-r000:S-P07-S06:GS08:p0005,west,7,0,6
11536,CP-AP-r000:S-P07-S06:GS08:p0006,west,7,0,1
11537,CP-AP-r000:S-P07-S06:GS08:p0007,west,10,0,6
11538,CP-AP-r000:S-P07-S06:GS08:p0008,west,10,0,4
11539,CP-AP-r000:S-P07-S06:GS08:p0009,west,8,0,6
11540,CP-AP-r000:S-P07-S06:GS08:p0010,west,7,0,1
11541,CP-AP-r000:S-P07-S06:GS08:p0011,west,10,0,6
11542,CP-AP-r000:S-P07-S06:GS08:p0012,west,9,0,5
11543,CP-AP-r000:S-P07-S06:GS09:p0001,west,7,0,6
11544,CP-AP-r000:S-P07-S06:GS09:p0002,west,8,0,0
11545,CP-AP-r000:S-P07-S06:GS09:p0003,west,8,0,6
11546,CP-AP-r000:S-P07-S06:GS09:p0004,west,8,0,4
11547,CP-AP-r000:S-P07-S06:GS09:p0005,west,8,0,6
11548,CP-AP-r000:S-P07-S06:GS09:p0006,west,9,0,1
11549,CP-AP-r000:S-P07-S06:GS09:p0007,west,8,0,6
11550,CP-AP-r000:S-P07-S06:GS09:p0008,west,8,0,4
11551,CP-AP-r000:S-P07-S06:GS09:p0009,west,8,0,6
11552,CP-AP-r000:S-P07-S06:GS09:p0010,west,7,0,1
11553,CP-AP-r000:S-P07-S06:GS09:p0011,west,8,0,6
11554,CP-AP-r000:S-P07-S06:GS09:p0012,west,10,0,5
11555,CP-AP-r000:S-P07-S06:GS10:p0001,east,0,9,1
11556,CP-AP-r000:S-P07-S06:GS10:p0002,east,0,8,6
11557,CP-AP-r000:S-P07-S06:GS10:p0003,east,0,8,5
11558,CP-AP-r000:S-P07-S06:GS10:p0004,east,0,9,6
11559,CP-AP-r000:S-P07-S06:GS10:p0005,east,0,10,0
11560,CP-AP-r000:S-P07-S06:GS10:p0006,east,0,8,6
11561,CP-AP-r000:S-P07-S06:GS10:p0007,east,0,5,5
11562,CP-AP-r000:S-P07-S06:GS10:p0008,east,0,8,4
11563,CP-AP-r000:S-P07-S06:GS10:p0009,east,0,10,6
11564,CP-AP-r000:S-P07-S06:GS10:p0010,east,0,7,6
11565,CP-AP-r000:S-P07-S06:GS10:p0011,east,0,6,6
11566,CP-AP-r000:S-P07-S06:GS10:p0012,east,0,8,3
11567,CP-AP-r000:S-P07-S06:GS10:p0013,east,0,8,6
11568,CP-AP-r000:S-P07-S06:GS11:p0001,east,0,11,1
11569,CP-AP-r000:S-P07-S06:GS11:p0002,east,0,7,6
11570,CP-AP-r000:S-P07-S06:GS11:p0003,east,0,9,0
11571,CP-AP-r000:S-P07-S06:GS11:p0004,east,0,8,5
11572,CP-AP-r000:S-P07-S06:GS11:p0005,east,0,7,6
11573,CP-AP-r000:S-P07-S06:GS11:p0006,east,0,10,0
11574,CP-AP-r000:S-P07-S06:GS11:p0007,east,0,8,6
11575,CP-AP-r000:S-P07-S06:GS11:p0008,east,0,10,0
11576,CP-AP-r000:S-P07-S06:GS11:p0009,east,0,8,4
11577,CP-AP-r000:S-P07-S06:GS11:p0010,east,0,6,6
11578,CP-AP-r000:S-P07-S06:GS11:p0011,east,0,10,0
11579,CP-AP-r000:S-P07-S06:GS11:p0012,east,0,8,6
11580,CP-AP-r000:S-P07-S06:GS11:p0013,east,0,8,3
11581,CP-AP-r000:S-P07-S06:GS11:p0014,east,0,9,6
11582,CP-AP-r000:S-P07-S06:GS12:p0001,east,0,7,1
11583,CP-AP-r000:S-P07-S06:GS12:p0002,east,0,7,6
11584,CP-AP-r000:S-P07-S06:GS12:p0003,east,0,10,0
11585,CP-AP-r000:S-P07-S06:GS12:p0004,east,0,10,5
11586,CP-AP-r000:S-P07-S06:GS12:p0005,east,0,7,0
11587,CP-AP-r000:S-P07-S06:GS12:p0006,east,0,7,6
11588,CP-AP-r000:S-P07-S06:GS12:p0007,east,0,10,0
11589,CP-AP-r000:S-P07-S06:GS12:p0008,east,0,10,4
11590,CP-AP-r000:S-P07-S06:GS12:p0009,east,0,9,0
11591,CP-AP-r000:S-P07-S06:GS12:p0010,east,0,7,6
11592,CP-AP-r000:S-P07-S06:GS12:p0011,east,0,10,0
11593,CP-AP-r000:S-P07-S06:GS12:p0012,east,0,8,3
11594,CP-AP-r000:S-P07-S07:GS01:p0002,west,7,0,6
11595,CP-AP-r000:S-P07-S07:GS01:p0003,west,7,0,1
11596,CP-AP-r000:S-P07-S07:GS01:p0004,west,8,0,5
11597,CP-AP-r000:S-P07-S07:GS01:p0005,west,7,0,0
11598,CP-AP-r000:S-P07-S07:GS01:p0006,west,7,0,6
11599,CP-AP-r000:S-P07-S07:GS01:p0007,west,7,0,1
11600,CP-AP-r000:S-P07-S07:GS01:p0008,west,8,0,6
11601,CP-AP-r000:S-P07-S07:GS01:p0009,west,7,0,0
11602,CP-AP-r000:S-P07-S07:GS01:p0010,west,8,0,6
11603,CP-AP-r000:S-P07-S07:GS01:p0011,west,6,0,2
11604,CP-AP-r000:S-P07-S07:GS01:p0012,west,8,0,6
11605,CP-AP-r000:S-P07-S07:GS01:p0013,west,7,0,0
11606,CP-AP-r000:S-P07-S07:GS02:p0001,west,7,0,6
11607,CP-AP-r000:S-P07-S07:GS02:p0002,west,7,0,1
11608,CP-AP-r000:S-P07-S07:GS02:p0003,west,8,0,5
11609,CP-AP-r000:S-P07-S07:GS02:p0004,west,7,0,6
11610,CP-AP-r000:S-P07-S07:GS02:p0005,west,7,0,1
11611,CP-AP-r000:S-P07-S07:GS02:p0006,west,10,0,6
11612,CP-AP-r000:S-P07-S07:GS02:p0007,west,8,0,0
11613,CP-AP-r000:S-P07-S07:GS02:p0008,west,7,0,6
11614,CP-AP-r000:S-P07-S07:GS02:p0009,west,7,0,2
11615,CP-AP-r000:S-P07-S07:GS02:p0010,west,8,0,6
11616,CP-AP-r000:S-P07-S07:GS02:p0011,west,6,0,0
11617,CP-AP-r000:S-P07-S07:GS03:p0001,west,7,0,6
11618,CP-AP-r000:S-P07-S07:GS03:p0002,west,5,0,1
11619,CP-AP-r000:S-P07-S07:GS03:p0003,west,7,0,6
11620,CP-AP-r000:S-P07-S07:GS03:p0004,west,10,0,5
11621,CP-AP-r000:S-P07-S07:GS03:p0005,west,6,0,6
11622,CP-AP-r000:S-P07-S07:GS03:p0006,west,6,0,1
11623,CP-AP-r000:S-P07-S07:GS03:p0007,west,7,0,6
11624,CP-AP-r000:S-P07-S07:GS03:p0008,west,8,0,6
11625,CP-AP-r000:S-P07-S07:GS03:p0009,west,7,0,6
11626,CP-AP-r000:S-P07-S07:GS03:p0010,west,7,0,2
11627,CP-AP-r000:S-P07-S07:GS03:p0011,west,8,0,6
11628,CP-AP-r000:S-P07-S07:GS04:p0001,east,0,6,0
11629,CP-AP-r000:S-P07-S07:GS04:p0002,east,0,5,6
11630,CP-AP-r000:S-P07-S07:GS04:p0003,east,0,8,4
11631,CP-AP-r000:S-P07-S07:GS04:p0004,east,0,7,6
11632,CP-AP-r000:S-P07-S07:GS04:p0005,east,0,7,0
11633,CP-AP-r000:S-P07-S07:GS04:p0006,east,0,7,6
11634,CP-AP-r000:S-P07-S07:GS04:p0007,east,0,8,3
11635,CP-AP-r000:S-P07-S07:GS04:p0008,east,0,7,6
11636,CP-AP-r000:S-P07-S07:GS04:p0009,east,0,7,6
11637,CP-AP-r000:S-P07-S07:GS04:p0010,east,0,8,2
11638,CP-AP-r000:S-P07-S07:GS04:p0011,east,0,7,6
11639,CP-AP-r000:S-P07-S07:GS05:p0001,east,0,7,0
11640,CP-AP-r000:S-P07-S07:GS05:p0002,east,0,7,6
11641,CP-AP-r000:S-P07-S07:GS05:p0003,east,0,8,4
11642,CP-AP-r000:S-P07-S07:GS05:p0004,east,0,7,6
11643,CP-AP-r000:S-P07-S07:GS05:p0005,east,0,8,0
11644,CP-AP-r000:S-P07-S07:GS05:p0006,east,0,6,6
11645,CP-AP-r000:S-P07-S07:GS05:p0007,east,0,8,3
11646,CP-AP-r000:S-P07-S07:GS05:p0008,east,0,7,6
11647,CP-AP-r000:S-P07-S07:GS05:p0009,east,0,7,0
11648,CP-AP-r000:S-P07-S07:GS05:p0010,east,0,6,6
11649,CP-AP-r000:S-P07-S07:GS05:p0011,east,0,8,2
11650,CP-AP-r000:S-P07-S07:GS05:p0012,east,0,7,6
11651,CP-AP-r000:S-P07-S07:GS06:p0001,east,0,7,0
11652,CP-AP-r000:S-P07-S07:GS06:p0002,east,0,7,6
11653,CP-AP-r000:S-P07-S07:GS06:p0003,east,0,8,4
11654,CP-AP-r000:S-P07-S07:GS06:p0004,east,0,8,6
11655,CP-AP-r000:S-P07-S07:GS06:p0005,east,0,7,0
11656,CP-AP-r000:S-P07-S07:GS06:p0006,east,0,7,6
11657,CP-AP-r000:S-P07-S07:GS06:p0007,east,0,9,3
11658,CP-AP-r000:S-P07-S07:GS06:p0008,east,0,7,6
11659,CP-AP-r000:S-P07-S07:GS06:p0009,east,0,7,0
11660,CP-AP-r000:S-P07-S07:GS06:p0010,east,0,7,6
11661,CP-AP-r000:S-P07-S07:GS06:p0011,east,0,8,2
11662,CP-AP-r000:S-P07-S07:GS06:p0012,east,0,7,6
11663,CP-AP-r000:S-P07-S07:GS07:p0002,west,10,0,6
11664,CP-AP-r000:S-P07-S07:GS07:p0003,west,8,0,1
11665,CP-AP-r000:S-P07-S07:GS07:p0004,west,9,0,6
11666,CP-AP-r000:S-P07-S07:GS07:p0005,west,8,0,5
11667,CP-AP-r000:S-P07-S07:GS07:p0006,west,7,0,0
11668,CP-AP-r000:S-P07-S07:GS07:p0007,west,9,0,6
11669,CP-AP-r000:S-P07-S07:GS07:p0008,west,8,0,1
11670,CP-AP-r000:S-P07-S07:GS07:p0009,west,8,0,6
11671,CP-AP-r000:S-P07-S07:GS07:p0010,west,8,0,0
11672,CP-AP-r000:S-P07-S07:GS07:p0011,west,8,0,6
11673,CP-AP-r000:S-P07-S07:GS07:p0012,west,8,0,2
11674,CP-AP-r000:S-P07-S07:GS07:p0013,west,6,0,0
11675,CP-AP-r000:S-P07-S07:GS07:p0014,west,8,0,6
11676,CP-AP-r000:S-P07-S07:GS07:p0015,west,9,0,0
11677,CP-AP-r000:S-P07-S07:GS08:p0001,west,8,0,6
11678,CP-AP-r000:S-P07-S07:GS08:p0002,west,8,0,1
11679,CP-AP-r000:S-P07-S07:GS08:p0003,west,9,0,6
11680,CP-AP-r000:S-P07-S07:GS08:p0004,west,10,0,5
11681,CP-AP-r000:S-P07-S07:GS08:p0005,west,10,0,6
11682,CP-AP-r000:S-P07-S07:GS08:p0006,west,8,0,1
11683,CP-AP-r000:S-P07-S07:GS08:p0007,west,8,0,6
11684,CP-AP-r000:S-P07-S07:GS08:p0008,west,8,0,6
11685,CP-AP-r000:S-P07-S07:GS08:p0009,west,10,0,6
11686,CP-AP-r000:S-P07-S07:GS08:p0010,west,8,0,2
11687,CP-AP-r000:S-P07-S07:GS08:p0011,west,8,0,6
11688,CP-AP-r000:S-P07-S07:GS08:p0012,west,8,0,6
11689,CP-AP-r000:S-P07-S07:GS08:p0013,west,7,0,0
11690,CP-AP-r000:S-P07-S07:GS09:p0001,west,8,0,6
11691,CP-AP-r000:S-P07-S07:GS09:p0002,west,9,0,1
11692,CP-AP-r000:S-P07-S07:GS09:p0003,west,8,0,6
11693,CP-AP-r000:S-P07-S07:GS09:p0004,west,10,0,5
11694,CP-AP-r000:S-P07-S07:GS09:p0005,west,8,0,6
11695,CP-AP-r000:S-P07-S07:GS09:p0006,west,8,0,1
11696,CP-AP-r000:S-P07-S07:GS09:p0007,west,8,0,6
11697,CP-AP-r000:S-P07-S07:GS09:p0008,west,10,0,6
11698,CP-AP-r000:S-P07-S07:GS09:p0009,west,8,0,6
11699,CP-AP-r000:S-P07-S07:GS09:p0010,west,8,0,2
11700,CP-AP-r000:S-P07-S07:GS09:p0011,west,9,0,6
11701,CP-AP-r000:S-P07-S07:GS09:p0012,west,10,0,6
11702,CP-AP-r000:S-P07-S07:GS10:p0001,east,0,8,0
11703,CP-AP-r000:S-P07-S07:GS10:p0002,east,0,7,6
11704,CP-AP-r000:S-P07-S07:GS10:p0003,east,0,6,6
11705,CP-AP-r000:S-P07-S07:GS10:p0004,east,0,8,4
11706,CP-AP-r000:S-P07-S07:GS10:p0005,east,0,8,6
11707,CP-AP-r000:S-P07-S07:GS10:p0006,east,0,7,6
11708,CP-AP-r000:S-P07-S07:GS10:p0007,east,0,8,6
11709,CP-AP-r000:S-P07-S07:GS10:p0008,east,0,8,3
11710,CP-AP-r000:S-P07-S07:GS10:p0009,east,0,9,6
11711,CP-AP-r000:S-P07-S07:GS10:p0010,east,0,9,6
11712,CP-AP-r000:S-P07-S07:GS10:p0011,east,0,9,6
11713,CP-AP-r000:S-P07-S07:GS10:p0012,east,0,8,2
11714,CP-AP-r000:S-P07-S07:GS10:p0013,east,0,9,6
11715,CP-AP-r000:S-P07-S07:GS11:p0001,east,0,9,0
11716,CP-AP-r000:S-P07-S07:GS11:p0002,east,0,8,6
11717,CP-AP-r000:S-P07-S07:GS11:p0003,east,0,8,4
11718,CP-AP-r000:S-P07-S07:GS11:p0004,east,0,8,6
11719,CP-AP-r000:S-P07-S07:GS11:p0005,east,0,7,0
11720,CP-AP-r000:S-P07-S07:GS11:p0006,east,0,8,6
11721,CP-AP-r000:S-P07-S07:GS11:p0007,east,0,8,3
11722,CP-AP-r000:S-P07-S07:GS11:p0008,east,0,8,6
11723,CP-AP-r000:S-P07-S07:GS11:p0009,east,0,7,0
11724,CP-AP-r000:S-P07-S07:GS11:p0010,east,0,7,6
11725,CP-AP-r000:S-P07-S07:GS11:p0011,east,0,5,6
11726,CP-AP-r000:S-P07-S07:GS11:p0012,east,0,8,2
11727,CP-AP-r000:S-P07-S07:GS11:p0013,east,0,10,6
11728,CP-AP-r000:S-P07-S07:GS12:p0001,east,0,10,0
11729,CP-AP-r000:S-P07-S07:GS12:p0002,east,0,8,6
11730,CP-AP-r000:S-P07-S07:GS12:p0003,east,0,9,0
11731,CP-AP-r000:S-P07-S07:GS12:p0004,east,0,8,4
11732,CP-AP-r000:S-P07-S07:GS12:p0005,east,0,10,0
11733,CP-AP-r000:S-P07-S07:GS12:p0006,east,0,8,6
11734,CP-AP-r000:S-P07-S07:GS12:p0007,east,0,9,0
11735,CP-AP-r000:S-P07-S07:GS12:p0008,east,0,8,3
11736,CP-AP-r000:S-P07-S07:GS12:p0009,east,0,8,6
11737,CP-AP-r000:S-P07-S07:GS12:p0010,east,0,10,0
11738,CP-AP-r000:S-P07-S07:GS12:p0011,east,0,8,6
11739,CP-AP-r000:S-P07-S07:GS12:p0012,east,0,9,0
11740,CP-AP-r000:S-P07-S07:GS12:p0013,east,0,8,2
11741,CP-AP-r000:S-P07-S07:GS12:p0014,east,0,7,6
11742,CP-AP-r000:S-P07-S08:GS01:p0002,west,6,0,6
11743,CP-AP-r000:S-P07-S08:GS01:p0003,west,6,0,1
11744,CP-AP-r000:S-P07-S08:GS01:p0004,west,8,0,5
11745,CP-AP-r000:S-P07-S08:GS01:p0005,west,6,0,0
11746,CP-AP-r000:S-P07-S08:GS01:p0006,west,6,0,6
11747,CP-AP-r000:S-P07-S08:GS01:p0007,west,6,0,1
11748,CP-AP-r000:S-P07-S08:GS01:p0008,west,8,0,6
11749,CP-AP-r000:S-P07-S08:GS01:p0009,west,6,0,0
11750,CP-AP-r000:S-P07-S08:GS01:p0010,west,7,0,6
11751,CP-AP-r000:S-P07-S08:GS01:p0011,west,6,0,2
11752,CP-AP-r000:S-P07-S08:GS01:p0012,west,8,0,6
11753,CP-AP-r000:S-P07-S08:GS01:p0013,west,6,0,0
11754,CP-AP-r000:S-P07-S08:GS02:p0001,west,6,0,6
11755,CP-AP-r000:S-P07-S08:GS02:p0002,west,6,0,1
11756,CP-AP-r000:S-P07-S08:GS02:p0003,west,8,0,5
11757,CP-AP-r000:S-P07-S08:GS02:p0004,west,7,0,0
11758,CP-AP-r000:S-P07-S08:GS02:p0005,west,6,0,6
11759,CP-AP-r000:S-P07-S08:GS02:p0006,west,6,0,1
11760,CP-AP-r000:S-P07-S08:GS02:p0007,west,10,0,6
11761,CP-AP-r000:S-P07-S08:GS02:p0008,west,6,0,0
11762,CP-AP-r000:S-P07-S08:GS02:p0009,west,6,0,6
11763,CP-AP-r000:S-P07-S08:GS02:p0010,west,6,0,2
11764,CP-AP-r000:S-P07-S08:GS02:p0011,west,8,0,6
11765,CP-AP-r000:S-P07-S08:GS02:p0012,west,5,0,0
11766,CP-AP-r000:S-P07-S08:GS03:p0001,west,6,0,6
11767,CP-AP-r000:S-P07-S08:GS03:p0002,west,7,0,1
11768,CP-AP-r000:S-P07-S08:GS03:p0003,west,8,0,6
11769,CP-AP-r000:S-P07-S08:GS03:p0004,west,9,0,5
11770,CP-AP-r000:S-P07-S08:GS03:p0005,west,4,0,6
11771,CP-AP-r000:S-P07-S08:GS03:p0006,west,7,0,1
11772,CP-AP-r000:S-P07-S08:GS03:p0007,west,7,0,6
11773,CP-AP-r000:S-P07-S08:GS03:p0008,west,8,0,6
11774,CP-AP-r000:S-P07-S08:GS03:p0009,west,6,0,6
11775,CP-AP-r000:S-P07-S08:GS03:p0010,west,6,0,2
11776,CP-AP-r000:S-P07-S08:GS03:p0011,west,8,0,6
11777,CP-AP-r000:S-P07-S08:GS04:p0001,east,0,6,0
11778,CP-AP-r000:S-P07-S08:GS04:p0002,east,0,4,6
11779,CP-AP-r000:S-P07-S08:GS04:p0003,east,0,8,4
11780,CP-AP-r000:S-P07-S08:GS04:p0004,east,0,6,6
11781,CP-AP-r000:S-P07-S08:GS04:p0005,east,0,7,0
11782,CP-AP-r000:S-P07-S08:GS04:p0006,east,0,6,6
11783,CP-AP-r000:S-P07-S08:GS04:p0007,east,0,8,3
11784,CP-AP-r000:S-P07-S08:GS04:p0008,east,0,6,6
11785,CP-AP-r000:S-P07-S08:GS04:p0009,east,0,6,6
11786,CP-AP-r000:S-P07-S08:GS04:p0010,east,0,9,2
11787,CP-AP-r000:S-P07-S08:GS04:p0011,east,0,6,6
11788,CP-AP-r000:S-P07-S08:GS05:p0001,east,0,6,0
11789,CP-AP-r000:S-P07-S08:GS05:p0002,east,0,6,6
11790,CP-AP-r000:S-P07-S08:GS05:p0003,east,0,8,4
11791,CP-AP-r000:S-P07-S08:GS05:p0004,east,0,6,6
11792,CP-AP-r000:S-P07-S08:GS05:p0005,east,0,7,0
11793,CP-AP-r000:S-P07-S08:GS05:p0006,east,0,6,6
11794,CP-AP-r000:S-P07-S08:GS05:p0007,east,0,8,3
11795,CP-AP-r000:S-P07-S08:GS05:p0008,east,0,6,6
11796,CP-AP-r000:S-P07-S08:GS05:p0009,east,0,7,0
11797,CP-AP-r000:S-P07-S08:GS05:p0010,east,0,5,6
11798,CP-AP-r000:S-P07-S08:GS05:p0011,east,0,8,2
11799,CP-AP-r000:S-P07-S08:GS05:p0012,east,0,6,6
11800,CP-AP-r000:S-P07-S08:GS06:p0001,east,0,6,0
11801,CP-AP-r000:S-P07-S08:GS06:p0002,east,0,6,6
11802,CP-AP-r000:S-P07-S08:GS06:p0003,east,0,8,4
11803,CP-AP-r000:S-P07-S08:GS06:p0004,east,0,7,6
11804,CP-AP-r000:S-P07-S08:GS06:p0005,east,0,6,0
11805,CP-AP-r000:S-P07-S08:GS06:p0006,east,0,6,6
11806,CP-AP-r000:S-P07-S08:GS06:p0007,east,0,9,3
11807,CP-AP-r000:S-P07-S08:GS06:p0008,east,0,6,6
11808,CP-AP-r000:S-P07-S08:GS06:p0009,east,0,6,0
11809,CP-AP-r000:S-P07-S08:GS06:p0010,east,0,6,6
11810,CP-AP-r000:S-P07-S08:GS06:p0011,east,0,8,2
11811,CP-AP-r000:S-P07-S08:GS06:p0012,east,0,6,6
11812,CP-AP-r000:S-P07-S08:GS07:p0002,west,10,0,6
11813,CP-AP-r000:S-P07-S08:GS07:p0003,west,8,0,1
11814,CP-AP-r000:S-P07-S08:GS07:p0004,west,10,0,6
11815,CP-AP-r000:S-P07-S08:GS07:p0005,west,8,0,5
11816,CP-AP-r000:S-P07-S08:GS07:p0006,west,6,0,0
11817,CP-AP-r000:S-P07-S08:GS07:p0007,west,10,0,6
11818,CP-AP-r000:S-P07-S08:GS07:p0008,west,8,0,1
11819,CP-AP-r000:S-P07-S08:GS07:p0009,west,8,0,6
11820,CP-AP-r000:S-P07-S08:GS07:p0010,west,9,0,0
11821,CP-AP-r000:S-P07-S08:GS07:p0011,west,9,0,6
11822,CP-AP-r000:S-P07-S08:GS07:p0012,west,8,0,2
11823,CP-AP-r000:S-P07-S08:GS07:p0013,west,7,0,0
11824,CP-AP-r000:S-P07-S08:GS07:p0014,west,8,0,6
11825,CP-AP-r000:S-P07-S08:GS07:p0015,west,9,0,0
11826,CP-AP-r000:S-P07-S08:GS08:p0001,west,7,0,6
11827,CP-AP-r000:S-P07-S08:GS08:p0002,west,7,0,1
11828,CP-AP-r000:S-P07-S08:GS08:p0003,west,10,0,6
11829,CP-AP-r000:S-P07-S08:GS08:p0004,west,9,0,5
11830,CP-AP-r000:S-P07-S08:GS08:p0005,west,9,0,6
11831,CP-AP-r000:S-P07-S08:GS08:p0006,west,7,0,1
11832,CP-AP-r000:S-P07-S08:GS08:p0007,west,9,0,6
11833,CP-AP-r000:S-P07-S08:GS08:p0008,west,8,0,6
11834,CP-AP-r000:S-P07-S08:GS08:p0009,west,10,0,6
11835,CP-AP-r000:S-P07-S08:GS08:p0010,west,7,0,2
11836,CP-AP-r000:S-P07-S08:GS08:p0011,west,10,0,6
11837,CP-AP-r000:S-P07-S08:GS08:p0012,west,8,0,6
11838,CP-AP-r000:S-P07-S08:GS08:p0013,west,6,0,0
11839,CP-AP-r000:S-P07-S08:GS09:p0001,west,8,0,6
11840,CP-AP-r000:S-P07-S08:GS09:p0002,west,8,0,1
11841,CP-AP-r000:S-P07-S08:GS09:p0003,west,8,0,6
11842,CP-AP-r000:S-P07-S08:GS09:p0004,west,10,0,5
11843,CP-AP-r000:S-P07-S08:GS09:p0005,west,7,0,6
11844,CP-AP-r000:S-P07-S08:GS09:p0006,west,7,0,1
11845,CP-AP-r000:S-P07-S08:GS09:p0007,west,9,0,6
11846,CP-AP-r000:S-P07-S08:GS09:p0008,west,10,0,6
11847,CP-AP-r000:S-P07-S08:GS09:p0009,west,7,0,6
11848,CP-AP-r000:S-P07-S08:GS09:p0010,west,7,0,2
11849,CP-AP-r000:S-P07-S08:GS09:p0011,west,10,0,6
11850,CP-AP-r000:S-P07-S08:GS09:p0012,west,10,0,6
11851,CP-AP-r000:S-P07-S08:GS10:p0001,east,0,7,6
11852,CP-AP-r000:S-P07-S08:GS10:p0002,east,0,6,6
11853,CP-AP-r000:S-P07-S08:GS10:p0003,east,0,8,4
11854,CP-AP-r000:S-P07-S08:GS10:p0004,east,0,8,6
11855,CP-AP-r000:S-P07-S08:GS10:p0005,east,0,7,6
11856,CP-AP-r000:S-P07-S08:GS10:p0006,east,0,9,6
11857,CP-AP-r000:S-P07-S08:GS10:p0007,east,0,8,3
11858,CP-AP-r000:S-P07-S08:GS10:p0008,east,0,8,6
11859,CP-AP-r000:S-P07-S08:GS10:p0009,east,0,8,6
11860,CP-AP-r000:S-P07-S08:GS10:p0010,east,0,9,6
11861,CP-AP-r000:S-P07-S08:GS10:p0011,east,0,8,2
11862,CP-AP-r000:S-P07-S08:GS10:p0012,east,0,8,6
11863,CP-AP-r000:S-P07-S08:GS11:p0001,east,0,10,0
11864,CP-AP-r000:S-P07-S08:GS11:p0002,east,0,8,6
11865,CP-AP-r000:S-P07-S08:GS11:p0003,east,0,8,4
11866,CP-AP-r000:S-P07-S08:GS11:p0004,east,0,9,6
11867,CP-AP-r000:S-P07-S08:GS11:p0005,east,0,8,0
11868,CP-AP-r000:S-P07-S08:GS11:p0006,east,0,8,6
11869,CP-AP-r000:S-P07-S08:GS11:p0007,east,0,8,3
11870,CP-AP-r000:S-P07-S08:GS11:p0008,east,0,9,6
11871,CP-AP-r000:S-P07-S08:GS11:p0009,east,0,9,0
11872,CP-AP-r000:S-P07-S08:GS11:p0010,east,0,8,6
11873,CP-AP-r000:S-P07-S08:GS11:p0011,east,0,6,6
11874,CP-AP-r000:S-P07-S08:GS11:p0012,east,0,8,2
11875,CP-AP-r000:S-P07-S08:GS11:p0013,east,0,10,6
11876,CP-AP-r000:S-P07-S08:GS12:p0001,east,0,9,0
11877,CP-AP-r000:S-P07-S08:GS12:p0002,east,0,7,6
11878,CP-AP-r000:S-P07-S08:GS12:p0003,east,0,10,0
11879,CP-AP-r000:S-P07-S08:GS12:p0004,east,0,8,4
11880,CP-AP-r000:S-P07-S08:GS12:p0005,east,0,10,0
11881,CP-AP-r000:S-P07-S08:GS12:p0006,east,0,7,6
11882,CP-AP-r000:S-P07-S08:GS12:p0007,east,0,10,0
11883,CP-AP-r000:S-P07-S08:GS12:p0008,east,0,8,3
11884,CP-AP-r000:S-P07-S08:GS12:p0009,east,0,6,6
11885,CP-AP-r000:S-P07-S08:GS12:p0010,east,0,10,0
11886,CP-AP-r000:S-P07-S08:GS12:p0011,east,0,8,6
11887,CP-AP-r000:S-P07-S08:GS12:p0012,east,0,10,0
11888,CP-AP-r000:S-P07-S08:GS12:p0013,east,0,8,2
11889,CP-AP-r000:S-P07-S08:GS12:p0014,east,0,6,6
11890,CP-AP-r000:S-P07-S09:GS01:p0002,west,8,0,6
11891,CP-AP-r000:S-P07-S09:GS01:p0003,west,6,0,2
11892,CP-AP-r000:S-P07-S09:GS01:p0004,west,8,0,6
11893,CP-AP-r000:S-P07-S09:GS01:p0005,west,7,0,0
11894,CP-AP-r000:S-P07-S09:GS01:p0006,west,6,0,6
11895,CP-AP-r000:S-P07-S09:GS01:p0007,west,5,0,3
11896,CP-AP-r000:S-P07-S09:GS01:p0008,west,8,0,6
11897,CP-AP-r000:S-P07-S09:GS01:p0009,west,7,0,0
11898,CP-AP-r000:S-P07-S09:GS01:p0010,west,7,0,6
11899,CP-AP-r000:S-P07-S09:GS01:p0011,west,6,0,4
11900,CP-AP-r000:S-P07-S09:GS01:p0012,west,8,0,6
11901,CP-AP-r000:S-P07-S09:GS01:p0013,west,7,0,0
11902,CP-AP-r000:S-P07-S09:GS02:p0002,west,7,0,6
11903,CP-AP-r000:S-P07-S09:GS02:p0003,west,7,0,2
11904,CP-AP-r000:S-P07-S09:GS02:p0004,west,8,0,6
11905,CP-AP-r000:S-P07-S09:GS02:p0005,west,7,0,0
11906,CP-AP-r000:S-P07-S09:GS02:p0006,west,7,0,6
11907,CP-AP-r000:S-P07-S09:GS02:p0007,west,7,0,3
11908,CP-AP-r000:S-P07-S09:GS02:p0008,west,8,0,6
11909,CP-AP-r000:S-P07-S09:GS02:p0009,west,7,0,0
11910,CP-AP-r000:S-P07-S09:GS02:p0010,west,7,0,6
11911,CP-AP-r000:S-P07-S09:GS02:p0011,west,7,0,4
11912,CP-AP-r000:S-P07-S09:GS02:p0012,west,8,0,6
11913,CP-AP-r000:S-P07-S09:GS02:p0013,west,7,0,0
11914,CP-AP-r000:S-P07-S09:GS03:p0001,west,7,0,6
11915,CP-AP-r000:S-P07-S09:GS03:p0002,west,7,0,2
11916,CP-AP-r000:S-P07-S09:GS03:p0003,west,7,0,6
11917,CP-AP-r000:S-P07-S09:GS03:p0004,west,8,0,6
11918,CP-AP-r000:S-P07-S09:GS03:p0005,west,7,0,6
11919,CP-AP-r000:S-P07-S09:GS03:p0006,west,7,0,3
11920,CP-AP-r000:S-P07-S09:GS03:p0007,west,8,0,6
11921,CP-AP-r000:S-P07-S09:GS03:p0008,west,8,0,0
11922,CP-AP-r000:S-P07-S09:GS03:p0009,west,7,0,6
11923,CP-AP-r000:S-P07-S09:GS03:p0010,west,7,0,4
11924,CP-AP-r000:S-P07-S09:GS03:p0011,west,10,0,6
11925,CP-AP-r000:S-P07-S09:GS03:p0012,west,7,0,0
11926,CP-AP-r000:S-P07-S09:GS04:p0001,east,0,7,6
11927,CP-AP-r000:S-P07-S09:GS04:p0002,east,0,8,3
11928,CP-AP-r000:S-P07-S09:GS04:p0003,east,0,7,6
11929,CP-AP-r000:S-P07-S09:GS04:p0004,east,0,7,6
11930,CP-AP-r000:S-P07-S09:GS04:p0005,east,0,5,6
11931,CP-AP-r000:S-P07-S09:GS04:p0006,east,0,6,2
11932,CP-AP-r000:S-P07-S09:GS04:p0007,east,0,10,6
11933,CP-AP-r000:S-P07-S09:GS04:p0008,east,0,5,5
11934,CP-AP-r000:S-P07-S09:GS04:p0009,east,0,5,6
11935,CP-AP-r000:S-P07-S09:GS04:p0010,east,0,7,1
11936,CP-AP-r000:S-P07-S09:GS04:p0011,east,0,8,6
11937,CP-AP-r000:S-P07-S09:GS05:p0001,east,0,8,0
11938,CP-AP-r000:S-P07-S09:GS05:p0002,east,0,6,6
11939,CP-AP-r000:S-P07-S09:GS05:p0003,east,0,8,3
11940,CP-AP-r000:S-P07-S09:GS05:p0004,east,0,7,6
11941,CP-AP-r000:S-P07-S09:GS05:p0005,east,0,6,0
11942,CP-AP-r000:S-P07-S09:GS05:p0006,east,0,5,6
11943,CP-AP-r000:S-P07-S09:GS05:p0007,east,0,8,2
11944,CP-AP-r000:S-P07-S09:GS05:p0008,east,0,7,6
11945,CP-AP-r000:S-P07-S09:GS05:p0009,east,0,7,0
11946,CP-AP-r000:S-P07-S09:GS05:p0010,east,0,7,5
11947,CP-AP-r000:S-P07-S09:GS05:p0011,east,0,8,1
11948,CP-AP-r000:S-P07-S09:GS05:p0012,east,0,7,6
11949,CP-AP-r000:S-P07-S09:GS06:p0001,east,0,7,0
11950,CP-AP-r000:S-P07-S09:GS06:p0002,east,0,7,6
11951,CP-AP-r000:S-P07-S09:GS06:p0003,east,0,8,3
11952,CP-AP-r000:S-P07-S09:GS06:p0004,east,0,7,6
11953,CP-AP-r000:S-P07-S09:GS06:p0005,east,0,7,0
11954,CP-AP-r000:S-P07-S09:GS06:p0006,east,0,7,6
11955,CP-AP-r000:S-P07-S09:GS06:p0007,east,0,8,2
11956,CP-AP-r000:S-P07-S09:GS06:p0008,east,0,7,6
11957,CP-AP-r000:S-P07-S09:GS06:p0009,east,0,8,0
11958,CP-AP-r000:S-P07-S09:GS06:p0010,east,0,6,5
11959,CP-AP-r000:S-P07-S09:GS06:p0011,east,0,8,1
11960,CP-AP-r000:S-P07-S09:GS06:p0012,east,0,7,6
11961,CP-AP-r000:S-P07-S09:GS07:p0002,west,7,0,6
11962,CP-AP-r000:S-P07-S09:GS07:p0003,west,8,0,2
11963,CP-AP-r000:S-P07-S09:GS07:p0004,west,8,0,6
11964,CP-AP-r000:S-P07-S09:GS07:p0005,west,9,0,0
11965,CP-AP-r000:S-P07-S09:GS07:p0006,west,7,0,6
11966,CP-AP-r000:S-P07-S09:GS07:p0007,west,7,0,3
11967,CP-AP-r000:S-P07-S09:GS07:p0008,west,6,0,0
11968,CP-AP-r000:S-P07-S09:GS07:p0009,west,8,0,6
11969,CP-AP-r000:S-P07-S09:GS07:p0010,west,9,0,0
11970,CP-AP-r000:S-P07-S09:GS07:p0011,west,7,0,4
11971,CP-AP-r000:S-P07-S09:GS07:p0012,west,8,0,0
11972,CP-AP-r000:S-P07-S09:GS07:p0013,west,8,0,6
11973,CP-AP-r000:S-P07-S09:GS07:p0014,west,9,0,0
11974,CP-AP-r000:S-P07-S09:GS08:p0001,west,10,0,6
11975,CP-AP-r000:S-P07-S09:GS08:p0002,west,8,0,2
11976,CP-AP-r000:S-P07-S09:GS08:p0003,west,8,0,6
11977,CP-AP-r000:S-P07-S09:GS08:p0004,west,8,0,6
11978,CP-AP-r000:S-P07-S09:GS08:p0005,west,7,0,0
11979,CP-AP-r000:S-P07-S09:GS08:p0006,west,10,0,6
11980,CP-AP-r000:S-P07-S09:GS08:p0007,west,8,0,3
11981,CP-AP-r000:S-P07-S09:GS08:p0008,west,9,0,6
11982,CP-AP-r000:S-P07-S09:GS08:p0009,west,8,0,6
11983,CP-AP-r000:S-P07-S09:GS08:p0010,west,6,0,0
11984,CP-AP-r000:S-P07-S09:GS08:p0011,west,9,0,6
11985,CP-AP-r000:S-P07-S09:GS08:p0012,west,8,0,4
11986,CP-AP-r000:S-P07-S09:GS08:p0013,west,8,0,6
11987,CP-AP-r000:S-P07-S09:GS08:p0014,west,8,0,0
11988,CP-AP-r000:S-P07-S09:GS09:p0001,west,8,0,6
11989,CP-AP-r000:S-P07-S09:GS09:p0002,west,8,0,2
11990,CP-AP-r000:S-P07-S09:GS09:p0003,west,9,0,6
11991,CP-AP-r000:S-P07-S09:GS09:p0004,west,10,0,6
11992,CP-AP-r000:S-P07-S09:GS09:p0005,west,9,0,6
11993,CP-AP-r000:S-P07-S09:GS09:p0006,west,8,0,3
11994,CP-AP-r000:S-P07-S09:GS09:p0007,west,9,0,6
11995,CP-AP-r000:S-P07-S09:GS09:p0008,west,10,0,6
11996,CP-AP-r000:S-P07-S09:GS09:p0009,west,10,0,6
11997,CP-AP-r000:S-P07-S09:GS09:p0010,west,8,0,4
11998,CP-AP-r000:S-P07-S09:GS09:p0011,west,7,0,6
11999,CP-AP-r000:S-P07-S09:GS09:p0012,west,8,0,6
12000,CP-AP-r000:S-P07-S09:GS10:p0001,east,0,9,6
12001,CP-AP-r000:S-P07-S09:GS10:p0002,east,0,9,6
12002,CP-AP-r000:S-P07-S09:GS10:p0003,east,0,8,3
12003,CP-AP-r000:S-P07-S09:GS10:p0004,east,0,8,6
12004,CP-AP-r000:S-P07-S09:GS10:p0005,east,0,8,6
12005,CP-AP-r000:S-P07-S09:GS10:p0006,east,0,8,6
12006,CP-AP-r000:S-P07-S09:GS10:p0007,east,0,8,2
12007,CP-AP-r000:S-P07-S09:GS10:p0008,east,0,10,6
12008,CP-AP-r000:S-P07-S09:GS10:p0009,east,0,8,5
12009,CP-AP-r000:S-P07-S09:GS10:p0010,east,0,8,6
12010,CP-AP-r000:S-P07-S09:GS10:p0011,east,0,8,1
12011,CP-AP-r000:S-P07-S09:GS10:p0012,east,0,10,6
12012,CP-AP-r000:S-P07-S09:GS11:p0001,east,0,8,0
12013,CP-AP-r000:S-P07-S09:GS11:p0002,east,0,8,6
12014,CP-AP-r000:S-P07-S09:GS11:p0003,east,0,5,6
12015,CP-AP-r000:S-P07-S09:GS11:p0004,east,0,8,3
12016,CP-AP-r000:S-P07-S09:GS11:p0005,east,0,10,6
12017,CP-AP-r000:S-P07-S09:GS11:p0006,east,0,7,6
12018,CP-AP-r000:S-P07-S09:GS11:p0007,east,0,6,6
12019,CP-AP-r000:S-P07-S09:GS11:p0008,east,0,8,2
12020,CP-AP-r000:S-P07-S09:GS11:p0009,east,0,8,6
12021,CP-AP-r000:S-P07-S09:GS11:p0010,east,0,7,5
12022,CP-AP-r000:S-P07-S09:GS11:p0011,east,0,9,6
12023,CP-AP-r000:S-P07-S09:GS11:p0012,east,0,8,1
12024,CP-AP-r000:S-P07-S09:GS11:p0013,east,0,9,6
12025,CP-AP-r000:S-P07-S09:GS12:p0001,east,0,10,0
12026,CP-AP-r000:S-P07-S09:GS12:p0002,east,0,8,6
12027,CP-AP-r000:S-P07-S09:GS12:p0003,east,0,8,0
12028,CP-AP-r000:S-P07-S09:GS12:p0004,east,0,8,3
12029,CP-AP-r000:S-P07-S09:GS12:p0005,east,0,7,6
12030,CP-AP-r000:S-P07-S09:GS12:p0006,east,0,9,0
12031,CP-AP-r000:S-P07-S09:GS12:p0007,east,0,8,6
12032,CP-AP-r000:S-P07-S09:GS12:p0008,east,0,8,2
12033,CP-AP-r000:S-P07-S09:GS12:p0009,east,0,8,6
12034,CP-AP-r000:S-P07-S09:GS12:p0010,east,0,7,0
12035,CP-AP-r000:S-P07-S09:GS12:p0011,east,0,8,5
12036,CP-AP-r000:S-P07-S09:GS12:p0012,east,0,6,6
12037,CP-AP-r000:S-P07-S09:GS12:p0013,east,0,8,1
12038,CP-AP-r000:S-P07-S09:GS12:p0014,east,0,9,6
12039,CP-AP-r000:S-P07-S10:GS01:p0002,west,7,0,6
12040,CP-AP-r000:S-P07-S10:GS01:p0003,west,6,0,2
12041,CP-AP-r000:S-P07-S10:GS01:p0004,west,8,0,6
12042,CP-AP-r000:S-P07-S10:GS01:p0005,west,6,0,0
12043,CP-AP-r000:S-P07-S10:GS01:p0006,west,6,0,6
12044,CP-AP-r000:S-P07-S10:GS01:p0007,west,4,0,3
12045,CP-AP-r000:S-P07-S10:GS01:p0008,west,8,0,6
12046,CP-AP-r000:S-P07-S10:GS01:p0009,west,6,0,0
12047,CP-AP-r000:S-P07-S10:GS01:p0010,west,7,0,6
12048,CP-AP-r000:S-P07-S10:GS01:p0011,west,5,0,4
12049,CP-AP-r000:S-P07-S10:GS01:p0012,west,8,0,6
12050,CP-AP-r000:S-P07-S10:GS01:p0013,west,6,0,0
12051,CP-AP-r000:S-P07-S10:GS02:p0002,west,6,0,6
12052,CP-AP-r000:S-P07-S10:GS02:p0003,west,6,0,2
12053,CP-AP-r000:S-P07-S10:GS02:p0004,west,8,0,6
12054,CP-AP-r000:S-P07-S10:GS02:p0005,west,6,0,0
12055,CP-AP-r000:S-P07-S10:GS02:p0006,west,6,0,6
12056,CP-AP-r000:S-P07-S10:GS02:p0007,west,6,0,3
12057,CP-AP-r000:S-P07-S10:GS02:p0008,west,8,0,6
12058,CP-AP-r000:S-P07-S10:GS02:p0009,west,6,0,0
12059,CP-AP-r000:S-P07-S10:GS02:p0010,west,6,0,6
12060,CP-AP-r000:S-P07-S10:GS02:p0011,west,6,0,4
12061,CP-AP-r000:S-P07-S10:GS02:p0012,west,8,0,6
12062,CP-AP-r000:S-P07-S10:GS02:p0013,west,6,0,0
12063,CP-AP-r000:S-P07-S10:GS03:p0001,west,6,0,6
12064,CP-AP-r000:S-P07-S10:GS03:p0002,west,6,0,2
12065,CP-AP-r000:S-P07-S10:GS03:p0003,west,8,0,6
12066,CP-AP-r000:S-P07-S10:GS03:p0004,west,6,0,6
12067,CP-AP-r000:S-P07-S10:GS03:p0005,west,6,0,3
12068,CP-AP-r000:S-P07-S10:GS03:p0006,west,8,0,6
12069,CP-AP-r000:S-P07-S10:GS03:p0007,west,7,0,0
12070,CP-AP-r000:S-P07-S10:GS03:p0008,west,6,0,6
12071,CP-AP-r000:S-P07-S10:GS03:p0009,west,6,0,4
12072,CP-AP-r000:S-P07-S10:GS03:p0010,west,10,0,6
12073,CP-AP-r000:S-P07-S10:GS03:p0011,west,6,0,0
12074,CP-AP-r000:S-P07-S10:GS04:p0001,east,0,6,6
12075,CP-AP-r000:S-P07-S10:GS04:p0002,east,0,8,2
12076,CP-AP-r000:S-P07-S10:GS04:p0003,east,0,6,6
12077,CP-AP-r000:S-P07-S10:GS04:p0004,east,0,6,6
12078,CP-AP-r000:S-P07-S10:GS04:p0005,east,0,7,6
12079,CP-AP-r000:S-P07-S10:GS04:p0006,east,0,7,1
12080,CP-AP-r000:S-P07-S10:GS04:p0007,east,0,9,6
12081,CP-AP-r000:S-P07-S10:GS04:p0008,east,0,4,5
12082,CP-AP-r000:S-P07-S10:GS04:p0009,east,0,5,6
12083,CP-AP-r000:S-P07-S10:GS04:p0010,east,0,7,1
12084,CP-AP-r000:S-P07-S10:GS04:p0011,east,0,8,6
12085,CP-AP-r000:S-P07-S10:GS05:p0001,east,0,8,0
12086,CP-AP-r000:S-P07-S10:GS05:p0002,east,0,6,6
12087,CP-AP-r000:S-P07-S10:GS05:p0003,east,0,8,2
12088,CP-AP-r000:S-P07-S10:GS05:p0004,east,0,6,6
12089,CP-AP-r000:S-P07-S10:GS05:p0005,east,0,6,0
12090,CP-AP-r000:S-P07-S10:GS05:p0006,east,0,4,6
12091,CP-AP-r000:S-P07-S10:GS05:p0007,east,0,8,1
12092,CP-AP-r000:S-P07-S10:GS05:p0008,east,0,6,6
12093,CP-AP-r000:S-P07-S10:GS05:p0009,east,0,7,5
12094,CP-AP-r000:S-P07-S10:GS05:p0010,east,0,8,1
12095,CP-AP-r000:S-P07-S10:GS05:p0011,east,0,6,6
12096,CP-AP-r000:S-P07-S10:GS06:p0001,east,0,6,0
12097,CP-AP-r000:S-P07-S10:GS06:p0002,east,0,6,6
12098,CP-AP-r000:S-P07-S10:GS06:p0003,east,0,8,2
12099,CP-AP-r000:S-P07-S10:GS06:p0004,east,0,6,6
12100,CP-AP-r000:S-P07-S10:GS06:p0005,east,0,6,0
12101,CP-AP-r000:S-P07-S10:GS06:p0006,east,0,6,6
12102,CP-AP-r000:S-P07-S10:GS06:p0007,east,0,8,1
12103,CP-AP-r000:S-P07-S10:GS06:p0008,east,0,6,6
12104,CP-AP-r000:S-P07-S10:GS06:p0009,east,0,7,0
12105,CP-AP-r000:S-P07-S10:GS06:p0010,east,0,6,5
12106,CP-AP-r000:S-P07-S10:GS06:p0011,east,0,8,1
12107,CP-AP-r000:S-P07-S10:GS06:p0012,east,0,6,6
12108,CP-AP-r000:S-P07-S10:GS07:p0002,west,8,0,6
12109,CP-AP-r000:S-P07-S10:GS07:p0003,west,8,0,2
12110,CP-AP-r000:S-P07-S10:GS07:p0004,west,8,0,0
12111,CP-AP-r000:S-P07-S10:GS07:p0005,west,8,0,6
12112,CP-AP-r000:S-P07-S10:GS07:p0006,west,9,0,0
12113,CP-AP-r000:S-P07-S10:GS07:p0007,west,9,0,6
12114,CP-AP-r000:S-P07-S10:GS07:p0008,west,7,0,3
12115,CP-AP-r000:S-P07-S10:GS07:p0009,west,6,0,0
12116,CP-AP-r000:S-P07-S10:GS07:p0010,west,8,0,6
12117,CP-AP-r000:S-P07-S10:GS07:p0011,west,9,0,0
12118,CP-AP-r000:S-P07-S10:GS07:p0012,west,7,0,4
12119,CP-AP-r000:S-P07-S10:GS07:p0013,west,8,0,0
12120,CP-AP-r000:S-P07-S10:GS07:p0014,west,8,0,6
12121,CP-AP-r000:S-P07-S10:GS07:p0015,west,8,0,0
12122,CP-AP-r000:S-P07-S10:GS08:p0001,west,10,0,6
12123,CP-AP-r000:S-P07-S10:GS08:p0002,west,7,0,2
12124,CP-AP-r000:S-P07-S10:GS08:p0003,west,10,0,6
12125,CP-AP-r000:S-P07-S10:GS08:p0004,west,8,0,6
12126,CP-AP-r000:S-P07-S10:GS08:p0005,west,6,0,0
12127,CP-AP-r000:S-P07-S10:GS08:p0006,west,10,0,6
12128,CP-AP-r000:S-P07-S10:GS08:p0007,west,8,0,3
12129,CP-AP-r000:S-P07-S10:GS08:p0008,west,8,0,6
12130,CP-AP-r000:S-P07-S10:GS08:p0009,west,7,0,0
12131,CP-AP-r000:S-P07-S10:GS08:p0010,west,10,0,6
12132,CP-AP-r000:S-P07-S10:GS08:p0011,west,8,0,4
12133,CP-AP-r000:S-P07-S10:GS08:p0012,west,8,0,6
12134,CP-AP-r000:S-P07-S10:GS08:p0013,west,9,0,0
12135,CP-AP-r000:S-P07-S10:GS09:p0001,west,7,0,6
12136,CP-AP-r000:S-P07-S10:GS09:p0002,west,7,0,2
12137,CP-AP-r000:S-P07-S10:GS09:p0003,west,10,0,6
12138,CP-AP-r000:S-P07-S10:GS09:p0004,west,10,0,6
12139,CP-AP-r000:S-P07-S10:GS09:p0005,west,8,0,6
12140,CP-AP-r000:S-P07-S10:GS09:p0006,west,7,0,3
12141,CP-AP-r000:S-P07-S10:GS09:p0007,west,10,0,6
12142,CP-AP-r000:S-P07-S10:GS09:p0008,west,9,0,6
12143,CP-AP-r000:S-P07-S10:GS09:p0009,west,10,0,6
12144,CP-AP-r000:S-P07-S10:GS09:p0010,west,7,0,4
12145,CP-AP-r000:S-P07-S10:GS09:p0011,west,8,0,6
12146,CP-AP-r000:S-P07-S10:GS09:p0012,west,8,0,6
12147,CP-AP-r000:S-P07-S10:GS09:p0013,west,7,0,0
12148,CP-AP-r000:S-P07-S10:GS10:p0001,east,0,9,6
12149,CP-AP-r000:S-P07-S10:GS10:p0002,east,0,9,6
12150,CP-AP-r000:S-P07-S10:GS10:p0003,east,0,8,2
12151,CP-AP-r000:S-P07-S10:GS10:p0004,east,0,8,6
12152,CP-AP-r000:S-P07-S10:GS10:p0005,east,0,8,6
12153,CP-AP-r000:S-P07-S10:GS10:p0006,east,0,7,6
12154,CP-AP-r000:S-P07-S10:GS10:p0007,east,0,8,1
12155,CP-AP-r000:S-P07-S10:GS10:p0008,east,0,10,6
12156,CP-AP-r000:S-P07-S10:GS10:p0009,east,0,7,5
12157,CP-AP-r000:S-P07-S10:GS10:p0010,east,0,7,6
12158,CP-AP-r000:S-P07-S10:GS10:p0011,east,0,10,1
12159,CP-AP-r000:S-P07-S10:GS10:p0012,east,0,10,6
12160,CP-AP-r000:S-P07-S10:GS11:p0001,east,0,9,0
12161,CP-AP-r000:S-P07-S10:GS11:p0002,east,0,8,6
12162,CP-AP-r000:S-P07-S10:GS11:p0003,east,0,5,6
12163,CP-AP-r000:S-P07-S10:GS11:p0004,east,0,8,2
12164,CP-AP-r000:S-P07-S10:GS11:p0005,east,0,10,6
12165,CP-AP-r000:S-P07-S10:GS11:p0006,east,0,7,6
12166,CP-AP-r000:S-P07-S10:GS11:p0007,east,0,6,6
12167,CP-AP-r000:S-P07-S10:GS11:p0008,east,0,8,1
12168,CP-AP-r000:S-P07-S10:GS11:p0009,east,0,8,6
12169,CP-AP-r000:S-P07-S10:GS11:p0010,east,0,7,5
12170,CP-AP-r000:S-P07-S10:GS11:p0011,east,0,9,6
12171,CP-AP-r000:S-P07-S10:GS11:p0012,east,0,8,1
12172,CP-AP-r000:S-P07-S10:GS11:p0013,east,0,8,6
12173,CP-AP-r000:S-P07-S10:GS12:p0001,east,0,10,0
12174,CP-AP-r000:S-P07-S10:GS12:p0002,east,0,8,6
12175,CP-AP-r000:S-P07-S10:GS12:p0003,east,0,10,0
12176,CP-AP-r000:S-P07-S10:GS12:p0004,east,0,8,2
12177,CP-AP-r000:S-P07-S10:GS12:p0005,east,0,6,6
12178,CP-AP-r000:S-P07-S10:GS12:p0006,east,0,10,0
12179,CP-AP-r000:S-P07-S10:GS12:p0007,east,0,8,6
12180,CP-AP-r000:S-P07-S10:GS12:p0008,east,0,8,1
12181,CP-AP-r000:S-P07-S10:GS12:p0009,east,0,9,6
12182,CP-AP-r000:S-P07-S10:GS12:p0010,east,0,8,0
12183,CP-AP-r000:S-P07-S10:GS12:p0011,east,0,8,5
12184,CP-AP-r000:S-P07-S10:GS12:p0012,east,0,8,6
12185,CP-AP-r000:S-P07-S10:GS12:p0013,east,0,8,1
12186,CP-AP-r000:S-P07-S10:GS12:p0014,east,0,9,6
12187,CP-AP-r000:S-P07-S11:GS01:p0002,west,6,0,6
12188,CP-AP-r000:S-P07-S11:GS01:p0003,west,5,0,3
12189,CP-AP-r000:S-P07-S11:GS01:p0004,west,8,0,6
12190,CP-AP-r000:S-P07-S11:GS01:p0005,west,7,0,0
12191,CP-AP-r000:S-P07-S11:GS01:p0006,west,7,0,4
12192,CP-AP-r000:S-P07-S11:GS01:p0007,west,8,0,6
12193,CP-AP-r000:S-P07-S11:GS01:p0008,west,7,0,0
12194,CP-AP-r000:S-P07-S11:GS01:p0009,west,7,0,5
12195,CP-AP-r000:S-P07-S11:GS01:p0010,west,5,0,0
12196,CP-AP-r000:S-P07-S11:GS01:p0011,west,8,0,6
12197,CP-AP-r000:S-P07-S11:GS01:p0012,west,9,0,1
12198,CP-AP-r000:S-P07-S11:GS02:p0002,west,7,0,6
12199,CP-AP-r000:S-P07-S11:GS02:p0003,west,7,0,3
12200,CP-AP-r000:S-P07-S11:GS02:p0004,west,8,0,6
12201,CP-AP-r000:S-P07-S11:GS02:p0005,west,7,0,0
12202,CP-AP-r000:S-P07-S11:GS02:p0006,west,8,0,6
12203,CP-AP-r000:S-P07-S11:GS02:p0007,west,6,0,4
12204,CP-AP-r000:S-P07-S11:GS02:p0008,west,8,0,6
12205,CP-AP-r000:S-P07-S11:GS02:p0009,west,7,0,0
12206,CP-AP-r000:S-P07-S11:GS02:p0010,west,6,0,6
12207,CP-AP-r000:S-P07-S11:GS02:p0011,west,5,0,5
12208,CP-AP-r000:S-P07-S11:GS02:p0012,west,8,0,6
12209,CP-AP-r000:S-P07-S11:GS02:p0013,west,7,0,1
12210,CP-AP-r000:S-P07-S11:GS03:p0001,west,7,0,6
12211,CP-AP-r000:S-P07-S11:GS03:p0002,west,7,0,3
12212,CP-AP-r000:S-P07-S11:GS03:p0003,west,10,0,6
12213,CP-AP-r000:S-P07-S11:GS03:p0004,west,7,0,0
12214,CP-AP-r000:S-P07-S11:GS03:p0005,west,7,0,6
12215,CP-AP-r000:S-P07-S11:GS03:p0006,west,7,0,4
12216,CP-AP-r000:S-P07-S11:GS03:p0007,west,8,0,6
12217,CP-AP-r000:S-P07-S11:GS03:p0008,west,7,0,0
12218,CP-AP-r000:S-P07-S11:GS03:p0009,west,7,0,6
12219,CP-AP-r000:S-P07-S11:GS03:p0010,west,7,0,5
12220,CP-AP-r000:S-P07-S11:GS03:p0011,west,8,0,6
12221,CP-AP-r000:S-P07-S11:GS03:p0012,west,7,0,1
12222,CP-AP-r000:S-P07-S11:GS04:p0001,east,0,6,5
12223,CP-AP-r000:S-P07-S11:GS04:p0002,east,0,6,6
12224,CP-AP-r000:S-P07-S11:GS04:p0003,east,0,7,1
12225,CP-AP-r000:S-P07-S11:GS04:p0004,east,0,8,6
12226,CP-AP-r000:S-P07-S11:GS04:p0005,east,0,7,4
12227,CP-AP-r000:S-P07-S11:GS04:p0006,east,0,7,6
12228,CP-AP-r000:S-P07-S11:GS04:p0007,east,0,8,6
12229,CP-AP-r000:S-P07-S11:GS04:p0008,east,0,7,4
12230,CP-AP-r000:S-P07-S11:GS04:p0009,east,0,7,6
12231,CP-AP-r000:S-P07-S11:GS04:p0010,east,0,8,6
12232,CP-AP-r000:S-P07-S11:GS04:p0011,east,0,8,6
12233,CP-AP-r000:S-P07-S11:GS05:p0001,east,0,7,0
12234,CP-AP-r000:S-P07-S11:GS05:p0002,east,0,7,5
12235,CP-AP-r000:S-P07-S11:GS05:p0003,east,0,8,1
12236,CP-AP-r000:S-P07-S11:GS05:p0004,east,0,7,6
12237,CP-AP-r000:S-P07-S11:GS05:p0005,east,0,7,4
12238,CP-AP-r000:S-P07-S11:GS05:p0006,east,0,8,1
12239,CP-AP-r000:S-P07-S11:GS05:p0007,east,0,7,6
12240,CP-AP-r000:S-P07-S11:GS05:p0008,east,0,7,4
12241,CP-AP-r000:S-P07-S11:GS05:p0009,east,0,5,6
12242,CP-AP-r000:S-P07-S11:GS05:p0010,east,0,6,0
12243,CP-AP-r000:S-P07-S11:GS05:p0011,east,0,9,6
12244,CP-AP-r000:S-P07-S11:GS06:p0001,east,0,8,0
12245,CP-AP-r000:S-P07-S11:GS06:p0002,east,0,6,5
12246,CP-AP-r000:S-P07-S11:GS06:p0003,east,0,8,1
12247,CP-AP-r000:S-P07-S11:GS06:p0004,east,0,7,6
12248,CP-AP-r000:S-P07-S11:GS06:p0005,east,0,7,0
12249,CP-AP-r000:S-P07-S11:GS06:p0006,east,0,6,4
12250,CP-AP-r000:S-P07-S11:GS06:p0007,east,0,8,1
12251,CP-AP-r000:S-P07-S11:GS06:p0008,east,0,7,6
12252,CP-AP-r000:S-P07-S11:GS06:p0009,east,0,7,0
12253,CP-AP-r000:S-P07-S11:GS06:p0010,east,0,6,4
12254,CP-AP-r000:S-P07-S11:GS06:p0011,east,0,8,0
12255,CP-AP-r000:S-P07-S11:GS06:p0012,east,0,7,6
12256,CP-AP-r000:S-P07-S11:GS07:p0002,west,7,0,3
12257,CP-AP-r000:S-P07-S11:GS07:p0003,west,7,0,0
12258,CP-AP-r000:S-P07-S11:GS07:p0004,west,8,0,6
12259,CP-AP-r000:S-P07-S11:GS07:p0005,west,8,0,0
12260,CP-AP-r000:S-P07-S11:GS07:p0006,west,7,0,4
12261,CP-AP-r000:S-P07-S11:GS07:p0007,west,9,0,0
12262,CP-AP-r000:S-P07-S11:GS07:p0008,west,8,0,6
12263,CP-AP-r000:S-P07-S11:GS07:p0009,west,9,0,0
12264,CP-AP-r000:S-P07-S11:GS07:p0010,west,8,0,5
12265,CP-AP-r000:S-P07-S11:GS07:p0011,west,10,0,0
12266,CP-AP-r000:S-P07-S11:GS07:p0012,west,8,0,6
12267,CP-AP-r000:S-P07-S11:GS07:p0013,west,9,0,1
12268,CP-AP-r000:S-P07-S11:GS08:p0002,west,9,0,6
12269,CP-AP-r000:S-P07-S11:GS08:p0003,west,8,0,3
12270,CP-AP-r000:S-P07-S11:GS08:p0004,west,8,0,6
12271,CP-AP-r000:S-P07-S11:GS08:p0005,west,8,0,0
12272,CP-AP-r000:S-P07-S11:GS08:p0006,west,8,0,6
12273,CP-AP-r000:S-P07-S11:GS08:p0007,west,8,0,4
12274,CP-AP-r000:S-P07-S11:GS08:p0008,west,5,0,0
12275,CP-AP-r000:S-P07-S11:GS08:p0009,west,8,0,6
12276,CP-AP-r000:S-P07-S11:GS08:p0010,west,10,0,0
12277,CP-AP-r000:S-P07-S11:GS08:p0011,west,8,0,6
12278,CP-AP-r000:S-P07-S11:GS08:p0012,west,7,0,5
12279,CP-AP-r000:S-P07-S11:GS08:p0013,west,6,0,0
12280,CP-AP-r000:S-P07-S11:GS08:p0014,west,8,0,6
12281,CP-AP-r000:S-P07-S11:GS08:p0015,west,8,0,1
12282,CP-AP-r000:S-P07-S11:GS09:p0001,west,10,0,6
12283,CP-AP-r000:S-P07-S11:GS09:p0002,west,8,0,3
12284,CP-AP-r000:S-P07-S11:GS09:p0003,west,7,0,6
12285,CP-AP-r000:S-P07-S11:GS09:p0004,west,8,0,6
12286,CP-AP-r000:S-P07-S11:GS09:p0005,west,10,0,6
12287,CP-AP-r000:S-P07-S11:GS09:p0006,west,8,0,4
12288,CP-AP-r000:S-P07-S11:GS09:p0007,west,8,0,5
12289,CP-AP-r000:S-P07-S11:GS09:p0008,west,8,0,6
12290,CP-AP-r000:S-P07-S11:GS09:p0009,west,7,0,0
12291,CP-AP-r000:S-P07-S11:GS09:p0010,west,9,0,6
12292,CP-AP-r000:S-P07-S11:GS09:p0011,west,8,0,5
12293,CP-AP-r000:S-P07-S11:GS09:p0012,west,8,0,6
12294,CP-AP-r000:S-P07-S11:GS09:p0013,west,7,0,1
12295,CP-AP-r000:S-P07-S11:GS10:p0001,east,0,8,5
12296,CP-AP-r000:S-P07-S11:GS10:p0002,east,0,8,6
12297,CP-AP-r000:S-P07-S11:GS10:p0003,east,0,8,1
12298,CP-AP-r000:S-P07-S11:GS10:p0004,east,0,10,6
12299,CP-AP-r000:S-P07-S11:GS10:p0005,east,0,9,4
12300,CP-AP-r000:S-P07-S11:GS10:p0006,east,0,8,6
12301,CP-AP-r000:S-P07-S11:GS10:p0007,east,0,9,1
12302,CP-AP-r000:S-P07-S11:GS10:p0008,east,0,10,6
12303,CP-AP-r000:S-P07-S11:GS10:p0009,east,0,10,4
12304,CP-AP-r000:S-P07-S11:GS10:p0010,east,0,8,6
12305,CP-AP-r000:S-P07-S11:GS10:p0011,east,0,9,0
12306,CP-AP-r000:S-P07-S11:GS10:p0012,east,0,9,6
12307,CP-AP-r000:S-P07-S11:GS11:p0001,east,0,7,5
12308,CP-AP-r000:S-P07-S11:GS11:p0002,east,0,9,6
12309,CP-AP-r000:S-P07-S11:GS11:p0003,east,0,8,1
12310,CP-AP-r000:S-P07-S11:GS11:p0004,east,0,9,6
12311,CP-AP-r000:S-P07-S11:GS11:p0005,east,0,9,4
12312,CP-AP-r000:S-P07-S11:GS11:p0006,east,0,9,6
12313,CP-AP-r000:S-P07-S11:GS11:p0007,east,0,8,1
12314,CP-AP-r000:S-P07-S11:GS11:p0008,east,0,8,6
12315,CP-AP-r000:S-P07-S11:GS11:p0009,east,0,8,4
12316,CP-AP-r000:S-P07-S11:GS11:p0010,east,0,8,6
12317,CP-AP-r000:S-P07-S11:GS11:p0011,east,0,8,0
12318,CP-AP-r000:S-P07-S11:GS11:p0012,east,0,10,6
12319,CP-AP-r000:S-P07-S11:GS12:p0001,east,0,7,0
12320,CP-AP-r000:S-P07-S11:GS12:p0002,east,0,8,5
12321,CP-AP-r000:S-P07-S11:GS12:p0003,east,0,8,1
12322,CP-AP-r000:S-P07-S11:GS12:p0004,east,0,8,6
12323,CP-AP-r000:S-P07-S11:GS12:p0005,east,0,7,0
12324,CP-AP-r000:S-P07-S11:GS12:p0006,east,0,7,4
12325,CP-AP-r000:S-P07-S11:GS12:p0007,east,0,5,6
12326,CP-AP-r000:S-P07-S11:GS12:p0008,east,0,8,1
12327,CP-AP-r000:S-P07-S11:GS12:p0009,east,0,9,6
12328,CP-AP-r000:S-P07-S11:GS12:p0010,east,0,7,4
12329,CP-AP-r000:S-P07-S11:GS12:p0011,east,0,8,6
12330,CP-AP-r000:S-P07-S11:GS12:p0012,east,0,8,0
12331,CP-AP-r000:S-P07-S11:GS12:p0013,east,0,9,6
12332,CP-AP-r000:S-P07-S12:GS01:p0002,west,7,0,6
12333,CP-AP-r000:S-P07-S12:GS01:p0003,west,4,0,4
12334,CP-AP-r000:S-P07-S12:GS01:p0004,west,8,0,6
12335,CP-AP-r000:S-P07-S12:GS01:p0005,west,6,0,0
12336,CP-AP-r000:S-P07-S12:GS01:p0006,west,6,0,5
12337,CP-AP-r000:S-P07-S12:GS01:p0007,west,8,0,6
12338,CP-AP-r000:S-P07-S12:GS01:p0008,west,6,0,0
12339,CP-AP-r000:S-P07-S12:GS01:p0009,west,6,0,5
12340,CP-AP-r000:S-P07-S12:GS01:p0010,west,7,0,0
12341,CP-AP-r000:S-P07-S12:GS01:p0011,west,9,0,6
12342,CP-AP-r000:S-P07-S12:GS01:p0012,west,8,0,1
12343,CP-AP-r000:S-P07-S12:GS02:p0002,west,6,0,6
12344,CP-AP-r000:S-P07-S12:GS02:p0003,west,6,0,4
12345,CP-AP-r000:S-P07-S12:GS02:p0004,west,8,0,6
12346,CP-AP-r000:S-P07-S12:GS02:p0005,west,6,0,0
12347,CP-AP-r000:S-P07-S12:GS02:p0006,west,8,0,6
12348,CP-AP-r000:S-P07-S12:GS02:p0007,west,6,0,5
12349,CP-AP-r000:S-P07-S12:GS02:p0008,west,8,0,6
12350,CP-AP-r000:S-P07-S12:GS02:p0009,west,6,0,0
12351,CP-AP-r000:S-P07-S12:GS02:p0010,west,6,0,6
12352,CP-AP-r000:S-P07-S12:GS02:p0011,west,4,0,5
12353,CP-AP-r000:S-P07-S12:GS02:p0012,west,8,0,6
12354,CP-AP-r000:S-P07-S12:GS02:p0013,west,6,0,1
12355,CP-AP-r000:S-P07-S12:GS03:p0002,west,6,0,6
12356,CP-AP-r000:S-P07-S12:GS03:p0003,west,6,0,4
12357,CP-AP-r000:S-P07-S12:GS03:p0004,west,10,0,6
12358,CP-AP-r000:S-P07-S12:GS03:p0005,west,6,0,0
12359,CP-AP-r000:S-P07-S12:GS03:p0006,west,6,0,6
12360,CP-AP-r000:S-P07-S12:GS03:p0007,west,6,0,5
12361,CP-AP-r000:S-P07-S12:GS03:p0008,west,8,0,6
12362,CP-AP-r000:S-P07-S12:GS03:p0009,west,6,0,0
12363,CP-AP-r000:S-P07-S12:GS03:p0010,west,6,0,6
12364,CP-AP-r000:S-P07-S12:GS03:p0011,west,6,0,5
12365,CP-AP-r000:S-P07-S12:GS03:p0012,west,8,0,6
12366,CP-AP-r000:S-P07-S12:GS03:p0013,west,6,0,1
12367,CP-AP-r000:S-P07-S12:GS04:p0001,east,0,4,5
12368,CP-AP-r000:S-P07-S12:GS04:p0002,east,0,6,6
12369,CP-AP-r000:S-P07-S12:GS04:p0003,east,0,7,1
12370,CP-AP-r000:S-P07-S12:GS04:p0004,east,0,8,6
12371,CP-AP-r000:S-P07-S12:GS04:p0005,east,0,6,4
12372,CP-AP-r000:S-P07-S12:GS04:p0006,east,0,6,6
12373,CP-AP-r000:S-P07-S12:GS04:p0007,east,0,8,6
12374,CP-AP-r000:S-P07-S12:GS04:p0008,east,0,6,4
12375,CP-AP-r000:S-P07-S12:GS04:p0009,east,0,6,6
12376,CP-AP-r000:S-P07-S12:GS04:p0010,east,0,8,6
12377,CP-AP-r000:S-P07-S12:GS04:p0011,east,0,7,6
12378,CP-AP-r000:S-P07-S12:GS05:p0001,east,0,6,0
12379,CP-AP-r000:S-P07-S12:GS05:p0002,east,0,7,5
12380,CP-AP-r000:S-P07-S12:GS05:p0003,east,0,8,1
12381,CP-AP-r000:S-P07-S12:GS05:p0004,east,0,6,6
12382,CP-AP-r000:S-P07-S12:GS05:p0005,east,0,6,4
12383,CP-AP-r000:S-P07-S12:GS05:p0006,east,0,8,6
12384,CP-AP-r000:S-P07-S12:GS05:p0007,east,0,9,1
12385,CP-AP-r000:S-P07-S12:GS05:p0008,east,0,6,6
12386,CP-AP-r000:S-P07-S12:GS05:p0009,east,0,6,4
12387,CP-AP-r000:S-P07-S12:GS05:p0010,east,0,7,6
12388,CP-AP-r000:S-P07-S12:GS05:p0011,east,0,7,0
12389,CP-AP-r000:S-P07-S12:GS05:p0012,east,0,8,6
12390,CP-AP-r000:S-P07-S12:GS06:p0001,east,0,7,0
12391,CP-AP-r000:S-P07-S12:GS06:p0002,east,0,6,5
12392,CP-AP-r000:S-P07-S12:GS06:p0003,east,0,8,1
12393,CP-AP-r000:S-P07-S12:GS06:p0004,east,0,6,6
12394,CP-AP-r000:S-P07-S12:GS06:p0005,east,0,7,0
12395,CP-AP-r000:S-P07-S12:GS06:p0006,east,0,5,4
12396,CP-AP-r000:S-P07-S12:GS06:p0007,east,0,8,1
12397,CP-AP-r000:S-P07-S12:GS06:p0008,east,0,6,6
12398,CP-AP-r000:S-P07-S12:GS06:p0009,east,0,7,0
12399,CP-AP-r000:S-P07-S12:GS06:p0010,east,0,5,4
12400,CP-AP-r000:S-P07-S12:GS06:p0011,east,0,8,0
12401,CP-AP-r000:S-P07-S12:GS06:p0012,east,0,6,6
12402,CP-AP-r000:S-P07-S12:GS07:p0002,west,7,0,4
12403,CP-AP-r000:S-P07-S12:GS07:p0003,west,7,0,0
12404,CP-AP-r000:S-P07-S12:GS07:p0004,west,8,0,6
12405,CP-AP-r000:S-P07-S12:GS07:p0005,west,8,0,0
12406,CP-AP-r000:S-P07-S12:GS07:p0006,west,7,0,5
12407,CP-AP-r000:S-P07-S12:GS07:p0007,west,9,0,0
12408,CP-AP-r000:S-P07-S12:GS07:p0008,west,8,0,6
12409,CP-AP-r000:S-P07-S12:GS07:p0009,west,8,0,0
12410,CP-AP-r000:S-P07-S12:GS07:p0010,west,8,0,5
12411,CP-AP-r000:S-P07-S12:GS07:p0011,west,9,0,0
12412,CP-AP-r000:S-P07-S12:GS07:p0012,west,8,0,6
12413,CP-AP-r000:S-P07-S12:GS07:p0013,west,9,0,1
12414,CP-AP-r000:S-P07-S12:GS08:p0002,west,10,0,6
12415,CP-AP-r000:S-P07-S12:GS08:p0003,west,8,0,4
12416,CP-AP-r000:S-P07-S12:GS08:p0004,west,8,0,6
12417,CP-AP-r000:S-P07-S12:GS08:p0005,west,9,0,0
12418,CP-AP-r000:S-P07-S12:GS08:p0006,west,9,0,6
12419,CP-AP-r000:S-P07-S12:GS08:p0007,west,8,0,5
12420,CP-AP-r000:S-P07-S12:GS08:p0008,west,6,0,0
12421,CP-AP-r000:S-P07-S12:GS08:p0009,west,8,0,6
12422,CP-AP-r000:S-P07-S12:GS08:p0010,west,10,0,0
12423,CP-AP-r000:S-P07-S12:GS08:p0011,west,9,0,6
12424,CP-AP-r000:S-P07-S12:GS08:p0012,west,7,0,5
12425,CP-AP-r000:S-P07-S12:GS08:p0013,west,6,0,0
12426,CP-AP-r000:S-P07-S12:GS08:p0014,west,8,0,6
12427,CP-AP-r000:S-P07-S12:GS08:p0015,west,8,0,1
12428,CP-AP-r000:S-P07-S12:GS09:p0001,west,10,0,6
12429,CP-AP-r000:S-P07-S12:GS09:p0002,west,7,0,4
12430,CP-AP-r000:S-P07-S12:GS09:p0003,west,8,0,6
12431,CP-AP-r000:S-P07-S12:GS09:p0004,west,8,0,6
12432,CP-AP-r000:S-P07-S12:GS09:p0005,west,10,0,6
12433,CP-AP-r000:S-P07-S12:GS09:p0006,west,7,0,5
12434,CP-AP-r000:S-P07-S12:GS09:p0007,west,10,0,5
12435,CP-AP-r000:S-P07-S12:GS09:p0008,west,8,0,6
12436,CP-AP-r000:S-P07-S12:GS09:p0009,west,6,0,0
12437,CP-AP-r000:S-P07-S12:GS09:p0010,west,10,0,6
12438,CP-AP-r000:S-P07-S12:GS09:p0011,west,8,0,5
12439,CP-AP-r000:S-P07-S12:GS09:p0012,west,8,0,6
12440,CP-AP-r000:S-P07-S12:GS09:p0013,west,8,0,1
12441,CP-AP-r000:S-P07-S12:GS10:p0001,east,0,7,5
12442,CP-AP-r000:S-P07-S12:GS10:p0002,east,0,7,6
12443,CP-AP-r000:S-P07-S12:GS10:p0003,east,0,10,1
12444,CP-AP-r000:S-P07-S12:GS10:p0004,east,0,10,6
12445,CP-AP-r000:S-P07-S12:GS10:p0005,east,0,7,4
12446,CP-AP-r000:S-P07-S12:GS10:p0006,east,0,7,6
12447,CP-AP-r000:S-P07-S12:GS10:p0007,east,0,10,1
12448,CP-AP-r000:S-P07-S12:GS10:p0008,east,0,10,6
12449,CP-AP-r000:S-P07-S12:GS10:p0009,east,0,9,4
12450,CP-AP-r000:S-P07-S12:GS10:p0010,east,0,7,6
12451,CP-AP-r000:S-P07-S12:GS10:p0011,east,0,10,0
12452,CP-AP-r000:S-P07-S12:GS10:p0012,east,0,8,6
12453,CP-AP-r000:S-P07-S12:GS11:p0001,east,0,7,5
12454,CP-AP-r000:S-P07-S12:GS11:p0002,east,0,9,6
12455,CP-AP-r000:S-P07-S12:GS11:p0003,east,0,8,1
12456,CP-AP-r000:S-P07-S12:GS11:p0004,east,0,8,6
12457,CP-AP-r000:S-P07-S12:GS11:p0005,east,0,8,4
12458,CP-AP-r000:S-P07-S12:GS11:p0006,east,0,9,6
12459,CP-AP-r000:S-P07-S12:GS11:p0007,east,0,8,1
12460,CP-AP-r000:S-P07-S12:GS11:p0008,east,0,8,6
12461,CP-AP-r000:S-P07-S12:GS11:p0009,east,0,8,4
12462,CP-AP-r000:S-P07-S12:GS11:p0010,east,0,7,6
12463,CP-AP-r000:S-P07-S12:GS11:p0011,east,0,9,0
12464,CP-AP-r000:S-P07-S12:GS11:p0012,east,0,10,6
12465,CP-AP-r000:S-P07-S12:GS12:p0001,east,0,8,0
12466,CP-AP-r000:S-P07-S12:GS12:p0002,east,0,8,5
12467,CP-AP-r000:S-P07-S12:GS12:p0003,east,0,8,6
12468,CP-AP-r000:S-P07-S12:GS12:p0004,east,0,8,1
12469,CP-AP-r000:S-P07-S12:GS12:p0005,east,0,9,6
12470,CP-AP-r000:S-P07-S12:GS12:p0006,east,0,9,0
12471,CP-AP-r000:S-P07-S12:GS12:p0007,east,0,7,4
12472,CP-AP-r000:S-P07-S12:GS12:p0008,east,0,6,6
12473,CP-AP-r000:S-P07-S12:GS12:p0009,east,0,8,1
12474,CP-AP-r000:S-P07-S12:GS12:p0010,east,0,9,6
12475,CP-AP-r000:S-P07-S12:GS12:p0011,east,0,7,4
12476,CP-AP-r000:S-P07-S12:GS12:p0012,east,0,8,6
12477,CP-AP-r000:S-P07-S12:GS12:p0013,east,0,8,0
12478,CP-AP-r000:S-P07-S12:GS12:p0014,east,0,8,6
