interface,metric,query_id,source,patch_cap,action_group,config,head,delta_seconds,delta_exact,win,loss,tie,baseline_value_exact,head_value_exact,head_cost,baseline_cost,head_wall_seconds,baseline_wall_seconds
BB,BB_quality,CP-AU-r000:q000:d08,CP-AU-r000,16,west-west,A,existing_frozen,0.0,0,False,False,True,4301461749/1000000,4301461749/1000000,37830,20793,0.03414338454604149,0.009374264627695084
BB,BB_quality,CP-AU-r000:q000:d08,CP-AU-r000,16,west-west,A,certified_reference,0.0,0,False,False,True,4301461749/1000000,4301461749/1000000,20794,20793,0.008119259029626846,0.009374264627695084
BB,BB_quality,CP-AU-r000:q000:d08,CP-AU-r000,16,west-west,E,existing_frozen,0.0,0,False,False,True,4301461749/1000000,4301461749/1000000,43429,26032,0.028244439512491226,0.009582418948411942
BB,BB_quality,CP-AU-r000:q000:d08,CP-AU-r000,16,west-west,E,certified_reference,0.0,0,False,False,True,4301461749/1000000,4301461749/1000000,26033,26032,0.008159656077623367,0.009582418948411942
BB,BB_quality,CP-AU-r000:q000:d08,CP-AU-r000,16,west-west,J,existing_frozen,0.0,0,False,False,True,4301461749/1000000,4301461749/1000000,48586,30473,0.027398090809583664,0.008573897182941437
BB,BB_quality,CP-AU-r000:q000:d08,CP-AU-r000,16,west-west,J,certified_reference,0.0,0,False,False,True,4301461749/1000000,4301461749/1000000,30474,30473,0.007217381149530411,0.008573897182941437
BB,BB_quality,CP-AU-r000:q000:d08,CP-AU-r000,16,west-west,W,existing_frozen,0.0,0,False,False,True,4301461749/1000000,4301461749/1000000,42987,25234,0.0272047221660614,0.008695721626281738
BB,BB_quality,CP-AU-r000:q000:d08,CP-AU-r000,16,west-west,W,certified_reference,0.0,0,False,False,True,4301461749/1000000,4301461749/1000000,25235,25234,0.007191088050603867,0.008695721626281738
BB,BB_quality,CP-AU-r000:q000:d16,CP-AU-r000,64,west-west,A,existing_frozen,0.0,0,False,False,True,2102225723/250000,2102225723/250000,785923,139608,0.7050374411046505,0.19049189612269402
BB,BB_quality,CP-AU-r000:q000:d16,CP-AU-r000,64,west-west,A,certified_reference,0.0,0,False,False,True,2102225723/250000,2102225723/250000,139608,139608,0.19124866276979446,0.19049189612269402
BB,BB_quality,CP-AU-r000:q000:d16,CP-AU-r000,64,west-west,E,existing_frozen,7.403463,7403463/1000000,True,False,False,8366732457/1000000,104676699/12500,915595,127564,0.8663387484848499,0.1679104045033455
BB,BB_quality,CP-AU-r000:q000:d16,CP-AU-r000,64,west-west,E,certified_reference,0.0,0,False,False,True,8366732457/1000000,8366732457/1000000,127564,127564,0.16772637888789177,0.1679104045033455
BB,BB_quality,CP-AU-r000:q000:d16,CP-AU-r000,64,west-west,J,existing_frozen,0.0,0,False,False,True,4141894539/500000,4141894539/500000,1091238,346540,1.1011189185082912,0.44879400730133057
BB,BB_quality,CP-AU-r000:q000:d16,CP-AU-r000,64,west-west,J,certified_reference,0.0,0,False,False,True,4141894539/500000,4141894539/500000,337570,346540,0.441308930516243,0.44879400730133057
BB,BB_quality,CP-AU-r000:q000:d16,CP-AU-r000,64,west-west,W,existing_frozen,0.0,0,False,False,True,2072120771/250000,2072120771/250000,797969,122376,0.7904108464717865,0.1511986255645752
BB,BB_quality,CP-AU-r000:q000:d16,CP-AU-r000,64,west-west,W,certified_reference,0.0,0,False,False,True,2072120771/250000,2072120771/250000,137540,122376,0.17314568161964417,0.1511986255645752
BB,BB_quality,CP-AU-r000:q000:d32,CP-AU-r000,128,west-west,A,existing_frozen,304.083455,60816691/200000,True,False,False,317318601/20000,3234002701/200000,4812348,289620,3.41582153737545,0.38355593010783195
BB,BB_quality,CP-AU-r000:q000:d32,CP-AU-r000,128,west-west,A,certified_reference,0.0,0,False,False,True,317318601/20000,317318601/20000,289620,289620,0.3818291984498501,0.38355593010783195
BB,BB_quality,CP-AU-r000:q000:d32,CP-AU-r000,128,west-west,E,existing_frozen,40.374722,20187361/500000,True,False,False,15751037287/1000000,15791412009/1000000,4632153,366656,3.2624763026833534,0.4679037816822529
BB,BB_quality,CP-AU-r000:q000:d32,CP-AU-r000,128,west-west,E,certified_reference,0.0,0,False,False,True,15751037287/1000000,15751037287/1000000,366656,366656,0.46782727539539337,0.4679037816822529
BB,BB_quality,CP-AU-r000:q000:d32,CP-AU-r000,128,west-west,J,existing_frozen,4.323155,864631/200000,True,False,False,15380574411/1000000,7692448783/500000,5193643,741831,4.006259705871344,0.9500301331281662
BB,BB_quality,CP-AU-r000:q000:d32,CP-AU-r000,128,west-west,J,certified_reference,0.0,0,False,False,True,15380574411/1000000,15380574411/1000000,741831,741831,0.9432403035461903,0.9500301331281662
BB,BB_quality,CP-AU-r000:q000:d32,CP-AU-r000,128,west-west,W,existing_frozen,13.070778,6535389/500000,True,False,False,15380574411/1000000,15393645189/1000000,4632898,339636,3.234782662242651,0.43372637405991554
BB,BB_quality,CP-AU-r000:q000:d32,CP-AU-r000,128,west-west,W,certified_reference,0.0,0,False,False,True,15380574411/1000000,15380574411/1000000,339636,339636,0.4358257055282593,0.43372637405991554
BB,BB_quality,CP-AU-r000:q001:d08,CP-AU-r000,16,west-west,A,existing_frozen,0.0,0,False,False,True,4301461749/1000000,4301461749/1000000,37830,20793,0.02742747589945793,0.009102854877710342
BB,BB_quality,CP-AU-r000:q001:d08,CP-AU-r000,16,west-west,A,certified_reference,0.0,0,False,False,True,4301461749/1000000,4301461749/1000000,20794,20793,0.007931306958198547,0.009102854877710342
BB,BB_quality,CP-AU-r000:q001:d08,CP-AU-r000,16,west-west,E,existing_frozen,0.0,0,False,False,True,4301461749/1000000,4301461749/1000000,43429,26032,0.02786615490913391,0.009326957166194916
BB,BB_quality,CP-AU-r000:q001:d08,CP-AU-r000,16,west-west,E,certified_reference,0.0,0,False,False,True,4301461749/1000000,4301461749/1000000,26033,26032,0.008166775107383728,0.009326957166194916
BB,BB_quality,CP-AU-r000:q001:d08,CP-AU-r000,16,west-west,J,existing_frozen,0.0,0,False,False,True,4301461749/1000000,4301461749/1000000,48586,30473,0.026695866137742996,0.008461680263280869
BB,BB_quality,CP-AU-r000:q001:d08,CP-AU-r000,16,west-west,J,certified_reference,0.0,0,False,False,True,4301461749/1000000,4301461749/1000000,30474,30473,0.0071326978504657745,0.008461680263280869
BB,BB_quality,CP-AU-r000:q001:d08,CP-AU-r000,16,west-west,W,existing_frozen,0.0,0,False,False,True,4301461749/1000000,4301461749/1000000,42987,25234,0.026580404490232468,0.008242625743150711
BB,BB_quality,CP-AU-r000:q001:d08,CP-AU-r000,16,west-west,W,certified_reference,0.0,0,False,False,True,4301461749/1000000,4301461749/1000000,25235,25234,0.0070104338228702545,0.008242625743150711
BB,BB_quality,CP-AU-r000:q001:d16,CP-AU-r000,64,west-west,A,existing_frozen,0.0,0,False,False,True,2102225723/250000,2102225723/250000,785923,139608,0.7015526182949543,0.1914561167359352
BB,BB_quality,CP-AU-r000:q001:d16,CP-AU-r000,64,west-west,A,certified_reference,0.0,0,False,False,True,2102225723/250000,2102225723/250000,139608,139608,0.19123607873916626,0.1914561167359352
BB,BB_quality,CP-AU-r000:q001:d16,CP-AU-r000,64,west-west,E,existing_frozen,7.403463,7403463/1000000,True,False,False,8366732457/1000000,104676699/12500,915595,127564,0.8692327700555325,0.16775523498654366
BB,BB_quality,CP-AU-r000:q001:d16,CP-AU-r000,64,west-west,E,certified_reference,0.0,0,False,False,True,8366732457/1000000,8366732457/1000000,127564,127564,0.1683005914092064,0.16775523498654366
BB,BB_quality,CP-AU-r000:q001:d16,CP-AU-r000,64,west-west,J,existing_frozen,0.0,0,False,False,True,4141894539/500000,4141894539/500000,1091238,346540,1.0969596169888973,0.44554198905825615
BB,BB_quality,CP-AU-r000:q001:d16,CP-AU-r000,64,west-west,J,certified_reference,0.0,0,False,False,True,4141894539/500000,4141894539/500000,337570,346540,0.43483617529273033,0.44554198905825615
BB,BB_quality,CP-AU-r000:q001:d16,CP-AU-r000,64,west-west,W,existing_frozen,0.0,0,False,False,True,2072120771/250000,2072120771/250000,797969,122376,0.7142244763672352,0.15279695764183998
BB,BB_quality,CP-AU-r000:q001:d16,CP-AU-r000,64,west-west,W,certified_reference,0.0,0,False,False,True,2072120771/250000,2072120771/250000,137540,122376,0.17068077623844147,0.15279695764183998
BB,BB_quality,CP-AU-r000:q001:d32,CP-AU-r000,128,west-west,A,existing_frozen,304.083455,60816691/200000,True,False,False,317318601/20000,3234002701/200000,4812348,289620,3.425452332943678,0.38409895449876785
BB,BB_quality,CP-AU-r000:q001:d32,CP-AU-r000,128,west-west,A,certified_reference,0.0,0,False,False,True,317318601/20000,317318601/20000,289620,289620,0.3854410797357559,0.38409895449876785
BB,BB_quality,CP-AU-r000:q001:d32,CP-AU-r000,128,west-west,E,existing_frozen,40.374722,20187361/500000,True,False,False,15751037287/1000000,15791412009/1000000,4632153,366656,3.2680724896490574,0.4725533574819565
BB,BB_quality,CP-AU-r000:q001:d32,CP-AU-r000,128,west-west,E,certified_reference,0.0,0,False,False,True,15751037287/1000000,15751037287/1000000,366656,366656,0.6863287650048733,0.4725533574819565
BB,BB_quality,CP-AU-r000:q001:d32,CP-AU-r000,128,west-west,J,existing_frozen,4.323155,864631/200000,True,False,False,15380574411/1000000,7692448783/500000,5193643,741831,3.992462418973446,0.9379127137362957
BB,BB_quality,CP-AU-r000:q001:d32,CP-AU-r000,128,west-west,J,certified_reference,0.0,0,False,False,True,15380574411/1000000,15380574411/1000000,741831,741831,0.9358069263398647,0.9379127137362957
BB,BB_quality,CP-AU-r000:q001:d32,CP-AU-r000,128,west-west,W,existing_frozen,13.070778,6535389/500000,True,False,False,15380574411/1000000,15393645189/1000000,4632898,339636,3.2650856599211693,0.44480786472558975
BB,BB_quality,CP-AU-r000:q001:d32,CP-AU-r000,128,west-west,W,certified_reference,0.0,0,False,False,True,15380574411/1000000,15380574411/1000000,339636,339636,0.43459195643663406,0.44480786472558975
BB,BB_quality,CP-AU-r000:q002:d08,CP-AU-r000,16,west-west,A,existing_frozen,0.0,0,False,False,True,4240098571/1000000,4240098571/1000000,37615,20738,0.02756591886281967,0.008946415036916733
BB,BB_quality,CP-AU-r000:q002:d08,CP-AU-r000,16,west-west,A,certified_reference,0.0,0,False,False,True,4240098571/1000000,4240098571/1000000,20739,20738,0.008159313350915909,0.008946415036916733
BB,BB_quality,CP-AU-r000:q002:d08,CP-AU-r000,16,west-west,E,existing_frozen,0.0,0,False,False,True,4240098571/1000000,4240098571/1000000,43214,25977,0.02800072357058525,0.009292613714933395
BB,BB_quality,CP-AU-r000:q002:d08,CP-AU-r000,16,west-west,E,certified_reference,0.0,0,False,False,True,4240098571/1000000,4240098571/1000000,25978,25977,0.008016768842935562,0.009292613714933395
BB,BB_quality,CP-AU-r000:q002:d08,CP-AU-r000,16,west-west,J,existing_frozen,0.0,0,False,False,True,4240098571/1000000,4240098571/1000000,48387,30465,0.0269438698887825,0.009119916707277298
BB,BB_quality,CP-AU-r000:q002:d08,CP-AU-r000,16,west-west,J,certified_reference,0.0,0,False,False,True,4240098571/1000000,4240098571/1000000,30466,30465,0.00756603479385376,0.009119916707277298
BB,BB_quality,CP-AU-r000:q002:d08,CP-AU-r000,16,west-west,W,existing_frozen,0.0,0,False,False,True,4240098571/1000000,4240098571/1000000,42788,25226,0.026809509843587875,0.008455593138933182
BB,BB_quality,CP-AU-r000:q002:d08,CP-AU-r000,16,west-west,W,certified_reference,0.0,0,False,False,True,4240098571/1000000,4240098571/1000000,25227,25226,0.007104329764842987,0.008455593138933182
BB,BB_quality,CP-AU-r000:q002:d16,CP-AU-r000,64,west-west,A,existing_frozen,0.0,0,False,False,True,8388898201/1000000,8388898201/1000000,756689,201187,0.6792526692152023,0.26892435923218727
BB,BB_quality,CP-AU-r000:q002:d16,CP-AU-r000,64,west-west,A,certified_reference,0.0,0,False,False,True,8388898201/1000000,8388898201/1000000,201187,201187,0.2691258266568184,0.26892435923218727
BB,BB_quality,CP-AU-r000:q002:d16,CP-AU-r000,64,west-west,E,existing_frozen,-13.157273,-13157273/1000000,False,True,False,4183644251/500000,8354131229/1000000,883238,331960,0.8348646759986877,0.4416394345462322
BB,BB_quality,CP-AU-r000:q002:d16,CP-AU-r000,64,west-west,E,certified_reference,0.0,0,False,False,True,4183644251/500000,4183644251/500000,331960,331960,0.4424193724989891,0.4416394345462322
BB,BB_quality,CP-AU-r000:q002:d16,CP-AU-r000,64,west-west,J,existing_frozen,0.0,0,False,False,True,4134442851/500000,4134442851/500000,1047563,463178,1.0463430918753147,0.5941910482943058
BB,BB_quality,CP-AU-r000:q002:d16,CP-AU-r000,64,west-west,J,certified_reference,0.0,0,False,False,True,4134442851/500000,4134442851/500000,463179,463178,0.6076441630721092,0.5941910482943058
BB,BB_quality,CP-AU-r000:q002:d16,CP-AU-r000,64,west-west,W,existing_frozen,0.0,0,False,False,True,8293354009/1000000,8293354009/1000000,716675,170426,0.6191503182053566,0.21941744536161423
BB,BB_quality,CP-AU-r000:q002:d16,CP-AU-r000,64,west-west,W,certified_reference,0.0,0,False,False,True,8293354009/1000000,8293354009/1000000,170427,170426,0.21953584626317024,0.21941744536161423
BB,BB_quality,CP-AU-r000:q002:d32,CP-AU-r000,128,west-west,A,existing_frozen,345.735362,172867681/500000,True,False,False,7883572177/500000,4028219929/250000,4811291,290548,3.442771077156067,0.40981656312942505
BB,BB_quality,CP-AU-r000:q002:d32,CP-AU-r000,128,west-west,A,certified_reference,0.0,0,False,False,True,7883572177/500000,7883572177/500000,290548,290548,0.3899674080312252,0.40981656312942505
BB,BB_quality,CP-AU-r000:q002:d32,CP-AU-r000,128,west-west,E,existing_frozen,394.209643,394209643/1000000,True,False,False,7671770633/500000,15737750909/1000000,4668822,535361,3.3201210759580135,0.6981330886483192
BB,BB_quality,CP-AU-r000:q002:d32,CP-AU-r000,128,west-west,E,certified_reference,0.0,0,False,False,True,7671770633/500000,7671770633/500000,535361,535361,0.6966198906302452,0.6981330886483192
BB,BB_quality,CP-AU-r000:q002:d32,CP-AU-r000,128,west-west,J,existing_frozen,4.323155,864631/200000,True,False,False,7671770633/500000,15347864421/1000000,5001189,1546063,3.767887968569994,1.9554244354367256
BB,BB_quality,CP-AU-r000:q002:d32,CP-AU-r000,128,west-west,J,certified_reference,0.0,0,False,False,True,7671770633/500000,7671770633/500000,1546063,1546063,1.952486366033554,1.9554244354367256
BB,BB_quality,CP-AU-r000:q002:d32,CP-AU-r000,128,west-west,W,existing_frozen,0.0,0,False,False,True,7671770633/500000,7671770633/500000,4700742,554815,3.3365278132259846,0.7311270907521248
BB,BB_quality,CP-AU-r000:q002:d32,CP-AU-r000,128,west-west,W,certified_reference,0.0,0,False,False,True,7671770633/500000,7671770633/500000,554815,554815,0.7352223917841911,0.7311270907521248
BB,BB_quality,CP-AU-r000:q003:d08,CP-AU-r000,16,west-west,A,existing_frozen,0.0,0,False,False,True,4240098571/1000000,4240098571/1000000,37615,20738,0.0274912528693676,0.009031951427459717
BB,BB_quality,CP-AU-r000:q003:d08,CP-AU-r000,16,west-west,A,certified_reference,0.0,0,False,False,True,4240098571/1000000,4240098571/1000000,20739,20738,0.007797174155712128,0.009031951427459717
BB,BB_quality,CP-AU-r000:q003:d08,CP-AU-r000,16,west-west,E,existing_frozen,0.0,0,False,False,True,4240098571/1000000,4240098571/1000000,43214,25977,0.02771921455860138,0.009296033531427383
BB,BB_quality,CP-AU-r000:q003:d08,CP-AU-r000,16,west-west,E,certified_reference,0.0,0,False,False,True,4240098571/1000000,4240098571/1000000,25978,25977,0.008002854883670807,0.009296033531427383
BB,BB_quality,CP-AU-r000:q003:d08,CP-AU-r000,16,west-west,J,existing_frozen,0.0,0,False,False,True,4240098571/1000000,4240098571/1000000,48387,30465,0.026857774704694748,0.00852380320429802
BB,BB_quality,CP-AU-r000:q003:d08,CP-AU-r000,16,west-west,J,certified_reference,0.0,0,False,False,True,4240098571/1000000,4240098571/1000000,30466,30465,0.007226776331663132,0.00852380320429802
BB,BB_quality,CP-AU-r000:q003:d08,CP-AU-r000,16,west-west,W,existing_frozen,0.0,0,False,False,True,4240098571/1000000,4240098571/1000000,42788,25226,0.026821695268154144,0.008381299674510956
BB,BB_quality,CP-AU-r000:q003:d08,CP-AU-r000,16,west-west,W,certified_reference,0.0,0,False,False,True,4240098571/1000000,4240098571/1000000,25227,25226,0.007046934217214584,0.008381299674510956
BB,BB_quality,CP-AU-r000:q003:d16,CP-AU-r000,64,west-west,A,existing_frozen,0.0,0,False,False,True,8388898201/1000000,8388898201/1000000,756689,201187,0.6761881858110428,0.2678012438118458
BB,BB_quality,CP-AU-r000:q003:d16,CP-AU-r000,64,west-west,A,certified_reference,0.0,0,False,False,True,8388898201/1000000,8388898201/1000000,201187,201187,0.26860084384679794,0.2678012438118458
BB,BB_quality,CP-AU-r000:q003:d16,CP-AU-r000,64,west-west,E,existing_frozen,-13.157273,-13157273/1000000,False,True,False,4183644251/500000,8354131229/1000000,883238,331960,0.834697064012289,0.4396343268454075
BB,BB_quality,CP-AU-r000:q003:d16,CP-AU-r000,64,west-west,E,certified_reference,0.0,0,False,False,True,4183644251/500000,4183644251/500000,331960,331960,0.4392530135810375,0.4396343268454075
BB,BB_quality,CP-AU-r000:q003:d16,CP-AU-r000,64,west-west,J,existing_frozen,0.0,0,False,False,True,4134442851/500000,4134442851/500000,1047563,463178,1.040658839046955,0.5935320183634758
BB,BB_quality,CP-AU-r000:q003:d16,CP-AU-r000,64,west-west,J,certified_reference,0.0,0,False,False,True,4134442851/500000,4134442851/500000,463179,463178,0.5944630280137062,0.5935320183634758
BB,BB_quality,CP-AU-r000:q003:d16,CP-AU-r000,64,west-west,W,existing_frozen,0.0,0,False,False,True,8293354009/1000000,8293354009/1000000,716675,170426,0.6199584528803825,0.21850301697850227
BB,BB_quality,CP-AU-r000:q003:d16,CP-AU-r000,64,west-west,W,certified_reference,0.0,0,False,False,True,8293354009/1000000,8293354009/1000000,170427,170426,0.21822378411889076,0.21850301697850227
BB,BB_quality,CP-AU-r000:q003:d32,CP-AU-r000,128,west-west,A,existing_frozen,304.083455,60816691/200000,True,False,False,15721578181/1000000,4006415409/250000,4773477,288811,3.3956457301974297,0.38436299934983253
BB,BB_quality,CP-AU-r000:q003:d32,CP-AU-r000,128,west-west,A,certified_reference,0.0,0,False,False,True,15721578181/1000000,15721578181/1000000,288811,288811,0.3813970610499382,0.38436299934983253
BB,BB_quality,CP-AU-r000:q003:d32,CP-AU-r000,128,west-west,E,existing_frozen,40.374722,20187361/500000,True,False,False,7803342709/500000,782353007/50000,4616893,369860,3.272813118994236,0.4857362471520901
BB,BB_quality,CP-AU-r000:q003:d32,CP-AU-r000,128,west-west,E,certified_reference,0.0,0,False,False,True,7803342709/500000,7803342709/500000,369860,369860,0.47514358162879944,0.4857362471520901
BB,BB_quality,CP-AU-r000:q003:d32,CP-AU-r000,128,west-west,J,existing_frozen,4.323155,864631/200000,True,False,False,15252850497/1000000,3814293413/250000,4968397,795873,3.7267610169947147,1.0137948989868164
BB,BB_quality,CP-AU-r000:q003:d32,CP-AU-r000,128,west-west,J,certified_reference,0.0,0,False,False,True,15252850497/1000000,15252850497/1000000,795873,795873,1.0091884844005108,1.0137948989868164
BB,BB_quality,CP-AU-r000:q003:d32,CP-AU-r000,128,west-west,W,existing_frozen,419.69846,20984923/50000,True,False,False,15252850497/1000000,15672548957/1000000,4643036,339332,3.4619060941040516,0.43127870559692383
BB,BB_quality,CP-AU-r000:q003:d32,CP-AU-r000,128,west-west,W,certified_reference,0.0,0,False,False,True,15252850497/1000000,15252850497/1000000,339332,339332,0.43561843782663345,0.43127870559692383
BB,BB_quality,CP-AU-r000:q004:d08,CP-AU-r000,16,east-east,A,existing_frozen,0.0,0,False,False,True,48599179/12500,48599179/12500,39117,21066,0.029446560889482498,0.009587656706571579
BB,BB_quality,CP-AU-r000:q004:d08,CP-AU-r000,16,east-east,A,certified_reference,0.0,0,False,False,True,48599179/12500,48599179/12500,21067,21066,0.00851491466164589,0.009587656706571579
BB,BB_quality,CP-AU-r000:q004:d08,CP-AU-r000,16,east-east,E,existing_frozen,0.0,0,False,False,True,48599179/12500,48599179/12500,44423,26533,0.028529569506645203,0.010074872523546219
BB,BB_quality,CP-AU-r000:q004:d08,CP-AU-r000,16,east-east,E,certified_reference,0.0,0,False,False,True,48599179/12500,48599179/12500,26534,26533,0.008921723812818527,0.010074872523546219
BB,BB_quality,CP-AU-r000:q004:d08,CP-AU-r000,16,east-east,J,existing_frozen,0.0,0,False,False,True,48599179/12500,48599179/12500,49570,31583,0.028336424380540848,0.01039694994688034
BB,BB_quality,CP-AU-r000:q004:d08,CP-AU-r000,16,east-east,J,certified_reference,0.0,0,False,False,True,48599179/12500,48599179/12500,31584,31583,0.00897127389907837,0.01039694994688034
BB,BB_quality,CP-AU-r000:q004:d08,CP-AU-r000,16,east-east,W,existing_frozen,0.0,0,False,False,True,48599179/12500,48599179/12500,44264,26116,0.030719123780727386,0.009863823652267456
BB,BB_quality,CP-AU-r000:q004:d08,CP-AU-r000,16,east-east,W,certified_reference,0.0,0,False,False,True,48599179/12500,48599179/12500,26117,26116,0.008722521364688873,0.009863823652267456
BB,BB_quality,CP-AU-r000:q004:d16,CP-AU-r000,64,east-east,A,existing_frozen,138.573822,69286911/500000,True,False,False,481731921/62500,3923142279/500000,692187,151455,0.5880235061049461,0.20204568281769753
BB,BB_quality,CP-AU-r000:q004:d16,CP-AU-r000,64,east-east,A,certified_reference,0.0,0,False,False,True,481731921/62500,481731921/62500,151455,151455,0.20207010582089424,0.20204568281769753
BB,BB_quality,CP-AU-r000:q004:d16,CP-AU-r000,64,east-east,E,existing_frozen,57.256077,57256077/1000000,True,False,False,3844838289/500000,1549386531/200000,765389,244800,0.6855634413659573,0.3233330622315407
BB,BB_quality,CP-AU-r000:q004:d16,CP-AU-r000,64,east-east,E,certified_reference,0.0,0,False,False,True,3844838289/500000,3844838289/500000,244800,244800,0.3221735544502735,0.3233330622315407
BB,BB_quality,CP-AU-r000:q004:d16,CP-AU-r000,64,east-east,J,existing_frozen,-21.293694,-10646847/500000,False,True,False,7753698391/1000000,7732404697/1000000,824637,461968,0.7574886679649353,0.6016376651823521
BB,BB_quality,CP-AU-r000:q004:d16,CP-AU-r000,64,east-east,J,certified_reference,0.0,0,False,False,True,7753698391/1000000,7753698391/1000000,461969,461968,0.6006836965680122,0.6016376651823521
BB,BB_quality,CP-AU-r000:q004:d16,CP-AU-r000,64,east-east,W,existing_frozen,39.005754,19502877/500000,True,False,False,3901408561/500000,1960455719/250000,735514,221971,0.638179924339056,0.29327770695090294
BB,BB_quality,CP-AU-r000:q004:d16,CP-AU-r000,64,east-east,W,certified_reference,0.0,0,False,False,True,3901408561/500000,3901408561/500000,221971,221971,0.2951642945408821,0.29327770695090294
BB,BB_quality,CP-AU-r000:q004:d32,CP-AU-r000,128,east-east,A,existing_frozen,179.454309,179454309/1000000,True,False,False,7852627717/500000,15884709743/1000000,4880970,231982,3.530763227492571,0.29847506806254387
BB,BB_quality,CP-AU-r000:q004:d32,CP-AU-r000,128,east-east,A,certified_reference,0.0,0,False,False,True,7852627717/500000,7852627717/500000,231982,231982,0.2986826002597809,0.29847506806254387
BB,BB_quality,CP-AU-r000:q004:d32,CP-AU-r000,128,east-east,E,existing_frozen,40.374722,20187361/500000,True,False,False,7734603107/500000,1938697617/125000,4676212,513264,3.3232232592999935,0.6619648970663548
BB,BB_quality,CP-AU-r000:q004:d32,CP-AU-r000,128,east-east,E,certified_reference,0.0,0,False,False,True,7734603107/500000,7734603107/500000,513264,513264,0.6650546118617058,0.6619648970663548
BB,BB_quality,CP-AU-r000:q004:d32,CP-AU-r000,128,east-east,J,existing_frozen,4.323155,864631/200000,True,False,False,15350599259/1000000,7677461207/500000,4889343,979428,3.6200858391821384,1.2414704784750938
BB,BB_quality,CP-AU-r000:q004:d32,CP-AU-r000,128,east-east,J,certified_reference,0.0,0,False,False,True,15350599259/1000000,15350599259/1000000,979428,979428,1.227525755763054,1.2414704784750938
BB,BB_quality,CP-AU-r000:q004:d32,CP-AU-r000,128,east-east,W,existing_frozen,147.152761,147152761/1000000,True,False,False,15619672269/1000000,1576682503/100000,4809664,541044,3.4358093217015266,0.7085689380764961
BB,BB_quality,CP-AU-r000:q004:d32,CP-AU-r000,128,east-east,W,certified_reference,0.0,0,False,False,True,15619672269/1000000,15619672269/1000000,541044,541044,0.7088602110743523,0.7085689380764961
BB,BB_quality,CP-AU-r000:q005:d08,CP-AU-r000,16,east-east,A,existing_frozen,0.0,0,False,False,True,64240946/15625,64240946/15625,38481,21134,0.0291384756565094,0.009839124977588654
BB,BB_quality,CP-AU-r000:q005:d08,CP-AU-r000,16,east-east,A,certified_reference,0.0,0,False,False,True,64240946/15625,64240946/15625,21135,21134,0.008733049035072327,0.009839124977588654
BB,BB_quality,CP-AU-r000:q005:d08,CP-AU-r000,16,east-east,E,existing_frozen,0.0,0,False,False,True,974273851/250000,974273851/250000,44232,26214,0.028903145343065262,0.00961141288280487
BB,BB_quality,CP-AU-r000:q005:d08,CP-AU-r000,16,east-east,E,certified_reference,0.0,0,False,False,True,974273851/250000,974273851/250000,26215,26214,0.00834745168685913,0.00961141288280487
BB,BB_quality,CP-AU-r000:q005:d08,CP-AU-r000,16,east-east,J,existing_frozen,0.0,0,False,False,True,974273851/250000,974273851/250000,49408,31266,0.028240375220775604,0.009661901742219925
BB,BB_quality,CP-AU-r000:q005:d08,CP-AU-r000,16,east-east,J,certified_reference,0.0,0,False,False,True,974273851/250000,974273851/250000,31267,31266,0.008350972086191177,0.009661901742219925
BB,BB_quality,CP-AU-r000:q005:d08,CP-AU-r000,16,east-east,W,existing_frozen,0.0,0,False,False,True,64240946/15625,64240946/15625,43657,26186,0.029679320752620697,0.010079499334096909
BB,BB_quality,CP-AU-r000:q005:d08,CP-AU-r000,16,east-east,W,certified_reference,0.0,0,False,False,True,64240946/15625,64240946/15625,26187,26186,0.008836779743432999,0.010079499334096909
BB,BB_quality,CP-AU-r000:q005:d16,CP-AU-r000,64,east-east,A,existing_frozen,98.639315,19727863/200000,True,False,False,1555589253/200000,393829279/50000,764627,95138,0.6826086528599262,0.1272001601755619
BB,BB_quality,CP-AU-r000:q005:d16,CP-AU-r000,64,east-east,A,certified_reference,0.0,0,False,False,True,1555589253/200000,1555589253/200000,95138,95138,0.12663444876670837,0.1272001601755619
BB,BB_quality,CP-AU-r000:q005:d16,CP-AU-r000,64,east-east,E,existing_frozen,31.660146,15830073/500000,True,False,False,7600939519/1000000,1526519933/200000,744988,230569,0.6494785733520985,0.3050580807030201
BB,BB_quality,CP-AU-r000:q005:d16,CP-AU-r000,64,east-east,E,certified_reference,0.0,0,False,False,True,7600939519/1000000,7600939519/1000000,230569,230569,0.30228259414434433,0.3050580807030201
BB,BB_quality,CP-AU-r000:q005:d16,CP-AU-r000,64,east-east,J,existing_frozen,-13.157273,-13157273/1000000,False,True,False,7636189059/1000000,3811515893/500000,895615,401958,1.0735942646861076,0.5230166129767895
BB,BB_quality,CP-AU-r000:q005:d16,CP-AU-r000,64,east-east,J,certified_reference,0.0,0,False,False,True,7636189059/1000000,7636189059/1000000,401959,401958,0.5207237899303436,0.5230166129767895
BB,BB_quality,CP-AU-r000:q005:d16,CP-AU-r000,64,east-east,W,existing_frozen,0.0,0,False,False,True,393829279/50000,393829279/50000,785943,159331,0.7038500905036926,0.20943578705191612
BB,BB_quality,CP-AU-r000:q005:d16,CP-AU-r000,64,east-east,W,certified_reference,0.0,0,False,False,True,393829279/50000,393829279/50000,159331,159331,0.21059239655733109,0.20943578705191612
BB,BB_quality,CP-AU-r000:q005:d32,CP-AU-r000,128,east-east,A,existing_frozen,179.454309,179454309/1000000,True,False,False,7852627717/500000,15884709743/1000000,4880970,231982,3.518964994698763,0.2993449233472347
BB,BB_quality,CP-AU-r000:q005:d32,CP-AU-r000,128,east-east,A,certified_reference,0.0,0,False,False,True,7852627717/500000,7852627717/500000,231982,231982,0.2986668087542057,0.2993449233472347
BB,BB_quality,CP-AU-r000:q005:d32,CP-AU-r000,128,east-east,E,existing_frozen,40.374722,20187361/500000,True,False,False,7734603107/500000,1938697617/125000,4676212,513264,3.3489507399499416,0.6720360331237316
BB,BB_quality,CP-AU-r000:q005:d32,CP-AU-r000,128,east-east,E,certified_reference,0.0,0,False,False,True,7734603107/500000,7734603107/500000,513264,513264,0.6627612896263599,0.6720360331237316
BB,BB_quality,CP-AU-r000:q005:d32,CP-AU-r000,128,east-east,J,existing_frozen,4.323155,864631/200000,True,False,False,15350599259/1000000,7677461207/500000,4889343,979428,3.6337392292916775,1.2556450366973877
BB,BB_quality,CP-AU-r000:q005:d32,CP-AU-r000,128,east-east,J,certified_reference,0.0,0,False,False,True,15350599259/1000000,15350599259/1000000,979428,979428,1.2713010013103485,1.2556450366973877
BB,BB_quality,CP-AU-r000:q005:d32,CP-AU-r000,128,east-east,W,existing_frozen,147.152761,147152761/1000000,True,False,False,15619672269/1000000,1576682503/100000,4809664,541044,3.4565442949533463,0.7056718058884144
BB,BB_quality,CP-AU-r000:q005:d32,CP-AU-r000,128,east-east,W,certified_reference,0.0,0,False,False,True,15619672269/1000000,15619672269/1000000,541044,541044,0.7075325585901737,0.7056718058884144
BB,BB_quality,CP-AU-r000:q006:d08,CP-AU-r000,16,west-west,A,existing_frozen,0.0,0,False,False,True,172589807/40000,172589807/40000,37757,20789,0.027420025318861008,0.009084511548280716
BB,BB_quality,CP-AU-r000:q006:d08,CP-AU-r000,16,west-west,A,certified_reference,0.0,0,False,False,True,172589807/40000,172589807/40000,20790,20789,0.0079214908182621,0.009084511548280716
BB,BB_quality,CP-AU-r000:q006:d08,CP-AU-r000,16,west-west,E,existing_frozen,0.0,0,False,False,True,172589807/40000,172589807/40000,43356,26028,0.02841297909617424,0.009673606604337692
BB,BB_quality,CP-AU-r000:q006:d08,CP-AU-r000,16,west-west,E,certified_reference,0.0,0,False,False,True,172589807/40000,172589807/40000,26029,26028,0.0082598477602005,0.009673606604337692
BB,BB_quality,CP-AU-r000:q006:d08,CP-AU-r000,16,west-west,J,existing_frozen,0.0,0,False,False,True,172589807/40000,172589807/40000,48494,30467,0.027099117636680603,0.009059019386768341
BB,BB_quality,CP-AU-r000:q006:d08,CP-AU-r000,16,west-west,J,certified_reference,0.0,0,False,False,True,172589807/40000,172589807/40000,30468,30467,0.00728723406791687,0.009059019386768341
BB,BB_quality,CP-AU-r000:q006:d08,CP-AU-r000,16,west-west,W,existing_frozen,0.0,0,False,False,True,172589807/40000,172589807/40000,42895,25228,0.02717667445540428,0.008420731872320175
BB,BB_quality,CP-AU-r000:q006:d08,CP-AU-r000,16,west-west,W,certified_reference,0.0,0,False,False,True,172589807/40000,172589807/40000,25229,25228,0.007042005658149719,0.008420731872320175
BB,BB_quality,CP-AU-r000:q006:d16,CP-AU-r000,64,west-west,A,existing_frozen,0.0,0,False,False,True,8388898201/1000000,8388898201/1000000,756689,201187,0.6714560575783253,0.2701165936887264
BB,BB_quality,CP-AU-r000:q006:d16,CP-AU-r000,64,west-west,A,certified_reference,0.0,0,False,False,True,8388898201/1000000,8388898201/1000000,201187,201187,0.2686638608574867,0.2701165936887264
BB,BB_quality,CP-AU-r000:q006:d16,CP-AU-r000,64,west-west,E,existing_frozen,-13.157273,-13157273/1000000,False,True,False,4183644251/500000,8354131229/1000000,883238,331960,0.8347393050789833,0.442522544413805
BB,BB_quality,CP-AU-r000:q006:d16,CP-AU-r000,64,west-west,E,certified_reference,0.0,0,False,False,True,4183644251/500000,4183644251/500000,331960,331960,0.4416334331035614,0.442522544413805
BB,BB_quality,CP-AU-r000:q006:d16,CP-AU-r000,64,west-west,J,existing_frozen,0.0,0,False,False,True,4134442851/500000,4134442851/500000,1047563,463178,1.0416768975555897,0.5973192267119884
BB,BB_quality,CP-AU-r000:q006:d16,CP-AU-r000,64,west-west,J,certified_reference,0.0,0,False,False,True,4134442851/500000,4134442851/500000,450756,463178,0.5785349570214748,0.5973192267119884
BB,BB_quality,CP-AU-r000:q006:d16,CP-AU-r000,64,west-west,W,existing_frozen,0.0,0,False,False,True,8293354009/1000000,8293354009/1000000,716675,170426,0.6201978959143162,0.2184414267539978
BB,BB_quality,CP-AU-r000:q006:d16,CP-AU-r000,64,west-west,W,certified_reference,0.0,0,False,False,True,8293354009/1000000,8293354009/1000000,149757,170426,0.19080888852477074,0.2184414267539978
BB,BB_quality,CP-AU-r000:q006:d32,CP-AU-r000,128,west-west,A,existing_frozen,345.735362,172867681/500000,True,False,False,7883572177/500000,4028219929/250000,4811291,290548,3.4611592181026936,0.3904515169560909
BB,BB_quality,CP-AU-r000:q006:d32,CP-AU-r000,128,west-west,A,certified_reference,0.0,0,False,False,True,7883572177/500000,7883572177/500000,290548,290548,0.389002300798893,0.3904515169560909
BB,BB_quality,CP-AU-r000:q006:d32,CP-AU-r000,128,west-west,E,existing_frozen,394.209643,394209643/1000000,True,False,False,7671770633/500000,15737750909/1000000,4668822,535361,3.296760819852352,0.7002245299518108
BB,BB_quality,CP-AU-r000:q006:d32,CP-AU-r000,128,west-west,E,certified_reference,0.0,0,False,False,True,7671770633/500000,7671770633/500000,535361,535361,0.6894936300814152,0.7002245299518108
BB,BB_quality,CP-AU-r000:q006:d32,CP-AU-r000,128,west-west,J,existing_frozen,4.323155,864631/200000,True,False,False,7671770633/500000,15347864421/1000000,5001189,1546063,3.754217278212309,1.9325379952788353
BB,BB_quality,CP-AU-r000:q006:d32,CP-AU-r000,128,west-west,J,certified_reference,0.0,0,False,False,True,7671770633/500000,7671770633/500000,1546063,1546063,1.9430436939001083,1.9325379952788353
BB,BB_quality,CP-AU-r000:q006:d32,CP-AU-r000,128,west-west,W,existing_frozen,0.0,0,False,False,True,7671770633/500000,7671770633/500000,4700742,554815,3.3369530513882637,0.7302415780723095
BB,BB_quality,CP-AU-r000:q006:d32,CP-AU-r000,128,west-west,W,certified_reference,0.0,0,False,False,True,7671770633/500000,7671770633/500000,554815,554815,0.727925181388855,0.7302415780723095
BB,BB_quality,CP-AU-r000:q007:d08,CP-AU-r000,16,west-west,A,existing_frozen,0.0,0,False,False,True,172589807/40000,172589807/40000,37757,20789,0.027698665857315063,0.009026769548654556
BB,BB_quality,CP-AU-r000:q007:d08,CP-AU-r000,16,west-west,A,certified_reference,0.0,0,False,False,True,172589807/40000,172589807/40000,20790,20789,0.007940001785755157,0.009026769548654556
BB,BB_quality,CP-AU-r000:q007:d08,CP-AU-r000,16,west-west,E,existing_frozen,0.0,0,False,False,True,172589807/40000,172589807/40000,43356,26028,0.02839011326432228,0.009720325469970703
BB,BB_quality,CP-AU-r000:q007:d08,CP-AU-r000,16,west-west,E,certified_reference,0.0,0,False,False,True,172589807/40000,172589807/40000,26029,26028,0.008462727069854736,0.009720325469970703
BB,BB_quality,CP-AU-r000:q007:d08,CP-AU-r000,16,west-west,J,existing_frozen,0.0,0,False,False,True,172589807/40000,172589807/40000,48494,30467,0.029256120324134827,0.010037973523139954
BB,BB_quality,CP-AU-r000:q007:d08,CP-AU-r000,16,west-west,J,certified_reference,0.0,0,False,False,True,172589807/40000,172589807/40000,30468,30467,0.009081508964300156,0.010037973523139954
BB,BB_quality,CP-AU-r000:q007:d08,CP-AU-r000,16,west-west,W,existing_frozen,0.0,0,False,False,True,172589807/40000,172589807/40000,42895,25228,0.02651238441467285,0.008290436118841171
BB,BB_quality,CP-AU-r000:q007:d08,CP-AU-r000,16,west-west,W,certified_reference,0.0,0,False,False,True,172589807/40000,172589807/40000,25229,25228,0.007012255489826202,0.008290436118841171
BB,BB_quality,CP-AU-r000:q007:d16,CP-AU-r000,64,west-west,A,existing_frozen,0.0,0,False,False,True,8388898201/1000000,8388898201/1000000,756689,201187,0.6702616177499294,0.2715068906545639
BB,BB_quality,CP-AU-r000:q007:d16,CP-AU-r000,64,west-west,A,certified_reference,0.0,0,False,False,True,8388898201/1000000,8388898201/1000000,201187,201187,0.26701247692108154,0.2715068906545639
BB,BB_quality,CP-AU-r000:q007:d16,CP-AU-r000,64,west-west,E,existing_frozen,-13.157273,-13157273/1000000,False,True,False,4183644251/500000,8354131229/1000000,883238,331960,0.8379444591701031,0.44000618532299995
BB,BB_quality,CP-AU-r000:q007:d16,CP-AU-r000,64,west-west,E,certified_reference,0.0,0,False,False,True,4183644251/500000,4183644251/500000,331960,331960,0.43907762318849564,0.44000618532299995
BB,BB_quality,CP-AU-r000:q007:d16,CP-AU-r000,64,west-west,J,existing_frozen,0.0,0,False,False,True,4134442851/500000,4134442851/500000,1047563,463178,1.0458397455513477,0.5934990383684635
BB,BB_quality,CP-AU-r000:q007:d16,CP-AU-r000,64,west-west,J,certified_reference,0.0,0,False,False,True,4134442851/500000,4134442851/500000,450756,463178,0.5826717428863049,0.5934990383684635
BB,BB_quality,CP-AU-r000:q007:d16,CP-AU-r000,64,west-west,W,existing_frozen,0.0,0,False,False,True,8293354009/1000000,8293354009/1000000,716675,170426,0.6172306500375271,0.22011582180857658
BB,BB_quality,CP-AU-r000:q007:d16,CP-AU-r000,64,west-west,W,certified_reference,0.0,0,False,False,True,8293354009/1000000,8293354009/1000000,149757,170426,0.189757090061903,0.22011582180857658
BB,BB_quality,CP-AU-r000:q007:d32,CP-AU-r000,128,west-west,A,existing_frozen,345.735362,172867681/500000,True,False,False,7883572177/500000,4028219929/250000,4811291,290548,3.4563674479722977,0.3909473605453968
BB,BB_quality,CP-AU-r000:q007:d32,CP-AU-r000,128,west-west,A,certified_reference,0.0,0,False,False,True,7883572177/500000,7883572177/500000,290548,290548,0.3887764625251293,0.3909473605453968
BB,BB_quality,CP-AU-r000:q007:d32,CP-AU-r000,128,west-west,E,existing_frozen,394.209643,394209643/1000000,True,False,False,7671770633/500000,15737750909/1000000,4668822,535361,3.32493145018816,0.6959009617567062
BB,BB_quality,CP-AU-r000:q007:d32,CP-AU-r000,128,west-west,E,certified_reference,0.0,0,False,False,True,7671770633/500000,7671770633/500000,535361,535361,0.7019914947450161,0.6959009617567062
BB,BB_quality,CP-AU-r000:q007:d32,CP-AU-r000,128,west-west,J,existing_frozen,4.323155,864631/200000,True,False,False,7671770633/500000,15347864421/1000000,5001189,1546063,3.77304482832551,1.9586602374911308
BB,BB_quality,CP-AU-r000:q007:d32,CP-AU-r000,128,west-west,J,certified_reference,0.0,0,False,False,True,7671770633/500000,7671770633/500000,1546063,1546063,1.9438382796943188,1.9586602374911308
BB,BB_quality,CP-AU-r000:q007:d32,CP-AU-r000,128,west-west,W,existing_frozen,0.0,0,False,False,True,7671770633/500000,7671770633/500000,4700742,554815,3.320073276758194,0.7268674820661545
BB,BB_quality,CP-AU-r000:q007:d32,CP-AU-r000,128,west-west,W,certified_reference,0.0,0,False,False,True,7671770633/500000,7671770633/500000,554815,554815,0.7276680134236813,0.7268674820661545
BB,BB_quality,CP-AU-r000:q008:d08,CP-AU-r000,16,east-east,A,existing_frozen,0.0,0,False,False,True,3874002673/1000000,3874002673/1000000,38025,21550,0.02821647748351097,0.010395023971796036
BB,BB_quality,CP-AU-r000:q008:d08,CP-AU-r000,16,east-east,A,certified_reference,0.0,0,False,False,True,3874002673/1000000,3874002673/1000000,21519,21550,0.009130574762821198,0.010395023971796036
BB,BB_quality,CP-AU-r000:q008:d08,CP-AU-r000,16,east-east,E,existing_frozen,0.0,0,False,False,True,3874002673/1000000,3874002673/1000000,43960,26964,0.02895684912800789,0.010881230235099792
BB,BB_quality,CP-AU-r000:q008:d08,CP-AU-r000,16,east-east,E,certified_reference,0.0,0,False,False,True,3874002673/1000000,3874002673/1000000,26965,26964,0.009625039994716644,0.010881230235099792
BB,BB_quality,CP-AU-r000:q008:d08,CP-AU-r000,16,east-east,J,existing_frozen,0.0,0,False,False,True,3874002673/1000000,3874002673/1000000,49436,32399,0.029084008187055588,0.011591892689466476
BB,BB_quality,CP-AU-r000:q008:d08,CP-AU-r000,16,east-east,J,certified_reference,0.0,0,False,False,True,3874002673/1000000,3874002673/1000000,32400,32399,0.01028463989496231,0.011591892689466476
BB,BB_quality,CP-AU-r000:q008:d08,CP-AU-r000,16,east-east,W,existing_frozen,0.0,0,False,False,True,3874002673/1000000,3874002673/1000000,43493,26835,0.02869841828942299,0.010945532470941544
BB,BB_quality,CP-AU-r000:q008:d08,CP-AU-r000,16,east-east,W,certified_reference,0.0,0,False,False,True,3874002673/1000000,3874002673/1000000,26809,26835,0.009666111320257187,0.010945532470941544
BB,BB_quality,CP-AU-r000:q008:d16,CP-AU-r000,64,east-east,A,existing_frozen,-187.462025,-7498481/40000,False,True,False,788686097/100000,1539879789/200000,834954,316793,0.7839395403862,0.42114510759711266
BB,BB_quality,CP-AU-r000:q008:d16,CP-AU-r000,64,east-east,A,certified_reference,0.0,0,False,False,True,788686097/100000,788686097/100000,316793,316793,0.41803719475865364,0.42114510759711266
BB,BB_quality,CP-AU-r000:q008:d16,CP-AU-r000,64,east-east,E,existing_frozen,-30.288248,-3786031/125000,False,True,False,782463471/100000,3897173231/500000,845881,224999,0.7878377698361874,0.2907930947840214
BB,BB_quality,CP-AU-r000:q008:d16,CP-AU-r000,64,east-east,E,certified_reference,0.0,0,False,False,True,782463471/100000,782463471/100000,222069,224999,0.2847333550453186,0.2907930947840214
BB,BB_quality,CP-AU-r000:q008:d16,CP-AU-r000,64,east-east,J,existing_frozen,0.0,0,False,False,True,1532083203/200000,1532083203/200000,1203247,339589,1.2434071749448776,0.42960263416171074
BB,BB_quality,CP-AU-r000:q008:d16,CP-AU-r000,64,east-east,J,certified_reference,0.0,0,False,False,True,1532083203/200000,1532083203/200000,339590,339589,0.4296266548335552,0.42960263416171074
BB,BB_quality,CP-AU-r000:q008:d16,CP-AU-r000,64,east-east,W,existing_frozen,-198.101204,-49525301/250000,False,True,False,7825178621/1000000,7627077417/1000000,867378,430535,0.8235744833946228,0.567573718726635
BB,BB_quality,CP-AU-r000:q008:d16,CP-AU-r000,64,east-east,W,certified_reference,0.0,0,False,False,True,7825178621/1000000,7825178621/1000000,430536,430535,0.5719108432531357,0.567573718726635
BB,BB_quality,CP-AU-r000:q008:d32,CP-AU-r000,128,east-east,A,existing_frozen,-123.997853,-123997853/1000000,False,True,False,16516715009/1000000,4098179289/250000,4734031,386132,3.362953420728445,0.5032120607793331
BB,BB_quality,CP-AU-r000:q008:d32,CP-AU-r000,128,east-east,A,certified_reference,0.0,0,False,False,True,16516715009/1000000,16516715009/1000000,386132,386132,0.49960891902446747,0.5032120607793331
BB,BB_quality,CP-AU-r000:q008:d32,CP-AU-r000,128,east-east,E,existing_frozen,-75.965693,-75965693/1000000,False,True,False,15175446509/1000000,943717551/62500,4894434,170400,3.815493978559971,0.20850397273898125
BB,BB_quality,CP-AU-r000:q008:d32,CP-AU-r000,128,east-east,E,certified_reference,0.0,0,False,False,True,15175446509/1000000,15175446509/1000000,170400,170400,0.2090090475976467,0.20850397273898125
BB,BB_quality,CP-AU-r000:q008:d32,CP-AU-r000,128,east-east,J,existing_frozen,0.0,0,False,False,True,227039503/15625,227039503/15625,5675634,462559,4.621420659124851,0.5909768752753735
BB,BB_quality,CP-AU-r000:q008:d32,CP-AU-r000,128,east-east,J,certified_reference,0.0,0,False,False,True,227039503/15625,227039503/15625,462559,462559,0.5876229479908943,0.5909768752753735
BB,BB_quality,CP-AU-r000:q008:d32,CP-AU-r000,128,east-east,W,existing_frozen,-176.749875,-1413999/8000,False,True,False,319381623/20000,631693251/40000,5354266,234689,4.2096987292170525,0.29740261659026146
BB,BB_quality,CP-AU-r000:q008:d32,CP-AU-r000,128,east-east,W,certified_reference,0.0,0,False,False,True,319381623/20000,319381623/20000,234689,234689,0.29693491011857986,0.29740261659026146
BB,BB_quality,CP-AU-r000:q009:d08,CP-AU-r000,16,east-east,A,existing_frozen,0.0,0,False,False,True,3632421881/1000000,3632421881/1000000,37640,20949,0.028284873813390732,0.009622376412153244
BB,BB_quality,CP-AU-r000:q009:d08,CP-AU-r000,16,east-east,A,certified_reference,0.0,0,False,False,True,3632421881/1000000,3632421881/1000000,20894,20949,0.00810788944363594,0.009622376412153244
BB,BB_quality,CP-AU-r000:q009:d08,CP-AU-r000,16,east-east,E,existing_frozen,0.0,0,False,False,True,3632421881/1000000,3632421881/1000000,43512,26216,0.029406093060970306,0.00981936976313591
BB,BB_quality,CP-AU-r000:q009:d08,CP-AU-r000,16,east-east,E,certified_reference,0.0,0,False,False,True,3632421881/1000000,3632421881/1000000,26217,26216,0.008422203361988068,0.00981936976313591
BB,BB_quality,CP-AU-r000:q009:d08,CP-AU-r000,16,east-east,J,existing_frozen,0.0,0,False,False,True,3632421881/1000000,3632421881/1000000,48882,31308,0.028630249202251434,0.009848091751337051
BB,BB_quality,CP-AU-r000:q009:d08,CP-AU-r000,16,east-east,J,certified_reference,0.0,0,False,False,True,3632421881/1000000,3632421881/1000000,31309,31308,0.008517291396856308,0.009848091751337051
BB,BB_quality,CP-AU-r000:q009:d08,CP-AU-r000,16,east-east,W,existing_frozen,0.0,0,False,False,True,3632421881/1000000,3632421881/1000000,43018,26017,0.02860550954937935,0.009892165660858154
BB,BB_quality,CP-AU-r000:q009:d08,CP-AU-r000,16,east-east,W,certified_reference,0.0,0,False,False,True,3632421881/1000000,3632421881/1000000,25995,26017,0.008458469063043594,0.009892165660858154
BB,BB_quality,CP-AU-r000:q009:d16,CP-AU-r000,64,east-east,A,existing_frozen,-187.462025,-7498481/40000,False,True,False,788686097/100000,1539879789/200000,834954,316793,0.782747432589531,0.4174218140542507
BB,BB_quality,CP-AU-r000:q009:d16,CP-AU-r000,64,east-east,A,certified_reference,0.0,0,False,False,True,788686097/100000,788686097/100000,316793,316793,0.41985826194286346,0.4174218140542507
BB,BB_quality,CP-AU-r000:q009:d16,CP-AU-r000,64,east-east,E,existing_frozen,-30.288248,-3786031/125000,False,True,False,782463471/100000,3897173231/500000,845881,224999,0.7905248254537582,0.29415054246783257
BB,BB_quality,CP-AU-r000:q009:d16,CP-AU-r000,64,east-east,E,certified_reference,0.0,0,False,False,True,782463471/100000,782463471/100000,222069,224999,0.29071734845638275,0.29415054246783257
BB,BB_quality,CP-AU-r000:q009:d16,CP-AU-r000,64,east-east,J,existing_frozen,0.0,0,False,False,True,1532083203/200000,1532083203/200000,1203247,339589,1.255763940513134,0.43408384919166565
BB,BB_quality,CP-AU-r000:q009:d16,CP-AU-r000,64,east-east,J,certified_reference,0.0,0,False,False,True,1532083203/200000,1532083203/200000,339590,339589,0.4300467297434807,0.43408384919166565
BB,BB_quality,CP-AU-r000:q009:d16,CP-AU-r000,64,east-east,W,existing_frozen,-198.101204,-49525301/250000,False,True,False,7825178621/1000000,7627077417/1000000,867378,430535,0.8278031833469868,0.570363562554121
BB,BB_quality,CP-AU-r000:q009:d16,CP-AU-r000,64,east-east,W,certified_reference,0.0,0,False,False,True,7825178621/1000000,7825178621/1000000,430536,430535,0.5701464638113976,0.570363562554121
BB,BB_quality,CP-AU-r000:q009:d32,CP-AU-r000,128,east-east,A,existing_frozen,-123.997853,-123997853/1000000,False,True,False,16516715009/1000000,4098179289/250000,4734031,386132,3.3885334134101868,0.4982583373785019
BB,BB_quality,CP-AU-r000:q009:d32,CP-AU-r000,128,east-east,A,certified_reference,0.0,0,False,False,True,16516715009/1000000,16516715009/1000000,386132,386132,0.5016519203782082,0.4982583373785019
BB,BB_quality,CP-AU-r000:q009:d32,CP-AU-r000,128,east-east,E,existing_frozen,-75.965693,-75965693/1000000,False,True,False,15175446509/1000000,943717551/62500,4894434,170400,3.6225211583077908,0.20973340049386024
BB,BB_quality,CP-AU-r000:q009:d32,CP-AU-r000,128,east-east,E,certified_reference,0.0,0,False,False,True,15175446509/1000000,15175446509/1000000,170400,170400,0.2086031697690487,0.20973340049386024
BB,BB_quality,CP-AU-r000:q009:d32,CP-AU-r000,128,east-east,J,existing_frozen,0.0,0,False,False,True,227039503/15625,227039503/15625,5675634,462559,4.622159894555807,0.5894326493144035
BB,BB_quality,CP-AU-r000:q009:d32,CP-AU-r000,128,east-east,J,certified_reference,0.0,0,False,False,True,227039503/15625,227039503/15625,462559,462559,0.5886540524661541,0.5894326493144035
BB,BB_quality,CP-AU-r000:q009:d32,CP-AU-r000,128,east-east,W,existing_frozen,-176.749875,-1413999/8000,False,True,False,319381623/20000,631693251/40000,5354266,234689,4.24815110117197,0.3025462068617344
BB,BB_quality,CP-AU-r000:q009:d32,CP-AU-r000,128,east-east,W,certified_reference,0.0,0,False,False,True,319381623/20000,319381623/20000,234689,234689,0.30482011660933495,0.3025462068617344
BB,BB_quality,CP-AP-r000:q000:d08,CP-AP-r000,16,east-east,A,existing_frozen,0.0,0,False,False,True,1010698301/250000,1010698301/250000,35509,19902,0.03390523046255112,0.009921301156282425
BB,BB_quality,CP-AP-r000:q000:d08,CP-AP-r000,16,east-east,A,certified_reference,0.0,0,False,False,True,1010698301/250000,1010698301/250000,19903,19902,0.00869857519865036,0.009921301156282425
BB,BB_quality,CP-AP-r000:q000:d08,CP-AP-r000,16,east-east,E,existing_frozen,0.0,0,False,False,True,992603473/250000,992603473/250000,42105,24964,0.028295792639255524,0.00980817899107933
BB,BB_quality,CP-AP-r000:q000:d08,CP-AP-r000,16,east-east,E,certified_reference,0.0,0,False,False,True,992603473/250000,992603473/250000,24965,24964,0.00831911712884903,0.00980817899107933
BB,BB_quality,CP-AP-r000:q000:d08,CP-AP-r000,16,east-east,J,existing_frozen,0.0,0,False,False,True,992603473/250000,992603473/250000,47385,30124,0.02851174771785736,0.009688705205917358
BB,BB_quality,CP-AP-r000:q000:d08,CP-AP-r000,16,east-east,J,certified_reference,0.0,0,False,False,True,992603473/250000,992603473/250000,30125,30124,0.008631598204374313,0.009688705205917358
BB,BB_quality,CP-AP-r000:q000:d08,CP-AP-r000,16,east-east,W,existing_frozen,0.0,0,False,False,True,1010698301/250000,1010698301/250000,40789,25062,0.027473945170640945,0.010058924555778503
BB,BB_quality,CP-AP-r000:q000:d08,CP-AP-r000,16,east-east,W,certified_reference,0.0,0,False,False,True,1010698301/250000,1010698301/250000,25063,25062,0.008650016039609909,0.010058924555778503
BB,BB_quality,CP-AP-r000:q000:d16,CP-AP-r000,64,east-east,A,existing_frozen,5.843957,5843957/1000000,True,False,False,4211248471/500000,8428340899/1000000,700953,75879,0.5911090485751629,0.09616566449403763
BB,BB_quality,CP-AP-r000:q000:d16,CP-AP-r000,64,east-east,A,certified_reference,0.0,0,False,False,True,4211248471/500000,4211248471/500000,75879,75879,0.09623373299837112,0.09616566449403763
BB,BB_quality,CP-AP-r000:q000:d16,CP-AP-r000,64,east-east,E,existing_frozen,5.843957,5843957/1000000,True,False,False,3992204677/500000,7990253311/1000000,997908,161866,1.0730749890208244,0.21509768441319466
BB,BB_quality,CP-AP-r000:q000:d16,CP-AP-r000,64,east-east,E,certified_reference,0.0,0,False,False,True,3992204677/500000,3992204677/500000,161866,161866,0.21444327011704445,0.21509768441319466
BB,BB_quality,CP-AP-r000:q000:d16,CP-AP-r000,64,east-east,J,existing_frozen,8.493351,8493351/1000000,True,False,False,3967402443/500000,7943298237/1000000,936017,164264,0.9136943109333515,0.21037455648183823
BB,BB_quality,CP-AP-r000:q000:d16,CP-AP-r000,64,east-east,J,certified_reference,0.0,0,False,False,True,3967402443/500000,3967402443/500000,164264,164264,0.21027768030762672,0.21037455648183823
BB,BB_quality,CP-AP-r000:q000:d16,CP-AP-r000,64,east-east,W,existing_frozen,3.462464,54101/15625,True,False,False,8377190041/1000000,1676130501/200000,675497,82582,0.5682743899524212,0.1031862385571003
BB,BB_quality,CP-AP-r000:q000:d16,CP-AP-r000,64,east-east,W,certified_reference,0.0,0,False,False,True,8377190041/1000000,8377190041/1000000,82582,82582,0.10443873703479767,0.1031862385571003
BB,BB_quality,CP-AP-r000:q000:d32,CP-AP-r000,128,east-east,A,existing_frozen,-8.646741,-8646741/1000000,False,True,False,8331499777/500000,16654352813/1000000,5221751,150953,3.965657237917185,0.18395788595080376
BB,BB_quality,CP-AP-r000:q000:d32,CP-AP-r000,128,east-east,A,certified_reference,0.0,0,False,False,True,8331499777/500000,8331499777/500000,150953,150953,0.18328896909952164,0.18395788595080376
BB,BB_quality,CP-AP-r000:q000:d32,CP-AP-r000,128,east-east,E,existing_frozen,-39.220324,-9805081/250000,False,True,False,997377467/62500,3979704787/250000,5401595,155431,4.278213541954756,0.18579278141260147
BB,BB_quality,CP-AP-r000:q000:d32,CP-AP-r000,128,east-east,E,certified_reference,0.0,0,False,False,True,997377467/62500,997377467/62500,155431,155431,0.18605446070432663,0.18579278141260147
BB,BB_quality,CP-AP-r000:q000:d32,CP-AP-r000,128,east-east,J,existing_frozen,0.0,0,False,False,True,3066002983/200000,3066002983/200000,5630091,360895,4.58959961310029,0.44988423585891724
BB,BB_quality,CP-AP-r000:q000:d32,CP-AP-r000,128,east-east,J,certified_reference,0.0,0,False,False,True,3066002983/200000,3066002983/200000,360895,360895,0.44924699142575264,0.44988423585891724
BB,BB_quality,CP-AP-r000:q000:d32,CP-AP-r000,128,east-east,W,existing_frozen,-422.946417,-422946417/1000000,False,True,False,16038674181/1000000,3903931941/250000,4729741,181418,3.4232939183712006,0.22826748713850975
BB,BB_quality,CP-AP-r000:q000:d32,CP-AP-r000,128,east-east,W,certified_reference,0.0,0,False,False,True,16038674181/1000000,16038674181/1000000,181418,181418,0.2275877706706524,0.22826748713850975
BB,BB_quality,CP-AP-r000:q001:d08,CP-AP-r000,16,east-east,A,existing_frozen,0.0,0,False,False,True,1010698301/250000,1010698301/250000,35509,19902,0.028920695185661316,0.009847678244113922
BB,BB_quality,CP-AP-r000:q001:d08,CP-AP-r000,16,east-east,A,certified_reference,0.0,0,False,False,True,1010698301/250000,1010698301/250000,19903,19902,0.009691517800092697,0.009847678244113922
BB,BB_quality,CP-AP-r000:q001:d08,CP-AP-r000,16,east-east,E,existing_frozen,0.0,0,False,False,True,992603473/250000,992603473/250000,42105,24964,0.028248507529497147,0.009744729846715927
BB,BB_quality,CP-AP-r000:q001:d08,CP-AP-r000,16,east-east,E,certified_reference,0.0,0,False,False,True,992603473/250000,992603473/250000,24965,24964,0.008244115859270096,0.009744729846715927
BB,BB_quality,CP-AP-r000:q001:d08,CP-AP-r000,16,east-east,J,existing_frozen,0.0,0,False,False,True,992603473/250000,992603473/250000,47385,30124,0.027678683400154114,0.009552840143442154
BB,BB_quality,CP-AP-r000:q001:d08,CP-AP-r000,16,east-east,J,certified_reference,0.0,0,False,False,True,992603473/250000,992603473/250000,30125,30124,0.008357569575309753,0.009552840143442154
BB,BB_quality,CP-AP-r000:q001:d08,CP-AP-r000,16,east-east,W,existing_frozen,0.0,0,False,False,True,1010698301/250000,1010698301/250000,40789,25062,0.029376249760389328,0.0109732486307621
BB,BB_quality,CP-AP-r000:q001:d08,CP-AP-r000,16,east-east,W,certified_reference,0.0,0,False,False,True,1010698301/250000,1010698301/250000,25063,25062,0.010453999042510986,0.0109732486307621
BB,BB_quality,CP-AP-r000:q001:d16,CP-AP-r000,64,east-east,A,existing_frozen,5.843957,5843957/1000000,True,False,False,4211248471/500000,8428340899/1000000,700953,75879,0.5900527983903885,0.09648130089044571
BB,BB_quality,CP-AP-r000:q001:d16,CP-AP-r000,64,east-east,A,certified_reference,0.0,0,False,False,True,4211248471/500000,4211248471/500000,75879,75879,0.0958913192152977,0.09648130089044571
BB,BB_quality,CP-AP-r000:q001:d16,CP-AP-r000,64,east-east,E,existing_frozen,5.843957,5843957/1000000,True,False,False,3992204677/500000,7990253311/1000000,997908,161866,0.9898036792874336,0.21347786113619804
BB,BB_quality,CP-AP-r000:q001:d16,CP-AP-r000,64,east-east,E,certified_reference,0.0,0,False,False,True,3992204677/500000,3992204677/500000,161866,161866,0.2130286693572998,0.21347786113619804
BB,BB_quality,CP-AP-r000:q001:d16,CP-AP-r000,64,east-east,J,existing_frozen,8.493351,8493351/1000000,True,False,False,3967402443/500000,7943298237/1000000,936017,164264,0.9169514179229736,0.21118177846074104
BB,BB_quality,CP-AP-r000:q001:d16,CP-AP-r000,64,east-east,J,certified_reference,0.0,0,False,False,True,3967402443/500000,3967402443/500000,164264,164264,0.21155403554439545,0.21118177846074104
BB,BB_quality,CP-AP-r000:q001:d16,CP-AP-r000,64,east-east,W,existing_frozen,3.462464,54101/15625,True,False,False,8377190041/1000000,1676130501/200000,675497,82582,0.5623898953199387,0.10305290296673775
BB,BB_quality,CP-AP-r000:q001:d16,CP-AP-r000,64,east-east,W,certified_reference,0.0,0,False,False,True,8377190041/1000000,8377190041/1000000,82582,82582,0.10272674262523651,0.10305290296673775
BB,BB_quality,CP-AP-r000:q001:d32,CP-AP-r000,128,east-east,A,existing_frozen,-8.646741,-8646741/1000000,False,True,False,8331499777/500000,16654352813/1000000,5221751,150953,3.9783168993890285,0.18202441930770874
BB,BB_quality,CP-AP-r000:q001:d32,CP-AP-r000,128,east-east,A,certified_reference,0.0,0,False,False,True,8331499777/500000,8331499777/500000,150953,150953,0.1814996860921383,0.18202441930770874
BB,BB_quality,CP-AP-r000:q001:d32,CP-AP-r000,128,east-east,E,existing_frozen,-39.220324,-9805081/250000,False,True,False,997377467/62500,3979704787/250000,5401595,155431,4.230490762740374,0.18192316964268684
BB,BB_quality,CP-AP-r000:q001:d32,CP-AP-r000,128,east-east,E,certified_reference,0.0,0,False,False,True,997377467/62500,997377467/62500,155431,155431,0.18374846503138542,0.18192316964268684
BB,BB_quality,CP-AP-r000:q001:d32,CP-AP-r000,128,east-east,J,existing_frozen,0.0,0,False,False,True,3066002983/200000,3066002983/200000,5630091,360895,4.602770980447531,0.4453672021627426
BB,BB_quality,CP-AP-r000:q001:d32,CP-AP-r000,128,east-east,J,certified_reference,0.0,0,False,False,True,3066002983/200000,3066002983/200000,360895,360895,0.44785111770033836,0.4453672021627426
BB,BB_quality,CP-AP-r000:q001:d32,CP-AP-r000,128,east-east,W,existing_frozen,-422.946417,-422946417/1000000,False,True,False,16038674181/1000000,3903931941/250000,4729741,181418,3.4244881570339203,0.22482338175177574
BB,BB_quality,CP-AP-r000:q001:d32,CP-AP-r000,128,east-east,W,certified_reference,0.0,0,False,False,True,16038674181/1000000,16038674181/1000000,181418,181418,0.2265283465385437,0.22482338175177574
BB,BB_quality,CP-AP-r000:q002:d08,CP-AP-r000,16,east-east,A,existing_frozen,0.0,0,False,False,True,798925549/200000,798925549/200000,18807,18807,0.006424222141504288,0.007587660104036331
BB,BB_quality,CP-AP-r000:q002:d08,CP-AP-r000,16,east-east,A,certified_reference,0.0,0,False,False,True,798925549/200000,798925549/200000,18807,18807,0.006392884999513626,0.007587660104036331
BB,BB_quality,CP-AP-r000:q002:d08,CP-AP-r000,16,east-east,E,existing_frozen,0.0,0,False,False,True,798925549/200000,798925549/200000,23915,23915,0.0066321976482868195,0.007968846708536148
BB,BB_quality,CP-AP-r000:q002:d08,CP-AP-r000,16,east-east,E,certified_reference,0.0,0,False,False,True,798925549/200000,798925549/200000,23915,23915,0.006687290966510773,0.007968846708536148
BB,BB_quality,CP-AP-r000:q002:d08,CP-AP-r000,16,east-east,J,existing_frozen,0.0,0,False,False,True,798925549/200000,798925549/200000,29072,29072,0.006779462099075317,0.00807509571313858
BB,BB_quality,CP-AP-r000:q002:d08,CP-AP-r000,16,east-east,J,certified_reference,0.0,0,False,False,True,798925549/200000,798925549/200000,29072,29072,0.006758544594049454,0.00807509571313858
BB,BB_quality,CP-AP-r000:q002:d08,CP-AP-r000,16,east-east,W,existing_frozen,0.0,0,False,False,True,798925549/200000,798925549/200000,23964,23964,0.0067062415182590485,0.007980674505233765
BB,BB_quality,CP-AP-r000:q002:d08,CP-AP-r000,16,east-east,W,certified_reference,0.0,0,False,False,True,798925549/200000,798925549/200000,23964,23964,0.006701953709125519,0.007980674505233765
BB,BB_quality,CP-AP-r000:q002:d16,CP-AP-r000,64,east-east,A,existing_frozen,48.901082,24450541/500000,True,False,False,8491278609/1000000,8540179691/1000000,796602,98419,0.7127687521278858,0.1336827613413334
BB,BB_quality,CP-AP-r000:q002:d16,CP-AP-r000,64,east-east,A,certified_reference,0.0,0,False,False,True,8491278609/1000000,8491278609/1000000,98420,98419,0.1341581642627716,0.1336827613413334
BB,BB_quality,CP-AP-r000:q002:d16,CP-AP-r000,64,east-east,E,existing_frozen,3.257001,3257001/1000000,True,False,False,506566353/62500,8108318649/1000000,795958,106524,0.7248155027627945,0.14117615297436714
BB,BB_quality,CP-AP-r000:q002:d16,CP-AP-r000,64,east-east,E,certified_reference,0.0,0,False,False,True,506566353/62500,506566353/62500,106525,106524,0.14104168489575386,0.14117615297436714
BB,BB_quality,CP-AP-r000:q002:d16,CP-AP-r000,64,east-east,J,existing_frozen,-2.381493,-2381493/1000000,False,True,False,2015752937/250000,1612126051/200000,940785,222727,0.9363589808344841,0.2953602783381939
BB,BB_quality,CP-AP-r000:q002:d16,CP-AP-r000,64,east-east,J,certified_reference,0.0,0,False,False,True,2015752937/250000,2015752937/250000,222728,222727,0.29813721403479576,0.2953602783381939
BB,BB_quality,CP-AP-r000:q002:d16,CP-AP-r000,64,east-east,W,existing_frozen,46.519589,46519589/1000000,True,False,False,2111492927/250000,8492491297/1000000,741276,109648,0.6553412452340126,0.14384521543979645
BB,BB_quality,CP-AP-r000:q002:d16,CP-AP-r000,64,east-east,W,certified_reference,0.0,0,False,False,True,2111492927/250000,2111492927/250000,109649,109648,0.14353540539741516,0.14384521543979645
BB,BB_quality,CP-AP-r000:q002:d32,CP-AP-r000,128,east-east,A,existing_frozen,-8.646741,-8646741/1000000,False,True,False,3407110617/200000,2128363293/125000,5319963,156293,4.1075474470853806,0.19043979421257973
BB,BB_quality,CP-AP-r000:q002:d32,CP-AP-r000,128,east-east,A,certified_reference,0.0,0,False,False,True,3407110617/200000,3407110617/200000,156293,156293,0.18926557525992393,0.19043979421257973
BB,BB_quality,CP-AP-r000:q002:d32,CP-AP-r000,128,east-east,E,existing_frozen,-39.220324,-9805081/250000,False,True,False,3181003127/200000,15865795311/1000000,5274661,154464,4.123193234205246,0.18311766907572746
BB,BB_quality,CP-AP-r000:q002:d32,CP-AP-r000,128,east-east,E,certified_reference,0.0,0,False,False,True,3181003127/200000,3181003127/200000,154464,154464,0.18276169896125793,0.18311766907572746
BB,BB_quality,CP-AP-r000:q002:d32,CP-AP-r000,128,east-east,J,existing_frozen,0.0,0,False,False,True,7638495539/500000,7638495539/500000,6043481,360555,5.115042954683304,0.4478023424744606
BB,BB_quality,CP-AP-r000:q002:d32,CP-AP-r000,128,east-east,J,certified_reference,0.0,0,False,False,True,7638495539/500000,7638495539/500000,360555,360555,0.44579776376485825,0.4478023424744606
BB,BB_quality,CP-AP-r000:q002:d32,CP-AP-r000,128,east-east,W,existing_frozen,-422.946417,-422946417/1000000,False,True,False,256425433/15625,3197656259/200000,4834245,187254,3.5712786987423897,0.23513466864824295
BB,BB_quality,CP-AP-r000:q002:d32,CP-AP-r000,128,east-east,W,certified_reference,0.0,0,False,False,True,256425433/15625,256425433/15625,187254,187254,0.23134546354413033,0.23513466864824295
BB,BB_quality,CP-AP-r000:q003:d08,CP-AP-r000,16,east-east,A,existing_frozen,0.0,0,False,False,True,218569771/62500,218569771/62500,36939,19876,0.02805495634675026,0.009271275252103806
BB,BB_quality,CP-AP-r000:q003:d08,CP-AP-r000,16,east-east,A,certified_reference,0.0,0,False,False,True,218569771/62500,218569771/62500,19684,19876,0.007806990295648575,0.009271275252103806
BB,BB_quality,CP-AP-r000:q003:d08,CP-AP-r000,16,east-east,E,existing_frozen,0.0,0,False,False,True,218569771/62500,218569771/62500,42603,25003,0.028420340269804,0.009739585220813751
BB,BB_quality,CP-AP-r000:q003:d08,CP-AP-r000,16,east-east,E,certified_reference,0.0,0,False,False,True,218569771/62500,218569771/62500,24811,25003,0.008000921458005905,0.009739585220813751
BB,BB_quality,CP-AP-r000:q003:d08,CP-AP-r000,16,east-east,J,existing_frozen,0.0,0,False,False,True,1740626783/500000,1740626783/500000,47042,30502,0.027462877333164215,0.01005328819155693
BB,BB_quality,CP-AP-r000:q003:d08,CP-AP-r000,16,east-east,J,certified_reference,0.0,0,False,False,True,1740626783/500000,1740626783/500000,30452,30502,0.008644971996545792,0.01005328819155693
BB,BB_quality,CP-AP-r000:q003:d08,CP-AP-r000,16,east-east,W,existing_frozen,0.0,0,False,False,True,1740626783/500000,1740626783/500000,41372,25369,0.027445372194051743,0.010060694068670273
BB,BB_quality,CP-AP-r000:q003:d08,CP-AP-r000,16,east-east,W,certified_reference,0.0,0,False,False,True,1740626783/500000,1740626783/500000,25319,25369,0.008661068975925446,0.010060694068670273
BB,BB_quality,CP-AP-r000:q003:d16,CP-AP-r000,64,east-east,A,existing_frozen,0.0,0,False,False,True,305940877/40000,305940877/40000,697993,76385,0.589266911149025,0.09845508262515068
BB,BB_quality,CP-AP-r000:q003:d16,CP-AP-r000,64,east-east,A,certified_reference,0.0,0,False,False,True,305940877/40000,305940877/40000,76385,76385,0.09875888749957085,0.09845508262515068
BB,BB_quality,CP-AP-r000:q003:d16,CP-AP-r000,64,east-east,E,existing_frozen,0.508351,508351/1000000,True,False,False,7388372581/1000000,1847220233/250000,755174,99357,0.674665529280901,0.1264077126979828
BB,BB_quality,CP-AP-r000:q003:d16,CP-AP-r000,64,east-east,E,certified_reference,0.0,0,False,False,True,7388372581/1000000,7388372581/1000000,99358,99357,0.12514415755867958,0.1264077126979828
BB,BB_quality,CP-AP-r000:q003:d16,CP-AP-r000,64,east-east,J,existing_frozen,0.0,0,False,False,True,3687277327/500000,3687277327/500000,886575,284213,0.8467554450035095,0.3596135266125202
BB,BB_quality,CP-AP-r000:q003:d16,CP-AP-r000,64,east-east,J,certified_reference,0.0,0,False,False,True,3687277327/500000,3687277327/500000,284214,284213,0.3657801225781441,0.3596135266125202
BB,BB_quality,CP-AP-r000:q003:d16,CP-AP-r000,64,east-east,W,existing_frozen,0.0,0,False,False,True,305940877/40000,305940877/40000,713366,126948,0.6112076193094254,0.16509949788451195
BB,BB_quality,CP-AP-r000:q003:d16,CP-AP-r000,64,east-east,W,certified_reference,0.0,0,False,False,True,305940877/40000,305940877/40000,126948,126948,0.16394378617405891,0.16509949788451195
BB,BB_quality,CP-AP-r000:q003:d32,CP-AP-r000,128,east-east,A,existing_frozen,164.335088,10270943/62500,True,False,False,16233200271/1000000,16397535359/1000000,5068738,251398,3.754256870597601,0.3361560180783272
BB,BB_quality,CP-AP-r000:q003:d32,CP-AP-r000,128,east-east,A,certified_reference,0.0,0,False,False,True,16233200271/1000000,16233200271/1000000,251398,251398,0.3346009850502014,0.3361560180783272
BB,BB_quality,CP-AP-r000:q003:d32,CP-AP-r000,128,east-east,E,existing_frozen,0.0,0,False,False,True,3938902641/250000,3938902641/250000,4767745,297201,3.465488001704216,0.3777456320822239
BB,BB_quality,CP-AP-r000:q003:d32,CP-AP-r000,128,east-east,E,certified_reference,0.0,0,False,False,True,3938902641/250000,3938902641/250000,297201,297201,0.3771047294139862,0.3777456320822239
BB,BB_quality,CP-AP-r000:q003:d32,CP-AP-r000,128,east-east,J,existing_frozen,0.0,0,False,False,True,3938902641/250000,3938902641/250000,5393995,621311,4.546043146401644,0.76136090233922
BB,BB_quality,CP-AP-r000:q003:d32,CP-AP-r000,128,east-east,J,certified_reference,0.0,0,False,False,True,3938902641/250000,3938902641/250000,621311,621311,0.7635911218822002,0.76136090233922
BB,BB_quality,CP-AP-r000:q003:d32,CP-AP-r000,128,east-east,W,existing_frozen,-204.545315,-40909063/200000,False,True,False,1607215637/100000,3173522211/200000,4624989,230206,3.2535871788859367,0.29502738267183304
BB,BB_quality,CP-AP-r000:q003:d32,CP-AP-r000,128,east-east,W,certified_reference,0.0,0,False,False,True,1607215637/100000,1607215637/100000,230206,230206,0.29332734271883965,0.29502738267183304
BB,BB_quality,CP-AP-r000:q004:d08,CP-AP-r000,16,east-east,A,existing_frozen,0.0,0,False,False,True,3711828059/1000000,3711828059/1000000,36598,19821,0.02901477739214897,0.009362738579511642
BB,BB_quality,CP-AP-r000:q004:d08,CP-AP-r000,16,east-east,A,certified_reference,0.0,0,False,False,True,3711828059/1000000,3711828059/1000000,19816,19821,0.008692953735589981,0.009362738579511642
BB,BB_quality,CP-AP-r000:q004:d08,CP-AP-r000,16,east-east,E,existing_frozen,0.0,0,False,False,True,3711828059/1000000,3711828059/1000000,41879,25041,0.028276164084672928,0.010380372405052185
BB,BB_quality,CP-AP-r000:q004:d08,CP-AP-r000,16,east-east,E,certified_reference,0.0,0,False,False,True,3711828059/1000000,3711828059/1000000,25012,25041,0.008362405002117157,0.010380372405052185
BB,BB_quality,CP-AP-r000:q004:d08,CP-AP-r000,16,east-east,J,existing_frozen,0.0,0,False,False,True,115772143/31250,115772143/31250,47192,30204,0.02885894477367401,0.009978007525205612
BB,BB_quality,CP-AP-r000:q004:d08,CP-AP-r000,16,east-east,J,certified_reference,0.0,0,False,False,True,115772143/31250,115772143/31250,30175,30204,0.008434269577264786,0.009978007525205612
BB,BB_quality,CP-AP-r000:q004:d08,CP-AP-r000,16,east-east,W,existing_frozen,0.0,0,False,False,True,115772143/31250,115772143/31250,41893,25006,0.029946330934762955,0.010122407227754593
BB,BB_quality,CP-AP-r000:q004:d08,CP-AP-r000,16,east-east,W,certified_reference,0.0,0,False,False,True,115772143/31250,115772143/31250,25007,25006,0.009053383022546768,0.010122407227754593
BB,BB_quality,CP-AP-r000:q004:d16,CP-AP-r000,64,east-east,A,existing_frozen,0.0,0,False,False,True,305940877/40000,305940877/40000,697993,76385,0.5978995859622955,0.09890066087245941
BB,BB_quality,CP-AP-r000:q004:d16,CP-AP-r000,64,east-east,A,certified_reference,0.0,0,False,False,True,305940877/40000,305940877/40000,76385,76385,0.09854857996106148,0.09890066087245941
BB,BB_quality,CP-AP-r000:q004:d16,CP-AP-r000,64,east-east,E,existing_frozen,0.508351,508351/1000000,True,False,False,7388372581/1000000,1847220233/250000,755174,99357,0.6839075051248074,0.1251993216574192
BB,BB_quality,CP-AP-r000:q004:d16,CP-AP-r000,64,east-east,E,certified_reference,0.0,0,False,False,True,7388372581/1000000,7388372581/1000000,99358,99357,0.1256093978881836,0.1251993216574192
BB,BB_quality,CP-AP-r000:q004:d16,CP-AP-r000,64,east-east,J,existing_frozen,0.0,0,False,False,True,3687277327/500000,3687277327/500000,886575,284213,0.8470390737056732,0.36464129388332367
BB,BB_quality,CP-AP-r000:q004:d16,CP-AP-r000,64,east-east,J,certified_reference,0.0,0,False,False,True,3687277327/500000,3687277327/500000,284214,284213,0.3642416372895241,0.36464129388332367
BB,BB_quality,CP-AP-r000:q004:d16,CP-AP-r000,64,east-east,W,existing_frozen,0.0,0,False,False,True,305940877/40000,305940877/40000,713366,126948,0.6060165129601955,0.16425024718046188
BB,BB_quality,CP-AP-r000:q004:d16,CP-AP-r000,64,east-east,W,certified_reference,0.0,0,False,False,True,305940877/40000,305940877/40000,126948,126948,0.1646246835589409,0.16425024718046188
BB,BB_quality,CP-AP-r000:q004:d32,CP-AP-r000,128,east-east,A,existing_frozen,164.335088,10270943/62500,True,False,False,16233200271/1000000,16397535359/1000000,5068738,251398,3.7360194362699986,0.3349738381803036
BB,BB_quality,CP-AP-r000:q004:d32,CP-AP-r000,128,east-east,A,certified_reference,0.0,0,False,False,True,16233200271/1000000,16233200271/1000000,251398,251398,0.3347354345023632,0.3349738381803036
BB,BB_quality,CP-AP-r000:q004:d32,CP-AP-r000,128,east-east,E,existing_frozen,0.0,0,False,False,True,3938902641/250000,3938902641/250000,4767745,297201,3.46926798671484,0.3764466643333435
BB,BB_quality,CP-AP-r000:q004:d32,CP-AP-r000,128,east-east,E,certified_reference,0.0,0,False,False,True,3938902641/250000,3938902641/250000,297201,297201,0.37815379723906517,0.3764466643333435
BB,BB_quality,CP-AP-r000:q004:d32,CP-AP-r000,128,east-east,J,existing_frozen,0.0,0,False,False,True,3938902641/250000,3938902641/250000,5393995,621311,4.30865553766489,0.7577423118054867
BB,BB_quality,CP-AP-r000:q004:d32,CP-AP-r000,128,east-east,J,certified_reference,0.0,0,False,False,True,3938902641/250000,3938902641/250000,621311,621311,0.7577092759311199,0.7577423118054867
BB,BB_quality,CP-AP-r000:q004:d32,CP-AP-r000,128,east-east,W,existing_frozen,-204.545315,-40909063/200000,False,True,False,1607215637/100000,3173522211/200000,4624989,230206,3.2332915030419827,0.29440832883119583
BB,BB_quality,CP-AP-r000:q004:d32,CP-AP-r000,128,east-east,W,certified_reference,0.0,0,False,False,True,1607215637/100000,1607215637/100000,230206,230206,0.2961745448410511,0.29440832883119583
BB,BB_quality,CP-AP-r000:q005:d08,CP-AP-r000,16,west-west,A,existing_frozen,0.0,0,False,False,True,2095674593/500000,2095674593/500000,37944,19858,0.028861794620752335,0.009294237941503525
BB,BB_quality,CP-AP-r000:q005:d08,CP-AP-r000,16,west-west,A,certified_reference,0.0,0,False,False,True,2095674593/500000,2095674593/500000,19859,19858,0.00804102048277855,0.009294237941503525
BB,BB_quality,CP-AP-r000:q005:d08,CP-AP-r000,16,west-west,E,existing_frozen,0.0,0,False,False,True,2095674593/500000,2095674593/500000,43137,24946,0.029883973300457,0.009693782776594162
BB,BB_quality,CP-AP-r000:q005:d08,CP-AP-r000,16,west-west,E,certified_reference,0.0,0,False,False,True,2095674593/500000,2095674593/500000,24947,24946,0.008291900157928467,0.009693782776594162
BB,BB_quality,CP-AP-r000:q005:d08,CP-AP-r000,16,west-west,J,existing_frozen,0.0,0,False,False,True,825530051/200000,825530051/200000,48334,30264,0.028593048453330994,0.009852413088083267
BB,BB_quality,CP-AP-r000:q005:d08,CP-AP-r000,16,west-west,J,certified_reference,0.0,0,False,False,True,825530051/200000,825530051/200000,30265,30264,0.008586317300796509,0.009852413088083267
BB,BB_quality,CP-AP-r000:q005:d08,CP-AP-r000,16,west-west,W,existing_frozen,0.0,0,False,False,True,825530051/200000,825530051/200000,43132,25170,0.02859928086400032,0.009654071182012558
BB,BB_quality,CP-AP-r000:q005:d08,CP-AP-r000,16,west-west,W,certified_reference,0.0,0,False,False,True,825530051/200000,825530051/200000,25171,25170,0.008405350148677826,0.009654071182012558
BB,BB_quality,CP-AP-r000:q005:d16,CP-AP-r000,64,west-west,A,existing_frozen,52.238667,52238667/1000000,True,False,False,825039947/100000,8302638137/1000000,727455,81524,0.6191825680434704,0.10791273042559624
BB,BB_quality,CP-AP-r000:q005:d16,CP-AP-r000,64,west-west,A,certified_reference,0.0,0,False,False,True,825039947/100000,825039947/100000,81524,81524,0.10721956193447113,0.10791273042559624
BB,BB_quality,CP-AP-r000:q005:d16,CP-AP-r000,64,west-west,E,existing_frozen,-24.498831,-24498831/1000000,False,True,False,8210287803/1000000,2046447243/250000,761936,113796,0.6704443916678429,0.14674841612577438
BB,BB_quality,CP-AP-r000:q005:d16,CP-AP-r000,64,west-west,E,certified_reference,0.0,0,False,False,True,8210287803/1000000,8210287803/1000000,113796,113796,0.14587564393877983,0.14674841612577438
BB,BB_quality,CP-AP-r000:q005:d16,CP-AP-r000,64,west-west,J,existing_frozen,-1.536492,-384123/250000,False,True,False,4054853649/500000,4054085403/500000,1154117,271755,1.2058085948228836,0.3438682071864605
BB,BB_quality,CP-AP-r000:q005:d16,CP-AP-r000,64,west-west,J,certified_reference,0.0,0,False,False,True,4054853649/500000,4054853649/500000,271781,271755,0.3425414487719536,0.3438682071864605
BB,BB_quality,CP-AP-r000:q005:d16,CP-AP-r000,64,west-west,W,existing_frozen,43.688642,21844321/500000,True,False,False,324746501/40000,8162351167/1000000,758785,113127,0.6798184253275394,0.15159207582473755
BB,BB_quality,CP-AP-r000:q005:d16,CP-AP-r000,64,west-west,W,certified_reference,0.0,0,False,False,True,324746501/40000,324746501/40000,115744,113127,0.1548544205725193,0.15159207582473755
BB,BB_quality,CP-AP-r000:q005:d32,CP-AP-r000,128,west-west,A,existing_frozen,164.335088,10270943/62500,True,False,False,8086357607/500000,8168525151/500000,4955837,249154,3.6056871376931667,0.3414281941950321
BB,BB_quality,CP-AP-r000:q005:d32,CP-AP-r000,128,west-west,A,certified_reference,0.0,0,False,False,True,8086357607/500000,8086357607/500000,249154,249154,0.32859575003385544,0.3414281941950321
BB,BB_quality,CP-AP-r000:q005:d32,CP-AP-r000,128,west-west,E,existing_frozen,0.0,0,False,False,True,15757291063/1000000,15757291063/1000000,4851783,335674,3.758495472371578,0.42841484025120735
BB,BB_quality,CP-AP-r000:q005:d32,CP-AP-r000,128,west-west,E,certified_reference,0.0,0,False,False,True,15757291063/1000000,15757291063/1000000,335674,335674,0.43274204432964325,0.42841484025120735
BB,BB_quality,CP-AP-r000:q005:d32,CP-AP-r000,128,west-west,J,existing_frozen,0.0,0,False,False,True,15757291063/1000000,15757291063/1000000,5232740,416494,4.0998261868953705,0.5024922490119934
BB,BB_quality,CP-AP-r000:q005:d32,CP-AP-r000,128,west-west,J,certified_reference,0.0,0,False,False,True,15757291063/1000000,15757291063/1000000,416494,416494,0.5052024610340595,0.5024922490119934
BB,BB_quality,CP-AP-r000:q005:d32,CP-AP-r000,128,west-west,W,existing_frozen,-200.034217,-200034217/1000000,False,True,False,16011671313/1000000,1976454637/125000,4548093,227267,3.148173652589321,0.29049569740891457
BB,BB_quality,CP-AP-r000:q005:d32,CP-AP-r000,128,west-west,W,certified_reference,0.0,0,False,False,True,16011671313/1000000,16011671313/1000000,227267,227267,0.29208024218678474,0.29049569740891457
BB,BB_quality,CP-AP-r000:q006:d08,CP-AP-r000,16,west-west,A,existing_frozen,0.0,0,False,False,True,2095674593/500000,2095674593/500000,37944,19858,0.029398560523986816,0.0092695914208889
BB,BB_quality,CP-AP-r000:q006:d08,CP-AP-r000,16,west-west,A,certified_reference,0.0,0,False,False,True,2095674593/500000,2095674593/500000,19859,19858,0.008207108825445175,0.0092695914208889
BB,BB_quality,CP-AP-r000:q006:d08,CP-AP-r000,16,west-west,E,existing_frozen,0.0,0,False,False,True,2095674593/500000,2095674593/500000,43137,24946,0.029176928102970123,0.009621277451515198
BB,BB_quality,CP-AP-r000:q006:d08,CP-AP-r000,16,west-west,E,certified_reference,0.0,0,False,False,True,2095674593/500000,2095674593/500000,24947,24946,0.00838383287191391,0.009621277451515198
BB,BB_quality,CP-AP-r000:q006:d08,CP-AP-r000,16,west-west,J,existing_frozen,0.0,0,False,False,True,825530051/200000,825530051/200000,48334,30264,0.02962011843919754,0.009766384959220886
BB,BB_quality,CP-AP-r000:q006:d08,CP-AP-r000,16,west-west,J,certified_reference,0.0,0,False,False,True,825530051/200000,825530051/200000,30265,30264,0.008428841829299927,0.009766384959220886
BB,BB_quality,CP-AP-r000:q006:d08,CP-AP-r000,16,west-west,W,existing_frozen,0.0,0,False,False,True,825530051/200000,825530051/200000,43132,25170,0.02861657738685608,0.009733591228723526
BB,BB_quality,CP-AP-r000:q006:d08,CP-AP-r000,16,west-west,W,certified_reference,0.0,0,False,False,True,825530051/200000,825530051/200000,25171,25170,0.008393429219722748,0.009733591228723526
BB,BB_quality,CP-AP-r000:q006:d16,CP-AP-r000,64,west-west,A,existing_frozen,52.238667,52238667/1000000,True,False,False,825039947/100000,8302638137/1000000,727455,81524,0.6279655620455742,0.10772634670138359
BB,BB_quality,CP-AP-r000:q006:d16,CP-AP-r000,64,west-west,A,certified_reference,0.0,0,False,False,True,825039947/100000,825039947/100000,81524,81524,0.10760891437530518,0.10772634670138359
BB,BB_quality,CP-AP-r000:q006:d16,CP-AP-r000,64,west-west,E,existing_frozen,-24.498831,-24498831/1000000,False,True,False,8210287803/1000000,2046447243/250000,761936,113796,0.6746262833476067,0.1470000147819519
BB,BB_quality,CP-AP-r000:q006:d16,CP-AP-r000,64,west-west,E,certified_reference,0.0,0,False,False,True,8210287803/1000000,8210287803/1000000,113796,113796,0.14682099595665932,0.1470000147819519
BB,BB_quality,CP-AP-r000:q006:d16,CP-AP-r000,64,west-west,J,existing_frozen,-1.536492,-384123/250000,False,True,False,4054853649/500000,4054085403/500000,1154117,271755,1.210880372673273,0.34542613849043846
BB,BB_quality,CP-AP-r000:q006:d16,CP-AP-r000,64,west-west,J,certified_reference,0.0,0,False,False,True,4054853649/500000,4054853649/500000,271781,271755,0.34797341749072075,0.34542613849043846
BB,BB_quality,CP-AP-r000:q006:d16,CP-AP-r000,64,west-west,W,existing_frozen,43.688642,21844321/500000,True,False,False,324746501/40000,8162351167/1000000,758785,113127,0.6810594648122787,0.15149392560124397
BB,BB_quality,CP-AP-r000:q006:d16,CP-AP-r000,64,west-west,W,certified_reference,0.0,0,False,False,True,324746501/40000,324746501/40000,115744,113127,0.15515315532684326,0.15149392560124397
BB,BB_quality,CP-AP-r000:q006:d32,CP-AP-r000,128,west-west,A,existing_frozen,164.335088,10270943/62500,True,False,False,8086357607/500000,8168525151/500000,4955837,249154,3.626013468950987,0.33116935566067696
BB,BB_quality,CP-AP-r000:q006:d32,CP-AP-r000,128,west-west,A,certified_reference,0.0,0,False,False,True,8086357607/500000,8086357607/500000,249154,249154,0.3331688903272152,0.33116935566067696
BB,BB_quality,CP-AP-r000:q006:d32,CP-AP-r000,128,west-west,E,existing_frozen,0.0,0,False,False,True,15757291063/1000000,15757291063/1000000,4851783,335674,3.5811084173619747,0.43234405666589737
BB,BB_quality,CP-AP-r000:q006:d32,CP-AP-r000,128,west-west,E,certified_reference,0.0,0,False,False,True,15757291063/1000000,15757291063/1000000,335674,335674,0.4333118833601475,0.43234405666589737
BB,BB_quality,CP-AP-r000:q006:d32,CP-AP-r000,128,west-west,J,existing_frozen,0.0,0,False,False,True,15757291063/1000000,15757291063/1000000,5232740,416494,4.11232765391469,0.5044266320765018
BB,BB_quality,CP-AP-r000:q006:d32,CP-AP-r000,128,west-west,J,certified_reference,0.0,0,False,False,True,15757291063/1000000,15757291063/1000000,416494,416494,0.5026751607656479,0.5044266320765018
BB,BB_quality,CP-AP-r000:q006:d32,CP-AP-r000,128,west-west,W,existing_frozen,-200.034217,-200034217/1000000,False,True,False,16011671313/1000000,1976454637/125000,4548093,227267,3.141753826290369,0.2920805588364601
BB,BB_quality,CP-AP-r000:q006:d32,CP-AP-r000,128,west-west,W,certified_reference,0.0,0,False,False,True,16011671313/1000000,16011671313/1000000,227267,227267,0.2926185019314289,0.2920805588364601
BB,BB_quality,CP-AP-r000:q007:d08,CP-AP-r000,16,west-west,A,existing_frozen,0.0,0,False,False,True,2095674593/500000,2095674593/500000,37944,19858,0.029326148331165314,0.009665675461292267
BB,BB_quality,CP-AP-r000:q007:d08,CP-AP-r000,16,west-west,A,certified_reference,0.0,0,False,False,True,2095674593/500000,2095674593/500000,19859,19858,0.008430950343608856,0.009665675461292267
BB,BB_quality,CP-AP-r000:q007:d08,CP-AP-r000,16,west-west,E,existing_frozen,0.0,0,False,False,True,2095674593/500000,2095674593/500000,43137,24946,0.030141904950141907,0.010213963687419891
BB,BB_quality,CP-AP-r000:q007:d08,CP-AP-r000,16,west-west,E,certified_reference,0.0,0,False,False,True,2095674593/500000,2095674593/500000,24947,24946,0.009078700095415115,0.010213963687419891
BB,BB_quality,CP-AP-r000:q007:d08,CP-AP-r000,16,west-west,J,existing_frozen,0.0,0,False,False,True,825530051/200000,825530051/200000,48334,30264,0.031035158783197403,0.010528549551963806
BB,BB_quality,CP-AP-r000:q007:d08,CP-AP-r000,16,west-west,J,certified_reference,0.0,0,False,False,True,825530051/200000,825530051/200000,30265,30264,0.009836792945861816,0.010528549551963806
BB,BB_quality,CP-AP-r000:q007:d08,CP-AP-r000,16,west-west,W,existing_frozen,0.0,0,False,False,True,825530051/200000,825530051/200000,43132,25170,0.029376521706581116,0.010132122784852982
BB,BB_quality,CP-AP-r000:q007:d08,CP-AP-r000,16,west-west,W,certified_reference,0.0,0,False,False,True,825530051/200000,825530051/200000,25171,25170,0.00937655195593834,0.010132122784852982
BB,BB_quality,CP-AP-r000:q007:d16,CP-AP-r000,64,west-west,A,existing_frozen,52.238667,52238667/1000000,True,False,False,825039947/100000,8302638137/1000000,727455,81524,0.6261150576174259,0.10923546552658081
BB,BB_quality,CP-AP-r000:q007:d16,CP-AP-r000,64,west-west,A,certified_reference,0.0,0,False,False,True,825039947/100000,825039947/100000,81524,81524,0.10781678184866905,0.10923546552658081
BB,BB_quality,CP-AP-r000:q007:d16,CP-AP-r000,64,west-west,E,existing_frozen,-24.498831,-24498831/1000000,False,True,False,8210287803/1000000,2046447243/250000,761936,113796,0.6695446744561195,0.14664361998438835
BB,BB_quality,CP-AP-r000:q007:d16,CP-AP-r000,64,west-west,E,certified_reference,0.0,0,False,False,True,8210287803/1000000,8210287803/1000000,113796,113796,0.1458517387509346,0.14664361998438835
BB,BB_quality,CP-AP-r000:q007:d16,CP-AP-r000,64,west-west,J,existing_frozen,-1.536492,-384123/250000,False,True,False,4054853649/500000,4054085403/500000,1154117,271755,1.2089106068015099,0.3444475717842579
BB,BB_quality,CP-AP-r000:q007:d16,CP-AP-r000,64,west-west,J,certified_reference,0.0,0,False,False,True,4054853649/500000,4054853649/500000,271756,271755,0.343769159168005,0.3444475717842579
BB,BB_quality,CP-AP-r000:q007:d16,CP-AP-r000,64,west-west,W,existing_frozen,43.688642,21844321/500000,True,False,False,324746501/40000,8162351167/1000000,758785,113127,0.6767103932797909,0.15056761726737022
BB,BB_quality,CP-AP-r000:q007:d16,CP-AP-r000,64,west-west,W,certified_reference,0.0,0,False,False,True,324746501/40000,324746501/40000,113128,113127,0.15033641085028648,0.15056761726737022
BB,BB_quality,CP-AP-r000:q007:d32,CP-AP-r000,128,west-west,A,existing_frozen,164.335088,10270943/62500,True,False,False,8086357607/500000,8168525151/500000,4955837,249154,3.6113265454769135,0.33110765740275383
BB,BB_quality,CP-AP-r000:q007:d32,CP-AP-r000,128,west-west,A,certified_reference,0.0,0,False,False,True,8086357607/500000,8086357607/500000,249154,249154,0.3313012160360813,0.33110765740275383
BB,BB_quality,CP-AP-r000:q007:d32,CP-AP-r000,128,west-west,E,existing_frozen,0.0,0,False,False,True,15757291063/1000000,15757291063/1000000,4851783,335674,3.5808080919086933,0.4289589524269104
BB,BB_quality,CP-AP-r000:q007:d32,CP-AP-r000,128,west-west,E,certified_reference,0.0,0,False,False,True,15757291063/1000000,15757291063/1000000,335674,335674,0.43331246823072433,0.4289589524269104
BB,BB_quality,CP-AP-r000:q007:d32,CP-AP-r000,128,west-west,J,existing_frozen,0.0,0,False,False,True,15757291063/1000000,15757291063/1000000,5232740,416494,4.133560799062252,0.5072328150272369
BB,BB_quality,CP-AP-r000:q007:d32,CP-AP-r000,128,west-west,J,certified_reference,0.0,0,False,False,True,15757291063/1000000,15757291063/1000000,416494,416494,0.5016929656267166,0.5072328150272369
BB,BB_quality,CP-AP-r000:q007:d32,CP-AP-r000,128,west-west,W,existing_frozen,-200.034217,-200034217/1000000,False,True,False,16011671313/1000000,1976454637/125000,4548093,227267,3.129443544894457,0.507203008979559
BB,BB_quality,CP-AP-r000:q007:d32,CP-AP-r000,128,west-west,W,certified_reference,0.0,0,False,False,True,16011671313/1000000,16011671313/1000000,227267,227267,0.2912873588502407,0.507203008979559
BB,BB_quality,CP-AP-r000:q008:d08,CP-AP-r000,16,east-east,A,existing_frozen,0.0,0,False,False,True,502155319/125000,502155319/125000,36153,19665,0.027733344584703445,0.00889071449637413
BB,BB_quality,CP-AP-r000:q008:d08,CP-AP-r000,16,east-east,A,certified_reference,0.0,0,False,False,True,502155319/125000,502155319/125000,19666,19665,0.0077572837471961975,0.00889071449637413
BB,BB_quality,CP-AP-r000:q008:d08,CP-AP-r000,16,east-east,E,existing_frozen,0.0,0,False,False,True,502155319/125000,502155319/125000,42171,24955,0.028012502938508987,0.009649258106946945
BB,BB_quality,CP-AP-r000:q008:d08,CP-AP-r000,16,east-east,E,certified_reference,0.0,0,False,False,True,502155319/125000,502155319/125000,24956,24955,0.008176911622285843,0.009649258106946945
BB,BB_quality,CP-AP-r000:q008:d08,CP-AP-r000,16,east-east,J,existing_frozen,0.0,0,False,False,True,502155319/125000,502155319/125000,47496,30124,0.02804040163755417,0.009438745677471161
BB,BB_quality,CP-AP-r000:q008:d08,CP-AP-r000,16,east-east,J,certified_reference,0.0,0,False,False,True,502155319/125000,502155319/125000,30125,30124,0.00825149193406105,0.009438745677471161
BB,BB_quality,CP-AP-r000:q008:d08,CP-AP-r000,16,east-east,W,existing_frozen,0.0,0,False,False,True,502155319/125000,502155319/125000,41478,24834,0.027902115136384964,0.009176287800073624
BB,BB_quality,CP-AP-r000:q008:d08,CP-AP-r000,16,east-east,W,certified_reference,0.0,0,False,False,True,502155319/125000,502155319/125000,24835,24834,0.007933240383863449,0.009176287800073624
BB,BB_quality,CP-AP-r000:q008:d16,CP-AP-r000,64,east-east,A,existing_frozen,3.928398,1964199/500000,True,False,False,8049303319/1000000,8053231717/1000000,1056158,107666,1.080561500042677,0.14276111498475075
BB,BB_quality,CP-AP-r000:q008:d16,CP-AP-r000,64,east-east,A,certified_reference,0.0,0,False,False,True,8049303319/1000000,8049303319/1000000,107666,107666,0.14221641048789024,0.14276111498475075
BB,BB_quality,CP-AP-r000:q008:d16,CP-AP-r000,64,east-east,E,existing_frozen,0.0,0,False,False,True,8007408841/1000000,8007408841/1000000,960949,70640,0.953257855027914,0.08832007274031639
BB,BB_quality,CP-AP-r000:q008:d16,CP-AP-r000,64,east-east,E,certified_reference,0.0,0,False,False,True,8007408841/1000000,8007408841/1000000,70640,70640,0.08738084509968758,0.08832007274031639
BB,BB_quality,CP-AP-r000:q008:d16,CP-AP-r000,64,east-east,J,existing_frozen,-1.648173,-1648173/1000000,False,True,False,398105097/50000,7960453767/1000000,995076,95967,0.9920770525932312,0.1144154816865921
BB,BB_quality,CP-AP-r000:q008:d16,CP-AP-r000,64,east-east,J,certified_reference,0.0,0,False,False,True,398105097/50000,398105097/50000,95968,95967,0.11538819596171379,0.1144154816865921
BB,BB_quality,CP-AP-r000:q008:d16,CP-AP-r000,64,east-east,W,existing_frozen,29.427564,7356891/250000,True,False,False,7976115759/1000000,8005543323/1000000,702898,90279,0.6040621846914291,0.11627242714166641
BB,BB_quality,CP-AP-r000:q008:d16,CP-AP-r000,64,east-east,W,certified_reference,0.0,0,False,False,True,7976115759/1000000,7976115759/1000000,90279,90279,0.11663772538304329,0.11627242714166641
BB,BB_quality,CP-AP-r000:q008:d32,CP-AP-r000,128,east-east,A,existing_frozen,-28.732454,-14366227/500000,False,True,False,2071959897/125000,8273473361/500000,5541921,159046,4.458502039313316,0.19270696863532066
BB,BB_quality,CP-AP-r000:q008:d32,CP-AP-r000,128,east-east,A,certified_reference,0.0,0,False,False,True,2071959897/125000,2071959897/125000,159046,159046,0.19106169044971466,0.19270696863532066
BB,BB_quality,CP-AP-r000:q008:d32,CP-AP-r000,128,east-east,E,existing_frozen,-45.064281,-45064281/1000000,False,True,False,7978255869/500000,15911447457/1000000,5948610,225987,4.907067179679871,0.28403858095407486
BB,BB_quality,CP-AP-r000:q008:d32,CP-AP-r000,128,east-east,E,certified_reference,0.0,0,False,False,True,7978255869/500000,7978255869/500000,225987,225987,0.2826925218105316,0.28403858095407486
BB,BB_quality,CP-AP-r000:q008:d32,CP-AP-r000,128,east-east,J,existing_frozen,-2.137344,-33396/15625,False,True,False,3821673297/250000,3821138961/250000,6658060,241853,5.847656365483999,0.2942569702863693
BB,BB_quality,CP-AP-r000:q008:d32,CP-AP-r000,128,east-east,J,certified_reference,0.0,0,False,False,True,3821673297/250000,3821673297/250000,241853,241853,0.2951379157602787,0.2942569702863693
BB,BB_quality,CP-AP-r000:q008:d32,CP-AP-r000,128,east-east,W,existing_frozen,-414.721128,-51840141/125000,False,True,False,7949351989/500000,309679657/20000,4866067,150552,3.6086757853627205,0.179619949311018
BB,BB_quality,CP-AP-r000:q008:d32,CP-AP-r000,128,east-east,W,certified_reference,0.0,0,False,False,True,7949351989/500000,7949351989/500000,150552,150552,0.17992612719535828,0.179619949311018
BB,BB_quality,CP-AP-r000:q009:d08,CP-AP-r000,16,east-east,A,existing_frozen,0.0,0,False,False,True,502155319/125000,502155319/125000,36153,19665,0.027612540870904922,0.008861999958753586
BB,BB_quality,CP-AP-r000:q009:d08,CP-AP-r000,16,east-east,A,certified_reference,0.0,0,False,False,True,502155319/125000,502155319/125000,19666,19665,0.007718939334154129,0.008861999958753586
BB,BB_quality,CP-AP-r000:q009:d08,CP-AP-r000,16,east-east,E,existing_frozen,0.0,0,False,False,True,502155319/125000,502155319/125000,42171,24955,0.028000134974718094,0.009462416172027588
BB,BB_quality,CP-AP-r000:q009:d08,CP-AP-r000,16,east-east,E,certified_reference,0.0,0,False,False,True,502155319/125000,502155319/125000,24956,24955,0.008227735757827759,0.009462416172027588
BB,BB_quality,CP-AP-r000:q009:d08,CP-AP-r000,16,east-east,J,existing_frozen,0.0,0,False,False,True,502155319/125000,502155319/125000,47496,30124,0.02835000678896904,0.009576566517353058
BB,BB_quality,CP-AP-r000:q009:d08,CP-AP-r000,16,east-east,J,certified_reference,0.0,0,False,False,True,502155319/125000,502155319/125000,30125,30124,0.008253220468759537,0.009576566517353058
BB,BB_quality,CP-AP-r000:q009:d08,CP-AP-r000,16,east-east,W,existing_frozen,0.0,0,False,False,True,502155319/125000,502155319/125000,41478,24834,0.02768108993768692,0.009205549955368042
BB,BB_quality,CP-AP-r000:q009:d08,CP-AP-r000,16,east-east,W,certified_reference,0.0,0,False,False,True,502155319/125000,502155319/125000,24835,24834,0.007904604077339172,0.009205549955368042
BB,BB_quality,CP-AP-r000:q009:d16,CP-AP-r000,64,east-east,A,existing_frozen,3.928398,1964199/500000,True,False,False,8049303319/1000000,8053231717/1000000,1056158,107666,1.0755514614284039,0.14172885566949844
BB,BB_quality,CP-AP-r000:q009:d16,CP-AP-r000,64,east-east,A,certified_reference,0.0,0,False,False,True,8049303319/1000000,8049303319/1000000,107666,107666,0.14235057681798935,0.14172885566949844
BB,BB_quality,CP-AP-r000:q009:d16,CP-AP-r000,64,east-east,E,existing_frozen,0.0,0,False,False,True,8007408841/1000000,8007408841/1000000,960949,70640,0.9539586678147316,0.08800101280212402
BB,BB_quality,CP-AP-r000:q009:d16,CP-AP-r000,64,east-east,E,certified_reference,0.0,0,False,False,True,8007408841/1000000,8007408841/1000000,70640,70640,0.08716954663395882,0.08800101280212402
BB,BB_quality,CP-AP-r000:q009:d16,CP-AP-r000,64,east-east,J,existing_frozen,-1.648173,-1648173/1000000,False,True,False,398105097/50000,7960453767/1000000,995076,95967,0.9899182952940464,0.11384256184101105
BB,BB_quality,CP-AP-r000:q009:d16,CP-AP-r000,64,east-east,J,certified_reference,0.0,0,False,False,True,398105097/50000,398105097/50000,95968,95967,0.11425669863820076,0.11384256184101105
BB,BB_quality,CP-AP-r000:q009:d16,CP-AP-r000,64,east-east,W,existing_frozen,29.427564,7356891/250000,True,False,False,7976115759/1000000,8005543323/1000000,702898,90279,0.603698905557394,0.11588186770677567
BB,BB_quality,CP-AP-r000:q009:d16,CP-AP-r000,64,east-east,W,certified_reference,0.0,0,False,False,True,7976115759/1000000,7976115759/1000000,90279,90279,0.11605526879429817,0.11588186770677567
BB,BB_quality,CP-AP-r000:q009:d32,CP-AP-r000,128,east-east,A,existing_frozen,-28.732454,-14366227/500000,False,True,False,2071959897/125000,8273473361/500000,5541921,159046,4.638992875814438,0.19227643683552742
BB,BB_quality,CP-AP-r000:q009:d32,CP-AP-r000,128,east-east,A,certified_reference,0.0,0,False,False,True,2071959897/125000,2071959897/125000,159046,159046,0.1917119137942791,0.19227643683552742
BB,BB_quality,CP-AP-r000:q009:d32,CP-AP-r000,128,east-east,E,existing_frozen,-45.064281,-45064281/1000000,False,True,False,7978255869/500000,15911447457/1000000,5948610,225987,4.9243221543729305,0.2836524099111557
BB,BB_quality,CP-AP-r000:q009:d32,CP-AP-r000,128,east-east,E,certified_reference,0.0,0,False,False,True,7978255869/500000,7978255869/500000,225987,225987,0.2844367139041424,0.2836524099111557
BB,BB_quality,CP-AP-r000:q009:d32,CP-AP-r000,128,east-east,J,existing_frozen,-2.137344,-33396/15625,False,True,False,3821673297/250000,3821138961/250000,6658060,241853,5.858020607382059,0.2956572398543358
BB,BB_quality,CP-AP-r000:q009:d32,CP-AP-r000,128,east-east,J,certified_reference,0.0,0,False,False,True,3821673297/250000,3821673297/250000,241853,241853,0.2947142794728279,0.2956572398543358
BB,BB_quality,CP-AP-r000:q009:d32,CP-AP-r000,128,east-east,W,existing_frozen,-414.721128,-51840141/125000,False,True,False,7949351989/500000,309679657/20000,4866067,150552,3.6486263275146484,0.17736883088946342
BB,BB_quality,CP-AP-r000:q009:d32,CP-AP-r000,128,east-east,W,certified_reference,0.0,0,False,False,True,7949351989/500000,7949351989/500000,150552,150552,0.1789449267089367,0.17736883088946342
BB,BB_quality,CP-AU-r001:q000:d08,CP-AU-r001,16,west-west,A,existing_frozen,0.0,0,False,False,True,410432363/100000,410432363/100000,37731,20709,0.029628433287143707,0.009363152086734772
BB,BB_quality,CP-AU-r001:q000:d08,CP-AU-r001,16,west-west,A,certified_reference,0.0,0,False,False,True,410432363/100000,410432363/100000,20710,20709,0.008250322192907333,0.009363152086734772
BB,BB_quality,CP-AU-r001:q000:d08,CP-AU-r001,16,west-west,E,existing_frozen,0.0,0,False,False,True,410367843/100000,410367843/100000,41883,25793,0.02745426446199417,0.009870804846286774
BB,BB_quality,CP-AU-r001:q000:d08,CP-AU-r001,16,west-west,E,certified_reference,0.0,0,False,False,True,410367843/100000,410367843/100000,25794,25793,0.008363906294107437,0.009870804846286774
BB,BB_quality,CP-AU-r001:q000:d08,CP-AU-r001,16,west-west,J,existing_frozen,0.0,0,False,False,True,410367843/100000,410367843/100000,47568,31010,0.027970504015684128,0.009744767099618912
BB,BB_quality,CP-AU-r001:q000:d08,CP-AU-r001,16,west-west,J,certified_reference,0.0,0,False,False,True,410367843/100000,410367843/100000,31011,31010,0.008660189807415009,0.009744767099618912
BB,BB_quality,CP-AU-r001:q000:d08,CP-AU-r001,16,west-west,W,existing_frozen,0.0,0,False,False,True,410432363/100000,410432363/100000,43325,25886,0.029092837125062943,0.009837254881858826
BB,BB_quality,CP-AU-r001:q000:d08,CP-AU-r001,16,west-west,W,certified_reference,0.0,0,False,False,True,410432363/100000,410432363/100000,25887,25886,0.00867258757352829,0.009837254881858826
BB,BB_quality,CP-AU-r001:q000:d16,CP-AU-r001,64,west-west,A,existing_frozen,-81.398866,-40699433/500000,False,True,False,2105659569/250000,834123941/100000,685073,293133,0.6524268575012684,0.4033414423465729
BB,BB_quality,CP-AU-r001:q000:d16,CP-AU-r001,64,west-west,A,certified_reference,0.0,0,False,False,True,2105659569/250000,2105659569/250000,293133,293133,0.4026888683438301,0.4033414423465729
BB,BB_quality,CP-AU-r001:q000:d16,CP-AU-r001,64,west-west,E,existing_frozen,-39.089846,-19544923/500000,False,True,False,8354682419/1000000,8315592573/1000000,679565,146520,0.5788204036653042,0.19273171201348305
BB,BB_quality,CP-AU-r001:q000:d16,CP-AU-r001,64,west-west,E,certified_reference,0.0,0,False,False,True,8354682419/1000000,8354682419/1000000,146520,146520,0.19267276674509048,0.19273171201348305
BB,BB_quality,CP-AU-r001:q000:d16,CP-AU-r001,64,west-west,J,existing_frozen,0.0,0,False,False,True,3932319059/500000,3932319059/500000,826933,310333,0.7630061022937298,0.4135320708155632
BB,BB_quality,CP-AU-r001:q000:d16,CP-AU-r001,64,west-west,J,certified_reference,0.0,0,False,False,True,3932319059/500000,3932319059/500000,310333,310333,0.4173014350235462,0.4135320708155632
BB,BB_quality,CP-AU-r001:q000:d16,CP-AU-r001,64,west-west,W,existing_frozen,-30.364448,-948889/31250,False,True,False,317303759/40000,7902229527/1000000,854817,414767,0.8099323064088821,0.5593827329576015
BB,BB_quality,CP-AU-r001:q000:d16,CP-AU-r001,64,west-west,W,certified_reference,0.0,0,False,False,True,317303759/40000,317303759/40000,414767,414767,0.557128269225359,0.5593827329576015
BB,BB_quality,CP-AU-r001:q000:d32,CP-AU-r001,128,west-west,A,existing_frozen,-393.597255,-78719451/200000,False,True,False,16817695743/1000000,2053012311/125000,4843980,310762,3.54691880941391,0.4052221029996872
BB,BB_quality,CP-AU-r001:q000:d32,CP-AU-r001,128,west-west,A,certified_reference,0.0,0,False,False,True,16817695743/1000000,16817695743/1000000,310762,310762,0.40365492552518845,0.4052221029996872
BB,BB_quality,CP-AU-r001:q000:d32,CP-AU-r001,128,west-west,E,existing_frozen,-488.123731,-488123731/1000000,False,True,False,8095826921/500000,15703530111/1000000,4925212,318412,3.6771594919264317,0.41046659275889397
BB,BB_quality,CP-AU-r001:q000:d32,CP-AU-r001,128,west-west,E,certified_reference,0.0,0,False,False,True,8095826921/500000,8095826921/500000,318412,318412,0.41573508456349373,0.41046659275889397
BB,BB_quality,CP-AU-r001:q000:d32,CP-AU-r001,128,west-west,J,existing_frozen,0.0,0,False,False,True,15262033611/1000000,15262033611/1000000,5487360,619932,4.425298489630222,0.8009934611618519
BB,BB_quality,CP-AU-r001:q000:d32,CP-AU-r001,128,west-west,J,certified_reference,0.0,0,False,False,True,15262033611/1000000,15262033611/1000000,619932,619932,0.8020833879709244,0.8009934611618519
BB,BB_quality,CP-AU-r001:q000:d32,CP-AU-r001,128,west-west,W,existing_frozen,470.417369,470417369/1000000,True,False,False,481719069/31250,15885427577/1000000,4948013,372789,3.6518542021512985,0.4819900318980217
BB,BB_quality,CP-AU-r001:q000:d32,CP-AU-r001,128,west-west,W,certified_reference,0.0,0,False,False,True,481719069/31250,481719069/31250,372789,372789,0.4809773825109005,0.4819900318980217
BB,BB_quality,CP-AU-r001:q001:d08,CP-AU-r001,16,west-west,A,existing_frozen,0.0,0,False,False,True,410432363/100000,410432363/100000,37731,20709,0.029118169099092484,0.009305622428655624
BB,BB_quality,CP-AU-r001:q001:d08,CP-AU-r001,16,west-west,A,certified_reference,0.0,0,False,False,True,410432363/100000,410432363/100000,20710,20709,0.008219148963689804,0.009305622428655624
BB,BB_quality,CP-AU-r001:q001:d08,CP-AU-r001,16,west-west,E,existing_frozen,0.0,0,False,False,True,410367843/100000,410367843/100000,41883,25793,0.02750479057431221,0.009626582264900208
BB,BB_quality,CP-AU-r001:q001:d08,CP-AU-r001,16,west-west,E,certified_reference,0.0,0,False,False,True,410367843/100000,410367843/100000,25794,25793,0.008255913853645325,0.009626582264900208
BB,BB_quality,CP-AU-r001:q001:d08,CP-AU-r001,16,west-west,J,existing_frozen,0.0,0,False,False,True,410367843/100000,410367843/100000,47568,31010,0.027835998684167862,0.009821828454732895
BB,BB_quality,CP-AU-r001:q001:d08,CP-AU-r001,16,west-west,J,certified_reference,0.0,0,False,False,True,410367843/100000,410367843/100000,31011,31010,0.008480288088321686,0.009821828454732895
BB,BB_quality,CP-AU-r001:q001:d08,CP-AU-r001,16,west-west,W,existing_frozen,0.0,0,False,False,True,410432363/100000,410432363/100000,43325,25886,0.028909023851156235,0.009667493402957916
BB,BB_quality,CP-AU-r001:q001:d08,CP-AU-r001,16,west-west,W,certified_reference,0.0,0,False,False,True,410432363/100000,410432363/100000,25887,25886,0.008744046092033386,0.009667493402957916
BB,BB_quality,CP-AU-r001:q001:d16,CP-AU-r001,64,west-west,A,existing_frozen,-81.398866,-40699433/500000,False,True,False,2105659569/250000,834123941/100000,685073,293133,0.5798970423638821,0.4039450101554394
BB,BB_quality,CP-AU-r001:q001:d16,CP-AU-r001,64,west-west,A,certified_reference,0.0,0,False,False,True,2105659569/250000,2105659569/250000,293133,293133,0.4050629958510399,0.4039450101554394
BB,BB_quality,CP-AU-r001:q001:d16,CP-AU-r001,64,west-west,E,existing_frozen,-39.089846,-19544923/500000,False,True,False,8354682419/1000000,8315592573/1000000,679565,146520,0.5758126340806484,0.1927901767194271
BB,BB_quality,CP-AU-r001:q001:d16,CP-AU-r001,64,west-west,E,certified_reference,0.0,0,False,False,True,8354682419/1000000,8354682419/1000000,146520,146520,0.1922847367823124,0.1927901767194271
BB,BB_quality,CP-AU-r001:q001:d16,CP-AU-r001,64,west-west,J,existing_frozen,0.0,0,False,False,True,3932319059/500000,3932319059/500000,826933,310333,0.7623760923743248,0.41354674100875854
BB,BB_quality,CP-AU-r001:q001:d16,CP-AU-r001,64,west-west,J,certified_reference,0.0,0,False,False,True,3932319059/500000,3932319059/500000,310333,310333,0.41446125879883766,0.41354674100875854
BB,BB_quality,CP-AU-r001:q001:d16,CP-AU-r001,64,west-west,W,existing_frozen,-30.364448,-948889/31250,False,True,False,317303759/40000,7902229527/1000000,854817,414767,0.8097050413489342,0.5529481247067451
BB,BB_quality,CP-AU-r001:q001:d16,CP-AU-r001,64,west-west,W,certified_reference,0.0,0,False,False,True,317303759/40000,317303759/40000,414767,414767,0.5550585202872753,0.5529481247067451
BB,BB_quality,CP-AU-r001:q001:d32,CP-AU-r001,128,west-west,A,existing_frozen,-393.597255,-78719451/200000,False,True,False,16817695743/1000000,2053012311/125000,4843980,310762,3.514765430241823,0.40447381511330605
BB,BB_quality,CP-AU-r001:q001:d32,CP-AU-r001,128,west-west,A,certified_reference,0.0,0,False,False,True,16817695743/1000000,16817695743/1000000,310762,310762,0.40605851635336876,0.40447381511330605
BB,BB_quality,CP-AU-r001:q001:d32,CP-AU-r001,128,west-west,E,existing_frozen,-488.123731,-488123731/1000000,False,True,False,8095826921/500000,15703530111/1000000,4925212,318412,3.8918460197746754,0.41182444244623184
BB,BB_quality,CP-AU-r001:q001:d32,CP-AU-r001,128,west-west,E,certified_reference,0.0,0,False,False,True,8095826921/500000,8095826921/500000,318412,318412,0.41470276564359665,0.41182444244623184
BB,BB_quality,CP-AU-r001:q001:d32,CP-AU-r001,128,west-west,J,existing_frozen,0.0,0,False,False,True,15262033611/1000000,15262033611/1000000,5487360,619932,4.421524323523045,0.8030032999813557
BB,BB_quality,CP-AU-r001:q001:d32,CP-AU-r001,128,west-west,J,certified_reference,0.0,0,False,False,True,15262033611/1000000,15262033611/1000000,619932,619932,0.8061954788863659,0.8030032999813557
BB,BB_quality,CP-AU-r001:q001:d32,CP-AU-r001,128,west-west,W,existing_frozen,470.417369,470417369/1000000,True,False,False,481719069/31250,15885427577/1000000,4948013,372789,3.6930962800979614,0.4852241463959217
BB,BB_quality,CP-AU-r001:q001:d32,CP-AU-r001,128,west-west,W,certified_reference,0.0,0,False,False,True,481719069/31250,481719069/31250,372789,372789,0.48391756415367126,0.4852241463959217
BB,BB_quality,CP-AU-r001:q002:d08,CP-AU-r001,16,west-west,A,existing_frozen,0.0,0,False,False,True,186310381/50000,186310381/50000,38044,21133,0.029253162443637848,0.010224100202322006
BB,BB_quality,CP-AU-r001:q002:d08,CP-AU-r001,16,west-west,A,certified_reference,0.0,0,False,False,True,186310381/50000,186310381/50000,21134,21133,0.009021937847137451,0.010224100202322006
BB,BB_quality,CP-AU-r001:q002:d08,CP-AU-r001,16,west-west,E,existing_frozen,0.0,0,False,False,True,186310381/50000,186310381/50000,43130,26219,0.02917749434709549,0.010537713766098022
BB,BB_quality,CP-AU-r001:q002:d08,CP-AU-r001,16,west-west,E,certified_reference,0.0,0,False,False,True,186310381/50000,186310381/50000,26220,26219,0.009247541427612305,0.010537713766098022
BB,BB_quality,CP-AU-r001:q002:d08,CP-AU-r001,16,west-west,J,existing_frozen,0.0,0,False,False,True,3623388677/1000000,3623388677/1000000,48940,31275,0.028162457048892975,0.010305862873792648
BB,BB_quality,CP-AU-r001:q002:d08,CP-AU-r001,16,west-west,J,certified_reference,0.0,0,False,False,True,3623388677/1000000,3623388677/1000000,31276,31275,0.008883390575647354,0.010305862873792648
BB,BB_quality,CP-AU-r001:q002:d08,CP-AU-r001,16,west-west,W,existing_frozen,0.0,0,False,False,True,3623388677/1000000,3623388677/1000000,43854,26189,0.02843714877963066,0.010091952979564667
BB,BB_quality,CP-AU-r001:q002:d08,CP-AU-r001,16,west-west,W,certified_reference,0.0,0,False,False,True,3623388677/1000000,3623388677/1000000,26190,26189,0.00872662290930748,0.010091952979564667
BB,BB_quality,CP-AU-r001:q002:d16,CP-AU-r001,64,west-west,A,existing_frozen,8.667504,541719/62500,True,False,False,8234493869/1000000,8243161373/1000000,679859,248714,0.5817622393369675,0.33027462288737297
BB,BB_quality,CP-AU-r001:q002:d16,CP-AU-r001,64,west-west,A,certified_reference,0.0,0,False,False,True,8234493869/1000000,8234493869/1000000,248714,248714,0.33009184524416924,0.33027462288737297
BB,BB_quality,CP-AU-r001:q002:d16,CP-AU-r001,64,west-west,E,existing_frozen,11.645396,2911349/250000,True,False,False,817332677/100000,4092486083/500000,738132,380438,0.6566368341445923,0.5002591833472252
BB,BB_quality,CP-AU-r001:q002:d16,CP-AU-r001,64,west-west,E,certified_reference,0.0,0,False,False,True,817332677/100000,817332677/100000,380439,380438,0.498736210167408,0.5002591833472252
BB,BB_quality,CP-AU-r001:q002:d16,CP-AU-r001,64,west-west,J,existing_frozen,0.0,0,False,False,True,500485487/62500,500485487/62500,1041394,531704,1.0523742511868477,0.6731159202754498
BB,BB_quality,CP-AU-r001:q002:d16,CP-AU-r001,64,west-west,J,certified_reference,0.0,0,False,False,True,500485487/62500,500485487/62500,531705,531704,0.670517310500145,0.6731159202754498
BB,BB_quality,CP-AU-r001:q002:d16,CP-AU-r001,64,west-west,W,existing_frozen,0.0,0,False,False,True,2021513243/250000,2021513243/250000,679801,444599,0.5781585611402988,0.6081538237631321
BB,BB_quality,CP-AU-r001:q002:d16,CP-AU-r001,64,west-west,W,certified_reference,0.0,0,False,False,True,2021513243/250000,2021513243/250000,444599,444599,0.606512762606144,0.6081538237631321
BB,BB_quality,CP-AU-r001:q002:d32,CP-AU-r001,128,west-west,A,existing_frozen,-14.069445,-2813889/200000,False,True,False,15604488679/1000000,7795209617/500000,4480562,242874,3.1008380092680454,0.31846553087234497
BB,BB_quality,CP-AU-r001:q002:d32,CP-AU-r001,128,west-west,A,certified_reference,0.0,0,False,False,True,15604488679/1000000,15604488679/1000000,242874,242874,0.3149140812456608,0.31846553087234497
BB,BB_quality,CP-AU-r001:q002:d32,CP-AU-r001,128,west-west,E,existing_frozen,-18.298792,-2287349/125000,False,True,False,15394493487/1000000,3075238939/200000,4760614,268411,3.4389391243457794,0.34505845978856087
BB,BB_quality,CP-AU-r001:q002:d32,CP-AU-r001,128,west-west,E,certified_reference,0.0,0,False,False,True,15394493487/1000000,15394493487/1000000,268411,268411,0.34576471522450447,0.34505845978856087
BB,BB_quality,CP-AU-r001:q002:d32,CP-AU-r001,128,west-west,J,existing_frozen,0.0,0,False,False,True,14970537987/1000000,14970537987/1000000,5615533,1023317,4.586030662059784,1.3165223710238934
BB,BB_quality,CP-AU-r001:q002:d32,CP-AU-r001,128,west-west,J,certified_reference,0.0,0,False,False,True,14970537987/1000000,14970537987/1000000,1023317,1023317,1.3207666277885437,1.3165223710238934
BB,BB_quality,CP-AU-r001:q002:d32,CP-AU-r001,128,west-west,W,existing_frozen,0.0,0,False,False,True,14970537987/1000000,14970537987/1000000,4712166,649980,3.440342266112566,0.865331307053566
BB,BB_quality,CP-AU-r001:q002:d32,CP-AU-r001,128,west-west,W,certified_reference,0.0,0,False,False,True,14970537987/1000000,14970537987/1000000,649980,649980,0.8625151738524437,0.865331307053566
BB,BB_quality,CP-AU-r001:q003:d08,CP-AU-r001,16,west-west,A,existing_frozen,0.0,0,False,False,True,186310381/50000,186310381/50000,38044,21133,0.028631318360567093,0.010120820254087448
BB,BB_quality,CP-AU-r001:q003:d08,CP-AU-r001,16,west-west,A,certified_reference,0.0,0,False,False,True,186310381/50000,186310381/50000,21134,21133,0.009093478322029114,0.010120820254087448
BB,BB_quality,CP-AU-r001:q003:d08,CP-AU-r001,16,west-west,E,existing_frozen,0.0,0,False,False,True,186310381/50000,186310381/50000,43130,26219,0.02885802462697029,0.01062384620308876
BB,BB_quality,CP-AU-r001:q003:d08,CP-AU-r001,16,west-west,E,certified_reference,0.0,0,False,False,True,186310381/50000,186310381/50000,26220,26219,0.00939202681183815,0.01062384620308876
BB,BB_quality,CP-AU-r001:q003:d08,CP-AU-r001,16,west-west,J,existing_frozen,0.0,0,False,False,True,3623388677/1000000,3623388677/1000000,48940,31275,0.02908354252576828,0.010245610028505325
BB,BB_quality,CP-AU-r001:q003:d08,CP-AU-r001,16,west-west,J,certified_reference,0.0,0,False,False,True,3623388677/1000000,3623388677/1000000,31276,31275,0.008823424577713013,0.010245610028505325
BB,BB_quality,CP-AU-r001:q003:d08,CP-AU-r001,16,west-west,W,existing_frozen,0.0,0,False,False,True,3623388677/1000000,3623388677/1000000,43854,26189,0.028163272887468338,0.010005999356508255
BB,BB_quality,CP-AU-r001:q003:d08,CP-AU-r001,16,west-west,W,certified_reference,0.0,0,False,False,True,3623388677/1000000,3623388677/1000000,26190,26189,0.008799225091934204,0.010005999356508255
BB,BB_quality,CP-AU-r001:q003:d16,CP-AU-r001,64,west-west,A,existing_frozen,8.667504,541719/62500,True,False,False,8234493869/1000000,8243161373/1000000,679859,248714,0.5757757499814034,0.3320564404129982
BB,BB_quality,CP-AU-r001:q003:d16,CP-AU-r001,64,west-west,A,certified_reference,0.0,0,False,False,True,8234493869/1000000,8234493869/1000000,248714,248714,0.3304080106317997,0.3320564404129982
BB,BB_quality,CP-AU-r001:q003:d16,CP-AU-r001,64,west-west,E,existing_frozen,11.645396,2911349/250000,True,False,False,817332677/100000,4092486083/500000,738132,380438,0.6556237414479256,0.4953281283378601
BB,BB_quality,CP-AU-r001:q003:d16,CP-AU-r001,64,west-west,E,certified_reference,0.0,0,False,False,True,817332677/100000,817332677/100000,380439,380438,0.49428486451506615,0.4953281283378601
BB,BB_quality,CP-AU-r001:q003:d16,CP-AU-r001,64,west-west,J,existing_frozen,0.0,0,False,False,True,500485487/62500,500485487/62500,1041394,531704,1.0529302656650543,0.668903723359108
BB,BB_quality,CP-AU-r001:q003:d16,CP-AU-r001,64,west-west,J,certified_reference,0.0,0,False,False,True,500485487/62500,500485487/62500,531705,531704,0.6776271685957909,0.668903723359108
BB,BB_quality,CP-AU-r001:q003:d16,CP-AU-r001,64,west-west,W,existing_frozen,0.0,0,False,False,True,2021513243/250000,2021513243/250000,679801,444599,0.5761725008487701,0.6012289077043533
BB,BB_quality,CP-AU-r001:q003:d16,CP-AU-r001,64,west-west,W,certified_reference,0.0,0,False,False,True,2021513243/250000,2021513243/250000,444599,444599,0.6042488589882851,0.6012289077043533
BB,BB_quality,CP-AU-r001:q003:d32,CP-AU-r001,128,west-west,A,existing_frozen,-14.069445,-2813889/200000,False,True,False,15604488679/1000000,7795209617/500000,4480562,242874,3.312510922551155,0.3141748085618019
BB,BB_quality,CP-AU-r001:q003:d32,CP-AU-r001,128,west-west,A,certified_reference,0.0,0,False,False,True,15604488679/1000000,15604488679/1000000,242874,242874,0.3138740360736847,0.3141748085618019
BB,BB_quality,CP-AU-r001:q003:d32,CP-AU-r001,128,west-west,E,existing_frozen,-18.298792,-2287349/125000,False,True,False,15394493487/1000000,3075238939/200000,4760614,268411,3.4650143645703793,0.3484296686947346
BB,BB_quality,CP-AU-r001:q003:d32,CP-AU-r001,128,west-west,E,certified_reference,0.0,0,False,False,True,15394493487/1000000,15394493487/1000000,268411,268411,0.3475862555205822,0.3484296686947346
BB,BB_quality,CP-AU-r001:q003:d32,CP-AU-r001,128,west-west,J,existing_frozen,0.0,0,False,False,True,14970537987/1000000,14970537987/1000000,5615533,1023317,4.582937560975552,1.309936709702015
BB,BB_quality,CP-AU-r001:q003:d32,CP-AU-r001,128,west-west,J,certified_reference,0.0,0,False,False,True,14970537987/1000000,14970537987/1000000,1023317,1023317,1.3152712248265743,1.309936709702015
BB,BB_quality,CP-AU-r001:q003:d32,CP-AU-r001,128,west-west,W,existing_frozen,0.0,0,False,False,True,14970537987/1000000,14970537987/1000000,4712166,649980,3.4619936272501945,0.8601215295493603
BB,BB_quality,CP-AU-r001:q003:d32,CP-AU-r001,128,west-west,W,certified_reference,0.0,0,False,False,True,14970537987/1000000,14970537987/1000000,649980,649980,0.8652472756803036,0.8601215295493603
BB,BB_quality,CP-AU-r001:q004:d08,CP-AU-r001,16,west-west,A,existing_frozen,0.0,0,False,False,True,502780957/125000,502780957/125000,38239,20830,0.028181448578834534,0.009442012757062912
BB,BB_quality,CP-AU-r001:q004:d08,CP-AU-r001,16,west-west,A,certified_reference,0.0,0,False,False,True,502780957/125000,502780957/125000,20831,20830,0.00819069892168045,0.009442012757062912
BB,BB_quality,CP-AU-r001:q004:d08,CP-AU-r001,16,west-west,E,existing_frozen,0.0,0,False,False,True,502780957/125000,502780957/125000,43762,25951,0.02869131788611412,0.009727247059345245
BB,BB_quality,CP-AU-r001:q004:d08,CP-AU-r001,16,west-west,E,certified_reference,0.0,0,False,False,True,502780957/125000,502780957/125000,25952,25951,0.008456125855445862,0.009727247059345245
BB,BB_quality,CP-AU-r001:q004:d08,CP-AU-r001,16,west-west,J,existing_frozen,0.0,0,False,False,True,2008298443/500000,2008298443/500000,49358,31610,0.02803969383239746,0.010694347321987152
BB,BB_quality,CP-AU-r001:q004:d08,CP-AU-r001,16,west-west,J,certified_reference,0.0,0,False,False,True,2008298443/500000,2008298443/500000,31611,31610,0.009317118674516678,0.010694347321987152
BB,BB_quality,CP-AU-r001:q004:d08,CP-AU-r001,16,west-west,W,existing_frozen,0.0,0,False,False,True,2008298443/500000,2008298443/500000,43835,26489,0.027939043939113617,0.010473530739545822
BB,BB_quality,CP-AU-r001:q004:d08,CP-AU-r001,16,west-west,W,certified_reference,0.0,0,False,False,True,2008298443/500000,2008298443/500000,26490,26489,0.00927659124135971,0.010473530739545822
BB,BB_quality,CP-AU-r001:q004:d16,CP-AU-r001,64,west-west,A,existing_frozen,-7.218469,-7218469/1000000,False,True,False,4180600407/500000,1670796469/200000,787968,88588,0.7170848399400711,0.0950598232448101
BB,BB_quality,CP-AU-r001:q004:d16,CP-AU-r001,64,west-west,A,certified_reference,0.0,0,False,False,True,4180600407/500000,4180600407/500000,88588,88588,0.09478729590773582,0.0950598232448101
BB,BB_quality,CP-AU-r001:q004:d16,CP-AU-r001,64,west-west,E,existing_frozen,0.0,0,False,False,True,8334217327/1000000,8334217327/1000000,951788,170121,0.9371267408132553,0.22018155455589294
BB,BB_quality,CP-AU-r001:q004:d16,CP-AU-r001,64,west-west,E,certified_reference,0.0,0,False,False,True,8334217327/1000000,8334217327/1000000,170121,170121,0.2199290730059147,0.22018155455589294
BB,BB_quality,CP-AU-r001:q004:d16,CP-AU-r001,64,west-west,J,existing_frozen,0.0,0,False,False,True,1661954131/200000,1661954131/200000,1082341,459377,1.1018067561089993,0.5874765068292618
BB,BB_quality,CP-AU-r001:q004:d16,CP-AU-r001,64,west-west,J,certified_reference,0.0,0,False,False,True,1661954131/200000,1661954131/200000,459378,459377,0.5843786112964153,0.5874765068292618
BB,BB_quality,CP-AU-r001:q004:d16,CP-AU-r001,64,west-west,W,existing_frozen,-12.558671,-12558671/1000000,False,True,False,4168111369/500000,8323664067/1000000,797034,281818,0.7219396717846394,0.3786217123270035
BB,BB_quality,CP-AU-r001:q004:d16,CP-AU-r001,64,west-west,W,certified_reference,0.0,0,False,False,True,4168111369/500000,4168111369/500000,281818,281818,0.37801817432045937,0.3786217123270035
BB,BB_quality,CP-AU-r001:q004:d32,CP-AU-r001,128,west-west,A,existing_frozen,-73.819373,-73819373/1000000,False,True,False,15680141701/1000000,1950790291/125000,4495897,284835,3.1250829249620438,0.3805742748081684
BB,BB_quality,CP-AU-r001:q004:d32,CP-AU-r001,128,west-west,A,certified_reference,0.0,0,False,False,True,15680141701/1000000,15680141701/1000000,284835,284835,0.3808991424739361,0.3805742748081684
BB,BB_quality,CP-AU-r001:q004:d32,CP-AU-r001,128,west-west,E,existing_frozen,-69.190125,-553521/8000,False,True,False,3887991169/250000,15482774551/1000000,4615093,194065,3.268711280077696,0.2407793402671814
BB,BB_quality,CP-AU-r001:q004:d32,CP-AU-r001,128,west-west,E,certified_reference,0.0,0,False,False,True,3887991169/250000,3887991169/250000,194065,194065,0.23970551788806915,0.2407793402671814
BB,BB_quality,CP-AU-r001:q004:d32,CP-AU-r001,128,west-west,J,existing_frozen,0.0,0,False,False,True,1511652367/100000,1511652367/100000,5312650,895689,4.207435254007578,1.1303083449602127
BB,BB_quality,CP-AU-r001:q004:d32,CP-AU-r001,128,west-west,J,certified_reference,0.0,0,False,False,True,1511652367/100000,1511652367/100000,895689,895689,1.135102640837431,1.1303083449602127
BB,BB_quality,CP-AU-r001:q004:d32,CP-AU-r001,128,west-west,W,existing_frozen,0.0,0,False,False,True,1511652367/100000,1511652367/100000,4881527,829617,3.658546146005392,1.1009656116366386
BB,BB_quality,CP-AU-r001:q004:d32,CP-AU-r001,128,west-west,W,certified_reference,0.0,0,False,False,True,1511652367/100000,1511652367/100000,829617,829617,1.094476606696844,1.1009656116366386
BB,BB_quality,CP-AU-r001:q005:d08,CP-AU-r001,16,west-west,A,existing_frozen,0.0,0,False,False,True,4441950051/1000000,4441950051/1000000,37118,19965,0.02611570805311203,0.008016776293516159
BB,BB_quality,CP-AU-r001:q005:d08,CP-AU-r001,16,west-west,A,certified_reference,0.0,0,False,False,True,4441950051/1000000,4441950051/1000000,19966,19965,0.006762471050024033,0.008016776293516159
BB,BB_quality,CP-AU-r001:q005:d08,CP-AU-r001,16,west-west,E,existing_frozen,0.0,0,False,False,True,4441950051/1000000,4441950051/1000000,42706,25116,0.027090348303318024,0.008416283875703812
BB,BB_quality,CP-AU-r001:q005:d08,CP-AU-r001,16,west-west,E,certified_reference,0.0,0,False,False,True,4441950051/1000000,4441950051/1000000,25117,25116,0.007066760212182999,0.008416283875703812
BB,BB_quality,CP-AU-r001:q005:d08,CP-AU-r001,16,west-west,J,existing_frozen,0.0,0,False,False,True,4432899199/1000000,4432899199/1000000,48536,30957,0.027831941843032837,0.009675722569227219
BB,BB_quality,CP-AU-r001:q005:d08,CP-AU-r001,16,west-west,J,certified_reference,0.0,0,False,False,True,4432899199/1000000,4432899199/1000000,30958,30957,0.008838102221488953,0.009675722569227219
BB,BB_quality,CP-AU-r001:q005:d08,CP-AU-r001,16,west-west,W,existing_frozen,0.0,0,False,False,True,4432899199/1000000,4432899199/1000000,43024,25775,0.02794681116938591,0.009444430470466614
BB,BB_quality,CP-AU-r001:q005:d08,CP-AU-r001,16,west-west,W,certified_reference,0.0,0,False,False,True,4432899199/1000000,4432899199/1000000,25776,25775,0.008229468017816544,0.009444430470466614
BB,BB_quality,CP-AU-r001:q005:d16,CP-AU-r001,64,west-west,A,existing_frozen,0.0,0,False,False,True,4308705323/500000,4308705323/500000,760854,126808,0.8993623442947865,0.16423757001757622
BB,BB_quality,CP-AU-r001:q005:d16,CP-AU-r001,64,west-west,A,certified_reference,0.0,0,False,False,True,4308705323/500000,4308705323/500000,126808,126808,0.1638897843658924,0.16423757001757622
BB,BB_quality,CP-AU-r001:q005:d16,CP-AU-r001,64,west-west,E,existing_frozen,0.0,0,False,False,True,1066341943/125000,1066341943/125000,930146,159387,0.9083055704832077,0.20147933065891266
BB,BB_quality,CP-AU-r001:q005:d16,CP-AU-r001,64,west-west,E,certified_reference,0.0,0,False,False,True,1066341943/125000,1066341943/125000,160031,159387,0.20023561641573906,0.20147933065891266
BB,BB_quality,CP-AU-r001:q005:d16,CP-AU-r001,64,west-west,J,existing_frozen,0.0,0,False,False,True,423015541/50000,423015541/50000,1136931,559896,1.1764163449406624,0.7534113824367523
BB,BB_quality,CP-AU-r001:q005:d16,CP-AU-r001,64,west-west,J,certified_reference,0.0,0,False,False,True,423015541/50000,423015541/50000,559897,559896,0.753697793930769,0.7534113824367523
BB,BB_quality,CP-AU-r001:q005:d16,CP-AU-r001,64,west-west,W,existing_frozen,0.0,0,False,False,True,8551154671/1000000,8551154671/1000000,779744,272178,0.6958639025688171,0.376571673899889
BB,BB_quality,CP-AU-r001:q005:d16,CP-AU-r001,64,west-west,W,certified_reference,0.0,0,False,False,True,8551154671/1000000,8551154671/1000000,277563,272178,0.3819125406444073,0.376571673899889
BB,BB_quality,CP-AU-r001:q005:d32,CP-AU-r001,128,west-west,A,existing_frozen,315.117352,39389669/125000,True,False,False,9686531/625,1976695869/125000,4530426,246266,3.1725860871374607,0.3202873095870018
BB,BB_quality,CP-AU-r001:q005:d32,CP-AU-r001,128,west-west,A,certified_reference,0.0,0,False,False,True,9686531/625,9686531/625,246266,246266,0.32015182450413704,0.3202873095870018
BB,BB_quality,CP-AU-r001:q005:d32,CP-AU-r001,128,west-west,E,existing_frozen,-65.95024,-412189/6250,False,True,False,7772038581/500000,7739063461/500000,4588316,237547,3.231106784194708,0.30420900136232376
BB,BB_quality,CP-AU-r001:q005:d32,CP-AU-r001,128,west-west,E,certified_reference,0.0,0,False,False,True,7772038581/500000,7772038581/500000,237547,237547,0.3025377318263054,0.30420900136232376
BB,BB_quality,CP-AU-r001:q005:d32,CP-AU-r001,128,west-west,J,existing_frozen,0.0,0,False,False,True,15197529933/1000000,15197529933/1000000,5482622,1748580,4.392521645873785,2.226260520517826
BB,BB_quality,CP-AU-r001:q005:d32,CP-AU-r001,128,west-west,J,certified_reference,0.0,0,False,False,True,15197529933/1000000,15197529933/1000000,1748580,1748580,2.2218439802527428,2.226260520517826
BB,BB_quality,CP-AU-r001:q005:d32,CP-AU-r001,128,west-west,W,existing_frozen,97.997251,97997251/1000000,True,False,False,15197529933/1000000,955970449/62500,4614850,728993,3.310904335230589,0.9577317237854004
BB,BB_quality,CP-AU-r001:q005:d32,CP-AU-r001,128,west-west,W,certified_reference,0.0,0,False,False,True,15197529933/1000000,15197529933/1000000,728993,728993,0.9637232534587383,0.9577317237854004
BB,BB_quality,CP-AU-r001:q006:d08,CP-AU-r001,16,west-west,A,existing_frozen,0.0,0,False,False,True,4441950051/1000000,4441950051/1000000,37118,19965,0.026424795389175415,0.008208561688661575
BB,BB_quality,CP-AU-r001:q006:d08,CP-AU-r001,16,west-west,A,certified_reference,0.0,0,False,False,True,4441950051/1000000,4441950051/1000000,19966,19965,0.006871659308671951,0.008208561688661575
BB,BB_quality,CP-AU-r001:q006:d08,CP-AU-r001,16,west-west,E,existing_frozen,0.0,0,False,False,True,4441950051/1000000,4441950051/1000000,42706,25116,0.0267953984439373,0.008238736540079117
BB,BB_quality,CP-AU-r001:q006:d08,CP-AU-r001,16,west-west,E,certified_reference,0.0,0,False,False,True,4441950051/1000000,4441950051/1000000,25117,25116,0.006986614316701889,0.008238736540079117
BB,BB_quality,CP-AU-r001:q006:d08,CP-AU-r001,16,west-west,J,existing_frozen,0.0,0,False,False,True,4432899199/1000000,4432899199/1000000,48536,30957,0.028162650763988495,0.009581759572029114
BB,BB_quality,CP-AU-r001:q006:d08,CP-AU-r001,16,west-west,J,certified_reference,0.0,0,False,False,True,4432899199/1000000,4432899199/1000000,30958,30957,0.008296221494674683,0.009581759572029114
BB,BB_quality,CP-AU-r001:q006:d08,CP-AU-r001,16,west-west,W,existing_frozen,0.0,0,False,False,True,4432899199/1000000,4432899199/1000000,43024,25775,0.028695039451122284,0.009630568325519562
BB,BB_quality,CP-AU-r001:q006:d08,CP-AU-r001,16,west-west,W,certified_reference,0.0,0,False,False,True,4432899199/1000000,4432899199/1000000,25776,25775,0.008056312799453735,0.009630568325519562
BB,BB_quality,CP-AU-r001:q006:d16,CP-AU-r001,64,west-west,A,existing_frozen,0.0,0,False,False,True,4308705323/500000,4308705323/500000,760854,126808,0.6995993591845036,0.16643735766410828
BB,BB_quality,CP-AU-r001:q006:d16,CP-AU-r001,64,west-west,A,certified_reference,0.0,0,False,False,True,4308705323/500000,4308705323/500000,126808,126808,0.16546787321567535,0.16643735766410828
BB,BB_quality,CP-AU-r001:q006:d16,CP-AU-r001,64,west-west,E,existing_frozen,0.0,0,False,False,True,1066341943/125000,1066341943/125000,930146,159387,0.908292293548584,0.1995137333869934
BB,BB_quality,CP-AU-r001:q006:d16,CP-AU-r001,64,west-west,E,certified_reference,0.0,0,False,False,True,1066341943/125000,1066341943/125000,160031,159387,0.20344774797558784,0.1995137333869934
BB,BB_quality,CP-AU-r001:q006:d16,CP-AU-r001,64,west-west,J,existing_frozen,0.0,0,False,False,True,423015541/50000,423015541/50000,1136931,559896,1.1854674890637398,0.7523398846387863
BB,BB_quality,CP-AU-r001:q006:d16,CP-AU-r001,64,west-west,J,certified_reference,0.0,0,False,False,True,423015541/50000,423015541/50000,559897,559896,0.7533115670084953,0.7523398846387863
BB,BB_quality,CP-AU-r001:q006:d16,CP-AU-r001,64,west-west,W,existing_frozen,0.0,0,False,False,True,8551154671/1000000,8551154671/1000000,779744,272178,0.7000392265617847,0.37543993815779686
BB,BB_quality,CP-AU-r001:q006:d16,CP-AU-r001,64,west-west,W,certified_reference,0.0,0,False,False,True,8551154671/1000000,8551154671/1000000,277563,272178,0.38434552028775215,0.37543993815779686
BB,BB_quality,CP-AU-r001:q006:d32,CP-AU-r001,128,west-west,A,existing_frozen,315.117352,39389669/125000,True,False,False,9686531/625,1976695869/125000,4530426,246266,3.1682915203273296,0.3212566338479519
BB,BB_quality,CP-AU-r001:q006:d32,CP-AU-r001,128,west-west,A,certified_reference,0.0,0,False,False,True,9686531/625,9686531/625,246266,246266,0.32490603625774384,0.3212566338479519
BB,BB_quality,CP-AU-r001:q006:d32,CP-AU-r001,128,west-west,E,existing_frozen,-65.95024,-412189/6250,False,True,False,7772038581/500000,7739063461/500000,4588316,237547,3.2213673070073128,0.30159739032387733
BB,BB_quality,CP-AU-r001:q006:d32,CP-AU-r001,128,west-west,E,certified_reference,0.0,0,False,False,True,7772038581/500000,7772038581/500000,237547,237547,0.303025558590889,0.30159739032387733
BB,BB_quality,CP-AU-r001:q006:d32,CP-AU-r001,128,west-west,J,existing_frozen,0.0,0,False,False,True,15197529933/1000000,15197529933/1000000,5482622,1748580,4.444125153124332,2.200893796980381
BB,BB_quality,CP-AU-r001:q006:d32,CP-AU-r001,128,west-west,J,certified_reference,0.0,0,False,False,True,15197529933/1000000,15197529933/1000000,1748580,1748580,2.2084467485547066,2.200893796980381
BB,BB_quality,CP-AU-r001:q006:d32,CP-AU-r001,128,west-west,W,existing_frozen,97.997251,97997251/1000000,True,False,False,15197529933/1000000,955970449/62500,4614850,728993,3.297052025794983,0.9670262299478054
BB,BB_quality,CP-AU-r001:q006:d32,CP-AU-r001,128,west-west,W,certified_reference,0.0,0,False,False,True,15197529933/1000000,15197529933/1000000,728993,728993,0.9533614553511143,0.9670262299478054
BB,BB_quality,CP-AU-r001:q007:d08,CP-AU-r001,16,west-west,A,existing_frozen,0.0,0,False,False,True,2150802031/500000,2150802031/500000,39413,21250,0.029636971652507782,0.01024293527007103
BB,BB_quality,CP-AU-r001:q007:d08,CP-AU-r001,16,west-west,A,certified_reference,0.0,0,False,False,True,2150802031/500000,2150802031/500000,21251,21250,0.009025126695632935,0.01024293527007103
BB,BB_quality,CP-AU-r001:q007:d08,CP-AU-r001,16,west-west,E,existing_frozen,0.0,0,False,False,True,2150802031/500000,2150802031/500000,44744,26357,0.029653672128915787,0.010700501501560211
BB,BB_quality,CP-AU-r001:q007:d08,CP-AU-r001,16,west-west,E,certified_reference,0.0,0,False,False,True,2150802031/500000,2150802031/500000,26358,26357,0.009320944547653198,0.010700501501560211
BB,BB_quality,CP-AU-r001:q007:d08,CP-AU-r001,16,west-west,J,existing_frozen,0.0,0,False,False,True,1884269833/500000,1884269833/500000,48794,30507,0.026895269751548767,0.00894954428076744
BB,BB_quality,CP-AU-r001:q007:d08,CP-AU-r001,16,west-west,J,certified_reference,0.0,0,False,False,True,1884269833/500000,1884269833/500000,30508,30507,0.007469799369573593,0.00894954428076744
BB,BB_quality,CP-AU-r001:q007:d08,CP-AU-r001,16,west-west,W,existing_frozen,0.0,0,False,False,True,1884269833/500000,1884269833/500000,43463,25400,0.026968538761138916,0.008678451180458069
BB,BB_quality,CP-AU-r001:q007:d08,CP-AU-r001,16,west-west,W,certified_reference,0.0,0,False,False,True,1884269833/500000,1884269833/500000,25401,25400,0.0073485709726810455,0.008678451180458069
BB,BB_quality,CP-AU-r001:q007:d16,CP-AU-r001,64,west-west,A,existing_frozen,70.618875,564951/8000,True,False,False,4534790743/500000,9140200361/1000000,767471,367483,0.6714612729847431,0.4949487932026386
BB,BB_quality,CP-AU-r001:q007:d16,CP-AU-r001,64,west-west,A,certified_reference,0.0,0,False,False,True,4534790743/500000,4534790743/500000,367483,367483,0.49568794667720795,0.4949487932026386
BB,BB_quality,CP-AU-r001:q007:d16,CP-AU-r001,64,west-west,E,existing_frozen,70.935206,35467603/500000,True,False,False,1811892077/200000,9130395591/1000000,816735,199002,0.7238559797406197,0.2567747011780739
BB,BB_quality,CP-AU-r001:q007:d16,CP-AU-r001,64,west-west,E,certified_reference,0.0,0,False,False,True,1811892077/200000,1811892077/200000,199002,199002,0.2596124932169914,0.2567747011780739
BB,BB_quality,CP-AU-r001:q007:d16,CP-AU-r001,64,west-west,J,existing_frozen,0.0,0,False,False,True,8279157081/1000000,8279157081/1000000,1154449,342757,1.165294773876667,0.4512614607810974
BB,BB_quality,CP-AU-r001:q007:d16,CP-AU-r001,64,west-west,J,certified_reference,0.0,0,False,False,True,8279157081/1000000,8279157081/1000000,342758,342757,0.4500046372413635,0.4512614607810974
BB,BB_quality,CP-AU-r001:q007:d16,CP-AU-r001,64,west-west,W,existing_frozen,-7.666686,-3833343/500000,False,True,False,4173400663/500000,104239183/12500,1175095,257055,1.205971211194992,0.3433283381164074
BB,BB_quality,CP-AU-r001:q007:d16,CP-AU-r001,64,west-west,W,certified_reference,0.0,0,False,False,True,4173400663/500000,4173400663/500000,257056,257055,0.34517479315400124,0.3433283381164074
BB,BB_quality,CP-AU-r001:q007:d32,CP-AU-r001,128,west-west,A,existing_frozen,-17.940478,-8970239/500000,False,True,False,17398321433/1000000,3476076191/200000,4912401,291072,3.5687612406909466,0.37692466750741005
BB,BB_quality,CP-AU-r001:q007:d32,CP-AU-r001,128,west-west,A,certified_reference,0.0,0,False,False,True,17398321433/1000000,17398321433/1000000,291072,291072,0.37901853397488594,0.37692466750741005
BB,BB_quality,CP-AU-r001:q007:d32,CP-AU-r001,128,west-west,E,existing_frozen,-68.510374,-34255187/500000,False,True,False,8377128751/500000,2085718391/125000,5477408,225269,4.332567762583494,0.277857918292284
BB,BB_quality,CP-AU-r001:q007:d32,CP-AU-r001,128,west-west,E,certified_reference,0.0,0,False,False,True,8377128751/500000,8377128751/500000,225269,225269,0.28034699708223343,0.277857918292284
BB,BB_quality,CP-AU-r001:q007:d32,CP-AU-r001,128,west-west,J,existing_frozen,0.0,0,False,False,True,15602372623/1000000,15602372623/1000000,5944564,1022153,4.996798757463694,1.3205951899290085
BB,BB_quality,CP-AU-r001:q007:d32,CP-AU-r001,128,west-west,J,certified_reference,0.0,0,False,False,True,15602372623/1000000,15602372623/1000000,1022153,1022153,1.3247796222567558,1.3205951899290085
BB,BB_quality,CP-AU-r001:q007:d32,CP-AU-r001,128,west-west,W,existing_frozen,-111.950466,-55975233/500000,False,True,False,8124295861/500000,2017080157/125000,4950469,198851,3.652420923113823,0.2450185902416706
BB,BB_quality,CP-AU-r001:q007:d32,CP-AU-r001,128,west-west,W,certified_reference,0.0,0,False,False,True,8124295861/500000,8124295861/500000,198851,198851,0.24366487562656403,0.2450185902416706
BB,BB_quality,CP-AU-r001:q008:d08,CP-AU-r001,16,west-west,A,existing_frozen,0.0,0,False,False,True,2150802031/500000,2150802031/500000,39413,21250,0.03026149421930313,0.01024606078863144
BB,BB_quality,CP-AU-r001:q008:d08,CP-AU-r001,16,west-west,A,certified_reference,0.0,0,False,False,True,2150802031/500000,2150802031/500000,21251,21250,0.009211771190166473,0.01024606078863144
BB,BB_quality,CP-AU-r001:q008:d08,CP-AU-r001,16,west-west,E,existing_frozen,0.0,0,False,False,True,2150802031/500000,2150802031/500000,44744,26357,0.02991342917084694,0.010765086859464645
BB,BB_quality,CP-AU-r001:q008:d08,CP-AU-r001,16,west-west,E,certified_reference,0.0,0,False,False,True,2150802031/500000,2150802031/500000,26358,26357,0.009446155279874802,0.010765086859464645
BB,BB_quality,CP-AU-r001:q008:d08,CP-AU-r001,16,west-west,J,existing_frozen,0.0,0,False,False,True,1884269833/500000,1884269833/500000,48794,30507,0.028773799538612366,0.009148381650447845
BB,BB_quality,CP-AU-r001:q008:d08,CP-AU-r001,16,west-west,J,certified_reference,0.0,0,False,False,True,1884269833/500000,1884269833/500000,30508,30507,0.00857376679778099,0.009148381650447845
BB,BB_quality,CP-AU-r001:q008:d08,CP-AU-r001,16,west-west,W,existing_frozen,0.0,0,False,False,True,1884269833/500000,1884269833/500000,43463,25400,0.026836540549993515,0.008699815720319748
BB,BB_quality,CP-AU-r001:q008:d08,CP-AU-r001,16,west-west,W,certified_reference,0.0,0,False,False,True,1884269833/500000,1884269833/500000,25401,25400,0.00732402503490448,0.008699815720319748
BB,BB_quality,CP-AU-r001:q008:d16,CP-AU-r001,64,west-west,A,existing_frozen,70.618875,564951/8000,True,False,False,4534790743/500000,9140200361/1000000,767471,367483,0.6652679033577442,0.49973566830158234
BB,BB_quality,CP-AU-r001:q008:d16,CP-AU-r001,64,west-west,A,certified_reference,0.0,0,False,False,True,4534790743/500000,4534790743/500000,367483,367483,0.4955374300479889,0.49973566830158234
BB,BB_quality,CP-AU-r001:q008:d16,CP-AU-r001,64,west-west,E,existing_frozen,70.935206,35467603/500000,True,False,False,1811892077/200000,9130395591/1000000,816735,199002,0.7227925918996334,0.25814588367938995
BB,BB_quality,CP-AU-r001:q008:d16,CP-AU-r001,64,west-west,E,certified_reference,0.0,0,False,False,True,1811892077/200000,1811892077/200000,199002,199002,0.2577561251819134,0.25814588367938995
BB,BB_quality,CP-AU-r001:q008:d16,CP-AU-r001,64,west-west,J,existing_frozen,0.0,0,False,False,True,8279157081/1000000,8279157081/1000000,1154449,342757,1.1636450737714767,0.44590623304247856
BB,BB_quality,CP-AU-r001:q008:d16,CP-AU-r001,64,west-west,J,certified_reference,0.0,0,False,False,True,8279157081/1000000,8279157081/1000000,342758,342757,0.4507867954671383,0.44590623304247856
BB,BB_quality,CP-AU-r001:q008:d16,CP-AU-r001,64,west-west,W,existing_frozen,-7.666686,-3833343/500000,False,True,False,4173400663/500000,104239183/12500,1175095,257055,1.2045300975441933,0.34279488027095795
BB,BB_quality,CP-AU-r001:q008:d16,CP-AU-r001,64,west-west,W,certified_reference,0.0,0,False,False,True,4173400663/500000,4173400663/500000,257056,257055,0.34258124232292175,0.34279488027095795
BB,BB_quality,CP-AU-r001:q008:d32,CP-AU-r001,128,west-west,A,existing_frozen,-17.940478,-8970239/500000,False,True,False,17398321433/1000000,3476076191/200000,4912401,291072,3.545901022851467,0.37740227580070496
BB,BB_quality,CP-AU-r001:q008:d32,CP-AU-r001,128,west-west,A,certified_reference,0.0,0,False,False,True,17398321433/1000000,17398321433/1000000,291072,291072,0.37616023048758507,0.37740227580070496
BB,BB_quality,CP-AU-r001:q008:d32,CP-AU-r001,128,west-west,E,existing_frozen,-68.510374,-34255187/500000,False,True,False,8377128751/500000,2085718391/125000,5477408,225269,4.363706793636084,0.28389453142881393
BB,BB_quality,CP-AU-r001:q008:d32,CP-AU-r001,128,west-west,E,certified_reference,0.0,0,False,False,True,8377128751/500000,8377128751/500000,225269,225269,0.2819996662437916,0.28389453142881393
BB,BB_quality,CP-AU-r001:q008:d32,CP-AU-r001,128,west-west,J,existing_frozen,0.0,0,False,False,True,15602372623/1000000,15602372623/1000000,5944564,1022153,4.96295789629221,1.3429119177162647
BB,BB_quality,CP-AU-r001:q008:d32,CP-AU-r001,128,west-west,J,certified_reference,0.0,0,False,False,True,15602372623/1000000,15602372623/1000000,1022153,1022153,1.3251815550029278,1.3429119177162647
BB,BB_quality,CP-AU-r001:q008:d32,CP-AU-r001,128,west-west,W,existing_frozen,-111.950466,-55975233/500000,False,True,False,8124295861/500000,2017080157/125000,4950469,198851,3.905065193772316,0.24420621991157532
BB,BB_quality,CP-AU-r001:q008:d32,CP-AU-r001,128,west-west,W,certified_reference,0.0,0,False,False,True,8124295861/500000,8124295861/500000,198851,198851,0.24275807663798332,0.24420621991157532
BB,BB_quality,CP-AU-r001:q009:d08,CP-AU-r001,16,west-west,A,existing_frozen,0.0,0,False,False,True,4363741271/1000000,4363741271/1000000,40351,21881,0.0312652513384819,0.011229477822780609
BB,BB_quality,CP-AU-r001:q009:d08,CP-AU-r001,16,west-west,A,certified_reference,0.0,0,False,False,True,4363741271/1000000,4363741271/1000000,21882,21881,0.01006542518734932,0.011229477822780609
BB,BB_quality,CP-AU-r001:q009:d08,CP-AU-r001,16,west-west,E,existing_frozen,0.0,0,False,False,True,4363741271/1000000,4363741271/1000000,45437,26967,0.03245439752936363,0.011836439371109009
BB,BB_quality,CP-AU-r001:q009:d08,CP-AU-r001,16,west-west,E,certified_reference,0.0,0,False,False,True,4363741271/1000000,4363741271/1000000,26968,26967,0.010336339473724365,0.011836439371109009
BB,BB_quality,CP-AU-r001:q009:d08,CP-AU-r001,16,west-west,J,existing_frozen,0.0,0,False,False,True,723745049/200000,723745049/200000,47704,30833,0.028121009469032288,0.009378433227539062
BB,BB_quality,CP-AU-r001:q009:d08,CP-AU-r001,16,west-west,J,certified_reference,0.0,0,False,False,True,723745049/200000,723745049/200000,30834,30833,0.008136540651321411,0.009378433227539062
BB,BB_quality,CP-AU-r001:q009:d08,CP-AU-r001,16,west-west,W,existing_frozen,0.0,0,False,False,True,723745049/200000,723745049/200000,42618,25747,0.02787773311138153,0.009415965527296066
BB,BB_quality,CP-AU-r001:q009:d08,CP-AU-r001,16,west-west,W,certified_reference,0.0,0,False,False,True,723745049/200000,723745049/200000,25748,25747,0.008007939904928207,0.009415965527296066
BB,BB_quality,CP-AU-r001:q009:d16,CP-AU-r001,64,west-west,A,existing_frozen,-51.882731,-51882731/1000000,False,True,False,8378951671/1000000,416353447/50000,1075203,192406,1.080592330545187,0.26297980546951294
BB,BB_quality,CP-AU-r001:q009:d16,CP-AU-r001,64,west-west,A,certified_reference,0.0,0,False,False,True,8378951671/1000000,8378951671/1000000,192406,192406,0.2644733041524887,0.26297980546951294
BB,BB_quality,CP-AU-r001:q009:d16,CP-AU-r001,64,west-west,E,existing_frozen,-51.882731,-51882731/1000000,False,True,False,8378951671/1000000,416353447/50000,1084273,211648,1.0836685821413994,0.2853305712342262
BB,BB_quality,CP-AU-r001:q009:d16,CP-AU-r001,64,west-west,E,certified_reference,0.0,0,False,False,True,8378951671/1000000,8378951671/1000000,211648,211648,0.28630706295371056,0.2853305712342262
BB,BB_quality,CP-AU-r001:q009:d16,CP-AU-r001,64,west-west,J,existing_frozen,0.0,0,False,False,True,718200823/100000,718200823/100000,1164670,377352,1.1968855299055576,0.492890190333128
BB,BB_quality,CP-AU-r001:q009:d16,CP-AU-r001,64,west-west,J,certified_reference,0.0,0,False,False,True,718200823/100000,718200823/100000,377353,377352,0.4928353279829025,0.492890190333128
BB,BB_quality,CP-AU-r001:q009:d16,CP-AU-r001,64,west-west,W,existing_frozen,0.0,0,False,False,True,718200823/100000,718200823/100000,1120827,335241,1.1653917543590069,0.4485482834279537
BB,BB_quality,CP-AU-r001:q009:d16,CP-AU-r001,64,west-west,W,certified_reference,0.0,0,False,False,True,718200823/100000,718200823/100000,335242,335241,0.4450991228222847,0.4485482834279537
BB,BB_quality,CP-AU-r001:q009:d32,CP-AU-r001,128,west-west,A,existing_frozen,87.868219,87868219/1000000,True,False,False,8127386479/500000,16342641177/1000000,4747742,414487,3.410085130482912,0.5413457527756691
BB,BB_quality,CP-AU-r001:q009:d32,CP-AU-r001,128,west-west,A,certified_reference,0.0,0,False,False,True,8127386479/500000,8127386479/500000,414487,414487,0.5515733771026134,0.5413457527756691
BB,BB_quality,CP-AU-r001:q009:d32,CP-AU-r001,128,west-west,E,existing_frozen,0.0,0,False,False,True,8100941341/500000,8100941341/500000,5166101,259492,4.035343114286661,0.3226543590426445
BB,BB_quality,CP-AU-r001:q009:d32,CP-AU-r001,128,west-west,E,certified_reference,0.0,0,False,False,True,8100941341/500000,8100941341/500000,259492,259492,0.32687491923570633,0.3226543590426445
BB,BB_quality,CP-AU-r001:q009:d32,CP-AU-r001,128,west-west,J,existing_frozen,269.578491,269578491/1000000,True,False,False,7423466249/500000,15116510989/1000000,5640638,787497,4.625865064561367,0.9942367412149906
BB,BB_quality,CP-AU-r001:q009:d32,CP-AU-r001,128,west-west,J,certified_reference,0.0,0,False,False,True,7423466249/500000,7423466249/500000,787497,787497,0.9925990402698517,0.9942367412149906
BB,BB_quality,CP-AU-r001:q009:d32,CP-AU-r001,128,west-west,W,existing_frozen,0.0,0,False,False,True,7423466249/500000,7423466249/500000,4685889,336431,3.3749941922724247,0.4388970211148262
BB,BB_quality,CP-AU-r001:q009:d32,CP-AU-r001,128,west-west,W,certified_reference,0.0,0,False,False,True,7423466249/500000,7423466249/500000,336431,336431,0.435792900621891,0.4388970211148262
BB,BB_quality,CP-AP-r001:q000:d08,CP-AP-r001,16,west-west,A,existing_frozen,0.0,0,False,False,True,493623693/125000,493623693/125000,38329,20369,0.036485880613327026,0.010609537363052368
BB,BB_quality,CP-AP-r001:q000:d08,CP-AP-r001,16,west-west,A,certified_reference,0.0,0,False,False,True,493623693/125000,493623693/125000,20370,20369,0.00928603857755661,0.010609537363052368
BB,BB_quality,CP-AP-r001:q000:d08,CP-AP-r001,16,west-west,E,existing_frozen,0.0,0,False,False,True,493623693/125000,493623693/125000,43840,25469,0.03024812787771225,0.011104315519332886
BB,BB_quality,CP-AP-r001:q000:d08,CP-AP-r001,16,west-west,E,certified_reference,0.0,0,False,False,True,493623693/125000,493623693/125000,25470,25469,0.00958164781332016,0.011104315519332886
BB,BB_quality,CP-AP-r001:q000:d08,CP-AP-r001,16,west-west,J,existing_frozen,0.0,0,False,False,True,97771431/25000,97771431/25000,49066,30846,0.03072616085410118,0.011285688728094101
BB,BB_quality,CP-AP-r001:q000:d08,CP-AP-r001,16,west-west,J,certified_reference,0.0,0,False,False,True,97771431/25000,97771431/25000,30847,30846,0.010590028017759323,0.011285688728094101
BB,BB_quality,CP-AP-r001:q000:d08,CP-AP-r001,16,west-west,W,existing_frozen,0.0,0,False,False,True,97771431/25000,97771431/25000,43555,25746,0.030333027243614197,0.011093530803918839
BB,BB_quality,CP-AP-r001:q000:d08,CP-AP-r001,16,west-west,W,certified_reference,0.0,0,False,False,True,97771431/25000,97771431/25000,25747,25746,0.009870950132608414,0.011093530803918839
BB,BB_quality,CP-AP-r001:q000:d16,CP-AP-r001,64,west-west,A,existing_frozen,-67.055958,-33527979/500000,False,True,False,7683533337/1000000,7616477379/1000000,900788,92059,0.8667188882827759,0.12066789343953133
BB,BB_quality,CP-AP-r001:q000:d16,CP-AP-r001,64,west-west,A,certified_reference,0.0,0,False,False,True,7683533337/1000000,7683533337/1000000,92059,92059,0.1197039894759655,0.12066789343953133
BB,BB_quality,CP-AP-r001:q000:d16,CP-AP-r001,64,west-west,E,existing_frozen,-79.921677,-79921677/1000000,False,True,False,477464269/62500,7559506627/1000000,849833,112403,0.8029703609645367,0.14846646040678024
BB,BB_quality,CP-AP-r001:q000:d16,CP-AP-r001,64,west-west,E,certified_reference,0.0,0,False,False,True,477464269/62500,477464269/62500,112403,112403,0.15008744969964027,0.14846646040678024
BB,BB_quality,CP-AP-r001:q000:d16,CP-AP-r001,64,west-west,J,existing_frozen,-6.038057,-6038057/1000000,False,True,False,7094549597/1000000,354425577/50000,941296,187888,0.925332672894001,0.25124581530690193
BB,BB_quality,CP-AP-r001:q000:d16,CP-AP-r001,64,west-west,J,certified_reference,0.0,0,False,False,True,7094549597/1000000,7094549597/1000000,187889,187888,0.2502751611173153,0.25124581530690193
BB,BB_quality,CP-AP-r001:q000:d16,CP-AP-r001,64,west-west,W,existing_frozen,-50.14309,-5014309/100000,False,True,False,713865463/100000,354425577/50000,1036774,130218,1.1388321407139301,0.17679017037153244
BB,BB_quality,CP-AP-r001:q000:d16,CP-AP-r001,64,west-west,W,certified_reference,0.0,0,False,False,True,713865463/100000,713865463/100000,130218,130218,0.17809194326400757,0.17679017037153244
BB,BB_quality,CP-AP-r001:q000:d32,CP-AP-r001,128,west-west,A,existing_frozen,-241.752988,-60438247/250000,False,True,False,15261080277/1000000,15019327289/1000000,5097641,188922,3.7907098717987537,0.23516176268458366
BB,BB_quality,CP-AP-r001:q000:d32,CP-AP-r001,128,west-west,A,certified_reference,0.0,0,False,False,True,15261080277/1000000,15261080277/1000000,188922,188922,0.2333671636879444,0.23516176268458366
BB,BB_quality,CP-AP-r001:q000:d32,CP-AP-r001,128,west-west,E,existing_frozen,-121.782211,-121782211/1000000,False,True,False,14874965237/1000000,7376591513/500000,5441839,201682,4.334369964897633,0.2518589533865452
BB,BB_quality,CP-AP-r001:q000:d32,CP-AP-r001,128,west-west,E,certified_reference,0.0,0,False,False,True,14874965237/1000000,14874965237/1000000,201682,201682,0.252236682921648,0.2518589533865452
BB,BB_quality,CP-AP-r001:q000:d32,CP-AP-r001,128,west-west,J,existing_frozen,0.0,0,False,False,True,14372855893/1000000,14372855893/1000000,5573052,424444,4.505505591630936,0.5524054579436779
BB,BB_quality,CP-AP-r001:q000:d32,CP-AP-r001,128,west-west,J,certified_reference,0.0,0,False,False,True,14372855893/1000000,14372855893/1000000,424444,424444,0.5457550920546055,0.5524054579436779
BB,BB_quality,CP-AP-r001:q000:d32,CP-AP-r001,128,west-west,W,existing_frozen,0.0,0,False,False,True,14372855893/1000000,14372855893/1000000,5126591,162898,3.858590081334114,0.19488918781280518
BB,BB_quality,CP-AP-r001:q000:d32,CP-AP-r001,128,west-west,W,certified_reference,0.0,0,False,False,True,14372855893/1000000,14372855893/1000000,162898,162898,0.19761183485388756,0.19488918781280518
BB,BB_quality,CP-AP-r001:q001:d08,CP-AP-r001,16,west-west,A,existing_frozen,0.0,0,False,False,True,1816431899/500000,1816431899/500000,36570,19813,0.02819477766752243,0.009266693145036697
BB,BB_quality,CP-AP-r001:q001:d08,CP-AP-r001,16,west-west,A,certified_reference,0.0,0,False,False,True,1816431899/500000,1816431899/500000,19814,19813,0.008251748979091644,0.009266693145036697
BB,BB_quality,CP-AP-r001:q001:d08,CP-AP-r001,16,west-west,E,existing_frozen,0.0,0,False,False,True,1816431899/500000,1816431899/500000,41869,24899,0.029282696545124054,0.009668737649917603
BB,BB_quality,CP-AP-r001:q001:d08,CP-AP-r001,16,west-west,E,certified_reference,0.0,0,False,False,True,1816431899/500000,1816431899/500000,24900,24899,0.008352454751729965,0.009668737649917603
BB,BB_quality,CP-AP-r001:q001:d08,CP-AP-r001,16,west-west,J,existing_frozen,0.0,0,False,False,True,1797365747/500000,1797365747/500000,47189,30178,0.028283674269914627,0.010048069059848785
BB,BB_quality,CP-AP-r001:q001:d08,CP-AP-r001,16,west-west,J,certified_reference,0.0,0,False,False,True,1797365747/500000,1797365747/500000,30179,30178,0.008742477744817734,0.010048069059848785
BB,BB_quality,CP-AP-r001:q001:d08,CP-AP-r001,16,west-west,W,existing_frozen,0.0,0,False,False,True,1797365747/500000,1797365747/500000,41890,25092,0.0280693881213665,0.009813189506530762
BB,BB_quality,CP-AP-r001:q001:d08,CP-AP-r001,16,west-west,W,certified_reference,0.0,0,False,False,True,1797365747/500000,1797365747/500000,25093,25092,0.008660230785608292,0.009813189506530762
BB,BB_quality,CP-AP-r001:q001:d16,CP-AP-r001,64,west-west,A,existing_frozen,-25.34873,-2534873/100000,False,True,False,1737235579/250000,3461796793/500000,1034568,124291,1.047804567962885,0.17133570089936256
BB,BB_quality,CP-AP-r001:q001:d16,CP-AP-r001,64,west-west,A,certified_reference,0.0,0,False,False,True,1737235579/250000,1737235579/250000,124291,124291,0.17369180917739868,0.17133570089936256
BB,BB_quality,CP-AP-r001:q001:d16,CP-AP-r001,64,west-west,E,existing_frozen,-79.921677,-79921677/1000000,False,True,False,6904837283/1000000,3412457803/500000,813579,86860,0.7563797608017921,0.10977915674448013
BB,BB_quality,CP-AP-r001:q001:d16,CP-AP-r001,64,west-west,E,certified_reference,0.0,0,False,False,True,6904837283/1000000,6904837283/1000000,86860,86860,0.10945908352732658,0.10977915674448013
BB,BB_quality,CP-AP-r001:q001:d16,CP-AP-r001,64,west-west,J,existing_frozen,0.0,0,False,False,True,3398410273/500000,3398410273/500000,979138,129393,0.9779189117252827,0.16374828666448593
BB,BB_quality,CP-AP-r001:q001:d16,CP-AP-r001,64,west-west,J,certified_reference,0.0,0,False,False,True,3398410273/500000,3398410273/500000,129393,129393,0.1660931371152401,0.16374828666448593
BB,BB_quality,CP-AP-r001:q001:d16,CP-AP-r001,64,west-west,W,existing_frozen,50.14309,5014309/100000,True,False,False,3398410273/500000,1711740909/250000,811854,87568,0.7476799190044403,0.11187305673956871
BB,BB_quality,CP-AP-r001:q001:d16,CP-AP-r001,64,west-west,W,certified_reference,0.0,0,False,False,True,3398410273/500000,3398410273/500000,87568,87568,0.11275434866547585,0.11187305673956871
BB,BB_quality,CP-AP-r001:q001:d32,CP-AP-r001,128,west-west,A,existing_frozen,-241.752988,-60438247/250000,False,True,False,15261080277/1000000,15019327289/1000000,5097641,188922,3.7370560355484486,0.2352202832698822
BB,BB_quality,CP-AP-r001:q001:d32,CP-AP-r001,128,west-west,A,certified_reference,0.0,0,False,False,True,15261080277/1000000,15261080277/1000000,188922,188922,0.23511231690645218,0.2352202832698822
BB,BB_quality,CP-AP-r001:q001:d32,CP-AP-r001,128,west-west,E,existing_frozen,-121.782211,-121782211/1000000,False,True,False,14874965237/1000000,7376591513/500000,5441839,201682,4.299712337553501,0.24795082956552505
BB,BB_quality,CP-AP-r001:q001:d32,CP-AP-r001,128,west-west,E,certified_reference,0.0,0,False,False,True,14874965237/1000000,14874965237/1000000,201682,201682,0.25282097235322,0.24795082956552505
BB,BB_quality,CP-AP-r001:q001:d32,CP-AP-r001,128,west-west,J,existing_frozen,0.0,0,False,False,True,14372855893/1000000,14372855893/1000000,5573052,424444,4.500592645257711,0.5474702306091785
BB,BB_quality,CP-AP-r001:q001:d32,CP-AP-r001,128,west-west,J,certified_reference,0.0,0,False,False,True,14372855893/1000000,14372855893/1000000,424444,424444,0.5473454780876637,0.5474702306091785
BB,BB_quality,CP-AP-r001:q001:d32,CP-AP-r001,128,west-west,W,existing_frozen,0.0,0,False,False,True,14372855893/1000000,14372855893/1000000,5126591,162898,3.8889724873006344,0.19640971347689629
BB,BB_quality,CP-AP-r001:q001:d32,CP-AP-r001,128,west-west,W,certified_reference,0.0,0,False,False,True,14372855893/1000000,14372855893/1000000,162898,162898,0.19610292464494705,0.19640971347689629
BB,BB_quality,CP-AP-r001:q002:d08,CP-AP-r001,16,west-west,A,existing_frozen,0.0,0,False,False,True,1986811491/500000,1986811491/500000,36690,19640,0.02780405804514885,0.00902186706662178
BB,BB_quality,CP-AP-r001:q002:d08,CP-AP-r001,16,west-west,A,certified_reference,0.0,0,False,False,True,1986811491/500000,1986811491/500000,19641,19640,0.007705658674240112,0.00902186706662178
BB,BB_quality,CP-AP-r001:q002:d08,CP-AP-r001,16,west-west,E,existing_frozen,0.0,0,False,False,True,1986811491/500000,1986811491/500000,41764,24714,0.028642918914556503,0.009197458624839783
BB,BB_quality,CP-AP-r001:q002:d08,CP-AP-r001,16,west-west,E,certified_reference,0.0,0,False,False,True,1986811491/500000,1986811491/500000,24715,24714,0.007947824895381927,0.009197458624839783
BB,BB_quality,CP-AP-r001:q002:d08,CP-AP-r001,16,west-west,J,existing_frozen,0.0,0,False,False,True,197216209/50000,197216209/50000,47538,29930,0.02899615466594696,0.009588725864887238
BB,BB_quality,CP-AP-r001:q002:d08,CP-AP-r001,16,west-west,J,certified_reference,0.0,0,False,False,True,197216209/50000,197216209/50000,29931,29930,0.008217133581638336,0.009588725864887238
BB,BB_quality,CP-AP-r001:q002:d08,CP-AP-r001,16,west-west,W,existing_frozen,0.0,0,False,False,True,197216209/50000,197216209/50000,42464,24856,0.02810114622116089,0.009391482919454575
BB,BB_quality,CP-AP-r001:q002:d08,CP-AP-r001,16,west-west,W,certified_reference,0.0,0,False,False,True,197216209/50000,197216209/50000,24857,24856,0.008002649992704391,0.009391482919454575
BB,BB_quality,CP-AP-r001:q002:d16,CP-AP-r001,64,west-west,A,existing_frozen,41.406847,41406847/1000000,True,False,False,1052111237/125000,8458296743/1000000,747270,78109,0.6579185761511326,0.10269105434417725
BB,BB_quality,CP-AP-r001:q002:d16,CP-AP-r001,64,west-west,A,certified_reference,0.0,0,False,False,True,1052111237/125000,1052111237/125000,78109,78109,0.10124725848436356,0.10269105434417725
BB,BB_quality,CP-AP-r001:q002:d16,CP-AP-r001,64,west-west,E,existing_frozen,27.471221,27471221/1000000,True,False,False,335971671/40000,2106690749/250000,866127,144115,0.8108054250478745,0.18828684836626053
BB,BB_quality,CP-AP-r001:q002:d16,CP-AP-r001,64,west-west,E,certified_reference,0.0,0,False,False,True,335971671/40000,335971671/40000,144446,144115,0.18543525412678719,0.18828684836626053
BB,BB_quality,CP-AP-r001:q002:d16,CP-AP-r001,64,west-west,J,existing_frozen,0.109168,6823/62500,True,False,False,417741827/50000,2088736427/250000,803452,230452,0.7278888933360577,0.3003472648561001
BB,BB_quality,CP-AP-r001:q002:d16,CP-AP-r001,64,west-west,J,certified_reference,0.0,0,False,False,True,417741827/50000,417741827/50000,230453,230452,0.30205024033784866,0.3003472648561001
BB,BB_quality,CP-AP-r001:q002:d16,CP-AP-r001,64,west-west,W,existing_frozen,40.824899,40824899/1000000,True,False,False,4173665297/500000,8388155493/1000000,803195,171704,0.7337593585252762,0.23247186094522476
BB,BB_quality,CP-AP-r001:q002:d16,CP-AP-r001,64,west-west,W,certified_reference,0.0,0,False,False,True,4173665297/500000,4173665297/500000,171704,171704,0.2303706668317318,0.23247186094522476
BB,BB_quality,CP-AP-r001:q002:d32,CP-AP-r001,128,west-west,A,existing_frozen,67.913087,67913087/1000000,True,False,False,16767642453/1000000,841777777/50000,4979684,254295,3.617573369294405,0.33006980642676353
BB,BB_quality,CP-AP-r001:q002:d32,CP-AP-r001,128,west-west,A,certified_reference,0.0,0,False,False,True,16767642453/1000000,16767642453/1000000,254295,254295,0.3308275677263737,0.33006980642676353
BB,BB_quality,CP-AP-r001:q002:d32,CP-AP-r001,128,west-west,E,existing_frozen,43.618026,21809013/500000,True,False,False,16120072599/1000000,5172381/320,4826595,261295,3.4647940173745155,0.33846254274249077
BB,BB_quality,CP-AP-r001:q002:d32,CP-AP-r001,128,west-west,E,certified_reference,0.0,0,False,False,True,16120072599/1000000,16120072599/1000000,261295,261295,0.3370952270925045,0.33846254274249077
BB,BB_quality,CP-AP-r001:q002:d32,CP-AP-r001,128,west-west,J,existing_frozen,-41.264197,-41264197/1000000,False,True,False,7986747437/500000,15932230677/1000000,5824918,342276,4.791934613138437,0.43694403767585754
BB,BB_quality,CP-AP-r001:q002:d32,CP-AP-r001,128,west-west,J,certified_reference,0.0,0,False,False,True,7986747437/500000,7986747437/500000,342276,342276,0.43731923773884773,0.43694403767585754
BB,BB_quality,CP-AP-r001:q002:d32,CP-AP-r001,128,west-west,W,existing_frozen,-21.364577,-21364577/1000000,False,True,False,16572288313/1000000,2068865467/125000,5102647,239048,3.7864710204303265,0.31059174984693527
BB,BB_quality,CP-AP-r001:q002:d32,CP-AP-r001,128,west-west,W,certified_reference,0.0,0,False,False,True,16572288313/1000000,16572288313/1000000,239048,239048,0.30792590230703354,0.31059174984693527
BB,BB_quality,CP-AP-r001:q003:d08,CP-AP-r001,16,west-west,A,existing_frozen,0.0,0,False,False,True,1986811491/500000,1986811491/500000,36690,19640,0.028725020587444305,0.009125333279371262
BB,BB_quality,CP-AP-r001:q003:d08,CP-AP-r001,16,west-west,A,certified_reference,0.0,0,False,False,True,1986811491/500000,1986811491/500000,19641,19640,0.0079619400203228,0.009125333279371262
BB,BB_quality,CP-AP-r001:q003:d08,CP-AP-r001,16,west-west,E,existing_frozen,0.0,0,False,False,True,1986811491/500000,1986811491/500000,41764,24714,0.028126943856477737,0.009219244122505188
BB,BB_quality,CP-AP-r001:q003:d08,CP-AP-r001,16,west-west,E,certified_reference,0.0,0,False,False,True,1986811491/500000,1986811491/500000,24715,24714,0.008132442831993103,0.009219244122505188
BB,BB_quality,CP-AP-r001:q003:d08,CP-AP-r001,16,west-west,J,existing_frozen,0.0,0,False,False,True,197216209/50000,197216209/50000,47538,29930,0.028188835829496384,0.009587742388248444
BB,BB_quality,CP-AP-r001:q003:d08,CP-AP-r001,16,west-west,J,certified_reference,0.0,0,False,False,True,197216209/50000,197216209/50000,29931,29930,0.008294887840747833,0.009587742388248444
BB,BB_quality,CP-AP-r001:q003:d08,CP-AP-r001,16,west-west,W,existing_frozen,0.0,0,False,False,True,197216209/50000,197216209/50000,42464,24856,0.028905857354402542,0.009466137737035751
BB,BB_quality,CP-AP-r001:q003:d08,CP-AP-r001,16,west-west,W,certified_reference,0.0,0,False,False,True,197216209/50000,197216209/50000,24857,24856,0.008154913783073425,0.009466137737035751
BB,BB_quality,CP-AP-r001:q003:d16,CP-AP-r001,64,west-west,A,existing_frozen,41.406847,41406847/1000000,True,False,False,1052111237/125000,8458296743/1000000,747270,78109,0.660625509917736,0.100782111287117
BB,BB_quality,CP-AP-r001:q003:d16,CP-AP-r001,64,west-west,A,certified_reference,0.0,0,False,False,True,1052111237/125000,1052111237/125000,78109,78109,0.10059504956007004,0.100782111287117
BB,BB_quality,CP-AP-r001:q003:d16,CP-AP-r001,64,west-west,E,existing_frozen,27.471221,27471221/1000000,True,False,False,335971671/40000,2106690749/250000,866127,144115,0.8025898411870003,0.18540336936712265
BB,BB_quality,CP-AP-r001:q003:d16,CP-AP-r001,64,west-west,E,certified_reference,0.0,0,False,False,True,335971671/40000,335971671/40000,144446,144115,0.184568852186203,0.18540336936712265
BB,BB_quality,CP-AP-r001:q003:d16,CP-AP-r001,64,west-west,J,existing_frozen,0.109168,6823/62500,True,False,False,417741827/50000,2088736427/250000,803452,230452,0.7264599576592445,0.29948287084698677
BB,BB_quality,CP-AP-r001:q003:d16,CP-AP-r001,64,west-west,J,certified_reference,0.0,0,False,False,True,417741827/50000,417741827/50000,230453,230452,0.3009253405034542,0.29948287084698677
BB,BB_quality,CP-AP-r001:q003:d16,CP-AP-r001,64,west-west,W,existing_frozen,40.824899,40824899/1000000,True,False,False,4173665297/500000,8388155493/1000000,803195,171704,0.735330693423748,0.22957727685570717
BB,BB_quality,CP-AP-r001:q003:d16,CP-AP-r001,64,west-west,W,certified_reference,0.0,0,False,False,True,4173665297/500000,4173665297/500000,171704,171704,0.22885464504361153,0.22957727685570717
BB,BB_quality,CP-AP-r001:q003:d32,CP-AP-r001,128,west-west,A,existing_frozen,67.913087,67913087/1000000,True,False,False,16767642453/1000000,841777777/50000,4979684,254295,3.5874899215996265,0.3310093432664871
BB,BB_quality,CP-AP-r001:q003:d32,CP-AP-r001,128,west-west,A,certified_reference,0.0,0,False,False,True,16767642453/1000000,16767642453/1000000,254295,254295,0.329595472663641,0.3310093432664871
BB,BB_quality,CP-AP-r001:q003:d32,CP-AP-r001,128,west-west,E,existing_frozen,43.618026,21809013/500000,True,False,False,16120072599/1000000,5172381/320,4826595,261295,3.450144913047552,0.33774884417653084
BB,BB_quality,CP-AP-r001:q003:d32,CP-AP-r001,128,west-west,E,certified_reference,0.0,0,False,False,True,16120072599/1000000,16120072599/1000000,261295,261295,0.336785264313221,0.33774884417653084
BB,BB_quality,CP-AP-r001:q003:d32,CP-AP-r001,128,west-west,J,existing_frozen,-41.264197,-41264197/1000000,False,True,False,7986747437/500000,15932230677/1000000,5824918,342276,4.809786528348923,0.4362197034060955
BB,BB_quality,CP-AP-r001:q003:d32,CP-AP-r001,128,west-west,J,certified_reference,0.0,0,False,False,True,7986747437/500000,7986747437/500000,342276,342276,0.43846654519438744,0.4362197034060955
BB,BB_quality,CP-AP-r001:q003:d32,CP-AP-r001,128,west-west,W,existing_frozen,-21.364577,-21364577/1000000,False,True,False,16572288313/1000000,2068865467/125000,5102647,239048,4.0210555121302605,0.30877505987882614
BB,BB_quality,CP-AP-r001:q003:d32,CP-AP-r001,128,west-west,W,certified_reference,0.0,0,False,False,True,16572288313/1000000,16572288313/1000000,239048,239048,0.30843207985162735,0.30877505987882614
BB,BB_quality,CP-AP-r001:q004:d08,CP-AP-r001,16,west-east,A,existing_frozen,0.0,0,False,False,True,4430093653/1000000,4430093653/1000000,37722,19775,0.028393536806106567,0.00942346453666687
BB,BB_quality,CP-AP-r001:q004:d08,CP-AP-r001,16,west-east,A,certified_reference,0.0,0,False,False,True,4430093653/1000000,4430093653/1000000,19743,19775,0.008117474615573883,0.00942346453666687
BB,BB_quality,CP-AP-r001:q004:d08,CP-AP-r001,16,west-east,E,existing_frozen,0.0,0,False,False,True,4430093653/1000000,4430093653/1000000,43366,25097,0.028902694582939148,0.010005615651607513
BB,BB_quality,CP-AP-r001:q004:d08,CP-AP-r001,16,west-east,E,certified_reference,0.0,0,False,False,True,4430093653/1000000,4430093653/1000000,25079,25097,0.00862894207239151,0.010005615651607513
BB,BB_quality,CP-AP-r001:q004:d08,CP-AP-r001,16,west-east,J,existing_frozen,0.0,0,False,False,True,4430093653/1000000,4430093653/1000000,49293,30348,0.029287539422512054,0.010211959481239319
BB,BB_quality,CP-AP-r001:q004:d08,CP-AP-r001,16,west-east,J,certified_reference,0.0,0,False,False,True,4430093653/1000000,4430093653/1000000,30330,30348,0.008940339088439941,0.010211959481239319
BB,BB_quality,CP-AP-r001:q004:d08,CP-AP-r001,16,west-east,W,existing_frozen,0.0,0,False,False,True,4430093653/1000000,4430093653/1000000,43353,24892,0.028489436954259872,0.00962131842970848
BB,BB_quality,CP-AP-r001:q004:d08,CP-AP-r001,16,west-east,W,certified_reference,0.0,0,False,False,True,4430093653/1000000,4430093653/1000000,24860,24892,0.00820070505142212,0.00962131842970848
BB,BB_quality,CP-AP-r001:q004:d16,CP-AP-r001,64,west-east,A,existing_frozen,8.609576,1076197/125000,True,False,False,4353294461/500000,4357599249/500000,808039,78710,0.7321596816182137,0.10292961448431015
BB,BB_quality,CP-AP-r001:q004:d16,CP-AP-r001,64,west-east,A,certified_reference,0.0,0,False,False,True,4353294461/500000,4353294461/500000,78710,78710,0.1032138504087925,0.10292961448431015
BB,BB_quality,CP-AP-r001:q004:d16,CP-AP-r001,64,west-east,E,existing_frozen,8.609576,1076197/125000,True,False,False,4348533927/500000,870567743/100000,827271,93498,0.7607648819684982,0.12127675116062164
BB,BB_quality,CP-AP-r001:q004:d16,CP-AP-r001,64,west-east,E,certified_reference,0.0,0,False,False,True,4348533927/500000,4348533927/500000,93498,93498,0.12102224677801132,0.12127675116062164
BB,BB_quality,CP-AP-r001:q004:d16,CP-AP-r001,64,west-east,J,existing_frozen,-0.029443,-29443/1000000,False,True,False,865395279/100000,8653923347/1000000,889436,202250,0.835547000169754,0.2669040411710739
BB,BB_quality,CP-AP-r001:q004:d16,CP-AP-r001,64,west-east,J,certified_reference,0.0,0,False,False,True,865395279/100000,865395279/100000,204462,202250,0.26841573417186737,0.2669040411710739
BB,BB_quality,CP-AP-r001:q004:d16,CP-AP-r001,64,west-east,W,existing_frozen,-3.727515,-745503/200000,False,True,False,4331368969/500000,8659010423/1000000,736086,107002,0.6268930323421955,0.13874447718262672
BB,BB_quality,CP-AP-r001:q004:d16,CP-AP-r001,64,west-east,W,certified_reference,0.0,0,False,False,True,4331368969/500000,4331368969/500000,107002,107002,0.13861991092562675,0.13874447718262672
BB,BB_quality,CP-AP-r001:q004:d32,CP-AP-r001,128,west-east,A,existing_frozen,-42.500937,-42500937/1000000,False,True,False,7978385139/500000,15914269341/1000000,5025025,254080,3.6400888599455357,0.3311779797077179
BB,BB_quality,CP-AP-r001:q004:d32,CP-AP-r001,128,west-east,A,certified_reference,0.0,0,False,False,True,7978385139/500000,7978385139/500000,254080,254080,0.32926351204514503,0.3311779797077179
BB,BB_quality,CP-AP-r001:q004:d32,CP-AP-r001,128,west-east,E,existing_frozen,4.788124,1197031/250000,True,False,False,3119953039/200000,15604553319/1000000,4672915,194344,3.316519107669592,0.23993807658553123
BB,BB_quality,CP-AP-r001:q004:d32,CP-AP-r001,128,west-east,E,certified_reference,0.0,0,False,False,True,3119953039/200000,3119953039/200000,194344,194344,0.23807746171951294,0.23993807658553123
BB,BB_quality,CP-AP-r001:q004:d32,CP-AP-r001,128,west-east,J,existing_frozen,-37.687314,-18843657/500000,False,True,False,15450729759/1000000,3082608489/200000,6119731,243777,5.143782004714012,0.2993597388267517
BB,BB_quality,CP-AP-r001:q004:d32,CP-AP-r001,128,west-east,J,certified_reference,0.0,0,False,False,True,15450729759/1000000,15450729759/1000000,243777,243777,0.2980930730700493,0.2993597388267517
BB,BB_quality,CP-AP-r001:q004:d32,CP-AP-r001,128,west-east,W,existing_frozen,-42.735909,-42735909/1000000,False,True,False,7889982433/500000,15737228957/1000000,5986912,208299,4.9707100205123425,0.26120904460549355
BB,BB_quality,CP-AP-r001:q004:d32,CP-AP-r001,128,west-east,W,certified_reference,0.0,0,False,False,True,7889982433/500000,7889982433/500000,208299,208299,0.25990893319249153,0.26120904460549355
BB,BB_quality,CP-AP-r001:q005:d08,CP-AP-r001,16,west-east,A,existing_frozen,0.0,0,False,False,True,4430093653/1000000,4430093653/1000000,37722,19775,0.028430446982383728,0.009325072169303894
BB,BB_quality,CP-AP-r001:q005:d08,CP-AP-r001,16,west-east,A,certified_reference,0.0,0,False,False,True,4430093653/1000000,4430093653/1000000,19743,19775,0.007927622646093369,0.009325072169303894
BB,BB_quality,CP-AP-r001:q005:d08,CP-AP-r001,16,west-east,E,existing_frozen,0.0,0,False,False,True,4430093653/1000000,4430093653/1000000,43366,25097,0.029436759650707245,0.00984034314751625
BB,BB_quality,CP-AP-r001:q005:d08,CP-AP-r001,16,west-east,E,certified_reference,0.0,0,False,False,True,4430093653/1000000,4430093653/1000000,25079,25097,0.008658159524202347,0.00984034314751625
BB,BB_quality,CP-AP-r001:q005:d08,CP-AP-r001,16,west-east,J,existing_frozen,0.0,0,False,False,True,4430093653/1000000,4430093653/1000000,49293,30348,0.029064815491437912,0.010190080851316452
BB,BB_quality,CP-AP-r001:q005:d08,CP-AP-r001,16,west-east,J,certified_reference,0.0,0,False,False,True,4430093653/1000000,4430093653/1000000,30330,30348,0.00881071388721466,0.010190080851316452
BB,BB_quality,CP-AP-r001:q005:d08,CP-AP-r001,16,west-east,W,existing_frozen,0.0,0,False,False,True,4430093653/1000000,4430093653/1000000,43353,24892,0.02835322543978691,0.009568750858306885
BB,BB_quality,CP-AP-r001:q005:d08,CP-AP-r001,16,west-east,W,certified_reference,0.0,0,False,False,True,4430093653/1000000,4430093653/1000000,24860,24892,0.008139807730913162,0.009568750858306885
BB,BB_quality,CP-AP-r001:q005:d16,CP-AP-r001,64,west-east,A,existing_frozen,8.609576,1076197/125000,True,False,False,4353294461/500000,4357599249/500000,808039,78710,0.7303866744041443,0.1032748706638813
BB,BB_quality,CP-AP-r001:q005:d16,CP-AP-r001,64,west-east,A,certified_reference,0.0,0,False,False,True,4353294461/500000,4353294461/500000,78710,78710,0.10279111564159393,0.1032748706638813
BB,BB_quality,CP-AP-r001:q005:d16,CP-AP-r001,64,west-east,E,existing_frozen,8.609576,1076197/125000,True,False,False,4348533927/500000,870567743/100000,827271,93498,0.7653764560818672,0.12013374269008636
BB,BB_quality,CP-AP-r001:q005:d16,CP-AP-r001,64,west-east,E,certified_reference,0.0,0,False,False,True,4348533927/500000,4348533927/500000,93498,93498,0.12024769932031631,0.12013374269008636
BB,BB_quality,CP-AP-r001:q005:d16,CP-AP-r001,64,west-east,J,existing_frozen,-0.029443,-29443/1000000,False,True,False,865395279/100000,8653923347/1000000,889436,202250,0.835438247770071,0.2670402154326439
BB,BB_quality,CP-AP-r001:q005:d16,CP-AP-r001,64,west-east,J,certified_reference,0.0,0,False,False,True,865395279/100000,865395279/100000,204462,202250,0.2689415104687214,0.2670402154326439
BB,BB_quality,CP-AP-r001:q005:d16,CP-AP-r001,64,west-east,W,existing_frozen,-3.727515,-745503/200000,False,True,False,4331368969/500000,8659010423/1000000,736086,107002,0.6174027845263481,0.1388937048614025
BB,BB_quality,CP-AP-r001:q005:d16,CP-AP-r001,64,west-east,W,certified_reference,0.0,0,False,False,True,4331368969/500000,4331368969/500000,107002,107002,0.13879038020968437,0.1388937048614025
BB,BB_quality,CP-AP-r001:q005:d32,CP-AP-r001,128,west-east,A,existing_frozen,-42.500937,-42500937/1000000,False,True,False,7978385139/500000,15914269341/1000000,5025025,254080,3.863277856260538,0.3283969275653362
BB,BB_quality,CP-AP-r001:q005:d32,CP-AP-r001,128,west-east,A,certified_reference,0.0,0,False,False,True,7978385139/500000,7978385139/500000,254080,254080,0.33006469905376434,0.3283969275653362
BB,BB_quality,CP-AP-r001:q005:d32,CP-AP-r001,128,west-east,E,existing_frozen,4.788124,1197031/250000,True,False,False,3119953039/200000,15604553319/1000000,4672915,194344,3.2836948856711388,0.23930876329541206
BB,BB_quality,CP-AP-r001:q005:d32,CP-AP-r001,128,west-east,E,certified_reference,0.0,0,False,False,True,3119953039/200000,3119953039/200000,194344,194344,0.23916823789477348,0.23930876329541206
BB,BB_quality,CP-AP-r001:q005:d32,CP-AP-r001,128,west-east,J,existing_frozen,-37.687314,-18843657/500000,False,True,False,15450729759/1000000,3082608489/200000,6119731,243777,5.222787328064442,0.29899922013282776
BB,BB_quality,CP-AP-r001:q005:d32,CP-AP-r001,128,west-east,J,certified_reference,0.0,0,False,False,True,15450729759/1000000,15450729759/1000000,243777,243777,0.3013933263719082,0.29899922013282776
BB,BB_quality,CP-AP-r001:q005:d32,CP-AP-r001,128,west-east,W,existing_frozen,-42.735909,-42735909/1000000,False,True,False,7889982433/500000,15737228957/1000000,5986912,208299,4.934001784771681,0.2600066028535366
BB,BB_quality,CP-AP-r001:q005:d32,CP-AP-r001,128,west-east,W,certified_reference,0.0,0,False,False,True,7889982433/500000,7889982433/500000,208299,208299,0.2593537010252476,0.2600066028535366
BB,BB_quality,CP-AP-r001:q006:d08,CP-AP-r001,16,east-east,A,existing_frozen,0.0,0,False,False,True,146841057/40000,146841057/40000,37786,20435,0.029399581253528595,0.010539218783378601
BB,BB_quality,CP-AP-r001:q006:d08,CP-AP-r001,16,east-east,A,certified_reference,0.0,0,False,False,True,146841057/40000,146841057/40000,20436,20435,0.009488150477409363,0.010539218783378601
BB,BB_quality,CP-AP-r001:q006:d08,CP-AP-r001,16,east-east,E,existing_frozen,0.0,0,False,False,True,56369731/15625,56369731/15625,41833,25040,0.02863919734954834,0.009805310517549515
BB,BB_quality,CP-AP-r001:q006:d08,CP-AP-r001,16,east-east,E,certified_reference,0.0,0,False,False,True,56369731/15625,56369731/15625,25041,25040,0.00839417427778244,0.009805310517549515
BB,BB_quality,CP-AP-r001:q006:d08,CP-AP-r001,16,east-east,J,existing_frozen,0.0,0,False,False,True,56369731/15625,56369731/15625,47096,30093,0.028631407767534256,0.009891301393508911
BB,BB_quality,CP-AP-r001:q006:d08,CP-AP-r001,16,east-east,J,certified_reference,0.0,0,False,False,True,56369731/15625,56369731/15625,30094,30093,0.008563600480556488,0.009891301393508911
BB,BB_quality,CP-AP-r001:q006:d08,CP-AP-r001,16,east-east,W,existing_frozen,0.0,0,False,False,True,146841057/40000,146841057/40000,43049,25488,0.03065045177936554,0.01092761754989624
BB,BB_quality,CP-AP-r001:q006:d08,CP-AP-r001,16,east-east,W,certified_reference,0.0,0,False,False,True,146841057/40000,146841057/40000,25489,25488,0.00977391004562378,0.01092761754989624
BB,BB_quality,CP-AP-r001:q006:d16,CP-AP-r001,64,east-east,A,existing_frozen,-0.162889,-162889/1000000,False,True,False,3860217077/500000,1544054253/200000,746659,104336,0.6510820090770721,0.14736535400152206
BB,BB_quality,CP-AP-r001:q006:d16,CP-AP-r001,64,east-east,A,certified_reference,0.0,0,False,False,True,3860217077/500000,3860217077/500000,104336,104336,0.14805421605706215,0.14736535400152206
BB,BB_quality,CP-AP-r001:q006:d16,CP-AP-r001,64,east-east,E,existing_frozen,35.617068,8904267/250000,True,False,False,7544401249/1000000,7580018317/1000000,858234,157732,0.8154239468276501,0.2115376777946949
BB,BB_quality,CP-AP-r001:q006:d16,CP-AP-r001,64,east-east,E,certified_reference,0.0,0,False,False,True,7544401249/1000000,7544401249/1000000,157732,157732,0.21483158692717552,0.2115376777946949
BB,BB_quality,CP-AP-r001:q006:d16,CP-AP-r001,64,east-east,J,existing_frozen,0.25956,6489/25000,True,False,False,7544401249/1000000,7544660809/1000000,998337,220370,1.0050608552992344,0.30081696063280106
BB,BB_quality,CP-AP-r001:q006:d16,CP-AP-r001,64,east-east,J,certified_reference,0.0,0,False,False,True,7544401249/1000000,7544401249/1000000,220371,220370,0.3014468550682068,0.30081696063280106
BB,BB_quality,CP-AP-r001:q006:d16,CP-AP-r001,64,east-east,W,existing_frozen,22.763109,22763109/1000000,True,False,False,3831018957/500000,7684801023/1000000,720485,95740,0.6048337668180466,0.12645943090319633
BB,BB_quality,CP-AP-r001:q006:d16,CP-AP-r001,64,east-east,W,certified_reference,0.0,0,False,False,True,3831018957/500000,3831018957/500000,95740,95740,0.12667927518486977,0.12645943090319633
BB,BB_quality,CP-AP-r001:q006:d32,CP-AP-r001,128,east-east,A,existing_frozen,-105.051776,-1641434/15625,False,True,False,15384900761/1000000,3055969797/200000,5065200,192480,3.6953460201621056,0.24416977539658546
BB,BB_quality,CP-AP-r001:q006:d32,CP-AP-r001,128,east-east,A,certified_reference,0.0,0,False,False,True,15384900761/1000000,15384900761/1000000,192480,192480,0.2398129366338253,0.24416977539658546
BB,BB_quality,CP-AP-r001:q006:d32,CP-AP-r001,128,east-east,E,existing_frozen,72.178541,72178541/1000000,True,False,False,15001866271/1000000,3768511203/250000,4555457,175987,3.191186238080263,0.21589739248156548
BB,BB_quality,CP-AP-r001:q006:d32,CP-AP-r001,128,east-east,E,certified_reference,0.0,0,False,False,True,15001866271/1000000,15001866271/1000000,175987,175987,0.21394847705960274,0.21589739248156548
BB,BB_quality,CP-AP-r001:q006:d32,CP-AP-r001,128,east-east,J,existing_frozen,0.0,0,False,False,True,14487618553/1000000,14487618553/1000000,5323072,414573,4.216396141797304,0.5453082695603371
BB,BB_quality,CP-AP-r001:q006:d32,CP-AP-r001,128,east-east,J,certified_reference,0.0,0,False,False,True,14487618553/1000000,14487618553/1000000,414573,414573,0.5438331589102745,0.5453082695603371
BB,BB_quality,CP-AP-r001:q006:d32,CP-AP-r001,128,east-east,W,existing_frozen,0.0,0,False,False,True,14487618553/1000000,14487618553/1000000,5181816,163145,3.9392488822340965,0.19891754537820816
BB,BB_quality,CP-AP-r001:q006:d32,CP-AP-r001,128,east-east,W,certified_reference,0.0,0,False,False,True,14487618553/1000000,14487618553/1000000,163145,163145,0.19765811413526535,0.19891754537820816
BB,BB_quality,CP-AP-r001:q007:d08,CP-AP-r001,16,east-east,A,existing_frozen,0.0,0,False,False,True,146841057/40000,146841057/40000,37786,20435,0.029732123017311096,0.011396892368793488
BB,BB_quality,CP-AP-r001:q007:d08,CP-AP-r001,16,east-east,A,certified_reference,0.0,0,False,False,True,146841057/40000,146841057/40000,20436,20435,0.009873446077108383,0.011396892368793488
BB,BB_quality,CP-AP-r001:q007:d08,CP-AP-r001,16,east-east,E,existing_frozen,0.0,0,False,False,True,56369731/15625,56369731/15625,41833,25040,0.028270717710256577,0.00972030684351921
BB,BB_quality,CP-AP-r001:q007:d08,CP-AP-r001,16,east-east,E,certified_reference,0.0,0,False,False,True,56369731/15625,56369731/15625,25041,25040,0.008395258337259293,0.00972030684351921
BB,BB_quality,CP-AP-r001:q007:d08,CP-AP-r001,16,east-east,J,existing_frozen,0.0,0,False,False,True,56369731/15625,56369731/15625,47096,30093,0.028282228857278824,0.009933359920978546
BB,BB_quality,CP-AP-r001:q007:d08,CP-AP-r001,16,east-east,J,certified_reference,0.0,0,False,False,True,56369731/15625,56369731/15625,30094,30093,0.008516166359186172,0.009933359920978546
BB,BB_quality,CP-AP-r001:q007:d08,CP-AP-r001,16,east-east,W,existing_frozen,0.0,0,False,False,True,146841057/40000,146841057/40000,43049,25488,0.02965330332517624,0.010859988629817963
BB,BB_quality,CP-AP-r001:q007:d08,CP-AP-r001,16,east-east,W,certified_reference,0.0,0,False,False,True,146841057/40000,146841057/40000,25489,25488,0.009561840444803238,0.010859988629817963
BB,BB_quality,CP-AP-r001:q007:d16,CP-AP-r001,64,east-east,A,existing_frozen,-0.162889,-162889/1000000,False,True,False,3860217077/500000,1544054253/200000,746659,104336,0.6401540711522102,0.14646277949213982
BB,BB_quality,CP-AP-r001:q007:d16,CP-AP-r001,64,east-east,A,certified_reference,0.0,0,False,False,True,3860217077/500000,3860217077/500000,104336,104336,0.14767685905098915,0.14646277949213982
BB,BB_quality,CP-AP-r001:q007:d16,CP-AP-r001,64,east-east,E,existing_frozen,35.617068,8904267/250000,True,False,False,7544401249/1000000,7580018317/1000000,858234,157732,1.0370557084679604,0.2110571339726448
BB,BB_quality,CP-AP-r001:q007:d16,CP-AP-r001,64,east-east,E,certified_reference,0.0,0,False,False,True,7544401249/1000000,7544401249/1000000,157732,157732,0.21056949347257614,0.2110571339726448
BB,BB_quality,CP-AP-r001:q007:d16,CP-AP-r001,64,east-east,J,existing_frozen,0.25956,6489/25000,True,False,False,7544401249/1000000,7544660809/1000000,998337,220370,0.9911842122673988,0.3017084375023842
BB,BB_quality,CP-AP-r001:q007:d16,CP-AP-r001,64,east-east,J,certified_reference,0.0,0,False,False,True,7544401249/1000000,7544401249/1000000,220371,220370,0.2993721291422844,0.3017084375023842
BB,BB_quality,CP-AP-r001:q007:d16,CP-AP-r001,64,east-east,W,existing_frozen,22.763109,22763109/1000000,True,False,False,3831018957/500000,7684801023/1000000,720485,95740,0.6046075820922852,0.12587440013885498
BB,BB_quality,CP-AP-r001:q007:d16,CP-AP-r001,64,east-east,W,certified_reference,0.0,0,False,False,True,3831018957/500000,3831018957/500000,95740,95740,0.1258530654013157,0.12587440013885498
BB,BB_quality,CP-AP-r001:q007:d32,CP-AP-r001,128,east-east,A,existing_frozen,-105.051776,-1641434/15625,False,True,False,15384900761/1000000,3055969797/200000,5065200,192480,3.6934700086712837,0.24018819257616997
BB,BB_quality,CP-AP-r001:q007:d32,CP-AP-r001,128,east-east,A,certified_reference,0.0,0,False,False,True,15384900761/1000000,15384900761/1000000,192480,192480,0.23925458267331123,0.24018819257616997
BB,BB_quality,CP-AP-r001:q007:d32,CP-AP-r001,128,east-east,E,existing_frozen,72.178541,72178541/1000000,True,False,False,15001866271/1000000,3768511203/250000,4555457,175987,3.1932015866041183,0.21430272236466408
BB,BB_quality,CP-AP-r001:q007:d32,CP-AP-r001,128,east-east,E,certified_reference,0.0,0,False,False,True,15001866271/1000000,15001866271/1000000,175987,175987,0.21354133635759354,0.21430272236466408
BB,BB_quality,CP-AP-r001:q007:d32,CP-AP-r001,128,east-east,J,existing_frozen,0.0,0,False,False,True,14487618553/1000000,14487618553/1000000,5323072,414573,4.2697393000125885,0.5447790138423443
BB,BB_quality,CP-AP-r001:q007:d32,CP-AP-r001,128,east-east,J,certified_reference,0.0,0,False,False,True,14487618553/1000000,14487618553/1000000,414573,414573,0.5475034080445766,0.5447790138423443
BB,BB_quality,CP-AP-r001:q007:d32,CP-AP-r001,128,east-east,W,existing_frozen,0.0,0,False,False,True,14487618553/1000000,14487618553/1000000,5181816,163145,3.935250263661146,0.19940629974007607
BB,BB_quality,CP-AP-r001:q007:d32,CP-AP-r001,128,east-east,W,certified_reference,0.0,0,False,False,True,14487618553/1000000,14487618553/1000000,163145,163145,0.1988314427435398,0.19940629974007607
BB,BB_quality,CP-AP-r001:q008:d08,CP-AP-r001,16,east-east,A,existing_frozen,0.0,0,False,False,True,4427634629/1000000,4427634629/1000000,37706,19844,0.028174899518489838,0.009614285081624985
BB,BB_quality,CP-AP-r001:q008:d08,CP-AP-r001,16,east-east,A,certified_reference,0.0,0,False,False,True,4427634629/1000000,4427634629/1000000,19845,19844,0.008293364197015762,0.009614285081624985
BB,BB_quality,CP-AP-r001:q008:d08,CP-AP-r001,16,east-east,E,existing_frozen,0.0,0,False,False,True,4427634629/1000000,4427634629/1000000,43332,25041,0.028294678777456284,0.009749896824359894
BB,BB_quality,CP-AP-r001:q008:d08,CP-AP-r001,16,east-east,E,certified_reference,0.0,0,False,False,True,4427634629/1000000,4427634629/1000000,25042,25041,0.008451472967863083,0.009749896824359894
BB,BB_quality,CP-AP-r001:q008:d08,CP-AP-r001,16,east-east,J,existing_frozen,0.0,0,False,False,True,4427634629/1000000,4427634629/1000000,48865,30163,0.028544895350933075,0.009878508746623993
BB,BB_quality,CP-AP-r001:q008:d08,CP-AP-r001,16,east-east,J,certified_reference,0.0,0,False,False,True,4427634629/1000000,4427634629/1000000,30164,30163,0.008769489824771881,0.009878508746623993
BB,BB_quality,CP-AP-r001:q008:d08,CP-AP-r001,16,east-east,W,existing_frozen,0.0,0,False,False,True,4427634629/1000000,4427634629/1000000,43226,24916,0.02848002314567566,0.009722493588924408
BB,BB_quality,CP-AP-r001:q008:d08,CP-AP-r001,16,east-east,W,certified_reference,0.0,0,False,False,True,4427634629/1000000,4427634629/1000000,24917,24916,0.008258886635303497,0.009722493588924408
BB,BB_quality,CP-AP-r001:q008:d16,CP-AP-r001,64,east-east,A,existing_frozen,8.609576,1076197/125000,True,False,False,4171513229/500000,4175818017/500000,822502,78543,0.7459516413509846,0.10532505437731743
BB,BB_quality,CP-AP-r001:q008:d16,CP-AP-r001,64,east-east,A,certified_reference,0.0,0,False,False,True,4171513229/500000,4171513229/500000,78543,78543,0.10236518457531929,0.10532505437731743
BB,BB_quality,CP-AP-r001:q008:d16,CP-AP-r001,64,east-east,E,existing_frozen,8.609576,1076197/125000,True,False,False,833350539/100000,4171057483/500000,853954,93388,0.7978018298745155,0.1218860037624836
BB,BB_quality,CP-AP-r001:q008:d16,CP-AP-r001,64,east-east,E,certified_reference,0.0,0,False,False,True,833350539/100000,833350539/100000,93388,93388,0.1217421293258667,0.1218860037624836
BB,BB_quality,CP-AP-r001:q008:d16,CP-AP-r001,64,east-east,J,existing_frozen,-0.029443,-29443/1000000,False,True,False,4145195163/500000,8290360883/1000000,920877,202192,0.8802917189896107,0.26784033700823784
BB,BB_quality,CP-AP-r001:q008:d16,CP-AP-r001,64,east-east,J,certified_reference,0.0,0,False,False,True,4145195163/500000,4145195163/500000,202193,202192,0.27088917419314384,0.26784033700823784
BB,BB_quality,CP-AP-r001:q008:d16,CP-AP-r001,64,east-east,W,existing_frozen,-3.727515,-745503/200000,False,True,False,4149587737/500000,8295447959/1000000,743838,106874,0.6314261741936207,0.1392820104956627
BB,BB_quality,CP-AP-r001:q008:d16,CP-AP-r001,64,east-east,W,certified_reference,0.0,0,False,False,True,4149587737/500000,4149587737/500000,106874,106874,0.13915979117155075,0.1392820104956627
BB,BB_quality,CP-AP-r001:q008:d32,CP-AP-r001,128,east-east,A,existing_frozen,207.232826,103616413/500000,True,False,False,16098323727/1000000,16305556553/1000000,4971922,280772,3.6305542811751366,0.3670385479927063
BB,BB_quality,CP-AP-r001:q008:d32,CP-AP-r001,128,east-east,A,certified_reference,0.0,0,False,False,True,16098323727/1000000,16098323727/1000000,280772,280772,0.36450404301285744,0.3670385479927063
BB,BB_quality,CP-AP-r001:q008:d32,CP-AP-r001,128,east-east,E,existing_frozen,0.0,0,False,False,True,1562791743/100000,1562791743/100000,4535620,239415,3.1193554028868675,0.3023291118443012
BB,BB_quality,CP-AP-r001:q008:d32,CP-AP-r001,128,east-east,E,certified_reference,0.0,0,False,False,True,1562791743/100000,1562791743/100000,239415,239415,0.30390487238764763,0.3023291118443012
BB,BB_quality,CP-AP-r001:q008:d32,CP-AP-r001,128,east-east,J,existing_frozen,-37.687314,-18843657/500000,False,True,False,15548089033/1000000,15510401719/1000000,5469504,251567,4.5994175635278225,0.30484750494360924
BB,BB_quality,CP-AP-r001:q008:d32,CP-AP-r001,128,east-east,J,certified_reference,0.0,0,False,False,True,15548089033/1000000,15548089033/1000000,251567,251567,0.30847807228565216,0.30484750494360924
BB,BB_quality,CP-AP-r001:q008:d32,CP-AP-r001,128,east-east,W,existing_frozen,191.305477,191305477/1000000,True,False,False,2003374819/125000,16218304029/1000000,5064503,229565,3.756498482078314,0.2915894165635109
BB,BB_quality,CP-AP-r001:q008:d32,CP-AP-r001,128,east-east,W,certified_reference,0.0,0,False,False,True,2003374819/125000,2003374819/125000,229565,229565,0.2906186729669571,0.2915894165635109
BB,BB_quality,CP-AP-r001:q009:d08,CP-AP-r001,16,west-west,A,existing_frozen,0.0,0,False,False,True,2138640443/500000,2138640443/500000,38655,20594,0.030956368893384933,0.010866440832614899
BB,BB_quality,CP-AP-r001:q009:d08,CP-AP-r001,16,west-west,A,certified_reference,0.0,0,False,False,True,2138640443/500000,2138640443/500000,20840,20594,0.010216109454631805,0.010866440832614899
BB,BB_quality,CP-AP-r001:q009:d08,CP-AP-r001,16,west-west,E,existing_frozen,0.0,0,False,False,True,2138640443/500000,2138640443/500000,43725,25664,0.0310806967318058,0.011206123977899551
BB,BB_quality,CP-AP-r001:q009:d08,CP-AP-r001,16,west-west,E,certified_reference,0.0,0,False,False,True,2138640443/500000,2138640443/500000,25910,25664,0.010441098362207413,0.011206123977899551
BB,BB_quality,CP-AP-r001:q009:d08,CP-AP-r001,16,west-west,J,existing_frozen,0.0,0,False,False,True,4109897569/1000000,4109897569/1000000,46260,30034,0.02740217000246048,0.009553011506795883
BB,BB_quality,CP-AP-r001:q009:d08,CP-AP-r001,16,west-west,J,certified_reference,0.0,0,False,False,True,4109897569/1000000,4109897569/1000000,30035,30034,0.008270882070064545,0.009553011506795883
BB,BB_quality,CP-AP-r001:q009:d08,CP-AP-r001,16,west-west,W,existing_frozen,0.0,0,False,False,True,4109897569/1000000,4109897569/1000000,41190,24964,0.02718767523765564,0.009372647851705551
BB,BB_quality,CP-AP-r001:q009:d08,CP-AP-r001,16,west-west,W,certified_reference,0.0,0,False,False,True,4109897569/1000000,4109897569/1000000,24965,24964,0.008110567927360535,0.009372647851705551
BB,BB_quality,CP-AP-r001:q009:d16,CP-AP-r001,64,west-west,A,existing_frozen,-337.314233,-337314233/1000000,False,True,False,4458523429/500000,68637861/8000,799050,307597,0.7324666008353233,0.42651961743831635
BB,BB_quality,CP-AP-r001:q009:d16,CP-AP-r001,64,west-west,A,certified_reference,0.0,0,False,False,True,4458523429/500000,4458523429/500000,307597,307597,0.4237706996500492,0.42651961743831635
BB,BB_quality,CP-AP-r001:q009:d16,CP-AP-r001,64,west-west,E,existing_frozen,-96.944435,-19388887/200000,False,True,False,8885770299/1000000,1098603233/125000,935546,156208,0.9216755479574203,0.21030276268720627
BB,BB_quality,CP-AP-r001:q009:d16,CP-AP-r001,64,west-west,E,certified_reference,0.0,0,False,False,True,8885770299/1000000,8885770299/1000000,156208,156208,0.20806779339909554,0.21030276268720627
BB,BB_quality,CP-AP-r001:q009:d16,CP-AP-r001,64,west-west,J,existing_frozen,0.0,0,False,False,True,8480709227/1000000,8480709227/1000000,809518,240511,0.7296247854828835,0.2908580154180527
BB,BB_quality,CP-AP-r001:q009:d16,CP-AP-r001,64,west-west,J,certified_reference,0.0,0,False,False,True,8480709227/1000000,8480709227/1000000,240514,240511,0.29085512459278107,0.2908580154180527
BB,BB_quality,CP-AP-r001:q009:d16,CP-AP-r001,64,west-west,W,existing_frozen,0.0,0,False,False,True,4329696449/500000,4329696449/500000,914170,431997,0.8886666037142277,0.5711448565125465
BB,BB_quality,CP-AP-r001:q009:d16,CP-AP-r001,64,west-west,W,certified_reference,0.0,0,False,False,True,4329696449/500000,4329696449/500000,431998,431997,0.5719420984387398,0.5711448565125465
BB,BB_quality,CP-AP-r001:q009:d32,CP-AP-r001,128,west-west,A,existing_frozen,-11.086754,-5543377/500000,False,True,False,17293787333/1000000,17282700579/1000000,6185248,197253,5.174193695187569,0.2519558556377888
BB,BB_quality,CP-AP-r001:q009:d32,CP-AP-r001,128,west-west,A,certified_reference,0.0,0,False,False,True,17293787333/1000000,17293787333/1000000,197253,197253,0.2533738538622856,0.2519558556377888
BB,BB_quality,CP-AP-r001:q009:d32,CP-AP-r001,128,west-west,E,existing_frozen,-716.104425,-28644177/40000,False,True,False,8446553301/500000,16177002177/1000000,5530278,399534,4.381390448659658,0.508849274367094
BB,BB_quality,CP-AP-r001:q009:d32,CP-AP-r001,128,west-west,E,certified_reference,0.0,0,False,False,True,8446553301/500000,8446553301/500000,399534,399534,0.5100038424134254,0.508849274367094
BB,BB_quality,CP-AP-r001:q009:d32,CP-AP-r001,128,west-west,J,existing_frozen,0.0,0,False,False,True,7734238037/500000,7734238037/500000,6364383,1285767,5.5262647196650505,1.6276054978370667
BB,BB_quality,CP-AP-r001:q009:d32,CP-AP-r001,128,west-west,J,certified_reference,0.0,0,False,False,True,7734238037/500000,7734238037/500000,1285767,1285767,1.6201718002557755,1.6276054978370667
BB,BB_quality,CP-AP-r001:q009:d32,CP-AP-r001,128,west-west,W,existing_frozen,-299.657522,-149828761/500000,False,True,False,3249970421/200000,15950194583/1000000,5410514,259543,4.301101095974445,0.3297811448574066
BB,BB_quality,CP-AP-r001:q009:d32,CP-AP-r001,128,west-west,W,certified_reference,0.0,0,False,False,True,3249970421/200000,3249970421/200000,259543,259543,0.3273615688085556,0.3297811448574066
commit,commit_raw,CP-AU-r000:q000:d08,CP-AU-r000,16,west-west,A,existing_frozen,0.0,0,False,False,True,667388552003/1000000,667388552003/1000000,22346,19805,0.004769612103700638,0.001676272600889206
commit,commit_guarded,CP-AU-r000:q000:d08,CP-AU-r000,16,west-west,A,existing_frozen,0.0,0,False,False,True,667388552003/1000000,667388552003/1000000,22346,19805,0.004769612103700638,0.001676272600889206
commit,commit_raw,CP-AU-r000:q000:d08,CP-AU-r000,16,west-west,A,certified_reference,0.0,0,False,False,True,667388552003/1000000,667388552003/1000000,19806,19805,0.001494240015745163,0.001676272600889206
commit,commit_guarded,CP-AU-r000:q000:d08,CP-AU-r000,16,west-west,A,certified_reference,0.0,0,False,False,True,667388552003/1000000,667388552003/1000000,19806,19805,0.001494240015745163,0.001676272600889206
commit,commit_raw,CP-AU-r000:q000:d08,CP-AU-r000,16,west-west,E,existing_frozen,0.0,0,False,False,True,667388552003/1000000,667388552003/1000000,27657,25056,0.004969697445631027,0.0018618479371070862
commit,commit_guarded,CP-AU-r000:q000:d08,CP-AU-r000,16,west-west,E,existing_frozen,0.0,0,False,False,True,667388552003/1000000,667388552003/1000000,27657,25056,0.004969697445631027,0.0018618479371070862
commit,commit_raw,CP-AU-r000:q000:d08,CP-AU-r000,16,west-west,E,certified_reference,0.0,0,False,False,True,667388552003/1000000,667388552003/1000000,25057,25056,0.0016542226076126099,0.0018618479371070862
commit,commit_guarded,CP-AU-r000:q000:d08,CP-AU-r000,16,west-west,E,certified_reference,0.0,0,False,False,True,667388552003/1000000,667388552003/1000000,25057,25056,0.0016542226076126099,0.0018618479371070862
commit,commit_raw,CP-AU-r000:q000:d08,CP-AU-r000,16,west-west,J,existing_frozen,0.0,0,False,False,True,667388552003/1000000,667388552003/1000000,32997,30217,0.0054863616824150085,0.0020599402487277985
commit,commit_guarded,CP-AU-r000:q000:d08,CP-AU-r000,16,west-west,J,existing_frozen,0.0,0,False,False,True,667388552003/1000000,667388552003/1000000,32997,30217,0.0054863616824150085,0.0020599402487277985
commit,commit_raw,CP-AU-r000:q000:d08,CP-AU-r000,16,west-west,J,certified_reference,0.0,0,False,False,True,667388552003/1000000,667388552003/1000000,30218,30217,0.0018360167741775513,0.0020599402487277985
commit,commit_guarded,CP-AU-r000:q000:d08,CP-AU-r000,16,west-west,J,certified_reference,0.0,0,False,False,True,667388552003/1000000,667388552003/1000000,30218,30217,0.0018360167741775513,0.0020599402487277985
commit,commit_raw,CP-AU-r000:q000:d08,CP-AU-r000,16,west-west,W,existing_frozen,0.0,0,False,False,True,667388552003/1000000,667388552003/1000000,27686,24966,0.005083214491605759,0.0019339807331562042
commit,commit_guarded,CP-AU-r000:q000:d08,CP-AU-r000,16,west-west,W,existing_frozen,0.0,0,False,False,True,667388552003/1000000,667388552003/1000000,27686,24966,0.005083214491605759,0.0019339807331562042
commit,commit_raw,CP-AU-r000:q000:d08,CP-AU-r000,16,west-west,W,certified_reference,0.0,0,False,False,True,667388552003/1000000,667388552003/1000000,24967,24966,0.0017413236200809479,0.0019339807331562042
commit,commit_guarded,CP-AU-r000:q000:d08,CP-AU-r000,16,west-west,W,certified_reference,0.0,0,False,False,True,667388552003/1000000,667388552003/1000000,24967,24966,0.0017413236200809479,0.0019339807331562042
commit,commit_raw,CP-AU-r000:q000:d16,CP-AU-r000,64,west-west,A,existing_frozen,0.0,0,False,False,True,66743167347/100000,66743167347/100000,43654,21577,0.022493787109851837,0.004041697829961777
commit,commit_guarded,CP-AU-r000:q000:d16,CP-AU-r000,64,west-west,A,existing_frozen,0.0,0,False,False,True,66743167347/100000,66743167347/100000,43654,21577,0.022493787109851837,0.004041697829961777
commit,commit_raw,CP-AU-r000:q000:d16,CP-AU-r000,64,west-west,A,certified_reference,0.0,0,False,False,True,66743167347/100000,66743167347/100000,21577,21577,0.003881394863128662,0.004041697829961777
commit,commit_guarded,CP-AU-r000:q000:d16,CP-AU-r000,64,west-west,A,certified_reference,0.0,0,False,False,True,66743167347/100000,66743167347/100000,21577,21577,0.003881394863128662,0.004041697829961777
commit,commit_raw,CP-AU-r000:q000:d16,CP-AU-r000,64,west-west,E,existing_frozen,0.0,0,False,False,True,333672095259/500000,333672095259/500000,49391,26995,0.023440003395080566,0.004571449011564255
commit,commit_guarded,CP-AU-r000:q000:d16,CP-AU-r000,64,west-west,E,existing_frozen,0.0,0,False,False,True,5338862799/8000,5338862799/8000,49391,26995,0.023440003395080566,0.004571449011564255
commit,commit_raw,CP-AU-r000:q000:d16,CP-AU-r000,64,west-west,E,certified_reference,0.0,0,False,False,True,333672095259/500000,333672095259/500000,26995,26995,0.004373464733362198,0.004571449011564255
commit,commit_guarded,CP-AU-r000:q000:d16,CP-AU-r000,64,west-west,E,certified_reference,0.0,0,False,False,True,5338862799/8000,5338862799/8000,26995,26995,0.004373464733362198,0.004571449011564255
commit,commit_raw,CP-AU-r000:q000:d16,CP-AU-r000,64,west-west,J,existing_frozen,-499.095911,-499095911/1000000,False,True,False,333677778001/500000,666856460091/1000000,55310,32644,0.02455359697341919,0.0055558569729328156
commit,commit_guarded,CP-AU-r000:q000:d16,CP-AU-r000,64,west-west,J,existing_frozen,0.0,0,False,False,True,5338862799/8000,5338862799/8000,55310,32644,0.02455359697341919,0.0055558569729328156
commit,commit_raw,CP-AU-r000:q000:d16,CP-AU-r000,64,west-west,J,certified_reference,-499.095911,-499095911/1000000,False,True,False,333677778001/500000,666856460091/1000000,32461,32644,0.005035955458879471,0.0055558569729328156
commit,commit_guarded,CP-AU-r000:q000:d16,CP-AU-r000,64,west-west,J,certified_reference,0.0,0,False,False,True,5338862799/8000,5338862799/8000,32461,32644,0.005035955458879471,0.0055558569729328156
commit,commit_raw,CP-AU-r000:q000:d16,CP-AU-r000,64,west-west,W,existing_frozen,14.033262,7016631/500000,True,False,False,133479879299/200000,667413429757/1000000,49734,27200,0.023955456912517548,0.005138993263244629
commit,commit_guarded,CP-AU-r000:q000:d16,CP-AU-r000,64,west-west,W,existing_frozen,14.033262,7016631/500000,True,False,False,133479879299/200000,667413429757/1000000,49734,27200,0.023955456912517548,0.005138993263244629
commit,commit_raw,CP-AU-r000:q000:d16,CP-AU-r000,64,west-west,W,certified_reference,14.033262,7016631/500000,True,False,False,133479879299/200000,667413429757/1000000,27039,27200,0.004549741744995117,0.005138993263244629
commit,commit_guarded,CP-AU-r000:q000:d16,CP-AU-r000,64,west-west,W,certified_reference,14.033262,7016631/500000,True,False,False,133479879299/200000,667413429757/1000000,27039,27200,0.004549741744995117,0.005138993263244629
commit,commit_raw,CP-AU-r000:q000:d32,CP-AU-r000,128,west-west,A,existing_frozen,0.0,0,False,False,True,166956285383/250000,166956285383/250000,101945,23932,0.065084058791399,0.008002221584320068
commit,commit_guarded,CP-AU-r000:q000:d32,CP-AU-r000,128,west-west,A,existing_frozen,0.0,0,False,False,True,166956285383/250000,166956285383/250000,101945,23932,0.065084058791399,0.008002221584320068
commit,commit_raw,CP-AU-r000:q000:d32,CP-AU-r000,128,west-west,A,certified_reference,0.0,0,False,False,True,166956285383/250000,166956285383/250000,23932,23932,0.007779300212860107,0.008002221584320068
commit,commit_guarded,CP-AU-r000:q000:d32,CP-AU-r000,128,west-west,A,certified_reference,0.0,0,False,False,True,166956285383/250000,166956285383/250000,23932,23932,0.007779300212860107,0.008002221584320068
commit,commit_raw,CP-AU-r000:q000:d32,CP-AU-r000,128,west-west,E,existing_frozen,0.0,0,False,False,True,667607089909/1000000,667607089909/1000000,106073,30043,0.06522923707962036,0.009799636900424957
commit,commit_guarded,CP-AU-r000:q000:d32,CP-AU-r000,128,west-west,E,existing_frozen,0.0,0,False,False,True,667607089909/1000000,667607089909/1000000,106073,30043,0.06522923707962036,0.009799636900424957
commit,commit_raw,CP-AU-r000:q000:d32,CP-AU-r000,128,west-west,E,certified_reference,0.0,0,False,False,True,667607089909/1000000,667607089909/1000000,30043,30043,0.009459026157855988,0.009799636900424957
commit,commit_guarded,CP-AU-r000:q000:d32,CP-AU-r000,128,west-west,E,certified_reference,0.0,0,False,False,True,667607089909/1000000,667607089909/1000000,30043,30043,0.009459026157855988,0.009799636900424957
commit,commit_raw,CP-AU-r000:q000:d32,CP-AU-r000,128,west-west,J,existing_frozen,138.537926,69268963/500000,True,False,False,666804201507/1000000,666942739433/1000000,112985,35963,0.06806076690554619,0.011180847883224487
commit,commit_guarded,CP-AU-r000:q000:d32,CP-AU-r000,128,west-west,J,existing_frozen,0.0,0,False,False,True,5338862799/8000,5338862799/8000,112985,35963,0.06806076690554619,0.011180847883224487
commit,commit_raw,CP-AU-r000:q000:d32,CP-AU-r000,128,west-west,J,certified_reference,0.0,0,False,False,True,666804201507/1000000,666804201507/1000000,35963,35963,0.010878603905439377,0.011180847883224487
commit,commit_guarded,CP-AU-r000:q000:d32,CP-AU-r000,128,west-west,J,certified_reference,0.0,0,False,False,True,5338862799/8000,5338862799/8000,35963,35963,0.010878603905439377,0.011180847883224487
commit,commit_raw,CP-AU-r000:q000:d32,CP-AU-r000,128,west-west,W,existing_frozen,138.537926,69268963/500000,True,False,False,667707836387/1000000,667846374313/1000000,109436,29874,0.06944944337010384,0.009804505854845047
commit,commit_guarded,CP-AU-r000:q000:d32,CP-AU-r000,128,west-west,W,existing_frozen,138.537926,69268963/500000,True,False,False,667707836387/1000000,667846374313/1000000,109436,29874,0.06944944337010384,0.009804505854845047
commit,commit_raw,CP-AU-r000:q000:d32,CP-AU-r000,128,west-west,W,certified_reference,0.0,0,False,False,True,667707836387/1000000,667707836387/1000000,29874,29874,0.009613532572984695,0.009804505854845047
commit,commit_guarded,CP-AU-r000:q000:d32,CP-AU-r000,128,west-west,W,certified_reference,0.0,0,False,False,True,667707836387/1000000,667707836387/1000000,29874,29874,0.009613532572984695,0.009804505854845047
commit,commit_raw,CP-AU-r000:q001:d08,CP-AU-r000,16,west-west,A,existing_frozen,0.0,0,False,False,True,667388552003/1000000,667388552003/1000000,22346,19805,0.004694648087024689,0.0016078874468803406
commit,commit_guarded,CP-AU-r000:q001:d08,CP-AU-r000,16,west-west,A,existing_frozen,0.0,0,False,False,True,667388552003/1000000,667388552003/1000000,22346,19805,0.004694648087024689,0.0016078874468803406
commit,commit_raw,CP-AU-r000:q001:d08,CP-AU-r000,16,west-west,A,certified_reference,0.0,0,False,False,True,667388552003/1000000,667388552003/1000000,19806,19805,0.0015246197581291199,0.0016078874468803406
commit,commit_guarded,CP-AU-r000:q001:d08,CP-AU-r000,16,west-west,A,certified_reference,0.0,0,False,False,True,667388552003/1000000,667388552003/1000000,19806,19805,0.0015246197581291199,0.0016078874468803406
commit,commit_raw,CP-AU-r000:q001:d08,CP-AU-r000,16,west-west,E,existing_frozen,0.0,0,False,False,True,667388552003/1000000,667388552003/1000000,27657,25056,0.004940290004014969,0.0017957985401153564
commit,commit_guarded,CP-AU-r000:q001:d08,CP-AU-r000,16,west-west,E,existing_frozen,0.0,0,False,False,True,667388552003/1000000,667388552003/1000000,27657,25056,0.004940290004014969,0.0017957985401153564
commit,commit_raw,CP-AU-r000:q001:d08,CP-AU-r000,16,west-west,E,certified_reference,0.0,0,False,False,True,667388552003/1000000,667388552003/1000000,25057,25056,0.001673273742198944,0.0017957985401153564
commit,commit_guarded,CP-AU-r000:q001:d08,CP-AU-r000,16,west-west,E,certified_reference,0.0,0,False,False,True,667388552003/1000000,667388552003/1000000,25057,25056,0.001673273742198944,0.0017957985401153564
commit,commit_raw,CP-AU-r000:q001:d08,CP-AU-r000,16,west-west,J,existing_frozen,0.0,0,False,False,True,667388552003/1000000,667388552003/1000000,32997,30217,0.005249727517366409,0.001931905746459961
commit,commit_guarded,CP-AU-r000:q001:d08,CP-AU-r000,16,west-west,J,existing_frozen,0.0,0,False,False,True,667388552003/1000000,667388552003/1000000,32997,30217,0.005249727517366409,0.001931905746459961
commit,commit_raw,CP-AU-r000:q001:d08,CP-AU-r000,16,west-west,J,certified_reference,0.0,0,False,False,True,667388552003/1000000,667388552003/1000000,30218,30217,0.001826506108045578,0.001931905746459961
commit,commit_guarded,CP-AU-r000:q001:d08,CP-AU-r000,16,west-west,J,certified_reference,0.0,0,False,False,True,667388552003/1000000,667388552003/1000000,30218,30217,0.001826506108045578,0.001931905746459961
commit,commit_raw,CP-AU-r000:q001:d08,CP-AU-r000,16,west-west,W,existing_frozen,0.0,0,False,False,True,667388552003/1000000,667388552003/1000000,27686,24966,0.005031198263168335,0.0018107257783412933
commit,commit_guarded,CP-AU-r000:q001:d08,CP-AU-r000,16,west-west,W,existing_frozen,0.0,0,False,False,True,667388552003/1000000,667388552003/1000000,27686,24966,0.005031198263168335,0.0018107257783412933
commit,commit_raw,CP-AU-r000:q001:d08,CP-AU-r000,16,west-west,W,certified_reference,0.0,0,False,False,True,667388552003/1000000,667388552003/1000000,24967,24966,0.0017333514988422394,0.0018107257783412933
commit,commit_guarded,CP-AU-r000:q001:d08,CP-AU-r000,16,west-west,W,certified_reference,0.0,0,False,False,True,667388552003/1000000,667388552003/1000000,24967,24966,0.0017333514988422394,0.0018107257783412933
commit,commit_raw,CP-AU-r000:q001:d16,CP-AU-r000,64,west-west,A,existing_frozen,0.0,0,False,False,True,66743167347/100000,66743167347/100000,43654,21577,0.022645525634288788,0.004067748785018921
commit,commit_guarded,CP-AU-r000:q001:d16,CP-AU-r000,64,west-west,A,existing_frozen,0.0,0,False,False,True,66743167347/100000,66743167347/100000,43654,21577,0.022645525634288788,0.004067748785018921
commit,commit_raw,CP-AU-r000:q001:d16,CP-AU-r000,64,west-west,A,certified_reference,0.0,0,False,False,True,66743167347/100000,66743167347/100000,21577,21577,0.0038693509995937347,0.004067748785018921
commit,commit_guarded,CP-AU-r000:q001:d16,CP-AU-r000,64,west-west,A,certified_reference,0.0,0,False,False,True,66743167347/100000,66743167347/100000,21577,21577,0.0038693509995937347,0.004067748785018921
commit,commit_raw,CP-AU-r000:q001:d16,CP-AU-r000,64,west-west,E,existing_frozen,0.0,0,False,False,True,333672095259/500000,333672095259/500000,49391,26995,0.02400411292910576,0.005416754633188248
commit,commit_guarded,CP-AU-r000:q001:d16,CP-AU-r000,64,west-west,E,existing_frozen,0.0,0,False,False,True,5338862799/8000,5338862799/8000,49391,26995,0.02400411292910576,0.005416754633188248
commit,commit_raw,CP-AU-r000:q001:d16,CP-AU-r000,64,west-west,E,certified_reference,0.0,0,False,False,True,333672095259/500000,333672095259/500000,26995,26995,0.004809629172086716,0.005416754633188248
commit,commit_guarded,CP-AU-r000:q001:d16,CP-AU-r000,64,west-west,E,certified_reference,0.0,0,False,False,True,5338862799/8000,5338862799/8000,26995,26995,0.004809629172086716,0.005416754633188248
commit,commit_raw,CP-AU-r000:q001:d16,CP-AU-r000,64,west-west,J,existing_frozen,-499.095911,-499095911/1000000,False,True,False,333677778001/500000,666856460091/1000000,55310,32644,0.024716243147850037,0.005531203001737595
commit,commit_guarded,CP-AU-r000:q001:d16,CP-AU-r000,64,west-west,J,existing_frozen,0.0,0,False,False,True,5338862799/8000,5338862799/8000,55310,32644,0.024716243147850037,0.005531203001737595
commit,commit_raw,CP-AU-r000:q001:d16,CP-AU-r000,64,west-west,J,certified_reference,-499.095911,-499095911/1000000,False,True,False,333677778001/500000,666856460091/1000000,32461,32644,0.004886981099843979,0.005531203001737595
commit,commit_guarded,CP-AU-r000:q001:d16,CP-AU-r000,64,west-west,J,certified_reference,0.0,0,False,False,True,5338862799/8000,5338862799/8000,32461,32644,0.004886981099843979,0.005531203001737595
commit,commit_raw,CP-AU-r000:q001:d16,CP-AU-r000,64,west-west,W,existing_frozen,14.033262,7016631/500000,True,False,False,133479879299/200000,667413429757/1000000,49734,27200,0.024096161127090454,0.005261480808258057
commit,commit_guarded,CP-AU-r000:q001:d16,CP-AU-r000,64,west-west,W,existing_frozen,14.033262,7016631/500000,True,False,False,133479879299/200000,667413429757/1000000,49734,27200,0.024096161127090454,0.005261480808258057
commit,commit_raw,CP-AU-r000:q001:d16,CP-AU-r000,64,west-west,W,certified_reference,14.033262,7016631/500000,True,False,False,133479879299/200000,667413429757/1000000,27039,27200,0.004527635872364044,0.005261480808258057
commit,commit_guarded,CP-AU-r000:q001:d16,CP-AU-r000,64,west-west,W,certified_reference,14.033262,7016631/500000,True,False,False,133479879299/200000,667413429757/1000000,27039,27200,0.004527635872364044,0.005261480808258057
commit,commit_raw,CP-AU-r000:q001:d32,CP-AU-r000,128,west-west,A,existing_frozen,0.0,0,False,False,True,166956285383/250000,166956285383/250000,101945,23932,0.06586375087499619,0.008162971585988998
commit,commit_guarded,CP-AU-r000:q001:d32,CP-AU-r000,128,west-west,A,existing_frozen,0.0,0,False,False,True,166956285383/250000,166956285383/250000,101945,23932,0.06586375087499619,0.008162971585988998
commit,commit_raw,CP-AU-r000:q001:d32,CP-AU-r000,128,west-west,A,certified_reference,0.0,0,False,False,True,166956285383/250000,166956285383/250000,23932,23932,0.007784582674503326,0.008162971585988998
commit,commit_guarded,CP-AU-r000:q001:d32,CP-AU-r000,128,west-west,A,certified_reference,0.0,0,False,False,True,166956285383/250000,166956285383/250000,23932,23932,0.007784582674503326,0.008162971585988998
commit,commit_raw,CP-AU-r000:q001:d32,CP-AU-r000,128,west-west,E,existing_frozen,0.0,0,False,False,True,667607089909/1000000,667607089909/1000000,106073,30043,0.06459491327404976,0.009527698159217834
commit,commit_guarded,CP-AU-r000:q001:d32,CP-AU-r000,128,west-west,E,existing_frozen,0.0,0,False,False,True,667607089909/1000000,667607089909/1000000,106073,30043,0.06459491327404976,0.009527698159217834
commit,commit_raw,CP-AU-r000:q001:d32,CP-AU-r000,128,west-west,E,certified_reference,0.0,0,False,False,True,667607089909/1000000,667607089909/1000000,30043,30043,0.009447518736124039,0.009527698159217834
commit,commit_guarded,CP-AU-r000:q001:d32,CP-AU-r000,128,west-west,E,certified_reference,0.0,0,False,False,True,667607089909/1000000,667607089909/1000000,30043,30043,0.009447518736124039,0.009527698159217834
commit,commit_raw,CP-AU-r000:q001:d32,CP-AU-r000,128,west-west,J,existing_frozen,138.537926,69268963/500000,True,False,False,666804201507/1000000,666942739433/1000000,112985,35963,0.06822806596755981,0.011058121919631958
commit,commit_guarded,CP-AU-r000:q001:d32,CP-AU-r000,128,west-west,J,existing_frozen,0.0,0,False,False,True,5338862799/8000,5338862799/8000,112985,35963,0.06822806596755981,0.011058121919631958
commit,commit_raw,CP-AU-r000:q001:d32,CP-AU-r000,128,west-west,J,certified_reference,0.0,0,False,False,True,666804201507/1000000,666804201507/1000000,35963,35963,0.010842759162187576,0.011058121919631958
commit,commit_guarded,CP-AU-r000:q001:d32,CP-AU-r000,128,west-west,J,certified_reference,0.0,0,False,False,True,5338862799/8000,5338862799/8000,35963,35963,0.010842759162187576,0.011058121919631958
commit,commit_raw,CP-AU-r000:q001:d32,CP-AU-r000,128,west-west,W,existing_frozen,138.537926,69268963/500000,True,False,False,667707836387/1000000,667846374313/1000000,109436,29874,0.07052186131477356,0.009745635092258453
commit,commit_guarded,CP-AU-r000:q001:d32,CP-AU-r000,128,west-west,W,existing_frozen,138.537926,69268963/500000,True,False,False,667707836387/1000000,667846374313/1000000,109436,29874,0.07052186131477356,0.009745635092258453
commit,commit_raw,CP-AU-r000:q001:d32,CP-AU-r000,128,west-west,W,certified_reference,0.0,0,False,False,True,667707836387/1000000,667707836387/1000000,29874,29874,0.009429283440113068,0.009745635092258453
commit,commit_guarded,CP-AU-r000:q001:d32,CP-AU-r000,128,west-west,W,certified_reference,0.0,0,False,False,True,667707836387/1000000,667707836387/1000000,29874,29874,0.009429283440113068,0.009745635092258453
commit,commit_raw,CP-AU-r000:q002:d08,CP-AU-r000,16,west-west,A,existing_frozen,25.595931,25595931/1000000,True,False,False,5338862799/8000,333691722903/500000,22216,19796,0.004669155925512314,0.0015941709280014038
commit,commit_guarded,CP-AU-r000:q002:d08,CP-AU-r000,16,west-west,A,existing_frozen,25.595931,25595931/1000000,True,False,False,5338862799/8000,333691722903/500000,22216,19796,0.004669155925512314,0.0015941709280014038
commit,commit_raw,CP-AU-r000:q002:d08,CP-AU-r000,16,west-west,A,certified_reference,25.595931,25595931/1000000,True,False,False,5338862799/8000,333691722903/500000,19743,19796,0.0014021769165992737,0.0015941709280014038
commit,commit_guarded,CP-AU-r000:q002:d08,CP-AU-r000,16,west-west,A,certified_reference,25.595931,25595931/1000000,True,False,False,5338862799/8000,333691722903/500000,19743,19796,0.0014021769165992737,0.0015941709280014038
commit,commit_raw,CP-AU-r000:q002:d08,CP-AU-r000,16,west-west,E,existing_frozen,25.595931,25595931/1000000,True,False,False,5338862799/8000,333691722903/500000,27527,25047,0.004787512123584747,0.00180734321475029
commit,commit_guarded,CP-AU-r000:q002:d08,CP-AU-r000,16,west-west,E,existing_frozen,25.595931,25595931/1000000,True,False,False,5338862799/8000,333691722903/500000,27527,25047,0.004787512123584747,0.00180734321475029
commit,commit_raw,CP-AU-r000:q002:d08,CP-AU-r000,16,west-west,E,certified_reference,25.595931,25595931/1000000,True,False,False,5338862799/8000,333691722903/500000,24994,25047,0.0015775300562381744,0.00180734321475029
commit,commit_guarded,CP-AU-r000:q002:d08,CP-AU-r000,16,west-west,E,certified_reference,25.595931,25595931/1000000,True,False,False,5338862799/8000,333691722903/500000,24994,25047,0.0015775300562381744,0.00180734321475029
commit,commit_raw,CP-AU-r000:q002:d08,CP-AU-r000,16,west-west,J,existing_frozen,-488.961806,-244480903/500000,False,True,False,5338862799/8000,666868888069/1000000,32735,30203,0.005368988960981369,0.002019505947828293
commit,commit_guarded,CP-AU-r000:q002:d08,CP-AU-r000,16,west-west,J,existing_frozen,0.0,0,False,False,True,5338862799/8000,5338862799/8000,32735,30203,0.005368988960981369,0.002019505947828293
commit,commit_raw,CP-AU-r000:q002:d08,CP-AU-r000,16,west-west,J,certified_reference,0.0,0,False,False,True,5338862799/8000,5338862799/8000,30204,30203,0.0018977485597133636,0.002019505947828293
commit,commit_guarded,CP-AU-r000:q002:d08,CP-AU-r000,16,west-west,J,certified_reference,0.0,0,False,False,True,5338862799/8000,5338862799/8000,30204,30203,0.0018977485597133636,0.002019505947828293
commit,commit_raw,CP-AU-r000:q002:d08,CP-AU-r000,16,west-west,W,existing_frozen,-488.961806,-244480903/500000,False,True,False,5338862799/8000,666868888069/1000000,27424,24952,0.0050162747502326965,0.0018063560128211975
commit,commit_guarded,CP-AU-r000:q002:d08,CP-AU-r000,16,west-west,W,existing_frozen,0.0,0,False,False,True,5338862799/8000,5338862799/8000,27424,24952,0.0050162747502326965,0.0018063560128211975
commit,commit_raw,CP-AU-r000:q002:d08,CP-AU-r000,16,west-west,W,certified_reference,0.0,0,False,False,True,5338862799/8000,5338862799/8000,24953,24952,0.0018676891922950745,0.0018063560128211975
commit,commit_guarded,CP-AU-r000:q002:d08,CP-AU-r000,16,west-west,W,certified_reference,0.0,0,False,False,True,5338862799/8000,5338862799/8000,24953,24952,0.0018676891922950745,0.0018063560128211975
commit,commit_raw,CP-AU-r000:q002:d16,CP-AU-r000,64,west-west,A,existing_frozen,0.0,0,False,False,True,16687133959/25000,16687133959/25000,43793,21548,0.02305598556995392,0.0041521452367305756
commit,commit_guarded,CP-AU-r000:q002:d16,CP-AU-r000,64,west-west,A,existing_frozen,0.0,0,False,False,True,16687133959/25000,16687133959/25000,43793,21548,0.02305598556995392,0.0041521452367305756
commit,commit_raw,CP-AU-r000:q002:d16,CP-AU-r000,64,west-west,A,certified_reference,0.0,0,False,False,True,16687133959/25000,16687133959/25000,21548,21548,0.004248429089784622,0.0041521452367305756
commit,commit_guarded,CP-AU-r000:q002:d16,CP-AU-r000,64,west-west,A,certified_reference,0.0,0,False,False,True,16687133959/25000,16687133959/25000,21548,21548,0.004248429089784622,0.0041521452367305756
commit,commit_raw,CP-AU-r000:q002:d16,CP-AU-r000,64,west-west,E,existing_frozen,0.0,0,False,False,True,166855845961/250000,166855845961/250000,49825,27029,0.02402125671505928,0.004724618047475815
commit,commit_guarded,CP-AU-r000:q002:d16,CP-AU-r000,64,west-west,E,existing_frozen,0.0,0,False,False,True,166855845961/250000,166855845961/250000,49825,27029,0.02402125671505928,0.004724618047475815
commit,commit_raw,CP-AU-r000:q002:d16,CP-AU-r000,64,west-west,E,certified_reference,0.0,0,False,False,True,166855845961/250000,166855845961/250000,27029,27029,0.004497192800045013,0.004724618047475815
commit,commit_guarded,CP-AU-r000:q002:d16,CP-AU-r000,64,west-west,E,certified_reference,0.0,0,False,False,True,166855845961/250000,166855845961/250000,27029,27029,0.004497192800045013,0.004724618047475815
commit,commit_raw,CP-AU-r000:q002:d16,CP-AU-r000,64,west-west,J,existing_frozen,0.0,0,False,False,True,66736323123/100000,66736323123/100000,55502,32560,0.031639158725738525,0.00729934498667717
commit,commit_guarded,CP-AU-r000:q002:d16,CP-AU-r000,64,west-west,J,existing_frozen,0.0,0,False,False,True,66736323123/100000,66736323123/100000,55502,32560,0.031639158725738525,0.00729934498667717
commit,commit_raw,CP-AU-r000:q002:d16,CP-AU-r000,64,west-west,J,certified_reference,0.0,0,False,False,True,66736323123/100000,66736323123/100000,32561,32560,0.006903175264596939,0.00729934498667717
commit,commit_guarded,CP-AU-r000:q002:d16,CP-AU-r000,64,west-west,J,certified_reference,0.0,0,False,False,True,66736323123/100000,66736323123/100000,32561,32560,0.006903175264596939,0.00729934498667717
commit,commit_raw,CP-AU-r000:q002:d16,CP-AU-r000,64,west-west,W,existing_frozen,0.0,0,False,False,True,166854792699/250000,166854792699/250000,49806,27083,0.02532300353050232,0.005081553012132645
commit,commit_guarded,CP-AU-r000:q002:d16,CP-AU-r000,64,west-west,W,existing_frozen,0.0,0,False,False,True,166854792699/250000,166854792699/250000,49806,27083,0.02532300353050232,0.005081553012132645
commit,commit_raw,CP-AU-r000:q002:d16,CP-AU-r000,64,west-west,W,certified_reference,0.0,0,False,False,True,166854792699/250000,166854792699/250000,27084,27083,0.005007758736610413,0.005081553012132645
commit,commit_guarded,CP-AU-r000:q002:d16,CP-AU-r000,64,west-west,W,certified_reference,0.0,0,False,False,True,166854792699/250000,166854792699/250000,27084,27083,0.005007758736610413,0.005081553012132645
commit,commit_raw,CP-AU-r000:q002:d32,CP-AU-r000,128,west-west,A,existing_frozen,0.0,0,False,False,True,667843103773/1000000,667843103773/1000000,101982,23911,0.06626717373728752,0.007985994219779968
commit,commit_guarded,CP-AU-r000:q002:d32,CP-AU-r000,128,west-west,A,existing_frozen,0.0,0,False,False,True,667843103773/1000000,667843103773/1000000,101982,23911,0.06626717373728752,0.007985994219779968
commit,commit_raw,CP-AU-r000:q002:d32,CP-AU-r000,128,west-west,A,certified_reference,0.0,0,False,False,True,667843103773/1000000,667843103773/1000000,23911,23911,0.007768712937831879,0.007985994219779968
commit,commit_guarded,CP-AU-r000:q002:d32,CP-AU-r000,128,west-west,A,certified_reference,0.0,0,False,False,True,667843103773/1000000,667843103773/1000000,23911,23911,0.007768712937831879,0.007985994219779968
commit,commit_raw,CP-AU-r000:q002:d32,CP-AU-r000,128,west-west,E,existing_frozen,0.0,0,False,False,True,667624372543/1000000,667624372543/1000000,106982,30085,0.0654400959610939,0.009659852832555771
commit,commit_guarded,CP-AU-r000:q002:d32,CP-AU-r000,128,west-west,E,existing_frozen,0.0,0,False,False,True,667624372543/1000000,667624372543/1000000,106982,30085,0.0654400959610939,0.009659852832555771
commit,commit_raw,CP-AU-r000:q002:d32,CP-AU-r000,128,west-west,E,certified_reference,0.0,0,False,False,True,667624372543/1000000,667624372543/1000000,30085,30085,0.009474020451307297,0.009659852832555771
commit,commit_guarded,CP-AU-r000:q002:d32,CP-AU-r000,128,west-west,E,certified_reference,0.0,0,False,False,True,667624372543/1000000,667624372543/1000000,30085,30085,0.009474020451307297,0.009659852832555771
commit,commit_raw,CP-AU-r000:q002:d32,CP-AU-r000,128,west-west,J,existing_frozen,-26.46708,-661677/25000,False,True,False,666913477797/1000000,666887010717/1000000,113360,35944,0.06856579706072807,0.011105664074420929
commit,commit_guarded,CP-AU-r000:q002:d32,CP-AU-r000,128,west-west,J,existing_frozen,0.0,0,False,False,True,5338862799/8000,5338862799/8000,113360,35944,0.06856579706072807,0.011105664074420929
commit,commit_raw,CP-AU-r000:q002:d32,CP-AU-r000,128,west-west,J,certified_reference,0.0,0,False,False,True,666913477797/1000000,666913477797/1000000,35944,35944,0.011290490627288818,0.011105664074420929
commit,commit_guarded,CP-AU-r000:q002:d32,CP-AU-r000,128,west-west,J,certified_reference,0.0,0,False,False,True,5338862799/8000,5338862799/8000,35944,35944,0.011290490627288818,0.011105664074420929
commit,commit_raw,CP-AU-r000:q002:d32,CP-AU-r000,128,west-west,W,existing_frozen,-26.46708,-661677/25000,False,True,False,667806837821/1000000,667780370741/1000000,108958,29796,0.06925912946462631,0.009592931717634201
commit,commit_guarded,CP-AU-r000:q002:d32,CP-AU-r000,128,west-west,W,existing_frozen,-26.46708,-661677/25000,False,True,False,667806837821/1000000,667780370741/1000000,108958,29796,0.06925912946462631,0.009592931717634201
commit,commit_raw,CP-AU-r000:q002:d32,CP-AU-r000,128,west-west,W,certified_reference,0.0,0,False,False,True,667806837821/1000000,667806837821/1000000,29796,29796,0.009442653506994247,0.009592931717634201
commit,commit_guarded,CP-AU-r000:q002:d32,CP-AU-r000,128,west-west,W,certified_reference,0.0,0,False,False,True,667806837821/1000000,667806837821/1000000,29796,29796,0.009442653506994247,0.009592931717634201
commit,commit_raw,CP-AU-r000:q003:d08,CP-AU-r000,16,west-west,A,existing_frozen,0.0,0,False,False,True,667388552003/1000000,667388552003/1000000,22327,19805,0.004888467490673065,0.0016667619347572327
commit,commit_guarded,CP-AU-r000:q003:d08,CP-AU-r000,16,west-west,A,existing_frozen,0.0,0,False,False,True,667388552003/1000000,667388552003/1000000,22327,19805,0.004888467490673065,0.0016667619347572327
commit,commit_raw,CP-AU-r000:q003:d08,CP-AU-r000,16,west-west,A,certified_reference,0.0,0,False,False,True,667388552003/1000000,667388552003/1000000,19806,19805,0.0015613548457622528,0.0016667619347572327
commit,commit_guarded,CP-AU-r000:q003:d08,CP-AU-r000,16,west-west,A,certified_reference,0.0,0,False,False,True,667388552003/1000000,667388552003/1000000,19806,19805,0.0015613548457622528,0.0016667619347572327
commit,commit_raw,CP-AU-r000:q003:d08,CP-AU-r000,16,west-west,E,existing_frozen,0.0,0,False,False,True,667388552003/1000000,667388552003/1000000,27638,25056,0.005068250000476837,0.0018272548913955688
commit,commit_guarded,CP-AU-r000:q003:d08,CP-AU-r000,16,west-west,E,existing_frozen,0.0,0,False,False,True,667388552003/1000000,667388552003/1000000,27638,25056,0.005068250000476837,0.0018272548913955688
commit,commit_raw,CP-AU-r000:q003:d08,CP-AU-r000,16,west-west,E,certified_reference,0.0,0,False,False,True,667388552003/1000000,667388552003/1000000,25057,25056,0.00169411301612854,0.0018272548913955688
commit,commit_guarded,CP-AU-r000:q003:d08,CP-AU-r000,16,west-west,E,certified_reference,0.0,0,False,False,True,667388552003/1000000,667388552003/1000000,25057,25056,0.00169411301612854,0.0018272548913955688
commit,commit_raw,CP-AU-r000:q003:d08,CP-AU-r000,16,west-west,J,existing_frozen,0.0,0,False,False,True,667388552003/1000000,667388552003/1000000,32946,30221,0.005318276584148407,0.0019672363996505737
commit,commit_guarded,CP-AU-r000:q003:d08,CP-AU-r000,16,west-west,J,existing_frozen,0.0,0,False,False,True,667388552003/1000000,667388552003/1000000,32946,30221,0.005318276584148407,0.0019672363996505737
commit,commit_raw,CP-AU-r000:q003:d08,CP-AU-r000,16,west-west,J,certified_reference,0.0,0,False,False,True,667388552003/1000000,667388552003/1000000,30222,30221,0.0018456913530826569,0.0019672363996505737
commit,commit_guarded,CP-AU-r000:q003:d08,CP-AU-r000,16,west-west,J,certified_reference,0.0,0,False,False,True,667388552003/1000000,667388552003/1000000,30222,30221,0.0018456913530826569,0.0019672363996505737
commit,commit_raw,CP-AU-r000:q003:d08,CP-AU-r000,16,west-west,W,existing_frozen,0.0,0,False,False,True,667388552003/1000000,667388552003/1000000,27635,24970,0.005004212260246277,0.0018627233803272247
commit,commit_guarded,CP-AU-r000:q003:d08,CP-AU-r000,16,west-west,W,existing_frozen,0.0,0,False,False,True,667388552003/1000000,667388552003/1000000,27635,24970,0.005004212260246277,0.0018627233803272247
commit,commit_raw,CP-AU-r000:q003:d08,CP-AU-r000,16,west-west,W,certified_reference,0.0,0,False,False,True,667388552003/1000000,667388552003/1000000,24971,24970,0.0017505921423435211,0.0018627233803272247
commit,commit_guarded,CP-AU-r000:q003:d08,CP-AU-r000,16,west-west,W,certified_reference,0.0,0,False,False,True,667388552003/1000000,667388552003/1000000,24971,24970,0.0017505921423435211,0.0018627233803272247
commit,commit_raw,CP-AU-r000:q003:d16,CP-AU-r000,64,west-west,A,existing_frozen,0.0,0,False,False,True,667541884187/1000000,667541884187/1000000,43548,21536,0.022640064358711243,0.004158128052949905
commit,commit_guarded,CP-AU-r000:q003:d16,CP-AU-r000,64,west-west,A,existing_frozen,0.0,0,False,False,True,667541884187/1000000,667541884187/1000000,43548,21536,0.022640064358711243,0.004158128052949905
commit,commit_raw,CP-AU-r000:q003:d16,CP-AU-r000,64,west-west,A,certified_reference,0.0,0,False,False,True,667541884187/1000000,667541884187/1000000,21536,21536,0.004059821367263794,0.004158128052949905
commit,commit_guarded,CP-AU-r000:q003:d16,CP-AU-r000,64,west-west,A,certified_reference,0.0,0,False,False,True,667541884187/1000000,667541884187/1000000,21536,21536,0.004059821367263794,0.004158128052949905
commit,commit_raw,CP-AU-r000:q003:d16,CP-AU-r000,64,west-west,E,existing_frozen,0.0,0,False,False,True,667479909671/1000000,667479909671/1000000,49681,27003,0.023733269423246384,0.004690561443567276
commit,commit_guarded,CP-AU-r000:q003:d16,CP-AU-r000,64,west-west,E,existing_frozen,0.0,0,False,False,True,667479909671/1000000,667479909671/1000000,49681,27003,0.023733269423246384,0.004690561443567276
commit,commit_raw,CP-AU-r000:q003:d16,CP-AU-r000,64,west-west,E,certified_reference,0.0,0,False,False,True,667479909671/1000000,667479909671/1000000,27003,27003,0.0045159608125686646,0.004690561443567276
commit,commit_guarded,CP-AU-r000:q003:d16,CP-AU-r000,64,west-west,E,certified_reference,0.0,0,False,False,True,667479909671/1000000,667479909671/1000000,27003,27003,0.0045159608125686646,0.004690561443567276
commit,commit_raw,CP-AU-r000:q003:d16,CP-AU-r000,64,west-west,J,existing_frozen,0.0,0,False,False,True,66736323123/100000,66736323123/100000,55359,32492,0.024994444102048874,0.005441069602966309
commit,commit_guarded,CP-AU-r000:q003:d16,CP-AU-r000,64,west-west,J,existing_frozen,0.0,0,False,False,True,66736323123/100000,66736323123/100000,55359,32492,0.024994444102048874,0.005441069602966309
commit,commit_raw,CP-AU-r000:q003:d16,CP-AU-r000,64,west-west,J,certified_reference,0.0,0,False,False,True,66736323123/100000,66736323123/100000,32493,32492,0.0052835531532764435,0.005441069602966309
commit,commit_guarded,CP-AU-r000:q003:d16,CP-AU-r000,64,west-west,J,certified_reference,0.0,0,False,False,True,66736323123/100000,66736323123/100000,32493,32492,0.0052835531532764435,0.005441069602966309
commit,commit_raw,CP-AU-r000:q003:d16,CP-AU-r000,64,west-west,W,existing_frozen,0.0,0,False,False,True,166854446053/250000,166854446053/250000,49759,27013,0.02457207441329956,0.004956074059009552
commit,commit_guarded,CP-AU-r000:q003:d16,CP-AU-r000,64,west-west,W,existing_frozen,0.0,0,False,False,True,166854446053/250000,166854446053/250000,49759,27013,0.02457207441329956,0.004956074059009552
commit,commit_raw,CP-AU-r000:q003:d16,CP-AU-r000,64,west-west,W,certified_reference,0.0,0,False,False,True,166854446053/250000,166854446053/250000,27014,27013,0.004845894873142242,0.004956074059009552
commit,commit_guarded,CP-AU-r000:q003:d16,CP-AU-r000,64,west-west,W,certified_reference,0.0,0,False,False,True,166854446053/250000,166854446053/250000,27014,27013,0.004845894873142242,0.004956074059009552
commit,commit_raw,CP-AU-r000:q003:d32,CP-AU-r000,128,west-west,A,existing_frozen,0.0,0,False,False,True,166955052561/250000,166955052561/250000,101757,23867,0.06692766025662422,0.008040890097618103
commit,commit_guarded,CP-AU-r000:q003:d32,CP-AU-r000,128,west-west,A,existing_frozen,0.0,0,False,False,True,166955052561/250000,166955052561/250000,101757,23867,0.06692766025662422,0.008040890097618103
commit,commit_raw,CP-AU-r000:q003:d32,CP-AU-r000,128,west-west,A,certified_reference,0.0,0,False,False,True,166955052561/250000,166955052561/250000,23867,23867,0.007735460996627808,0.008040890097618103
commit,commit_guarded,CP-AU-r000:q003:d32,CP-AU-r000,128,west-west,A,certified_reference,0.0,0,False,False,True,166955052561/250000,166955052561/250000,23867,23867,0.007735460996627808,0.008040890097618103
commit,commit_raw,CP-AU-r000:q003:d32,CP-AU-r000,128,west-west,E,existing_frozen,0.0,0,False,False,True,667602158621/1000000,667602158621/1000000,106015,29980,0.06515433639287949,0.00953848659992218
commit,commit_guarded,CP-AU-r000:q003:d32,CP-AU-r000,128,west-west,E,existing_frozen,0.0,0,False,False,True,667602158621/1000000,667602158621/1000000,106015,29980,0.06515433639287949,0.00953848659992218
commit,commit_raw,CP-AU-r000:q003:d32,CP-AU-r000,128,west-west,E,certified_reference,0.0,0,False,False,True,667602158621/1000000,667602158621/1000000,29980,29980,0.009357783943414688,0.00953848659992218
commit,commit_guarded,CP-AU-r000:q003:d32,CP-AU-r000,128,west-west,E,certified_reference,0.0,0,False,False,True,667602158621/1000000,667602158621/1000000,29980,29980,0.009357783943414688,0.00953848659992218
commit,commit_raw,CP-AU-r000:q003:d32,CP-AU-r000,128,west-west,J,existing_frozen,0.0,0,False,False,True,666748146143/1000000,666748146143/1000000,112262,35871,0.06793699413537979,0.011087298393249512
commit,commit_guarded,CP-AU-r000:q003:d32,CP-AU-r000,128,west-west,J,existing_frozen,0.0,0,False,False,True,5338862799/8000,5338862799/8000,112262,35871,0.06793699413537979,0.011087298393249512
commit,commit_raw,CP-AU-r000:q003:d32,CP-AU-r000,128,west-west,J,certified_reference,0.0,0,False,False,True,666748146143/1000000,666748146143/1000000,35871,35871,0.01068144291639328,0.011087298393249512
commit,commit_guarded,CP-AU-r000:q003:d32,CP-AU-r000,128,west-west,J,certified_reference,0.0,0,False,False,True,5338862799/8000,5338862799/8000,35871,35871,0.01068144291639328,0.011087298393249512
commit,commit_raw,CP-AU-r000:q003:d32,CP-AU-r000,128,west-west,W,existing_frozen,0.0,0,False,False,True,333666901201/500000,333666901201/500000,109087,29784,0.06937931478023529,0.009594768285751343
commit,commit_guarded,CP-AU-r000:q003:d32,CP-AU-r000,128,west-west,W,existing_frozen,0.0,0,False,False,True,5338862799/8000,5338862799/8000,109087,29784,0.06937931478023529,0.009594768285751343
commit,commit_raw,CP-AU-r000:q003:d32,CP-AU-r000,128,west-west,W,certified_reference,0.0,0,False,False,True,333666901201/500000,333666901201/500000,29784,29784,0.009455256164073944,0.009594768285751343
commit,commit_guarded,CP-AU-r000:q003:d32,CP-AU-r000,128,west-west,W,certified_reference,0.0,0,False,False,True,5338862799/8000,5338862799/8000,29784,29784,0.009455256164073944,0.009594768285751343
commit,commit_raw,CP-AU-r000:q004:d08,CP-AU-r000,16,east-east,A,existing_frozen,0.0,0,False,False,True,333684937933/500000,333684937933/500000,22407,19846,0.004854366183280945,0.001666571944952011
commit,commit_guarded,CP-AU-r000:q004:d08,CP-AU-r000,16,east-east,A,existing_frozen,0.0,0,False,False,True,333684937933/500000,333684937933/500000,22407,19846,0.004854366183280945,0.001666571944952011
commit,commit_raw,CP-AU-r000:q004:d08,CP-AU-r000,16,east-east,A,certified_reference,0.0,0,False,False,True,333684937933/500000,333684937933/500000,19847,19846,0.0015329979360103607,0.001666571944952011
commit,commit_guarded,CP-AU-r000:q004:d08,CP-AU-r000,16,east-east,A,certified_reference,0.0,0,False,False,True,333684937933/500000,333684937933/500000,19847,19846,0.0015329979360103607,0.001666571944952011
commit,commit_raw,CP-AU-r000:q004:d08,CP-AU-r000,16,east-east,E,existing_frozen,0.0,0,False,False,True,333684937933/500000,333684937933/500000,27874,25206,0.005199100822210312,0.0019443929195404053
commit,commit_guarded,CP-AU-r000:q004:d08,CP-AU-r000,16,east-east,E,existing_frozen,0.0,0,False,False,True,333684937933/500000,333684937933/500000,27874,25206,0.005199100822210312,0.0019443929195404053
commit,commit_raw,CP-AU-r000:q004:d08,CP-AU-r000,16,east-east,E,certified_reference,0.0,0,False,False,True,333684937933/500000,333684937933/500000,25207,25206,0.0017709583044052124,0.0019443929195404053
commit,commit_guarded,CP-AU-r000:q004:d08,CP-AU-r000,16,east-east,E,certified_reference,0.0,0,False,False,True,333684937933/500000,333684937933/500000,25207,25206,0.0017709583044052124,0.0019443929195404053
commit,commit_raw,CP-AU-r000:q004:d08,CP-AU-r000,16,east-east,J,existing_frozen,0.0,0,False,False,True,333684937933/500000,333684937933/500000,32950,30263,0.005293559283018112,0.0020358264446258545
commit,commit_guarded,CP-AU-r000:q004:d08,CP-AU-r000,16,east-east,J,existing_frozen,0.0,0,False,False,True,333684937933/500000,333684937933/500000,32950,30263,0.005293559283018112,0.0020358264446258545
commit,commit_raw,CP-AU-r000:q004:d08,CP-AU-r000,16,east-east,J,certified_reference,0.0,0,False,False,True,333684937933/500000,333684937933/500000,30264,30263,0.0018902197480201721,0.0020358264446258545
commit,commit_guarded,CP-AU-r000:q004:d08,CP-AU-r000,16,east-east,J,certified_reference,0.0,0,False,False,True,333684937933/500000,333684937933/500000,30264,30263,0.0018902197480201721,0.0020358264446258545
commit,commit_raw,CP-AU-r000:q004:d08,CP-AU-r000,16,east-east,W,existing_frozen,0.0,0,False,False,True,333684937933/500000,333684937933/500000,27483,24903,0.005079690366983414,0.0018464401364326477
commit,commit_guarded,CP-AU-r000:q004:d08,CP-AU-r000,16,east-east,W,existing_frozen,0.0,0,False,False,True,333684937933/500000,333684937933/500000,27483,24903,0.005079690366983414,0.0018464401364326477
commit,commit_raw,CP-AU-r000:q004:d08,CP-AU-r000,16,east-east,W,certified_reference,0.0,0,False,False,True,333684937933/500000,333684937933/500000,24904,24903,0.001718178391456604,0.0018464401364326477
commit,commit_guarded,CP-AU-r000:q004:d08,CP-AU-r000,16,east-east,W,certified_reference,0.0,0,False,False,True,333684937933/500000,333684937933/500000,24904,24903,0.001718178391456604,0.0018464401364326477
commit,commit_raw,CP-AU-r000:q004:d16,CP-AU-r000,64,east-east,A,existing_frozen,0.0,0,False,False,True,667337760371/1000000,667337760371/1000000,44348,21553,0.023746110498905182,0.0044932253658771515
commit,commit_guarded,CP-AU-r000:q004:d16,CP-AU-r000,64,east-east,A,existing_frozen,0.0,0,False,False,True,5338862799/8000,5338862799/8000,44348,21553,0.023746110498905182,0.0044932253658771515
commit,commit_raw,CP-AU-r000:q004:d16,CP-AU-r000,64,east-east,A,certified_reference,0.0,0,False,False,True,667337760371/1000000,667337760371/1000000,21553,21553,0.004208751022815704,0.0044932253658771515
commit,commit_guarded,CP-AU-r000:q004:d16,CP-AU-r000,64,east-east,A,certified_reference,0.0,0,False,False,True,5338862799/8000,5338862799/8000,21553,21553,0.004208751022815704,0.0044932253658771515
commit,commit_raw,CP-AU-r000:q004:d16,CP-AU-r000,64,east-east,E,existing_frozen,0.0,0,False,False,True,333643727241/500000,333643727241/500000,50502,27218,0.025210406631231308,0.0053781308233737946
commit,commit_guarded,CP-AU-r000:q004:d16,CP-AU-r000,64,east-east,E,existing_frozen,0.0,0,False,False,True,5338862799/8000,5338862799/8000,50502,27218,0.025210406631231308,0.0053781308233737946
commit,commit_raw,CP-AU-r000:q004:d16,CP-AU-r000,64,east-east,E,certified_reference,0.0,0,False,False,True,333643727241/500000,333643727241/500000,27218,27218,0.0051418207585811615,0.0053781308233737946
commit,commit_guarded,CP-AU-r000:q004:d16,CP-AU-r000,64,east-east,E,certified_reference,0.0,0,False,False,True,5338862799/8000,5338862799/8000,27218,27218,0.0051418207585811615,0.0053781308233737946
commit,commit_raw,CP-AU-r000:q004:d16,CP-AU-r000,64,east-east,J,existing_frozen,0.0,0,False,False,True,41704554031/62500,41704554031/62500,55775,32602,0.025756224989891052,0.005894593894481659
commit,commit_guarded,CP-AU-r000:q004:d16,CP-AU-r000,64,east-east,J,existing_frozen,0.0,0,False,False,True,5338862799/8000,5338862799/8000,55775,32602,0.025756224989891052,0.005894593894481659
commit,commit_raw,CP-AU-r000:q004:d16,CP-AU-r000,64,east-east,J,certified_reference,0.0,0,False,False,True,41704554031/62500,41704554031/62500,32603,32602,0.0056837983429431915,0.005894593894481659
commit,commit_guarded,CP-AU-r000:q004:d16,CP-AU-r000,64,east-east,J,certified_reference,0.0,0,False,False,True,5338862799/8000,5338862799/8000,32603,32602,0.0056837983429431915,0.005894593894481659
commit,commit_raw,CP-AU-r000:q004:d16,CP-AU-r000,64,east-east,W,existing_frozen,0.0,0,False,False,True,333718199843/500000,333718199843/500000,50367,26903,0.02567233517765999,0.005453445017337799
commit,commit_guarded,CP-AU-r000:q004:d16,CP-AU-r000,64,east-east,W,existing_frozen,0.0,0,False,False,True,333718199843/500000,333718199843/500000,50367,26903,0.02567233517765999,0.005453445017337799
commit,commit_raw,CP-AU-r000:q004:d16,CP-AU-r000,64,east-east,W,certified_reference,0.0,0,False,False,True,333718199843/500000,333718199843/500000,26903,26903,0.005389578640460968,0.005453445017337799
commit,commit_guarded,CP-AU-r000:q004:d16,CP-AU-r000,64,east-east,W,certified_reference,0.0,0,False,False,True,333718199843/500000,333718199843/500000,26903,26903,0.005389578640460968,0.005453445017337799
commit,commit_raw,CP-AU-r000:q004:d32,CP-AU-r000,128,east-east,A,existing_frozen,0.0,0,False,False,True,66782178187/100000,66782178187/100000,104844,23930,0.0681081973016262,0.007956154644489288
commit,commit_guarded,CP-AU-r000:q004:d32,CP-AU-r000,128,east-east,A,existing_frozen,0.0,0,False,False,True,66782178187/100000,66782178187/100000,104844,23930,0.0681081973016262,0.007956154644489288
commit,commit_raw,CP-AU-r000:q004:d32,CP-AU-r000,128,east-east,A,certified_reference,0.0,0,False,False,True,66782178187/100000,66782178187/100000,23930,23930,0.007799066603183746,0.007956154644489288
commit,commit_guarded,CP-AU-r000:q004:d32,CP-AU-r000,128,east-east,A,certified_reference,0.0,0,False,False,True,66782178187/100000,66782178187/100000,23930,23930,0.007799066603183746,0.007956154644489288
commit,commit_raw,CP-AU-r000:q004:d32,CP-AU-r000,128,east-east,E,existing_frozen,0.0,0,False,False,True,166856520793/250000,166856520793/250000,108537,30011,0.068240225315094,0.009479779750108719
commit,commit_guarded,CP-AU-r000:q004:d32,CP-AU-r000,128,east-east,E,existing_frozen,0.0,0,False,False,True,166856520793/250000,166856520793/250000,108537,30011,0.068240225315094,0.009479779750108719
commit,commit_raw,CP-AU-r000:q004:d32,CP-AU-r000,128,east-east,E,certified_reference,0.0,0,False,False,True,166856520793/250000,166856520793/250000,30011,30011,0.009167876094579697,0.009479779750108719
commit,commit_guarded,CP-AU-r000:q004:d32,CP-AU-r000,128,east-east,E,certified_reference,0.0,0,False,False,True,166856520793/250000,166856520793/250000,30011,30011,0.009167876094579697,0.009479779750108719
commit,commit_raw,CP-AU-r000:q004:d32,CP-AU-r000,128,east-east,J,existing_frozen,0.0,0,False,False,True,166717494421/250000,166717494421/250000,113584,35979,0.06779405474662781,0.01152176782488823
commit,commit_guarded,CP-AU-r000:q004:d32,CP-AU-r000,128,east-east,J,existing_frozen,0.0,0,False,False,True,5338862799/8000,5338862799/8000,113584,35979,0.06779405474662781,0.01152176782488823
commit,commit_raw,CP-AU-r000:q004:d32,CP-AU-r000,128,east-east,J,certified_reference,0.0,0,False,False,True,166717494421/250000,166717494421/250000,35979,35979,0.010817304253578186,0.01152176782488823
commit,commit_guarded,CP-AU-r000:q004:d32,CP-AU-r000,128,east-east,J,certified_reference,0.0,0,False,False,True,5338862799/8000,5338862799/8000,35979,35979,0.010817304253578186,0.01152176782488823
commit,commit_raw,CP-AU-r000:q004:d32,CP-AU-r000,128,east-east,W,existing_frozen,0.0,0,False,False,True,667754252753/1000000,667754252753/1000000,112382,29932,0.07312320917844772,0.010099131613969803
commit,commit_guarded,CP-AU-r000:q004:d32,CP-AU-r000,128,east-east,W,existing_frozen,0.0,0,False,False,True,667754252753/1000000,667754252753/1000000,112382,29932,0.07312320917844772,0.010099131613969803
commit,commit_raw,CP-AU-r000:q004:d32,CP-AU-r000,128,east-east,W,certified_reference,0.0,0,False,False,True,667754252753/1000000,667754252753/1000000,29932,29932,0.009783875197172165,0.010099131613969803
commit,commit_guarded,CP-AU-r000:q004:d32,CP-AU-r000,128,east-east,W,certified_reference,0.0,0,False,False,True,667754252753/1000000,667754252753/1000000,29932,29932,0.009783875197172165,0.010099131613969803
commit,commit_raw,CP-AU-r000:q005:d08,CP-AU-r000,16,east-east,A,existing_frozen,0.0,0,False,False,True,133514435003/200000,133514435003/200000,22304,19785,0.00472886860370636,0.0016099624335765839
commit,commit_guarded,CP-AU-r000:q005:d08,CP-AU-r000,16,east-east,A,existing_frozen,0.0,0,False,False,True,133514435003/200000,133514435003/200000,22304,19785,0.00472886860370636,0.0016099624335765839
commit,commit_raw,CP-AU-r000:q005:d08,CP-AU-r000,16,east-east,A,certified_reference,0.0,0,False,False,True,133514435003/200000,133514435003/200000,19786,19785,0.0014806948602199554,0.0016099624335765839
commit,commit_guarded,CP-AU-r000:q005:d08,CP-AU-r000,16,east-east,A,certified_reference,0.0,0,False,False,True,133514435003/200000,133514435003/200000,19786,19785,0.0014806948602199554,0.0016099624335765839
commit,commit_raw,CP-AU-r000:q005:d08,CP-AU-r000,16,east-east,E,existing_frozen,0.0,0,False,False,True,5338862799/8000,5338862799/8000,27770,25103,0.005132980644702911,0.0018099881708621979
commit,commit_guarded,CP-AU-r000:q005:d08,CP-AU-r000,16,east-east,E,existing_frozen,0.0,0,False,False,True,5338862799/8000,5338862799/8000,27770,25103,0.005132980644702911,0.0018099881708621979
commit,commit_raw,CP-AU-r000:q005:d08,CP-AU-r000,16,east-east,E,certified_reference,0.0,0,False,False,True,5338862799/8000,5338862799/8000,25104,25103,0.0016968399286270142,0.0018099881708621979
commit,commit_guarded,CP-AU-r000:q005:d08,CP-AU-r000,16,east-east,E,certified_reference,0.0,0,False,False,True,5338862799/8000,5338862799/8000,25104,25103,0.0016968399286270142,0.0018099881708621979
commit,commit_raw,CP-AU-r000:q005:d08,CP-AU-r000,16,east-east,J,existing_frozen,0.0,0,False,False,True,5338862799/8000,5338862799/8000,32852,30162,0.005233652889728546,0.0018935762345790863
commit,commit_guarded,CP-AU-r000:q005:d08,CP-AU-r000,16,east-east,J,existing_frozen,0.0,0,False,False,True,5338862799/8000,5338862799/8000,32852,30162,0.005233652889728546,0.0018935762345790863
commit,commit_raw,CP-AU-r000:q005:d08,CP-AU-r000,16,east-east,J,certified_reference,0.0,0,False,False,True,5338862799/8000,5338862799/8000,30163,30162,0.0017909817397594452,0.0018935762345790863
commit,commit_guarded,CP-AU-r000:q005:d08,CP-AU-r000,16,east-east,J,certified_reference,0.0,0,False,False,True,5338862799/8000,5338862799/8000,30163,30162,0.0017909817397594452,0.0018935762345790863
commit,commit_raw,CP-AU-r000:q005:d08,CP-AU-r000,16,east-east,W,existing_frozen,0.0,0,False,False,True,133514435003/200000,133514435003/200000,27386,24844,0.0049326419830322266,0.0017638206481933594
commit,commit_guarded,CP-AU-r000:q005:d08,CP-AU-r000,16,east-east,W,existing_frozen,0.0,0,False,False,True,133514435003/200000,133514435003/200000,27386,24844,0.0049326419830322266,0.0017638206481933594
commit,commit_raw,CP-AU-r000:q005:d08,CP-AU-r000,16,east-east,W,certified_reference,0.0,0,False,False,True,133514435003/200000,133514435003/200000,24845,24844,0.0016680359840393066,0.0017638206481933594
commit,commit_guarded,CP-AU-r000:q005:d08,CP-AU-r000,16,east-east,W,certified_reference,0.0,0,False,False,True,133514435003/200000,133514435003/200000,24845,24844,0.0016680359840393066,0.0017638206481933594
commit,commit_raw,CP-AU-r000:q005:d16,CP-AU-r000,64,east-east,A,existing_frozen,0.0,0,False,False,True,667527435087/1000000,667527435087/1000000,44143,21467,0.023738645017147064,0.0047823525965213776
commit,commit_guarded,CP-AU-r000:q005:d16,CP-AU-r000,64,east-east,A,existing_frozen,0.0,0,False,False,True,667527435087/1000000,667527435087/1000000,44143,21467,0.023738645017147064,0.0047823525965213776
commit,commit_raw,CP-AU-r000:q005:d16,CP-AU-r000,64,east-east,A,certified_reference,0.0,0,False,False,True,667527435087/1000000,667527435087/1000000,21467,21467,0.004300102591514587,0.0047823525965213776
commit,commit_guarded,CP-AU-r000:q005:d16,CP-AU-r000,64,east-east,A,certified_reference,0.0,0,False,False,True,667527435087/1000000,667527435087/1000000,21467,21467,0.004300102591514587,0.0047823525965213776
commit,commit_raw,CP-AU-r000:q005:d16,CP-AU-r000,64,east-east,E,existing_frozen,0.0,0,False,False,True,333643727241/500000,333643727241/500000,50045,27067,0.024688906967639923,0.004975322633981705
commit,commit_guarded,CP-AU-r000:q005:d16,CP-AU-r000,64,east-east,E,existing_frozen,0.0,0,False,False,True,5338862799/8000,5338862799/8000,50045,27067,0.024688906967639923,0.004975322633981705
commit,commit_raw,CP-AU-r000:q005:d16,CP-AU-r000,64,east-east,E,certified_reference,0.0,0,False,False,True,333643727241/500000,333643727241/500000,27067,27067,0.004725798964500427,0.004975322633981705
commit,commit_guarded,CP-AU-r000:q005:d16,CP-AU-r000,64,east-east,E,certified_reference,0.0,0,False,False,True,5338862799/8000,5338862799/8000,27067,27067,0.004725798964500427,0.004975322633981705
commit,commit_raw,CP-AU-r000:q005:d16,CP-AU-r000,64,east-east,J,existing_frozen,0.0,0,False,False,True,41704554031/62500,41704554031/62500,55432,32363,0.025100775063037872,0.005242485553026199
commit,commit_guarded,CP-AU-r000:q005:d16,CP-AU-r000,64,east-east,J,existing_frozen,0.0,0,False,False,True,5338862799/8000,5338862799/8000,55432,32363,0.025100775063037872,0.005242485553026199
commit,commit_raw,CP-AU-r000:q005:d16,CP-AU-r000,64,east-east,J,certified_reference,0.0,0,False,False,True,41704554031/62500,41704554031/62500,32364,32363,0.00513758510351181,0.005242485553026199
commit,commit_guarded,CP-AU-r000:q005:d16,CP-AU-r000,64,east-east,J,certified_reference,0.0,0,False,False,True,5338862799/8000,5338862799/8000,32364,32363,0.00513758510351181,0.005242485553026199
commit,commit_raw,CP-AU-r000:q005:d16,CP-AU-r000,64,east-east,W,existing_frozen,0.0,0,False,False,True,333813037201/500000,333813037201/500000,49944,26729,0.024616006761789322,0.00470321998000145
commit,commit_guarded,CP-AU-r000:q005:d16,CP-AU-r000,64,east-east,W,existing_frozen,0.0,0,False,False,True,333813037201/500000,333813037201/500000,49944,26729,0.024616006761789322,0.00470321998000145
commit,commit_raw,CP-AU-r000:q005:d16,CP-AU-r000,64,east-east,W,certified_reference,0.0,0,False,False,True,333813037201/500000,333813037201/500000,26729,26729,0.004469834268093109,0.00470321998000145
commit,commit_guarded,CP-AU-r000:q005:d16,CP-AU-r000,64,east-east,W,certified_reference,0.0,0,False,False,True,333813037201/500000,333813037201/500000,26729,26729,0.004469834268093109,0.00470321998000145
commit,commit_raw,CP-AU-r000:q005:d32,CP-AU-r000,128,east-east,A,existing_frozen,0.0,0,False,False,True,66782178187/100000,66782178187/100000,104844,23930,0.06817632168531418,0.007909171283245087
commit,commit_guarded,CP-AU-r000:q005:d32,CP-AU-r000,128,east-east,A,existing_frozen,0.0,0,False,False,True,66782178187/100000,66782178187/100000,104844,23930,0.06817632168531418,0.007909171283245087
commit,commit_raw,CP-AU-r000:q005:d32,CP-AU-r000,128,east-east,A,certified_reference,0.0,0,False,False,True,66782178187/100000,66782178187/100000,23930,23930,0.007689181715250015,0.007909171283245087
commit,commit_guarded,CP-AU-r000:q005:d32,CP-AU-r000,128,east-east,A,certified_reference,0.0,0,False,False,True,66782178187/100000,66782178187/100000,23930,23930,0.007689181715250015,0.007909171283245087
commit,commit_raw,CP-AU-r000:q005:d32,CP-AU-r000,128,east-east,E,existing_frozen,0.0,0,False,False,True,166856520793/250000,166856520793/250000,108537,30011,0.06796856224536896,0.009438328444957733
commit,commit_guarded,CP-AU-r000:q005:d32,CP-AU-r000,128,east-east,E,existing_frozen,0.0,0,False,False,True,166856520793/250000,166856520793/250000,108537,30011,0.06796856224536896,0.009438328444957733
commit,commit_raw,CP-AU-r000:q005:d32,CP-AU-r000,128,east-east,E,certified_reference,0.0,0,False,False,True,166856520793/250000,166856520793/250000,30011,30011,0.00919739156961441,0.009438328444957733
commit,commit_guarded,CP-AU-r000:q005:d32,CP-AU-r000,128,east-east,E,certified_reference,0.0,0,False,False,True,166856520793/250000,166856520793/250000,30011,30011,0.00919739156961441,0.009438328444957733
commit,commit_raw,CP-AU-r000:q005:d32,CP-AU-r000,128,east-east,J,existing_frozen,0.0,0,False,False,True,166717494421/250000,166717494421/250000,113584,35979,0.06811761856079102,0.011604569852352142
commit,commit_guarded,CP-AU-r000:q005:d32,CP-AU-r000,128,east-east,J,existing_frozen,0.0,0,False,False,True,5338862799/8000,5338862799/8000,113584,35979,0.06811761856079102,0.011604569852352142
commit,commit_raw,CP-AU-r000:q005:d32,CP-AU-r000,128,east-east,J,certified_reference,0.0,0,False,False,True,166717494421/250000,166717494421/250000,35979,35979,0.010907568037509918,0.011604569852352142
commit,commit_guarded,CP-AU-r000:q005:d32,CP-AU-r000,128,east-east,J,certified_reference,0.0,0,False,False,True,5338862799/8000,5338862799/8000,35979,35979,0.010907568037509918,0.011604569852352142
commit,commit_raw,CP-AU-r000:q005:d32,CP-AU-r000,128,east-east,W,existing_frozen,0.0,0,False,False,True,667754252753/1000000,667754252753/1000000,112382,29932,0.07235200330615044,0.010017454624176025
commit,commit_guarded,CP-AU-r000:q005:d32,CP-AU-r000,128,east-east,W,existing_frozen,0.0,0,False,False,True,667754252753/1000000,667754252753/1000000,112382,29932,0.07235200330615044,0.010017454624176025
commit,commit_raw,CP-AU-r000:q005:d32,CP-AU-r000,128,east-east,W,certified_reference,0.0,0,False,False,True,667754252753/1000000,667754252753/1000000,29932,29932,0.009798992425203323,0.010017454624176025
commit,commit_guarded,CP-AU-r000:q005:d32,CP-AU-r000,128,east-east,W,certified_reference,0.0,0,False,False,True,667754252753/1000000,667754252753/1000000,29932,29932,0.009798992425203323,0.010017454624176025
commit,commit_raw,CP-AU-r000:q006:d08,CP-AU-r000,16,west-west,A,existing_frozen,0.0,0,False,False,True,667388552003/1000000,667388552003/1000000,22255,19795,0.0046803392469882965,0.0015874803066253662
commit,commit_guarded,CP-AU-r000:q006:d08,CP-AU-r000,16,west-west,A,existing_frozen,0.0,0,False,False,True,667388552003/1000000,667388552003/1000000,22255,19795,0.0046803392469882965,0.0015874803066253662
commit,commit_raw,CP-AU-r000:q006:d08,CP-AU-r000,16,west-west,A,certified_reference,0.0,0,False,False,True,667388552003/1000000,667388552003/1000000,19796,19795,0.0014748498797416687,0.0015874803066253662
commit,commit_guarded,CP-AU-r000:q006:d08,CP-AU-r000,16,west-west,A,certified_reference,0.0,0,False,False,True,667388552003/1000000,667388552003/1000000,19796,19795,0.0014748498797416687,0.0015874803066253662
commit,commit_raw,CP-AU-r000:q006:d08,CP-AU-r000,16,west-west,E,existing_frozen,0.0,0,False,False,True,667388552003/1000000,667388552003/1000000,27566,25046,0.0052017755806446075,0.0019035041332244873
commit,commit_guarded,CP-AU-r000:q006:d08,CP-AU-r000,16,west-west,E,existing_frozen,0.0,0,False,False,True,667388552003/1000000,667388552003/1000000,27566,25046,0.0052017755806446075,0.0019035041332244873
commit,commit_raw,CP-AU-r000:q006:d08,CP-AU-r000,16,west-west,E,certified_reference,0.0,0,False,False,True,667388552003/1000000,667388552003/1000000,25047,25046,0.0017190910875797272,0.0019035041332244873
commit,commit_guarded,CP-AU-r000:q006:d08,CP-AU-r000,16,west-west,E,certified_reference,0.0,0,False,False,True,667388552003/1000000,667388552003/1000000,25047,25046,0.0017190910875797272,0.0019035041332244873
commit,commit_raw,CP-AU-r000:q006:d08,CP-AU-r000,16,west-west,J,existing_frozen,0.0,0,False,False,True,667388552003/1000000,667388552003/1000000,32929,30216,0.0050696805119514465,0.0019999444484710693
commit,commit_guarded,CP-AU-r000:q006:d08,CP-AU-r000,16,west-west,J,existing_frozen,0.0,0,False,False,True,667388552003/1000000,667388552003/1000000,32929,30216,0.0050696805119514465,0.0019999444484710693
commit,commit_raw,CP-AU-r000:q006:d08,CP-AU-r000,16,west-west,J,certified_reference,0.0,0,False,False,True,667388552003/1000000,667388552003/1000000,30217,30216,0.0018409490585327148,0.0019999444484710693
commit,commit_guarded,CP-AU-r000:q006:d08,CP-AU-r000,16,west-west,J,certified_reference,0.0,0,False,False,True,667388552003/1000000,667388552003/1000000,30217,30216,0.0018409490585327148,0.0019999444484710693
commit,commit_raw,CP-AU-r000:q006:d08,CP-AU-r000,16,west-west,W,existing_frozen,0.0,0,False,False,True,667388552003/1000000,667388552003/1000000,27618,24965,0.005165155977010727,0.0018434450030326843
commit,commit_guarded,CP-AU-r000:q006:d08,CP-AU-r000,16,west-west,W,existing_frozen,0.0,0,False,False,True,667388552003/1000000,667388552003/1000000,27618,24965,0.005165155977010727,0.0018434450030326843
commit,commit_raw,CP-AU-r000:q006:d08,CP-AU-r000,16,west-west,W,certified_reference,0.0,0,False,False,True,667388552003/1000000,667388552003/1000000,24966,24965,0.0017416104674339294,0.0018434450030326843
commit,commit_guarded,CP-AU-r000:q006:d08,CP-AU-r000,16,west-west,W,certified_reference,0.0,0,False,False,True,667388552003/1000000,667388552003/1000000,24966,24965,0.0017416104674339294,0.0018434450030326843
commit,commit_raw,CP-AU-r000:q006:d16,CP-AU-r000,64,west-west,A,existing_frozen,101.379822,50689911/500000,True,False,False,133488100873/200000,667541884187/1000000,43678,21557,0.022783931344747543,0.004237260669469833
commit,commit_guarded,CP-AU-r000:q006:d16,CP-AU-r000,64,west-west,A,existing_frozen,101.379822,50689911/500000,True,False,False,133488100873/200000,667541884187/1000000,43678,21557,0.022783931344747543,0.004237260669469833
commit,commit_raw,CP-AU-r000:q006:d16,CP-AU-r000,64,west-west,A,certified_reference,0.0,0,False,False,True,133488100873/200000,133488100873/200000,21557,21557,0.004062328487634659,0.004237260669469833
commit,commit_guarded,CP-AU-r000:q006:d16,CP-AU-r000,64,west-west,A,certified_reference,0.0,0,False,False,True,133488100873/200000,133488100873/200000,21557,21557,0.004062328487634659,0.004237260669469833
commit,commit_raw,CP-AU-r000:q006:d16,CP-AU-r000,64,west-west,E,existing_frozen,108.89982,5444991/50000,True,False,False,667384564799/1000000,667493464619/1000000,49800,27036,0.02407434955239296,0.004727177321910858
commit,commit_guarded,CP-AU-r000:q006:d16,CP-AU-r000,64,west-west,E,existing_frozen,108.89982,5444991/50000,True,False,False,667384564799/1000000,667493464619/1000000,49800,27036,0.02407434955239296,0.004727177321910858
commit,commit_raw,CP-AU-r000:q006:d16,CP-AU-r000,64,west-west,E,certified_reference,0.0,0,False,False,True,667384564799/1000000,667384564799/1000000,27036,27036,0.004586182534694672,0.004727177321910858
commit,commit_guarded,CP-AU-r000:q006:d16,CP-AU-r000,64,west-west,E,certified_reference,0.0,0,False,False,True,667384564799/1000000,667384564799/1000000,27036,27036,0.004586182534694672,0.004727177321910858
commit,commit_raw,CP-AU-r000:q006:d16,CP-AU-r000,64,west-west,J,existing_frozen,645.003704,80625463/125000,True,False,False,333359113763/500000,66736323123/100000,55511,32578,0.024876222014427185,0.0055430494248867035
commit,commit_guarded,CP-AU-r000:q006:d16,CP-AU-r000,64,west-west,J,existing_frozen,5.381355,1076271/200000,True,False,False,5338862799/8000,66736323123/100000,55511,32578,0.024876222014427185,0.0055430494248867035
commit,commit_raw,CP-AU-r000:q006:d16,CP-AU-r000,64,west-west,J,certified_reference,645.003704,80625463/125000,True,False,False,333359113763/500000,66736323123/100000,32477,32578,0.005185414105653763,0.0055430494248867035
commit,commit_guarded,CP-AU-r000:q006:d16,CP-AU-r000,64,west-west,J,certified_reference,5.381355,1076271/200000,True,False,False,5338862799/8000,66736323123/100000,32477,32578,0.005185414105653763,0.0055430494248867035
commit,commit_raw,CP-AU-r000:q006:d16,CP-AU-r000,64,west-west,W,existing_frozen,148.875188,37218797/250000,True,False,False,83408786951/125000,166854792699/250000,49857,27119,0.02468123659491539,0.0051347725093364716
commit,commit_guarded,CP-AU-r000:q006:d16,CP-AU-r000,64,west-west,W,existing_frozen,61.320921,61320921/1000000,True,False,False,5338862799/8000,166854792699/250000,49857,27119,0.02468123659491539,0.0051347725093364716
commit,commit_raw,CP-AU-r000:q006:d16,CP-AU-r000,64,west-west,W,certified_reference,148.875188,37218797/250000,True,False,False,83408786951/125000,166854792699/250000,27000,27119,0.004796929657459259,0.0051347725093364716
commit,commit_guarded,CP-AU-r000:q006:d16,CP-AU-r000,64,west-west,W,certified_reference,61.320921,61320921/1000000,True,False,False,5338862799/8000,166854792699/250000,27000,27119,0.004796929657459259,0.0051347725093364716
commit,commit_raw,CP-AU-r000:q006:d32,CP-AU-r000,128,west-west,A,existing_frozen,99.113013,99113013/1000000,True,False,False,667755687427/1000000,16696370011/25000,102296,23916,0.06682726368308067,0.0080316923558712
commit,commit_guarded,CP-AU-r000:q006:d32,CP-AU-r000,128,west-west,A,existing_frozen,99.113013,99113013/1000000,True,False,False,667755687427/1000000,16696370011/25000,102296,23916,0.06682726368308067,0.0080316923558712
commit,commit_raw,CP-AU-r000:q006:d32,CP-AU-r000,128,west-west,A,certified_reference,0.0,0,False,False,True,667755687427/1000000,667755687427/1000000,23916,23916,0.007760196924209595,0.0080316923558712
commit,commit_guarded,CP-AU-r000:q006:d32,CP-AU-r000,128,west-west,A,certified_reference,0.0,0,False,False,True,667755687427/1000000,667755687427/1000000,23916,23916,0.007760196924209595,0.0080316923558712
commit,commit_raw,CP-AU-r000:q006:d32,CP-AU-r000,128,west-west,E,existing_frozen,104.21921,10421921/100000,True,False,False,667536956197/1000000,667641175407/1000000,107419,30092,0.06669561192393303,0.009857561439275742
commit,commit_guarded,CP-AU-r000:q006:d32,CP-AU-r000,128,west-west,E,existing_frozen,104.21921,10421921/100000,True,False,False,667536956197/1000000,667641175407/1000000,107419,30092,0.06669561192393303,0.009857561439275742
commit,commit_raw,CP-AU-r000:q006:d32,CP-AU-r000,128,west-west,E,certified_reference,0.0,0,False,False,True,667536956197/1000000,667536956197/1000000,30092,30092,0.00960814580321312,0.009857561439275742
commit,commit_guarded,CP-AU-r000:q006:d32,CP-AU-r000,128,west-west,E,certified_reference,0.0,0,False,False,True,667536956197/1000000,667536956197/1000000,30092,30092,0.00960814580321312,0.009857561439275742
commit,commit_raw,CP-AU-r000:q006:d32,CP-AU-r000,128,west-west,J,existing_frozen,143.632947,143632947/1000000,True,False,False,13335396897/20000,666913477797/1000000,113471,36010,0.2998346537351608,0.011263925582170486
commit,commit_guarded,CP-AU-r000:q006:d32,CP-AU-r000,128,west-west,J,existing_frozen,0.0,0,False,False,True,5338862799/8000,5338862799/8000,113471,36010,0.2998346537351608,0.011263925582170486
commit,commit_raw,CP-AU-r000:q006:d32,CP-AU-r000,128,west-west,J,certified_reference,0.0,0,False,False,True,13335396897/20000,13335396897/20000,36010,36010,0.010875754058361053,0.011263925582170486
commit,commit_guarded,CP-AU-r000:q006:d32,CP-AU-r000,128,west-west,J,certified_reference,0.0,0,False,False,True,5338862799/8000,5338862799/8000,36010,36010,0.010875754058361053,0.011263925582170486
commit,commit_raw,CP-AU-r000:q006:d32,CP-AU-r000,128,west-west,W,existing_frozen,176.044387,176044387/1000000,True,False,False,333831602437/500000,667839249261/1000000,109200,29864,0.06847167015075684,0.009941108524799347
commit,commit_guarded,CP-AU-r000:q006:d32,CP-AU-r000,128,west-west,W,existing_frozen,176.044387,176044387/1000000,True,False,False,333831602437/500000,667839249261/1000000,109200,29864,0.06847167015075684,0.009941108524799347
commit,commit_raw,CP-AU-r000:q006:d32,CP-AU-r000,128,west-west,W,certified_reference,0.0,0,False,False,True,333831602437/500000,333831602437/500000,29864,29864,0.00992509350180626,0.009941108524799347
commit,commit_guarded,CP-AU-r000:q006:d32,CP-AU-r000,128,west-west,W,certified_reference,0.0,0,False,False,True,333831602437/500000,333831602437/500000,29864,29864,0.00992509350180626,0.009941108524799347
commit,commit_raw,CP-AU-r000:q007:d08,CP-AU-r000,16,west-west,A,existing_frozen,0.0,0,False,False,True,667388552003/1000000,667388552003/1000000,22255,19795,0.004770670086145401,0.0016172751784324646
commit,commit_guarded,CP-AU-r000:q007:d08,CP-AU-r000,16,west-west,A,existing_frozen,0.0,0,False,False,True,667388552003/1000000,667388552003/1000000,22255,19795,0.004770670086145401,0.0016172751784324646
commit,commit_raw,CP-AU-r000:q007:d08,CP-AU-r000,16,west-west,A,certified_reference,0.0,0,False,False,True,667388552003/1000000,667388552003/1000000,19796,19795,0.0014752112329006195,0.0016172751784324646
commit,commit_guarded,CP-AU-r000:q007:d08,CP-AU-r000,16,west-west,A,certified_reference,0.0,0,False,False,True,667388552003/1000000,667388552003/1000000,19796,19795,0.0014752112329006195,0.0016172751784324646
commit,commit_raw,CP-AU-r000:q007:d08,CP-AU-r000,16,west-west,E,existing_frozen,0.0,0,False,False,True,667388552003/1000000,667388552003/1000000,27566,25046,0.005756109952926636,0.0025358274579048157
commit,commit_guarded,CP-AU-r000:q007:d08,CP-AU-r000,16,west-west,E,existing_frozen,0.0,0,False,False,True,667388552003/1000000,667388552003/1000000,27566,25046,0.005756109952926636,0.0025358274579048157
commit,commit_raw,CP-AU-r000:q007:d08,CP-AU-r000,16,west-west,E,certified_reference,0.0,0,False,False,True,667388552003/1000000,667388552003/1000000,25047,25046,0.0022780075669288635,0.0025358274579048157
commit,commit_guarded,CP-AU-r000:q007:d08,CP-AU-r000,16,west-west,E,certified_reference,0.0,0,False,False,True,667388552003/1000000,667388552003/1000000,25047,25046,0.0022780075669288635,0.0025358274579048157
commit,commit_raw,CP-AU-r000:q007:d08,CP-AU-r000,16,west-west,J,existing_frozen,0.0,0,False,False,True,667388552003/1000000,667388552003/1000000,32929,30216,0.005695980042219162,0.0027905628085136414
commit,commit_guarded,CP-AU-r000:q007:d08,CP-AU-r000,16,west-west,J,existing_frozen,0.0,0,False,False,True,667388552003/1000000,667388552003/1000000,32929,30216,0.005695980042219162,0.0027905628085136414
commit,commit_raw,CP-AU-r000:q007:d08,CP-AU-r000,16,west-west,J,certified_reference,0.0,0,False,False,True,667388552003/1000000,667388552003/1000000,30217,30216,0.002172023057937622,0.0027905628085136414
commit,commit_guarded,CP-AU-r000:q007:d08,CP-AU-r000,16,west-west,J,certified_reference,0.0,0,False,False,True,667388552003/1000000,667388552003/1000000,30217,30216,0.002172023057937622,0.0027905628085136414
commit,commit_raw,CP-AU-r000:q007:d08,CP-AU-r000,16,west-west,W,existing_frozen,0.0,0,False,False,True,667388552003/1000000,667388552003/1000000,27618,24965,0.005128540098667145,0.0019017420709133148
commit,commit_guarded,CP-AU-r000:q007:d08,CP-AU-r000,16,west-west,W,existing_frozen,0.0,0,False,False,True,667388552003/1000000,667388552003/1000000,27618,24965,0.005128540098667145,0.0019017420709133148
commit,commit_raw,CP-AU-r000:q007:d08,CP-AU-r000,16,west-west,W,certified_reference,0.0,0,False,False,True,667388552003/1000000,667388552003/1000000,24966,24965,0.0017419159412384033,0.0019017420709133148
commit,commit_guarded,CP-AU-r000:q007:d08,CP-AU-r000,16,west-west,W,certified_reference,0.0,0,False,False,True,667388552003/1000000,667388552003/1000000,24966,24965,0.0017419159412384033,0.0019017420709133148
commit,commit_raw,CP-AU-r000:q007:d16,CP-AU-r000,64,west-west,A,existing_frozen,101.379822,50689911/500000,True,False,False,133488100873/200000,667541884187/1000000,43678,21557,0.02323056384921074,0.004312608391046524
commit,commit_guarded,CP-AU-r000:q007:d16,CP-AU-r000,64,west-west,A,existing_frozen,101.379822,50689911/500000,True,False,False,133488100873/200000,667541884187/1000000,43678,21557,0.02323056384921074,0.004312608391046524
commit,commit_raw,CP-AU-r000:q007:d16,CP-AU-r000,64,west-west,A,certified_reference,0.0,0,False,False,True,133488100873/200000,133488100873/200000,21557,21557,0.004166875034570694,0.004312608391046524
commit,commit_guarded,CP-AU-r000:q007:d16,CP-AU-r000,64,west-west,A,certified_reference,0.0,0,False,False,True,133488100873/200000,133488100873/200000,21557,21557,0.004166875034570694,0.004312608391046524
commit,commit_raw,CP-AU-r000:q007:d16,CP-AU-r000,64,west-west,E,existing_frozen,108.89982,5444991/50000,True,False,False,667384564799/1000000,667493464619/1000000,49800,27036,0.024992242455482483,0.005067609250545502
commit,commit_guarded,CP-AU-r000:q007:d16,CP-AU-r000,64,west-west,E,existing_frozen,108.89982,5444991/50000,True,False,False,667384564799/1000000,667493464619/1000000,49800,27036,0.024992242455482483,0.005067609250545502
commit,commit_raw,CP-AU-r000:q007:d16,CP-AU-r000,64,west-west,E,certified_reference,0.0,0,False,False,True,667384564799/1000000,667384564799/1000000,27036,27036,0.005174711346626282,0.005067609250545502
commit,commit_guarded,CP-AU-r000:q007:d16,CP-AU-r000,64,west-west,E,certified_reference,0.0,0,False,False,True,667384564799/1000000,667384564799/1000000,27036,27036,0.005174711346626282,0.005067609250545502
commit,commit_raw,CP-AU-r000:q007:d16,CP-AU-r000,64,west-west,J,existing_frozen,645.003704,80625463/125000,True,False,False,333359113763/500000,66736323123/100000,55511,32578,0.026036955416202545,0.006337553262710571
commit,commit_guarded,CP-AU-r000:q007:d16,CP-AU-r000,64,west-west,J,existing_frozen,5.381355,1076271/200000,True,False,False,5338862799/8000,66736323123/100000,55511,32578,0.026036955416202545,0.006337553262710571
commit,commit_raw,CP-AU-r000:q007:d16,CP-AU-r000,64,west-west,J,certified_reference,645.003704,80625463/125000,True,False,False,333359113763/500000,66736323123/100000,32477,32578,0.005668208003044128,0.006337553262710571
commit,commit_guarded,CP-AU-r000:q007:d16,CP-AU-r000,64,west-west,J,certified_reference,5.381355,1076271/200000,True,False,False,5338862799/8000,66736323123/100000,32477,32578,0.005668208003044128,0.006337553262710571
commit,commit_raw,CP-AU-r000:q007:d16,CP-AU-r000,64,west-west,W,existing_frozen,148.875188,37218797/250000,True,False,False,83408786951/125000,166854792699/250000,49857,27119,0.024486251175403595,0.0050832293927669525
commit,commit_guarded,CP-AU-r000:q007:d16,CP-AU-r000,64,west-west,W,existing_frozen,61.320921,61320921/1000000,True,False,False,5338862799/8000,166854792699/250000,49857,27119,0.024486251175403595,0.0050832293927669525
commit,commit_raw,CP-AU-r000:q007:d16,CP-AU-r000,64,west-west,W,certified_reference,148.875188,37218797/250000,True,False,False,83408786951/125000,166854792699/250000,27000,27119,0.004792548716068268,0.0050832293927669525
commit,commit_guarded,CP-AU-r000:q007:d16,CP-AU-r000,64,west-west,W,certified_reference,61.320921,61320921/1000000,True,False,False,5338862799/8000,166854792699/250000,27000,27119,0.004792548716068268,0.0050832293927669525
commit,commit_raw,CP-AU-r000:q007:d32,CP-AU-r000,128,west-west,A,existing_frozen,99.113013,99113013/1000000,True,False,False,667755687427/1000000,16696370011/25000,102296,23916,0.06616998463869095,0.008014887571334839
commit,commit_guarded,CP-AU-r000:q007:d32,CP-AU-r000,128,west-west,A,existing_frozen,99.113013,99113013/1000000,True,False,False,667755687427/1000000,16696370011/25000,102296,23916,0.06616998463869095,0.008014887571334839
commit,commit_raw,CP-AU-r000:q007:d32,CP-AU-r000,128,west-west,A,certified_reference,0.0,0,False,False,True,667755687427/1000000,667755687427/1000000,23916,23916,0.007736504077911377,0.008014887571334839
commit,commit_guarded,CP-AU-r000:q007:d32,CP-AU-r000,128,west-west,A,certified_reference,0.0,0,False,False,True,667755687427/1000000,667755687427/1000000,23916,23916,0.007736504077911377,0.008014887571334839
commit,commit_raw,CP-AU-r000:q007:d32,CP-AU-r000,128,west-west,E,existing_frozen,104.21921,10421921/100000,True,False,False,667536956197/1000000,667641175407/1000000,107419,30092,0.06826655566692352,0.011061284691095352
commit,commit_guarded,CP-AU-r000:q007:d32,CP-AU-r000,128,west-west,E,existing_frozen,104.21921,10421921/100000,True,False,False,667536956197/1000000,667641175407/1000000,107419,30092,0.06826655566692352,0.011061284691095352
commit,commit_raw,CP-AU-r000:q007:d32,CP-AU-r000,128,west-west,E,certified_reference,0.0,0,False,False,True,667536956197/1000000,667536956197/1000000,30092,30092,0.01089659333229065,0.011061284691095352
commit,commit_guarded,CP-AU-r000:q007:d32,CP-AU-r000,128,west-west,E,certified_reference,0.0,0,False,False,True,667536956197/1000000,667536956197/1000000,30092,30092,0.01089659333229065,0.011061284691095352
commit,commit_raw,CP-AU-r000:q007:d32,CP-AU-r000,128,west-west,J,existing_frozen,143.632947,143632947/1000000,True,False,False,13335396897/20000,666913477797/1000000,113471,36010,0.06936421617865562,0.011391591280698776
commit,commit_guarded,CP-AU-r000:q007:d32,CP-AU-r000,128,west-west,J,existing_frozen,0.0,0,False,False,True,5338862799/8000,5338862799/8000,113471,36010,0.06936421617865562,0.011391591280698776
commit,commit_raw,CP-AU-r000:q007:d32,CP-AU-r000,128,west-west,J,certified_reference,0.0,0,False,False,True,13335396897/20000,13335396897/20000,36010,36010,0.011084772646427155,0.011391591280698776
commit,commit_guarded,CP-AU-r000:q007:d32,CP-AU-r000,128,west-west,J,certified_reference,0.0,0,False,False,True,5338862799/8000,5338862799/8000,36010,36010,0.011084772646427155,0.011391591280698776
commit,commit_raw,CP-AU-r000:q007:d32,CP-AU-r000,128,west-west,W,existing_frozen,176.044387,176044387/1000000,True,False,False,333831602437/500000,667839249261/1000000,109200,29864,0.06862438097596169,0.009816352277994156
commit,commit_guarded,CP-AU-r000:q007:d32,CP-AU-r000,128,west-west,W,existing_frozen,176.044387,176044387/1000000,True,False,False,333831602437/500000,667839249261/1000000,109200,29864,0.06862438097596169,0.009816352277994156
commit,commit_raw,CP-AU-r000:q007:d32,CP-AU-r000,128,west-west,W,certified_reference,0.0,0,False,False,True,333831602437/500000,333831602437/500000,29864,29864,0.00954233855009079,0.009816352277994156
commit,commit_guarded,CP-AU-r000:q007:d32,CP-AU-r000,128,west-west,W,certified_reference,0.0,0,False,False,True,333831602437/500000,333831602437/500000,29864,29864,0.00954233855009079,0.009816352277994156
commit,commit_raw,CP-AU-r000:q008:d08,CP-AU-r000,16,east-east,A,existing_frozen,30.592195,6118439/200000,True,False,False,8341590721/12500,5338862799/8000,22315,19846,0.00489584356546402,0.0016516782343387604
commit,commit_guarded,CP-AU-r000:q008:d08,CP-AU-r000,16,east-east,A,existing_frozen,0.0,0,False,False,True,5338862799/8000,5338862799/8000,22315,19846,0.00489584356546402,0.0016516782343387604
commit,commit_raw,CP-AU-r000:q008:d08,CP-AU-r000,16,east-east,A,certified_reference,30.592195,6118439/200000,True,False,False,8341590721/12500,5338862799/8000,19836,19846,0.0015414580702781677,0.0016516782343387604
commit,commit_guarded,CP-AU-r000:q008:d08,CP-AU-r000,16,east-east,A,certified_reference,0.0,0,False,False,True,5338862799/8000,5338862799/8000,19836,19846,0.0015414580702781677,0.0016516782343387604
commit,commit_raw,CP-AU-r000:q008:d08,CP-AU-r000,16,east-east,E,existing_frozen,0.0,0,False,False,True,5338862799/8000,5338862799/8000,27638,25112,0.004870079457759857,0.0018474012613296509
commit,commit_guarded,CP-AU-r000:q008:d08,CP-AU-r000,16,east-east,E,existing_frozen,0.0,0,False,False,True,5338862799/8000,5338862799/8000,27638,25112,0.004870079457759857,0.0018474012613296509
commit,commit_raw,CP-AU-r000:q008:d08,CP-AU-r000,16,east-east,E,certified_reference,0.0,0,False,False,True,5338862799/8000,5338862799/8000,25113,25112,0.0016866549849510193,0.0018474012613296509
commit,commit_guarded,CP-AU-r000:q008:d08,CP-AU-r000,16,east-east,E,certified_reference,0.0,0,False,False,True,5338862799/8000,5338862799/8000,25113,25112,0.0016866549849510193,0.0018474012613296509
commit,commit_raw,CP-AU-r000:q008:d08,CP-AU-r000,16,east-east,J,existing_frozen,0.0,0,False,False,True,5338862799/8000,5338862799/8000,32858,30236,0.005043260753154755,0.002033662050962448
commit,commit_guarded,CP-AU-r000:q008:d08,CP-AU-r000,16,east-east,J,existing_frozen,0.0,0,False,False,True,5338862799/8000,5338862799/8000,32858,30236,0.005043260753154755,0.002033662050962448
commit,commit_raw,CP-AU-r000:q008:d08,CP-AU-r000,16,east-east,J,certified_reference,0.0,0,False,False,True,5338862799/8000,5338862799/8000,30237,30236,0.0018735788762569427,0.002033662050962448
commit,commit_guarded,CP-AU-r000:q008:d08,CP-AU-r000,16,east-east,J,certified_reference,0.0,0,False,False,True,5338862799/8000,5338862799/8000,30237,30236,0.0018735788762569427,0.002033662050962448
commit,commit_raw,CP-AU-r000:q008:d08,CP-AU-r000,16,east-east,W,existing_frozen,30.592195,6118439/200000,True,False,False,8341590721/12500,5338862799/8000,27531,24970,0.004965554922819138,0.0018737874925136566
commit,commit_guarded,CP-AU-r000:q008:d08,CP-AU-r000,16,east-east,W,existing_frozen,0.0,0,False,False,True,5338862799/8000,5338862799/8000,27531,24970,0.004965554922819138,0.0018737874925136566
commit,commit_raw,CP-AU-r000:q008:d08,CP-AU-r000,16,east-east,W,certified_reference,30.592195,6118439/200000,True,False,False,8341590721/12500,5338862799/8000,24960,24970,0.0017289705574512482,0.0018737874925136566
commit,commit_guarded,CP-AU-r000:q008:d08,CP-AU-r000,16,east-east,W,certified_reference,0.0,0,False,False,True,5338862799/8000,5338862799/8000,24960,24970,0.0017289705574512482,0.0018737874925136566
commit,commit_raw,CP-AU-r000:q008:d16,CP-AU-r000,64,east-east,A,existing_frozen,0.0,0,False,False,True,667908936293/1000000,667908936293/1000000,43238,21523,0.02279728278517723,0.004246857017278671
commit,commit_guarded,CP-AU-r000:q008:d16,CP-AU-r000,64,east-east,A,existing_frozen,0.0,0,False,False,True,667908936293/1000000,667908936293/1000000,43238,21523,0.02279728278517723,0.004246857017278671
commit,commit_raw,CP-AU-r000:q008:d16,CP-AU-r000,64,east-east,A,certified_reference,0.0,0,False,False,True,667908936293/1000000,667908936293/1000000,21523,21523,0.004140380769968033,0.004246857017278671
commit,commit_guarded,CP-AU-r000:q008:d16,CP-AU-r000,64,east-east,A,certified_reference,0.0,0,False,False,True,667908936293/1000000,667908936293/1000000,21523,21523,0.004140380769968033,0.004246857017278671
commit,commit_raw,CP-AU-r000:q008:d16,CP-AU-r000,64,east-east,E,existing_frozen,0.0,0,False,False,True,667723809149/1000000,667723809149/1000000,48549,26974,0.023104149848222733,0.004709545522928238
commit,commit_guarded,CP-AU-r000:q008:d16,CP-AU-r000,64,east-east,E,existing_frozen,0.0,0,False,False,True,667723809149/1000000,667723809149/1000000,48549,26974,0.023104149848222733,0.004709545522928238
commit,commit_raw,CP-AU-r000:q008:d16,CP-AU-r000,64,east-east,E,certified_reference,118.155511,118155511/1000000,True,False,False,667723809149/1000000,33392098233/50000,26894,26974,0.004553619772195816,0.004709545522928238
commit,commit_guarded,CP-AU-r000:q008:d16,CP-AU-r000,64,east-east,E,certified_reference,118.155511,118155511/1000000,True,False,False,667723809149/1000000,33392098233/50000,26894,26974,0.004553619772195816,0.004709545522928238
commit,commit_raw,CP-AU-r000:q008:d16,CP-AU-r000,64,east-east,J,existing_frozen,0.0,0,False,False,True,6676200931/10000,6676200931/10000,54798,32498,0.024307385087013245,0.005649540573358536
commit,commit_guarded,CP-AU-r000:q008:d16,CP-AU-r000,64,east-east,J,existing_frozen,0.0,0,False,False,True,6676200931/10000,6676200931/10000,54798,32498,0.024307385087013245,0.005649540573358536
commit,commit_raw,CP-AU-r000:q008:d16,CP-AU-r000,64,east-east,J,certified_reference,0.0,0,False,False,True,6676200931/10000,6676200931/10000,32499,32498,0.005356449633836746,0.005649540573358536
commit,commit_guarded,CP-AU-r000:q008:d16,CP-AU-r000,64,east-east,J,certified_reference,0.0,0,False,False,True,6676200931/10000,6676200931/10000,32499,32498,0.005356449633836746,0.005649540573358536
commit,commit_raw,CP-AU-r000:q008:d16,CP-AU-r000,64,east-east,W,existing_frozen,0.0,0,False,False,True,133567322953/200000,133567322953/200000,49482,27043,0.02442244067788124,0.005432948470115662
commit,commit_guarded,CP-AU-r000:q008:d16,CP-AU-r000,64,east-east,W,existing_frozen,0.0,0,False,False,True,133567322953/200000,133567322953/200000,49482,27043,0.02442244067788124,0.005432948470115662
commit,commit_raw,CP-AU-r000:q008:d16,CP-AU-r000,64,east-east,W,certified_reference,0.0,0,False,False,True,133567322953/200000,133567322953/200000,27044,27043,0.005235571414232254,0.005432948470115662
commit,commit_guarded,CP-AU-r000:q008:d16,CP-AU-r000,64,east-east,W,certified_reference,0.0,0,False,False,True,133567322953/200000,133567322953/200000,27044,27043,0.005235571414232254,0.005432948470115662
commit,commit_raw,CP-AU-r000:q008:d32,CP-AU-r000,128,east-east,A,existing_frozen,13.039194,6519597/500000,True,False,False,167323534257/250000,334653588111/500000,100865,23914,0.0648302435874939,0.008386213332414627
commit,commit_guarded,CP-AU-r000:q008:d32,CP-AU-r000,128,east-east,A,existing_frozen,13.039194,6519597/500000,True,False,False,167323534257/250000,334653588111/500000,100865,23914,0.0648302435874939,0.008386213332414627
commit,commit_raw,CP-AU-r000:q008:d32,CP-AU-r000,128,east-east,A,certified_reference,0.0,0,False,False,True,167323534257/250000,167323534257/250000,23914,23914,0.008025538176298141,0.008386213332414627
commit,commit_guarded,CP-AU-r000:q008:d32,CP-AU-r000,128,east-east,A,certified_reference,0.0,0,False,False,True,167323534257/250000,167323534257/250000,23914,23914,0.008025538176298141,0.008386213332414627
commit,commit_raw,CP-AU-r000:q008:d32,CP-AU-r000,128,east-east,E,existing_frozen,-53.344406,-26672203/500000,False,True,False,83503889389/125000,333988885353/500000,105869,29745,0.06559628993272781,0.010041885077953339
commit,commit_guarded,CP-AU-r000:q008:d32,CP-AU-r000,128,east-east,E,existing_frozen,-53.344406,-26672203/500000,False,True,False,83503889389/125000,333988885353/500000,105869,29745,0.06559628993272781,0.010041885077953339
commit,commit_raw,CP-AU-r000:q008:d32,CP-AU-r000,128,east-east,E,certified_reference,0.0,0,False,False,True,83503889389/125000,83503889389/125000,29745,29745,0.009591449052095413,0.010041885077953339
commit,commit_guarded,CP-AU-r000:q008:d32,CP-AU-r000,128,east-east,E,certified_reference,0.0,0,False,False,True,83503889389/125000,83503889389/125000,29745,29745,0.009591449052095413,0.010041885077953339
commit,commit_raw,CP-AU-r000:q008:d32,CP-AU-r000,128,east-east,J,existing_frozen,471.124899,471124899/1000000,True,False,False,667205562363/1000000,333838343631/500000,111014,35860,0.06643594801425934,0.011302925646305084
commit,commit_guarded,CP-AU-r000:q008:d32,CP-AU-r000,128,east-east,J,existing_frozen,318.837387,318837387/1000000,True,False,False,5338862799/8000,333838343631/500000,111014,35860,0.06643594801425934,0.011302925646305084
commit,commit_raw,CP-AU-r000:q008:d32,CP-AU-r000,128,east-east,J,certified_reference,0.0,0,False,False,True,667205562363/1000000,667205562363/1000000,35860,35860,0.01141555979847908,0.011302925646305084
commit,commit_guarded,CP-AU-r000:q008:d32,CP-AU-r000,128,east-east,J,certified_reference,0.0,0,False,False,True,5338862799/8000,5338862799/8000,35860,35860,0.01141555979847908,0.011302925646305084
commit,commit_raw,CP-AU-r000:q008:d32,CP-AU-r000,128,east-east,W,existing_frozen,-56.091772,-14022943/250000,False,True,False,83581111439/125000,33429639987/50000,106913,30021,0.06668643280863762,0.010390061885118484
commit,commit_guarded,CP-AU-r000:q008:d32,CP-AU-r000,128,east-east,W,existing_frozen,-56.091772,-14022943/250000,False,True,False,83581111439/125000,33429639987/50000,106913,30021,0.06668643280863762,0.010390061885118484
commit,commit_raw,CP-AU-r000:q008:d32,CP-AU-r000,128,east-east,W,certified_reference,0.0,0,False,False,True,83581111439/125000,83581111439/125000,30021,30021,0.010141756385564804,0.010390061885118484
commit,commit_guarded,CP-AU-r000:q008:d32,CP-AU-r000,128,east-east,W,certified_reference,0.0,0,False,False,True,83581111439/125000,83581111439/125000,30021,30021,0.010141756385564804,0.010390061885118484
commit,commit_raw,CP-AU-r000:q009:d08,CP-AU-r000,16,east-east,A,existing_frozen,30.592195,6118439/200000,True,False,False,8341590721/12500,5338862799/8000,22142,19783,0.0047514066100120544,0.0015815310180187225
commit,commit_guarded,CP-AU-r000:q009:d08,CP-AU-r000,16,east-east,A,existing_frozen,0.0,0,False,False,True,5338862799/8000,5338862799/8000,22142,19783,0.0047514066100120544,0.0015815310180187225
commit,commit_raw,CP-AU-r000:q009:d08,CP-AU-r000,16,east-east,A,certified_reference,30.592195,6118439/200000,True,False,False,8341590721/12500,5338862799/8000,19773,19783,0.0014828704297542572,0.0015815310180187225
commit,commit_guarded,CP-AU-r000:q009:d08,CP-AU-r000,16,east-east,A,certified_reference,0.0,0,False,False,True,5338862799/8000,5338862799/8000,19773,19783,0.0014828704297542572,0.0015815310180187225
commit,commit_raw,CP-AU-r000:q009:d08,CP-AU-r000,16,east-east,E,existing_frozen,0.0,0,False,False,True,5338862799/8000,5338862799/8000,27494,25058,0.004730302840471268,0.0017664507031440735
commit,commit_guarded,CP-AU-r000:q009:d08,CP-AU-r000,16,east-east,E,existing_frozen,0.0,0,False,False,True,5338862799/8000,5338862799/8000,27494,25058,0.004730302840471268,0.0017664507031440735
commit,commit_raw,CP-AU-r000:q009:d08,CP-AU-r000,16,east-east,E,certified_reference,0.0,0,False,False,True,5338862799/8000,5338862799/8000,25059,25058,0.0016431845724582672,0.0017664507031440735
commit,commit_guarded,CP-AU-r000:q009:d08,CP-AU-r000,16,east-east,E,certified_reference,0.0,0,False,False,True,5338862799/8000,5338862799/8000,25059,25058,0.0016431845724582672,0.0017664507031440735
commit,commit_raw,CP-AU-r000:q009:d08,CP-AU-r000,16,east-east,J,existing_frozen,0.0,0,False,False,True,5338862799/8000,5338862799/8000,32654,30156,0.005090128630399704,0.001908130943775177
commit,commit_guarded,CP-AU-r000:q009:d08,CP-AU-r000,16,east-east,J,existing_frozen,0.0,0,False,False,True,5338862799/8000,5338862799/8000,32654,30156,0.005090128630399704,0.001908130943775177
commit,commit_raw,CP-AU-r000:q009:d08,CP-AU-r000,16,east-east,J,certified_reference,0.0,0,False,False,True,5338862799/8000,5338862799/8000,30157,30156,0.0017852894961833954,0.001908130943775177
commit,commit_guarded,CP-AU-r000:q009:d08,CP-AU-r000,16,east-east,J,certified_reference,0.0,0,False,False,True,5338862799/8000,5338862799/8000,30157,30156,0.0017852894961833954,0.001908130943775177
commit,commit_raw,CP-AU-r000:q009:d08,CP-AU-r000,16,east-east,W,existing_frozen,30.592195,6118439/200000,True,False,False,8341590721/12500,5338862799/8000,27302,24881,0.004833318293094635,0.0018410943448543549
commit,commit_guarded,CP-AU-r000:q009:d08,CP-AU-r000,16,east-east,W,existing_frozen,0.0,0,False,False,True,5338862799/8000,5338862799/8000,27302,24881,0.004833318293094635,0.0018410943448543549
commit,commit_raw,CP-AU-r000:q009:d08,CP-AU-r000,16,east-east,W,certified_reference,30.592195,6118439/200000,True,False,False,8341590721/12500,5338862799/8000,24871,24881,0.0016581304371356964,0.0018410943448543549
commit,commit_guarded,CP-AU-r000:q009:d08,CP-AU-r000,16,east-east,W,certified_reference,0.0,0,False,False,True,5338862799/8000,5338862799/8000,24871,24881,0.0016581304371356964,0.0018410943448543549
commit,commit_raw,CP-AU-r000:q009:d16,CP-AU-r000,64,east-east,A,existing_frozen,0.0,0,False,False,True,667908936293/1000000,667908936293/1000000,43238,21523,0.02258438616991043,0.004337117075920105
commit,commit_guarded,CP-AU-r000:q009:d16,CP-AU-r000,64,east-east,A,existing_frozen,0.0,0,False,False,True,667908936293/1000000,667908936293/1000000,43238,21523,0.02258438616991043,0.004337117075920105
commit,commit_raw,CP-AU-r000:q009:d16,CP-AU-r000,64,east-east,A,certified_reference,0.0,0,False,False,True,667908936293/1000000,667908936293/1000000,21523,21523,0.004103463143110275,0.004337117075920105
commit,commit_guarded,CP-AU-r000:q009:d16,CP-AU-r000,64,east-east,A,certified_reference,0.0,0,False,False,True,667908936293/1000000,667908936293/1000000,21523,21523,0.004103463143110275,0.004337117075920105
commit,commit_raw,CP-AU-r000:q009:d16,CP-AU-r000,64,east-east,E,existing_frozen,0.0,0,False,False,True,667723809149/1000000,667723809149/1000000,48549,26974,0.02508244290947914,0.006449081003665924
commit,commit_guarded,CP-AU-r000:q009:d16,CP-AU-r000,64,east-east,E,existing_frozen,0.0,0,False,False,True,667723809149/1000000,667723809149/1000000,48549,26974,0.02508244290947914,0.006449081003665924
commit,commit_raw,CP-AU-r000:q009:d16,CP-AU-r000,64,east-east,E,certified_reference,118.155511,118155511/1000000,True,False,False,667723809149/1000000,33392098233/50000,26894,26974,0.005627989768981934,0.006449081003665924
commit,commit_guarded,CP-AU-r000:q009:d16,CP-AU-r000,64,east-east,E,certified_reference,118.155511,118155511/1000000,True,False,False,667723809149/1000000,33392098233/50000,26894,26974,0.005627989768981934,0.006449081003665924
commit,commit_raw,CP-AU-r000:q009:d16,CP-AU-r000,64,east-east,J,existing_frozen,0.0,0,False,False,True,6676200931/10000,6676200931/10000,54798,32498,0.024498119950294495,0.005559906363487244
commit,commit_guarded,CP-AU-r000:q009:d16,CP-AU-r000,64,east-east,J,existing_frozen,0.0,0,False,False,True,6676200931/10000,6676200931/10000,54798,32498,0.024498119950294495,0.005559906363487244
commit,commit_raw,CP-AU-r000:q009:d16,CP-AU-r000,64,east-east,J,certified_reference,0.0,0,False,False,True,6676200931/10000,6676200931/10000,32499,32498,0.005399741232395172,0.005559906363487244
commit,commit_guarded,CP-AU-r000:q009:d16,CP-AU-r000,64,east-east,J,certified_reference,0.0,0,False,False,True,6676200931/10000,6676200931/10000,32499,32498,0.005399741232395172,0.005559906363487244
commit,commit_raw,CP-AU-r000:q009:d16,CP-AU-r000,64,east-east,W,existing_frozen,0.0,0,False,False,True,133567322953/200000,133567322953/200000,49482,27043,0.02486545592546463,0.005435973405838013
commit,commit_guarded,CP-AU-r000:q009:d16,CP-AU-r000,64,east-east,W,existing_frozen,0.0,0,False,False,True,133567322953/200000,133567322953/200000,49482,27043,0.02486545592546463,0.005435973405838013
commit,commit_raw,CP-AU-r000:q009:d16,CP-AU-r000,64,east-east,W,certified_reference,0.0,0,False,False,True,133567322953/200000,133567322953/200000,27044,27043,0.005432091653347015,0.005435973405838013
commit,commit_guarded,CP-AU-r000:q009:d16,CP-AU-r000,64,east-east,W,certified_reference,0.0,0,False,False,True,133567322953/200000,133567322953/200000,27044,27043,0.005432091653347015,0.005435973405838013
commit,commit_raw,CP-AU-r000:q009:d32,CP-AU-r000,128,east-east,A,existing_frozen,13.039194,6519597/500000,True,False,False,167323534257/250000,334653588111/500000,100865,23914,0.06505871936678886,0.008268680423498154
commit,commit_guarded,CP-AU-r000:q009:d32,CP-AU-r000,128,east-east,A,existing_frozen,13.039194,6519597/500000,True,False,False,167323534257/250000,334653588111/500000,100865,23914,0.06505871936678886,0.008268680423498154
commit,commit_raw,CP-AU-r000:q009:d32,CP-AU-r000,128,east-east,A,certified_reference,0.0,0,False,False,True,167323534257/250000,167323534257/250000,23914,23914,0.008025124669075012,0.008268680423498154
commit,commit_guarded,CP-AU-r000:q009:d32,CP-AU-r000,128,east-east,A,certified_reference,0.0,0,False,False,True,167323534257/250000,167323534257/250000,23914,23914,0.008025124669075012,0.008268680423498154
commit,commit_raw,CP-AU-r000:q009:d32,CP-AU-r000,128,east-east,E,existing_frozen,-53.344406,-26672203/500000,False,True,False,83503889389/125000,333988885353/500000,105869,29745,0.06498000770807266,0.009499642997980118
commit,commit_guarded,CP-AU-r000:q009:d32,CP-AU-r000,128,east-east,E,existing_frozen,-53.344406,-26672203/500000,False,True,False,83503889389/125000,333988885353/500000,105869,29745,0.06498000770807266,0.009499642997980118
commit,commit_raw,CP-AU-r000:q009:d32,CP-AU-r000,128,east-east,E,certified_reference,0.0,0,False,False,True,83503889389/125000,83503889389/125000,29745,29745,0.009166114032268524,0.009499642997980118
commit,commit_guarded,CP-AU-r000:q009:d32,CP-AU-r000,128,east-east,E,certified_reference,0.0,0,False,False,True,83503889389/125000,83503889389/125000,29745,29745,0.009166114032268524,0.009499642997980118
commit,commit_raw,CP-AU-r000:q009:d32,CP-AU-r000,128,east-east,J,existing_frozen,471.124899,471124899/1000000,True,False,False,667205562363/1000000,333838343631/500000,111014,35860,0.06553546339273453,0.011393804103136063
commit,commit_guarded,CP-AU-r000:q009:d32,CP-AU-r000,128,east-east,J,existing_frozen,318.837387,318837387/1000000,True,False,False,5338862799/8000,333838343631/500000,111014,35860,0.06553546339273453,0.011393804103136063
commit,commit_raw,CP-AU-r000:q009:d32,CP-AU-r000,128,east-east,J,certified_reference,0.0,0,False,False,True,667205562363/1000000,667205562363/1000000,35860,35860,0.011085174977779388,0.011393804103136063
commit,commit_guarded,CP-AU-r000:q009:d32,CP-AU-r000,128,east-east,J,certified_reference,0.0,0,False,False,True,5338862799/8000,5338862799/8000,35860,35860,0.011085174977779388,0.011393804103136063
commit,commit_raw,CP-AU-r000:q009:d32,CP-AU-r000,128,east-east,W,existing_frozen,-56.091772,-14022943/250000,False,True,False,83581111439/125000,33429639987/50000,106913,30021,0.06902813911437988,0.01097513735294342
commit,commit_guarded,CP-AU-r000:q009:d32,CP-AU-r000,128,east-east,W,existing_frozen,-56.091772,-14022943/250000,False,True,False,83581111439/125000,33429639987/50000,106913,30021,0.06902813911437988,0.01097513735294342
commit,commit_raw,CP-AU-r000:q009:d32,CP-AU-r000,128,east-east,W,certified_reference,0.0,0,False,False,True,83581111439/125000,83581111439/125000,30021,30021,0.011750366538763046,0.01097513735294342
commit,commit_guarded,CP-AU-r000:q009:d32,CP-AU-r000,128,east-east,W,certified_reference,0.0,0,False,False,True,83581111439/125000,83581111439/125000,30021,30021,0.011750366538763046,0.01097513735294342
commit,commit_raw,CP-AP-r000:q000:d08,CP-AP-r000,16,east-east,A,existing_frozen,0.0,0,False,False,True,672636525897/1000000,672636525897/1000000,21124,18700,0.004719443619251251,0.0016642436385154724
commit,commit_guarded,CP-AP-r000:q000:d08,CP-AP-r000,16,east-east,A,existing_frozen,0.0,0,False,False,True,672636525897/1000000,672636525897/1000000,21124,18700,0.004719443619251251,0.0016642436385154724
commit,commit_raw,CP-AP-r000:q000:d08,CP-AP-r000,16,east-east,A,certified_reference,0.0,0,False,False,True,672636525897/1000000,672636525897/1000000,18701,18700,0.0014523304998874664,0.0016642436385154724
commit,commit_guarded,CP-AP-r000:q000:d08,CP-AP-r000,16,east-east,A,certified_reference,0.0,0,False,False,True,672636525897/1000000,672636525897/1000000,18701,18700,0.0014523304998874664,0.0016642436385154724
commit,commit_raw,CP-AP-r000:q000:d08,CP-AP-r000,16,east-east,E,existing_frozen,0.0,0,False,False,True,672636525897/1000000,672636525897/1000000,26604,23945,0.0052038319408893585,0.00197426974773407
commit,commit_guarded,CP-AP-r000:q000:d08,CP-AP-r000,16,east-east,E,existing_frozen,0.0,0,False,False,True,672636525897/1000000,672636525897/1000000,26604,23945,0.0052038319408893585,0.00197426974773407
commit,commit_raw,CP-AP-r000:q000:d08,CP-AP-r000,16,east-east,E,certified_reference,0.0,0,False,False,True,672636525897/1000000,672636525897/1000000,23946,23945,0.0017551444470882416,0.00197426974773407
commit,commit_guarded,CP-AP-r000:q000:d08,CP-AP-r000,16,east-east,E,certified_reference,0.0,0,False,False,True,672636525897/1000000,672636525897/1000000,23946,23945,0.0017551444470882416,0.00197426974773407
commit,commit_raw,CP-AP-r000:q000:d08,CP-AP-r000,16,east-east,J,existing_frozen,0.0,0,False,False,True,672636525897/1000000,672636525897/1000000,31788,29109,0.005300894379615784,0.002141140401363373
commit,commit_guarded,CP-AP-r000:q000:d08,CP-AP-r000,16,east-east,J,existing_frozen,0.0,0,False,False,True,672636525897/1000000,672636525897/1000000,31788,29109,0.005300894379615784,0.002141140401363373
commit,commit_raw,CP-AP-r000:q000:d08,CP-AP-r000,16,east-east,J,certified_reference,0.0,0,False,False,True,672636525897/1000000,672636525897/1000000,29110,29109,0.0018782764673233032,0.002141140401363373
commit,commit_guarded,CP-AP-r000:q000:d08,CP-AP-r000,16,east-east,J,certified_reference,0.0,0,False,False,True,672636525897/1000000,672636525897/1000000,29110,29109,0.0018782764673233032,0.002141140401363373
commit,commit_raw,CP-AP-r000:q000:d08,CP-AP-r000,16,east-east,W,existing_frozen,0.0,0,False,False,True,672636525897/1000000,672636525897/1000000,26308,23864,0.004902523010969162,0.0018213577568531036
commit,commit_guarded,CP-AP-r000:q000:d08,CP-AP-r000,16,east-east,W,existing_frozen,0.0,0,False,False,True,672636525897/1000000,672636525897/1000000,26308,23864,0.004902523010969162,0.0018213577568531036
commit,commit_raw,CP-AP-r000:q000:d08,CP-AP-r000,16,east-east,W,certified_reference,0.0,0,False,False,True,672636525897/1000000,672636525897/1000000,23865,23864,0.0015923790633678436,0.0018213577568531036
commit,commit_guarded,CP-AP-r000:q000:d08,CP-AP-r000,16,east-east,W,certified_reference,0.0,0,False,False,True,672636525897/1000000,672636525897/1000000,23865,23864,0.0015923790633678436,0.0018213577568531036
commit,commit_raw,CP-AP-r000:q000:d16,CP-AP-r000,64,east-east,A,existing_frozen,0.0,0,False,False,True,84139499083/125000,84139499083/125000,43470,20455,0.023684948682785034,0.004039488732814789
commit,commit_guarded,CP-AP-r000:q000:d16,CP-AP-r000,64,east-east,A,existing_frozen,0.0,0,False,False,True,84139499083/125000,84139499083/125000,43470,20455,0.023684948682785034,0.004039488732814789
commit,commit_raw,CP-AP-r000:q000:d16,CP-AP-r000,64,east-east,A,certified_reference,0.0,0,False,False,True,84139499083/125000,84139499083/125000,20455,20455,0.003884110599756241,0.004039488732814789
commit,commit_guarded,CP-AP-r000:q000:d16,CP-AP-r000,64,east-east,A,certified_reference,0.0,0,False,False,True,84139499083/125000,84139499083/125000,20455,20455,0.003884110599756241,0.004039488732814789
commit,commit_raw,CP-AP-r000:q000:d16,CP-AP-r000,64,east-east,E,existing_frozen,34.555111,34555111/1000000,True,False,False,67232176511/100000,672356320221/1000000,48326,25775,0.02387160062789917,0.00445769727230072
commit,commit_guarded,CP-AP-r000:q000:d16,CP-AP-r000,64,east-east,E,existing_frozen,0.0,0,False,False,True,672636525897/1000000,672636525897/1000000,48326,25775,0.02387160062789917,0.00445769727230072
commit,commit_raw,CP-AP-r000:q000:d16,CP-AP-r000,64,east-east,E,certified_reference,0.0,0,False,False,True,67232176511/100000,67232176511/100000,25775,25775,0.004281096160411835,0.00445769727230072
commit,commit_guarded,CP-AP-r000:q000:d16,CP-AP-r000,64,east-east,E,certified_reference,0.0,0,False,False,True,672636525897/1000000,672636525897/1000000,25775,25775,0.004281096160411835,0.00445769727230072
commit,commit_raw,CP-AP-r000:q000:d16,CP-AP-r000,64,east-east,J,existing_frozen,131.917072,8244817/62500,True,False,False,42011147683/62500,16807757/25,52966,31327,0.02353314682841301,0.005431443452835083
commit,commit_guarded,CP-AP-r000:q000:d16,CP-AP-r000,64,east-east,J,existing_frozen,0.0,0,False,False,True,672636525897/1000000,672636525897/1000000,52966,31327,0.02353314682841301,0.005431443452835083
commit,commit_raw,CP-AP-r000:q000:d16,CP-AP-r000,64,east-east,J,certified_reference,0.0,0,False,False,True,42011147683/62500,42011147683/62500,31327,31327,0.005202800035476685,0.005431443452835083
commit,commit_guarded,CP-AP-r000:q000:d16,CP-AP-r000,64,east-east,J,certified_reference,0.0,0,False,False,True,672636525897/1000000,672636525897/1000000,31327,31327,0.005202800035476685,0.005431443452835083
commit,commit_raw,CP-AP-r000:q000:d16,CP-AP-r000,64,east-east,W,existing_frozen,0.0,0,False,False,True,67306830427/100000,67306830427/100000,48045,26023,0.023796699941158295,0.0050770193338394165
commit,commit_guarded,CP-AP-r000:q000:d16,CP-AP-r000,64,east-east,W,existing_frozen,0.0,0,False,False,True,67306830427/100000,67306830427/100000,48045,26023,0.023796699941158295,0.0050770193338394165
commit,commit_raw,CP-AP-r000:q000:d16,CP-AP-r000,64,east-east,W,certified_reference,0.0,0,False,False,True,67306830427/100000,67306830427/100000,26023,26023,0.0047896504402160645,0.0050770193338394165
commit,commit_guarded,CP-AP-r000:q000:d16,CP-AP-r000,64,east-east,W,certified_reference,0.0,0,False,False,True,67306830427/100000,67306830427/100000,26023,26023,0.0047896504402160645,0.0050770193338394165
commit,commit_raw,CP-AP-r000:q000:d32,CP-AP-r000,128,east-east,A,existing_frozen,0.0,0,False,False,True,674036626879/1000000,674036626879/1000000,104511,22771,0.0707356333732605,0.008596707135438919
commit,commit_guarded,CP-AP-r000:q000:d32,CP-AP-r000,128,east-east,A,existing_frozen,0.0,0,False,False,True,674036626879/1000000,674036626879/1000000,104511,22771,0.0707356333732605,0.008596707135438919
commit,commit_raw,CP-AP-r000:q000:d32,CP-AP-r000,128,east-east,A,certified_reference,0.0,0,False,False,True,674036626879/1000000,674036626879/1000000,22771,22771,0.007355730980634689,0.008596707135438919
commit,commit_guarded,CP-AP-r000:q000:d32,CP-AP-r000,128,east-east,A,certified_reference,0.0,0,False,False,True,674036626879/1000000,674036626879/1000000,22771,22771,0.007355730980634689,0.008596707135438919
commit,commit_raw,CP-AP-r000:q000:d32,CP-AP-r000,128,east-east,E,existing_frozen,-349.931987,-349931987/1000000,False,True,False,673350849929/1000000,336500458971/500000,106071,28553,0.06674715876579285,0.00904061645269394
commit,commit_guarded,CP-AP-r000:q000:d32,CP-AP-r000,128,east-east,E,existing_frozen,-349.931987,-349931987/1000000,False,True,False,673350849929/1000000,336500458971/500000,106071,28553,0.06674715876579285,0.00904061645269394
commit,commit_raw,CP-AP-r000:q000:d32,CP-AP-r000,128,east-east,E,certified_reference,0.0,0,False,False,True,673350849929/1000000,673350849929/1000000,28553,28553,0.008698754012584686,0.00904061645269394
commit,commit_guarded,CP-AP-r000:q000:d32,CP-AP-r000,128,east-east,E,certified_reference,0.0,0,False,False,True,673350849929/1000000,673350849929/1000000,28553,28553,0.008698754012584686,0.00904061645269394
commit,commit_raw,CP-AP-r000:q000:d32,CP-AP-r000,128,east-east,J,existing_frozen,54.487648,1702739/31250,True,False,False,335924267121/500000,67190302189/100000,109483,34854,0.06557754799723625,0.012458786368370056
commit,commit_guarded,CP-AP-r000:q000:d32,CP-AP-r000,128,east-east,J,existing_frozen,0.0,0,False,False,True,672636525897/1000000,672636525897/1000000,109483,34854,0.06557754799723625,0.012458786368370056
commit,commit_raw,CP-AP-r000:q000:d32,CP-AP-r000,128,east-east,J,certified_reference,0.0,0,False,False,True,335924267121/500000,335924267121/500000,34854,34854,0.011476181447505951,0.012458786368370056
commit,commit_guarded,CP-AP-r000:q000:d32,CP-AP-r000,128,east-east,J,certified_reference,0.0,0,False,False,True,672636525897/1000000,672636525897/1000000,34854,34854,0.011476181447505951,0.012458786368370056
commit,commit_raw,CP-AP-r000:q000:d32,CP-AP-r000,128,east-east,W,existing_frozen,0.0,0,False,False,True,336467498031/500000,336467498031/500000,107537,29084,0.06754231825470924,0.010208014398813248
commit,commit_guarded,CP-AP-r000:q000:d32,CP-AP-r000,128,east-east,W,existing_frozen,0.0,0,False,False,True,336467498031/500000,336467498031/500000,107537,29084,0.06754231825470924,0.010208014398813248
commit,commit_raw,CP-AP-r000:q000:d32,CP-AP-r000,128,east-east,W,certified_reference,0.0,0,False,False,True,336467498031/500000,336467498031/500000,29084,29084,0.010046519339084625,0.010208014398813248
commit,commit_guarded,CP-AP-r000:q000:d32,CP-AP-r000,128,east-east,W,certified_reference,0.0,0,False,False,True,336467498031/500000,336467498031/500000,29084,29084,0.010046519339084625,0.010208014398813248
commit,commit_raw,CP-AP-r000:q001:d08,CP-AP-r000,16,east-east,A,existing_frozen,0.0,0,False,False,True,672636525897/1000000,672636525897/1000000,21124,18700,0.005284372717142105,0.0022909417748451233
commit,commit_guarded,CP-AP-r000:q001:d08,CP-AP-r000,16,east-east,A,existing_frozen,0.0,0,False,False,True,672636525897/1000000,672636525897/1000000,21124,18700,0.005284372717142105,0.0022909417748451233
commit,commit_raw,CP-AP-r000:q001:d08,CP-AP-r000,16,east-east,A,certified_reference,0.0,0,False,False,True,672636525897/1000000,672636525897/1000000,18701,18700,0.0017527863383293152,0.0022909417748451233
commit,commit_guarded,CP-AP-r000:q001:d08,CP-AP-r000,16,east-east,A,certified_reference,0.0,0,False,False,True,672636525897/1000000,672636525897/1000000,18701,18700,0.0017527863383293152,0.0022909417748451233
commit,commit_raw,CP-AP-r000:q001:d08,CP-AP-r000,16,east-east,E,existing_frozen,0.0,0,False,False,True,672636525897/1000000,672636525897/1000000,26604,23945,0.005257260054349899,0.0018625147640705109
commit,commit_guarded,CP-AP-r000:q001:d08,CP-AP-r000,16,east-east,E,existing_frozen,0.0,0,False,False,True,672636525897/1000000,672636525897/1000000,26604,23945,0.005257260054349899,0.0018625147640705109
commit,commit_raw,CP-AP-r000:q001:d08,CP-AP-r000,16,east-east,E,certified_reference,0.0,0,False,False,True,672636525897/1000000,672636525897/1000000,23946,23945,0.0017414465546607971,0.0018625147640705109
commit,commit_guarded,CP-AP-r000:q001:d08,CP-AP-r000,16,east-east,E,certified_reference,0.0,0,False,False,True,672636525897/1000000,672636525897/1000000,23946,23945,0.0017414465546607971,0.0018625147640705109
commit,commit_raw,CP-AP-r000:q001:d08,CP-AP-r000,16,east-east,J,existing_frozen,0.0,0,False,False,True,672636525897/1000000,672636525897/1000000,31788,29109,0.005302861332893372,0.0019378885626792908
commit,commit_guarded,CP-AP-r000:q001:d08,CP-AP-r000,16,east-east,J,existing_frozen,0.0,0,False,False,True,672636525897/1000000,672636525897/1000000,31788,29109,0.005302861332893372,0.0019378885626792908
commit,commit_raw,CP-AP-r000:q001:d08,CP-AP-r000,16,east-east,J,certified_reference,0.0,0,False,False,True,672636525897/1000000,672636525897/1000000,29110,29109,0.0018336251378059387,0.0019378885626792908
commit,commit_guarded,CP-AP-r000:q001:d08,CP-AP-r000,16,east-east,J,certified_reference,0.0,0,False,False,True,672636525897/1000000,672636525897/1000000,29110,29109,0.0018336251378059387,0.0019378885626792908
commit,commit_raw,CP-AP-r000:q001:d08,CP-AP-r000,16,east-east,W,existing_frozen,0.0,0,False,False,True,672636525897/1000000,672636525897/1000000,26308,23864,0.005278889089822769,0.002332974225282669
commit,commit_guarded,CP-AP-r000:q001:d08,CP-AP-r000,16,east-east,W,existing_frozen,0.0,0,False,False,True,672636525897/1000000,672636525897/1000000,26308,23864,0.005278889089822769,0.002332974225282669
commit,commit_raw,CP-AP-r000:q001:d08,CP-AP-r000,16,east-east,W,certified_reference,0.0,0,False,False,True,672636525897/1000000,672636525897/1000000,23865,23864,0.0016076304018497467,0.002332974225282669
commit,commit_guarded,CP-AP-r000:q001:d08,CP-AP-r000,16,east-east,W,certified_reference,0.0,0,False,False,True,672636525897/1000000,672636525897/1000000,23865,23864,0.0016076304018497467,0.002332974225282669
commit,commit_raw,CP-AP-r000:q001:d16,CP-AP-r000,64,east-east,A,existing_frozen,0.0,0,False,False,True,84139499083/125000,84139499083/125000,43470,20455,0.02365822345018387,0.004004504531621933
commit,commit_guarded,CP-AP-r000:q001:d16,CP-AP-r000,64,east-east,A,existing_frozen,0.0,0,False,False,True,84139499083/125000,84139499083/125000,43470,20455,0.02365822345018387,0.004004504531621933
commit,commit_raw,CP-AP-r000:q001:d16,CP-AP-r000,64,east-east,A,certified_reference,0.0,0,False,False,True,84139499083/125000,84139499083/125000,20455,20455,0.003814682364463806,0.004004504531621933
commit,commit_guarded,CP-AP-r000:q001:d16,CP-AP-r000,64,east-east,A,certified_reference,0.0,0,False,False,True,84139499083/125000,84139499083/125000,20455,20455,0.003814682364463806,0.004004504531621933
commit,commit_raw,CP-AP-r000:q001:d16,CP-AP-r000,64,east-east,E,existing_frozen,34.555111,34555111/1000000,True,False,False,67232176511/100000,672356320221/1000000,48326,25775,0.024002838879823685,0.004442743957042694
commit,commit_guarded,CP-AP-r000:q001:d16,CP-AP-r000,64,east-east,E,existing_frozen,0.0,0,False,False,True,672636525897/1000000,672636525897/1000000,48326,25775,0.024002838879823685,0.004442743957042694
commit,commit_raw,CP-AP-r000:q001:d16,CP-AP-r000,64,east-east,E,certified_reference,0.0,0,False,False,True,67232176511/100000,67232176511/100000,25775,25775,0.004268519580364227,0.004442743957042694
commit,commit_guarded,CP-AP-r000:q001:d16,CP-AP-r000,64,east-east,E,certified_reference,0.0,0,False,False,True,672636525897/1000000,672636525897/1000000,25775,25775,0.004268519580364227,0.004442743957042694
commit,commit_raw,CP-AP-r000:q001:d16,CP-AP-r000,64,east-east,J,existing_frozen,131.917072,8244817/62500,True,False,False,42011147683/62500,16807757/25,52966,31327,0.02351142093539238,0.0053963251411914825
commit,commit_guarded,CP-AP-r000:q001:d16,CP-AP-r000,64,east-east,J,existing_frozen,0.0,0,False,False,True,672636525897/1000000,672636525897/1000000,52966,31327,0.02351142093539238,0.0053963251411914825
commit,commit_raw,CP-AP-r000:q001:d16,CP-AP-r000,64,east-east,J,certified_reference,0.0,0,False,False,True,42011147683/62500,42011147683/62500,31327,31327,0.00517287477850914,0.0053963251411914825
commit,commit_guarded,CP-AP-r000:q001:d16,CP-AP-r000,64,east-east,J,certified_reference,0.0,0,False,False,True,672636525897/1000000,672636525897/1000000,31327,31327,0.00517287477850914,0.0053963251411914825
commit,commit_raw,CP-AP-r000:q001:d16,CP-AP-r000,64,east-east,W,existing_frozen,0.0,0,False,False,True,67306830427/100000,67306830427/100000,48045,26023,0.023719582706689835,0.004988484084606171
commit,commit_guarded,CP-AP-r000:q001:d16,CP-AP-r000,64,east-east,W,existing_frozen,0.0,0,False,False,True,67306830427/100000,67306830427/100000,48045,26023,0.023719582706689835,0.004988484084606171
commit,commit_raw,CP-AP-r000:q001:d16,CP-AP-r000,64,east-east,W,certified_reference,0.0,0,False,False,True,67306830427/100000,67306830427/100000,26023,26023,0.004925351589918137,0.004988484084606171
commit,commit_guarded,CP-AP-r000:q001:d16,CP-AP-r000,64,east-east,W,certified_reference,0.0,0,False,False,True,67306830427/100000,67306830427/100000,26023,26023,0.004925351589918137,0.004988484084606171
commit,commit_raw,CP-AP-r000:q001:d32,CP-AP-r000,128,east-east,A,existing_frozen,0.0,0,False,False,True,674036626879/1000000,674036626879/1000000,104511,22771,0.06916798651218414,0.007559753954410553
commit,commit_guarded,CP-AP-r000:q001:d32,CP-AP-r000,128,east-east,A,existing_frozen,0.0,0,False,False,True,674036626879/1000000,674036626879/1000000,104511,22771,0.06916798651218414,0.007559753954410553
commit,commit_raw,CP-AP-r000:q001:d32,CP-AP-r000,128,east-east,A,certified_reference,0.0,0,False,False,True,674036626879/1000000,674036626879/1000000,22771,22771,0.007357735186815262,0.007559753954410553
commit,commit_guarded,CP-AP-r000:q001:d32,CP-AP-r000,128,east-east,A,certified_reference,0.0,0,False,False,True,674036626879/1000000,674036626879/1000000,22771,22771,0.007357735186815262,0.007559753954410553
commit,commit_raw,CP-AP-r000:q001:d32,CP-AP-r000,128,east-east,E,existing_frozen,-349.931987,-349931987/1000000,False,True,False,673350849929/1000000,336500458971/500000,106071,28553,0.06717110425233841,0.008933231234550476
commit,commit_guarded,CP-AP-r000:q001:d32,CP-AP-r000,128,east-east,E,existing_frozen,-349.931987,-349931987/1000000,False,True,False,673350849929/1000000,336500458971/500000,106071,28553,0.06717110425233841,0.008933231234550476
commit,commit_raw,CP-AP-r000:q001:d32,CP-AP-r000,128,east-east,E,certified_reference,0.0,0,False,False,True,673350849929/1000000,673350849929/1000000,28553,28553,0.00861971452832222,0.008933231234550476
commit,commit_guarded,CP-AP-r000:q001:d32,CP-AP-r000,128,east-east,E,certified_reference,0.0,0,False,False,True,673350849929/1000000,673350849929/1000000,28553,28553,0.00861971452832222,0.008933231234550476
commit,commit_raw,CP-AP-r000:q001:d32,CP-AP-r000,128,east-east,J,existing_frozen,54.487648,1702739/31250,True,False,False,335924267121/500000,67190302189/100000,109483,34854,0.06581439450383186,0.01142711192369461
commit,commit_guarded,CP-AP-r000:q001:d32,CP-AP-r000,128,east-east,J,existing_frozen,0.0,0,False,False,True,672636525897/1000000,672636525897/1000000,109483,34854,0.06581439450383186,0.01142711192369461
commit,commit_raw,CP-AP-r000:q001:d32,CP-AP-r000,128,east-east,J,certified_reference,0.0,0,False,False,True,335924267121/500000,335924267121/500000,34854,34854,0.011045735329389572,0.01142711192369461
commit,commit_guarded,CP-AP-r000:q001:d32,CP-AP-r000,128,east-east,J,certified_reference,0.0,0,False,False,True,672636525897/1000000,672636525897/1000000,34854,34854,0.011045735329389572,0.01142711192369461
commit,commit_raw,CP-AP-r000:q001:d32,CP-AP-r000,128,east-east,W,existing_frozen,0.0,0,False,False,True,336467498031/500000,336467498031/500000,107537,29084,0.0678359605371952,0.010245833545923233
commit,commit_guarded,CP-AP-r000:q001:d32,CP-AP-r000,128,east-east,W,existing_frozen,0.0,0,False,False,True,336467498031/500000,336467498031/500000,107537,29084,0.0678359605371952,0.010245833545923233
commit,commit_raw,CP-AP-r000:q001:d32,CP-AP-r000,128,east-east,W,certified_reference,0.0,0,False,False,True,336467498031/500000,336467498031/500000,29084,29084,0.010226510465145111,0.010245833545923233
commit,commit_guarded,CP-AP-r000:q001:d32,CP-AP-r000,128,east-east,W,certified_reference,0.0,0,False,False,True,336467498031/500000,336467498031/500000,29084,29084,0.010226510465145111,0.010245833545923233
commit,commit_raw,CP-AP-r000:q002:d08,CP-AP-r000,16,east-east,A,existing_frozen,20.797376,324959/15625,True,False,False,672615728521/1000000,672636525897/1000000,21237,18758,0.004924748092889786,0.0015750788152217865
commit,commit_guarded,CP-AP-r000:q002:d08,CP-AP-r000,16,east-east,A,existing_frozen,0.0,0,False,False,True,672636525897/1000000,672636525897/1000000,21237,18758,0.004924748092889786,0.0015750788152217865
commit,commit_raw,CP-AP-r000:q002:d08,CP-AP-r000,16,east-east,A,certified_reference,20.797376,324959/15625,True,False,False,672615728521/1000000,672636525897/1000000,18726,18758,0.0014300569891929626,0.0015750788152217865
commit,commit_guarded,CP-AP-r000:q002:d08,CP-AP-r000,16,east-east,A,certified_reference,0.0,0,False,False,True,672636525897/1000000,672636525897/1000000,18726,18758,0.0014300569891929626,0.0015750788152217865
commit,commit_raw,CP-AP-r000:q002:d08,CP-AP-r000,16,east-east,E,existing_frozen,0.0,0,False,False,True,672636525897/1000000,672636525897/1000000,26563,23929,0.0057842060923576355,0.0018070228397846222
commit,commit_guarded,CP-AP-r000:q002:d08,CP-AP-r000,16,east-east,E,existing_frozen,0.0,0,False,False,True,672636525897/1000000,672636525897/1000000,26563,23929,0.0057842060923576355,0.0018070228397846222
commit,commit_raw,CP-AP-r000:q002:d08,CP-AP-r000,16,east-east,E,certified_reference,0.0,0,False,False,True,672636525897/1000000,672636525897/1000000,23930,23929,0.0017101690173149109,0.0018070228397846222
commit,commit_guarded,CP-AP-r000:q002:d08,CP-AP-r000,16,east-east,E,certified_reference,0.0,0,False,False,True,672636525897/1000000,672636525897/1000000,23930,23929,0.0017101690173149109,0.0018070228397846222
commit,commit_raw,CP-AP-r000:q002:d08,CP-AP-r000,16,east-east,J,existing_frozen,0.0,0,False,False,True,672636525897/1000000,672636525897/1000000,31764,29102,0.0051258765161037445,0.0019351020455360413
commit,commit_guarded,CP-AP-r000:q002:d08,CP-AP-r000,16,east-east,J,existing_frozen,0.0,0,False,False,True,672636525897/1000000,672636525897/1000000,31764,29102,0.0051258765161037445,0.0019351020455360413
commit,commit_raw,CP-AP-r000:q002:d08,CP-AP-r000,16,east-east,J,certified_reference,0.0,0,False,False,True,672636525897/1000000,672636525897/1000000,29103,29102,0.0018167831003665924,0.0019351020455360413
commit,commit_guarded,CP-AP-r000:q002:d08,CP-AP-r000,16,east-east,J,certified_reference,0.0,0,False,False,True,672636525897/1000000,672636525897/1000000,29103,29102,0.0018167831003665924,0.0019351020455360413
commit,commit_raw,CP-AP-r000:q002:d08,CP-AP-r000,16,east-east,W,existing_frozen,20.797376,324959/15625,True,False,False,672615728521/1000000,672636525897/1000000,26438,23931,0.004938606172800064,0.0017742440104484558
commit,commit_guarded,CP-AP-r000:q002:d08,CP-AP-r000,16,east-east,W,existing_frozen,0.0,0,False,False,True,672636525897/1000000,672636525897/1000000,26438,23931,0.004938606172800064,0.0017742440104484558
commit,commit_raw,CP-AP-r000:q002:d08,CP-AP-r000,16,east-east,W,certified_reference,20.797376,324959/15625,True,False,False,672615728521/1000000,672636525897/1000000,23899,23931,0.0016140788793563843,0.0017742440104484558
commit,commit_guarded,CP-AP-r000:q002:d08,CP-AP-r000,16,east-east,W,certified_reference,0.0,0,False,False,True,672636525897/1000000,672636525897/1000000,23899,23931,0.0016140788793563843,0.0017742440104484558
commit,commit_raw,CP-AP-r000:q002:d16,CP-AP-r000,64,east-east,A,existing_frozen,0.0,0,False,False,True,134611614653/200000,134611614653/200000,43771,20468,0.023786015808582306,0.004052374511957169
commit,commit_guarded,CP-AP-r000:q002:d16,CP-AP-r000,64,east-east,A,existing_frozen,0.0,0,False,False,True,134611614653/200000,134611614653/200000,43771,20468,0.023786015808582306,0.004052374511957169
commit,commit_raw,CP-AP-r000:q002:d16,CP-AP-r000,64,east-east,A,certified_reference,0.0,0,False,False,True,134611614653/200000,134611614653/200000,20469,20468,0.003926992416381836,0.004052374511957169
commit,commit_guarded,CP-AP-r000:q002:d16,CP-AP-r000,64,east-east,A,certified_reference,0.0,0,False,False,True,134611614653/200000,134611614653/200000,20469,20468,0.003926992416381836,0.004052374511957169
commit,commit_raw,CP-AP-r000:q002:d16,CP-AP-r000,64,east-east,E,existing_frozen,0.0,0,False,False,True,134537226073/200000,134537226073/200000,49307,25916,0.02470032498240471,0.004781205207109451
commit,commit_guarded,CP-AP-r000:q002:d16,CP-AP-r000,64,east-east,E,existing_frozen,0.0,0,False,False,True,134537226073/200000,134537226073/200000,49307,25916,0.02470032498240471,0.004781205207109451
commit,commit_raw,CP-AP-r000:q002:d16,CP-AP-r000,64,east-east,E,certified_reference,0.0,0,False,False,True,134537226073/200000,134537226073/200000,25917,25916,0.004608165472745895,0.004781205207109451
commit,commit_guarded,CP-AP-r000:q002:d16,CP-AP-r000,64,east-east,E,certified_reference,0.0,0,False,False,True,134537226073/200000,134537226073/200000,25917,25916,0.004608165472745895,0.004781205207109451
commit,commit_raw,CP-AP-r000:q002:d16,CP-AP-r000,64,east-east,J,existing_frozen,0.0,0,False,False,True,672638441971/1000000,672638441971/1000000,54010,31500,0.02450486272573471,0.00574362650513649
commit,commit_guarded,CP-AP-r000:q002:d16,CP-AP-r000,64,east-east,J,existing_frozen,0.0,0,False,False,True,672638441971/1000000,672638441971/1000000,54010,31500,0.02450486272573471,0.00574362650513649
commit,commit_raw,CP-AP-r000:q002:d16,CP-AP-r000,64,east-east,J,certified_reference,0.0,0,False,False,True,672638441971/1000000,672638441971/1000000,31501,31500,0.005609624087810516,0.00574362650513649
commit,commit_guarded,CP-AP-r000:q002:d16,CP-AP-r000,64,east-east,J,certified_reference,0.0,0,False,False,True,672638441971/1000000,672638441971/1000000,31501,31500,0.005609624087810516,0.00574362650513649
commit,commit_raw,CP-AP-r000:q002:d16,CP-AP-r000,64,east-east,W,existing_frozen,0.0,0,False,False,True,673010384871/1000000,673010384871/1000000,48426,26064,0.023966260254383087,0.00515519455075264
commit,commit_guarded,CP-AP-r000:q002:d16,CP-AP-r000,64,east-east,W,existing_frozen,0.0,0,False,False,True,673010384871/1000000,673010384871/1000000,48426,26064,0.023966260254383087,0.00515519455075264
commit,commit_raw,CP-AP-r000:q002:d16,CP-AP-r000,64,east-east,W,certified_reference,0.0,0,False,False,True,673010384871/1000000,673010384871/1000000,26065,26064,0.0049904026091098785,0.00515519455075264
commit,commit_guarded,CP-AP-r000:q002:d16,CP-AP-r000,64,east-east,W,certified_reference,0.0,0,False,False,True,673010384871/1000000,673010384871/1000000,26065,26064,0.0049904026091098785,0.00515519455075264
commit,commit_raw,CP-AP-r000:q002:d32,CP-AP-r000,128,east-east,A,existing_frozen,0.0,0,False,False,True,674462204247/1000000,674462204247/1000000,105710,22767,0.07252942025661469,0.0075631774961948395
commit,commit_guarded,CP-AP-r000:q002:d32,CP-AP-r000,128,east-east,A,existing_frozen,0.0,0,False,False,True,674462204247/1000000,674462204247/1000000,105710,22767,0.07252942025661469,0.0075631774961948395
commit,commit_raw,CP-AP-r000:q002:d32,CP-AP-r000,128,east-east,A,certified_reference,0.0,0,False,False,True,674462204247/1000000,674462204247/1000000,22767,22767,0.007378771901130676,0.0075631774961948395
commit,commit_guarded,CP-AP-r000:q002:d32,CP-AP-r000,128,east-east,A,certified_reference,0.0,0,False,False,True,674462204247/1000000,674462204247/1000000,22767,22767,0.007378771901130676,0.0075631774961948395
commit,commit_raw,CP-AP-r000:q002:d32,CP-AP-r000,128,east-east,E,existing_frozen,0.0,0,False,False,True,673350849929/1000000,673350849929/1000000,106958,28532,0.06826602295041084,0.008860673755407333
commit,commit_guarded,CP-AP-r000:q002:d32,CP-AP-r000,128,east-east,E,existing_frozen,0.0,0,False,False,True,673350849929/1000000,673350849929/1000000,106958,28532,0.06826602295041084,0.008860673755407333
commit,commit_raw,CP-AP-r000:q002:d32,CP-AP-r000,128,east-east,E,certified_reference,0.0,0,False,False,True,673350849929/1000000,673350849929/1000000,28532,28532,0.009104970842599869,0.008860673755407333
commit,commit_guarded,CP-AP-r000:q002:d32,CP-AP-r000,128,east-east,E,certified_reference,0.0,0,False,False,True,673350849929/1000000,673350849929/1000000,28532,28532,0.009104970842599869,0.008860673755407333
commit,commit_raw,CP-AP-r000:q002:d32,CP-AP-r000,128,east-east,J,existing_frozen,0.0,0,False,False,True,335924267121/500000,335924267121/500000,110257,34833,0.0657053142786026,0.011188849806785583
commit,commit_guarded,CP-AP-r000:q002:d32,CP-AP-r000,128,east-east,J,existing_frozen,0.0,0,False,False,True,672636525897/1000000,672636525897/1000000,110257,34833,0.0657053142786026,0.011188849806785583
commit,commit_raw,CP-AP-r000:q002:d32,CP-AP-r000,128,east-east,J,certified_reference,0.0,0,False,False,True,335924267121/500000,335924267121/500000,34833,34833,0.011077314615249634,0.011188849806785583
commit,commit_guarded,CP-AP-r000:q002:d32,CP-AP-r000,128,east-east,J,certified_reference,0.0,0,False,False,True,672636525897/1000000,672636525897/1000000,34833,34833,0.011077314615249634,0.011188849806785583
commit,commit_raw,CP-AP-r000:q002:d32,CP-AP-r000,128,east-east,W,existing_frozen,0.0,0,False,False,True,67336057343/100000,67336057343/100000,108676,29080,0.06922488659620285,0.010176457464694977
commit,commit_guarded,CP-AP-r000:q002:d32,CP-AP-r000,128,east-east,W,existing_frozen,0.0,0,False,False,True,67336057343/100000,67336057343/100000,108676,29080,0.06922488659620285,0.010176457464694977
commit,commit_raw,CP-AP-r000:q002:d32,CP-AP-r000,128,east-east,W,certified_reference,0.0,0,False,False,True,67336057343/100000,67336057343/100000,29080,29080,0.009985998272895813,0.010176457464694977
commit,commit_guarded,CP-AP-r000:q002:d32,CP-AP-r000,128,east-east,W,certified_reference,0.0,0,False,False,True,67336057343/100000,67336057343/100000,29080,29080,0.009985998272895813,0.010176457464694977
commit,commit_raw,CP-AP-r000:q003:d08,CP-AP-r000,16,east-east,A,existing_frozen,0.0,0,False,False,True,672652388667/1000000,672652388667/1000000,21448,18845,0.004867758601903915,0.0017059296369552612
commit,commit_guarded,CP-AP-r000:q003:d08,CP-AP-r000,16,east-east,A,existing_frozen,0.0,0,False,False,True,672652388667/1000000,672652388667/1000000,21448,18845,0.004867758601903915,0.0017059296369552612
commit,commit_raw,CP-AP-r000:q003:d08,CP-AP-r000,16,east-east,A,certified_reference,4.764231,4764231/1000000,True,False,False,672652388667/1000000,336328576449/500000,18848,18845,0.0015964508056640625,0.0017059296369552612
commit,commit_guarded,CP-AP-r000:q003:d08,CP-AP-r000,16,east-east,A,certified_reference,4.764231,4764231/1000000,True,False,False,672652388667/1000000,336328576449/500000,18848,18845,0.0015964508056640625,0.0017059296369552612
commit,commit_raw,CP-AP-r000:q003:d08,CP-AP-r000,16,east-east,E,existing_frozen,0.0,0,False,False,True,672652388667/1000000,672652388667/1000000,26705,23999,0.006100907921791077,0.0018978789448738098
commit,commit_guarded,CP-AP-r000:q003:d08,CP-AP-r000,16,east-east,E,existing_frozen,0.0,0,False,False,True,672652388667/1000000,672652388667/1000000,26705,23999,0.006100907921791077,0.0018978789448738098
commit,commit_raw,CP-AP-r000:q003:d08,CP-AP-r000,16,east-east,E,certified_reference,4.764231,4764231/1000000,True,False,False,672652388667/1000000,336328576449/500000,24000,23999,0.001764439046382904,0.0018978789448738098
commit,commit_guarded,CP-AP-r000:q003:d08,CP-AP-r000,16,east-east,E,certified_reference,4.764231,4764231/1000000,True,False,False,672652388667/1000000,336328576449/500000,24000,23999,0.001764439046382904,0.0018978789448738098
commit,commit_raw,CP-AP-r000:q003:d08,CP-AP-r000,16,east-east,J,existing_frozen,0.0,0,False,False,True,672636525897/1000000,672636525897/1000000,31952,29225,0.005257230252027512,0.0020609162747859955
commit,commit_guarded,CP-AP-r000:q003:d08,CP-AP-r000,16,east-east,J,existing_frozen,0.0,0,False,False,True,672636525897/1000000,672636525897/1000000,31952,29225,0.005257230252027512,0.0020609162747859955
commit,commit_raw,CP-AP-r000:q003:d08,CP-AP-r000,16,east-east,J,certified_reference,4.764231,4764231/1000000,True,False,False,672636525897/1000000,42040080633/62500,29226,29225,0.0019798539578914642,0.0020609162747859955
commit,commit_guarded,CP-AP-r000:q003:d08,CP-AP-r000,16,east-east,J,certified_reference,4.764231,4764231/1000000,True,False,False,672636525897/1000000,42040080633/62500,29226,29225,0.0019798539578914642,0.0020609162747859955
commit,commit_raw,CP-AP-r000:q003:d08,CP-AP-r000,16,east-east,W,existing_frozen,0.0,0,False,False,True,672636525897/1000000,672636525897/1000000,26689,24065,0.0051469579339027405,0.001954212784767151
commit,commit_guarded,CP-AP-r000:q003:d08,CP-AP-r000,16,east-east,W,existing_frozen,0.0,0,False,False,True,672636525897/1000000,672636525897/1000000,26689,24065,0.0051469579339027405,0.001954212784767151
commit,commit_raw,CP-AP-r000:q003:d08,CP-AP-r000,16,east-east,W,certified_reference,4.764231,4764231/1000000,True,False,False,672636525897/1000000,42040080633/62500,24068,24065,0.001828312873840332,0.001954212784767151
commit,commit_guarded,CP-AP-r000:q003:d08,CP-AP-r000,16,east-east,W,certified_reference,4.764231,4764231/1000000,True,False,False,672636525897/1000000,42040080633/62500,24068,24065,0.001828312873840332,0.001954212784767151
commit,commit_raw,CP-AP-r000:q003:d16,CP-AP-r000,64,east-east,A,existing_frozen,0.0,0,False,False,True,336401840669/500000,336401840669/500000,42460,20300,0.02287416160106659,0.0037510357797145844
commit,commit_guarded,CP-AP-r000:q003:d16,CP-AP-r000,64,east-east,A,existing_frozen,0.0,0,False,False,True,336401840669/500000,336401840669/500000,42460,20300,0.02287416160106659,0.0037510357797145844
commit,commit_raw,CP-AP-r000:q003:d16,CP-AP-r000,64,east-east,A,certified_reference,0.0,0,False,False,True,336401840669/500000,336401840669/500000,20300,20300,0.0036459043622016907,0.0037510357797145844
commit,commit_guarded,CP-AP-r000:q003:d16,CP-AP-r000,64,east-east,A,certified_reference,0.0,0,False,False,True,336401840669/500000,336401840669/500000,20300,20300,0.0036459043622016907,0.0037510357797145844
commit,commit_raw,CP-AP-r000:q003:d16,CP-AP-r000,64,east-east,E,existing_frozen,-2.363072,-36923/15625,False,True,False,672617984511/1000000,672615621439/1000000,47743,25814,0.023693952709436417,0.004599966108798981
commit,commit_guarded,CP-AP-r000:q003:d16,CP-AP-r000,64,east-east,E,existing_frozen,0.0,0,False,False,True,672636525897/1000000,672636525897/1000000,47743,25814,0.023693952709436417,0.004599966108798981
commit,commit_raw,CP-AP-r000:q003:d16,CP-AP-r000,64,east-east,E,certified_reference,0.0,0,False,False,True,672617984511/1000000,672617984511/1000000,25815,25814,0.004402335733175278,0.004599966108798981
commit,commit_guarded,CP-AP-r000:q003:d16,CP-AP-r000,64,east-east,E,certified_reference,0.0,0,False,False,True,672636525897/1000000,672636525897/1000000,25815,25814,0.004402335733175278,0.004599966108798981
commit,commit_raw,CP-AP-r000:q003:d16,CP-AP-r000,64,east-east,J,existing_frozen,-6.300723,-6300723/1000000,False,True,False,21020032267/31250,672634731821/1000000,52741,31202,0.02334105595946312,0.005050823092460632
commit,commit_guarded,CP-AP-r000:q003:d16,CP-AP-r000,64,east-east,J,existing_frozen,-4.506647,-4506647/1000000,False,True,False,21020032267/31250,672636525897/1000000,52741,31202,0.02334105595946312,0.005050823092460632
commit,commit_raw,CP-AP-r000:q003:d16,CP-AP-r000,64,east-east,J,certified_reference,0.0,0,False,False,True,21020032267/31250,21020032267/31250,31203,31202,0.004817642271518707,0.005050823092460632
commit,commit_guarded,CP-AP-r000:q003:d16,CP-AP-r000,64,east-east,J,certified_reference,0.0,0,False,False,True,21020032267/31250,21020032267/31250,31203,31202,0.004817642271518707,0.005050823092460632
commit,commit_raw,CP-AP-r000:q003:d16,CP-AP-r000,64,east-east,W,existing_frozen,0.0,0,False,False,True,134581474173/200000,134581474173/200000,47505,25660,0.022921878844499588,0.004280567169189453
commit,commit_guarded,CP-AP-r000:q003:d16,CP-AP-r000,64,east-east,W,existing_frozen,0.0,0,False,False,True,134581474173/200000,134581474173/200000,47505,25660,0.022921878844499588,0.004280567169189453
commit,commit_raw,CP-AP-r000:q003:d16,CP-AP-r000,64,east-east,W,certified_reference,0.0,0,False,False,True,134581474173/200000,134581474173/200000,25660,25660,0.0041080862283706665,0.004280567169189453
commit,commit_guarded,CP-AP-r000:q003:d16,CP-AP-r000,64,east-east,W,certified_reference,0.0,0,False,False,True,134581474173/200000,134581474173/200000,25660,25660,0.0041080862283706665,0.004280567169189453
commit,commit_raw,CP-AP-r000:q003:d32,CP-AP-r000,128,east-east,A,existing_frozen,-51.34315,-1026863/20000,False,True,False,673203819373/1000000,673152476223/1000000,106133,22741,0.0706590823829174,0.0068610720336437225
commit,commit_guarded,CP-AP-r000:q003:d32,CP-AP-r000,128,east-east,A,existing_frozen,-51.34315,-1026863/20000,False,True,False,673203819373/1000000,673152476223/1000000,106133,22741,0.0706590823829174,0.0068610720336437225
commit,commit_raw,CP-AP-r000:q003:d32,CP-AP-r000,128,east-east,A,certified_reference,0.0,0,False,False,True,673203819373/1000000,673203819373/1000000,22741,22741,0.006655801087617874,0.0068610720336437225
commit,commit_guarded,CP-AP-r000:q003:d32,CP-AP-r000,128,east-east,A,certified_reference,0.0,0,False,False,True,673203819373/1000000,673203819373/1000000,22741,22741,0.006655801087617874,0.0068610720336437225
commit,commit_raw,CP-AP-r000:q003:d32,CP-AP-r000,128,east-east,E,existing_frozen,3.903343,3903343/1000000,True,False,False,13456404863/20000,672824146493/1000000,106131,28833,0.06597484275698662,0.009046092629432678
commit,commit_guarded,CP-AP-r000:q003:d32,CP-AP-r000,128,east-east,E,existing_frozen,3.903343,3903343/1000000,True,False,False,13456404863/20000,672824146493/1000000,106131,28833,0.06597484275698662,0.009046092629432678
commit,commit_raw,CP-AP-r000:q003:d32,CP-AP-r000,128,east-east,E,certified_reference,0.0,0,False,False,True,13456404863/20000,13456404863/20000,28833,28833,0.008868444710969925,0.009046092629432678
commit,commit_guarded,CP-AP-r000:q003:d32,CP-AP-r000,128,east-east,E,certified_reference,0.0,0,False,False,True,13456404863/20000,13456404863/20000,28833,28833,0.008868444710969925,0.009046092629432678
commit,commit_raw,CP-AP-r000:q003:d32,CP-AP-r000,128,east-east,J,existing_frozen,-7.146923,-7146923/1000000,False,True,False,134533423591/200000,84082496379/125000,108459,34882,0.06406508013606071,0.010659318417310715
commit,commit_guarded,CP-AP-r000:q003:d32,CP-AP-r000,128,east-east,J,existing_frozen,-7.146923,-7146923/1000000,False,True,False,134533423591/200000,84082496379/125000,108459,34882,0.06406508013606071,0.010659318417310715
commit,commit_raw,CP-AP-r000:q003:d32,CP-AP-r000,128,east-east,J,certified_reference,0.0,0,False,False,True,134533423591/200000,134533423591/200000,34882,34882,0.01138325035572052,0.010659318417310715
commit,commit_guarded,CP-AP-r000:q003:d32,CP-AP-r000,128,east-east,J,certified_reference,0.0,0,False,False,True,134533423591/200000,134533423591/200000,34882,34882,0.01138325035572052,0.010659318417310715
commit,commit_raw,CP-AP-r000:q003:d32,CP-AP-r000,128,east-east,W,existing_frozen,-51.34315,-1026863/20000,False,True,False,168259001011/250000,336492330447/500000,107947,28818,0.06810348108410835,0.00891966000199318
commit,commit_guarded,CP-AP-r000:q003:d32,CP-AP-r000,128,east-east,W,existing_frozen,-51.34315,-1026863/20000,False,True,False,168259001011/250000,336492330447/500000,107947,28818,0.06810348108410835,0.00891966000199318
commit,commit_raw,CP-AP-r000:q003:d32,CP-AP-r000,128,east-east,W,certified_reference,0.0,0,False,False,True,168259001011/250000,168259001011/250000,28818,28818,0.008747365325689316,0.00891966000199318
commit,commit_guarded,CP-AP-r000:q003:d32,CP-AP-r000,128,east-east,W,certified_reference,0.0,0,False,False,True,168259001011/250000,168259001011/250000,28818,28818,0.008747365325689316,0.00891966000199318
commit,commit_raw,CP-AP-r000:q004:d08,CP-AP-r000,16,east-east,A,existing_frozen,0.0,0,False,False,True,33632182269/50000,33632182269/50000,21317,18787,0.0056307874619960785,0.0020088255405426025
commit,commit_guarded,CP-AP-r000:q004:d08,CP-AP-r000,16,east-east,A,existing_frozen,0.0,0,False,False,True,33632182269/50000,33632182269/50000,21317,18787,0.0056307874619960785,0.0020088255405426025
commit,commit_raw,CP-AP-r000:q004:d08,CP-AP-r000,16,east-east,A,certified_reference,4.764231,4764231/1000000,True,False,False,33632182269/50000,672648409611/1000000,18790,18787,0.0016650781035423279,0.0020088255405426025
commit,commit_guarded,CP-AP-r000:q004:d08,CP-AP-r000,16,east-east,A,certified_reference,4.764231,4764231/1000000,True,False,False,33632182269/50000,672648409611/1000000,18790,18787,0.0016650781035423279,0.0020088255405426025
commit,commit_raw,CP-AP-r000:q004:d08,CP-AP-r000,16,east-east,E,existing_frozen,0.0,0,False,False,True,33632182269/50000,33632182269/50000,26580,23966,0.005189899355173111,0.0018431581556797028
commit,commit_guarded,CP-AP-r000:q004:d08,CP-AP-r000,16,east-east,E,existing_frozen,0.0,0,False,False,True,33632182269/50000,33632182269/50000,26580,23966,0.005189899355173111,0.0018431581556797028
commit,commit_raw,CP-AP-r000:q004:d08,CP-AP-r000,16,east-east,E,certified_reference,4.764231,4764231/1000000,True,False,False,33632182269/50000,672648409611/1000000,23965,23966,0.0017507821321487427,0.0018431581556797028
commit,commit_guarded,CP-AP-r000:q004:d08,CP-AP-r000,16,east-east,E,certified_reference,4.764231,4764231/1000000,True,False,False,33632182269/50000,672648409611/1000000,23965,23966,0.0017507821321487427,0.0018431581556797028
commit,commit_raw,CP-AP-r000:q004:d08,CP-AP-r000,16,east-east,J,existing_frozen,0.0,0,False,False,True,672636525897/1000000,672636525897/1000000,31783,29172,0.005163170397281647,0.0019724667072296143
commit,commit_guarded,CP-AP-r000:q004:d08,CP-AP-r000,16,east-east,J,existing_frozen,0.0,0,False,False,True,672636525897/1000000,672636525897/1000000,31783,29172,0.005163170397281647,0.0019724667072296143
commit,commit_raw,CP-AP-r000:q004:d08,CP-AP-r000,16,east-east,J,certified_reference,4.764231,4764231/1000000,True,False,False,672636525897/1000000,42040080633/62500,29171,29172,0.0018725916743278503,0.0019724667072296143
commit,commit_guarded,CP-AP-r000:q004:d08,CP-AP-r000,16,east-east,J,certified_reference,4.764231,4764231/1000000,True,False,False,672636525897/1000000,42040080633/62500,29171,29172,0.0018725916743278503,0.0019724667072296143
commit,commit_raw,CP-AP-r000:q004:d08,CP-AP-r000,16,east-east,W,existing_frozen,0.0,0,False,False,True,672636525897/1000000,672636525897/1000000,26516,23989,0.005975436419248581,0.002480730414390564
commit,commit_guarded,CP-AP-r000:q004:d08,CP-AP-r000,16,east-east,W,existing_frozen,0.0,0,False,False,True,672636525897/1000000,672636525897/1000000,26516,23989,0.005975436419248581,0.002480730414390564
commit,commit_raw,CP-AP-r000:q004:d08,CP-AP-r000,16,east-east,W,certified_reference,4.764231,4764231/1000000,True,False,False,672636525897/1000000,42040080633/62500,23992,23989,0.0021535828709602356,0.002480730414390564
commit,commit_guarded,CP-AP-r000:q004:d08,CP-AP-r000,16,east-east,W,certified_reference,4.764231,4764231/1000000,True,False,False,672636525897/1000000,42040080633/62500,23992,23989,0.0021535828709602356,0.002480730414390564
commit,commit_raw,CP-AP-r000:q004:d16,CP-AP-r000,64,east-east,A,existing_frozen,0.0,0,False,False,True,336401840669/500000,336401840669/500000,42460,20300,0.02408437430858612,0.0038482211530208588
commit,commit_guarded,CP-AP-r000:q004:d16,CP-AP-r000,64,east-east,A,existing_frozen,0.0,0,False,False,True,336401840669/500000,336401840669/500000,42460,20300,0.02408437430858612,0.0038482211530208588
commit,commit_raw,CP-AP-r000:q004:d16,CP-AP-r000,64,east-east,A,certified_reference,0.0,0,False,False,True,336401840669/500000,336401840669/500000,20300,20300,0.0037093758583068848,0.0038482211530208588
commit,commit_guarded,CP-AP-r000:q004:d16,CP-AP-r000,64,east-east,A,certified_reference,0.0,0,False,False,True,336401840669/500000,336401840669/500000,20300,20300,0.0037093758583068848,0.0038482211530208588
commit,commit_raw,CP-AP-r000:q004:d16,CP-AP-r000,64,east-east,E,existing_frozen,-2.363072,-36923/15625,False,True,False,672617984511/1000000,672615621439/1000000,47743,25814,0.02396533638238907,0.004588201642036438
commit,commit_guarded,CP-AP-r000:q004:d16,CP-AP-r000,64,east-east,E,existing_frozen,0.0,0,False,False,True,672636525897/1000000,672636525897/1000000,47743,25814,0.02396533638238907,0.004588201642036438
commit,commit_raw,CP-AP-r000:q004:d16,CP-AP-r000,64,east-east,E,certified_reference,0.0,0,False,False,True,672617984511/1000000,672617984511/1000000,25815,25814,0.004442565143108368,0.004588201642036438
commit,commit_guarded,CP-AP-r000:q004:d16,CP-AP-r000,64,east-east,E,certified_reference,0.0,0,False,False,True,672636525897/1000000,672636525897/1000000,25815,25814,0.004442565143108368,0.004588201642036438
commit,commit_raw,CP-AP-r000:q004:d16,CP-AP-r000,64,east-east,J,existing_frozen,-6.300723,-6300723/1000000,False,True,False,21020032267/31250,672634731821/1000000,52741,31202,0.024638600647449493,0.00537460669875145
commit,commit_guarded,CP-AP-r000:q004:d16,CP-AP-r000,64,east-east,J,existing_frozen,-4.506647,-4506647/1000000,False,True,False,21020032267/31250,672636525897/1000000,52741,31202,0.024638600647449493,0.00537460669875145
commit,commit_raw,CP-AP-r000:q004:d16,CP-AP-r000,64,east-east,J,certified_reference,0.0,0,False,False,True,21020032267/31250,21020032267/31250,31203,31202,0.00558818131685257,0.00537460669875145
commit,commit_guarded,CP-AP-r000:q004:d16,CP-AP-r000,64,east-east,J,certified_reference,0.0,0,False,False,True,21020032267/31250,21020032267/31250,31203,31202,0.00558818131685257,0.00537460669875145
commit,commit_raw,CP-AP-r000:q004:d16,CP-AP-r000,64,east-east,W,existing_frozen,0.0,0,False,False,True,134581474173/200000,134581474173/200000,47505,25660,0.022931713610887527,0.0042534396052360535
commit,commit_guarded,CP-AP-r000:q004:d16,CP-AP-r000,64,east-east,W,existing_frozen,0.0,0,False,False,True,134581474173/200000,134581474173/200000,47505,25660,0.022931713610887527,0.0042534396052360535
commit,commit_raw,CP-AP-r000:q004:d16,CP-AP-r000,64,east-east,W,certified_reference,0.0,0,False,False,True,134581474173/200000,134581474173/200000,25660,25660,0.004081469029188156,0.0042534396052360535
commit,commit_guarded,CP-AP-r000:q004:d16,CP-AP-r000,64,east-east,W,certified_reference,0.0,0,False,False,True,134581474173/200000,134581474173/200000,25660,25660,0.004081469029188156,0.0042534396052360535
commit,commit_raw,CP-AP-r000:q004:d32,CP-AP-r000,128,east-east,A,existing_frozen,-51.34315,-1026863/20000,False,True,False,673203819373/1000000,673152476223/1000000,106133,22741,0.07024544477462769,0.006836008280515671
commit,commit_guarded,CP-AP-r000:q004:d32,CP-AP-r000,128,east-east,A,existing_frozen,-51.34315,-1026863/20000,False,True,False,673203819373/1000000,673152476223/1000000,106133,22741,0.07024544477462769,0.006836008280515671
commit,commit_raw,CP-AP-r000:q004:d32,CP-AP-r000,128,east-east,A,certified_reference,0.0,0,False,False,True,673203819373/1000000,673203819373/1000000,22741,22741,0.006643928587436676,0.006836008280515671
commit,commit_guarded,CP-AP-r000:q004:d32,CP-AP-r000,128,east-east,A,certified_reference,0.0,0,False,False,True,673203819373/1000000,673203819373/1000000,22741,22741,0.006643928587436676,0.006836008280515671
commit,commit_raw,CP-AP-r000:q004:d32,CP-AP-r000,128,east-east,E,existing_frozen,3.903343,3903343/1000000,True,False,False,13456404863/20000,672824146493/1000000,106131,28833,0.0667855478823185,0.009165197610855103
commit,commit_guarded,CP-AP-r000:q004:d32,CP-AP-r000,128,east-east,E,existing_frozen,3.903343,3903343/1000000,True,False,False,13456404863/20000,672824146493/1000000,106131,28833,0.0667855478823185,0.009165197610855103
commit,commit_raw,CP-AP-r000:q004:d32,CP-AP-r000,128,east-east,E,certified_reference,0.0,0,False,False,True,13456404863/20000,13456404863/20000,28833,28833,0.008818712085485458,0.009165197610855103
commit,commit_guarded,CP-AP-r000:q004:d32,CP-AP-r000,128,east-east,E,certified_reference,0.0,0,False,False,True,13456404863/20000,13456404863/20000,28833,28833,0.008818712085485458,0.009165197610855103
commit,commit_raw,CP-AP-r000:q004:d32,CP-AP-r000,128,east-east,J,existing_frozen,-7.146923,-7146923/1000000,False,True,False,134533423591/200000,84082496379/125000,108459,34882,0.0634564496576786,0.010821636766195297
commit,commit_guarded,CP-AP-r000:q004:d32,CP-AP-r000,128,east-east,J,existing_frozen,-7.146923,-7146923/1000000,False,True,False,134533423591/200000,84082496379/125000,108459,34882,0.0634564496576786,0.010821636766195297
commit,commit_raw,CP-AP-r000:q004:d32,CP-AP-r000,128,east-east,J,certified_reference,0.0,0,False,False,True,134533423591/200000,134533423591/200000,34882,34882,0.010369822382926941,0.010821636766195297
commit,commit_guarded,CP-AP-r000:q004:d32,CP-AP-r000,128,east-east,J,certified_reference,0.0,0,False,False,True,134533423591/200000,134533423591/200000,34882,34882,0.010369822382926941,0.010821636766195297
commit,commit_raw,CP-AP-r000:q004:d32,CP-AP-r000,128,east-east,W,existing_frozen,-51.34315,-1026863/20000,False,True,False,168259001011/250000,336492330447/500000,107947,28818,0.0680072121322155,0.008901726454496384
commit,commit_guarded,CP-AP-r000:q004:d32,CP-AP-r000,128,east-east,W,existing_frozen,-51.34315,-1026863/20000,False,True,False,168259001011/250000,336492330447/500000,107947,28818,0.0680072121322155,0.008901726454496384
commit,commit_raw,CP-AP-r000:q004:d32,CP-AP-r000,128,east-east,W,certified_reference,0.0,0,False,False,True,168259001011/250000,168259001011/250000,28818,28818,0.008784089237451553,0.008901726454496384
commit,commit_guarded,CP-AP-r000:q004:d32,CP-AP-r000,128,east-east,W,certified_reference,0.0,0,False,False,True,168259001011/250000,168259001011/250000,28818,28818,0.008784089237451553,0.008901726454496384
commit,commit_raw,CP-AP-r000:q005:d08,CP-AP-r000,16,west-west,A,existing_frozen,0.0,0,False,False,True,672698230947/1000000,672698230947/1000000,21326,18787,0.0046486929059028625,0.0015704445540904999
commit,commit_guarded,CP-AP-r000:q005:d08,CP-AP-r000,16,west-west,A,existing_frozen,0.0,0,False,False,True,672698230947/1000000,672698230947/1000000,21326,18787,0.0046486929059028625,0.0015704445540904999
commit,commit_raw,CP-AP-r000:q005:d08,CP-AP-r000,16,west-west,A,certified_reference,0.0,0,False,False,True,672698230947/1000000,672698230947/1000000,18788,18787,0.001455996185541153,0.0015704445540904999
commit,commit_guarded,CP-AP-r000:q005:d08,CP-AP-r000,16,west-west,A,certified_reference,0.0,0,False,False,True,672698230947/1000000,672698230947/1000000,18788,18787,0.001455996185541153,0.0015704445540904999
commit,commit_raw,CP-AP-r000:q005:d08,CP-AP-r000,16,west-west,E,existing_frozen,0.0,0,False,False,True,672698230947/1000000,672698230947/1000000,26444,23884,0.004866212606430054,0.0017578639090061188
commit,commit_guarded,CP-AP-r000:q005:d08,CP-AP-r000,16,west-west,E,existing_frozen,0.0,0,False,False,True,672698230947/1000000,672698230947/1000000,26444,23884,0.004866212606430054,0.0017578639090061188
commit,commit_raw,CP-AP-r000:q005:d08,CP-AP-r000,16,west-west,E,certified_reference,0.0,0,False,False,True,672698230947/1000000,672698230947/1000000,23885,23884,0.0016129277646541595,0.0017578639090061188
commit,commit_guarded,CP-AP-r000:q005:d08,CP-AP-r000,16,west-west,E,certified_reference,0.0,0,False,False,True,672698230947/1000000,672698230947/1000000,23885,23884,0.0016129277646541595,0.0017578639090061188
commit,commit_raw,CP-AP-r000:q005:d08,CP-AP-r000,16,west-west,J,existing_frozen,-496.953166,-248476583/500000,False,True,False,672636525897/1000000,672139572731/1000000,31651,29174,0.004824604839086533,0.001962423324584961
commit,commit_guarded,CP-AP-r000:q005:d08,CP-AP-r000,16,west-west,J,existing_frozen,0.0,0,False,False,True,672636525897/1000000,672636525897/1000000,31651,29174,0.004824604839086533,0.001962423324584961
commit,commit_raw,CP-AP-r000:q005:d08,CP-AP-r000,16,west-west,J,certified_reference,0.0,0,False,False,True,672636525897/1000000,672636525897/1000000,29175,29174,0.0018139109015464783,0.001962423324584961
commit,commit_guarded,CP-AP-r000:q005:d08,CP-AP-r000,16,west-west,J,certified_reference,0.0,0,False,False,True,672636525897/1000000,672636525897/1000000,29175,29174,0.0018139109015464783,0.001962423324584961
commit,commit_raw,CP-AP-r000:q005:d08,CP-AP-r000,16,west-west,W,existing_frozen,-496.953166,-248476583/500000,False,True,False,672636525897/1000000,672139572731/1000000,26527,24071,0.004791237413883209,0.001813732087612152
commit,commit_guarded,CP-AP-r000:q005:d08,CP-AP-r000,16,west-west,W,existing_frozen,0.0,0,False,False,True,672636525897/1000000,672636525897/1000000,26527,24071,0.004791237413883209,0.001813732087612152
commit,commit_raw,CP-AP-r000:q005:d08,CP-AP-r000,16,west-west,W,certified_reference,0.0,0,False,False,True,672636525897/1000000,672636525897/1000000,24072,24071,0.0017489530146121979,0.001813732087612152
commit,commit_guarded,CP-AP-r000:q005:d08,CP-AP-r000,16,west-west,W,certified_reference,0.0,0,False,False,True,672636525897/1000000,672636525897/1000000,24072,24071,0.0017489530146121979,0.001813732087612152
commit,commit_raw,CP-AP-r000:q005:d16,CP-AP-r000,64,west-west,A,existing_frozen,0.0,0,False,False,True,84104008997/125000,84104008997/125000,43654,20487,0.023638654500246048,0.0038139186799526215
commit,commit_guarded,CP-AP-r000:q005:d16,CP-AP-r000,64,west-west,A,existing_frozen,0.0,0,False,False,True,84104008997/125000,84104008997/125000,43654,20487,0.023638654500246048,0.0038139186799526215
commit,commit_raw,CP-AP-r000:q005:d16,CP-AP-r000,64,west-west,A,certified_reference,0.0,0,False,False,True,84104008997/125000,84104008997/125000,20487,20487,0.0036453381180763245,0.0038139186799526215
commit,commit_guarded,CP-AP-r000:q005:d16,CP-AP-r000,64,west-west,A,certified_reference,0.0,0,False,False,True,84104008997/125000,84104008997/125000,20487,20487,0.0036453381180763245,0.0038139186799526215
commit,commit_raw,CP-AP-r000:q005:d16,CP-AP-r000,64,west-west,E,existing_frozen,0.0,0,False,False,True,672791960309/1000000,672791960309/1000000,48521,25792,0.0241776742041111,0.004435122013092041
commit,commit_guarded,CP-AP-r000:q005:d16,CP-AP-r000,64,west-west,E,existing_frozen,0.0,0,False,False,True,672791960309/1000000,672791960309/1000000,48521,25792,0.0241776742041111,0.004435122013092041
commit,commit_raw,CP-AP-r000:q005:d16,CP-AP-r000,64,west-west,E,certified_reference,0.0,0,False,False,True,672791960309/1000000,672791960309/1000000,25792,25792,0.004254158586263657,0.004435122013092041
commit,commit_guarded,CP-AP-r000:q005:d16,CP-AP-r000,64,west-west,E,certified_reference,0.0,0,False,False,True,672791960309/1000000,672791960309/1000000,25792,25792,0.004254158586263657,0.004435122013092041
commit,commit_raw,CP-AP-r000:q005:d16,CP-AP-r000,64,west-west,J,existing_frozen,0.0,0,False,False,True,672091903651/1000000,672091903651/1000000,53287,31391,0.024029560387134552,0.005165856331586838
commit,commit_guarded,CP-AP-r000:q005:d16,CP-AP-r000,64,west-west,J,existing_frozen,0.0,0,False,False,True,672636525897/1000000,672636525897/1000000,53287,31391,0.024029560387134552,0.005165856331586838
commit,commit_raw,CP-AP-r000:q005:d16,CP-AP-r000,64,west-west,J,certified_reference,490.878138,245439069/500000,True,False,False,672091903651/1000000,672582781789/1000000,31436,31391,0.005093693733215332,0.005165856331586838
commit,commit_guarded,CP-AP-r000:q005:d16,CP-AP-r000,64,west-west,J,certified_reference,0.0,0,False,False,True,672636525897/1000000,672636525897/1000000,31436,31391,0.005093693733215332,0.005165856331586838
commit,commit_raw,CP-AP-r000:q005:d16,CP-AP-r000,64,west-west,W,existing_frozen,0.0,0,False,False,True,67260904921/100000,67260904921/100000,48360,26106,0.023838069289922714,0.004913024604320526
commit,commit_guarded,CP-AP-r000:q005:d16,CP-AP-r000,64,west-west,W,existing_frozen,0.0,0,False,False,True,672636525897/1000000,672636525897/1000000,48360,26106,0.023838069289922714,0.004913024604320526
commit,commit_raw,CP-AP-r000:q005:d16,CP-AP-r000,64,west-west,W,certified_reference,29.707016,3713377/125000,True,False,False,67260904921/100000,336319378113/500000,26117,26106,0.004602223634719849,0.004913024604320526
commit,commit_guarded,CP-AP-r000:q005:d16,CP-AP-r000,64,west-west,W,certified_reference,2.230329,2230329/1000000,True,False,False,672636525897/1000000,336319378113/500000,26117,26106,0.004602223634719849,0.004913024604320526
commit,commit_raw,CP-AP-r000:q005:d32,CP-AP-r000,128,west-west,A,existing_frozen,0.0,0,False,False,True,168232528723/250000,168232528723/250000,103692,22674,0.06872592493891716,0.006575252860784531
commit,commit_guarded,CP-AP-r000:q005:d32,CP-AP-r000,128,west-west,A,existing_frozen,0.0,0,False,False,True,168232528723/250000,168232528723/250000,103692,22674,0.06872592493891716,0.006575252860784531
commit,commit_raw,CP-AP-r000:q005:d32,CP-AP-r000,128,west-west,A,certified_reference,0.0,0,False,False,True,168232528723/250000,168232528723/250000,22674,22674,0.006466750055551529,0.006575252860784531
commit,commit_guarded,CP-AP-r000:q005:d32,CP-AP-r000,128,west-west,A,certified_reference,0.0,0,False,False,True,168232528723/250000,168232528723/250000,22674,22674,0.006466750055551529,0.006575252860784531
commit,commit_raw,CP-AP-r000:q005:d32,CP-AP-r000,128,west-west,E,existing_frozen,0.0,0,False,False,True,13456404863/20000,13456404863/20000,105284,28779,0.06526175513863564,0.008924607187509537
commit,commit_guarded,CP-AP-r000:q005:d32,CP-AP-r000,128,west-west,E,existing_frozen,0.0,0,False,False,True,13456404863/20000,13456404863/20000,105284,28779,0.06526175513863564,0.008924607187509537
commit,commit_raw,CP-AP-r000:q005:d32,CP-AP-r000,128,west-west,E,certified_reference,0.0,0,False,False,True,13456404863/20000,13456404863/20000,28779,28779,0.008719824254512787,0.008924607187509537
commit,commit_guarded,CP-AP-r000:q005:d32,CP-AP-r000,128,west-west,E,certified_reference,0.0,0,False,False,True,13456404863/20000,13456404863/20000,28779,28779,0.008719824254512787,0.008924607187509537
commit,commit_raw,CP-AP-r000:q005:d32,CP-AP-r000,128,west-west,J,existing_frozen,0.0,0,False,False,True,336244750641/500000,336244750641/500000,107247,34797,0.06305983662605286,0.011380862444639206
commit,commit_guarded,CP-AP-r000:q005:d32,CP-AP-r000,128,west-west,J,existing_frozen,0.0,0,False,False,True,672636525897/1000000,672636525897/1000000,107247,34797,0.06305983662605286,0.011380862444639206
commit,commit_raw,CP-AP-r000:q005:d32,CP-AP-r000,128,west-west,J,certified_reference,0.0,0,False,False,True,336244750641/500000,336244750641/500000,34797,34797,0.010289177298545837,0.011380862444639206
commit,commit_guarded,CP-AP-r000:q005:d32,CP-AP-r000,128,west-west,J,certified_reference,0.0,0,False,False,True,672636525897/1000000,672636525897/1000000,34797,34797,0.010289177298545837,0.011380862444639206
commit,commit_raw,CP-AP-r000:q005:d32,CP-AP-r000,128,west-west,W,existing_frozen,0.0,0,False,False,True,672708751161/1000000,672708751161/1000000,105307,28724,0.06482863426208496,0.00845867395401001
commit,commit_guarded,CP-AP-r000:q005:d32,CP-AP-r000,128,west-west,W,existing_frozen,0.0,0,False,False,True,672708751161/1000000,672708751161/1000000,105307,28724,0.06482863426208496,0.00845867395401001
commit,commit_raw,CP-AP-r000:q005:d32,CP-AP-r000,128,west-west,W,certified_reference,0.0,0,False,False,True,672708751161/1000000,672708751161/1000000,28724,28724,0.008310366421937943,0.00845867395401001
commit,commit_guarded,CP-AP-r000:q005:d32,CP-AP-r000,128,west-west,W,certified_reference,0.0,0,False,False,True,672708751161/1000000,672708751161/1000000,28724,28724,0.008310366421937943,0.00845867395401001
commit,commit_raw,CP-AP-r000:q006:d08,CP-AP-r000,16,west-west,A,existing_frozen,0.0,0,False,False,True,672698230947/1000000,672698230947/1000000,21326,18787,0.004669129848480225,0.0015483014285564423
commit,commit_guarded,CP-AP-r000:q006:d08,CP-AP-r000,16,west-west,A,existing_frozen,0.0,0,False,False,True,672698230947/1000000,672698230947/1000000,21326,18787,0.004669129848480225,0.0015483014285564423
commit,commit_raw,CP-AP-r000:q006:d08,CP-AP-r000,16,west-west,A,certified_reference,0.0,0,False,False,True,672698230947/1000000,672698230947/1000000,18788,18787,0.0014354735612869263,0.0015483014285564423
commit,commit_guarded,CP-AP-r000:q006:d08,CP-AP-r000,16,west-west,A,certified_reference,0.0,0,False,False,True,672698230947/1000000,672698230947/1000000,18788,18787,0.0014354735612869263,0.0015483014285564423
commit,commit_raw,CP-AP-r000:q006:d08,CP-AP-r000,16,west-west,E,existing_frozen,0.0,0,False,False,True,672698230947/1000000,672698230947/1000000,26444,23884,0.004845060408115387,0.0017188936471939087
commit,commit_guarded,CP-AP-r000:q006:d08,CP-AP-r000,16,west-west,E,existing_frozen,0.0,0,False,False,True,672698230947/1000000,672698230947/1000000,26444,23884,0.004845060408115387,0.0017188936471939087
commit,commit_raw,CP-AP-r000:q006:d08,CP-AP-r000,16,west-west,E,certified_reference,0.0,0,False,False,True,672698230947/1000000,672698230947/1000000,23885,23884,0.0016275271773338318,0.0017188936471939087
commit,commit_guarded,CP-AP-r000:q006:d08,CP-AP-r000,16,west-west,E,certified_reference,0.0,0,False,False,True,672698230947/1000000,672698230947/1000000,23885,23884,0.0016275271773338318,0.0017188936471939087
commit,commit_raw,CP-AP-r000:q006:d08,CP-AP-r000,16,west-west,J,existing_frozen,-496.953166,-248476583/500000,False,True,False,672636525897/1000000,672139572731/1000000,31651,29174,0.004877272993326187,0.0019305311143398285
commit,commit_guarded,CP-AP-r000:q006:d08,CP-AP-r000,16,west-west,J,existing_frozen,0.0,0,False,False,True,672636525897/1000000,672636525897/1000000,31651,29174,0.004877272993326187,0.0019305311143398285
commit,commit_raw,CP-AP-r000:q006:d08,CP-AP-r000,16,west-west,J,certified_reference,0.0,0,False,False,True,672636525897/1000000,672636525897/1000000,29175,29174,0.0017866343259811401,0.0019305311143398285
commit,commit_guarded,CP-AP-r000:q006:d08,CP-AP-r000,16,west-west,J,certified_reference,0.0,0,False,False,True,672636525897/1000000,672636525897/1000000,29175,29174,0.0017866343259811401,0.0019305311143398285
commit,commit_raw,CP-AP-r000:q006:d08,CP-AP-r000,16,west-west,W,existing_frozen,-496.953166,-248476583/500000,False,True,False,672636525897/1000000,672139572731/1000000,26527,24071,0.004730340093374252,0.0017986707389354706
commit,commit_guarded,CP-AP-r000:q006:d08,CP-AP-r000,16,west-west,W,existing_frozen,0.0,0,False,False,True,672636525897/1000000,672636525897/1000000,26527,24071,0.004730340093374252,0.0017986707389354706
commit,commit_raw,CP-AP-r000:q006:d08,CP-AP-r000,16,west-west,W,certified_reference,0.0,0,False,False,True,672636525897/1000000,672636525897/1000000,24072,24071,0.0016949288547039032,0.0017986707389354706
commit,commit_guarded,CP-AP-r000:q006:d08,CP-AP-r000,16,west-west,W,certified_reference,0.0,0,False,False,True,672636525897/1000000,672636525897/1000000,24072,24071,0.0016949288547039032,0.0017986707389354706
commit,commit_raw,CP-AP-r000:q006:d16,CP-AP-r000,64,west-west,A,existing_frozen,0.0,0,False,False,True,84104008997/125000,84104008997/125000,43654,20487,0.02378898113965988,0.003814384341239929
commit,commit_guarded,CP-AP-r000:q006:d16,CP-AP-r000,64,west-west,A,existing_frozen,0.0,0,False,False,True,84104008997/125000,84104008997/125000,43654,20487,0.02378898113965988,0.003814384341239929
commit,commit_raw,CP-AP-r000:q006:d16,CP-AP-r000,64,west-west,A,certified_reference,0.0,0,False,False,True,84104008997/125000,84104008997/125000,20487,20487,0.00364849716424942,0.003814384341239929
commit,commit_guarded,CP-AP-r000:q006:d16,CP-AP-r000,64,west-west,A,certified_reference,0.0,0,False,False,True,84104008997/125000,84104008997/125000,20487,20487,0.00364849716424942,0.003814384341239929
commit,commit_raw,CP-AP-r000:q006:d16,CP-AP-r000,64,west-west,E,existing_frozen,0.0,0,False,False,True,672791960309/1000000,672791960309/1000000,48521,25792,0.023943886160850525,0.004358213394880295
commit,commit_guarded,CP-AP-r000:q006:d16,CP-AP-r000,64,west-west,E,existing_frozen,0.0,0,False,False,True,672791960309/1000000,672791960309/1000000,48521,25792,0.023943886160850525,0.004358213394880295
commit,commit_raw,CP-AP-r000:q006:d16,CP-AP-r000,64,west-west,E,certified_reference,0.0,0,False,False,True,672791960309/1000000,672791960309/1000000,25792,25792,0.004289224743843079,0.004358213394880295
commit,commit_guarded,CP-AP-r000:q006:d16,CP-AP-r000,64,west-west,E,certified_reference,0.0,0,False,False,True,672791960309/1000000,672791960309/1000000,25792,25792,0.004289224743843079,0.004358213394880295
commit,commit_raw,CP-AP-r000:q006:d16,CP-AP-r000,64,west-west,J,existing_frozen,0.0,0,False,False,True,672091903651/1000000,672091903651/1000000,53287,31391,0.023696664720773697,0.005178671330213547
commit,commit_guarded,CP-AP-r000:q006:d16,CP-AP-r000,64,west-west,J,existing_frozen,0.0,0,False,False,True,672636525897/1000000,672636525897/1000000,53287,31391,0.023696664720773697,0.005178671330213547
commit,commit_raw,CP-AP-r000:q006:d16,CP-AP-r000,64,west-west,J,certified_reference,490.878138,245439069/500000,True,False,False,672091903651/1000000,672582781789/1000000,31436,31391,0.00505669042468071,0.005178671330213547
commit,commit_guarded,CP-AP-r000:q006:d16,CP-AP-r000,64,west-west,J,certified_reference,0.0,0,False,False,True,672636525897/1000000,672636525897/1000000,31436,31391,0.00505669042468071,0.005178671330213547
commit,commit_raw,CP-AP-r000:q006:d16,CP-AP-r000,64,west-west,W,existing_frozen,0.0,0,False,False,True,67260904921/100000,67260904921/100000,48360,26106,0.02380857616662979,0.004797685891389847
commit,commit_guarded,CP-AP-r000:q006:d16,CP-AP-r000,64,west-west,W,existing_frozen,0.0,0,False,False,True,672636525897/1000000,672636525897/1000000,48360,26106,0.02380857616662979,0.004797685891389847
commit,commit_raw,CP-AP-r000:q006:d16,CP-AP-r000,64,west-west,W,certified_reference,29.707016,3713377/125000,True,False,False,67260904921/100000,336319378113/500000,26117,26106,0.004610154777765274,0.004797685891389847
commit,commit_guarded,CP-AP-r000:q006:d16,CP-AP-r000,64,west-west,W,certified_reference,2.230329,2230329/1000000,True,False,False,672636525897/1000000,336319378113/500000,26117,26106,0.004610154777765274,0.004797685891389847
commit,commit_raw,CP-AP-r000:q006:d32,CP-AP-r000,128,west-west,A,existing_frozen,0.0,0,False,False,True,168232528723/250000,168232528723/250000,103692,22674,0.0694894790649414,0.006654273718595505
commit,commit_guarded,CP-AP-r000:q006:d32,CP-AP-r000,128,west-west,A,existing_frozen,0.0,0,False,False,True,168232528723/250000,168232528723/250000,103692,22674,0.0694894790649414,0.006654273718595505
commit,commit_raw,CP-AP-r000:q006:d32,CP-AP-r000,128,west-west,A,certified_reference,0.0,0,False,False,True,168232528723/250000,168232528723/250000,22674,22674,0.0063890740275382996,0.006654273718595505
commit,commit_guarded,CP-AP-r000:q006:d32,CP-AP-r000,128,west-west,A,certified_reference,0.0,0,False,False,True,168232528723/250000,168232528723/250000,22674,22674,0.0063890740275382996,0.006654273718595505
commit,commit_raw,CP-AP-r000:q006:d32,CP-AP-r000,128,west-west,E,existing_frozen,0.0,0,False,False,True,13456404863/20000,13456404863/20000,105284,28779,0.06498096510767937,0.009109769016504288
commit,commit_guarded,CP-AP-r000:q006:d32,CP-AP-r000,128,west-west,E,existing_frozen,0.0,0,False,False,True,13456404863/20000,13456404863/20000,105284,28779,0.06498096510767937,0.009109769016504288
commit,commit_raw,CP-AP-r000:q006:d32,CP-AP-r000,128,west-west,E,certified_reference,0.0,0,False,False,True,13456404863/20000,13456404863/20000,28779,28779,0.009118393063545227,0.009109769016504288
commit,commit_guarded,CP-AP-r000:q006:d32,CP-AP-r000,128,west-west,E,certified_reference,0.0,0,False,False,True,13456404863/20000,13456404863/20000,28779,28779,0.009118393063545227,0.009109769016504288
commit,commit_raw,CP-AP-r000:q006:d32,CP-AP-r000,128,west-west,J,existing_frozen,0.0,0,False,False,True,336244750641/500000,336244750641/500000,107247,34797,0.06269776448607445,0.010698709636926651
commit,commit_guarded,CP-AP-r000:q006:d32,CP-AP-r000,128,west-west,J,existing_frozen,0.0,0,False,False,True,672636525897/1000000,672636525897/1000000,107247,34797,0.06269776448607445,0.010698709636926651
commit,commit_raw,CP-AP-r000:q006:d32,CP-AP-r000,128,west-west,J,certified_reference,0.0,0,False,False,True,336244750641/500000,336244750641/500000,34797,34797,0.01080518588423729,0.010698709636926651
commit,commit_guarded,CP-AP-r000:q006:d32,CP-AP-r000,128,west-west,J,certified_reference,0.0,0,False,False,True,672636525897/1000000,672636525897/1000000,34797,34797,0.01080518588423729,0.010698709636926651
commit,commit_raw,CP-AP-r000:q006:d32,CP-AP-r000,128,west-west,W,existing_frozen,0.0,0,False,False,True,672708751161/1000000,672708751161/1000000,105307,28724,0.06572798267006874,0.008502412587404251
commit,commit_guarded,CP-AP-r000:q006:d32,CP-AP-r000,128,west-west,W,existing_frozen,0.0,0,False,False,True,672708751161/1000000,672708751161/1000000,105307,28724,0.06572798267006874,0.008502412587404251
commit,commit_raw,CP-AP-r000:q006:d32,CP-AP-r000,128,west-west,W,certified_reference,0.0,0,False,False,True,672708751161/1000000,672708751161/1000000,28724,28724,0.008300945162773132,0.008502412587404251
commit,commit_guarded,CP-AP-r000:q006:d32,CP-AP-r000,128,west-west,W,certified_reference,0.0,0,False,False,True,672708751161/1000000,672708751161/1000000,28724,28724,0.008300945162773132,0.008502412587404251
commit,commit_raw,CP-AP-r000:q007:d08,CP-AP-r000,16,west-west,A,existing_frozen,0.0,0,False,False,True,672700733179/1000000,672700733179/1000000,21384,18808,0.005041569471359253,0.0018654577434062958
commit,commit_guarded,CP-AP-r000:q007:d08,CP-AP-r000,16,west-west,A,existing_frozen,0.0,0,False,False,True,672700733179/1000000,672700733179/1000000,21384,18808,0.005041569471359253,0.0018654577434062958
commit,commit_raw,CP-AP-r000:q007:d08,CP-AP-r000,16,west-west,A,certified_reference,0.0,0,False,False,True,672700733179/1000000,672700733179/1000000,18809,18808,0.0015769340097904205,0.0018654577434062958
commit,commit_guarded,CP-AP-r000:q007:d08,CP-AP-r000,16,west-west,A,certified_reference,0.0,0,False,False,True,672700733179/1000000,672700733179/1000000,18809,18808,0.0015769340097904205,0.0018654577434062958
commit,commit_raw,CP-AP-r000:q007:d08,CP-AP-r000,16,west-west,E,existing_frozen,0.0,0,False,False,True,672700733179/1000000,672700733179/1000000,26502,23905,0.005719643086194992,0.0020767338573932648
commit,commit_guarded,CP-AP-r000:q007:d08,CP-AP-r000,16,west-west,E,existing_frozen,0.0,0,False,False,True,672700733179/1000000,672700733179/1000000,26502,23905,0.005719643086194992,0.0020767338573932648
commit,commit_raw,CP-AP-r000:q007:d08,CP-AP-r000,16,west-west,E,certified_reference,0.0,0,False,False,True,672700733179/1000000,672700733179/1000000,23906,23905,0.002096325159072876,0.0020767338573932648
commit,commit_guarded,CP-AP-r000:q007:d08,CP-AP-r000,16,west-west,E,certified_reference,0.0,0,False,False,True,672700733179/1000000,672700733179/1000000,23906,23905,0.002096325159072876,0.0020767338573932648
commit,commit_raw,CP-AP-r000:q007:d08,CP-AP-r000,16,west-west,J,existing_frozen,-494.450934,-247225467/500000,False,True,False,672636525897/1000000,672142074963/1000000,31727,29207,0.005687344819307327,0.0034519173204898834
commit,commit_guarded,CP-AP-r000:q007:d08,CP-AP-r000,16,west-west,J,existing_frozen,0.0,0,False,False,True,672636525897/1000000,672636525897/1000000,31727,29207,0.005687344819307327,0.0034519173204898834
commit,commit_raw,CP-AP-r000:q007:d08,CP-AP-r000,16,west-west,J,certified_reference,0.0,0,False,False,True,672636525897/1000000,672636525897/1000000,29208,29207,0.002032581716775894,0.0034519173204898834
commit,commit_guarded,CP-AP-r000:q007:d08,CP-AP-r000,16,west-west,J,certified_reference,0.0,0,False,False,True,672636525897/1000000,672636525897/1000000,29208,29207,0.002032581716775894,0.0034519173204898834
commit,commit_raw,CP-AP-r000:q007:d08,CP-AP-r000,16,west-west,W,existing_frozen,-494.450934,-247225467/500000,False,True,False,672636525897/1000000,672142074963/1000000,26603,24104,0.005099546164274216,0.0021587051451206207
commit,commit_guarded,CP-AP-r000:q007:d08,CP-AP-r000,16,west-west,W,existing_frozen,0.0,0,False,False,True,672636525897/1000000,672636525897/1000000,26603,24104,0.005099546164274216,0.0021587051451206207
commit,commit_raw,CP-AP-r000:q007:d08,CP-AP-r000,16,west-west,W,certified_reference,0.0,0,False,False,True,672636525897/1000000,672636525897/1000000,24105,24104,0.0019216537475585938,0.0021587051451206207
commit,commit_guarded,CP-AP-r000:q007:d08,CP-AP-r000,16,west-west,W,certified_reference,0.0,0,False,False,True,672636525897/1000000,672636525897/1000000,24105,24104,0.0019216537475585938,0.0021587051451206207
commit,commit_raw,CP-AP-r000:q007:d16,CP-AP-r000,64,west-west,A,existing_frozen,2.502232,312779/125000,True,False,False,84104008997/125000,10513040222/15625,43683,20530,0.023637477308511734,0.003860022872686386
commit,commit_guarded,CP-AP-r000:q007:d16,CP-AP-r000,64,west-west,A,existing_frozen,2.502232,312779/125000,True,False,False,84104008997/125000,10513040222/15625,43683,20530,0.023637477308511734,0.003860022872686386
commit,commit_raw,CP-AP-r000:q007:d16,CP-AP-r000,64,west-west,A,certified_reference,0.0,0,False,False,True,84104008997/125000,84104008997/125000,20530,20530,0.003755483776330948,0.003860022872686386
commit,commit_guarded,CP-AP-r000:q007:d16,CP-AP-r000,64,west-west,A,certified_reference,0.0,0,False,False,True,84104008997/125000,84104008997/125000,20530,20530,0.003755483776330948,0.003860022872686386
commit,commit_raw,CP-AP-r000:q007:d16,CP-AP-r000,64,west-west,E,existing_frozen,0.537636,134409/250000,True,False,False,134558784981/200000,672794462541/1000000,48546,25839,0.023798108100891113,0.004573814570903778
commit,commit_guarded,CP-AP-r000:q007:d16,CP-AP-r000,64,west-west,E,existing_frozen,0.537636,134409/250000,True,False,False,134558784981/200000,672794462541/1000000,48546,25839,0.023798108100891113,0.004573814570903778
commit,commit_raw,CP-AP-r000:q007:d16,CP-AP-r000,64,west-west,E,certified_reference,0.0,0,False,False,True,134558784981/200000,134558784981/200000,25839,25839,0.004431784152984619,0.004573814570903778
commit,commit_guarded,CP-AP-r000:q007:d16,CP-AP-r000,64,west-west,E,certified_reference,0.0,0,False,False,True,134558784981/200000,134558784981/200000,25839,25839,0.004431784152984619,0.004573814570903778
commit,commit_raw,CP-AP-r000:q007:d16,CP-AP-r000,64,west-west,J,existing_frozen,-418.374885,-83674977/200000,False,True,False,21016024399/31250,672094405883/1000000,53448,31496,0.023879509419202805,0.005336727946996689
commit,commit_guarded,CP-AP-r000:q007:d16,CP-AP-r000,64,west-west,J,existing_frozen,0.0,0,False,False,True,672636525897/1000000,672636525897/1000000,53448,31496,0.023879509419202805,0.005336727946996689
commit,commit_raw,CP-AP-r000:q007:d16,CP-AP-r000,64,west-west,J,certified_reference,0.0,0,False,False,True,21016024399/31250,21016024399/31250,31497,31496,0.005200784653425217,0.005336727946996689
commit,commit_guarded,CP-AP-r000:q007:d16,CP-AP-r000,64,west-west,J,certified_reference,0.0,0,False,False,True,672636525897/1000000,672636525897/1000000,31497,31496,0.005200784653425217,0.005336727946996689
commit,commit_raw,CP-AP-r000:q007:d16,CP-AP-r000,64,west-west,W,existing_frozen,42.796237,42796237/1000000,True,False,False,134513751041/200000,336305775721/500000,48525,26179,0.024073969572782516,0.004884015768766403
commit,commit_guarded,CP-AP-r000:q007:d16,CP-AP-r000,64,west-west,W,existing_frozen,0.0,0,False,False,True,672636525897/1000000,672636525897/1000000,48525,26179,0.024073969572782516,0.004884015768766403
commit,commit_raw,CP-AP-r000:q007:d16,CP-AP-r000,64,west-west,W,certified_reference,0.0,0,False,False,True,134513751041/200000,134513751041/200000,26180,26179,0.004747249186038971,0.004884015768766403
commit,commit_guarded,CP-AP-r000:q007:d16,CP-AP-r000,64,west-west,W,certified_reference,0.0,0,False,False,True,672636525897/1000000,672636525897/1000000,26180,26179,0.004747249186038971,0.004884015768766403
commit,commit_raw,CP-AP-r000:q007:d32,CP-AP-r000,128,west-west,A,existing_frozen,2.502232,312779/125000,True,False,False,168232528723/250000,168233154281/250000,103752,22719,0.0687715895473957,0.006715197116136551
commit,commit_guarded,CP-AP-r000:q007:d32,CP-AP-r000,128,west-west,A,existing_frozen,2.502232,312779/125000,True,False,False,168232528723/250000,168233154281/250000,103752,22719,0.0687715895473957,0.006715197116136551
commit,commit_raw,CP-AP-r000:q007:d32,CP-AP-r000,128,west-west,A,certified_reference,0.0,0,False,False,True,168232528723/250000,168232528723/250000,22719,22719,0.006554249674081802,0.006715197116136551
commit,commit_guarded,CP-AP-r000:q007:d32,CP-AP-r000,128,west-west,A,certified_reference,0.0,0,False,False,True,168232528723/250000,168232528723/250000,22719,22719,0.006554249674081802,0.006715197116136551
commit,commit_raw,CP-AP-r000:q007:d32,CP-AP-r000,128,west-west,E,existing_frozen,2.502232,312779/125000,True,False,False,13456404863/20000,336411372691/500000,105335,28824,0.06497212126851082,0.00909329578280449
commit,commit_guarded,CP-AP-r000:q007:d32,CP-AP-r000,128,west-west,E,existing_frozen,2.502232,312779/125000,True,False,False,13456404863/20000,336411372691/500000,105335,28824,0.06497212126851082,0.00909329578280449
commit,commit_raw,CP-AP-r000:q007:d32,CP-AP-r000,128,west-west,E,certified_reference,0.0,0,False,False,True,13456404863/20000,13456404863/20000,28824,28824,0.008930765092372894,0.00909329578280449
commit,commit_guarded,CP-AP-r000:q007:d32,CP-AP-r000,128,west-west,E,certified_reference,0.0,0,False,False,True,13456404863/20000,13456404863/20000,28824,28824,0.008930765092372894,0.00909329578280449
commit,commit_raw,CP-AP-r000:q007:d32,CP-AP-r000,128,west-west,J,existing_frozen,-188.491759,-188491759/1000000,False,True,False,336339993461/500000,672491495163/1000000,107549,34860,0.06304123625159264,0.010766811668872833
commit,commit_guarded,CP-AP-r000:q007:d32,CP-AP-r000,128,west-west,J,existing_frozen,-43.461025,-1738441/40000,False,True,False,336339993461/500000,672636525897/1000000,107549,34860,0.06304123625159264,0.010766811668872833
commit,commit_raw,CP-AP-r000:q007:d32,CP-AP-r000,128,west-west,J,certified_reference,0.0,0,False,False,True,336339993461/500000,336339993461/500000,34860,34860,0.010378923267126083,0.010766811668872833
commit,commit_guarded,CP-AP-r000:q007:d32,CP-AP-r000,128,west-west,J,certified_reference,0.0,0,False,False,True,336339993461/500000,336339993461/500000,34860,34860,0.010378923267126083,0.010766811668872833
commit,commit_raw,CP-AP-r000:q007:d32,CP-AP-r000,128,west-west,W,existing_frozen,-53.519117,-53519117/1000000,False,True,False,672764264159/1000000,336355372521/500000,105623,28791,0.06564081460237503,0.008526798337697983
commit,commit_guarded,CP-AP-r000:q007:d32,CP-AP-r000,128,west-west,W,existing_frozen,-53.519117,-53519117/1000000,False,True,False,672764264159/1000000,336355372521/500000,105623,28791,0.06564081460237503,0.008526798337697983
commit,commit_raw,CP-AP-r000:q007:d32,CP-AP-r000,128,west-west,W,certified_reference,0.0,0,False,False,True,672764264159/1000000,672764264159/1000000,28791,28791,0.008486714214086533,0.008526798337697983
commit,commit_guarded,CP-AP-r000:q007:d32,CP-AP-r000,128,west-west,W,certified_reference,0.0,0,False,False,True,672764264159/1000000,672764264159/1000000,28791,28791,0.008486714214086533,0.008526798337697983
commit,commit_raw,CP-AP-r000:q008:d08,CP-AP-r000,16,east-east,A,existing_frozen,0.0,0,False,False,True,672636525897/1000000,672636525897/1000000,21228,18758,0.004760622978210449,0.0016357339918613434
commit,commit_guarded,CP-AP-r000:q008:d08,CP-AP-r000,16,east-east,A,existing_frozen,0.0,0,False,False,True,672636525897/1000000,672636525897/1000000,21228,18758,0.004760622978210449,0.0016357339918613434
commit,commit_raw,CP-AP-r000:q008:d08,CP-AP-r000,16,east-east,A,certified_reference,0.0,0,False,False,True,672636525897/1000000,672636525897/1000000,18759,18758,0.0014892257750034332,0.0016357339918613434
commit,commit_guarded,CP-AP-r000:q008:d08,CP-AP-r000,16,east-east,A,certified_reference,0.0,0,False,False,True,672636525897/1000000,672636525897/1000000,18759,18758,0.0014892257750034332,0.0016357339918613434
commit,commit_raw,CP-AP-r000:q008:d08,CP-AP-r000,16,east-east,E,existing_frozen,0.0,0,False,False,True,672636525897/1000000,672636525897/1000000,26584,23959,0.0061813779175281525,0.0018683373928070068
commit,commit_guarded,CP-AP-r000:q008:d08,CP-AP-r000,16,east-east,E,existing_frozen,0.0,0,False,False,True,672636525897/1000000,672636525897/1000000,26584,23959,0.0061813779175281525,0.0018683373928070068
commit,commit_raw,CP-AP-r000:q008:d08,CP-AP-r000,16,east-east,E,certified_reference,0.0,0,False,False,True,672636525897/1000000,672636525897/1000000,23960,23959,0.0017699003219604492,0.0018683373928070068
commit,commit_guarded,CP-AP-r000:q008:d08,CP-AP-r000,16,east-east,E,certified_reference,0.0,0,False,False,True,672636525897/1000000,672636525897/1000000,23960,23959,0.0017699003219604492,0.0018683373928070068
commit,commit_raw,CP-AP-r000:q008:d08,CP-AP-r000,16,east-east,J,existing_frozen,0.0,0,False,False,True,672636525897/1000000,672636525897/1000000,31797,29140,0.005159292370080948,0.0019898787140846252
commit,commit_guarded,CP-AP-r000:q008:d08,CP-AP-r000,16,east-east,J,existing_frozen,0.0,0,False,False,True,672636525897/1000000,672636525897/1000000,31797,29140,0.005159292370080948,0.0019898787140846252
commit,commit_raw,CP-AP-r000:q008:d08,CP-AP-r000,16,east-east,J,certified_reference,0.0,0,False,False,True,672636525897/1000000,672636525897/1000000,29141,29140,0.0018745698034763336,0.0019898787140846252
commit,commit_guarded,CP-AP-r000:q008:d08,CP-AP-r000,16,east-east,J,certified_reference,0.0,0,False,False,True,672636525897/1000000,672636525897/1000000,29141,29140,0.0018745698034763336,0.0019898787140846252
commit,commit_raw,CP-AP-r000:q008:d08,CP-AP-r000,16,east-east,W,existing_frozen,0.0,0,False,False,True,672636525897/1000000,672636525897/1000000,26441,23939,0.004969660192728043,0.0017589293420314789
commit,commit_guarded,CP-AP-r000:q008:d08,CP-AP-r000,16,east-east,W,existing_frozen,0.0,0,False,False,True,672636525897/1000000,672636525897/1000000,26441,23939,0.004969660192728043,0.0017589293420314789
commit,commit_raw,CP-AP-r000:q008:d08,CP-AP-r000,16,east-east,W,certified_reference,0.0,0,False,False,True,672636525897/1000000,672636525897/1000000,23940,23939,0.001675281673669815,0.0017589293420314789
commit,commit_guarded,CP-AP-r000:q008:d08,CP-AP-r000,16,east-east,W,certified_reference,0.0,0,False,False,True,672636525897/1000000,672636525897/1000000,23940,23939,0.001675281673669815,0.0017589293420314789
commit,commit_raw,CP-AP-r000:q008:d16,CP-AP-r000,64,east-east,A,existing_frozen,0.0,0,False,False,True,336359899777/500000,336359899777/500000,43716,20522,0.02386493608355522,0.003959774971008301
commit,commit_guarded,CP-AP-r000:q008:d16,CP-AP-r000,64,east-east,A,existing_frozen,0.0,0,False,False,True,336359899777/500000,336359899777/500000,43716,20522,0.02386493608355522,0.003959774971008301
commit,commit_raw,CP-AP-r000:q008:d16,CP-AP-r000,64,east-east,A,certified_reference,0.0,0,False,False,True,336359899777/500000,336359899777/500000,20522,20522,0.003803510218858719,0.003959774971008301
commit,commit_guarded,CP-AP-r000:q008:d16,CP-AP-r000,64,east-east,A,certified_reference,0.0,0,False,False,True,336359899777/500000,336359899777/500000,20522,20522,0.003803510218858719,0.003959774971008301
commit,commit_raw,CP-AP-r000:q008:d16,CP-AP-r000,64,east-east,E,existing_frozen,-329.813969,-329813969/1000000,False,True,False,134537226073/200000,168089079099/250000,48504,25905,0.0235137976706028,0.004636164754629135
commit,commit_guarded,CP-AP-r000:q008:d16,CP-AP-r000,64,east-east,E,existing_frozen,-49.604468,-12401117/250000,False,True,False,134537226073/200000,672636525897/1000000,48504,25905,0.0235137976706028,0.004636164754629135
commit,commit_raw,CP-AP-r000:q008:d16,CP-AP-r000,64,east-east,E,certified_reference,0.0,0,False,False,True,134537226073/200000,134537226073/200000,25905,25905,0.004514429718255997,0.004636164754629135
commit,commit_guarded,CP-AP-r000:q008:d16,CP-AP-r000,64,east-east,E,certified_reference,0.0,0,False,False,True,134537226073/200000,134537226073/200000,25905,25905,0.004514429718255997,0.004636164754629135
commit,commit_raw,CP-AP-r000:q008:d16,CP-AP-r000,64,east-east,J,existing_frozen,-329.813969,-329813969/1000000,False,True,False,672638441971/1000000,336154314001/500000,53219,31475,0.023877568542957306,0.005605787038803101
commit,commit_guarded,CP-AP-r000:q008:d16,CP-AP-r000,64,east-east,J,existing_frozen,-1.916074,-958037/500000,False,True,False,672638441971/1000000,672636525897/1000000,53219,31475,0.023877568542957306,0.005605787038803101
commit,commit_raw,CP-AP-r000:q008:d16,CP-AP-r000,64,east-east,J,certified_reference,0.0,0,False,False,True,672638441971/1000000,672638441971/1000000,31476,31475,0.005375176668167114,0.005605787038803101
commit,commit_guarded,CP-AP-r000:q008:d16,CP-AP-r000,64,east-east,J,certified_reference,0.0,0,False,False,True,672638441971/1000000,672638441971/1000000,31476,31475,0.005375176668167114,0.005605787038803101
commit,commit_raw,CP-AP-r000:q008:d16,CP-AP-r000,64,east-east,W,existing_frozen,0.0,0,False,False,True,672644230501/1000000,672644230501/1000000,48376,26096,0.023882709443569183,0.00495634600520134
commit,commit_guarded,CP-AP-r000:q008:d16,CP-AP-r000,64,east-east,W,existing_frozen,0.0,0,False,False,True,672644230501/1000000,672644230501/1000000,48376,26096,0.023882709443569183,0.00495634600520134
commit,commit_raw,CP-AP-r000:q008:d16,CP-AP-r000,64,east-east,W,certified_reference,0.0,0,False,False,True,672644230501/1000000,672644230501/1000000,26096,26096,0.004884488880634308,0.00495634600520134
commit,commit_guarded,CP-AP-r000:q008:d16,CP-AP-r000,64,east-east,W,certified_reference,0.0,0,False,False,True,672644230501/1000000,672644230501/1000000,26096,26096,0.004884488880634308,0.00495634600520134
commit,commit_raw,CP-AP-r000:q008:d32,CP-AP-r000,128,east-east,A,existing_frozen,0.0,0,False,False,True,33698057383/50000,33698057383/50000,103589,22784,0.06994608789682388,0.007730908691883087
commit,commit_guarded,CP-AP-r000:q008:d32,CP-AP-r000,128,east-east,A,existing_frozen,0.0,0,False,False,True,33698057383/50000,33698057383/50000,103589,22784,0.06994608789682388,0.007730908691883087
commit,commit_raw,CP-AP-r000:q008:d32,CP-AP-r000,128,east-east,A,certified_reference,0.0,0,False,False,True,33698057383/50000,33698057383/50000,22784,22784,0.007536068558692932,0.007730908691883087
commit,commit_guarded,CP-AP-r000:q008:d32,CP-AP-r000,128,east-east,A,certified_reference,0.0,0,False,False,True,33698057383/50000,33698057383/50000,22784,22784,0.007536068558692932,0.007730908691883087
commit,commit_raw,CP-AP-r000:q008:d32,CP-AP-r000,128,east-east,E,existing_frozen,-404.911459,-404911459/1000000,False,True,False,336676199087/500000,134589497343/200000,107622,28611,0.06860266625881195,0.00929749384522438
commit,commit_guarded,CP-AP-r000:q008:d32,CP-AP-r000,128,east-east,E,existing_frozen,-404.911459,-404911459/1000000,False,True,False,336676199087/500000,134589497343/200000,107622,28611,0.06860266625881195,0.00929749384522438
commit,commit_raw,CP-AP-r000:q008:d32,CP-AP-r000,128,east-east,E,certified_reference,0.0,0,False,False,True,336676199087/500000,336676199087/500000,28611,28611,0.008901160210371017,0.00929749384522438
commit,commit_guarded,CP-AP-r000:q008:d32,CP-AP-r000,128,east-east,E,certified_reference,0.0,0,False,False,True,336676199087/500000,336676199087/500000,28611,28611,0.008901160210371017,0.00929749384522438
commit,commit_raw,CP-AP-r000:q008:d32,CP-AP-r000,128,east-east,J,existing_frozen,-494.021352,-61752669/125000,False,True,False,335924267121/500000,67135451289/100000,110205,34840,0.0661613941192627,0.011331137269735336
commit,commit_guarded,CP-AP-r000:q008:d32,CP-AP-r000,128,east-east,J,existing_frozen,0.0,0,False,False,True,672636525897/1000000,672636525897/1000000,110205,34840,0.0661613941192627,0.011331137269735336
commit,commit_raw,CP-AP-r000:q008:d32,CP-AP-r000,128,east-east,J,certified_reference,0.0,0,False,False,True,335924267121/500000,335924267121/500000,34840,34840,0.011043902486562729,0.011331137269735336
commit,commit_guarded,CP-AP-r000:q008:d32,CP-AP-r000,128,east-east,J,certified_reference,0.0,0,False,False,True,672636525897/1000000,672636525897/1000000,34840,34840,0.011043902486562729,0.011331137269735336
commit,commit_raw,CP-AP-r000:q008:d32,CP-AP-r000,128,east-east,W,existing_frozen,0.0,0,False,False,True,673242172853/1000000,673242172853/1000000,107494,29059,0.06979057937860489,0.0103139728307724
commit,commit_guarded,CP-AP-r000:q008:d32,CP-AP-r000,128,east-east,W,existing_frozen,0.0,0,False,False,True,673242172853/1000000,673242172853/1000000,107494,29059,0.06979057937860489,0.0103139728307724
commit,commit_raw,CP-AP-r000:q008:d32,CP-AP-r000,128,east-east,W,certified_reference,0.0,0,False,False,True,673242172853/1000000,673242172853/1000000,29059,29059,0.010198291391134262,0.0103139728307724
commit,commit_guarded,CP-AP-r000:q008:d32,CP-AP-r000,128,east-east,W,certified_reference,0.0,0,False,False,True,673242172853/1000000,673242172853/1000000,29059,29059,0.010198291391134262,0.0103139728307724
commit,commit_raw,CP-AP-r000:q009:d08,CP-AP-r000,16,east-east,A,existing_frozen,0.0,0,False,False,True,672636525897/1000000,672636525897/1000000,21228,18758,0.004728786647319794,0.0015894100069999695
commit,commit_guarded,CP-AP-r000:q009:d08,CP-AP-r000,16,east-east,A,existing_frozen,0.0,0,False,False,True,672636525897/1000000,672636525897/1000000,21228,18758,0.004728786647319794,0.0015894100069999695
commit,commit_raw,CP-AP-r000:q009:d08,CP-AP-r000,16,east-east,A,certified_reference,0.0,0,False,False,True,672636525897/1000000,672636525897/1000000,18759,18758,0.0014635026454925537,0.0015894100069999695
commit,commit_guarded,CP-AP-r000:q009:d08,CP-AP-r000,16,east-east,A,certified_reference,0.0,0,False,False,True,672636525897/1000000,672636525897/1000000,18759,18758,0.0014635026454925537,0.0015894100069999695
commit,commit_raw,CP-AP-r000:q009:d08,CP-AP-r000,16,east-east,E,existing_frozen,0.0,0,False,False,True,672636525897/1000000,672636525897/1000000,26584,23959,0.005050249397754669,0.0018506087362766266
commit,commit_guarded,CP-AP-r000:q009:d08,CP-AP-r000,16,east-east,E,existing_frozen,0.0,0,False,False,True,672636525897/1000000,672636525897/1000000,26584,23959,0.005050249397754669,0.0018506087362766266
commit,commit_raw,CP-AP-r000:q009:d08,CP-AP-r000,16,east-east,E,certified_reference,0.0,0,False,False,True,672636525897/1000000,672636525897/1000000,23960,23959,0.0017397962510585785,0.0018506087362766266
commit,commit_guarded,CP-AP-r000:q009:d08,CP-AP-r000,16,east-east,E,certified_reference,0.0,0,False,False,True,672636525897/1000000,672636525897/1000000,23960,23959,0.0017397962510585785,0.0018506087362766266
commit,commit_raw,CP-AP-r000:q009:d08,CP-AP-r000,16,east-east,J,existing_frozen,0.0,0,False,False,True,672636525897/1000000,672636525897/1000000,31797,29140,0.005172505974769592,0.0019714832305908203
commit,commit_guarded,CP-AP-r000:q009:d08,CP-AP-r000,16,east-east,J,existing_frozen,0.0,0,False,False,True,672636525897/1000000,672636525897/1000000,31797,29140,0.005172505974769592,0.0019714832305908203
commit,commit_raw,CP-AP-r000:q009:d08,CP-AP-r000,16,east-east,J,certified_reference,0.0,0,False,False,True,672636525897/1000000,672636525897/1000000,29141,29140,0.001859918236732483,0.0019714832305908203
commit,commit_guarded,CP-AP-r000:q009:d08,CP-AP-r000,16,east-east,J,certified_reference,0.0,0,False,False,True,672636525897/1000000,672636525897/1000000,29141,29140,0.001859918236732483,0.0019714832305908203
commit,commit_raw,CP-AP-r000:q009:d08,CP-AP-r000,16,east-east,W,existing_frozen,0.0,0,False,False,True,672636525897/1000000,672636525897/1000000,26441,23939,0.005789309740066528,0.0017535388469696045
commit,commit_guarded,CP-AP-r000:q009:d08,CP-AP-r000,16,east-east,W,existing_frozen,0.0,0,False,False,True,672636525897/1000000,672636525897/1000000,26441,23939,0.005789309740066528,0.0017535388469696045
commit,commit_raw,CP-AP-r000:q009:d08,CP-AP-r000,16,east-east,W,certified_reference,0.0,0,False,False,True,672636525897/1000000,672636525897/1000000,23940,23939,0.0016632229089736938,0.0017535388469696045
commit,commit_guarded,CP-AP-r000:q009:d08,CP-AP-r000,16,east-east,W,certified_reference,0.0,0,False,False,True,672636525897/1000000,672636525897/1000000,23940,23939,0.0016632229089736938,0.0017535388469696045
commit,commit_raw,CP-AP-r000:q009:d16,CP-AP-r000,64,east-east,A,existing_frozen,0.0,0,False,False,True,336359899777/500000,336359899777/500000,43716,20522,0.02358843758702278,0.003961261361837387
commit,commit_guarded,CP-AP-r000:q009:d16,CP-AP-r000,64,east-east,A,existing_frozen,0.0,0,False,False,True,336359899777/500000,336359899777/500000,43716,20522,0.02358843758702278,0.003961261361837387
commit,commit_raw,CP-AP-r000:q009:d16,CP-AP-r000,64,east-east,A,certified_reference,0.0,0,False,False,True,336359899777/500000,336359899777/500000,20522,20522,0.003739241510629654,0.003961261361837387
commit,commit_guarded,CP-AP-r000:q009:d16,CP-AP-r000,64,east-east,A,certified_reference,0.0,0,False,False,True,336359899777/500000,336359899777/500000,20522,20522,0.003739241510629654,0.003961261361837387
commit,commit_raw,CP-AP-r000:q009:d16,CP-AP-r000,64,east-east,E,existing_frozen,-329.813969,-329813969/1000000,False,True,False,134537226073/200000,168089079099/250000,48504,25905,0.02362719550728798,0.004563942551612854
commit,commit_guarded,CP-AP-r000:q009:d16,CP-AP-r000,64,east-east,E,existing_frozen,-49.604468,-12401117/250000,False,True,False,134537226073/200000,672636525897/1000000,48504,25905,0.02362719550728798,0.004563942551612854
commit,commit_raw,CP-AP-r000:q009:d16,CP-AP-r000,64,east-east,E,certified_reference,0.0,0,False,False,True,134537226073/200000,134537226073/200000,25905,25905,0.004532039165496826,0.004563942551612854
commit,commit_guarded,CP-AP-r000:q009:d16,CP-AP-r000,64,east-east,E,certified_reference,0.0,0,False,False,True,134537226073/200000,134537226073/200000,25905,25905,0.004532039165496826,0.004563942551612854
commit,commit_raw,CP-AP-r000:q009:d16,CP-AP-r000,64,east-east,J,existing_frozen,-329.813969,-329813969/1000000,False,True,False,672638441971/1000000,336154314001/500000,53219,31475,0.0238235704600811,0.005520220845937729
commit,commit_guarded,CP-AP-r000:q009:d16,CP-AP-r000,64,east-east,J,existing_frozen,-1.916074,-958037/500000,False,True,False,672638441971/1000000,672636525897/1000000,53219,31475,0.0238235704600811,0.005520220845937729
commit,commit_raw,CP-AP-r000:q009:d16,CP-AP-r000,64,east-east,J,certified_reference,0.0,0,False,False,True,672638441971/1000000,672638441971/1000000,31476,31475,0.005297396332025528,0.005520220845937729
commit,commit_guarded,CP-AP-r000:q009:d16,CP-AP-r000,64,east-east,J,certified_reference,0.0,0,False,False,True,672638441971/1000000,672638441971/1000000,31476,31475,0.005297396332025528,0.005520220845937729
commit,commit_raw,CP-AP-r000:q009:d16,CP-AP-r000,64,east-east,W,existing_frozen,0.0,0,False,False,True,672644230501/1000000,672644230501/1000000,48376,26096,0.023882493376731873,0.004997529089450836
commit,commit_guarded,CP-AP-r000:q009:d16,CP-AP-r000,64,east-east,W,existing_frozen,0.0,0,False,False,True,672644230501/1000000,672644230501/1000000,48376,26096,0.023882493376731873,0.004997529089450836
commit,commit_raw,CP-AP-r000:q009:d16,CP-AP-r000,64,east-east,W,certified_reference,0.0,0,False,False,True,672644230501/1000000,672644230501/1000000,26096,26096,0.004797372967004776,0.004997529089450836
commit,commit_guarded,CP-AP-r000:q009:d16,CP-AP-r000,64,east-east,W,certified_reference,0.0,0,False,False,True,672644230501/1000000,672644230501/1000000,26096,26096,0.004797372967004776,0.004997529089450836
commit,commit_raw,CP-AP-r000:q009:d32,CP-AP-r000,128,east-east,A,existing_frozen,0.0,0,False,False,True,33698057383/50000,33698057383/50000,103589,22784,0.06883427873253822,0.007682196795940399
commit,commit_guarded,CP-AP-r000:q009:d32,CP-AP-r000,128,east-east,A,existing_frozen,0.0,0,False,False,True,33698057383/50000,33698057383/50000,103589,22784,0.06883427873253822,0.007682196795940399
commit,commit_raw,CP-AP-r000:q009:d32,CP-AP-r000,128,east-east,A,certified_reference,0.0,0,False,False,True,33698057383/50000,33698057383/50000,22784,22784,0.007510006427764893,0.007682196795940399
commit,commit_guarded,CP-AP-r000:q009:d32,CP-AP-r000,128,east-east,A,certified_reference,0.0,0,False,False,True,33698057383/50000,33698057383/50000,22784,22784,0.007510006427764893,0.007682196795940399
commit,commit_raw,CP-AP-r000:q009:d32,CP-AP-r000,128,east-east,E,existing_frozen,-404.911459,-404911459/1000000,False,True,False,336676199087/500000,134589497343/200000,107622,28611,0.06986964121460915,0.009108353406190872
commit,commit_guarded,CP-AP-r000:q009:d32,CP-AP-r000,128,east-east,E,existing_frozen,-404.911459,-404911459/1000000,False,True,False,336676199087/500000,134589497343/200000,107622,28611,0.06986964121460915,0.009108353406190872
commit,commit_raw,CP-AP-r000:q009:d32,CP-AP-r000,128,east-east,E,certified_reference,0.0,0,False,False,True,336676199087/500000,336676199087/500000,28611,28611,0.008873086422681808,0.009108353406190872
commit,commit_guarded,CP-AP-r000:q009:d32,CP-AP-r000,128,east-east,E,certified_reference,0.0,0,False,False,True,336676199087/500000,336676199087/500000,28611,28611,0.008873086422681808,0.009108353406190872
commit,commit_raw,CP-AP-r000:q009:d32,CP-AP-r000,128,east-east,J,existing_frozen,-494.021352,-61752669/125000,False,True,False,335924267121/500000,67135451289/100000,110205,34840,0.06699195504188538,0.011339757591485977
commit,commit_guarded,CP-AP-r000:q009:d32,CP-AP-r000,128,east-east,J,existing_frozen,0.0,0,False,False,True,672636525897/1000000,672636525897/1000000,110205,34840,0.06699195504188538,0.011339757591485977
commit,commit_raw,CP-AP-r000:q009:d32,CP-AP-r000,128,east-east,J,certified_reference,0.0,0,False,False,True,335924267121/500000,335924267121/500000,34840,34840,0.011160757392644882,0.011339757591485977
commit,commit_guarded,CP-AP-r000:q009:d32,CP-AP-r000,128,east-east,J,certified_reference,0.0,0,False,False,True,672636525897/1000000,672636525897/1000000,34840,34840,0.011160757392644882,0.011339757591485977
commit,commit_raw,CP-AP-r000:q009:d32,CP-AP-r000,128,east-east,W,existing_frozen,0.0,0,False,False,True,673242172853/1000000,673242172853/1000000,107494,29059,0.0692981518805027,0.010330725461244583
commit,commit_guarded,CP-AP-r000:q009:d32,CP-AP-r000,128,east-east,W,existing_frozen,0.0,0,False,False,True,673242172853/1000000,673242172853/1000000,107494,29059,0.0692981518805027,0.010330725461244583
commit,commit_raw,CP-AP-r000:q009:d32,CP-AP-r000,128,east-east,W,certified_reference,0.0,0,False,False,True,673242172853/1000000,673242172853/1000000,29059,29059,0.010044444352388382,0.010330725461244583
commit,commit_guarded,CP-AP-r000:q009:d32,CP-AP-r000,128,east-east,W,certified_reference,0.0,0,False,False,True,673242172853/1000000,673242172853/1000000,29059,29059,0.010044444352388382,0.010330725461244583
commit,commit_raw,CP-AU-r001:q000:d08,CP-AU-r001,16,west-west,A,existing_frozen,0.0,0,False,False,True,663826033371/1000000,663826033371/1000000,22199,19693,0.00491761788725853,0.001789383590221405
commit,commit_guarded,CP-AU-r001:q000:d08,CP-AU-r001,16,west-west,A,existing_frozen,0.0,0,False,False,True,663826033371/1000000,663826033371/1000000,22199,19693,0.00491761788725853,0.001789383590221405
commit,commit_raw,CP-AU-r001:q000:d08,CP-AU-r001,16,west-west,A,certified_reference,0.0,0,False,False,True,663826033371/1000000,663826033371/1000000,19694,19693,0.0015972033143043518,0.001789383590221405
commit,commit_guarded,CP-AU-r001:q000:d08,CP-AU-r001,16,west-west,A,certified_reference,0.0,0,False,False,True,663826033371/1000000,663826033371/1000000,19694,19693,0.0015972033143043518,0.001789383590221405
commit,commit_raw,CP-AU-r001:q000:d08,CP-AU-r001,16,west-west,E,existing_frozen,0.0,0,False,False,True,663825388171/1000000,663825388171/1000000,27431,24879,0.005154602229595184,0.0022504739463329315
commit,commit_guarded,CP-AU-r001:q000:d08,CP-AU-r001,16,west-west,E,existing_frozen,0.0,0,False,False,True,663825388171/1000000,663825388171/1000000,27431,24879,0.005154602229595184,0.0022504739463329315
commit,commit_raw,CP-AU-r001:q000:d08,CP-AU-r001,16,west-west,E,certified_reference,0.0,0,False,False,True,663825388171/1000000,663825388171/1000000,24880,24879,0.0018010176718235016,0.0022504739463329315
commit,commit_guarded,CP-AU-r001:q000:d08,CP-AU-r001,16,west-west,E,certified_reference,0.0,0,False,False,True,663825388171/1000000,663825388171/1000000,24880,24879,0.0018010176718235016,0.0022504739463329315
commit,commit_raw,CP-AU-r001:q000:d08,CP-AU-r001,16,west-west,J,existing_frozen,0.0,0,False,False,True,663825388171/1000000,663825388171/1000000,32665,30025,0.005308952182531357,0.002408314496278763
commit,commit_guarded,CP-AU-r001:q000:d08,CP-AU-r001,16,west-west,J,existing_frozen,0.0,0,False,False,True,663825388171/1000000,663825388171/1000000,32665,30025,0.005308952182531357,0.002408314496278763
commit,commit_raw,CP-AU-r001:q000:d08,CP-AU-r001,16,west-west,J,certified_reference,0.0,0,False,False,True,663825388171/1000000,663825388171/1000000,30026,30025,0.001963667571544647,0.002408314496278763
commit,commit_guarded,CP-AU-r001:q000:d08,CP-AU-r001,16,west-west,J,certified_reference,0.0,0,False,False,True,663825388171/1000000,663825388171/1000000,30026,30025,0.001963667571544647,0.002408314496278763
commit,commit_raw,CP-AU-r001:q000:d08,CP-AU-r001,16,west-west,W,existing_frozen,0.0,0,False,False,True,663826033371/1000000,663826033371/1000000,27433,24839,0.005116235464811325,0.0021324865520000458
commit,commit_guarded,CP-AU-r001:q000:d08,CP-AU-r001,16,west-west,W,existing_frozen,0.0,0,False,False,True,663826033371/1000000,663826033371/1000000,27433,24839,0.005116235464811325,0.0021324865520000458
commit,commit_raw,CP-AU-r001:q000:d08,CP-AU-r001,16,west-west,W,certified_reference,0.0,0,False,False,True,663826033371/1000000,663826033371/1000000,24840,24839,0.00175558403134346,0.0021324865520000458
commit,commit_guarded,CP-AU-r001:q000:d08,CP-AU-r001,16,west-west,W,certified_reference,0.0,0,False,False,True,663826033371/1000000,663826033371/1000000,24840,24839,0.00175558403134346,0.0021324865520000458
commit,commit_raw,CP-AU-r001:q000:d16,CP-AU-r001,64,west-west,A,existing_frozen,0.0,0,False,False,True,664382743129/1000000,664382743129/1000000,44484,21517,0.02388022467494011,0.004489395767450333
commit,commit_guarded,CP-AU-r001:q000:d16,CP-AU-r001,64,west-west,A,existing_frozen,0.0,0,False,False,True,664382743129/1000000,664382743129/1000000,44484,21517,0.02388022467494011,0.004489395767450333
commit,commit_raw,CP-AU-r001:q000:d16,CP-AU-r001,64,west-west,A,certified_reference,0.0,0,False,False,True,664382743129/1000000,664382743129/1000000,21517,21517,0.004353363066911697,0.004489395767450333
commit,commit_guarded,CP-AU-r001:q000:d16,CP-AU-r001,64,west-west,A,certified_reference,0.0,0,False,False,True,664382743129/1000000,664382743129/1000000,21517,21517,0.004353363066911697,0.004489395767450333
commit,commit_raw,CP-AU-r001:q000:d16,CP-AU-r001,64,west-west,E,existing_frozen,0.0,0,False,False,True,83039429059/125000,83039429059/125000,50418,27020,0.025557778775691986,0.005591537803411484
commit,commit_guarded,CP-AU-r001:q000:d16,CP-AU-r001,64,west-west,E,existing_frozen,0.0,0,False,False,True,83039429059/125000,83039429059/125000,50418,27020,0.025557778775691986,0.005591537803411484
commit,commit_raw,CP-AU-r001:q000:d16,CP-AU-r001,64,west-west,E,certified_reference,0.0,0,False,False,True,83039429059/125000,83039429059/125000,27020,27020,0.005307495594024658,0.005591537803411484
commit,commit_guarded,CP-AU-r001:q000:d16,CP-AU-r001,64,west-west,E,certified_reference,0.0,0,False,False,True,83039429059/125000,83039429059/125000,27020,27020,0.005307495594024658,0.005591537803411484
commit,commit_raw,CP-AU-r001:q000:d16,CP-AU-r001,64,west-west,J,existing_frozen,0.0,0,False,False,True,663825388171/1000000,663825388171/1000000,55703,32345,0.02583278715610504,0.006515763700008392
commit,commit_guarded,CP-AU-r001:q000:d16,CP-AU-r001,64,west-west,J,existing_frozen,0.0,0,False,False,True,663825388171/1000000,663825388171/1000000,55703,32345,0.02583278715610504,0.006515763700008392
commit,commit_raw,CP-AU-r001:q000:d16,CP-AU-r001,64,west-west,J,certified_reference,0.0,0,False,False,True,663825388171/1000000,663825388171/1000000,32345,32345,0.0057908594608306885,0.006515763700008392
commit,commit_guarded,CP-AU-r001:q000:d16,CP-AU-r001,64,west-west,J,certified_reference,0.0,0,False,False,True,663825388171/1000000,663825388171/1000000,32345,32345,0.0057908594608306885,0.006515763700008392
commit,commit_raw,CP-AU-r001:q000:d16,CP-AU-r001,64,west-west,W,existing_frozen,0.0,0,False,False,True,33197019147/50000,33197019147/50000,49750,26848,0.024776112288236618,0.005069214850664139
commit,commit_guarded,CP-AU-r001:q000:d16,CP-AU-r001,64,west-west,W,existing_frozen,0.0,0,False,False,True,33197019147/50000,33197019147/50000,49750,26848,0.024776112288236618,0.005069214850664139
commit,commit_raw,CP-AU-r001:q000:d16,CP-AU-r001,64,west-west,W,certified_reference,0.0,0,False,False,True,33197019147/50000,33197019147/50000,26848,26848,0.004886265844106674,0.005069214850664139
commit,commit_guarded,CP-AU-r001:q000:d16,CP-AU-r001,64,west-west,W,certified_reference,0.0,0,False,False,True,33197019147/50000,33197019147/50000,26848,26848,0.004886265844106674,0.005069214850664139
commit,commit_raw,CP-AU-r001:q000:d32,CP-AU-r001,128,west-west,A,existing_frozen,0.0,0,False,False,True,665275237633/1000000,665275237633/1000000,104826,23966,0.0701499953866005,0.008228667080402374
commit,commit_guarded,CP-AU-r001:q000:d32,CP-AU-r001,128,west-west,A,existing_frozen,0.0,0,False,False,True,665275237633/1000000,665275237633/1000000,104826,23966,0.0701499953866005,0.008228667080402374
commit,commit_raw,CP-AU-r001:q000:d32,CP-AU-r001,128,west-west,A,certified_reference,0.0,0,False,False,True,665275237633/1000000,665275237633/1000000,23966,23966,0.008021190762519836,0.008228667080402374
commit,commit_guarded,CP-AU-r001:q000:d32,CP-AU-r001,128,west-west,A,certified_reference,0.0,0,False,False,True,665275237633/1000000,665275237633/1000000,23966,23966,0.008021190762519836,0.008228667080402374
commit,commit_raw,CP-AU-r001:q000:d32,CP-AU-r001,128,west-west,E,existing_frozen,0.0,0,False,False,True,66460244361/100000,66460244361/100000,108958,29998,0.06864099204540253,0.010311633348464966
commit,commit_guarded,CP-AU-r001:q000:d32,CP-AU-r001,128,west-west,E,existing_frozen,0.0,0,False,False,True,66460244361/100000,66460244361/100000,108958,29998,0.06864099204540253,0.010311633348464966
commit,commit_raw,CP-AU-r001:q000:d32,CP-AU-r001,128,west-west,E,certified_reference,0.0,0,False,False,True,66460244361/100000,66460244361/100000,29998,29998,0.009918898344039917,0.010311633348464966
commit,commit_guarded,CP-AU-r001:q000:d32,CP-AU-r001,128,west-west,E,certified_reference,0.0,0,False,False,True,66460244361/100000,66460244361/100000,29998,29998,0.009918898344039917,0.010311633348464966
commit,commit_raw,CP-AU-r001:q000:d32,CP-AU-r001,128,west-west,J,existing_frozen,0.0,0,False,False,True,663422928801/1000000,663422928801/1000000,113792,35931,0.06849220395088196,0.011577967554330826
commit,commit_guarded,CP-AU-r001:q000:d32,CP-AU-r001,128,west-west,J,existing_frozen,0.0,0,False,False,True,663825388171/1000000,663825388171/1000000,113792,35931,0.06849220395088196,0.011577967554330826
commit,commit_raw,CP-AU-r001:q000:d32,CP-AU-r001,128,west-west,J,certified_reference,0.0,0,False,False,True,663422928801/1000000,663422928801/1000000,35931,35931,0.011321615427732468,0.011577967554330826
commit,commit_guarded,CP-AU-r001:q000:d32,CP-AU-r001,128,west-west,J,certified_reference,0.0,0,False,False,True,663825388171/1000000,663825388171/1000000,35931,35931,0.011321615427732468,0.011577967554330826
commit,commit_raw,CP-AU-r001:q000:d32,CP-AU-r001,128,west-west,W,existing_frozen,0.0,0,False,False,True,132815674297/200000,132815674297/200000,110104,29873,0.06909207627177238,0.00964033231139183
commit,commit_guarded,CP-AU-r001:q000:d32,CP-AU-r001,128,west-west,W,existing_frozen,0.0,0,False,False,True,132815674297/200000,132815674297/200000,110104,29873,0.06909207627177238,0.00964033231139183
commit,commit_raw,CP-AU-r001:q000:d32,CP-AU-r001,128,west-west,W,certified_reference,0.0,0,False,False,True,132815674297/200000,132815674297/200000,29873,29873,0.009481977671384811,0.00964033231139183
commit,commit_guarded,CP-AU-r001:q000:d32,CP-AU-r001,128,west-west,W,certified_reference,0.0,0,False,False,True,132815674297/200000,132815674297/200000,29873,29873,0.009481977671384811,0.00964033231139183
commit,commit_raw,CP-AU-r001:q001:d08,CP-AU-r001,16,west-west,A,existing_frozen,0.0,0,False,False,True,663826033371/1000000,663826033371/1000000,22199,19693,0.0049615949392318726,0.0016681700944900513
commit,commit_guarded,CP-AU-r001:q001:d08,CP-AU-r001,16,west-west,A,existing_frozen,0.0,0,False,False,True,663826033371/1000000,663826033371/1000000,22199,19693,0.0049615949392318726,0.0016681700944900513
commit,commit_raw,CP-AU-r001:q001:d08,CP-AU-r001,16,west-west,A,certified_reference,0.0,0,False,False,True,663826033371/1000000,663826033371/1000000,19694,19693,0.0015802308917045593,0.0016681700944900513
commit,commit_guarded,CP-AU-r001:q001:d08,CP-AU-r001,16,west-west,A,certified_reference,0.0,0,False,False,True,663826033371/1000000,663826033371/1000000,19694,19693,0.0015802308917045593,0.0016681700944900513
commit,commit_raw,CP-AU-r001:q001:d08,CP-AU-r001,16,west-west,E,existing_frozen,0.0,0,False,False,True,663825388171/1000000,663825388171/1000000,27431,24879,0.005079023540019989,0.0019469782710075378
commit,commit_guarded,CP-AU-r001:q001:d08,CP-AU-r001,16,west-west,E,existing_frozen,0.0,0,False,False,True,663825388171/1000000,663825388171/1000000,27431,24879,0.005079023540019989,0.0019469782710075378
commit,commit_raw,CP-AU-r001:q001:d08,CP-AU-r001,16,west-west,E,certified_reference,0.0,0,False,False,True,663825388171/1000000,663825388171/1000000,24880,24879,0.0018247216939926147,0.0019469782710075378
commit,commit_guarded,CP-AU-r001:q001:d08,CP-AU-r001,16,west-west,E,certified_reference,0.0,0,False,False,True,663825388171/1000000,663825388171/1000000,24880,24879,0.0018247216939926147,0.0019469782710075378
commit,commit_raw,CP-AU-r001:q001:d08,CP-AU-r001,16,west-west,J,existing_frozen,0.0,0,False,False,True,663825388171/1000000,663825388171/1000000,32665,30025,0.005142688751220703,0.002052050083875656
commit,commit_guarded,CP-AU-r001:q001:d08,CP-AU-r001,16,west-west,J,existing_frozen,0.0,0,False,False,True,663825388171/1000000,663825388171/1000000,32665,30025,0.005142688751220703,0.002052050083875656
commit,commit_raw,CP-AU-r001:q001:d08,CP-AU-r001,16,west-west,J,certified_reference,0.0,0,False,False,True,663825388171/1000000,663825388171/1000000,30026,30025,0.0019281953573226929,0.002052050083875656
commit,commit_guarded,CP-AU-r001:q001:d08,CP-AU-r001,16,west-west,J,certified_reference,0.0,0,False,False,True,663825388171/1000000,663825388171/1000000,30026,30025,0.0019281953573226929,0.002052050083875656
commit,commit_raw,CP-AU-r001:q001:d08,CP-AU-r001,16,west-west,W,existing_frozen,0.0,0,False,False,True,663826033371/1000000,663826033371/1000000,27433,24839,0.0049798935651779175,0.0018587931990623474
commit,commit_guarded,CP-AU-r001:q001:d08,CP-AU-r001,16,west-west,W,existing_frozen,0.0,0,False,False,True,663826033371/1000000,663826033371/1000000,27433,24839,0.0049798935651779175,0.0018587931990623474
commit,commit_raw,CP-AU-r001:q001:d08,CP-AU-r001,16,west-west,W,certified_reference,0.0,0,False,False,True,663826033371/1000000,663826033371/1000000,24840,24839,0.0017422065138816833,0.0018587931990623474
commit,commit_guarded,CP-AU-r001:q001:d08,CP-AU-r001,16,west-west,W,certified_reference,0.0,0,False,False,True,663826033371/1000000,663826033371/1000000,24840,24839,0.0017422065138816833,0.0018587931990623474
commit,commit_raw,CP-AU-r001:q001:d16,CP-AU-r001,64,west-west,A,existing_frozen,0.0,0,False,False,True,664382743129/1000000,664382743129/1000000,44484,21517,0.023771509528160095,0.00457218661904335
commit,commit_guarded,CP-AU-r001:q001:d16,CP-AU-r001,64,west-west,A,existing_frozen,0.0,0,False,False,True,664382743129/1000000,664382743129/1000000,44484,21517,0.023771509528160095,0.00457218661904335
commit,commit_raw,CP-AU-r001:q001:d16,CP-AU-r001,64,west-west,A,certified_reference,0.0,0,False,False,True,664382743129/1000000,664382743129/1000000,21517,21517,0.004345390945672989,0.00457218661904335
commit,commit_guarded,CP-AU-r001:q001:d16,CP-AU-r001,64,west-west,A,certified_reference,0.0,0,False,False,True,664382743129/1000000,664382743129/1000000,21517,21517,0.004345390945672989,0.00457218661904335
commit,commit_raw,CP-AU-r001:q001:d16,CP-AU-r001,64,west-west,E,existing_frozen,0.0,0,False,False,True,83039429059/125000,83039429059/125000,50418,27020,0.025185000151395798,0.005436837673187256
commit,commit_guarded,CP-AU-r001:q001:d16,CP-AU-r001,64,west-west,E,existing_frozen,0.0,0,False,False,True,83039429059/125000,83039429059/125000,50418,27020,0.025185000151395798,0.005436837673187256
commit,commit_raw,CP-AU-r001:q001:d16,CP-AU-r001,64,west-west,E,certified_reference,0.0,0,False,False,True,83039429059/125000,83039429059/125000,27020,27020,0.00532098114490509,0.005436837673187256
commit,commit_guarded,CP-AU-r001:q001:d16,CP-AU-r001,64,west-west,E,certified_reference,0.0,0,False,False,True,83039429059/125000,83039429059/125000,27020,27020,0.00532098114490509,0.005436837673187256
commit,commit_raw,CP-AU-r001:q001:d16,CP-AU-r001,64,west-west,J,existing_frozen,0.0,0,False,False,True,663825388171/1000000,663825388171/1000000,55703,32345,0.025826942175626755,0.005911841988563538
commit,commit_guarded,CP-AU-r001:q001:d16,CP-AU-r001,64,west-west,J,existing_frozen,0.0,0,False,False,True,663825388171/1000000,663825388171/1000000,55703,32345,0.025826942175626755,0.005911841988563538
commit,commit_raw,CP-AU-r001:q001:d16,CP-AU-r001,64,west-west,J,certified_reference,0.0,0,False,False,True,663825388171/1000000,663825388171/1000000,32345,32345,0.00562402606010437,0.005911841988563538
commit,commit_guarded,CP-AU-r001:q001:d16,CP-AU-r001,64,west-west,J,certified_reference,0.0,0,False,False,True,663825388171/1000000,663825388171/1000000,32345,32345,0.00562402606010437,0.005911841988563538
commit,commit_raw,CP-AU-r001:q001:d16,CP-AU-r001,64,west-west,W,existing_frozen,0.0,0,False,False,True,33197019147/50000,33197019147/50000,49750,26848,0.02435244619846344,0.005107298493385315
commit,commit_guarded,CP-AU-r001:q001:d16,CP-AU-r001,64,west-west,W,existing_frozen,0.0,0,False,False,True,33197019147/50000,33197019147/50000,49750,26848,0.02435244619846344,0.005107298493385315
commit,commit_raw,CP-AU-r001:q001:d16,CP-AU-r001,64,west-west,W,certified_reference,0.0,0,False,False,True,33197019147/50000,33197019147/50000,26848,26848,0.004948437213897705,0.005107298493385315
commit,commit_guarded,CP-AU-r001:q001:d16,CP-AU-r001,64,west-west,W,certified_reference,0.0,0,False,False,True,33197019147/50000,33197019147/50000,26848,26848,0.004948437213897705,0.005107298493385315
commit,commit_raw,CP-AU-r001:q001:d32,CP-AU-r001,128,west-west,A,existing_frozen,0.0,0,False,False,True,665275237633/1000000,665275237633/1000000,104826,23966,0.06876664608716965,0.008491545915603638
commit,commit_guarded,CP-AU-r001:q001:d32,CP-AU-r001,128,west-west,A,existing_frozen,0.0,0,False,False,True,665275237633/1000000,665275237633/1000000,104826,23966,0.06876664608716965,0.008491545915603638
commit,commit_raw,CP-AU-r001:q001:d32,CP-AU-r001,128,west-west,A,certified_reference,0.0,0,False,False,True,665275237633/1000000,665275237633/1000000,23966,23966,0.008010726422071457,0.008491545915603638
commit,commit_guarded,CP-AU-r001:q001:d32,CP-AU-r001,128,west-west,A,certified_reference,0.0,0,False,False,True,665275237633/1000000,665275237633/1000000,23966,23966,0.008010726422071457,0.008491545915603638
commit,commit_raw,CP-AU-r001:q001:d32,CP-AU-r001,128,west-west,E,existing_frozen,0.0,0,False,False,True,66460244361/100000,66460244361/100000,108958,29998,0.0679541788995266,0.010207761079072952
commit,commit_guarded,CP-AU-r001:q001:d32,CP-AU-r001,128,west-west,E,existing_frozen,0.0,0,False,False,True,66460244361/100000,66460244361/100000,108958,29998,0.0679541788995266,0.010207761079072952
commit,commit_raw,CP-AU-r001:q001:d32,CP-AU-r001,128,west-west,E,certified_reference,0.0,0,False,False,True,66460244361/100000,66460244361/100000,29998,29998,0.009882621467113495,0.010207761079072952
commit,commit_guarded,CP-AU-r001:q001:d32,CP-AU-r001,128,west-west,E,certified_reference,0.0,0,False,False,True,66460244361/100000,66460244361/100000,29998,29998,0.009882621467113495,0.010207761079072952
commit,commit_raw,CP-AU-r001:q001:d32,CP-AU-r001,128,west-west,J,existing_frozen,0.0,0,False,False,True,663422928801/1000000,663422928801/1000000,113792,35931,0.0684339627623558,0.011568620800971985
commit,commit_guarded,CP-AU-r001:q001:d32,CP-AU-r001,128,west-west,J,existing_frozen,0.0,0,False,False,True,663825388171/1000000,663825388171/1000000,113792,35931,0.0684339627623558,0.011568620800971985
commit,commit_raw,CP-AU-r001:q001:d32,CP-AU-r001,128,west-west,J,certified_reference,0.0,0,False,False,True,663422928801/1000000,663422928801/1000000,35931,35931,0.011318475008010864,0.011568620800971985
commit,commit_guarded,CP-AU-r001:q001:d32,CP-AU-r001,128,west-west,J,certified_reference,0.0,0,False,False,True,663825388171/1000000,663825388171/1000000,35931,35931,0.011318475008010864,0.011568620800971985
commit,commit_raw,CP-AU-r001:q001:d32,CP-AU-r001,128,west-west,W,existing_frozen,0.0,0,False,False,True,132815674297/200000,132815674297/200000,110104,29873,0.06950834020972252,0.009690672159194946
commit,commit_guarded,CP-AU-r001:q001:d32,CP-AU-r001,128,west-west,W,existing_frozen,0.0,0,False,False,True,132815674297/200000,132815674297/200000,110104,29873,0.06950834020972252,0.009690672159194946
commit,commit_raw,CP-AU-r001:q001:d32,CP-AU-r001,128,west-west,W,certified_reference,0.0,0,False,False,True,132815674297/200000,132815674297/200000,29873,29873,0.009468305855989456,0.009690672159194946
commit,commit_guarded,CP-AU-r001:q001:d32,CP-AU-r001,128,west-west,W,certified_reference,0.0,0,False,False,True,132815674297/200000,132815674297/200000,29873,29873,0.009468305855989456,0.009690672159194946
commit,commit_raw,CP-AU-r001:q002:d08,CP-AU-r001,16,west-west,A,existing_frozen,0.0,0,False,False,True,331964103557/500000,331964103557/500000,22048,19566,0.004650983959436417,0.0015720538794994354
commit,commit_guarded,CP-AU-r001:q002:d08,CP-AU-r001,16,west-west,A,existing_frozen,0.0,0,False,False,True,331964103557/500000,331964103557/500000,22048,19566,0.004650983959436417,0.0015720538794994354
commit,commit_raw,CP-AU-r001:q002:d08,CP-AU-r001,16,west-west,A,certified_reference,0.0,0,False,False,True,331964103557/500000,331964103557/500000,19567,19566,0.0014101378619670868,0.0015720538794994354
commit,commit_guarded,CP-AU-r001:q002:d08,CP-AU-r001,16,west-west,A,certified_reference,0.0,0,False,False,True,331964103557/500000,331964103557/500000,19567,19566,0.0014101378619670868,0.0015720538794994354
commit,commit_raw,CP-AU-r001:q002:d08,CP-AU-r001,16,west-west,E,existing_frozen,0.0,0,False,False,True,331964103557/500000,331964103557/500000,27134,24652,0.0049611665308475494,0.0016864128410816193
commit,commit_guarded,CP-AU-r001:q002:d08,CP-AU-r001,16,west-west,E,existing_frozen,0.0,0,False,False,True,331964103557/500000,331964103557/500000,27134,24652,0.0049611665308475494,0.0016864128410816193
commit,commit_raw,CP-AU-r001:q002:d08,CP-AU-r001,16,west-west,E,certified_reference,0.0,0,False,False,True,331964103557/500000,331964103557/500000,24653,24652,0.0015954338014125824,0.0016864128410816193
commit,commit_guarded,CP-AU-r001:q002:d08,CP-AU-r001,16,west-west,E,certified_reference,0.0,0,False,False,True,331964103557/500000,331964103557/500000,24653,24652,0.0015954338014125824,0.0016864128410816193
commit,commit_raw,CP-AU-r001:q002:d08,CP-AU-r001,16,west-west,J,existing_frozen,0.0,0,False,False,True,663825388171/1000000,663825388171/1000000,32577,29865,0.005030672997236252,0.001840062439441681
commit,commit_guarded,CP-AU-r001:q002:d08,CP-AU-r001,16,west-west,J,existing_frozen,0.0,0,False,False,True,663825388171/1000000,663825388171/1000000,32577,29865,0.005030672997236252,0.001840062439441681
commit,commit_raw,CP-AU-r001:q002:d08,CP-AU-r001,16,west-west,J,certified_reference,0.0,0,False,False,True,663825388171/1000000,663825388171/1000000,29866,29865,0.0017485246062278748,0.001840062439441681
commit,commit_guarded,CP-AU-r001:q002:d08,CP-AU-r001,16,west-west,J,certified_reference,0.0,0,False,False,True,663825388171/1000000,663825388171/1000000,29866,29865,0.0017485246062278748,0.001840062439441681
commit,commit_raw,CP-AU-r001:q002:d08,CP-AU-r001,16,west-west,W,existing_frozen,0.0,0,False,False,True,663825388171/1000000,663825388171/1000000,27491,24779,0.005056373775005341,0.0017300546169281006
commit,commit_guarded,CP-AU-r001:q002:d08,CP-AU-r001,16,west-west,W,existing_frozen,0.0,0,False,False,True,663825388171/1000000,663825388171/1000000,27491,24779,0.005056373775005341,0.0017300546169281006
commit,commit_raw,CP-AU-r001:q002:d08,CP-AU-r001,16,west-west,W,certified_reference,0.0,0,False,False,True,663825388171/1000000,663825388171/1000000,24780,24779,0.0016432106494903564,0.0017300546169281006
commit,commit_guarded,CP-AU-r001:q002:d08,CP-AU-r001,16,west-west,W,certified_reference,0.0,0,False,False,True,663825388171/1000000,663825388171/1000000,24780,24779,0.0016432106494903564,0.0017300546169281006
commit,commit_raw,CP-AU-r001:q002:d16,CP-AU-r001,64,west-west,A,existing_frozen,0.0,0,False,False,True,664045753907/1000000,664045753907/1000000,43546,21446,0.023010428994894028,0.0042383261024951935
commit,commit_guarded,CP-AU-r001:q002:d16,CP-AU-r001,64,west-west,A,existing_frozen,0.0,0,False,False,True,664045753907/1000000,664045753907/1000000,43546,21446,0.023010428994894028,0.0042383261024951935
commit,commit_raw,CP-AU-r001:q002:d16,CP-AU-r001,64,west-west,A,certified_reference,0.0,0,False,False,True,664045753907/1000000,664045753907/1000000,21446,21446,0.003987252712249756,0.0042383261024951935
commit,commit_guarded,CP-AU-r001:q002:d16,CP-AU-r001,64,west-west,A,certified_reference,0.0,0,False,False,True,664045753907/1000000,664045753907/1000000,21446,21446,0.003987252712249756,0.0042383261024951935
commit,commit_raw,CP-AU-r001:q002:d16,CP-AU-r001,64,west-west,E,existing_frozen,0.0,0,False,False,True,165999058051/250000,165999058051/250000,49368,26964,0.02434852346777916,0.005219645798206329
commit,commit_guarded,CP-AU-r001:q002:d16,CP-AU-r001,64,west-west,E,existing_frozen,0.0,0,False,False,True,165999058051/250000,165999058051/250000,49368,26964,0.02434852346777916,0.005219645798206329
commit,commit_raw,CP-AU-r001:q002:d16,CP-AU-r001,64,west-west,E,certified_reference,0.0,0,False,False,True,165999058051/250000,165999058051/250000,26965,26964,0.0052056945860385895,0.005219645798206329
commit,commit_guarded,CP-AU-r001:q002:d16,CP-AU-r001,64,west-west,E,certified_reference,0.0,0,False,False,True,165999058051/250000,165999058051/250000,26965,26964,0.0052056945860385895,0.005219645798206329
commit,commit_raw,CP-AU-r001:q002:d16,CP-AU-r001,64,west-west,J,existing_frozen,0.0,0,False,False,True,132671473073/200000,132671473073/200000,54581,32307,0.024317041039466858,0.005677655339241028
commit,commit_guarded,CP-AU-r001:q002:d16,CP-AU-r001,64,west-west,J,existing_frozen,0.0,0,False,False,True,663825388171/1000000,663825388171/1000000,54581,32307,0.024317041039466858,0.005677655339241028
commit,commit_raw,CP-AU-r001:q002:d16,CP-AU-r001,64,west-west,J,certified_reference,0.0,0,False,False,True,132671473073/200000,132671473073/200000,32308,32307,0.005413498729467392,0.005677655339241028
commit,commit_guarded,CP-AU-r001:q002:d16,CP-AU-r001,64,west-west,J,certified_reference,0.0,0,False,False,True,663825388171/1000000,663825388171/1000000,32308,32307,0.005413498729467392,0.005677655339241028
commit,commit_raw,CP-AU-r001:q002:d16,CP-AU-r001,64,west-west,W,existing_frozen,0.0,0,False,False,True,10373144347/15625,10373144347/15625,48762,26821,0.023291897028684616,0.004778675734996796
commit,commit_guarded,CP-AU-r001:q002:d16,CP-AU-r001,64,west-west,W,existing_frozen,0.0,0,False,False,True,10373144347/15625,10373144347/15625,48762,26821,0.023291897028684616,0.004778675734996796
commit,commit_raw,CP-AU-r001:q002:d16,CP-AU-r001,64,west-west,W,certified_reference,0.0,0,False,False,True,10373144347/15625,10373144347/15625,26821,26821,0.004630185663700104,0.004778675734996796
commit,commit_guarded,CP-AU-r001:q002:d16,CP-AU-r001,64,west-west,W,certified_reference,0.0,0,False,False,True,10373144347/15625,10373144347/15625,26821,26821,0.004630185663700104,0.004778675734996796
commit,commit_raw,CP-AU-r001:q002:d32,CP-AU-r001,128,west-west,A,existing_frozen,0.0,0,False,False,True,664473725907/1000000,664473725907/1000000,98991,23837,0.0626974031329155,0.008230555802583694
commit,commit_guarded,CP-AU-r001:q002:d32,CP-AU-r001,128,west-west,A,existing_frozen,0.0,0,False,False,True,664473725907/1000000,664473725907/1000000,98991,23837,0.0626974031329155,0.008230555802583694
commit,commit_raw,CP-AU-r001:q002:d32,CP-AU-r001,128,west-west,A,certified_reference,0.0,0,False,False,True,664473725907/1000000,664473725907/1000000,23837,23837,0.007759593427181244,0.008230555802583694
commit,commit_guarded,CP-AU-r001:q002:d32,CP-AU-r001,128,west-west,A,certified_reference,0.0,0,False,False,True,664473725907/1000000,664473725907/1000000,23837,23837,0.007759593427181244,0.008230555802583694
commit,commit_raw,CP-AU-r001:q002:d32,CP-AU-r001,128,west-west,E,existing_frozen,0.0,0,False,False,True,664432461473/1000000,664432461473/1000000,107210,29847,0.06821343302726746,0.010050211101770401
commit,commit_guarded,CP-AU-r001:q002:d32,CP-AU-r001,128,west-west,E,existing_frozen,0.0,0,False,False,True,664432461473/1000000,664432461473/1000000,107210,29847,0.06821343302726746,0.010050211101770401
commit,commit_raw,CP-AU-r001:q002:d32,CP-AU-r001,128,west-west,E,certified_reference,0.0,0,False,False,True,664432461473/1000000,664432461473/1000000,29847,29847,0.009637411683797836,0.010050211101770401
commit,commit_guarded,CP-AU-r001:q002:d32,CP-AU-r001,128,west-west,E,certified_reference,0.0,0,False,False,True,664432461473/1000000,664432461473/1000000,29847,29847,0.009637411683797836,0.010050211101770401
commit,commit_raw,CP-AU-r001:q002:d32,CP-AU-r001,128,west-west,J,existing_frozen,0.0,0,False,False,True,66319212117/100000,66319212117/100000,112074,35836,0.06672840565443039,0.0114663764834404
commit,commit_guarded,CP-AU-r001:q002:d32,CP-AU-r001,128,west-west,J,existing_frozen,0.0,0,False,False,True,663825388171/1000000,663825388171/1000000,112074,35836,0.06672840565443039,0.0114663764834404
commit,commit_raw,CP-AU-r001:q002:d32,CP-AU-r001,128,west-west,J,certified_reference,0.0,0,False,False,True,66319212117/100000,66319212117/100000,35836,35836,0.01113496720790863,0.0114663764834404
commit,commit_guarded,CP-AU-r001:q002:d32,CP-AU-r001,128,west-west,J,certified_reference,0.0,0,False,False,True,663825388171/1000000,663825388171/1000000,35836,35836,0.01113496720790863,0.0114663764834404
commit,commit_raw,CP-AU-r001:q002:d32,CP-AU-r001,128,west-west,W,existing_frozen,0.0,0,False,False,True,663955170831/1000000,663955170831/1000000,103920,29882,0.06411305442452431,0.009651042520999908
commit,commit_guarded,CP-AU-r001:q002:d32,CP-AU-r001,128,west-west,W,existing_frozen,0.0,0,False,False,True,663955170831/1000000,663955170831/1000000,103920,29882,0.06411305442452431,0.009651042520999908
commit,commit_raw,CP-AU-r001:q002:d32,CP-AU-r001,128,west-west,W,certified_reference,0.0,0,False,False,True,663955170831/1000000,663955170831/1000000,29882,29882,0.009484309703111649,0.009651042520999908
commit,commit_guarded,CP-AU-r001:q002:d32,CP-AU-r001,128,west-west,W,certified_reference,0.0,0,False,False,True,663955170831/1000000,663955170831/1000000,29882,29882,0.009484309703111649,0.009651042520999908
commit,commit_raw,CP-AU-r001:q003:d08,CP-AU-r001,16,west-west,A,existing_frozen,0.0,0,False,False,True,331964103557/500000,331964103557/500000,22048,19566,0.004601411521434784,0.0015316680073738098
commit,commit_guarded,CP-AU-r001:q003:d08,CP-AU-r001,16,west-west,A,existing_frozen,0.0,0,False,False,True,331964103557/500000,331964103557/500000,22048,19566,0.004601411521434784,0.0015316680073738098
commit,commit_raw,CP-AU-r001:q003:d08,CP-AU-r001,16,west-west,A,certified_reference,0.0,0,False,False,True,331964103557/500000,331964103557/500000,19567,19566,0.0014225393533706665,0.0015316680073738098
commit,commit_guarded,CP-AU-r001:q003:d08,CP-AU-r001,16,west-west,A,certified_reference,0.0,0,False,False,True,331964103557/500000,331964103557/500000,19567,19566,0.0014225393533706665,0.0015316680073738098
commit,commit_raw,CP-AU-r001:q003:d08,CP-AU-r001,16,west-west,E,existing_frozen,0.0,0,False,False,True,331964103557/500000,331964103557/500000,27134,24652,0.004909209907054901,0.0016600675880908966
commit,commit_guarded,CP-AU-r001:q003:d08,CP-AU-r001,16,west-west,E,existing_frozen,0.0,0,False,False,True,331964103557/500000,331964103557/500000,27134,24652,0.004909209907054901,0.0016600675880908966
commit,commit_raw,CP-AU-r001:q003:d08,CP-AU-r001,16,west-west,E,certified_reference,0.0,0,False,False,True,331964103557/500000,331964103557/500000,24653,24652,0.0015490874648094177,0.0016600675880908966
commit,commit_guarded,CP-AU-r001:q003:d08,CP-AU-r001,16,west-west,E,certified_reference,0.0,0,False,False,True,331964103557/500000,331964103557/500000,24653,24652,0.0015490874648094177,0.0016600675880908966
commit,commit_raw,CP-AU-r001:q003:d08,CP-AU-r001,16,west-west,J,existing_frozen,0.0,0,False,False,True,663825388171/1000000,663825388171/1000000,32577,29865,0.00492434948682785,0.001821424812078476
commit,commit_guarded,CP-AU-r001:q003:d08,CP-AU-r001,16,west-west,J,existing_frozen,0.0,0,False,False,True,663825388171/1000000,663825388171/1000000,32577,29865,0.00492434948682785,0.001821424812078476
commit,commit_raw,CP-AU-r001:q003:d08,CP-AU-r001,16,west-west,J,certified_reference,0.0,0,False,False,True,663825388171/1000000,663825388171/1000000,29866,29865,0.0016897208988666534,0.001821424812078476
commit,commit_guarded,CP-AU-r001:q003:d08,CP-AU-r001,16,west-west,J,certified_reference,0.0,0,False,False,True,663825388171/1000000,663825388171/1000000,29866,29865,0.0016897208988666534,0.001821424812078476
commit,commit_raw,CP-AU-r001:q003:d08,CP-AU-r001,16,west-west,W,existing_frozen,0.0,0,False,False,True,663825388171/1000000,663825388171/1000000,27491,24779,0.004891358315944672,0.0017827041447162628
commit,commit_guarded,CP-AU-r001:q003:d08,CP-AU-r001,16,west-west,W,existing_frozen,0.0,0,False,False,True,663825388171/1000000,663825388171/1000000,27491,24779,0.004891358315944672,0.0017827041447162628
commit,commit_raw,CP-AU-r001:q003:d08,CP-AU-r001,16,west-west,W,certified_reference,0.0,0,False,False,True,663825388171/1000000,663825388171/1000000,24780,24779,0.0016094893217086792,0.0017827041447162628
commit,commit_guarded,CP-AU-r001:q003:d08,CP-AU-r001,16,west-west,W,certified_reference,0.0,0,False,False,True,663825388171/1000000,663825388171/1000000,24780,24779,0.0016094893217086792,0.0017827041447162628
commit,commit_raw,CP-AU-r001:q003:d16,CP-AU-r001,64,west-west,A,existing_frozen,0.0,0,False,False,True,664045753907/1000000,664045753907/1000000,43546,21446,0.022806398570537567,0.0042509958148002625
commit,commit_guarded,CP-AU-r001:q003:d16,CP-AU-r001,64,west-west,A,existing_frozen,0.0,0,False,False,True,664045753907/1000000,664045753907/1000000,43546,21446,0.022806398570537567,0.0042509958148002625
commit,commit_raw,CP-AU-r001:q003:d16,CP-AU-r001,64,west-west,A,certified_reference,0.0,0,False,False,True,664045753907/1000000,664045753907/1000000,21446,21446,0.004055783152580261,0.0042509958148002625
commit,commit_guarded,CP-AU-r001:q003:d16,CP-AU-r001,64,west-west,A,certified_reference,0.0,0,False,False,True,664045753907/1000000,664045753907/1000000,21446,21446,0.004055783152580261,0.0042509958148002625
commit,commit_raw,CP-AU-r001:q003:d16,CP-AU-r001,64,west-west,E,existing_frozen,0.0,0,False,False,True,165999058051/250000,165999058051/250000,49368,26964,0.02388441562652588,0.005147170275449753
commit,commit_guarded,CP-AU-r001:q003:d16,CP-AU-r001,64,west-west,E,existing_frozen,0.0,0,False,False,True,165999058051/250000,165999058051/250000,49368,26964,0.02388441562652588,0.005147170275449753
commit,commit_raw,CP-AU-r001:q003:d16,CP-AU-r001,64,west-west,E,certified_reference,0.0,0,False,False,True,165999058051/250000,165999058051/250000,26965,26964,0.004933979362249374,0.005147170275449753
commit,commit_guarded,CP-AU-r001:q003:d16,CP-AU-r001,64,west-west,E,certified_reference,0.0,0,False,False,True,165999058051/250000,165999058051/250000,26965,26964,0.004933979362249374,0.005147170275449753
commit,commit_raw,CP-AU-r001:q003:d16,CP-AU-r001,64,west-west,J,existing_frozen,0.0,0,False,False,True,132671473073/200000,132671473073/200000,54581,32307,0.024438410997390747,0.005684599280357361
commit,commit_guarded,CP-AU-r001:q003:d16,CP-AU-r001,64,west-west,J,existing_frozen,0.0,0,False,False,True,663825388171/1000000,663825388171/1000000,54581,32307,0.024438410997390747,0.005684599280357361
commit,commit_raw,CP-AU-r001:q003:d16,CP-AU-r001,64,west-west,J,certified_reference,0.0,0,False,False,True,132671473073/200000,132671473073/200000,32308,32307,0.00544072687625885,0.005684599280357361
commit,commit_guarded,CP-AU-r001:q003:d16,CP-AU-r001,64,west-west,J,certified_reference,0.0,0,False,False,True,663825388171/1000000,663825388171/1000000,32308,32307,0.00544072687625885,0.005684599280357361
commit,commit_raw,CP-AU-r001:q003:d16,CP-AU-r001,64,west-west,W,existing_frozen,0.0,0,False,False,True,10373144347/15625,10373144347/15625,48762,26821,0.02357346937060356,0.00477532297372818
commit,commit_guarded,CP-AU-r001:q003:d16,CP-AU-r001,64,west-west,W,existing_frozen,0.0,0,False,False,True,10373144347/15625,10373144347/15625,48762,26821,0.02357346937060356,0.00477532297372818
commit,commit_raw,CP-AU-r001:q003:d16,CP-AU-r001,64,west-west,W,certified_reference,0.0,0,False,False,True,10373144347/15625,10373144347/15625,26821,26821,0.004609022289514542,0.00477532297372818
commit,commit_guarded,CP-AU-r001:q003:d16,CP-AU-r001,64,west-west,W,certified_reference,0.0,0,False,False,True,10373144347/15625,10373144347/15625,26821,26821,0.004609022289514542,0.00477532297372818
commit,commit_raw,CP-AU-r001:q003:d32,CP-AU-r001,128,west-west,A,existing_frozen,0.0,0,False,False,True,664473725907/1000000,664473725907/1000000,98991,23837,0.06292639300227165,0.007949449121952057
commit,commit_guarded,CP-AU-r001:q003:d32,CP-AU-r001,128,west-west,A,existing_frozen,0.0,0,False,False,True,664473725907/1000000,664473725907/1000000,98991,23837,0.06292639300227165,0.007949449121952057
commit,commit_raw,CP-AU-r001:q003:d32,CP-AU-r001,128,west-west,A,certified_reference,0.0,0,False,False,True,664473725907/1000000,664473725907/1000000,23837,23837,0.008023343980312347,0.007949449121952057
commit,commit_guarded,CP-AU-r001:q003:d32,CP-AU-r001,128,west-west,A,certified_reference,0.0,0,False,False,True,664473725907/1000000,664473725907/1000000,23837,23837,0.008023343980312347,0.007949449121952057
commit,commit_raw,CP-AU-r001:q003:d32,CP-AU-r001,128,west-west,E,existing_frozen,0.0,0,False,False,True,664432461473/1000000,664432461473/1000000,107210,29847,0.06708481907844543,0.010952949523925781
commit,commit_guarded,CP-AU-r001:q003:d32,CP-AU-r001,128,west-west,E,existing_frozen,0.0,0,False,False,True,664432461473/1000000,664432461473/1000000,107210,29847,0.06708481907844543,0.010952949523925781
commit,commit_raw,CP-AU-r001:q003:d32,CP-AU-r001,128,west-west,E,certified_reference,0.0,0,False,False,True,664432461473/1000000,664432461473/1000000,29847,29847,0.009721118956804276,0.010952949523925781
commit,commit_guarded,CP-AU-r001:q003:d32,CP-AU-r001,128,west-west,E,certified_reference,0.0,0,False,False,True,664432461473/1000000,664432461473/1000000,29847,29847,0.009721118956804276,0.010952949523925781
commit,commit_raw,CP-AU-r001:q003:d32,CP-AU-r001,128,west-west,J,existing_frozen,0.0,0,False,False,True,66319212117/100000,66319212117/100000,112074,35836,0.06732204556465149,0.011365223675966263
commit,commit_guarded,CP-AU-r001:q003:d32,CP-AU-r001,128,west-west,J,existing_frozen,0.0,0,False,False,True,663825388171/1000000,663825388171/1000000,112074,35836,0.06732204556465149,0.011365223675966263
commit,commit_raw,CP-AU-r001:q003:d32,CP-AU-r001,128,west-west,J,certified_reference,0.0,0,False,False,True,66319212117/100000,66319212117/100000,35836,35836,0.011117178946733475,0.011365223675966263
commit,commit_guarded,CP-AU-r001:q003:d32,CP-AU-r001,128,west-west,J,certified_reference,0.0,0,False,False,True,663825388171/1000000,663825388171/1000000,35836,35836,0.011117178946733475,0.011365223675966263
commit,commit_raw,CP-AU-r001:q003:d32,CP-AU-r001,128,west-west,W,existing_frozen,0.0,0,False,False,True,663955170831/1000000,663955170831/1000000,103920,29882,0.0638934038579464,0.009687859565019608
commit,commit_guarded,CP-AU-r001:q003:d32,CP-AU-r001,128,west-west,W,existing_frozen,0.0,0,False,False,True,663955170831/1000000,663955170831/1000000,103920,29882,0.0638934038579464,0.009687859565019608
commit,commit_raw,CP-AU-r001:q003:d32,CP-AU-r001,128,west-west,W,certified_reference,0.0,0,False,False,True,663955170831/1000000,663955170831/1000000,29882,29882,0.009565617889165878,0.009687859565019608
commit,commit_guarded,CP-AU-r001:q003:d32,CP-AU-r001,128,west-west,W,certified_reference,0.0,0,False,False,True,663955170831/1000000,663955170831/1000000,29882,29882,0.009565617889165878,0.009687859565019608
commit,commit_raw,CP-AU-r001:q004:d08,CP-AU-r001,16,west-west,A,existing_frozen,0.0,0,False,False,True,663825388171/1000000,663825388171/1000000,22271,19724,0.004845462739467621,0.0016664080321788788
commit,commit_guarded,CP-AU-r001:q004:d08,CP-AU-r001,16,west-west,A,existing_frozen,0.0,0,False,False,True,663825388171/1000000,663825388171/1000000,22271,19724,0.004845462739467621,0.0016664080321788788
commit,commit_raw,CP-AU-r001:q004:d08,CP-AU-r001,16,west-west,A,certified_reference,0.0,0,False,False,True,663825388171/1000000,663825388171/1000000,19725,19724,0.001568727195262909,0.0016664080321788788
commit,commit_guarded,CP-AU-r001:q004:d08,CP-AU-r001,16,west-west,A,certified_reference,0.0,0,False,False,True,663825388171/1000000,663825388171/1000000,19725,19724,0.001568727195262909,0.0016664080321788788
commit,commit_raw,CP-AU-r001:q004:d08,CP-AU-r001,16,west-west,E,existing_frozen,0.0,0,False,False,True,663825388171/1000000,663825388171/1000000,27488,24867,0.004934556782245636,0.00185452401638031
commit,commit_guarded,CP-AU-r001:q004:d08,CP-AU-r001,16,west-west,E,existing_frozen,0.0,0,False,False,True,663825388171/1000000,663825388171/1000000,27488,24867,0.004934556782245636,0.00185452401638031
commit,commit_raw,CP-AU-r001:q004:d08,CP-AU-r001,16,west-west,E,certified_reference,0.0,0,False,False,True,663825388171/1000000,663825388171/1000000,24868,24867,0.0017173513770103455,0.00185452401638031
commit,commit_guarded,CP-AU-r001:q004:d08,CP-AU-r001,16,west-west,E,certified_reference,0.0,0,False,False,True,663825388171/1000000,663825388171/1000000,24868,24867,0.0017173513770103455,0.00185452401638031
commit,commit_raw,CP-AU-r001:q004:d08,CP-AU-r001,16,west-west,J,existing_frozen,0.0,0,False,False,True,663825388171/1000000,663825388171/1000000,32882,30086,0.005224417895078659,0.0020864345133304596
commit,commit_guarded,CP-AU-r001:q004:d08,CP-AU-r001,16,west-west,J,existing_frozen,0.0,0,False,False,True,663825388171/1000000,663825388171/1000000,32882,30086,0.005224417895078659,0.0020864345133304596
commit,commit_raw,CP-AU-r001:q004:d08,CP-AU-r001,16,west-west,J,certified_reference,0.0,0,False,False,True,663825388171/1000000,663825388171/1000000,30087,30086,0.0019601844251155853,0.0020864345133304596
commit,commit_guarded,CP-AU-r001:q004:d08,CP-AU-r001,16,west-west,J,certified_reference,0.0,0,False,False,True,663825388171/1000000,663825388171/1000000,30087,30086,0.0019601844251155853,0.0020864345133304596
commit,commit_raw,CP-AU-r001:q004:d08,CP-AU-r001,16,west-west,W,existing_frozen,0.0,0,False,False,True,663825388171/1000000,663825388171/1000000,27665,24943,0.005129985511302948,0.001945745199918747
commit,commit_guarded,CP-AU-r001:q004:d08,CP-AU-r001,16,west-west,W,existing_frozen,0.0,0,False,False,True,663825388171/1000000,663825388171/1000000,27665,24943,0.005129985511302948,0.001945745199918747
commit,commit_raw,CP-AU-r001:q004:d08,CP-AU-r001,16,west-west,W,certified_reference,0.0,0,False,False,True,663825388171/1000000,663825388171/1000000,24944,24943,0.0018366314470767975,0.001945745199918747
commit,commit_guarded,CP-AU-r001:q004:d08,CP-AU-r001,16,west-west,W,certified_reference,0.0,0,False,False,True,663825388171/1000000,663825388171/1000000,24944,24943,0.0018366314470767975,0.001945745199918747
commit,commit_raw,CP-AU-r001:q004:d16,CP-AU-r001,64,west-west,A,existing_frozen,0.0,0,False,False,True,331968365447/500000,331968365447/500000,45240,21618,0.024392709136009216,0.004573754966259003
commit,commit_guarded,CP-AU-r001:q004:d16,CP-AU-r001,64,west-west,A,existing_frozen,0.0,0,False,False,True,331968365447/500000,331968365447/500000,45240,21618,0.024392709136009216,0.004573754966259003
commit,commit_raw,CP-AU-r001:q004:d16,CP-AU-r001,64,west-west,A,certified_reference,0.0,0,False,False,True,331968365447/500000,331968365447/500000,21618,21618,0.004303064197301865,0.004573754966259003
commit,commit_guarded,CP-AU-r001:q004:d16,CP-AU-r001,64,west-west,A,certified_reference,0.0,0,False,False,True,331968365447/500000,331968365447/500000,21618,21618,0.004303064197301865,0.004573754966259003
commit,commit_raw,CP-AU-r001:q004:d16,CP-AU-r001,64,west-west,E,existing_frozen,0.0,0,False,False,True,331876126407/500000,331876126407/500000,50880,27156,0.02541685849428177,0.005526483058929443
commit,commit_guarded,CP-AU-r001:q004:d16,CP-AU-r001,64,west-west,E,existing_frozen,0.0,0,False,False,True,663825388171/1000000,663825388171/1000000,50880,27156,0.02541685849428177,0.005526483058929443
commit,commit_raw,CP-AU-r001:q004:d16,CP-AU-r001,64,west-west,E,certified_reference,0.0,0,False,False,True,331876126407/500000,331876126407/500000,27156,27156,0.005290523171424866,0.005526483058929443
commit,commit_guarded,CP-AU-r001:q004:d16,CP-AU-r001,64,west-west,E,certified_reference,0.0,0,False,False,True,663825388171/1000000,663825388171/1000000,27156,27156,0.005290523171424866,0.005526483058929443
commit,commit_raw,CP-AU-r001:q004:d16,CP-AU-r001,64,west-west,J,existing_frozen,0.0,0,False,False,True,663816140231/1000000,663816140231/1000000,55689,32660,0.025183290243148804,0.006205238401889801
commit,commit_guarded,CP-AU-r001:q004:d16,CP-AU-r001,64,west-west,J,existing_frozen,0.0,0,False,False,True,663825388171/1000000,663825388171/1000000,55689,32660,0.025183290243148804,0.006205238401889801
commit,commit_raw,CP-AU-r001:q004:d16,CP-AU-r001,64,west-west,J,certified_reference,0.0,0,False,False,True,663816140231/1000000,663816140231/1000000,32661,32660,0.006037771701812744,0.006205238401889801
commit,commit_guarded,CP-AU-r001:q004:d16,CP-AU-r001,64,west-west,J,certified_reference,0.0,0,False,False,True,663825388171/1000000,663825388171/1000000,32661,32660,0.006037771701812744,0.006205238401889801
commit,commit_raw,CP-AU-r001:q004:d16,CP-AU-r001,64,west-west,W,existing_frozen,0.0,0,False,False,True,331944324497/500000,331944324497/500000,49923,27078,0.024202756583690643,0.005184479057788849
commit,commit_guarded,CP-AU-r001:q004:d16,CP-AU-r001,64,west-west,W,existing_frozen,0.0,0,False,False,True,331944324497/500000,331944324497/500000,49923,27078,0.024202756583690643,0.005184479057788849
commit,commit_raw,CP-AU-r001:q004:d16,CP-AU-r001,64,west-west,W,certified_reference,0.0,0,False,False,True,331944324497/500000,331944324497/500000,27078,27078,0.005100227892398834,0.005184479057788849
commit,commit_guarded,CP-AU-r001:q004:d16,CP-AU-r001,64,west-west,W,certified_reference,0.0,0,False,False,True,331944324497/500000,331944324497/500000,27078,27078,0.005100227892398834,0.005184479057788849
commit,commit_raw,CP-AU-r001:q004:d32,CP-AU-r001,128,west-west,A,existing_frozen,0.0,0,False,False,True,664271065313/1000000,664271065313/1000000,98907,23918,0.06127805635333061,0.007930528372526169
commit,commit_guarded,CP-AU-r001:q004:d32,CP-AU-r001,128,west-west,A,existing_frozen,0.0,0,False,False,True,664271065313/1000000,664271065313/1000000,98907,23918,0.06127805635333061,0.007930528372526169
commit,commit_raw,CP-AU-r001:q004:d32,CP-AU-r001,128,west-west,A,certified_reference,0.0,0,False,False,True,664271065313/1000000,664271065313/1000000,23918,23918,0.007693979889154434,0.007930528372526169
commit,commit_guarded,CP-AU-r001:q004:d32,CP-AU-r001,128,west-west,A,certified_reference,0.0,0,False,False,True,664271065313/1000000,664271065313/1000000,23918,23918,0.007693979889154434,0.007930528372526169
commit,commit_raw,CP-AU-r001:q004:d32,CP-AU-r001,128,west-west,E,existing_frozen,0.0,0,False,False,True,332080585517/500000,332080585517/500000,107028,29806,0.06553539261221886,0.009467087686061859
commit,commit_guarded,CP-AU-r001:q004:d32,CP-AU-r001,128,west-west,E,existing_frozen,0.0,0,False,False,True,332080585517/500000,332080585517/500000,107028,29806,0.06553539261221886,0.009467087686061859
commit,commit_raw,CP-AU-r001:q004:d32,CP-AU-r001,128,west-west,E,certified_reference,0.0,0,False,False,True,332080585517/500000,332080585517/500000,29806,29806,0.00925390049815178,0.009467087686061859
commit,commit_guarded,CP-AU-r001:q004:d32,CP-AU-r001,128,west-west,E,certified_reference,0.0,0,False,False,True,332080585517/500000,332080585517/500000,29806,29806,0.00925390049815178,0.009467087686061859
commit,commit_raw,CP-AU-r001:q004:d32,CP-AU-r001,128,west-west,J,existing_frozen,0.0,0,False,False,True,165856746301/250000,165856746301/250000,113521,35991,0.06786568090319633,0.011509835720062256
commit,commit_guarded,CP-AU-r001:q004:d32,CP-AU-r001,128,west-west,J,existing_frozen,0.0,0,False,False,True,663825388171/1000000,663825388171/1000000,113521,35991,0.06786568090319633,0.011509835720062256
commit,commit_raw,CP-AU-r001:q004:d32,CP-AU-r001,128,west-west,J,certified_reference,0.0,0,False,False,True,165856746301/250000,165856746301/250000,35991,35991,0.011216878890991211,0.011509835720062256
commit,commit_guarded,CP-AU-r001:q004:d32,CP-AU-r001,128,west-west,J,certified_reference,0.0,0,False,False,True,663825388171/1000000,663825388171/1000000,35991,35991,0.011216878890991211,0.011509835720062256
commit,commit_raw,CP-AU-r001:q004:d32,CP-AU-r001,128,west-west,W,existing_frozen,0.0,0,False,False,True,331950871033/500000,331950871033/500000,105300,30083,0.06465303152799606,0.010001759976148605
commit,commit_guarded,CP-AU-r001:q004:d32,CP-AU-r001,128,west-west,W,existing_frozen,0.0,0,False,False,True,331950871033/500000,331950871033/500000,105300,30083,0.06465303152799606,0.010001759976148605
commit,commit_raw,CP-AU-r001:q004:d32,CP-AU-r001,128,west-west,W,certified_reference,0.0,0,False,False,True,331950871033/500000,331950871033/500000,30083,30083,0.009695421904325485,0.010001759976148605
commit,commit_guarded,CP-AU-r001:q004:d32,CP-AU-r001,128,west-west,W,certified_reference,0.0,0,False,False,True,331950871033/500000,331950871033/500000,30083,30083,0.009695421904325485,0.010001759976148605
commit,commit_raw,CP-AU-r001:q005:d08,CP-AU-r001,16,west-west,A,existing_frozen,0.0,0,False,False,True,663834439023/1000000,663834439023/1000000,22191,19629,0.004732821136713028,0.0015416741371154785
commit,commit_guarded,CP-AU-r001:q005:d08,CP-AU-r001,16,west-west,A,existing_frozen,0.0,0,False,False,True,663834439023/1000000,663834439023/1000000,22191,19629,0.004732821136713028,0.0015416741371154785
commit,commit_raw,CP-AU-r001:q005:d08,CP-AU-r001,16,west-west,A,certified_reference,0.0,0,False,False,True,663834439023/1000000,663834439023/1000000,19630,19629,0.0014342442154884338,0.0015416741371154785
commit,commit_guarded,CP-AU-r001:q005:d08,CP-AU-r001,16,west-west,A,certified_reference,0.0,0,False,False,True,663834439023/1000000,663834439023/1000000,19630,19629,0.0014342442154884338,0.0015416741371154785
commit,commit_raw,CP-AU-r001:q005:d08,CP-AU-r001,16,west-west,E,existing_frozen,0.0,0,False,False,True,663834439023/1000000,663834439023/1000000,27516,24808,0.0050916001200675964,0.001833900809288025
commit,commit_guarded,CP-AU-r001:q005:d08,CP-AU-r001,16,west-west,E,existing_frozen,0.0,0,False,False,True,663834439023/1000000,663834439023/1000000,27516,24808,0.0050916001200675964,0.001833900809288025
commit,commit_raw,CP-AU-r001:q005:d08,CP-AU-r001,16,west-west,E,certified_reference,0.0,0,False,False,True,663834439023/1000000,663834439023/1000000,24809,24808,0.0016320869326591492,0.001833900809288025
commit,commit_guarded,CP-AU-r001:q005:d08,CP-AU-r001,16,west-west,E,certified_reference,0.0,0,False,False,True,663834439023/1000000,663834439023/1000000,24809,24808,0.0016320869326591492,0.001833900809288025
commit,commit_raw,CP-AU-r001:q005:d08,CP-AU-r001,16,west-west,J,existing_frozen,0.0,0,False,False,True,663825388171/1000000,663825388171/1000000,32712,29950,0.006117671728134155,0.0030157677829265594
commit,commit_guarded,CP-AU-r001:q005:d08,CP-AU-r001,16,west-west,J,existing_frozen,0.0,0,False,False,True,663825388171/1000000,663825388171/1000000,32712,29950,0.006117671728134155,0.0030157677829265594
commit,commit_raw,CP-AU-r001:q005:d08,CP-AU-r001,16,west-west,J,certified_reference,0.0,0,False,False,True,663825388171/1000000,663825388171/1000000,29951,29950,0.002505585551261902,0.0030157677829265594
commit,commit_guarded,CP-AU-r001:q005:d08,CP-AU-r001,16,west-west,J,certified_reference,0.0,0,False,False,True,663825388171/1000000,663825388171/1000000,29951,29950,0.002505585551261902,0.0030157677829265594
commit,commit_raw,CP-AU-r001:q005:d08,CP-AU-r001,16,west-west,W,existing_frozen,0.0,0,False,False,True,663825388171/1000000,663825388171/1000000,27386,24771,0.005012068897485733,0.0017131604254245758
commit,commit_guarded,CP-AU-r001:q005:d08,CP-AU-r001,16,west-west,W,existing_frozen,0.0,0,False,False,True,663825388171/1000000,663825388171/1000000,27386,24771,0.005012068897485733,0.0017131604254245758
commit,commit_raw,CP-AU-r001:q005:d08,CP-AU-r001,16,west-west,W,certified_reference,0.0,0,False,False,True,663825388171/1000000,663825388171/1000000,24772,24771,0.0016141273081302643,0.0017131604254245758
commit,commit_guarded,CP-AU-r001:q005:d08,CP-AU-r001,16,west-west,W,certified_reference,0.0,0,False,False,True,663825388171/1000000,663825388171/1000000,24772,24771,0.0016141273081302643,0.0017131604254245758
commit,commit_raw,CP-AU-r001:q005:d16,CP-AU-r001,64,west-west,A,existing_frozen,35.777663,35777663/1000000,True,False,False,6639584093/10000,663994186963/1000000,42611,21399,0.02196439728140831,0.0038044899702072144
commit,commit_guarded,CP-AU-r001:q005:d16,CP-AU-r001,64,west-west,A,existing_frozen,35.777663,35777663/1000000,True,False,False,6639584093/10000,663994186963/1000000,42611,21399,0.02196439728140831,0.0038044899702072144
commit,commit_raw,CP-AU-r001:q005:d16,CP-AU-r001,64,west-west,A,certified_reference,0.0,0,False,False,True,6639584093/10000,6639584093/10000,21399,21399,0.0037881173193454742,0.0038044899702072144
commit,commit_guarded,CP-AU-r001:q005:d16,CP-AU-r001,64,west-west,A,certified_reference,0.0,0,False,False,True,6639584093/10000,6639584093/10000,21399,21399,0.0037881173193454742,0.0038044899702072144
commit,commit_raw,CP-AU-r001:q005:d16,CP-AU-r001,64,west-west,E,existing_frozen,35.777663,35777663/1000000,True,False,False,331935576881/500000,26556277257/40000,48380,26879,0.022886499762535095,0.004650115966796875
commit,commit_guarded,CP-AU-r001:q005:d16,CP-AU-r001,64,west-west,E,existing_frozen,35.777663,35777663/1000000,True,False,False,331935576881/500000,26556277257/40000,48380,26879,0.022886499762535095,0.004650115966796875
commit,commit_raw,CP-AU-r001:q005:d16,CP-AU-r001,64,west-west,E,certified_reference,35.777663,35777663/1000000,True,False,False,331935576881/500000,26556277257/40000,26804,26879,0.004255212843418121,0.004650115966796875
commit,commit_guarded,CP-AU-r001:q005:d16,CP-AU-r001,64,west-west,E,certified_reference,35.777663,35777663/1000000,True,False,False,331935576881/500000,26556277257/40000,26804,26879,0.004255212843418121,0.004650115966796875
commit,commit_raw,CP-AU-r001:q005:d16,CP-AU-r001,64,west-west,J,existing_frozen,20.36647,2036647/100000,True,False,False,663807472727/1000000,663827839197/1000000,54056,32332,0.02347339317202568,0.005326546728610992
commit,commit_guarded,CP-AU-r001:q005:d16,CP-AU-r001,64,west-west,J,existing_frozen,2.451026,1225513/500000,True,False,False,663825388171/1000000,663827839197/1000000,54056,32332,0.02347339317202568,0.005326546728610992
commit,commit_raw,CP-AU-r001:q005:d16,CP-AU-r001,64,west-west,J,certified_reference,20.36647,2036647/100000,True,False,False,663807472727/1000000,663827839197/1000000,32229,32332,0.004946783185005188,0.005326546728610992
commit,commit_guarded,CP-AU-r001:q005:d16,CP-AU-r001,64,west-west,J,certified_reference,2.451026,1225513/500000,True,False,False,663825388171/1000000,663827839197/1000000,32229,32332,0.004946783185005188,0.005326546728610992
commit,commit_raw,CP-AU-r001:q005:d16,CP-AU-r001,64,west-west,W,existing_frozen,64.218819,64218819/1000000,True,False,False,663863712169/1000000,165981982747/250000,48158,26818,0.022348515689373016,0.004529230296611786
commit,commit_guarded,CP-AU-r001:q005:d16,CP-AU-r001,64,west-west,W,existing_frozen,64.218819,64218819/1000000,True,False,False,663863712169/1000000,165981982747/250000,48158,26818,0.022348515689373016,0.004529230296611786
commit,commit_raw,CP-AU-r001:q005:d16,CP-AU-r001,64,west-west,W,certified_reference,64.218819,64218819/1000000,True,False,False,663863712169/1000000,165981982747/250000,26733,26818,0.004162289202213287,0.004529230296611786
commit,commit_guarded,CP-AU-r001:q005:d16,CP-AU-r001,64,west-west,W,certified_reference,64.218819,64218819/1000000,True,False,False,663863712169/1000000,165981982747/250000,26733,26818,0.004162289202213287,0.004529230296611786
commit,commit_raw,CP-AU-r001:q005:d32,CP-AU-r001,128,west-west,A,existing_frozen,35.777663,35777663/1000000,True,False,False,66430334257/100000,664339120233/1000000,96120,23736,0.06011788919568062,0.0076609328389167786
commit,commit_guarded,CP-AU-r001:q005:d32,CP-AU-r001,128,west-west,A,existing_frozen,35.777663,35777663/1000000,True,False,False,66430334257/100000,664339120233/1000000,96120,23736,0.06011788919568062,0.0076609328389167786
commit,commit_raw,CP-AU-r001:q005:d32,CP-AU-r001,128,west-west,A,certified_reference,0.0,0,False,False,True,66430334257/100000,66430334257/100000,23736,23736,0.0074476636946201324,0.0076609328389167786
commit,commit_guarded,CP-AU-r001:q005:d32,CP-AU-r001,128,west-west,A,certified_reference,0.0,0,False,False,True,66430334257/100000,66430334257/100000,23736,23736,0.0074476636946201324,0.0076609328389167786
commit,commit_raw,CP-AU-r001:q005:d32,CP-AU-r001,128,west-west,E,existing_frozen,35.777663,35777663/1000000,True,False,False,132846454763/200000,332134025739/500000,104151,29674,0.06455756351351738,0.009613391011953354
commit,commit_guarded,CP-AU-r001:q005:d32,CP-AU-r001,128,west-west,E,existing_frozen,35.777663,35777663/1000000,True,False,False,132846454763/200000,332134025739/500000,104151,29674,0.06455756351351738,0.009613391011953354
commit,commit_raw,CP-AU-r001:q005:d32,CP-AU-r001,128,west-west,E,certified_reference,0.0,0,False,False,True,132846454763/200000,132846454763/200000,29674,29674,0.009213194251060486,0.009613391011953354
commit,commit_guarded,CP-AU-r001:q005:d32,CP-AU-r001,128,west-west,E,certified_reference,0.0,0,False,False,True,132846454763/200000,132846454763/200000,29674,29674,0.009213194251060486,0.009613391011953354
commit,commit_raw,CP-AU-r001:q005:d32,CP-AU-r001,128,west-west,J,existing_frozen,20.36647,2036647/100000,True,False,False,66352567507/100000,33177302077/50000,110475,35721,0.06718090921640396,0.010865986347198486
commit,commit_guarded,CP-AU-r001:q005:d32,CP-AU-r001,128,west-west,J,existing_frozen,0.0,0,False,False,True,663825388171/1000000,663825388171/1000000,110475,35721,0.06718090921640396,0.010865986347198486
commit,commit_raw,CP-AU-r001:q005:d32,CP-AU-r001,128,west-west,J,certified_reference,0.0,0,False,False,True,66352567507/100000,66352567507/100000,35721,35721,0.01097823679447174,0.010865986347198486
commit,commit_guarded,CP-AU-r001:q005:d32,CP-AU-r001,128,west-west,J,certified_reference,0.0,0,False,False,True,663825388171/1000000,663825388171/1000000,35721,35721,0.01097823679447174,0.010865986347198486
commit,commit_raw,CP-AU-r001:q005:d32,CP-AU-r001,128,west-west,W,existing_frozen,160.176848,10011053/62500,True,False,False,663846654131/1000000,664006830979/1000000,102478,29803,0.06188829243183136,0.00948827713727951
commit,commit_guarded,CP-AU-r001:q005:d32,CP-AU-r001,128,west-west,W,existing_frozen,160.176848,10011053/62500,True,False,False,663846654131/1000000,664006830979/1000000,102478,29803,0.06188829243183136,0.00948827713727951
commit,commit_raw,CP-AU-r001:q005:d32,CP-AU-r001,128,west-west,W,certified_reference,0.0,0,False,False,True,663846654131/1000000,663846654131/1000000,29803,29803,0.009308736771345139,0.00948827713727951
commit,commit_guarded,CP-AU-r001:q005:d32,CP-AU-r001,128,west-west,W,certified_reference,0.0,0,False,False,True,663846654131/1000000,663846654131/1000000,29803,29803,0.009308736771345139,0.00948827713727951
commit,commit_raw,CP-AU-r001:q006:d08,CP-AU-r001,16,west-west,A,existing_frozen,0.0,0,False,False,True,663834439023/1000000,663834439023/1000000,22191,19629,0.004679404199123383,0.00160110741853714
commit,commit_guarded,CP-AU-r001:q006:d08,CP-AU-r001,16,west-west,A,existing_frozen,0.0,0,False,False,True,663834439023/1000000,663834439023/1000000,22191,19629,0.004679404199123383,0.00160110741853714
commit,commit_raw,CP-AU-r001:q006:d08,CP-AU-r001,16,west-west,A,certified_reference,0.0,0,False,False,True,663834439023/1000000,663834439023/1000000,19630,19629,0.001441769301891327,0.00160110741853714
commit,commit_guarded,CP-AU-r001:q006:d08,CP-AU-r001,16,west-west,A,certified_reference,0.0,0,False,False,True,663834439023/1000000,663834439023/1000000,19630,19629,0.001441769301891327,0.00160110741853714
commit,commit_raw,CP-AU-r001:q006:d08,CP-AU-r001,16,west-west,E,existing_frozen,0.0,0,False,False,True,663834439023/1000000,663834439023/1000000,27516,24808,0.0049645304679870605,0.0018029585480690002
commit,commit_guarded,CP-AU-r001:q006:d08,CP-AU-r001,16,west-west,E,existing_frozen,0.0,0,False,False,True,663834439023/1000000,663834439023/1000000,27516,24808,0.0049645304679870605,0.0018029585480690002
commit,commit_raw,CP-AU-r001:q006:d08,CP-AU-r001,16,west-west,E,certified_reference,0.0,0,False,False,True,663834439023/1000000,663834439023/1000000,24809,24808,0.0016548670828342438,0.0018029585480690002
commit,commit_guarded,CP-AU-r001:q006:d08,CP-AU-r001,16,west-west,E,certified_reference,0.0,0,False,False,True,663834439023/1000000,663834439023/1000000,24809,24808,0.0016548670828342438,0.0018029585480690002
commit,commit_raw,CP-AU-r001:q006:d08,CP-AU-r001,16,west-west,J,existing_frozen,0.0,0,False,False,True,663825388171/1000000,663825388171/1000000,32712,29950,0.005196824669837952,0.0019259005784988403
commit,commit_guarded,CP-AU-r001:q006:d08,CP-AU-r001,16,west-west,J,existing_frozen,0.0,0,False,False,True,663825388171/1000000,663825388171/1000000,32712,29950,0.005196824669837952,0.0019259005784988403
commit,commit_raw,CP-AU-r001:q006:d08,CP-AU-r001,16,west-west,J,certified_reference,0.0,0,False,False,True,663825388171/1000000,663825388171/1000000,29951,29950,0.001797851175069809,0.0019259005784988403
commit,commit_guarded,CP-AU-r001:q006:d08,CP-AU-r001,16,west-west,J,certified_reference,0.0,0,False,False,True,663825388171/1000000,663825388171/1000000,29951,29950,0.001797851175069809,0.0019259005784988403
commit,commit_raw,CP-AU-r001:q006:d08,CP-AU-r001,16,west-west,W,existing_frozen,0.0,0,False,False,True,663825388171/1000000,663825388171/1000000,27386,24771,0.004805088043212891,0.0017402209341526031
commit,commit_guarded,CP-AU-r001:q006:d08,CP-AU-r001,16,west-west,W,existing_frozen,0.0,0,False,False,True,663825388171/1000000,663825388171/1000000,27386,24771,0.004805088043212891,0.0017402209341526031
commit,commit_raw,CP-AU-r001:q006:d08,CP-AU-r001,16,west-west,W,certified_reference,0.0,0,False,False,True,663825388171/1000000,663825388171/1000000,24772,24771,0.0015797019004821777,0.0017402209341526031
commit,commit_guarded,CP-AU-r001:q006:d08,CP-AU-r001,16,west-west,W,certified_reference,0.0,0,False,False,True,663825388171/1000000,663825388171/1000000,24772,24771,0.0015797019004821777,0.0017402209341526031
commit,commit_raw,CP-AU-r001:q006:d16,CP-AU-r001,64,west-west,A,existing_frozen,35.777663,35777663/1000000,True,False,False,6639584093/10000,663994186963/1000000,42611,21399,0.021757345646619797,0.003807324916124344
commit,commit_guarded,CP-AU-r001:q006:d16,CP-AU-r001,64,west-west,A,existing_frozen,35.777663,35777663/1000000,True,False,False,6639584093/10000,663994186963/1000000,42611,21399,0.021757345646619797,0.003807324916124344
commit,commit_raw,CP-AU-r001:q006:d16,CP-AU-r001,64,west-west,A,certified_reference,0.0,0,False,False,True,6639584093/10000,6639584093/10000,21399,21399,0.003665030002593994,0.003807324916124344
commit,commit_guarded,CP-AU-r001:q006:d16,CP-AU-r001,64,west-west,A,certified_reference,0.0,0,False,False,True,6639584093/10000,6639584093/10000,21399,21399,0.003665030002593994,0.003807324916124344
commit,commit_raw,CP-AU-r001:q006:d16,CP-AU-r001,64,west-west,E,existing_frozen,35.777663,35777663/1000000,True,False,False,331935576881/500000,26556277257/40000,48380,26879,0.022599808871746063,0.004667598754167557
commit,commit_guarded,CP-AU-r001:q006:d16,CP-AU-r001,64,west-west,E,existing_frozen,35.777663,35777663/1000000,True,False,False,331935576881/500000,26556277257/40000,48380,26879,0.022599808871746063,0.004667598754167557
commit,commit_raw,CP-AU-r001:q006:d16,CP-AU-r001,64,west-west,E,certified_reference,35.777663,35777663/1000000,True,False,False,331935576881/500000,26556277257/40000,26804,26879,0.004272431135177612,0.004667598754167557
commit,commit_guarded,CP-AU-r001:q006:d16,CP-AU-r001,64,west-west,E,certified_reference,35.777663,35777663/1000000,True,False,False,331935576881/500000,26556277257/40000,26804,26879,0.004272431135177612,0.004667598754167557
commit,commit_raw,CP-AU-r001:q006:d16,CP-AU-r001,64,west-west,J,existing_frozen,20.36647,2036647/100000,True,False,False,663807472727/1000000,663827839197/1000000,54056,32332,0.023575082421302795,0.005320403724908829
commit,commit_guarded,CP-AU-r001:q006:d16,CP-AU-r001,64,west-west,J,existing_frozen,2.451026,1225513/500000,True,False,False,663825388171/1000000,663827839197/1000000,54056,32332,0.023575082421302795,0.005320403724908829
commit,commit_raw,CP-AU-r001:q006:d16,CP-AU-r001,64,west-west,J,certified_reference,20.36647,2036647/100000,True,False,False,663807472727/1000000,663827839197/1000000,32229,32332,0.004780948162078857,0.005320403724908829
commit,commit_guarded,CP-AU-r001:q006:d16,CP-AU-r001,64,west-west,J,certified_reference,2.451026,1225513/500000,True,False,False,663825388171/1000000,663827839197/1000000,32229,32332,0.004780948162078857,0.005320403724908829
commit,commit_raw,CP-AU-r001:q006:d16,CP-AU-r001,64,west-west,W,existing_frozen,64.218819,64218819/1000000,True,False,False,663863712169/1000000,165981982747/250000,48158,26818,0.022289998829364777,0.004523232579231262
commit,commit_guarded,CP-AU-r001:q006:d16,CP-AU-r001,64,west-west,W,existing_frozen,64.218819,64218819/1000000,True,False,False,663863712169/1000000,165981982747/250000,48158,26818,0.022289998829364777,0.004523232579231262
commit,commit_raw,CP-AU-r001:q006:d16,CP-AU-r001,64,west-west,W,certified_reference,64.218819,64218819/1000000,True,False,False,663863712169/1000000,165981982747/250000,26733,26818,0.004136856645345688,0.004523232579231262
commit,commit_guarded,CP-AU-r001:q006:d16,CP-AU-r001,64,west-west,W,certified_reference,64.218819,64218819/1000000,True,False,False,663863712169/1000000,165981982747/250000,26733,26818,0.004136856645345688,0.004523232579231262
commit,commit_raw,CP-AU-r001:q006:d32,CP-AU-r001,128,west-west,A,existing_frozen,35.777663,35777663/1000000,True,False,False,66430334257/100000,664339120233/1000000,96120,23736,0.06018422171473503,0.007741764187812805
commit,commit_guarded,CP-AU-r001:q006:d32,CP-AU-r001,128,west-west,A,existing_frozen,35.777663,35777663/1000000,True,False,False,66430334257/100000,664339120233/1000000,96120,23736,0.06018422171473503,0.007741764187812805
commit,commit_raw,CP-AU-r001:q006:d32,CP-AU-r001,128,west-west,A,certified_reference,0.0,0,False,False,True,66430334257/100000,66430334257/100000,23736,23736,0.007418539375066757,0.007741764187812805
commit,commit_guarded,CP-AU-r001:q006:d32,CP-AU-r001,128,west-west,A,certified_reference,0.0,0,False,False,True,66430334257/100000,66430334257/100000,23736,23736,0.007418539375066757,0.007741764187812805
commit,commit_raw,CP-AU-r001:q006:d32,CP-AU-r001,128,west-west,E,existing_frozen,35.777663,35777663/1000000,True,False,False,132846454763/200000,332134025739/500000,104151,29674,0.291972566395998,0.009520482271909714
commit,commit_guarded,CP-AU-r001:q006:d32,CP-AU-r001,128,west-west,E,existing_frozen,35.777663,35777663/1000000,True,False,False,132846454763/200000,332134025739/500000,104151,29674,0.291972566395998,0.009520482271909714
commit,commit_raw,CP-AU-r001:q006:d32,CP-AU-r001,128,west-west,E,certified_reference,0.0,0,False,False,True,132846454763/200000,132846454763/200000,29674,29674,0.009019453078508377,0.009520482271909714
commit,commit_guarded,CP-AU-r001:q006:d32,CP-AU-r001,128,west-west,E,certified_reference,0.0,0,False,False,True,132846454763/200000,132846454763/200000,29674,29674,0.009019453078508377,0.009520482271909714
commit,commit_raw,CP-AU-r001:q006:d32,CP-AU-r001,128,west-west,J,existing_frozen,20.36647,2036647/100000,True,False,False,66352567507/100000,33177302077/50000,110475,35721,0.06614750623703003,0.010767802596092224
commit,commit_guarded,CP-AU-r001:q006:d32,CP-AU-r001,128,west-west,J,existing_frozen,0.0,0,False,False,True,663825388171/1000000,663825388171/1000000,110475,35721,0.06614750623703003,0.010767802596092224
commit,commit_raw,CP-AU-r001:q006:d32,CP-AU-r001,128,west-west,J,certified_reference,0.0,0,False,False,True,66352567507/100000,66352567507/100000,35721,35721,0.01059165969491005,0.010767802596092224
commit,commit_guarded,CP-AU-r001:q006:d32,CP-AU-r001,128,west-west,J,certified_reference,0.0,0,False,False,True,663825388171/1000000,663825388171/1000000,35721,35721,0.01059165969491005,0.010767802596092224
commit,commit_raw,CP-AU-r001:q006:d32,CP-AU-r001,128,west-west,W,existing_frozen,160.176848,10011053/62500,True,False,False,663846654131/1000000,664006830979/1000000,102478,29803,0.0627763606607914,0.009581044316291809
commit,commit_guarded,CP-AU-r001:q006:d32,CP-AU-r001,128,west-west,W,existing_frozen,160.176848,10011053/62500,True,False,False,663846654131/1000000,664006830979/1000000,102478,29803,0.0627763606607914,0.009581044316291809
commit,commit_raw,CP-AU-r001:q006:d32,CP-AU-r001,128,west-west,W,certified_reference,0.0,0,False,False,True,663846654131/1000000,663846654131/1000000,29803,29803,0.009162355214357376,0.009581044316291809
commit,commit_guarded,CP-AU-r001:q006:d32,CP-AU-r001,128,west-west,W,certified_reference,0.0,0,False,False,True,663846654131/1000000,663846654131/1000000,29803,29803,0.009162355214357376,0.009581044316291809
commit,commit_raw,CP-AU-r001:q007:d08,CP-AU-r001,16,west-west,A,existing_frozen,0.0,0,False,False,True,332109435087/500000,332109435087/500000,22203,19638,0.004755362868309021,0.0015978030860424042
commit,commit_guarded,CP-AU-r001:q007:d08,CP-AU-r001,16,west-west,A,existing_frozen,0.0,0,False,False,True,332109435087/500000,332109435087/500000,22203,19638,0.004755362868309021,0.0015978030860424042
commit,commit_raw,CP-AU-r001:q007:d08,CP-AU-r001,16,west-west,A,certified_reference,0.0,0,False,False,True,332109435087/500000,332109435087/500000,19639,19638,0.0014798492193222046,0.0015978030860424042
commit,commit_guarded,CP-AU-r001:q007:d08,CP-AU-r001,16,west-west,A,certified_reference,0.0,0,False,False,True,332109435087/500000,332109435087/500000,19639,19638,0.0014798492193222046,0.0015978030860424042
commit,commit_raw,CP-AU-r001:q007:d08,CP-AU-r001,16,west-west,E,existing_frozen,0.0,0,False,False,True,332109435087/500000,332109435087/500000,27366,24759,0.0049487389624118805,0.0017600096762180328
commit,commit_guarded,CP-AU-r001:q007:d08,CP-AU-r001,16,west-west,E,existing_frozen,0.0,0,False,False,True,332109435087/500000,332109435087/500000,27366,24759,0.0049487389624118805,0.0017600096762180328
commit,commit_raw,CP-AU-r001:q007:d08,CP-AU-r001,16,west-west,E,certified_reference,0.0,0,False,False,True,332109435087/500000,332109435087/500000,24760,24759,0.0016500689089298248,0.0017600096762180328
commit,commit_guarded,CP-AU-r001:q007:d08,CP-AU-r001,16,west-west,E,certified_reference,0.0,0,False,False,True,332109435087/500000,332109435087/500000,24760,24759,0.0016500689089298248,0.0017600096762180328
commit,commit_raw,CP-AU-r001:q007:d08,CP-AU-r001,16,west-west,J,existing_frozen,0.0,0,False,False,True,663825388171/1000000,663825388171/1000000,32729,29993,0.005151581019163132,0.0019658729434013367
commit,commit_guarded,CP-AU-r001:q007:d08,CP-AU-r001,16,west-west,J,existing_frozen,0.0,0,False,False,True,663825388171/1000000,663825388171/1000000,32729,29993,0.005151581019163132,0.0019658729434013367
commit,commit_raw,CP-AU-r001:q007:d08,CP-AU-r001,16,west-west,J,certified_reference,0.0,0,False,False,True,663825388171/1000000,663825388171/1000000,29994,29993,0.0017885901033878326,0.0019658729434013367
commit,commit_guarded,CP-AU-r001:q007:d08,CP-AU-r001,16,west-west,J,certified_reference,0.0,0,False,False,True,663825388171/1000000,663825388171/1000000,29994,29993,0.0017885901033878326,0.0019658729434013367
commit,commit_raw,CP-AU-r001:q007:d08,CP-AU-r001,16,west-west,W,existing_frozen,0.0,0,False,False,True,663825388171/1000000,663825388171/1000000,27566,24872,0.004918649792671204,0.0018105991184711456
commit,commit_guarded,CP-AU-r001:q007:d08,CP-AU-r001,16,west-west,W,existing_frozen,0.0,0,False,False,True,663825388171/1000000,663825388171/1000000,27566,24872,0.004918649792671204,0.0018105991184711456
commit,commit_raw,CP-AU-r001:q007:d08,CP-AU-r001,16,west-west,W,certified_reference,0.0,0,False,False,True,663825388171/1000000,663825388171/1000000,24873,24872,0.0016809813678264618,0.0018105991184711456
commit,commit_guarded,CP-AU-r001:q007:d08,CP-AU-r001,16,west-west,W,certified_reference,0.0,0,False,False,True,663825388171/1000000,663825388171/1000000,24873,24872,0.0016809813678264618,0.0018105991184711456
commit,commit_raw,CP-AU-r001:q007:d16,CP-AU-r001,64,west-west,A,existing_frozen,-259.09957,-25909957/100000,False,True,False,664533315973/1000000,664274216403/1000000,42814,21366,0.022416304796934128,0.004018820822238922
commit,commit_guarded,CP-AU-r001:q007:d16,CP-AU-r001,64,west-west,A,existing_frozen,-259.09957,-25909957/100000,False,True,False,664533315973/1000000,664274216403/1000000,42814,21366,0.022416304796934128,0.004018820822238922
commit,commit_raw,CP-AU-r001:q007:d16,CP-AU-r001,64,west-west,A,certified_reference,0.0,0,False,False,True,664533315973/1000000,664533315973/1000000,21366,21366,0.003822188824415207,0.004018820822238922
commit,commit_guarded,CP-AU-r001:q007:d16,CP-AU-r001,64,west-west,A,certified_reference,0.0,0,False,False,True,664533315973/1000000,664533315973/1000000,21366,21366,0.003822188824415207,0.004018820822238922
commit,commit_raw,CP-AU-r001:q007:d16,CP-AU-r001,64,west-west,E,existing_frozen,-322.197632,-5034338/15625,False,True,False,664584357067/1000000,132852431887/200000,48627,26721,0.02359156310558319,0.004963260143995285
commit,commit_guarded,CP-AU-r001:q007:d16,CP-AU-r001,64,west-west,E,existing_frozen,-322.197632,-5034338/15625,False,True,False,664584357067/1000000,132852431887/200000,48627,26721,0.02359156310558319,0.004963260143995285
commit,commit_raw,CP-AU-r001:q007:d16,CP-AU-r001,64,west-west,E,certified_reference,0.0,0,False,False,True,664584357067/1000000,664584357067/1000000,26721,26721,0.00464741513133049,0.004963260143995285
commit,commit_guarded,CP-AU-r001:q007:d16,CP-AU-r001,64,west-west,E,certified_reference,0.0,0,False,False,True,664584357067/1000000,664584357067/1000000,26721,26721,0.00464741513133049,0.004963260143995285
commit,commit_raw,CP-AU-r001:q007:d16,CP-AU-r001,64,west-west,J,existing_frozen,0.0,0,False,False,True,33204354539/50000,33204354539/50000,54553,32230,0.023929718881845474,0.005010135471820831
commit,commit_guarded,CP-AU-r001:q007:d16,CP-AU-r001,64,west-west,J,existing_frozen,0.0,0,False,False,True,33204354539/50000,33204354539/50000,54553,32230,0.023929718881845474,0.005010135471820831
commit,commit_raw,CP-AU-r001:q007:d16,CP-AU-r001,64,west-west,J,certified_reference,0.0,0,False,False,True,33204354539/50000,33204354539/50000,32231,32230,0.004801526665687561,0.005010135471820831
commit,commit_guarded,CP-AU-r001:q007:d16,CP-AU-r001,64,west-west,J,certified_reference,0.0,0,False,False,True,33204354539/50000,33204354539/50000,32231,32230,0.004801526665687561,0.005010135471820831
commit,commit_raw,CP-AU-r001:q007:d16,CP-AU-r001,64,west-west,W,existing_frozen,0.0,0,False,False,True,332021160997/500000,332021160997/500000,48704,26885,0.02317768707871437,0.004613075405359268
commit,commit_guarded,CP-AU-r001:q007:d16,CP-AU-r001,64,west-west,W,existing_frozen,0.0,0,False,False,True,332021160997/500000,332021160997/500000,48704,26885,0.02317768707871437,0.004613075405359268
commit,commit_raw,CP-AU-r001:q007:d16,CP-AU-r001,64,west-west,W,certified_reference,0.0,0,False,False,True,332021160997/500000,332021160997/500000,26886,26885,0.004521254450082779,0.004613075405359268
commit,commit_guarded,CP-AU-r001:q007:d16,CP-AU-r001,64,west-west,W,certified_reference,0.0,0,False,False,True,332021160997/500000,332021160997/500000,26886,26885,0.004521254450082779,0.004613075405359268
commit,commit_raw,CP-AU-r001:q007:d32,CP-AU-r001,128,west-west,A,existing_frozen,-410.840792,-51355099/125000,False,True,False,665323556197/1000000,132982543081/200000,102307,23960,0.06691087409853935,0.007948487997055054
commit,commit_guarded,CP-AU-r001:q007:d32,CP-AU-r001,128,west-west,A,existing_frozen,-410.840792,-51355099/125000,False,True,False,665323556197/1000000,132982543081/200000,102307,23960,0.06691087409853935,0.007948487997055054
commit,commit_raw,CP-AU-r001:q007:d32,CP-AU-r001,128,west-west,A,certified_reference,0.0,0,False,False,True,665323556197/1000000,665323556197/1000000,23960,23960,0.007742580026388168,0.007948487997055054
commit,commit_guarded,CP-AU-r001:q007:d32,CP-AU-r001,128,west-west,A,certified_reference,0.0,0,False,False,True,665323556197/1000000,665323556197/1000000,23960,23960,0.007742580026388168,0.007948487997055054
commit,commit_raw,CP-AU-r001:q007:d32,CP-AU-r001,128,west-west,E,existing_frozen,-407.877083,-407877083/1000000,False,True,False,664885309493/1000000,66447743241/100000,111102,30298,0.07070868834853172,0.010319046676158905
commit,commit_guarded,CP-AU-r001:q007:d32,CP-AU-r001,128,west-west,E,existing_frozen,-407.877083,-407877083/1000000,False,True,False,664885309493/1000000,66447743241/100000,111102,30298,0.07070868834853172,0.010319046676158905
commit,commit_raw,CP-AU-r001:q007:d32,CP-AU-r001,128,west-west,E,certified_reference,0.0,0,False,False,True,664885309493/1000000,664885309493/1000000,30298,30298,0.010010547935962677,0.010319046676158905
commit,commit_guarded,CP-AU-r001:q007:d32,CP-AU-r001,128,west-west,E,certified_reference,0.0,0,False,False,True,664885309493/1000000,664885309493/1000000,30298,30298,0.010010547935962677,0.010319046676158905
commit,commit_raw,CP-AU-r001:q007:d32,CP-AU-r001,128,west-west,J,existing_frozen,519.359546,259679773/500000,True,False,False,662159127013/1000000,662678486559/1000000,111676,36047,0.0669223852455616,0.011018868535757065
commit,commit_guarded,CP-AU-r001:q007:d32,CP-AU-r001,128,west-west,J,existing_frozen,0.0,0,False,False,True,663825388171/1000000,663825388171/1000000,111676,36047,0.0669223852455616,0.011018868535757065
commit,commit_raw,CP-AU-r001:q007:d32,CP-AU-r001,128,west-west,J,certified_reference,0.0,0,False,False,True,662159127013/1000000,662159127013/1000000,36047,36047,0.010837249457836151,0.011018868535757065
commit,commit_guarded,CP-AU-r001:q007:d32,CP-AU-r001,128,west-west,J,certified_reference,0.0,0,False,False,True,663825388171/1000000,663825388171/1000000,36047,36047,0.010837249457836151,0.011018868535757065
commit,commit_raw,CP-AU-r001:q007:d32,CP-AU-r001,128,west-west,W,existing_frozen,27.040239,27040239/1000000,True,False,False,10381710102/15625,664456486767/1000000,105368,29873,0.06571119278669357,0.009236019104719162
commit,commit_guarded,CP-AU-r001:q007:d32,CP-AU-r001,128,west-west,W,existing_frozen,27.040239,27040239/1000000,True,False,False,10381710102/15625,664456486767/1000000,105368,29873,0.06571119278669357,0.009236019104719162
commit,commit_raw,CP-AU-r001:q007:d32,CP-AU-r001,128,west-west,W,certified_reference,0.0,0,False,False,True,10381710102/15625,10381710102/15625,29873,29873,0.009104341268539429,0.009236019104719162
commit,commit_guarded,CP-AU-r001:q007:d32,CP-AU-r001,128,west-west,W,certified_reference,0.0,0,False,False,True,10381710102/15625,10381710102/15625,29873,29873,0.009104341268539429,0.009236019104719162
commit,commit_raw,CP-AU-r001:q008:d08,CP-AU-r001,16,west-west,A,existing_frozen,0.0,0,False,False,True,332109435087/500000,332109435087/500000,22203,19638,0.0047867558896541595,0.001605004072189331
commit,commit_guarded,CP-AU-r001:q008:d08,CP-AU-r001,16,west-west,A,existing_frozen,0.0,0,False,False,True,332109435087/500000,332109435087/500000,22203,19638,0.0047867558896541595,0.001605004072189331
commit,commit_raw,CP-AU-r001:q008:d08,CP-AU-r001,16,west-west,A,certified_reference,0.0,0,False,False,True,332109435087/500000,332109435087/500000,19639,19638,0.0015021748840808868,0.001605004072189331
commit,commit_guarded,CP-AU-r001:q008:d08,CP-AU-r001,16,west-west,A,certified_reference,0.0,0,False,False,True,332109435087/500000,332109435087/500000,19639,19638,0.0015021748840808868,0.001605004072189331
commit,commit_raw,CP-AU-r001:q008:d08,CP-AU-r001,16,west-west,E,existing_frozen,0.0,0,False,False,True,332109435087/500000,332109435087/500000,27366,24759,0.004953768104314804,0.001784585416316986
commit,commit_guarded,CP-AU-r001:q008:d08,CP-AU-r001,16,west-west,E,existing_frozen,0.0,0,False,False,True,332109435087/500000,332109435087/500000,27366,24759,0.004953768104314804,0.001784585416316986
commit,commit_raw,CP-AU-r001:q008:d08,CP-AU-r001,16,west-west,E,certified_reference,0.0,0,False,False,True,332109435087/500000,332109435087/500000,24760,24759,0.0016340240836143494,0.001784585416316986
commit,commit_guarded,CP-AU-r001:q008:d08,CP-AU-r001,16,west-west,E,certified_reference,0.0,0,False,False,True,332109435087/500000,332109435087/500000,24760,24759,0.0016340240836143494,0.001784585416316986
commit,commit_raw,CP-AU-r001:q008:d08,CP-AU-r001,16,west-west,J,existing_frozen,0.0,0,False,False,True,663825388171/1000000,663825388171/1000000,32729,29993,0.006427843123674393,0.0023634172976017
commit,commit_guarded,CP-AU-r001:q008:d08,CP-AU-r001,16,west-west,J,existing_frozen,0.0,0,False,False,True,663825388171/1000000,663825388171/1000000,32729,29993,0.006427843123674393,0.0023634172976017
commit,commit_raw,CP-AU-r001:q008:d08,CP-AU-r001,16,west-west,J,certified_reference,0.0,0,False,False,True,663825388171/1000000,663825388171/1000000,29994,29993,0.0020161867141723633,0.0023634172976017
commit,commit_guarded,CP-AU-r001:q008:d08,CP-AU-r001,16,west-west,J,certified_reference,0.0,0,False,False,True,663825388171/1000000,663825388171/1000000,29994,29993,0.0020161867141723633,0.0023634172976017
commit,commit_raw,CP-AU-r001:q008:d08,CP-AU-r001,16,west-west,W,existing_frozen,0.0,0,False,False,True,663825388171/1000000,663825388171/1000000,27566,24872,0.0049040429294109344,0.0017957612872123718
commit,commit_guarded,CP-AU-r001:q008:d08,CP-AU-r001,16,west-west,W,existing_frozen,0.0,0,False,False,True,663825388171/1000000,663825388171/1000000,27566,24872,0.0049040429294109344,0.0017957612872123718
commit,commit_raw,CP-AU-r001:q008:d08,CP-AU-r001,16,west-west,W,certified_reference,0.0,0,False,False,True,663825388171/1000000,663825388171/1000000,24873,24872,0.0016943775117397308,0.0017957612872123718
commit,commit_guarded,CP-AU-r001:q008:d08,CP-AU-r001,16,west-west,W,certified_reference,0.0,0,False,False,True,663825388171/1000000,663825388171/1000000,24873,24872,0.0016943775117397308,0.0017957612872123718
commit,commit_raw,CP-AU-r001:q008:d16,CP-AU-r001,64,west-west,A,existing_frozen,-259.09957,-25909957/100000,False,True,False,664533315973/1000000,664274216403/1000000,42814,21366,0.022109821438789368,0.003960903733968735
commit,commit_guarded,CP-AU-r001:q008:d16,CP-AU-r001,64,west-west,A,existing_frozen,-259.09957,-25909957/100000,False,True,False,664533315973/1000000,664274216403/1000000,42814,21366,0.022109821438789368,0.003960903733968735
commit,commit_raw,CP-AU-r001:q008:d16,CP-AU-r001,64,west-west,A,certified_reference,0.0,0,False,False,True,664533315973/1000000,664533315973/1000000,21366,21366,0.0038253888487815857,0.003960903733968735
commit,commit_guarded,CP-AU-r001:q008:d16,CP-AU-r001,64,west-west,A,certified_reference,0.0,0,False,False,True,664533315973/1000000,664533315973/1000000,21366,21366,0.0038253888487815857,0.003960903733968735
commit,commit_raw,CP-AU-r001:q008:d16,CP-AU-r001,64,west-west,E,existing_frozen,-322.197632,-5034338/15625,False,True,False,664584357067/1000000,132852431887/200000,48627,26721,0.023393377661705017,0.005076270550489426
commit,commit_guarded,CP-AU-r001:q008:d16,CP-AU-r001,64,west-west,E,existing_frozen,-322.197632,-5034338/15625,False,True,False,664584357067/1000000,132852431887/200000,48627,26721,0.023393377661705017,0.005076270550489426
commit,commit_raw,CP-AU-r001:q008:d16,CP-AU-r001,64,west-west,E,certified_reference,0.0,0,False,False,True,664584357067/1000000,664584357067/1000000,26721,26721,0.004645980894565582,0.005076270550489426
commit,commit_guarded,CP-AU-r001:q008:d16,CP-AU-r001,64,west-west,E,certified_reference,0.0,0,False,False,True,664584357067/1000000,664584357067/1000000,26721,26721,0.004645980894565582,0.005076270550489426
commit,commit_raw,CP-AU-r001:q008:d16,CP-AU-r001,64,west-west,J,existing_frozen,0.0,0,False,False,True,33204354539/50000,33204354539/50000,54553,32230,0.024058520793914795,0.0049175843596458435
commit,commit_guarded,CP-AU-r001:q008:d16,CP-AU-r001,64,west-west,J,existing_frozen,0.0,0,False,False,True,33204354539/50000,33204354539/50000,54553,32230,0.024058520793914795,0.0049175843596458435
commit,commit_raw,CP-AU-r001:q008:d16,CP-AU-r001,64,west-west,J,certified_reference,0.0,0,False,False,True,33204354539/50000,33204354539/50000,32231,32230,0.004769656807184219,0.0049175843596458435
commit,commit_guarded,CP-AU-r001:q008:d16,CP-AU-r001,64,west-west,J,certified_reference,0.0,0,False,False,True,33204354539/50000,33204354539/50000,32231,32230,0.004769656807184219,0.0049175843596458435
commit,commit_raw,CP-AU-r001:q008:d16,CP-AU-r001,64,west-west,W,existing_frozen,0.0,0,False,False,True,332021160997/500000,332021160997/500000,48704,26885,0.024273715913295746,0.0046723149716854095
commit,commit_guarded,CP-AU-r001:q008:d16,CP-AU-r001,64,west-west,W,existing_frozen,0.0,0,False,False,True,332021160997/500000,332021160997/500000,48704,26885,0.024273715913295746,0.0046723149716854095
commit,commit_raw,CP-AU-r001:q008:d16,CP-AU-r001,64,west-west,W,certified_reference,0.0,0,False,False,True,332021160997/500000,332021160997/500000,26886,26885,0.005404353141784668,0.0046723149716854095
commit,commit_guarded,CP-AU-r001:q008:d16,CP-AU-r001,64,west-west,W,certified_reference,0.0,0,False,False,True,332021160997/500000,332021160997/500000,26886,26885,0.005404353141784668,0.0046723149716854095
commit,commit_raw,CP-AU-r001:q008:d32,CP-AU-r001,128,west-west,A,existing_frozen,-410.840792,-51355099/125000,False,True,False,665323556197/1000000,132982543081/200000,102307,23960,0.06652507185935974,0.008666768670082092
commit,commit_guarded,CP-AU-r001:q008:d32,CP-AU-r001,128,west-west,A,existing_frozen,-410.840792,-51355099/125000,False,True,False,665323556197/1000000,132982543081/200000,102307,23960,0.06652507185935974,0.008666768670082092
commit,commit_raw,CP-AU-r001:q008:d32,CP-AU-r001,128,west-west,A,certified_reference,0.0,0,False,False,True,665323556197/1000000,665323556197/1000000,23960,23960,0.008111245930194855,0.008666768670082092
commit,commit_guarded,CP-AU-r001:q008:d32,CP-AU-r001,128,west-west,A,certified_reference,0.0,0,False,False,True,665323556197/1000000,665323556197/1000000,23960,23960,0.008111245930194855,0.008666768670082092
commit,commit_raw,CP-AU-r001:q008:d32,CP-AU-r001,128,west-west,E,existing_frozen,-407.877083,-407877083/1000000,False,True,False,664885309493/1000000,66447743241/100000,111102,30298,0.07085805386304855,0.010340016335248947
commit,commit_guarded,CP-AU-r001:q008:d32,CP-AU-r001,128,west-west,E,existing_frozen,-407.877083,-407877083/1000000,False,True,False,664885309493/1000000,66447743241/100000,111102,30298,0.07085805386304855,0.010340016335248947
commit,commit_raw,CP-AU-r001:q008:d32,CP-AU-r001,128,west-west,E,certified_reference,0.0,0,False,False,True,664885309493/1000000,664885309493/1000000,30298,30298,0.010085530579090118,0.010340016335248947
commit,commit_guarded,CP-AU-r001:q008:d32,CP-AU-r001,128,west-west,E,certified_reference,0.0,0,False,False,True,664885309493/1000000,664885309493/1000000,30298,30298,0.010085530579090118,0.010340016335248947
commit,commit_raw,CP-AU-r001:q008:d32,CP-AU-r001,128,west-west,J,existing_frozen,519.359546,259679773/500000,True,False,False,662159127013/1000000,662678486559/1000000,111676,36047,0.06677285581827164,0.010981567203998566
commit,commit_guarded,CP-AU-r001:q008:d32,CP-AU-r001,128,west-west,J,existing_frozen,0.0,0,False,False,True,663825388171/1000000,663825388171/1000000,111676,36047,0.06677285581827164,0.010981567203998566
commit,commit_raw,CP-AU-r001:q008:d32,CP-AU-r001,128,west-west,J,certified_reference,0.0,0,False,False,True,662159127013/1000000,662159127013/1000000,36047,36047,0.010757256299257278,0.010981567203998566
commit,commit_guarded,CP-AU-r001:q008:d32,CP-AU-r001,128,west-west,J,certified_reference,0.0,0,False,False,True,663825388171/1000000,663825388171/1000000,36047,36047,0.010757256299257278,0.010981567203998566
commit,commit_raw,CP-AU-r001:q008:d32,CP-AU-r001,128,west-west,W,existing_frozen,27.040239,27040239/1000000,True,False,False,10381710102/15625,664456486767/1000000,105368,29873,0.06541184335947037,0.009161680936813354
commit,commit_guarded,CP-AU-r001:q008:d32,CP-AU-r001,128,west-west,W,existing_frozen,27.040239,27040239/1000000,True,False,False,10381710102/15625,664456486767/1000000,105368,29873,0.06541184335947037,0.009161680936813354
commit,commit_raw,CP-AU-r001:q008:d32,CP-AU-r001,128,west-west,W,certified_reference,0.0,0,False,False,True,10381710102/15625,10381710102/15625,29873,29873,0.00907060131430626,0.009161680936813354
commit,commit_guarded,CP-AU-r001:q008:d32,CP-AU-r001,128,west-west,W,certified_reference,0.0,0,False,False,True,10381710102/15625,10381710102/15625,29873,29873,0.00907060131430626,0.009161680936813354
commit,commit_raw,CP-AU-r001:q009:d08,CP-AU-r001,16,west-west,A,existing_frozen,0.0,0,False,False,True,664570404197/1000000,664570404197/1000000,22255,19636,0.005083773285150528,0.001635681837797165
commit,commit_guarded,CP-AU-r001:q009:d08,CP-AU-r001,16,west-west,A,existing_frozen,0.0,0,False,False,True,664570404197/1000000,664570404197/1000000,22255,19636,0.005083773285150528,0.001635681837797165
commit,commit_raw,CP-AU-r001:q009:d08,CP-AU-r001,16,west-west,A,certified_reference,0.0,0,False,False,True,664570404197/1000000,664570404197/1000000,19637,19636,0.0015228204429149628,0.001635681837797165
commit,commit_guarded,CP-AU-r001:q009:d08,CP-AU-r001,16,west-west,A,certified_reference,0.0,0,False,False,True,664570404197/1000000,664570404197/1000000,19637,19636,0.0015228204429149628,0.001635681837797165
commit,commit_raw,CP-AU-r001:q009:d08,CP-AU-r001,16,west-west,E,existing_frozen,0.0,0,False,False,True,664570404197/1000000,664570404197/1000000,27341,24722,0.00505780428647995,0.0018107593059539795
commit,commit_guarded,CP-AU-r001:q009:d08,CP-AU-r001,16,west-west,E,existing_frozen,0.0,0,False,False,True,664570404197/1000000,664570404197/1000000,27341,24722,0.00505780428647995,0.0018107593059539795
commit,commit_raw,CP-AU-r001:q009:d08,CP-AU-r001,16,west-west,E,certified_reference,0.0,0,False,False,True,664570404197/1000000,664570404197/1000000,24723,24722,0.0016547664999961853,0.0018107593059539795
commit,commit_guarded,CP-AU-r001:q009:d08,CP-AU-r001,16,west-west,E,certified_reference,0.0,0,False,False,True,664570404197/1000000,664570404197/1000000,24723,24722,0.0016547664999961853,0.0018107593059539795
commit,commit_raw,CP-AU-r001:q009:d08,CP-AU-r001,16,west-west,J,existing_frozen,-485.746513,-485746513/1000000,False,True,False,663825388171/1000000,331669820829/500000,32412,29873,0.0049404241144657135,0.0018245503306388855
commit,commit_guarded,CP-AU-r001:q009:d08,CP-AU-r001,16,west-west,J,existing_frozen,0.0,0,False,False,True,663825388171/1000000,663825388171/1000000,32412,29873,0.0049404241144657135,0.0018245503306388855
commit,commit_raw,CP-AU-r001:q009:d08,CP-AU-r001,16,west-west,J,certified_reference,0.0,0,False,False,True,663825388171/1000000,663825388171/1000000,29874,29873,0.0016885623335838318,0.0018245503306388855
commit,commit_guarded,CP-AU-r001:q009:d08,CP-AU-r001,16,west-west,J,certified_reference,0.0,0,False,False,True,663825388171/1000000,663825388171/1000000,29874,29873,0.0016885623335838318,0.0018245503306388855
commit,commit_raw,CP-AU-r001:q009:d08,CP-AU-r001,16,west-west,W,existing_frozen,-485.746513,-485746513/1000000,False,True,False,663825388171/1000000,331669820829/500000,27326,24787,0.004830718040466309,0.0017975755035877228
commit,commit_guarded,CP-AU-r001:q009:d08,CP-AU-r001,16,west-west,W,existing_frozen,0.0,0,False,False,True,663825388171/1000000,663825388171/1000000,27326,24787,0.004830718040466309,0.0017975755035877228
commit,commit_raw,CP-AU-r001:q009:d08,CP-AU-r001,16,west-west,W,certified_reference,0.0,0,False,False,True,663825388171/1000000,663825388171/1000000,24788,24787,0.0016072727739810944,0.0017975755035877228
commit,commit_guarded,CP-AU-r001:q009:d08,CP-AU-r001,16,west-west,W,certified_reference,0.0,0,False,False,True,663825388171/1000000,663825388171/1000000,24788,24787,0.0016072727739810944,0.0017975755035877228
commit,commit_raw,CP-AU-r001:q009:d16,CP-AU-r001,64,west-west,A,existing_frozen,-399.324431,-399324431/1000000,False,True,False,132998359381/200000,332296236237/500000,43933,21364,0.023309893906116486,0.0042336322367191315
commit,commit_guarded,CP-AU-r001:q009:d16,CP-AU-r001,64,west-west,A,existing_frozen,-399.324431,-399324431/1000000,False,True,False,132998359381/200000,332296236237/500000,43933,21364,0.023309893906116486,0.0042336322367191315
commit,commit_raw,CP-AU-r001:q009:d16,CP-AU-r001,64,west-west,A,certified_reference,0.0,0,False,False,True,132998359381/200000,132998359381/200000,21364,21364,0.004055183380842209,0.0042336322367191315
commit,commit_guarded,CP-AU-r001:q009:d16,CP-AU-r001,64,west-west,A,certified_reference,0.0,0,False,False,True,132998359381/200000,132998359381/200000,21364,21364,0.004055183380842209,0.0042336322367191315
commit,commit_raw,CP-AU-r001:q009:d16,CP-AU-r001,64,west-west,E,existing_frozen,-399.324431,-399324431/1000000,False,True,False,132998359381/200000,332296236237/500000,49382,26624,0.02399253100156784,0.004605740308761597
commit,commit_guarded,CP-AU-r001:q009:d16,CP-AU-r001,64,west-west,E,existing_frozen,-399.324431,-399324431/1000000,False,True,False,132998359381/200000,332296236237/500000,49382,26624,0.02399253100156784,0.004605740308761597
commit,commit_raw,CP-AU-r001:q009:d16,CP-AU-r001,64,west-west,E,certified_reference,0.0,0,False,False,True,132998359381/200000,132998359381/200000,26624,26624,0.00444721058011055,0.004605740308761597
commit,commit_guarded,CP-AU-r001:q009:d16,CP-AU-r001,64,west-west,E,certified_reference,0.0,0,False,False,True,132998359381/200000,132998359381/200000,26624,26624,0.00444721058011055,0.004605740308761597
commit,commit_raw,CP-AU-r001:q009:d16,CP-AU-r001,64,west-west,J,existing_frozen,0.0,0,False,False,True,165827991353/250000,165827991353/250000,54926,32206,0.024803314357995987,0.005182567983865738
commit,commit_guarded,CP-AU-r001:q009:d16,CP-AU-r001,64,west-west,J,existing_frozen,0.0,0,False,False,True,663825388171/1000000,663825388171/1000000,54926,32206,0.024803314357995987,0.005182567983865738
commit,commit_raw,CP-AU-r001:q009:d16,CP-AU-r001,64,west-west,J,certified_reference,384.303589,384303589/1000000,True,False,False,165827991353/250000,663696269001/1000000,32328,32206,0.005196619778871536,0.005182567983865738
commit,commit_guarded,CP-AU-r001:q009:d16,CP-AU-r001,64,west-west,J,certified_reference,0.0,0,False,False,True,663825388171/1000000,663825388171/1000000,32328,32206,0.005196619778871536,0.005182567983865738
commit,commit_raw,CP-AU-r001:q009:d16,CP-AU-r001,64,west-west,W,existing_frozen,0.0,0,False,False,True,165827991353/250000,165827991353/250000,49678,26936,0.024907395243644714,0.004859134554862976
commit,commit_guarded,CP-AU-r001:q009:d16,CP-AU-r001,64,west-west,W,existing_frozen,0.0,0,False,False,True,663825388171/1000000,663825388171/1000000,49678,26936,0.024907395243644714,0.004859134554862976
commit,commit_raw,CP-AU-r001:q009:d16,CP-AU-r001,64,west-west,W,certified_reference,384.303589,384303589/1000000,True,False,False,165827991353/250000,663696269001/1000000,27058,26936,0.004973124712705612,0.004859134554862976
commit,commit_guarded,CP-AU-r001:q009:d16,CP-AU-r001,64,west-west,W,certified_reference,0.0,0,False,False,True,663825388171/1000000,663825388171/1000000,27058,26936,0.004973124712705612,0.004859134554862976
commit,commit_raw,CP-AU-r001:q009:d32,CP-AU-r001,128,west-west,A,existing_frozen,-539.939876,-134984969/250000,False,True,False,332655988859/500000,332386018921/500000,101839,23958,0.06639327108860016,0.008303984999656677
commit,commit_guarded,CP-AU-r001:q009:d32,CP-AU-r001,128,west-west,A,existing_frozen,-539.939876,-134984969/250000,False,True,False,332655988859/500000,332386018921/500000,101839,23958,0.06639327108860016,0.008303984999656677
commit,commit_raw,CP-AU-r001:q009:d32,CP-AU-r001,128,west-west,A,certified_reference,0.0,0,False,False,True,332655988859/500000,332655988859/500000,23958,23958,0.008166257292032242,0.008303984999656677
commit,commit_guarded,CP-AU-r001:q009:d32,CP-AU-r001,128,west-west,A,certified_reference,0.0,0,False,False,True,332655988859/500000,332655988859/500000,23958,23958,0.008166257292032242,0.008303984999656677
commit,commit_raw,CP-AU-r001:q009:d32,CP-AU-r001,128,west-west,E,existing_frozen,-439.902072,-54987759/125000,False,True,False,166287308393/250000,1329418663/2000,111095,30379,0.0712883286178112,0.011305730789899826
commit,commit_guarded,CP-AU-r001:q009:d32,CP-AU-r001,128,west-west,E,existing_frozen,-439.902072,-54987759/125000,False,True,False,166287308393/250000,1329418663/2000,111095,30379,0.0712883286178112,0.011305730789899826
commit,commit_raw,CP-AU-r001:q009:d32,CP-AU-r001,128,west-west,E,certified_reference,0.0,0,False,False,True,166287308393/250000,166287308393/250000,30379,30379,0.010814730077981949,0.011305730789899826
commit,commit_guarded,CP-AU-r001:q009:d32,CP-AU-r001,128,west-west,E,certified_reference,0.0,0,False,False,True,166287308393/250000,166287308393/250000,30379,30379,0.010814730077981949,0.011305730789899826
commit,commit_raw,CP-AU-r001:q009:d32,CP-AU-r001,128,west-west,J,existing_frozen,-330.967336,-41370917/125000,False,True,False,331284263419/500000,331118779751/500000,112051,36051,0.06863056123256683,0.011515971273183823
commit,commit_guarded,CP-AU-r001:q009:d32,CP-AU-r001,128,west-west,J,existing_frozen,0.0,0,False,False,True,663825388171/1000000,663825388171/1000000,112051,36051,0.06863056123256683,0.011515971273183823
commit,commit_raw,CP-AU-r001:q009:d32,CP-AU-r001,128,west-west,J,certified_reference,0.0,0,False,False,True,331284263419/500000,331284263419/500000,36051,36051,0.011050235480070114,0.011515971273183823
commit,commit_guarded,CP-AU-r001:q009:d32,CP-AU-r001,128,west-west,J,certified_reference,0.0,0,False,False,True,663825388171/1000000,663825388171/1000000,36051,36051,0.011050235480070114,0.011515971273183823
commit,commit_raw,CP-AU-r001:q009:d32,CP-AU-r001,128,west-west,W,existing_frozen,131.609093,131609093/1000000,True,False,False,20732502783/31250,663571698149/1000000,105210,29726,0.06499123200774193,0.009284965693950653
commit,commit_guarded,CP-AU-r001:q009:d32,CP-AU-r001,128,west-west,W,existing_frozen,0.0,0,False,False,True,663825388171/1000000,663825388171/1000000,105210,29726,0.06499123200774193,0.009284965693950653
commit,commit_raw,CP-AU-r001:q009:d32,CP-AU-r001,128,west-west,W,certified_reference,0.0,0,False,False,True,20732502783/31250,20732502783/31250,29726,29726,0.009109344333410263,0.009284965693950653
commit,commit_guarded,CP-AU-r001:q009:d32,CP-AU-r001,128,west-west,W,certified_reference,0.0,0,False,False,True,663825388171/1000000,663825388171/1000000,29726,29726,0.009109344333410263,0.009284965693950653
commit,commit_raw,CP-AP-r001:q000:d08,CP-AP-r001,16,west-west,A,existing_frozen,0.0,0,False,False,True,167691148101/250000,167691148101/250000,21464,18776,0.00498344749212265,0.0017235130071640015
commit,commit_guarded,CP-AP-r001:q000:d08,CP-AP-r001,16,west-west,A,existing_frozen,0.0,0,False,False,True,167691148101/250000,167691148101/250000,21464,18776,0.00498344749212265,0.0017235130071640015
commit,commit_raw,CP-AP-r001:q000:d08,CP-AP-r001,16,west-west,A,certified_reference,0.0,0,False,False,True,167691148101/250000,167691148101/250000,18777,18776,0.0015459582209587097,0.0017235130071640015
commit,commit_guarded,CP-AP-r001:q000:d08,CP-AP-r001,16,west-west,A,certified_reference,0.0,0,False,False,True,167691148101/250000,167691148101/250000,18777,18776,0.0015459582209587097,0.0017235130071640015
commit,commit_raw,CP-AP-r001:q000:d08,CP-AP-r001,16,west-west,E,existing_frozen,0.0,0,False,False,True,167691148101/250000,167691148101/250000,26656,23897,0.005226053297519684,0.0021433718502521515
commit,commit_guarded,CP-AP-r001:q000:d08,CP-AP-r001,16,west-west,E,existing_frozen,0.0,0,False,False,True,167691148101/250000,167691148101/250000,26656,23897,0.005226053297519684,0.0021433718502521515
commit,commit_raw,CP-AP-r001:q000:d08,CP-AP-r001,16,west-west,E,certified_reference,0.0,0,False,False,True,167691148101/250000,167691148101/250000,23898,23897,0.0017055124044418335,0.0021433718502521515
commit,commit_guarded,CP-AP-r001:q000:d08,CP-AP-r001,16,west-west,E,certified_reference,0.0,0,False,False,True,167691148101/250000,167691148101/250000,23898,23897,0.0017055124044418335,0.0021433718502521515
commit,commit_raw,CP-AP-r001:q000:d08,CP-AP-r001,16,west-west,J,existing_frozen,0.0,0,False,False,True,670726456293/1000000,670726456293/1000000,31823,29053,0.005529068410396576,0.002266235649585724
commit,commit_guarded,CP-AP-r001:q000:d08,CP-AP-r001,16,west-west,J,existing_frozen,0.0,0,False,False,True,6707264601/10000,6707264601/10000,31823,29053,0.005529068410396576,0.002266235649585724
commit,commit_raw,CP-AP-r001:q000:d08,CP-AP-r001,16,west-west,J,certified_reference,0.0,0,False,False,True,670726456293/1000000,670726456293/1000000,29054,29053,0.0019325017929077148,0.002266235649585724
commit,commit_guarded,CP-AP-r001:q000:d08,CP-AP-r001,16,west-west,J,certified_reference,0.0,0,False,False,True,6707264601/10000,6707264601/10000,29054,29053,0.0019325017929077148,0.002266235649585724
commit,commit_raw,CP-AP-r001:q000:d08,CP-AP-r001,16,west-west,W,existing_frozen,0.0,0,False,False,True,670726456293/1000000,670726456293/1000000,26631,23932,0.005290910601615906,0.00211184099316597
commit,commit_guarded,CP-AP-r001:q000:d08,CP-AP-r001,16,west-west,W,existing_frozen,0.0,0,False,False,True,6707264601/10000,6707264601/10000,26631,23932,0.005290910601615906,0.00211184099316597
commit,commit_raw,CP-AP-r001:q000:d08,CP-AP-r001,16,west-west,W,certified_reference,0.0,0,False,False,True,670726456293/1000000,670726456293/1000000,23933,23932,0.0018024556338787079,0.00211184099316597
commit,commit_guarded,CP-AP-r001:q000:d08,CP-AP-r001,16,west-west,W,certified_reference,0.0,0,False,False,True,6707264601/10000,6707264601/10000,23933,23932,0.0018024556338787079,0.00211184099316597
commit,commit_raw,CP-AP-r001:q000:d16,CP-AP-r001,64,west-west,A,existing_frozen,0.0,0,False,False,True,671107898047/1000000,671107898047/1000000,44730,20591,0.02508513256907463,0.00437626987695694
commit,commit_guarded,CP-AP-r001:q000:d16,CP-AP-r001,64,west-west,A,existing_frozen,0.0,0,False,False,True,671107898047/1000000,671107898047/1000000,44730,20591,0.02508513256907463,0.00437626987695694
commit,commit_raw,CP-AP-r001:q000:d16,CP-AP-r001,64,west-west,A,certified_reference,0.0,0,False,False,True,671107898047/1000000,671107898047/1000000,20591,20591,0.004219964146614075,0.00437626987695694
commit,commit_guarded,CP-AP-r001:q000:d16,CP-AP-r001,64,west-west,A,certified_reference,0.0,0,False,False,True,671107898047/1000000,671107898047/1000000,20591,20591,0.004219964146614075,0.00437626987695694
commit,commit_raw,CP-AP-r001:q000:d16,CP-AP-r001,64,west-west,E,existing_frozen,0.0,0,False,False,True,671009220067/1000000,671009220067/1000000,49666,25955,0.027088362723588943,0.005910862237215042
commit,commit_guarded,CP-AP-r001:q000:d16,CP-AP-r001,64,west-west,E,existing_frozen,0.0,0,False,False,True,671009220067/1000000,671009220067/1000000,49666,25955,0.027088362723588943,0.005910862237215042
commit,commit_raw,CP-AP-r001:q000:d16,CP-AP-r001,64,west-west,E,certified_reference,0.0,0,False,False,True,671009220067/1000000,671009220067/1000000,25955,25955,0.005801551043987274,0.005910862237215042
commit,commit_guarded,CP-AP-r001:q000:d16,CP-AP-r001,64,west-west,E,certified_reference,0.0,0,False,False,True,671009220067/1000000,671009220067/1000000,25955,25955,0.005801551043987274,0.005910862237215042
commit,commit_raw,CP-AP-r001:q000:d16,CP-AP-r001,64,west-west,J,existing_frozen,0.0,0,False,False,True,335165884777/500000,335165884777/500000,54694,31531,0.025620225816965103,0.0063542649149894714
commit,commit_guarded,CP-AP-r001:q000:d16,CP-AP-r001,64,west-west,J,existing_frozen,0.0,0,False,False,True,6707264601/10000,6707264601/10000,54694,31531,0.025620225816965103,0.0063542649149894714
commit,commit_raw,CP-AP-r001:q000:d16,CP-AP-r001,64,west-west,J,certified_reference,0.0,0,False,False,True,335165884777/500000,335165884777/500000,31532,31531,0.006128296256065369,0.0063542649149894714
commit,commit_guarded,CP-AP-r001:q000:d16,CP-AP-r001,64,west-west,J,certified_reference,0.0,0,False,False,True,6707264601/10000,6707264601/10000,31532,31531,0.006128296256065369,0.0063542649149894714
commit,commit_raw,CP-AP-r001:q000:d16,CP-AP-r001,64,west-west,W,existing_frozen,0.0,0,False,False,True,335216171377/500000,335216171377/500000,49620,26121,0.025198355317115784,0.00547470897436142
commit,commit_guarded,CP-AP-r001:q000:d16,CP-AP-r001,64,west-west,W,existing_frozen,0.0,0,False,False,True,6707264601/10000,6707264601/10000,49620,26121,0.025198355317115784,0.00547470897436142
commit,commit_raw,CP-AP-r001:q000:d16,CP-AP-r001,64,west-west,W,certified_reference,0.0,0,False,False,True,335216171377/500000,335216171377/500000,26121,26121,0.005433067679405212,0.00547470897436142
commit,commit_guarded,CP-AP-r001:q000:d16,CP-AP-r001,64,west-west,W,certified_reference,0.0,0,False,False,True,6707264601/10000,6707264601/10000,26121,26121,0.005433067679405212,0.00547470897436142
commit,commit_raw,CP-AP-r001:q000:d32,CP-AP-r001,128,west-west,A,existing_frozen,0.0,0,False,False,True,671629863981/1000000,671629863981/1000000,107530,22888,0.07175853103399277,0.00790296122431755
commit,commit_guarded,CP-AP-r001:q000:d32,CP-AP-r001,128,west-west,A,existing_frozen,0.0,0,False,False,True,671629863981/1000000,671629863981/1000000,107530,22888,0.07175853103399277,0.00790296122431755
commit,commit_raw,CP-AP-r001:q000:d32,CP-AP-r001,128,west-west,A,certified_reference,0.0,0,False,False,True,671629863981/1000000,671629863981/1000000,22888,22888,0.007726278156042099,0.00790296122431755
commit,commit_guarded,CP-AP-r001:q000:d32,CP-AP-r001,128,west-west,A,certified_reference,0.0,0,False,False,True,671629863981/1000000,671629863981/1000000,22888,22888,0.007726278156042099,0.00790296122431755
commit,commit_raw,CP-AP-r001:q000:d32,CP-AP-r001,128,west-west,E,existing_frozen,0.0,0,False,False,True,671387265009/1000000,671387265009/1000000,107772,29107,0.06837749853730202,0.010517746210098267
commit,commit_guarded,CP-AP-r001:q000:d32,CP-AP-r001,128,west-west,E,existing_frozen,0.0,0,False,False,True,671387265009/1000000,671387265009/1000000,107772,29107,0.06837749853730202,0.010517746210098267
commit,commit_raw,CP-AP-r001:q000:d32,CP-AP-r001,128,west-west,E,certified_reference,0.0,0,False,False,True,671387265009/1000000,671387265009/1000000,29107,29107,0.010359566658735275,0.010517746210098267
commit,commit_guarded,CP-AP-r001:q000:d32,CP-AP-r001,128,west-west,E,certified_reference,0.0,0,False,False,True,671387265009/1000000,671387265009/1000000,29107,29107,0.010359566658735275,0.010517746210098267
commit,commit_raw,CP-AP-r001:q000:d32,CP-AP-r001,128,west-west,J,existing_frozen,0.0,0,False,False,True,134065799231/200000,134065799231/200000,109983,34869,0.06519979238510132,0.011818520724773407
commit,commit_guarded,CP-AP-r001:q000:d32,CP-AP-r001,128,west-west,J,existing_frozen,0.0,0,False,False,True,6707264601/10000,6707264601/10000,109983,34869,0.06519979238510132,0.011818520724773407
commit,commit_raw,CP-AP-r001:q000:d32,CP-AP-r001,128,west-west,J,certified_reference,0.0,0,False,False,True,134065799231/200000,134065799231/200000,34869,34869,0.01155082881450653,0.011818520724773407
commit,commit_guarded,CP-AP-r001:q000:d32,CP-AP-r001,128,west-west,J,certified_reference,0.0,0,False,False,True,6707264601/10000,6707264601/10000,34869,34869,0.01155082881450653,0.011818520724773407
commit,commit_raw,CP-AP-r001:q000:d32,CP-AP-r001,128,west-west,W,existing_frozen,0.0,0,False,False,True,670546744671/1000000,670546744671/1000000,109048,28586,0.06931505352258682,0.009389542043209076
commit,commit_guarded,CP-AP-r001:q000:d32,CP-AP-r001,128,west-west,W,existing_frozen,0.0,0,False,False,True,6707264601/10000,6707264601/10000,109048,28586,0.06931505352258682,0.009389542043209076
commit,commit_raw,CP-AP-r001:q000:d32,CP-AP-r001,128,west-west,W,certified_reference,0.0,0,False,False,True,670546744671/1000000,670546744671/1000000,28586,28586,0.00896713137626648,0.009389542043209076
commit,commit_guarded,CP-AP-r001:q000:d32,CP-AP-r001,128,west-west,W,certified_reference,0.0,0,False,False,True,6707264601/10000,6707264601/10000,28586,28586,0.00896713137626648,0.009389542043209076
commit,commit_raw,CP-AP-r001:q001:d08,CP-AP-r001,16,west-west,A,existing_frozen,0.0,0,False,False,True,134152444693/200000,134152444693/200000,21186,18708,0.004832766950130463,0.0015904009342193604
commit,commit_guarded,CP-AP-r001:q001:d08,CP-AP-r001,16,west-west,A,existing_frozen,0.0,0,False,False,True,134152444693/200000,134152444693/200000,21186,18708,0.004832766950130463,0.0015904009342193604
commit,commit_raw,CP-AP-r001:q001:d08,CP-AP-r001,16,west-west,A,certified_reference,0.0,0,False,False,True,134152444693/200000,134152444693/200000,18709,18708,0.00151800736784935,0.0015904009342193604
commit,commit_guarded,CP-AP-r001:q001:d08,CP-AP-r001,16,west-west,A,certified_reference,0.0,0,False,False,True,134152444693/200000,134152444693/200000,18709,18708,0.00151800736784935,0.0015904009342193604
commit,commit_raw,CP-AP-r001:q001:d08,CP-AP-r001,16,west-west,E,existing_frozen,0.0,0,False,False,True,134152444693/200000,134152444693/200000,26318,23803,0.004831921309232712,0.0017634443938732147
commit,commit_guarded,CP-AP-r001:q001:d08,CP-AP-r001,16,west-west,E,existing_frozen,0.0,0,False,False,True,134152444693/200000,134152444693/200000,26318,23803,0.004831921309232712,0.0017634443938732147
commit,commit_raw,CP-AP-r001:q001:d08,CP-AP-r001,16,west-west,E,certified_reference,0.0,0,False,False,True,134152444693/200000,134152444693/200000,23804,23803,0.001646973192691803,0.0017634443938732147
commit,commit_guarded,CP-AP-r001:q001:d08,CP-AP-r001,16,west-west,E,certified_reference,0.0,0,False,False,True,134152444693/200000,134152444693/200000,23804,23803,0.001646973192691803,0.0017634443938732147
commit,commit_raw,CP-AP-r001:q001:d08,CP-AP-r001,16,west-west,J,existing_frozen,0.0,0,False,False,True,670726456293/1000000,670726456293/1000000,31655,28979,0.00508393719792366,0.0019839592278003693
commit,commit_guarded,CP-AP-r001:q001:d08,CP-AP-r001,16,west-west,J,existing_frozen,0.0,0,False,False,True,6707264601/10000,6707264601/10000,31655,28979,0.00508393719792366,0.0019839592278003693
commit,commit_raw,CP-AP-r001:q001:d08,CP-AP-r001,16,west-west,J,certified_reference,0.0,0,False,False,True,670726456293/1000000,670726456293/1000000,28980,28979,0.0018302910029888153,0.0019839592278003693
commit,commit_guarded,CP-AP-r001:q001:d08,CP-AP-r001,16,west-west,J,certified_reference,0.0,0,False,False,True,6707264601/10000,6707264601/10000,28980,28979,0.0018302910029888153,0.0019839592278003693
commit,commit_raw,CP-AP-r001:q001:d08,CP-AP-r001,16,west-west,W,existing_frozen,0.0,0,False,False,True,670726456293/1000000,670726456293/1000000,26523,23884,0.005004595965147018,0.001861371099948883
commit,commit_guarded,CP-AP-r001:q001:d08,CP-AP-r001,16,west-west,W,existing_frozen,0.0,0,False,False,True,6707264601/10000,6707264601/10000,26523,23884,0.005004595965147018,0.001861371099948883
commit,commit_raw,CP-AP-r001:q001:d08,CP-AP-r001,16,west-west,W,certified_reference,0.0,0,False,False,True,670726456293/1000000,670726456293/1000000,23885,23884,0.0017724111676216125,0.001861371099948883
commit,commit_guarded,CP-AP-r001:q001:d08,CP-AP-r001,16,west-west,W,certified_reference,0.0,0,False,False,True,6707264601/10000,6707264601/10000,23885,23884,0.0017724111676216125,0.001861371099948883
commit,commit_raw,CP-AP-r001:q001:d16,CP-AP-r001,64,west-west,A,existing_frozen,0.0,0,False,False,True,33533249901/50000,33533249901/50000,44719,20538,0.02535693719983101,0.004355903714895248
commit,commit_guarded,CP-AP-r001:q001:d16,CP-AP-r001,64,west-west,A,existing_frozen,0.0,0,False,False,True,6707264601/10000,6707264601/10000,44719,20538,0.02535693719983101,0.004355903714895248
commit,commit_raw,CP-AP-r001:q001:d16,CP-AP-r001,64,west-west,A,certified_reference,0.0,0,False,False,True,33533249901/50000,33533249901/50000,20538,20538,0.004213158041238785,0.004355903714895248
commit,commit_guarded,CP-AP-r001:q001:d16,CP-AP-r001,64,west-west,A,certified_reference,0.0,0,False,False,True,6707264601/10000,6707264601/10000,20538,20538,0.004213158041238785,0.004355903714895248
commit,commit_raw,CP-AP-r001:q001:d16,CP-AP-r001,64,west-west,E,existing_frozen,0.0,0,False,False,True,16764158001/25000,16764158001/25000,49328,25898,0.024955440312623978,0.005178395658731461
commit,commit_guarded,CP-AP-r001:q001:d16,CP-AP-r001,64,west-west,E,existing_frozen,0.0,0,False,False,True,6707264601/10000,6707264601/10000,49328,25898,0.024955440312623978,0.005178395658731461
commit,commit_raw,CP-AP-r001:q001:d16,CP-AP-r001,64,west-west,E,certified_reference,0.0,0,False,False,True,16764158001/25000,16764158001/25000,25898,25898,0.004980921745300293,0.005178395658731461
commit,commit_guarded,CP-AP-r001:q001:d16,CP-AP-r001,64,west-west,E,certified_reference,0.0,0,False,False,True,6707264601/10000,6707264601/10000,25898,25898,0.004980921745300293,0.005178395658731461
commit,commit_raw,CP-AP-r001:q001:d16,CP-AP-r001,64,west-west,J,existing_frozen,0.0,0,False,False,True,167593619429/250000,167593619429/250000,54126,31324,0.025000661611557007,0.005841825157403946
commit,commit_guarded,CP-AP-r001:q001:d16,CP-AP-r001,64,west-west,J,existing_frozen,0.0,0,False,False,True,6707264601/10000,6707264601/10000,54126,31324,0.025000661611557007,0.005841825157403946
commit,commit_raw,CP-AP-r001:q001:d16,CP-AP-r001,64,west-west,J,certified_reference,0.0,0,False,False,True,167593619429/250000,167593619429/250000,31324,31324,0.005694407969713211,0.005841825157403946
commit,commit_guarded,CP-AP-r001:q001:d16,CP-AP-r001,64,west-west,J,certified_reference,0.0,0,False,False,True,6707264601/10000,6707264601/10000,31324,31324,0.005694407969713211,0.005841825157403946
commit,commit_raw,CP-AP-r001:q001:d16,CP-AP-r001,64,west-west,W,existing_frozen,0.0,0,False,False,True,335216171377/500000,335216171377/500000,49373,25938,0.026066377758979797,0.0058125220239162445
commit,commit_guarded,CP-AP-r001:q001:d16,CP-AP-r001,64,west-west,W,existing_frozen,0.0,0,False,False,True,6707264601/10000,6707264601/10000,49373,25938,0.026066377758979797,0.0058125220239162445
commit,commit_raw,CP-AP-r001:q001:d16,CP-AP-r001,64,west-west,W,certified_reference,0.0,0,False,False,True,335216171377/500000,335216171377/500000,25938,25938,0.00537630170583725,0.0058125220239162445
commit,commit_guarded,CP-AP-r001:q001:d16,CP-AP-r001,64,west-west,W,certified_reference,0.0,0,False,False,True,6707264601/10000,6707264601/10000,25938,25938,0.00537630170583725,0.0058125220239162445
commit,commit_raw,CP-AP-r001:q001:d32,CP-AP-r001,128,west-west,A,existing_frozen,0.0,0,False,False,True,671629863981/1000000,671629863981/1000000,107530,22888,0.07273323461413383,0.008034739643335342
commit,commit_guarded,CP-AP-r001:q001:d32,CP-AP-r001,128,west-west,A,existing_frozen,0.0,0,False,False,True,671629863981/1000000,671629863981/1000000,107530,22888,0.07273323461413383,0.008034739643335342
commit,commit_raw,CP-AP-r001:q001:d32,CP-AP-r001,128,west-west,A,certified_reference,0.0,0,False,False,True,671629863981/1000000,671629863981/1000000,22888,22888,0.00810851901769638,0.008034739643335342
commit,commit_guarded,CP-AP-r001:q001:d32,CP-AP-r001,128,west-west,A,certified_reference,0.0,0,False,False,True,671629863981/1000000,671629863981/1000000,22888,22888,0.00810851901769638,0.008034739643335342
commit,commit_raw,CP-AP-r001:q001:d32,CP-AP-r001,128,west-west,E,existing_frozen,0.0,0,False,False,True,671387265009/1000000,671387265009/1000000,107772,29107,0.28315624594688416,0.010626018047332764
commit,commit_guarded,CP-AP-r001:q001:d32,CP-AP-r001,128,west-west,E,existing_frozen,0.0,0,False,False,True,671387265009/1000000,671387265009/1000000,107772,29107,0.28315624594688416,0.010626018047332764
commit,commit_raw,CP-AP-r001:q001:d32,CP-AP-r001,128,west-west,E,certified_reference,0.0,0,False,False,True,671387265009/1000000,671387265009/1000000,29107,29107,0.01026058942079544,0.010626018047332764
commit,commit_guarded,CP-AP-r001:q001:d32,CP-AP-r001,128,west-west,E,certified_reference,0.0,0,False,False,True,671387265009/1000000,671387265009/1000000,29107,29107,0.01026058942079544,0.010626018047332764
commit,commit_raw,CP-AP-r001:q001:d32,CP-AP-r001,128,west-west,J,existing_frozen,0.0,0,False,False,True,134065799231/200000,134065799231/200000,109983,34869,0.06520385667681694,0.011759255081415176
commit,commit_guarded,CP-AP-r001:q001:d32,CP-AP-r001,128,west-west,J,existing_frozen,0.0,0,False,False,True,6707264601/10000,6707264601/10000,109983,34869,0.06520385667681694,0.011759255081415176
commit,commit_raw,CP-AP-r001:q001:d32,CP-AP-r001,128,west-west,J,certified_reference,0.0,0,False,False,True,134065799231/200000,134065799231/200000,34869,34869,0.01160140335559845,0.011759255081415176
commit,commit_guarded,CP-AP-r001:q001:d32,CP-AP-r001,128,west-west,J,certified_reference,0.0,0,False,False,True,6707264601/10000,6707264601/10000,34869,34869,0.01160140335559845,0.011759255081415176
commit,commit_raw,CP-AP-r001:q001:d32,CP-AP-r001,128,west-west,W,existing_frozen,0.0,0,False,False,True,670546744671/1000000,670546744671/1000000,109048,28586,0.06928611919283867,0.009324721992015839
commit,commit_guarded,CP-AP-r001:q001:d32,CP-AP-r001,128,west-west,W,existing_frozen,0.0,0,False,False,True,6707264601/10000,6707264601/10000,109048,28586,0.06928611919283867,0.009324721992015839
commit,commit_raw,CP-AP-r001:q001:d32,CP-AP-r001,128,west-west,W,certified_reference,0.0,0,False,False,True,670546744671/1000000,670546744671/1000000,28586,28586,0.00891704112291336,0.009324721992015839
commit,commit_guarded,CP-AP-r001:q001:d32,CP-AP-r001,128,west-west,W,certified_reference,0.0,0,False,False,True,6707264601/10000,6707264601/10000,28586,28586,0.00891704112291336,0.009324721992015839
commit,commit_raw,CP-AP-r001:q002:d08,CP-AP-r001,16,west-west,A,existing_frozen,0.0,0,False,False,True,335378868479/500000,335378868479/500000,21226,18725,0.004758615046739578,0.0015431493520736694
commit,commit_guarded,CP-AP-r001:q002:d08,CP-AP-r001,16,west-west,A,existing_frozen,0.0,0,False,False,True,335378868479/500000,335378868479/500000,21226,18725,0.004758615046739578,0.0015431493520736694
commit,commit_raw,CP-AP-r001:q002:d08,CP-AP-r001,16,west-west,A,certified_reference,0.0,0,False,False,True,335378868479/500000,335378868479/500000,18726,18725,0.0014589205384254456,0.0015431493520736694
commit,commit_guarded,CP-AP-r001:q002:d08,CP-AP-r001,16,west-west,A,certified_reference,0.0,0,False,False,True,335378868479/500000,335378868479/500000,18726,18725,0.0014589205384254456,0.0015431493520736694
commit,commit_raw,CP-AP-r001:q002:d08,CP-AP-r001,16,west-west,E,existing_frozen,0.0,0,False,False,True,335378868479/500000,335378868479/500000,26308,23803,0.004734314978122711,0.001685403287410736
commit,commit_guarded,CP-AP-r001:q002:d08,CP-AP-r001,16,west-west,E,existing_frozen,0.0,0,False,False,True,335378868479/500000,335378868479/500000,26308,23803,0.004734314978122711,0.001685403287410736
commit,commit_raw,CP-AP-r001:q002:d08,CP-AP-r001,16,west-west,E,certified_reference,0.0,0,False,False,True,335378868479/500000,335378868479/500000,23804,23803,0.00159410759806633,0.001685403287410736
commit,commit_guarded,CP-AP-r001:q002:d08,CP-AP-r001,16,west-west,E,certified_reference,0.0,0,False,False,True,335378868479/500000,335378868479/500000,23804,23803,0.00159410759806633,0.001685403287410736
commit,commit_raw,CP-AP-r001:q002:d08,CP-AP-r001,16,west-west,J,existing_frozen,0.0,0,False,False,True,167682109539/250000,167682109539/250000,31666,29007,0.005219925194978714,0.001954607665538788
commit,commit_guarded,CP-AP-r001:q002:d08,CP-AP-r001,16,west-west,J,existing_frozen,0.0,0,False,False,True,167682109539/250000,167682109539/250000,31666,29007,0.005219925194978714,0.001954607665538788
commit,commit_raw,CP-AP-r001:q002:d08,CP-AP-r001,16,west-west,J,certified_reference,0.0,0,False,False,True,167682109539/250000,167682109539/250000,29008,29007,0.0018627308309078217,0.001954607665538788
commit,commit_guarded,CP-AP-r001:q002:d08,CP-AP-r001,16,west-west,J,certified_reference,0.0,0,False,False,True,167682109539/250000,167682109539/250000,29008,29007,0.0018627308309078217,0.001954607665538788
commit,commit_raw,CP-AP-r001:q002:d08,CP-AP-r001,16,west-west,W,existing_frozen,0.0,0,False,False,True,167682109539/250000,167682109539/250000,26584,23929,0.004936564713716507,0.0018442533910274506
commit,commit_guarded,CP-AP-r001:q002:d08,CP-AP-r001,16,west-west,W,existing_frozen,0.0,0,False,False,True,167682109539/250000,167682109539/250000,26584,23929,0.004936564713716507,0.0018442533910274506
commit,commit_raw,CP-AP-r001:q002:d08,CP-AP-r001,16,west-west,W,certified_reference,0.0,0,False,False,True,167682109539/250000,167682109539/250000,23930,23929,0.001764390617609024,0.0018442533910274506
commit,commit_guarded,CP-AP-r001:q002:d08,CP-AP-r001,16,west-west,W,certified_reference,0.0,0,False,False,True,167682109539/250000,167682109539/250000,23930,23929,0.001764390617609024,0.0018442533910274506
commit,commit_raw,CP-AP-r001:q002:d16,CP-AP-r001,64,west-west,A,existing_frozen,0.0,0,False,False,True,335439103313/500000,335439103313/500000,44555,20520,0.024835817515850067,0.004150554537773132
commit,commit_guarded,CP-AP-r001:q002:d16,CP-AP-r001,64,west-west,A,existing_frozen,0.0,0,False,False,True,335439103313/500000,335439103313/500000,44555,20520,0.024835817515850067,0.004150554537773132
commit,commit_raw,CP-AP-r001:q002:d16,CP-AP-r001,64,west-west,A,certified_reference,0.0,0,False,False,True,335439103313/500000,335439103313/500000,20520,20520,0.003989029675722122,0.004150554537773132
commit,commit_guarded,CP-AP-r001:q002:d16,CP-AP-r001,64,west-west,A,certified_reference,0.0,0,False,False,True,335439103313/500000,335439103313/500000,20520,20520,0.003989029675722122,0.004150554537773132
commit,commit_raw,CP-AP-r001:q002:d16,CP-AP-r001,64,west-west,E,existing_frozen,0.0,0,False,False,True,670844996841/1000000,670844996841/1000000,49657,25963,0.025188233703374863,0.0049207694828510284
commit,commit_guarded,CP-AP-r001:q002:d16,CP-AP-r001,64,west-west,E,existing_frozen,0.0,0,False,False,True,670844996841/1000000,670844996841/1000000,49657,25963,0.025188233703374863,0.0049207694828510284
commit,commit_raw,CP-AP-r001:q002:d16,CP-AP-r001,64,west-west,E,certified_reference,6.227739,6227739/1000000,True,False,False,670844996841/1000000,33542561229/50000,25966,25963,0.004795487970113754,0.0049207694828510284
commit,commit_guarded,CP-AP-r001:q002:d16,CP-AP-r001,64,west-west,E,certified_reference,6.227739,6227739/1000000,True,False,False,670844996841/1000000,33542561229/50000,25966,25963,0.004795487970113754,0.0049207694828510284
commit,commit_raw,CP-AP-r001:q002:d16,CP-AP-r001,64,west-west,J,existing_frozen,0.0,0,False,False,True,670773652333/1000000,670773652333/1000000,54381,31299,0.024679314345121384,0.0055153220891952515
commit,commit_guarded,CP-AP-r001:q002:d16,CP-AP-r001,64,west-west,J,existing_frozen,0.0,0,False,False,True,670773652333/1000000,670773652333/1000000,54381,31299,0.024679314345121384,0.0055153220891952515
commit,commit_raw,CP-AP-r001:q002:d16,CP-AP-r001,64,west-west,J,certified_reference,6.227739,6227739/1000000,True,False,False,670773652333/1000000,83847485009/125000,31302,31299,0.0053512342274188995,0.0055153220891952515
commit,commit_guarded,CP-AP-r001:q002:d16,CP-AP-r001,64,west-west,J,certified_reference,6.227739,6227739/1000000,True,False,False,670773652333/1000000,83847485009/125000,31302,31299,0.0053512342274188995,0.0055153220891952515
commit,commit_raw,CP-AP-r001:q002:d16,CP-AP-r001,64,west-west,W,existing_frozen,0.0,0,False,False,True,335403431059/500000,335403431059/500000,49261,25858,0.024419527500867844,0.004821307957172394
commit,commit_guarded,CP-AP-r001:q002:d16,CP-AP-r001,64,west-west,W,existing_frozen,0.0,0,False,False,True,335403431059/500000,335403431059/500000,49261,25858,0.024419527500867844,0.004821307957172394
commit,commit_raw,CP-AP-r001:q002:d16,CP-AP-r001,64,west-west,W,certified_reference,0.0,0,False,False,True,335403431059/500000,335403431059/500000,25858,25858,0.004560831934213638,0.004821307957172394
commit,commit_guarded,CP-AP-r001:q002:d16,CP-AP-r001,64,west-west,W,certified_reference,0.0,0,False,False,True,335403431059/500000,335403431059/500000,25858,25858,0.004560831934213638,0.004821307957172394
commit,commit_raw,CP-AP-r001:q002:d32,CP-AP-r001,128,west-west,A,existing_frozen,0.0,0,False,False,True,33574138019/50000,33574138019/50000,106640,22829,0.07140324637293816,0.008171048015356064
commit,commit_guarded,CP-AP-r001:q002:d32,CP-AP-r001,128,west-west,A,existing_frozen,0.0,0,False,False,True,33574138019/50000,33574138019/50000,106640,22829,0.07140324637293816,0.008171048015356064
commit,commit_raw,CP-AP-r001:q002:d32,CP-AP-r001,128,west-west,A,certified_reference,0.0,0,False,False,True,33574138019/50000,33574138019/50000,22829,22829,0.006893191486597061,0.008171048015356064
commit,commit_guarded,CP-AP-r001:q002:d32,CP-AP-r001,128,west-west,A,certified_reference,0.0,0,False,False,True,33574138019/50000,33574138019/50000,22829,22829,0.006893191486597061,0.008171048015356064
commit,commit_raw,CP-AP-r001:q002:d32,CP-AP-r001,128,west-west,E,existing_frozen,0.0,0,False,False,True,670877781471/1000000,670877781471/1000000,108966,28923,0.06772499904036522,0.009431637823581696
commit,commit_guarded,CP-AP-r001:q002:d32,CP-AP-r001,128,west-west,E,existing_frozen,0.0,0,False,False,True,670877781471/1000000,670877781471/1000000,108966,28923,0.06772499904036522,0.009431637823581696
commit,commit_raw,CP-AP-r001:q002:d32,CP-AP-r001,128,west-west,E,certified_reference,0.0,0,False,False,True,670877781471/1000000,670877781471/1000000,28923,28923,0.009059857577085495,0.009431637823581696
commit,commit_guarded,CP-AP-r001:q002:d32,CP-AP-r001,128,west-west,E,certified_reference,0.0,0,False,False,True,670877781471/1000000,670877781471/1000000,28923,28923,0.009059857577085495,0.009431637823581696
commit,commit_raw,CP-AP-r001:q002:d32,CP-AP-r001,128,west-west,J,existing_frozen,0.0,0,False,False,True,335349866233/500000,335349866233/500000,110285,34784,0.06401654705405235,0.01095675677061081
commit,commit_guarded,CP-AP-r001:q002:d32,CP-AP-r001,128,west-west,J,existing_frozen,0.0,0,False,False,True,6707264601/10000,6707264601/10000,110285,34784,0.06401654705405235,0.01095675677061081
commit,commit_raw,CP-AP-r001:q002:d32,CP-AP-r001,128,west-west,J,certified_reference,0.0,0,False,False,True,335349866233/500000,335349866233/500000,34784,34784,0.010615997016429901,0.01095675677061081
commit,commit_guarded,CP-AP-r001:q002:d32,CP-AP-r001,128,west-west,J,certified_reference,0.0,0,False,False,True,6707264601/10000,6707264601/10000,34784,34784,0.010615997016429901,0.01095675677061081
commit,commit_raw,CP-AP-r001:q002:d32,CP-AP-r001,128,west-west,W,existing_frozen,0.0,0,False,False,True,671262847283/1000000,671262847283/1000000,107771,28668,0.06709811463952065,0.008667275309562683
commit,commit_guarded,CP-AP-r001:q002:d32,CP-AP-r001,128,west-west,W,existing_frozen,0.0,0,False,False,True,671262847283/1000000,671262847283/1000000,107771,28668,0.06709811463952065,0.008667275309562683
commit,commit_raw,CP-AP-r001:q002:d32,CP-AP-r001,128,west-west,W,certified_reference,0.0,0,False,False,True,671262847283/1000000,671262847283/1000000,28668,28668,0.008637189865112305,0.008667275309562683
commit,commit_guarded,CP-AP-r001:q002:d32,CP-AP-r001,128,west-west,W,certified_reference,0.0,0,False,False,True,671262847283/1000000,671262847283/1000000,28668,28668,0.008637189865112305,0.008667275309562683
commit,commit_raw,CP-AP-r001:q003:d08,CP-AP-r001,16,west-west,A,existing_frozen,0.0,0,False,False,True,335378868479/500000,335378868479/500000,21226,18725,0.004583593457937241,0.001569155603647232
commit,commit_guarded,CP-AP-r001:q003:d08,CP-AP-r001,16,west-west,A,existing_frozen,0.0,0,False,False,True,335378868479/500000,335378868479/500000,21226,18725,0.004583593457937241,0.001569155603647232
commit,commit_raw,CP-AP-r001:q003:d08,CP-AP-r001,16,west-west,A,certified_reference,0.0,0,False,False,True,335378868479/500000,335378868479/500000,18726,18725,0.0014265254139900208,0.001569155603647232
commit,commit_guarded,CP-AP-r001:q003:d08,CP-AP-r001,16,west-west,A,certified_reference,0.0,0,False,False,True,335378868479/500000,335378868479/500000,18726,18725,0.0014265254139900208,0.001569155603647232
commit,commit_raw,CP-AP-r001:q003:d08,CP-AP-r001,16,west-west,E,existing_frozen,0.0,0,False,False,True,335378868479/500000,335378868479/500000,26308,23803,0.004891350865364075,0.0016925670206546783
commit,commit_guarded,CP-AP-r001:q003:d08,CP-AP-r001,16,west-west,E,existing_frozen,0.0,0,False,False,True,335378868479/500000,335378868479/500000,26308,23803,0.004891350865364075,0.0016925670206546783
commit,commit_raw,CP-AP-r001:q003:d08,CP-AP-r001,16,west-west,E,certified_reference,0.0,0,False,False,True,335378868479/500000,335378868479/500000,23804,23803,0.0015954189002513885,0.0016925670206546783
commit,commit_guarded,CP-AP-r001:q003:d08,CP-AP-r001,16,west-west,E,certified_reference,0.0,0,False,False,True,335378868479/500000,335378868479/500000,23804,23803,0.0015954189002513885,0.0016925670206546783
commit,commit_raw,CP-AP-r001:q003:d08,CP-AP-r001,16,west-west,J,existing_frozen,0.0,0,False,False,True,167682109539/250000,167682109539/250000,31666,29007,0.0052569471299648285,0.001968715339899063
commit,commit_guarded,CP-AP-r001:q003:d08,CP-AP-r001,16,west-west,J,existing_frozen,0.0,0,False,False,True,167682109539/250000,167682109539/250000,31666,29007,0.0052569471299648285,0.001968715339899063
commit,commit_raw,CP-AP-r001:q003:d08,CP-AP-r001,16,west-west,J,certified_reference,0.0,0,False,False,True,167682109539/250000,167682109539/250000,29008,29007,0.0018746666610240936,0.001968715339899063
commit,commit_guarded,CP-AP-r001:q003:d08,CP-AP-r001,16,west-west,J,certified_reference,0.0,0,False,False,True,167682109539/250000,167682109539/250000,29008,29007,0.0018746666610240936,0.001968715339899063
commit,commit_raw,CP-AP-r001:q003:d08,CP-AP-r001,16,west-west,W,existing_frozen,0.0,0,False,False,True,167682109539/250000,167682109539/250000,26584,23929,0.004943922162055969,0.0018583834171295166
commit,commit_guarded,CP-AP-r001:q003:d08,CP-AP-r001,16,west-west,W,existing_frozen,0.0,0,False,False,True,167682109539/250000,167682109539/250000,26584,23929,0.004943922162055969,0.0018583834171295166
commit,commit_raw,CP-AP-r001:q003:d08,CP-AP-r001,16,west-west,W,certified_reference,0.0,0,False,False,True,167682109539/250000,167682109539/250000,23930,23929,0.0017670206725597382,0.0018583834171295166
commit,commit_guarded,CP-AP-r001:q003:d08,CP-AP-r001,16,west-west,W,certified_reference,0.0,0,False,False,True,167682109539/250000,167682109539/250000,23930,23929,0.0017670206725597382,0.0018583834171295166
commit,commit_raw,CP-AP-r001:q003:d16,CP-AP-r001,64,west-west,A,existing_frozen,0.0,0,False,False,True,335439103313/500000,335439103313/500000,44555,20520,0.024400785565376282,0.003984890878200531
commit,commit_guarded,CP-AP-r001:q003:d16,CP-AP-r001,64,west-west,A,existing_frozen,0.0,0,False,False,True,335439103313/500000,335439103313/500000,44555,20520,0.024400785565376282,0.003984890878200531
commit,commit_raw,CP-AP-r001:q003:d16,CP-AP-r001,64,west-west,A,certified_reference,0.0,0,False,False,True,335439103313/500000,335439103313/500000,20520,20520,0.0038115791976451874,0.003984890878200531
commit,commit_guarded,CP-AP-r001:q003:d16,CP-AP-r001,64,west-west,A,certified_reference,0.0,0,False,False,True,335439103313/500000,335439103313/500000,20520,20520,0.0038115791976451874,0.003984890878200531
commit,commit_raw,CP-AP-r001:q003:d16,CP-AP-r001,64,west-west,E,existing_frozen,0.0,0,False,False,True,670844996841/1000000,670844996841/1000000,49657,25963,0.025265797972679138,0.0049146562814712524
commit,commit_guarded,CP-AP-r001:q003:d16,CP-AP-r001,64,west-west,E,existing_frozen,0.0,0,False,False,True,670844996841/1000000,670844996841/1000000,49657,25963,0.025265797972679138,0.0049146562814712524
commit,commit_raw,CP-AP-r001:q003:d16,CP-AP-r001,64,west-west,E,certified_reference,6.227739,6227739/1000000,True,False,False,670844996841/1000000,33542561229/50000,25966,25963,0.004692684859037399,0.0049146562814712524
commit,commit_guarded,CP-AP-r001:q003:d16,CP-AP-r001,64,west-west,E,certified_reference,6.227739,6227739/1000000,True,False,False,670844996841/1000000,33542561229/50000,25966,25963,0.004692684859037399,0.0049146562814712524
commit,commit_raw,CP-AP-r001:q003:d16,CP-AP-r001,64,west-west,J,existing_frozen,0.0,0,False,False,True,670773652333/1000000,670773652333/1000000,54381,31299,0.02472664788365364,0.005503758788108826
commit,commit_guarded,CP-AP-r001:q003:d16,CP-AP-r001,64,west-west,J,existing_frozen,0.0,0,False,False,True,670773652333/1000000,670773652333/1000000,54381,31299,0.02472664788365364,0.005503758788108826
commit,commit_raw,CP-AP-r001:q003:d16,CP-AP-r001,64,west-west,J,certified_reference,6.227739,6227739/1000000,True,False,False,670773652333/1000000,83847485009/125000,31302,31299,0.005297176539897919,0.005503758788108826
commit,commit_guarded,CP-AP-r001:q003:d16,CP-AP-r001,64,west-west,J,certified_reference,6.227739,6227739/1000000,True,False,False,670773652333/1000000,83847485009/125000,31302,31299,0.005297176539897919,0.005503758788108826
commit,commit_raw,CP-AP-r001:q003:d16,CP-AP-r001,64,west-west,W,existing_frozen,0.0,0,False,False,True,335403431059/500000,335403431059/500000,49261,25858,0.024817097932100296,0.004777796566486359
commit,commit_guarded,CP-AP-r001:q003:d16,CP-AP-r001,64,west-west,W,existing_frozen,0.0,0,False,False,True,335403431059/500000,335403431059/500000,49261,25858,0.024817097932100296,0.004777796566486359
commit,commit_raw,CP-AP-r001:q003:d16,CP-AP-r001,64,west-west,W,certified_reference,0.0,0,False,False,True,335403431059/500000,335403431059/500000,25858,25858,0.004553321748971939,0.004777796566486359
commit,commit_guarded,CP-AP-r001:q003:d16,CP-AP-r001,64,west-west,W,certified_reference,0.0,0,False,False,True,335403431059/500000,335403431059/500000,25858,25858,0.004553321748971939,0.004777796566486359
commit,commit_raw,CP-AP-r001:q003:d32,CP-AP-r001,128,west-west,A,existing_frozen,0.0,0,False,False,True,33574138019/50000,33574138019/50000,106640,22829,0.07092218846082687,0.007073134183883667
commit,commit_guarded,CP-AP-r001:q003:d32,CP-AP-r001,128,west-west,A,existing_frozen,0.0,0,False,False,True,33574138019/50000,33574138019/50000,106640,22829,0.07092218846082687,0.007073134183883667
commit,commit_raw,CP-AP-r001:q003:d32,CP-AP-r001,128,west-west,A,certified_reference,0.0,0,False,False,True,33574138019/50000,33574138019/50000,22829,22829,0.006902720779180527,0.007073134183883667
commit,commit_guarded,CP-AP-r001:q003:d32,CP-AP-r001,128,west-west,A,certified_reference,0.0,0,False,False,True,33574138019/50000,33574138019/50000,22829,22829,0.006902720779180527,0.007073134183883667
commit,commit_raw,CP-AP-r001:q003:d32,CP-AP-r001,128,west-west,E,existing_frozen,0.0,0,False,False,True,670877781471/1000000,670877781471/1000000,108966,28923,0.06786072254180908,0.009271174669265747
commit,commit_guarded,CP-AP-r001:q003:d32,CP-AP-r001,128,west-west,E,existing_frozen,0.0,0,False,False,True,670877781471/1000000,670877781471/1000000,108966,28923,0.06786072254180908,0.009271174669265747
commit,commit_raw,CP-AP-r001:q003:d32,CP-AP-r001,128,west-west,E,certified_reference,0.0,0,False,False,True,670877781471/1000000,670877781471/1000000,28923,28923,0.009014375507831573,0.009271174669265747
commit,commit_guarded,CP-AP-r001:q003:d32,CP-AP-r001,128,west-west,E,certified_reference,0.0,0,False,False,True,670877781471/1000000,670877781471/1000000,28923,28923,0.009014375507831573,0.009271174669265747
commit,commit_raw,CP-AP-r001:q003:d32,CP-AP-r001,128,west-west,J,existing_frozen,0.0,0,False,False,True,335349866233/500000,335349866233/500000,110285,34784,0.06417737156152725,0.010905496776103973
commit,commit_guarded,CP-AP-r001:q003:d32,CP-AP-r001,128,west-west,J,existing_frozen,0.0,0,False,False,True,6707264601/10000,6707264601/10000,110285,34784,0.06417737156152725,0.010905496776103973
commit,commit_raw,CP-AP-r001:q003:d32,CP-AP-r001,128,west-west,J,certified_reference,0.0,0,False,False,True,335349866233/500000,335349866233/500000,34784,34784,0.01067313551902771,0.010905496776103973
commit,commit_guarded,CP-AP-r001:q003:d32,CP-AP-r001,128,west-west,J,certified_reference,0.0,0,False,False,True,6707264601/10000,6707264601/10000,34784,34784,0.01067313551902771,0.010905496776103973
commit,commit_raw,CP-AP-r001:q003:d32,CP-AP-r001,128,west-west,W,existing_frozen,0.0,0,False,False,True,671262847283/1000000,671262847283/1000000,107771,28668,0.06715145334601402,0.008692733943462372
commit,commit_guarded,CP-AP-r001:q003:d32,CP-AP-r001,128,west-west,W,existing_frozen,0.0,0,False,False,True,671262847283/1000000,671262847283/1000000,107771,28668,0.06715145334601402,0.008692733943462372
commit,commit_raw,CP-AP-r001:q003:d32,CP-AP-r001,128,west-west,W,certified_reference,0.0,0,False,False,True,671262847283/1000000,671262847283/1000000,28668,28668,0.008608464151620865,0.008692733943462372
commit,commit_guarded,CP-AP-r001:q003:d32,CP-AP-r001,128,west-west,W,certified_reference,0.0,0,False,False,True,671262847283/1000000,671262847283/1000000,28668,28668,0.008608464151620865,0.008692733943462372
commit,commit_raw,CP-AP-r001:q004:d08,CP-AP-r001,16,west-east,A,existing_frozen,45.302443,45302443/1000000,True,False,False,167682109539/250000,670773740599/1000000,21259,18695,0.00462336465716362,0.0015081129968166351
commit,commit_guarded,CP-AP-r001:q004:d08,CP-AP-r001,16,west-east,A,existing_frozen,45.302443,45302443/1000000,True,False,False,167682109539/250000,670773740599/1000000,21259,18695,0.00462336465716362,0.0015081129968166351
commit,commit_raw,CP-AP-r001:q004:d08,CP-AP-r001,16,west-east,A,certified_reference,45.302443,45302443/1000000,True,False,False,167682109539/250000,670773740599/1000000,18665,18695,0.0013636387884616852,0.0015081129968166351
commit,commit_guarded,CP-AP-r001:q004:d08,CP-AP-r001,16,west-east,A,certified_reference,45.302443,45302443/1000000,True,False,False,167682109539/250000,670773740599/1000000,18665,18695,0.0013636387884616852,0.0015081129968166351
commit,commit_raw,CP-AP-r001:q004:d08,CP-AP-r001,16,west-east,E,existing_frozen,45.302443,45302443/1000000,True,False,False,167682109539/250000,670773740599/1000000,26515,23837,0.004816778004169464,0.0016793794929981232
commit,commit_guarded,CP-AP-r001:q004:d08,CP-AP-r001,16,west-east,E,existing_frozen,45.302443,45302443/1000000,True,False,False,167682109539/250000,670773740599/1000000,26515,23837,0.004816778004169464,0.0016793794929981232
commit,commit_raw,CP-AP-r001:q004:d08,CP-AP-r001,16,west-east,E,certified_reference,45.302443,45302443/1000000,True,False,False,167682109539/250000,670773740599/1000000,23803,23837,0.0015252083539962769,0.0016793794929981232
commit,commit_guarded,CP-AP-r001:q004:d08,CP-AP-r001,16,west-east,E,certified_reference,45.302443,45302443/1000000,True,False,False,167682109539/250000,670773740599/1000000,23803,23837,0.0015252083539962769,0.0016793794929981232
commit,commit_raw,CP-AP-r001:q004:d08,CP-AP-r001,16,west-east,J,existing_frozen,45.302443,45302443/1000000,True,False,False,167682109539/250000,670773740599/1000000,31729,28952,0.004960197955369949,0.0018445998430252075
commit,commit_guarded,CP-AP-r001:q004:d08,CP-AP-r001,16,west-east,J,existing_frozen,45.302443,45302443/1000000,True,False,False,167682109539/250000,670773740599/1000000,31729,28952,0.004960197955369949,0.0018445998430252075
commit,commit_raw,CP-AP-r001:q004:d08,CP-AP-r001,16,west-east,J,certified_reference,45.302443,45302443/1000000,True,False,False,167682109539/250000,670773740599/1000000,28914,28952,0.0016751885414123535,0.0018445998430252075
commit,commit_guarded,CP-AP-r001:q004:d08,CP-AP-r001,16,west-east,J,certified_reference,45.302443,45302443/1000000,True,False,False,167682109539/250000,670773740599/1000000,28914,28952,0.0016751885414123535,0.0018445998430252075
commit,commit_raw,CP-AP-r001:q004:d08,CP-AP-r001,16,west-east,W,existing_frozen,45.302443,45302443/1000000,True,False,False,167682109539/250000,670773740599/1000000,26473,23810,0.00580621138215065,0.0017142072319984436
commit,commit_guarded,CP-AP-r001:q004:d08,CP-AP-r001,16,west-east,W,existing_frozen,45.302443,45302443/1000000,True,False,False,167682109539/250000,670773740599/1000000,26473,23810,0.00580621138215065,0.0017142072319984436
commit,commit_raw,CP-AP-r001:q004:d08,CP-AP-r001,16,west-east,W,certified_reference,45.302443,45302443/1000000,True,False,False,167682109539/250000,670773740599/1000000,23776,23810,0.0015791207551956177,0.0017142072319984436
commit,commit_guarded,CP-AP-r001:q004:d08,CP-AP-r001,16,west-east,W,certified_reference,45.302443,45302443/1000000,True,False,False,167682109539/250000,670773740599/1000000,23776,23810,0.0015791207551956177,0.0017142072319984436
commit,commit_raw,CP-AP-r001:q004:d16,CP-AP-r001,64,west-east,A,existing_frozen,0.0,0,False,False,True,83854614987/125000,83854614987/125000,43050,20400,0.022767357528209686,0.003479279577732086
commit,commit_guarded,CP-AP-r001:q004:d16,CP-AP-r001,64,west-east,A,existing_frozen,0.0,0,False,False,True,83854614987/125000,83854614987/125000,43050,20400,0.022767357528209686,0.003479279577732086
commit,commit_raw,CP-AP-r001:q004:d16,CP-AP-r001,64,west-east,A,certified_reference,0.0,0,False,False,True,83854614987/125000,83854614987/125000,20400,20400,0.0032979995012283325,0.003479279577732086
commit,commit_guarded,CP-AP-r001:q004:d16,CP-AP-r001,64,west-east,A,certified_reference,0.0,0,False,False,True,83854614987/125000,83854614987/125000,20400,20400,0.0032979995012283325,0.003479279577732086
commit,commit_raw,CP-AP-r001:q004:d16,CP-AP-r001,64,west-east,E,existing_frozen,0.0,0,False,False,True,167707033687/250000,167707033687/250000,48442,25923,0.023310668766498566,0.004460278898477554
commit,commit_guarded,CP-AP-r001:q004:d16,CP-AP-r001,64,west-east,E,existing_frozen,0.0,0,False,False,True,167707033687/250000,167707033687/250000,48442,25923,0.023310668766498566,0.004460278898477554
commit,commit_raw,CP-AP-r001:q004:d16,CP-AP-r001,64,west-east,E,certified_reference,0.0,0,False,False,True,167707033687/250000,167707033687/250000,25923,25923,0.004319075495004654,0.004460278898477554
commit,commit_guarded,CP-AP-r001:q004:d16,CP-AP-r001,64,west-east,E,certified_reference,0.0,0,False,False,True,167707033687/250000,167707033687/250000,25923,25923,0.004319075495004654,0.004460278898477554
commit,commit_raw,CP-AP-r001:q004:d16,CP-AP-r001,64,west-east,J,existing_frozen,34.05941,3405941/100000,True,False,False,670742421703/1000000,670776481113/1000000,53423,31303,0.023325558751821518,0.00514587014913559
commit,commit_guarded,CP-AP-r001:q004:d16,CP-AP-r001,64,west-east,J,existing_frozen,34.05941,3405941/100000,True,False,False,670742421703/1000000,670776481113/1000000,53423,31303,0.023325558751821518,0.00514587014913559
commit,commit_raw,CP-AP-r001:q004:d16,CP-AP-r001,64,west-east,J,certified_reference,34.05941,3405941/100000,True,False,False,670742421703/1000000,670776481113/1000000,31198,31303,0.00472693145275116,0.00514587014913559
commit,commit_guarded,CP-AP-r001:q004:d16,CP-AP-r001,64,west-east,J,certified_reference,34.05941,3405941/100000,True,False,False,670742421703/1000000,670776481113/1000000,31198,31303,0.00472693145275116,0.00514587014913559
commit,commit_raw,CP-AP-r001:q004:d16,CP-AP-r001,64,west-east,W,existing_frozen,64.89173,6489173/100000,True,False,False,670720374531/1000000,670785266261/1000000,47989,25806,0.022668585181236267,0.0042007118463516235
commit,commit_guarded,CP-AP-r001:q004:d16,CP-AP-r001,64,west-east,W,existing_frozen,58.806161,58806161/1000000,True,False,False,6707264601/10000,670785266261/1000000,47989,25806,0.022668585181236267,0.0042007118463516235
commit,commit_raw,CP-AP-r001:q004:d16,CP-AP-r001,64,west-east,W,certified_reference,0.0,0,False,False,True,670720374531/1000000,670720374531/1000000,25806,25806,0.004139825701713562,0.0042007118463516235
commit,commit_guarded,CP-AP-r001:q004:d16,CP-AP-r001,64,west-east,W,certified_reference,0.0,0,False,False,True,6707264601/10000,6707264601/10000,25806,25806,0.004139825701713562,0.0042007118463516235
commit,commit_raw,CP-AP-r001:q004:d32,CP-AP-r001,128,west-east,A,existing_frozen,0.0,0,False,False,True,167822280317/250000,167822280317/250000,103935,22754,0.06839429214596748,0.007016841322183609
commit,commit_guarded,CP-AP-r001:q004:d32,CP-AP-r001,128,west-east,A,existing_frozen,0.0,0,False,False,True,167822280317/250000,167822280317/250000,103935,22754,0.06839429214596748,0.007016841322183609
commit,commit_raw,CP-AP-r001:q004:d32,CP-AP-r001,128,west-east,A,certified_reference,0.0,0,False,False,True,167822280317/250000,167822280317/250000,22754,22754,0.00676625594496727,0.007016841322183609
commit,commit_guarded,CP-AP-r001:q004:d32,CP-AP-r001,128,west-east,A,certified_reference,0.0,0,False,False,True,167822280317/250000,167822280317/250000,22754,22754,0.00676625594496727,0.007016841322183609
commit,commit_raw,CP-AP-r001:q004:d32,CP-AP-r001,128,west-east,E,existing_frozen,0.0,0,False,False,True,670835489319/1000000,670835489319/1000000,105754,28670,0.06538217514753342,0.008775249123573303
commit,commit_guarded,CP-AP-r001:q004:d32,CP-AP-r001,128,west-east,E,existing_frozen,0.0,0,False,False,True,670835489319/1000000,670835489319/1000000,105754,28670,0.06538217514753342,0.008775249123573303
commit,commit_raw,CP-AP-r001:q004:d32,CP-AP-r001,128,west-east,E,certified_reference,0.0,0,False,False,True,670835489319/1000000,670835489319/1000000,28670,28670,0.008425761014223099,0.008775249123573303
commit,commit_guarded,CP-AP-r001:q004:d32,CP-AP-r001,128,west-east,E,certified_reference,0.0,0,False,False,True,670835489319/1000000,670835489319/1000000,28670,28670,0.008425761014223099,0.008775249123573303
commit,commit_raw,CP-AP-r001:q004:d32,CP-AP-r001,128,west-east,J,existing_frozen,33.612494,16806247/500000,True,False,False,670662274097/1000000,670695886591/1000000,107640,34776,0.06256010383367538,0.010747775435447693
commit,commit_guarded,CP-AP-r001:q004:d32,CP-AP-r001,128,west-east,J,existing_frozen,0.0,0,False,False,True,6707264601/10000,6707264601/10000,107640,34776,0.06256010383367538,0.010747775435447693
commit,commit_raw,CP-AP-r001:q004:d32,CP-AP-r001,128,west-east,J,certified_reference,0.0,0,False,False,True,670662274097/1000000,670662274097/1000000,34776,34776,0.010467208921909332,0.010747775435447693
commit,commit_guarded,CP-AP-r001:q004:d32,CP-AP-r001,128,west-east,J,certified_reference,0.0,0,False,False,True,6707264601/10000,6707264601/10000,34776,34776,0.010467208921909332,0.010747775435447693
commit,commit_raw,CP-AP-r001:q004:d32,CP-AP-r001,128,west-east,W,existing_frozen,64.441653,64441653/1000000,True,False,False,671070052891/1000000,41945905909/62500,105469,28846,0.06517134979367256,0.009229272603988647
commit,commit_guarded,CP-AP-r001:q004:d32,CP-AP-r001,128,west-east,W,existing_frozen,64.441653,64441653/1000000,True,False,False,671070052891/1000000,41945905909/62500,105469,28846,0.06517134979367256,0.009229272603988647
commit,commit_raw,CP-AP-r001:q004:d32,CP-AP-r001,128,west-east,W,certified_reference,0.0,0,False,False,True,671070052891/1000000,671070052891/1000000,28846,28846,0.008998803794384003,0.009229272603988647
commit,commit_guarded,CP-AP-r001:q004:d32,CP-AP-r001,128,west-east,W,certified_reference,0.0,0,False,False,True,671070052891/1000000,671070052891/1000000,28846,28846,0.008998803794384003,0.009229272603988647
commit,commit_raw,CP-AP-r001:q005:d08,CP-AP-r001,16,west-east,A,existing_frozen,45.302443,45302443/1000000,True,False,False,167682109539/250000,670773740599/1000000,21259,18695,0.004608556628227234,0.0015242807567119598
commit,commit_guarded,CP-AP-r001:q005:d08,CP-AP-r001,16,west-east,A,existing_frozen,45.302443,45302443/1000000,True,False,False,167682109539/250000,670773740599/1000000,21259,18695,0.004608556628227234,0.0015242807567119598
commit,commit_raw,CP-AP-r001:q005:d08,CP-AP-r001,16,west-east,A,certified_reference,45.302443,45302443/1000000,True,False,False,167682109539/250000,670773740599/1000000,18665,18695,0.001355297863483429,0.0015242807567119598
commit,commit_guarded,CP-AP-r001:q005:d08,CP-AP-r001,16,west-east,A,certified_reference,45.302443,45302443/1000000,True,False,False,167682109539/250000,670773740599/1000000,18665,18695,0.001355297863483429,0.0015242807567119598
commit,commit_raw,CP-AP-r001:q005:d08,CP-AP-r001,16,west-east,E,existing_frozen,45.302443,45302443/1000000,True,False,False,167682109539/250000,670773740599/1000000,26515,23837,0.004793260246515274,0.0016850866377353668
commit,commit_guarded,CP-AP-r001:q005:d08,CP-AP-r001,16,west-east,E,existing_frozen,45.302443,45302443/1000000,True,False,False,167682109539/250000,670773740599/1000000,26515,23837,0.004793260246515274,0.0016850866377353668
commit,commit_raw,CP-AP-r001:q005:d08,CP-AP-r001,16,west-east,E,certified_reference,45.302443,45302443/1000000,True,False,False,167682109539/250000,670773740599/1000000,23803,23837,0.001538388431072235,0.0016850866377353668
commit,commit_guarded,CP-AP-r001:q005:d08,CP-AP-r001,16,west-east,E,certified_reference,45.302443,45302443/1000000,True,False,False,167682109539/250000,670773740599/1000000,23803,23837,0.001538388431072235,0.0016850866377353668
commit,commit_raw,CP-AP-r001:q005:d08,CP-AP-r001,16,west-east,J,existing_frozen,45.302443,45302443/1000000,True,False,False,167682109539/250000,670773740599/1000000,31729,28952,0.005124300718307495,0.001826312392950058
commit,commit_guarded,CP-AP-r001:q005:d08,CP-AP-r001,16,west-east,J,existing_frozen,45.302443,45302443/1000000,True,False,False,167682109539/250000,670773740599/1000000,31729,28952,0.005124300718307495,0.001826312392950058
commit,commit_raw,CP-AP-r001:q005:d08,CP-AP-r001,16,west-east,J,certified_reference,45.302443,45302443/1000000,True,False,False,167682109539/250000,670773740599/1000000,28914,28952,0.0016814395785331726,0.001826312392950058
commit,commit_guarded,CP-AP-r001:q005:d08,CP-AP-r001,16,west-east,J,certified_reference,45.302443,45302443/1000000,True,False,False,167682109539/250000,670773740599/1000000,28914,28952,0.0016814395785331726,0.001826312392950058
commit,commit_raw,CP-AP-r001:q005:d08,CP-AP-r001,16,west-east,W,existing_frozen,45.302443,45302443/1000000,True,False,False,167682109539/250000,670773740599/1000000,26473,23810,0.004840545356273651,0.0017120018601417542
commit,commit_guarded,CP-AP-r001:q005:d08,CP-AP-r001,16,west-east,W,existing_frozen,45.302443,45302443/1000000,True,False,False,167682109539/250000,670773740599/1000000,26473,23810,0.004840545356273651,0.0017120018601417542
commit,commit_raw,CP-AP-r001:q005:d08,CP-AP-r001,16,west-east,W,certified_reference,45.302443,45302443/1000000,True,False,False,167682109539/250000,670773740599/1000000,23776,23810,0.0015376582741737366,0.0017120018601417542
commit,commit_guarded,CP-AP-r001:q005:d08,CP-AP-r001,16,west-east,W,certified_reference,45.302443,45302443/1000000,True,False,False,167682109539/250000,670773740599/1000000,23776,23810,0.0015376582741737366,0.0017120018601417542
commit,commit_raw,CP-AP-r001:q005:d16,CP-AP-r001,64,west-east,A,existing_frozen,0.0,0,False,False,True,83854614987/125000,83854614987/125000,43050,20400,0.0227249413728714,0.0034371279180049896
commit,commit_guarded,CP-AP-r001:q005:d16,CP-AP-r001,64,west-east,A,existing_frozen,0.0,0,False,False,True,83854614987/125000,83854614987/125000,43050,20400,0.0227249413728714,0.0034371279180049896
commit,commit_raw,CP-AP-r001:q005:d16,CP-AP-r001,64,west-east,A,certified_reference,0.0,0,False,False,True,83854614987/125000,83854614987/125000,20400,20400,0.0033057741820812225,0.0034371279180049896
commit,commit_guarded,CP-AP-r001:q005:d16,CP-AP-r001,64,west-east,A,certified_reference,0.0,0,False,False,True,83854614987/125000,83854614987/125000,20400,20400,0.0033057741820812225,0.0034371279180049896
commit,commit_raw,CP-AP-r001:q005:d16,CP-AP-r001,64,west-east,E,existing_frozen,0.0,0,False,False,True,167707033687/250000,167707033687/250000,48442,25923,0.02471804991364479,0.004416804760694504
commit,commit_guarded,CP-AP-r001:q005:d16,CP-AP-r001,64,west-east,E,existing_frozen,0.0,0,False,False,True,167707033687/250000,167707033687/250000,48442,25923,0.02471804991364479,0.004416804760694504
commit,commit_raw,CP-AP-r001:q005:d16,CP-AP-r001,64,west-east,E,certified_reference,0.0,0,False,False,True,167707033687/250000,167707033687/250000,25923,25923,0.004308842122554779,0.004416804760694504
commit,commit_guarded,CP-AP-r001:q005:d16,CP-AP-r001,64,west-east,E,certified_reference,0.0,0,False,False,True,167707033687/250000,167707033687/250000,25923,25923,0.004308842122554779,0.004416804760694504
commit,commit_raw,CP-AP-r001:q005:d16,CP-AP-r001,64,west-east,J,existing_frozen,34.05941,3405941/100000,True,False,False,670742421703/1000000,670776481113/1000000,53423,31303,0.023452728986740112,0.005141016095876694
commit,commit_guarded,CP-AP-r001:q005:d16,CP-AP-r001,64,west-east,J,existing_frozen,34.05941,3405941/100000,True,False,False,670742421703/1000000,670776481113/1000000,53423,31303,0.023452728986740112,0.005141016095876694
commit,commit_raw,CP-AP-r001:q005:d16,CP-AP-r001,64,west-east,J,certified_reference,34.05941,3405941/100000,True,False,False,670742421703/1000000,670776481113/1000000,31198,31303,0.004692040383815765,0.005141016095876694
commit,commit_guarded,CP-AP-r001:q005:d16,CP-AP-r001,64,west-east,J,certified_reference,34.05941,3405941/100000,True,False,False,670742421703/1000000,670776481113/1000000,31198,31303,0.004692040383815765,0.005141016095876694
commit,commit_raw,CP-AP-r001:q005:d16,CP-AP-r001,64,west-east,W,existing_frozen,64.89173,6489173/100000,True,False,False,670720374531/1000000,670785266261/1000000,47989,25806,0.022615142166614532,0.004175901412963867
commit,commit_guarded,CP-AP-r001:q005:d16,CP-AP-r001,64,west-east,W,existing_frozen,58.806161,58806161/1000000,True,False,False,6707264601/10000,670785266261/1000000,47989,25806,0.022615142166614532,0.004175901412963867
commit,commit_raw,CP-AP-r001:q005:d16,CP-AP-r001,64,west-east,W,certified_reference,0.0,0,False,False,True,670720374531/1000000,670720374531/1000000,25806,25806,0.004042956978082657,0.004175901412963867
commit,commit_guarded,CP-AP-r001:q005:d16,CP-AP-r001,64,west-east,W,certified_reference,0.0,0,False,False,True,6707264601/10000,6707264601/10000,25806,25806,0.004042956978082657,0.004175901412963867
commit,commit_raw,CP-AP-r001:q005:d32,CP-AP-r001,128,west-east,A,existing_frozen,0.0,0,False,False,True,167822280317/250000,167822280317/250000,103935,22754,0.06779807433485985,0.006855688989162445
commit,commit_guarded,CP-AP-r001:q005:d32,CP-AP-r001,128,west-east,A,existing_frozen,0.0,0,False,False,True,167822280317/250000,167822280317/250000,103935,22754,0.06779807433485985,0.006855688989162445
commit,commit_raw,CP-AP-r001:q005:d32,CP-AP-r001,128,west-east,A,certified_reference,0.0,0,False,False,True,167822280317/250000,167822280317/250000,22754,22754,0.00665351003408432,0.006855688989162445
commit,commit_guarded,CP-AP-r001:q005:d32,CP-AP-r001,128,west-east,A,certified_reference,0.0,0,False,False,True,167822280317/250000,167822280317/250000,22754,22754,0.00665351003408432,0.006855688989162445
commit,commit_raw,CP-AP-r001:q005:d32,CP-AP-r001,128,west-east,E,existing_frozen,0.0,0,False,False,True,670835489319/1000000,670835489319/1000000,105754,28670,0.06522176787257195,0.008757192641496658
commit,commit_guarded,CP-AP-r001:q005:d32,CP-AP-r001,128,west-east,E,existing_frozen,0.0,0,False,False,True,670835489319/1000000,670835489319/1000000,105754,28670,0.06522176787257195,0.008757192641496658
commit,commit_raw,CP-AP-r001:q005:d32,CP-AP-r001,128,west-east,E,certified_reference,0.0,0,False,False,True,670835489319/1000000,670835489319/1000000,28670,28670,0.008601512759923935,0.008757192641496658
commit,commit_guarded,CP-AP-r001:q005:d32,CP-AP-r001,128,west-east,E,certified_reference,0.0,0,False,False,True,670835489319/1000000,670835489319/1000000,28670,28670,0.008601512759923935,0.008757192641496658
commit,commit_raw,CP-AP-r001:q005:d32,CP-AP-r001,128,west-east,J,existing_frozen,33.612494,16806247/500000,True,False,False,670662274097/1000000,670695886591/1000000,107640,34776,0.06262730062007904,0.010721154510974884
commit,commit_guarded,CP-AP-r001:q005:d32,CP-AP-r001,128,west-east,J,existing_frozen,0.0,0,False,False,True,6707264601/10000,6707264601/10000,107640,34776,0.06262730062007904,0.010721154510974884
commit,commit_raw,CP-AP-r001:q005:d32,CP-AP-r001,128,west-east,J,certified_reference,0.0,0,False,False,True,670662274097/1000000,670662274097/1000000,34776,34776,0.010511968284845352,0.010721154510974884
commit,commit_guarded,CP-AP-r001:q005:d32,CP-AP-r001,128,west-east,J,certified_reference,0.0,0,False,False,True,6707264601/10000,6707264601/10000,34776,34776,0.010511968284845352,0.010721154510974884
commit,commit_raw,CP-AP-r001:q005:d32,CP-AP-r001,128,west-east,W,existing_frozen,64.441653,64441653/1000000,True,False,False,671070052891/1000000,41945905909/62500,105469,28846,0.06529834866523743,0.008972398936748505
commit,commit_guarded,CP-AP-r001:q005:d32,CP-AP-r001,128,west-east,W,existing_frozen,64.441653,64441653/1000000,True,False,False,671070052891/1000000,41945905909/62500,105469,28846,0.06529834866523743,0.008972398936748505
commit,commit_raw,CP-AP-r001:q005:d32,CP-AP-r001,128,west-east,W,certified_reference,0.0,0,False,False,True,671070052891/1000000,671070052891/1000000,28846,28846,0.008907526731491089,0.008972398936748505
commit,commit_guarded,CP-AP-r001:q005:d32,CP-AP-r001,128,west-east,W,certified_reference,0.0,0,False,False,True,671070052891/1000000,671070052891/1000000,28846,28846,0.008907526731491089,0.008972398936748505
commit,commit_raw,CP-AP-r001:q006:d08,CP-AP-r001,16,east-east,A,existing_frozen,0.0,0,False,False,True,670791806431/1000000,670791806431/1000000,21367,18734,0.004819419234991074,0.00157981738448143
commit,commit_guarded,CP-AP-r001:q006:d08,CP-AP-r001,16,east-east,A,existing_frozen,0.0,0,False,False,True,670791806431/1000000,670791806431/1000000,21367,18734,0.004819419234991074,0.00157981738448143
commit,commit_raw,CP-AP-r001:q006:d08,CP-AP-r001,16,east-east,A,certified_reference,0.0,0,False,False,True,670791806431/1000000,670791806431/1000000,18735,18734,0.001461811363697052,0.00157981738448143
commit,commit_guarded,CP-AP-r001:q006:d08,CP-AP-r001,16,east-east,A,certified_reference,0.0,0,False,False,True,670791806431/1000000,670791806431/1000000,18735,18734,0.001461811363697052,0.00157981738448143
commit,commit_raw,CP-AP-r001:q006:d08,CP-AP-r001,16,east-east,E,existing_frozen,0.0,0,False,False,True,6707264601/10000,6707264601/10000,26544,23904,0.004970919340848923,0.0017898976802825928
commit,commit_guarded,CP-AP-r001:q006:d08,CP-AP-r001,16,east-east,E,existing_frozen,0.0,0,False,False,True,6707264601/10000,6707264601/10000,26544,23904,0.004970919340848923,0.0017898976802825928
commit,commit_raw,CP-AP-r001:q006:d08,CP-AP-r001,16,east-east,E,certified_reference,0.0,0,False,False,True,6707264601/10000,6707264601/10000,23905,23904,0.0016716159880161285,0.0017898976802825928
commit,commit_guarded,CP-AP-r001:q006:d08,CP-AP-r001,16,east-east,E,certified_reference,0.0,0,False,False,True,6707264601/10000,6707264601/10000,23905,23904,0.0016716159880161285,0.0017898976802825928
commit,commit_raw,CP-AP-r001:q006:d08,CP-AP-r001,16,east-east,J,existing_frozen,0.0,0,False,False,True,6707264601/10000,6707264601/10000,31639,28964,0.005328908562660217,0.0019261501729488373
commit,commit_guarded,CP-AP-r001:q006:d08,CP-AP-r001,16,east-east,J,existing_frozen,0.0,0,False,False,True,6707264601/10000,6707264601/10000,31639,28964,0.005328908562660217,0.0019261501729488373
commit,commit_raw,CP-AP-r001:q006:d08,CP-AP-r001,16,east-east,J,certified_reference,0.0,0,False,False,True,6707264601/10000,6707264601/10000,28965,28964,0.001802593469619751,0.0019261501729488373
commit,commit_guarded,CP-AP-r001:q006:d08,CP-AP-r001,16,east-east,J,certified_reference,0.0,0,False,False,True,6707264601/10000,6707264601/10000,28965,28964,0.001802593469619751,0.0019261501729488373
commit,commit_raw,CP-AP-r001:q006:d08,CP-AP-r001,16,east-east,W,existing_frozen,0.0,0,False,False,True,670791806431/1000000,670791806431/1000000,26462,23794,0.004981189966201782,0.0017663352191448212
commit,commit_guarded,CP-AP-r001:q006:d08,CP-AP-r001,16,east-east,W,existing_frozen,0.0,0,False,False,True,670791806431/1000000,670791806431/1000000,26462,23794,0.004981189966201782,0.0017663352191448212
commit,commit_raw,CP-AP-r001:q006:d08,CP-AP-r001,16,east-east,W,certified_reference,0.0,0,False,False,True,670791806431/1000000,670791806431/1000000,23795,23794,0.0016323626041412354,0.0017663352191448212
commit,commit_guarded,CP-AP-r001:q006:d08,CP-AP-r001,16,east-east,W,certified_reference,0.0,0,False,False,True,670791806431/1000000,670791806431/1000000,23795,23794,0.0016323626041412354,0.0017663352191448212
commit,commit_raw,CP-AP-r001:q006:d16,CP-AP-r001,64,east-east,A,existing_frozen,0.0,0,False,False,True,134169145717/200000,134169145717/200000,44269,20458,0.024342257529497147,0.00397554412484169
commit,commit_guarded,CP-AP-r001:q006:d16,CP-AP-r001,64,east-east,A,existing_frozen,0.0,0,False,False,True,134169145717/200000,134169145717/200000,44269,20458,0.024342257529497147,0.00397554412484169
commit,commit_raw,CP-AP-r001:q006:d16,CP-AP-r001,64,east-east,A,certified_reference,0.0,0,False,False,True,134169145717/200000,134169145717/200000,20458,20458,0.003877513110637665,0.00397554412484169
commit,commit_guarded,CP-AP-r001:q006:d16,CP-AP-r001,64,east-east,A,certified_reference,0.0,0,False,False,True,134169145717/200000,134169145717/200000,20458,20458,0.003877513110637665,0.00397554412484169
commit,commit_raw,CP-AP-r001:q006:d16,CP-AP-r001,64,east-east,E,existing_frozen,0.0,0,False,False,True,670735261829/1000000,670735261829/1000000,48953,26117,0.024395238608121872,0.0052943602204322815
commit,commit_guarded,CP-AP-r001:q006:d16,CP-AP-r001,64,east-east,E,existing_frozen,0.0,0,False,False,True,670735261829/1000000,670735261829/1000000,48953,26117,0.024395238608121872,0.0052943602204322815
commit,commit_raw,CP-AP-r001:q006:d16,CP-AP-r001,64,east-east,E,certified_reference,0.0,0,False,False,True,670735261829/1000000,670735261829/1000000,26117,26117,0.005064941942691803,0.0052943602204322815
commit,commit_guarded,CP-AP-r001:q006:d16,CP-AP-r001,64,east-east,E,certified_reference,0.0,0,False,False,True,670735261829/1000000,670735261829/1000000,26117,26117,0.005064941942691803,0.0052943602204322815
commit,commit_raw,CP-AP-r001:q006:d16,CP-AP-r001,64,east-east,J,existing_frozen,0.0,0,False,False,True,167666806623/250000,167666806623/250000,54042,31346,0.024246271699666977,0.005612730979919434
commit,commit_guarded,CP-AP-r001:q006:d16,CP-AP-r001,64,east-east,J,existing_frozen,0.0,0,False,False,True,6707264601/10000,6707264601/10000,54042,31346,0.024246271699666977,0.005612730979919434
commit,commit_raw,CP-AP-r001:q006:d16,CP-AP-r001,64,east-east,J,certified_reference,0.0,0,False,False,True,167666806623/250000,167666806623/250000,31347,31346,0.005349908024072647,0.005612730979919434
commit,commit_guarded,CP-AP-r001:q006:d16,CP-AP-r001,64,east-east,J,certified_reference,0.0,0,False,False,True,6707264601/10000,6707264601/10000,31347,31346,0.005349908024072647,0.005612730979919434
commit,commit_raw,CP-AP-r001:q006:d16,CP-AP-r001,64,east-east,W,existing_frozen,0.0,0,False,False,True,670780872179/1000000,670780872179/1000000,49327,25673,0.024809204041957855,0.004404231905937195
commit,commit_guarded,CP-AP-r001:q006:d16,CP-AP-r001,64,east-east,W,existing_frozen,0.0,0,False,False,True,670780872179/1000000,670780872179/1000000,49327,25673,0.024809204041957855,0.004404231905937195
commit,commit_raw,CP-AP-r001:q006:d16,CP-AP-r001,64,east-east,W,certified_reference,0.0,0,False,False,True,670780872179/1000000,670780872179/1000000,25673,25673,0.0043001919984817505,0.004404231905937195
commit,commit_guarded,CP-AP-r001:q006:d16,CP-AP-r001,64,east-east,W,certified_reference,0.0,0,False,False,True,670780872179/1000000,670780872179/1000000,25673,25673,0.0043001919984817505,0.004404231905937195
commit,commit_raw,CP-AP-r001:q006:d32,CP-AP-r001,128,east-east,A,existing_frozen,0.0,0,False,False,True,134330077009/200000,134330077009/200000,107691,22922,0.07232534140348434,0.007945280522108078
commit,commit_guarded,CP-AP-r001:q006:d32,CP-AP-r001,128,east-east,A,existing_frozen,0.0,0,False,False,True,134330077009/200000,134330077009/200000,107691,22922,0.07232534140348434,0.007945280522108078
commit,commit_raw,CP-AP-r001:q006:d32,CP-AP-r001,128,east-east,A,certified_reference,0.0,0,False,False,True,134330077009/200000,134330077009/200000,22922,22922,0.0076430365443229675,0.007945280522108078
commit,commit_guarded,CP-AP-r001:q006:d32,CP-AP-r001,128,east-east,A,certified_reference,0.0,0,False,False,True,134330077009/200000,134330077009/200000,22922,22922,0.0076430365443229675,0.007945280522108078
commit,commit_raw,CP-AP-r001:q006:d32,CP-AP-r001,128,east-east,E,existing_frozen,0.0,0,False,False,True,671411803641/1000000,671411803641/1000000,107898,28944,0.06890179589390755,0.010116156190633774
commit,commit_guarded,CP-AP-r001:q006:d32,CP-AP-r001,128,east-east,E,existing_frozen,0.0,0,False,False,True,671411803641/1000000,671411803641/1000000,107898,28944,0.06890179589390755,0.010116156190633774
commit,commit_raw,CP-AP-r001:q006:d32,CP-AP-r001,128,east-east,E,certified_reference,0.0,0,False,False,True,671411803641/1000000,671411803641/1000000,28944,28944,0.010351322591304779,0.010116156190633774
commit,commit_guarded,CP-AP-r001:q006:d32,CP-AP-r001,128,east-east,E,certified_reference,0.0,0,False,False,True,671411803641/1000000,671411803641/1000000,28944,28944,0.010351322591304779,0.010116156190633774
commit,commit_raw,CP-AP-r001:q006:d32,CP-AP-r001,128,east-east,J,existing_frozen,0.0,0,False,False,True,670378343861/1000000,670378343861/1000000,112291,34921,0.07240811362862587,0.013747751712799072
commit,commit_guarded,CP-AP-r001:q006:d32,CP-AP-r001,128,east-east,J,existing_frozen,0.0,0,False,False,True,6707264601/10000,6707264601/10000,112291,34921,0.07240811362862587,0.013747751712799072
commit,commit_raw,CP-AP-r001:q006:d32,CP-AP-r001,128,east-east,J,certified_reference,0.0,0,False,False,True,670378343861/1000000,670378343861/1000000,34921,34921,0.01321035623550415,0.013747751712799072
commit,commit_guarded,CP-AP-r001:q006:d32,CP-AP-r001,128,east-east,J,certified_reference,0.0,0,False,False,True,6707264601/10000,6707264601/10000,34921,34921,0.01321035623550415,0.013747751712799072
commit,commit_raw,CP-AP-r001:q006:d32,CP-AP-r001,128,east-east,W,existing_frozen,0.0,0,False,False,True,167699867967/250000,167699867967/250000,111328,28899,0.07271783798933029,0.010653156787157059
commit,commit_guarded,CP-AP-r001:q006:d32,CP-AP-r001,128,east-east,W,existing_frozen,0.0,0,False,False,True,167699867967/250000,167699867967/250000,111328,28899,0.07271783798933029,0.010653156787157059
commit,commit_raw,CP-AP-r001:q006:d32,CP-AP-r001,128,east-east,W,certified_reference,0.0,0,False,False,True,167699867967/250000,167699867967/250000,28899,28899,0.009671110659837723,0.010653156787157059
commit,commit_guarded,CP-AP-r001:q006:d32,CP-AP-r001,128,east-east,W,certified_reference,0.0,0,False,False,True,167699867967/250000,167699867967/250000,28899,28899,0.009671110659837723,0.010653156787157059
commit,commit_raw,CP-AP-r001:q007:d08,CP-AP-r001,16,east-east,A,existing_frozen,0.0,0,False,False,True,670791806431/1000000,670791806431/1000000,21367,18734,0.004757795482873917,0.00154813751578331
commit,commit_guarded,CP-AP-r001:q007:d08,CP-AP-r001,16,east-east,A,existing_frozen,0.0,0,False,False,True,670791806431/1000000,670791806431/1000000,21367,18734,0.004757795482873917,0.00154813751578331
commit,commit_raw,CP-AP-r001:q007:d08,CP-AP-r001,16,east-east,A,certified_reference,0.0,0,False,False,True,670791806431/1000000,670791806431/1000000,18735,18734,0.0014841631054878235,0.00154813751578331
commit,commit_guarded,CP-AP-r001:q007:d08,CP-AP-r001,16,east-east,A,certified_reference,0.0,0,False,False,True,670791806431/1000000,670791806431/1000000,18735,18734,0.0014841631054878235,0.00154813751578331
commit,commit_raw,CP-AP-r001:q007:d08,CP-AP-r001,16,east-east,E,existing_frozen,0.0,0,False,False,True,6707264601/10000,6707264601/10000,26544,23904,0.005145654082298279,0.0017572566866874695
commit,commit_guarded,CP-AP-r001:q007:d08,CP-AP-r001,16,east-east,E,existing_frozen,0.0,0,False,False,True,6707264601/10000,6707264601/10000,26544,23904,0.005145654082298279,0.0017572566866874695
commit,commit_raw,CP-AP-r001:q007:d08,CP-AP-r001,16,east-east,E,certified_reference,0.0,0,False,False,True,6707264601/10000,6707264601/10000,23905,23904,0.0018502995371818542,0.0017572566866874695
commit,commit_guarded,CP-AP-r001:q007:d08,CP-AP-r001,16,east-east,E,certified_reference,0.0,0,False,False,True,6707264601/10000,6707264601/10000,23905,23904,0.0018502995371818542,0.0017572566866874695
commit,commit_raw,CP-AP-r001:q007:d08,CP-AP-r001,16,east-east,J,existing_frozen,0.0,0,False,False,True,6707264601/10000,6707264601/10000,31639,28964,0.00507558137178421,0.001921921968460083
commit,commit_guarded,CP-AP-r001:q007:d08,CP-AP-r001,16,east-east,J,existing_frozen,0.0,0,False,False,True,6707264601/10000,6707264601/10000,31639,28964,0.00507558137178421,0.001921921968460083
commit,commit_raw,CP-AP-r001:q007:d08,CP-AP-r001,16,east-east,J,certified_reference,0.0,0,False,False,True,6707264601/10000,6707264601/10000,28965,28964,0.0018065683543682098,0.001921921968460083
commit,commit_guarded,CP-AP-r001:q007:d08,CP-AP-r001,16,east-east,J,certified_reference,0.0,0,False,False,True,6707264601/10000,6707264601/10000,28965,28964,0.0018065683543682098,0.001921921968460083
commit,commit_raw,CP-AP-r001:q007:d08,CP-AP-r001,16,east-east,W,existing_frozen,0.0,0,False,False,True,670791806431/1000000,670791806431/1000000,26462,23794,0.005349326878786087,0.0017239563167095184
commit,commit_guarded,CP-AP-r001:q007:d08,CP-AP-r001,16,east-east,W,existing_frozen,0.0,0,False,False,True,670791806431/1000000,670791806431/1000000,26462,23794,0.005349326878786087,0.0017239563167095184
commit,commit_raw,CP-AP-r001:q007:d08,CP-AP-r001,16,east-east,W,certified_reference,0.0,0,False,False,True,670791806431/1000000,670791806431/1000000,23795,23794,0.0016439072787761688,0.0017239563167095184
commit,commit_guarded,CP-AP-r001:q007:d08,CP-AP-r001,16,east-east,W,certified_reference,0.0,0,False,False,True,670791806431/1000000,670791806431/1000000,23795,23794,0.0016439072787761688,0.0017239563167095184
commit,commit_raw,CP-AP-r001:q007:d16,CP-AP-r001,64,east-east,A,existing_frozen,0.0,0,False,False,True,134169145717/200000,134169145717/200000,44269,20458,0.024254165589809418,0.00391792505979538
commit,commit_guarded,CP-AP-r001:q007:d16,CP-AP-r001,64,east-east,A,existing_frozen,0.0,0,False,False,True,134169145717/200000,134169145717/200000,44269,20458,0.024254165589809418,0.00391792505979538
commit,commit_raw,CP-AP-r001:q007:d16,CP-AP-r001,64,east-east,A,certified_reference,0.0,0,False,False,True,134169145717/200000,134169145717/200000,20458,20458,0.003773018717765808,0.00391792505979538
commit,commit_guarded,CP-AP-r001:q007:d16,CP-AP-r001,64,east-east,A,certified_reference,0.0,0,False,False,True,134169145717/200000,134169145717/200000,20458,20458,0.003773018717765808,0.00391792505979538
commit,commit_raw,CP-AP-r001:q007:d16,CP-AP-r001,64,east-east,E,existing_frozen,0.0,0,False,False,True,670735261829/1000000,670735261829/1000000,48953,26117,0.024246636778116226,0.005194384604692459
commit,commit_guarded,CP-AP-r001:q007:d16,CP-AP-r001,64,east-east,E,existing_frozen,0.0,0,False,False,True,670735261829/1000000,670735261829/1000000,48953,26117,0.024246636778116226,0.005194384604692459
commit,commit_raw,CP-AP-r001:q007:d16,CP-AP-r001,64,east-east,E,certified_reference,0.0,0,False,False,True,670735261829/1000000,670735261829/1000000,26117,26117,0.00503145158290863,0.005194384604692459
commit,commit_guarded,CP-AP-r001:q007:d16,CP-AP-r001,64,east-east,E,certified_reference,0.0,0,False,False,True,670735261829/1000000,670735261829/1000000,26117,26117,0.00503145158290863,0.005194384604692459
commit,commit_raw,CP-AP-r001:q007:d16,CP-AP-r001,64,east-east,J,existing_frozen,0.0,0,False,False,True,167666806623/250000,167666806623/250000,54042,31346,0.024377241730690002,0.005521655082702637
commit,commit_guarded,CP-AP-r001:q007:d16,CP-AP-r001,64,east-east,J,existing_frozen,0.0,0,False,False,True,6707264601/10000,6707264601/10000,54042,31346,0.024377241730690002,0.005521655082702637
commit,commit_raw,CP-AP-r001:q007:d16,CP-AP-r001,64,east-east,J,certified_reference,0.0,0,False,False,True,167666806623/250000,167666806623/250000,31347,31346,0.0053804367780685425,0.005521655082702637
commit,commit_guarded,CP-AP-r001:q007:d16,CP-AP-r001,64,east-east,J,certified_reference,0.0,0,False,False,True,6707264601/10000,6707264601/10000,31347,31346,0.0053804367780685425,0.005521655082702637
commit,commit_raw,CP-AP-r001:q007:d16,CP-AP-r001,64,east-east,W,existing_frozen,0.0,0,False,False,True,670780872179/1000000,670780872179/1000000,49327,25673,0.0251002199947834,0.00476507842540741
commit,commit_guarded,CP-AP-r001:q007:d16,CP-AP-r001,64,east-east,W,existing_frozen,0.0,0,False,False,True,670780872179/1000000,670780872179/1000000,49327,25673,0.0251002199947834,0.00476507842540741
commit,commit_raw,CP-AP-r001:q007:d16,CP-AP-r001,64,east-east,W,certified_reference,0.0,0,False,False,True,670780872179/1000000,670780872179/1000000,25673,25673,0.00463968887925148,0.00476507842540741
commit,commit_guarded,CP-AP-r001:q007:d16,CP-AP-r001,64,east-east,W,certified_reference,0.0,0,False,False,True,670780872179/1000000,670780872179/1000000,25673,25673,0.00463968887925148,0.00476507842540741
commit,commit_raw,CP-AP-r001:q007:d32,CP-AP-r001,128,east-east,A,existing_frozen,0.0,0,False,False,True,134330077009/200000,134330077009/200000,107691,22922,0.07227419316768646,0.007890015840530396
commit,commit_guarded,CP-AP-r001:q007:d32,CP-AP-r001,128,east-east,A,existing_frozen,0.0,0,False,False,True,134330077009/200000,134330077009/200000,107691,22922,0.07227419316768646,0.007890015840530396
commit,commit_raw,CP-AP-r001:q007:d32,CP-AP-r001,128,east-east,A,certified_reference,0.0,0,False,False,True,134330077009/200000,134330077009/200000,22922,22922,0.0077141039073467255,0.007890015840530396
commit,commit_guarded,CP-AP-r001:q007:d32,CP-AP-r001,128,east-east,A,certified_reference,0.0,0,False,False,True,134330077009/200000,134330077009/200000,22922,22922,0.0077141039073467255,0.007890015840530396
commit,commit_raw,CP-AP-r001:q007:d32,CP-AP-r001,128,east-east,E,existing_frozen,0.0,0,False,False,True,671411803641/1000000,671411803641/1000000,107898,28944,0.06875631958246231,0.010165177285671234
commit,commit_guarded,CP-AP-r001:q007:d32,CP-AP-r001,128,east-east,E,existing_frozen,0.0,0,False,False,True,671411803641/1000000,671411803641/1000000,107898,28944,0.06875631958246231,0.010165177285671234
commit,commit_raw,CP-AP-r001:q007:d32,CP-AP-r001,128,east-east,E,certified_reference,0.0,0,False,False,True,671411803641/1000000,671411803641/1000000,28944,28944,0.009960897266864777,0.010165177285671234
commit,commit_guarded,CP-AP-r001:q007:d32,CP-AP-r001,128,east-east,E,certified_reference,0.0,0,False,False,True,671411803641/1000000,671411803641/1000000,28944,28944,0.009960897266864777,0.010165177285671234
commit,commit_raw,CP-AP-r001:q007:d32,CP-AP-r001,128,east-east,J,existing_frozen,0.0,0,False,False,True,670378343861/1000000,670378343861/1000000,112291,34921,0.0680989921092987,0.011969447135925293
commit,commit_guarded,CP-AP-r001:q007:d32,CP-AP-r001,128,east-east,J,existing_frozen,0.0,0,False,False,True,6707264601/10000,6707264601/10000,112291,34921,0.0680989921092987,0.011969447135925293
commit,commit_raw,CP-AP-r001:q007:d32,CP-AP-r001,128,east-east,J,certified_reference,0.0,0,False,False,True,670378343861/1000000,670378343861/1000000,34921,34921,0.011639777570962906,0.011969447135925293
commit,commit_guarded,CP-AP-r001:q007:d32,CP-AP-r001,128,east-east,J,certified_reference,0.0,0,False,False,True,6707264601/10000,6707264601/10000,34921,34921,0.011639777570962906,0.011969447135925293
commit,commit_raw,CP-AP-r001:q007:d32,CP-AP-r001,128,east-east,W,existing_frozen,0.0,0,False,False,True,167699867967/250000,167699867967/250000,111328,28899,0.07121194526553154,0.01051698625087738
commit,commit_guarded,CP-AP-r001:q007:d32,CP-AP-r001,128,east-east,W,existing_frozen,0.0,0,False,False,True,167699867967/250000,167699867967/250000,111328,28899,0.07121194526553154,0.01051698625087738
commit,commit_raw,CP-AP-r001:q007:d32,CP-AP-r001,128,east-east,W,certified_reference,0.0,0,False,False,True,167699867967/250000,167699867967/250000,28899,28899,0.009705215692520142,0.01051698625087738
commit,commit_guarded,CP-AP-r001:q007:d32,CP-AP-r001,128,east-east,W,certified_reference,0.0,0,False,False,True,167699867967/250000,167699867967/250000,28899,28899,0.009705215692520142,0.01051698625087738
commit,commit_raw,CP-AP-r001:q008:d08,CP-AP-r001,16,east-east,A,existing_frozen,0.0,0,False,False,True,167682109539/250000,167682109539/250000,21314,18696,0.004628073424100876,0.0014726035296916962
commit,commit_guarded,CP-AP-r001:q008:d08,CP-AP-r001,16,east-east,A,existing_frozen,0.0,0,False,False,True,167682109539/250000,167682109539/250000,21314,18696,0.004628073424100876,0.0014726035296916962
commit,commit_raw,CP-AP-r001:q008:d08,CP-AP-r001,16,east-east,A,certified_reference,0.0,0,False,False,True,167682109539/250000,167682109539/250000,18697,18696,0.0013894736766815186,0.0014726035296916962
commit,commit_guarded,CP-AP-r001:q008:d08,CP-AP-r001,16,east-east,A,certified_reference,0.0,0,False,False,True,167682109539/250000,167682109539/250000,18697,18696,0.0013894736766815186,0.0014726035296916962
commit,commit_raw,CP-AP-r001:q008:d08,CP-AP-r001,16,east-east,E,existing_frozen,0.0,0,False,False,True,167682109539/250000,167682109539/250000,26526,23834,0.00498754158616066,0.001649804413318634
commit,commit_guarded,CP-AP-r001:q008:d08,CP-AP-r001,16,east-east,E,existing_frozen,0.0,0,False,False,True,167682109539/250000,167682109539/250000,26526,23834,0.00498754158616066,0.001649804413318634
commit,commit_raw,CP-AP-r001:q008:d08,CP-AP-r001,16,east-east,E,certified_reference,0.0,0,False,False,True,167682109539/250000,167682109539/250000,23835,23834,0.0015514455735683441,0.001649804413318634
commit,commit_guarded,CP-AP-r001:q008:d08,CP-AP-r001,16,east-east,E,certified_reference,0.0,0,False,False,True,167682109539/250000,167682109539/250000,23835,23834,0.0015514455735683441,0.001649804413318634
commit,commit_raw,CP-AP-r001:q008:d08,CP-AP-r001,16,east-east,J,existing_frozen,0.0,0,False,False,True,167682109539/250000,167682109539/250000,31726,28940,0.004997938871383667,0.0018642991781234741
commit,commit_guarded,CP-AP-r001:q008:d08,CP-AP-r001,16,east-east,J,existing_frozen,0.0,0,False,False,True,167682109539/250000,167682109539/250000,31726,28940,0.004997938871383667,0.0018642991781234741
commit,commit_raw,CP-AP-r001:q008:d08,CP-AP-r001,16,east-east,J,certified_reference,0.0,0,False,False,True,167682109539/250000,167682109539/250000,28941,28940,0.0017328336834907532,0.0018642991781234741
commit,commit_guarded,CP-AP-r001:q008:d08,CP-AP-r001,16,east-east,J,certified_reference,0.0,0,False,False,True,167682109539/250000,167682109539/250000,28941,28940,0.0017328336834907532,0.0018642991781234741
commit,commit_raw,CP-AP-r001:q008:d08,CP-AP-r001,16,east-east,W,existing_frozen,0.0,0,False,False,True,167682109539/250000,167682109539/250000,26514,23802,0.0049112774431705475,0.001718670129776001
commit,commit_guarded,CP-AP-r001:q008:d08,CP-AP-r001,16,east-east,W,existing_frozen,0.0,0,False,False,True,167682109539/250000,167682109539/250000,26514,23802,0.0049112774431705475,0.001718670129776001
commit,commit_raw,CP-AP-r001:q008:d08,CP-AP-r001,16,east-east,W,certified_reference,0.0,0,False,False,True,167682109539/250000,167682109539/250000,23803,23802,0.0015952959656715393,0.001718670129776001
commit,commit_guarded,CP-AP-r001:q008:d08,CP-AP-r001,16,east-east,W,certified_reference,0.0,0,False,False,True,167682109539/250000,167682109539/250000,23803,23802,0.0015952959656715393,0.001718670129776001
commit,commit_raw,CP-AP-r001:q008:d16,CP-AP-r001,64,east-east,A,existing_frozen,0.0,0,False,False,True,670791617453/1000000,670791617453/1000000,42897,20389,0.0230935700237751,0.0035147182643413544
commit,commit_guarded,CP-AP-r001:q008:d16,CP-AP-r001,64,east-east,A,existing_frozen,0.0,0,False,False,True,670791617453/1000000,670791617453/1000000,42897,20389,0.0230935700237751,0.0035147182643413544
commit,commit_raw,CP-AP-r001:q008:d16,CP-AP-r001,64,east-east,A,certified_reference,0.0,0,False,False,True,670791617453/1000000,670791617453/1000000,20389,20389,0.0033950991928577423,0.0035147182643413544
commit,commit_guarded,CP-AP-r001:q008:d16,CP-AP-r001,64,east-east,A,certified_reference,0.0,0,False,False,True,670791617453/1000000,670791617453/1000000,20389,20389,0.0033950991928577423,0.0035147182643413544
commit,commit_raw,CP-AP-r001:q008:d16,CP-AP-r001,64,east-east,E,existing_frozen,0.0,0,False,False,True,134156566461/200000,134156566461/200000,48155,25915,0.023295532912015915,0.004561461508274078
commit,commit_guarded,CP-AP-r001:q008:d16,CP-AP-r001,64,east-east,E,existing_frozen,0.0,0,False,False,True,134156566461/200000,134156566461/200000,48155,25915,0.023295532912015915,0.004561461508274078
commit,commit_raw,CP-AP-r001:q008:d16,CP-AP-r001,64,east-east,E,certified_reference,0.0,0,False,False,True,134156566461/200000,134156566461/200000,25915,25915,0.0044206008315086365,0.004561461508274078
commit,commit_guarded,CP-AP-r001:q008:d16,CP-AP-r001,64,east-east,E,certified_reference,0.0,0,False,False,True,134156566461/200000,134156566461/200000,25915,25915,0.0044206008315086365,0.004561461508274078
commit,commit_raw,CP-AP-r001:q008:d16,CP-AP-r001,64,east-east,J,existing_frozen,0.0,0,False,False,True,670742421703/1000000,670742421703/1000000,53367,31282,0.02350645512342453,0.005140963941812515
commit,commit_guarded,CP-AP-r001:q008:d16,CP-AP-r001,64,east-east,J,existing_frozen,0.0,0,False,False,True,670742421703/1000000,670742421703/1000000,53367,31282,0.02350645512342453,0.005140963941812515
commit,commit_raw,CP-AP-r001:q008:d16,CP-AP-r001,64,east-east,J,certified_reference,0.0,0,False,False,True,670742421703/1000000,670742421703/1000000,31283,31282,0.004937406629323959,0.005140963941812515
commit,commit_guarded,CP-AP-r001:q008:d16,CP-AP-r001,64,east-east,J,certified_reference,0.0,0,False,False,True,670742421703/1000000,670742421703/1000000,31283,31282,0.004937406629323959,0.005140963941812515
commit,commit_raw,CP-AP-r001:q008:d16,CP-AP-r001,64,east-east,W,existing_frozen,0.0,0,False,False,True,670720374531/1000000,670720374531/1000000,48072,25760,0.02296389639377594,0.0042277611792087555
commit,commit_guarded,CP-AP-r001:q008:d16,CP-AP-r001,64,east-east,W,existing_frozen,0.0,0,False,False,True,6707264601/10000,6707264601/10000,48072,25760,0.02296389639377594,0.0042277611792087555
commit,commit_raw,CP-AP-r001:q008:d16,CP-AP-r001,64,east-east,W,certified_reference,0.0,0,False,False,True,670720374531/1000000,670720374531/1000000,25760,25760,0.004065122455358505,0.0042277611792087555
commit,commit_guarded,CP-AP-r001:q008:d16,CP-AP-r001,64,east-east,W,certified_reference,0.0,0,False,False,True,6707264601/10000,6707264601/10000,25760,25760,0.004065122455358505,0.0042277611792087555
commit,commit_raw,CP-AP-r001:q008:d32,CP-AP-r001,128,east-east,A,existing_frozen,0.0,0,False,False,True,67133256479/100000,67133256479/100000,104074,22726,0.06820253655314445,0.006890058517456055
commit,commit_guarded,CP-AP-r001:q008:d32,CP-AP-r001,128,east-east,A,existing_frozen,0.0,0,False,False,True,67133256479/100000,67133256479/100000,104074,22726,0.06820253655314445,0.006890058517456055
commit,commit_raw,CP-AP-r001:q008:d32,CP-AP-r001,128,east-east,A,certified_reference,0.0,0,False,False,True,67133256479/100000,67133256479/100000,22726,22726,0.006741534918546677,0.006890058517456055
commit,commit_guarded,CP-AP-r001:q008:d32,CP-AP-r001,128,east-east,A,certified_reference,0.0,0,False,False,True,67133256479/100000,67133256479/100000,22726,22726,0.006741534918546677,0.006890058517456055
commit,commit_raw,CP-AP-r001:q008:d32,CP-AP-r001,128,east-east,E,existing_frozen,0.0,0,False,False,True,335361310103/500000,335361310103/500000,104712,28790,0.06570622324943542,0.009006869047880173
commit,commit_guarded,CP-AP-r001:q008:d32,CP-AP-r001,128,east-east,E,existing_frozen,0.0,0,False,False,True,6707264601/10000,6707264601/10000,104712,28790,0.06570622324943542,0.009006869047880173
commit,commit_raw,CP-AP-r001:q008:d32,CP-AP-r001,128,east-east,E,certified_reference,0.0,0,False,False,True,335361310103/500000,335361310103/500000,28790,28790,0.008603811264038086,0.009006869047880173
commit,commit_guarded,CP-AP-r001:q008:d32,CP-AP-r001,128,east-east,E,certified_reference,0.0,0,False,False,True,6707264601/10000,6707264601/10000,28790,28790,0.008603811264038086,0.009006869047880173
commit,commit_raw,CP-AP-r001:q008:d32,CP-AP-r001,128,east-east,J,existing_frozen,0.0,0,False,False,True,670662274097/1000000,670662274097/1000000,107286,34754,0.06239624693989754,0.01071583479642868
commit,commit_guarded,CP-AP-r001:q008:d32,CP-AP-r001,128,east-east,J,existing_frozen,0.0,0,False,False,True,6707264601/10000,6707264601/10000,107286,34754,0.06239624693989754,0.01071583479642868
commit,commit_raw,CP-AP-r001:q008:d32,CP-AP-r001,128,east-east,J,certified_reference,0.0,0,False,False,True,670662274097/1000000,670662274097/1000000,34754,34754,0.010431278496980667,0.01071583479642868
commit,commit_guarded,CP-AP-r001:q008:d32,CP-AP-r001,128,east-east,J,certified_reference,0.0,0,False,False,True,6707264601/10000,6707264601/10000,34754,34754,0.010431278496980667,0.01071583479642868
commit,commit_raw,CP-AP-r001:q008:d32,CP-AP-r001,128,east-east,W,existing_frozen,0.0,0,False,False,True,16780925719/25000,16780925719/25000,106359,28670,0.06619849056005478,0.008853979408740997
commit,commit_guarded,CP-AP-r001:q008:d32,CP-AP-r001,128,east-east,W,existing_frozen,0.0,0,False,False,True,16780925719/25000,16780925719/25000,106359,28670,0.06619849056005478,0.008853979408740997
commit,commit_raw,CP-AP-r001:q008:d32,CP-AP-r001,128,east-east,W,certified_reference,0.0,0,False,False,True,16780925719/25000,16780925719/25000,28670,28670,0.008538436144590378,0.008853979408740997
commit,commit_guarded,CP-AP-r001:q008:d32,CP-AP-r001,128,east-east,W,certified_reference,0.0,0,False,False,True,16780925719/25000,16780925719/25000,28670,28670,0.008538436144590378,0.008853979408740997
commit,commit_raw,CP-AP-r001:q009:d08,CP-AP-r001,16,west-west,A,existing_frozen,0.0,0,False,False,True,167722714111/250000,167722714111/250000,21166,18686,0.004827164113521576,0.001580849289894104
commit,commit_guarded,CP-AP-r001:q009:d08,CP-AP-r001,16,west-west,A,existing_frozen,0.0,0,False,False,True,167722714111/250000,167722714111/250000,21166,18686,0.004827164113521576,0.001580849289894104
commit,commit_raw,CP-AP-r001:q009:d08,CP-AP-r001,16,west-west,A,certified_reference,2.986973,2986973/1000000,True,False,False,167722714111/250000,670893843417/1000000,18660,18686,0.0014306120574474335,0.001580849289894104
commit,commit_guarded,CP-AP-r001:q009:d08,CP-AP-r001,16,west-west,A,certified_reference,2.986973,2986973/1000000,True,False,False,167722714111/250000,670893843417/1000000,18660,18686,0.0014306120574474335,0.001580849289894104
commit,commit_raw,CP-AP-r001:q009:d08,CP-AP-r001,16,west-west,E,existing_frozen,0.0,0,False,False,True,167722714111/250000,167722714111/250000,26236,23756,0.004845269024372101,0.0017135478556156158
commit,commit_guarded,CP-AP-r001:q009:d08,CP-AP-r001,16,west-west,E,existing_frozen,0.0,0,False,False,True,167722714111/250000,167722714111/250000,26236,23756,0.004845269024372101,0.0017135478556156158
commit,commit_raw,CP-AP-r001:q009:d08,CP-AP-r001,16,west-west,E,certified_reference,2.986973,2986973/1000000,True,False,False,167722714111/250000,670893843417/1000000,23730,23756,0.001569073647260666,0.0017135478556156158
commit,commit_guarded,CP-AP-r001:q009:d08,CP-AP-r001,16,west-west,E,certified_reference,2.986973,2986973/1000000,True,False,False,167722714111/250000,670893843417/1000000,23730,23756,0.001569073647260666,0.0017135478556156158
commit,commit_raw,CP-AP-r001:q009:d08,CP-AP-r001,16,west-west,J,existing_frozen,0.0,0,False,False,True,6707264601/10000,6707264601/10000,31516,28884,0.0051163434982299805,0.0018191784620285034
commit,commit_guarded,CP-AP-r001:q009:d08,CP-AP-r001,16,west-west,J,existing_frozen,0.0,0,False,False,True,6707264601/10000,6707264601/10000,31516,28884,0.0051163434982299805,0.0018191784620285034
commit,commit_raw,CP-AP-r001:q009:d08,CP-AP-r001,16,west-west,J,certified_reference,0.0,0,False,False,True,6707264601/10000,6707264601/10000,28885,28884,0.00168580561876297,0.0018191784620285034
commit,commit_guarded,CP-AP-r001:q009:d08,CP-AP-r001,16,west-west,J,certified_reference,0.0,0,False,False,True,6707264601/10000,6707264601/10000,28885,28884,0.00168580561876297,0.0018191784620285034
commit,commit_raw,CP-AP-r001:q009:d08,CP-AP-r001,16,west-west,W,existing_frozen,0.0,0,False,False,True,6707264601/10000,6707264601/10000,26446,23814,0.004818323999643326,0.0016956478357315063
commit,commit_guarded,CP-AP-r001:q009:d08,CP-AP-r001,16,west-west,W,existing_frozen,0.0,0,False,False,True,6707264601/10000,6707264601/10000,26446,23814,0.004818323999643326,0.0016956478357315063
commit,commit_raw,CP-AP-r001:q009:d08,CP-AP-r001,16,west-west,W,certified_reference,0.0,0,False,False,True,6707264601/10000,6707264601/10000,23815,23814,0.0015813149511814117,0.0016956478357315063
commit,commit_guarded,CP-AP-r001:q009:d08,CP-AP-r001,16,west-west,W,certified_reference,0.0,0,False,False,True,6707264601/10000,6707264601/10000,23815,23814,0.0015813149511814117,0.0016956478357315063
commit,commit_raw,CP-AP-r001:q009:d16,CP-AP-r001,64,west-west,A,existing_frozen,0.0,0,False,False,True,41974658903/62500,41974658903/62500,41038,20307,0.020886864513158798,0.003935452550649643
commit,commit_guarded,CP-AP-r001:q009:d16,CP-AP-r001,64,west-west,A,existing_frozen,0.0,0,False,False,True,41974658903/62500,41974658903/62500,41038,20307,0.020886864513158798,0.003935452550649643
commit,commit_raw,CP-AP-r001:q009:d16,CP-AP-r001,64,west-west,A,certified_reference,0.0,0,False,False,True,41974658903/62500,41974658903/62500,20307,20307,0.003779374063014984,0.003935452550649643
commit,commit_guarded,CP-AP-r001:q009:d16,CP-AP-r001,64,west-west,A,certified_reference,0.0,0,False,False,True,41974658903/62500,41974658903/62500,20307,20307,0.003779374063014984,0.003935452550649643
commit,commit_raw,CP-AP-r001:q009:d16,CP-AP-r001,64,west-west,E,existing_frozen,0.0,0,False,False,True,671531614433/1000000,671531614433/1000000,46557,25614,0.02151999995112419,0.0044013336300849915
commit,commit_guarded,CP-AP-r001:q009:d16,CP-AP-r001,64,west-west,E,existing_frozen,0.0,0,False,False,True,671531614433/1000000,671531614433/1000000,46557,25614,0.02151999995112419,0.0044013336300849915
commit,commit_raw,CP-AP-r001:q009:d16,CP-AP-r001,64,west-west,E,certified_reference,0.0,0,False,False,True,671531614433/1000000,671531614433/1000000,25614,25614,0.004248742014169693,0.0044013336300849915
commit,commit_guarded,CP-AP-r001:q009:d16,CP-AP-r001,64,west-west,E,certified_reference,0.0,0,False,False,True,671531614433/1000000,671531614433/1000000,25614,25614,0.004248742014169693,0.0044013336300849915
commit,commit_raw,CP-AP-r001:q009:d16,CP-AP-r001,64,west-west,J,existing_frozen,545.118482,272559241/500000,True,False,False,670620045637/1000000,671165164119/1000000,53398,31246,0.023955784738063812,0.005097962915897369
commit,commit_guarded,CP-AP-r001:q009:d16,CP-AP-r001,64,west-west,J,existing_frozen,438.704019,438704019/1000000,True,False,False,6707264601/10000,671165164119/1000000,53398,31246,0.023955784738063812,0.005097962915897369
commit,commit_raw,CP-AP-r001:q009:d16,CP-AP-r001,64,west-west,J,certified_reference,545.118482,272559241/500000,True,False,False,670620045637/1000000,671165164119/1000000,31234,31246,0.004944358021020889,0.005097962915897369
commit,commit_guarded,CP-AP-r001:q009:d16,CP-AP-r001,64,west-west,J,certified_reference,438.704019,438704019/1000000,True,False,False,6707264601/10000,671165164119/1000000,31234,31246,0.004944358021020889,0.005097962915897369
commit,commit_raw,CP-AP-r001:q009:d16,CP-AP-r001,64,west-west,W,existing_frozen,-161.978003,-161978003/1000000,False,True,False,16783460341/25000,671176435637/1000000,48172,25961,0.02369583025574684,0.004734404385089874
commit,commit_guarded,CP-AP-r001:q009:d16,CP-AP-r001,64,west-west,W,existing_frozen,-161.978003,-161978003/1000000,False,True,False,16783460341/25000,671176435637/1000000,48172,25961,0.02369583025574684,0.004734404385089874
commit,commit_raw,CP-AP-r001:q009:d16,CP-AP-r001,64,west-west,W,certified_reference,0.0,0,False,False,True,16783460341/25000,16783460341/25000,25962,25961,0.004634890705347061,0.004734404385089874
commit,commit_guarded,CP-AP-r001:q009:d16,CP-AP-r001,64,west-west,W,certified_reference,0.0,0,False,False,True,16783460341/25000,16783460341/25000,25962,25961,0.004634890705347061,0.004734404385089874
commit,commit_raw,CP-AP-r001:q009:d32,CP-AP-r001,128,west-west,A,existing_frozen,-1.546741,-1546741/1000000,False,True,False,336125735087/500000,672249923433/1000000,102806,22803,0.0677466168999672,0.008154775947332382
commit,commit_guarded,CP-AP-r001:q009:d32,CP-AP-r001,128,west-west,A,existing_frozen,-1.546741,-1546741/1000000,False,True,False,336125735087/500000,672249923433/1000000,102806,22803,0.0677466168999672,0.008154775947332382
commit,commit_raw,CP-AP-r001:q009:d32,CP-AP-r001,128,west-west,A,certified_reference,0.0,0,False,False,True,336125735087/500000,336125735087/500000,22803,22803,0.00795801728963852,0.008154775947332382
commit,commit_guarded,CP-AP-r001:q009:d32,CP-AP-r001,128,west-west,A,certified_reference,0.0,0,False,False,True,336125735087/500000,336125735087/500000,22803,22803,0.00795801728963852,0.008154775947332382
commit,commit_raw,CP-AP-r001:q009:d32,CP-AP-r001,128,west-west,E,existing_frozen,-1.546741,-1546741/1000000,False,True,False,671734839709/1000000,83966661621/125000,106347,29050,0.06647424772381783,0.011081669479608536
commit,commit_guarded,CP-AP-r001:q009:d32,CP-AP-r001,128,west-west,E,existing_frozen,-1.546741,-1546741/1000000,False,True,False,671734839709/1000000,83966661621/125000,106347,29050,0.06647424772381783,0.011081669479608536
commit,commit_raw,CP-AP-r001:q009:d32,CP-AP-r001,128,west-west,E,certified_reference,0.0,0,False,False,True,671734839709/1000000,671734839709/1000000,29050,29050,0.010237745940685272,0.011081669479608536
commit,commit_guarded,CP-AP-r001:q009:d32,CP-AP-r001,128,west-west,E,certified_reference,0.0,0,False,False,True,671734839709/1000000,671734839709/1000000,29050,29050,0.010237745940685272,0.011081669479608536
commit,commit_raw,CP-AP-r001:q009:d32,CP-AP-r001,128,west-west,J,existing_frozen,-204.986237,-204986237/1000000,False,True,False,20945089191/31250,5360302943/8000,109043,34891,0.0642559565603733,0.011438943445682526
commit,commit_guarded,CP-AP-r001:q009:d32,CP-AP-r001,128,west-west,J,existing_frozen,0.0,0,False,False,True,6707264601/10000,6707264601/10000,109043,34891,0.0642559565603733,0.011438943445682526
commit,commit_raw,CP-AP-r001:q009:d32,CP-AP-r001,128,west-west,J,certified_reference,0.0,0,False,False,True,20945089191/31250,20945089191/31250,34891,34891,0.011074580252170563,0.011438943445682526
commit,commit_guarded,CP-AP-r001:q009:d32,CP-AP-r001,128,west-west,J,certified_reference,0.0,0,False,False,True,6707264601/10000,6707264601/10000,34891,34891,0.011074580252170563,0.011438943445682526
commit,commit_raw,CP-AP-r001:q009:d32,CP-AP-r001,128,west-west,W,existing_frozen,1.011085,202217/200000,True,False,False,167758105397/250000,671033432673/1000000,105319,28642,0.06615912541747093,0.00941125676035881
commit,commit_guarded,CP-AP-r001:q009:d32,CP-AP-r001,128,west-west,W,existing_frozen,1.011085,202217/200000,True,False,False,167758105397/250000,671033432673/1000000,105319,28642,0.06615912541747093,0.00941125676035881
commit,commit_raw,CP-AP-r001:q009:d32,CP-AP-r001,128,west-west,W,certified_reference,0.0,0,False,False,True,167758105397/250000,167758105397/250000,28642,28642,0.009152118116617203,0.00941125676035881
commit,commit_guarded,CP-AP-r001:q009:d32,CP-AP-r001,128,west-west,W,certified_reference,0.0,0,False,False,True,167758105397/250000,167758105397/250000,28642,28642,0.009152118116617203,0.00941125676035881
