node_index,contact_id,group,new_west_degree,new_east_degree,exposed_cross_group_satellite_degree
0,CP-AP-r001:S-P01-S01:GS01:p0001,west,6,0,3
1,CP-AP-r001:S-P01-S01:GS01:p0002,west,6,0,6
2,CP-AP-r001:S-P01-S01:GS01:p0003,west,8,0,1
3,CP-AP-r001:S-P01-S01:GS01:p0004,west,4,0,4
4,CP-AP-r001:S-P01-S01:GS01:p0005,west,6,0,0
5,CP-AP-r001:S-P01-S01:GS01:p0006,west,6,0,6
6,CP-AP-r001:S-P01-S01:GS01:p0007,west,8,0,1
7,CP-AP-r001:S-P01-S01:GS01:p0008,west,6,0,4
8,CP-AP-r001:S-P01-S01:GS01:p0009,west,8,0,0
9,CP-AP-r001:S-P01-S01:GS01:p0010,west,6,0,6
10,CP-AP-r001:S-P01-S01:GS01:p0011,west,8,0,1
11,CP-AP-r001:S-P01-S01:GS02:p0001,west,6,0,6
12,CP-AP-r001:S-P01-S01:GS02:p0002,west,5,0,3
13,CP-AP-r001:S-P01-S01:GS02:p0003,west,9,0,6
14,CP-AP-r001:S-P01-S01:GS02:p0004,west,7,0,1
15,CP-AP-r001:S-P01-S01:GS02:p0005,west,7,0,6
16,CP-AP-r001:S-P01-S01:GS02:p0006,west,6,0,4
17,CP-AP-r001:S-P01-S01:GS02:p0007,west,6,0,6
18,CP-AP-r001:S-P01-S01:GS02:p0008,west,8,0,1
19,CP-AP-r001:S-P01-S01:GS02:p0009,west,6,0,4
20,CP-AP-r001:S-P01-S01:GS02:p0010,west,6,0,6
21,CP-AP-r001:S-P01-S01:GS02:p0011,west,8,0,1
22,CP-AP-r001:S-P01-S01:GS03:p0001,west,6,0,6
23,CP-AP-r001:S-P01-S01:GS03:p0002,west,6,0,3
24,CP-AP-r001:S-P01-S01:GS03:p0003,west,7,0,6
25,CP-AP-r001:S-P01-S01:GS03:p0004,west,8,0,6
26,CP-AP-r001:S-P01-S01:GS03:p0005,west,6,0,6
27,CP-AP-r001:S-P01-S01:GS03:p0006,west,6,0,4
28,CP-AP-r001:S-P01-S01:GS03:p0007,west,8,0,6
29,CP-AP-r001:S-P01-S01:GS03:p0008,west,7,0,1
30,CP-AP-r001:S-P01-S01:GS03:p0009,west,6,0,6
31,CP-AP-r001:S-P01-S01:GS03:p0010,west,5,0,4
32,CP-AP-r001:S-P01-S01:GS03:p0011,west,8,0,6
33,CP-AP-r001:S-P01-S01:GS03:p0012,west,7,0,1
34,CP-AP-r001:S-P01-S01:GS03:p0013,west,7,0,6
35,CP-AP-r001:S-P01-S01:GS04:p0001,east,0,6,5
36,CP-AP-r001:S-P01-S01:GS04:p0002,east,0,7,6
37,CP-AP-r001:S-P01-S01:GS04:p0003,east,0,6,1
38,CP-AP-r001:S-P01-S01:GS04:p0004,east,0,8,6
39,CP-AP-r001:S-P01-S01:GS04:p0005,east,0,6,5
40,CP-AP-r001:S-P01-S01:GS04:p0006,east,0,6,6
41,CP-AP-r001:S-P01-S01:GS04:p0007,east,0,5,0
42,CP-AP-r001:S-P01-S01:GS04:p0008,east,0,9,6
43,CP-AP-r001:S-P01-S01:GS04:p0009,east,0,6,4
44,CP-AP-r001:S-P01-S01:GS04:p0010,east,0,6,6
45,CP-AP-r001:S-P01-S01:GS04:p0011,east,0,7,0
46,CP-AP-r001:S-P01-S01:GS04:p0012,east,0,8,6
47,CP-AP-r001:S-P01-S01:GS04:p0013,east,0,6,3
48,CP-AP-r001:S-P01-S01:GS05:p0001,east,0,4,5
49,CP-AP-r001:S-P01-S01:GS05:p0002,east,0,7,6
50,CP-AP-r001:S-P01-S01:GS05:p0003,east,0,6,1
51,CP-AP-r001:S-P01-S01:GS05:p0004,east,0,8,6
52,CP-AP-r001:S-P01-S01:GS05:p0005,east,0,6,5
53,CP-AP-r001:S-P01-S01:GS05:p0006,east,0,6,6
54,CP-AP-r001:S-P01-S01:GS05:p0007,east,0,6,0
55,CP-AP-r001:S-P01-S01:GS05:p0008,east,0,8,6
56,CP-AP-r001:S-P01-S01:GS05:p0009,east,0,6,4
57,CP-AP-r001:S-P01-S01:GS05:p0010,east,0,7,6
58,CP-AP-r001:S-P01-S01:GS05:p0011,east,0,6,0
59,CP-AP-r001:S-P01-S01:GS05:p0012,east,0,8,6
60,CP-AP-r001:S-P01-S01:GS05:p0013,east,0,6,3
61,CP-AP-r001:S-P01-S01:GS06:p0001,east,0,6,5
62,CP-AP-r001:S-P01-S01:GS06:p0002,east,0,6,1
63,CP-AP-r001:S-P01-S01:GS06:p0003,east,0,9,6
64,CP-AP-r001:S-P01-S01:GS06:p0004,east,0,7,0
65,CP-AP-r001:S-P01-S01:GS06:p0005,east,0,6,5
66,CP-AP-r001:S-P01-S01:GS06:p0006,east,0,6,0
67,CP-AP-r001:S-P01-S01:GS06:p0007,east,0,8,6
68,CP-AP-r001:S-P01-S01:GS06:p0008,east,0,6,4
69,CP-AP-r001:S-P01-S01:GS06:p0009,east,0,6,0
70,CP-AP-r001:S-P01-S01:GS06:p0010,east,0,8,6
71,CP-AP-r001:S-P01-S01:GS06:p0011,east,0,4,3
72,CP-AP-r001:S-P01-S01:GS07:p0001,west,9,0,6
73,CP-AP-r001:S-P01-S01:GS07:p0002,west,7,0,3
74,CP-AP-r001:S-P01-S01:GS07:p0003,west,8,0,6
75,CP-AP-r001:S-P01-S01:GS07:p0004,west,8,0,1
76,CP-AP-r001:S-P01-S01:GS07:p0005,west,7,0,6
77,CP-AP-r001:S-P01-S01:GS07:p0006,west,8,0,4
78,CP-AP-r001:S-P01-S01:GS07:p0007,west,10,0,6
79,CP-AP-r001:S-P01-S01:GS07:p0008,west,8,0,1
80,CP-AP-r001:S-P01-S01:GS07:p0009,west,5,0,6
81,CP-AP-r001:S-P01-S01:GS07:p0010,west,8,0,4
82,CP-AP-r001:S-P01-S01:GS07:p0011,west,9,0,0
83,CP-AP-r001:S-P01-S01:GS07:p0012,west,9,0,6
84,CP-AP-r001:S-P01-S01:GS07:p0013,west,8,0,1
85,CP-AP-r001:S-P01-S01:GS08:p0001,west,7,0,6
86,CP-AP-r001:S-P01-S01:GS08:p0002,west,7,0,3
87,CP-AP-r001:S-P01-S01:GS08:p0003,west,10,0,6
88,CP-AP-r001:S-P01-S01:GS08:p0004,west,8,0,1
89,CP-AP-r001:S-P01-S01:GS08:p0005,west,7,0,6
90,CP-AP-r001:S-P01-S01:GS08:p0006,west,8,0,4
91,CP-AP-r001:S-P01-S01:GS08:p0007,west,8,0,6
92,CP-AP-r001:S-P01-S01:GS08:p0008,west,8,0,1
93,CP-AP-r001:S-P01-S01:GS08:p0009,west,9,0,6
94,CP-AP-r001:S-P01-S01:GS08:p0010,west,8,0,4
95,CP-AP-r001:S-P01-S01:GS08:p0011,west,8,0,6
96,CP-AP-r001:S-P01-S01:GS08:p0012,west,8,0,1
97,CP-AP-r001:S-P01-S01:GS08:p0013,west,9,0,6
98,CP-AP-r001:S-P01-S01:GS09:p0001,west,8,0,6
99,CP-AP-r001:S-P01-S01:GS09:p0002,west,11,0,3
100,CP-AP-r001:S-P01-S01:GS09:p0003,west,9,0,6
101,CP-AP-r001:S-P01-S01:GS09:p0004,west,10,0,1
102,CP-AP-r001:S-P01-S01:GS09:p0005,west,7,0,6
103,CP-AP-r001:S-P01-S01:GS09:p0006,west,7,0,4
104,CP-AP-r001:S-P01-S01:GS09:p0007,west,10,0,6
105,CP-AP-r001:S-P01-S01:GS09:p0008,west,10,0,1
106,CP-AP-r001:S-P01-S01:GS09:p0009,west,7,0,6
107,CP-AP-r001:S-P01-S01:GS09:p0010,west,7,0,4
108,CP-AP-r001:S-P01-S01:GS09:p0011,west,10,0,6
109,CP-AP-r001:S-P01-S01:GS09:p0012,west,9,0,1
110,CP-AP-r001:S-P01-S01:GS09:p0013,west,7,0,6
111,CP-AP-r001:S-P01-S01:GS10:p0001,east,0,8,5
112,CP-AP-r001:S-P01-S01:GS10:p0002,east,0,10,6
113,CP-AP-r001:S-P01-S01:GS10:p0003,east,0,6,1
114,CP-AP-r001:S-P01-S01:GS10:p0004,east,0,8,6
115,CP-AP-r001:S-P01-S01:GS10:p0005,east,0,10,5
116,CP-AP-r001:S-P01-S01:GS10:p0006,east,0,8,5
117,CP-AP-r001:S-P01-S01:GS10:p0007,east,0,10,6
118,CP-AP-r001:S-P01-S01:GS10:p0008,east,0,6,0
119,CP-AP-r001:S-P01-S01:GS10:p0009,east,0,8,6
120,CP-AP-r001:S-P01-S01:GS10:p0010,east,0,10,6
121,CP-AP-r001:S-P01-S01:GS10:p0011,east,0,8,4
122,CP-AP-r001:S-P01-S01:GS10:p0012,east,0,11,6
123,CP-AP-r001:S-P01-S01:GS10:p0013,east,0,8,6
124,CP-AP-r001:S-P01-S01:GS10:p0014,east,0,10,6
125,CP-AP-r001:S-P01-S01:GS10:p0015,east,0,7,3
126,CP-AP-r001:S-P01-S01:GS11:p0001,east,0,8,5
127,CP-AP-r001:S-P01-S01:GS11:p0002,east,0,9,1
128,CP-AP-r001:S-P01-S01:GS11:p0003,east,0,8,6
129,CP-AP-r001:S-P01-S01:GS11:p0004,east,0,6,0
130,CP-AP-r001:S-P01-S01:GS11:p0005,east,0,8,5
131,CP-AP-r001:S-P01-S01:GS11:p0006,east,0,9,6
132,CP-AP-r001:S-P01-S01:GS11:p0007,east,0,9,0
133,CP-AP-r001:S-P01-S01:GS11:p0008,east,0,8,6
134,CP-AP-r001:S-P01-S01:GS11:p0009,east,0,7,0
135,CP-AP-r001:S-P01-S01:GS11:p0010,east,0,8,4
136,CP-AP-r001:S-P01-S01:GS11:p0011,east,0,9,6
137,CP-AP-r001:S-P01-S01:GS11:p0012,east,0,9,0
138,CP-AP-r001:S-P01-S01:GS11:p0013,east,0,8,6
139,CP-AP-r001:S-P01-S01:GS11:p0014,east,0,8,3
140,CP-AP-r001:S-P01-S01:GS12:p0001,east,0,8,5
141,CP-AP-r001:S-P01-S01:GS12:p0002,east,0,8,1
142,CP-AP-r001:S-P01-S01:GS12:p0003,east,0,8,6
143,CP-AP-r001:S-P01-S01:GS12:p0004,east,0,9,0
144,CP-AP-r001:S-P01-S01:GS12:p0005,east,0,8,5
145,CP-AP-r001:S-P01-S01:GS12:p0006,east,0,8,0
146,CP-AP-r001:S-P01-S01:GS12:p0007,east,0,8,6
147,CP-AP-r001:S-P01-S01:GS12:p0008,east,0,9,0
148,CP-AP-r001:S-P01-S01:GS12:p0009,east,0,7,4
149,CP-AP-r001:S-P01-S01:GS12:p0010,east,0,8,0
150,CP-AP-r001:S-P01-S01:GS12:p0011,east,0,8,6
151,CP-AP-r001:S-P01-S01:GS12:p0012,east,0,7,0
152,CP-AP-r001:S-P01-S01:GS12:p0013,east,0,8,3
153,CP-AP-r001:S-P01-S02:GS01:p0001,west,7,0,3
154,CP-AP-r001:S-P01-S02:GS01:p0002,west,7,0,0
155,CP-AP-r001:S-P01-S02:GS01:p0003,west,7,0,6
156,CP-AP-r001:S-P01-S02:GS01:p0004,west,8,0,1
157,CP-AP-r001:S-P01-S02:GS01:p0005,west,5,0,4
158,CP-AP-r001:S-P01-S02:GS01:p0006,west,6,0,0
159,CP-AP-r001:S-P01-S02:GS01:p0007,west,7,0,6
160,CP-AP-r001:S-P01-S02:GS01:p0008,west,8,0,1
161,CP-AP-r001:S-P01-S02:GS01:p0009,west,6,0,5
162,CP-AP-r001:S-P01-S02:GS01:p0010,west,8,0,0
163,CP-AP-r001:S-P01-S02:GS01:p0011,west,7,0,6
164,CP-AP-r001:S-P01-S02:GS01:p0012,west,8,0,1
165,CP-AP-r001:S-P01-S02:GS02:p0001,west,7,0,6
166,CP-AP-r001:S-P01-S02:GS02:p0002,west,7,0,3
167,CP-AP-r001:S-P01-S02:GS02:p0003,west,10,0,6
168,CP-AP-r001:S-P01-S02:GS02:p0004,west,6,0,1
169,CP-AP-r001:S-P01-S02:GS02:p0005,west,5,0,6
170,CP-AP-r001:S-P01-S02:GS02:p0006,west,7,0,4
171,CP-AP-r001:S-P01-S02:GS02:p0007,west,7,0,6
172,CP-AP-r001:S-P01-S02:GS02:p0008,west,8,0,1
173,CP-AP-r001:S-P01-S02:GS02:p0009,west,7,0,5
174,CP-AP-r001:S-P01-S02:GS02:p0010,west,7,0,6
175,CP-AP-r001:S-P01-S02:GS02:p0011,west,8,0,1
176,CP-AP-r001:S-P01-S02:GS03:p0001,west,7,0,6
177,CP-AP-r001:S-P01-S02:GS03:p0002,west,7,0,3
178,CP-AP-r001:S-P01-S02:GS03:p0003,west,8,0,6
179,CP-AP-r001:S-P01-S02:GS03:p0004,west,7,0,6
180,CP-AP-r001:S-P01-S02:GS03:p0005,west,7,0,4
181,CP-AP-r001:S-P01-S02:GS03:p0006,west,8,0,6
182,CP-AP-r001:S-P01-S02:GS03:p0007,west,7,0,1
183,CP-AP-r001:S-P01-S02:GS03:p0008,west,7,0,6
184,CP-AP-r001:S-P01-S02:GS03:p0009,west,6,0,5
185,CP-AP-r001:S-P01-S02:GS03:p0010,west,8,0,6
186,CP-AP-r001:S-P01-S02:GS03:p0011,west,6,0,1
187,CP-AP-r001:S-P01-S02:GS03:p0012,west,7,0,6
188,CP-AP-r001:S-P01-S02:GS04:p0001,east,0,7,5
189,CP-AP-r001:S-P01-S02:GS04:p0002,east,0,8,6
190,CP-AP-r001:S-P01-S02:GS04:p0003,east,0,7,0
191,CP-AP-r001:S-P01-S02:GS04:p0004,east,0,8,6
192,CP-AP-r001:S-P01-S02:GS04:p0005,east,0,7,5
193,CP-AP-r001:S-P01-S02:GS04:p0006,east,0,7,6
194,CP-AP-r001:S-P01-S02:GS04:p0007,east,0,6,0
195,CP-AP-r001:S-P01-S02:GS04:p0008,east,0,9,6
196,CP-AP-r001:S-P01-S02:GS04:p0009,east,0,7,4
197,CP-AP-r001:S-P01-S02:GS04:p0010,east,0,7,6
198,CP-AP-r001:S-P01-S02:GS04:p0011,east,0,8,0
199,CP-AP-r001:S-P01-S02:GS04:p0012,east,0,8,6
200,CP-AP-r001:S-P01-S02:GS04:p0013,east,0,7,3
201,CP-AP-r001:S-P01-S02:GS05:p0001,east,0,5,5
202,CP-AP-r001:S-P01-S02:GS05:p0002,east,0,7,6
203,CP-AP-r001:S-P01-S02:GS05:p0003,east,0,7,0
204,CP-AP-r001:S-P01-S02:GS05:p0004,east,0,8,6
205,CP-AP-r001:S-P01-S02:GS05:p0005,east,0,6,5
206,CP-AP-r001:S-P01-S02:GS05:p0006,east,0,6,6
207,CP-AP-r001:S-P01-S02:GS05:p0007,east,0,7,0
208,CP-AP-r001:S-P01-S02:GS05:p0008,east,0,8,6
209,CP-AP-r001:S-P01-S02:GS05:p0009,east,0,7,4
210,CP-AP-r001:S-P01-S02:GS05:p0010,east,0,8,6
211,CP-AP-r001:S-P01-S02:GS05:p0011,east,0,7,0
212,CP-AP-r001:S-P01-S02:GS05:p0012,east,0,8,6
213,CP-AP-r001:S-P01-S02:GS05:p0013,east,0,7,3
214,CP-AP-r001:S-P01-S02:GS06:p0001,east,0,7,5
215,CP-AP-r001:S-P01-S02:GS06:p0002,east,0,7,0
216,CP-AP-r001:S-P01-S02:GS06:p0003,east,0,8,6
217,CP-AP-r001:S-P01-S02:GS06:p0004,east,0,5,0
218,CP-AP-r001:S-P01-S02:GS06:p0005,east,0,7,5
219,CP-AP-r001:S-P01-S02:GS06:p0006,east,0,7,0
220,CP-AP-r001:S-P01-S02:GS06:p0007,east,0,8,6
221,CP-AP-r001:S-P01-S02:GS06:p0008,east,0,7,4
222,CP-AP-r001:S-P01-S02:GS06:p0009,east,0,7,6
223,CP-AP-r001:S-P01-S02:GS06:p0010,east,0,7,0
224,CP-AP-r001:S-P01-S02:GS06:p0011,east,0,8,6
225,CP-AP-r001:S-P01-S02:GS06:p0012,east,0,5,3
226,CP-AP-r001:S-P01-S02:GS07:p0001,west,8,0,6
227,CP-AP-r001:S-P01-S02:GS07:p0002,west,7,0,3
228,CP-AP-r001:S-P01-S02:GS07:p0003,west,8,0,6
229,CP-AP-r001:S-P01-S02:GS07:p0004,west,8,0,1
230,CP-AP-r001:S-P01-S02:GS07:p0005,west,7,0,6
231,CP-AP-r001:S-P01-S02:GS07:p0006,west,7,0,4
232,CP-AP-r001:S-P01-S02:GS07:p0007,west,10,0,6
233,CP-AP-r001:S-P01-S02:GS07:p0008,west,8,0,1
234,CP-AP-r001:S-P01-S02:GS07:p0009,west,5,0,6
235,CP-AP-r001:S-P01-S02:GS07:p0010,west,8,0,5
236,CP-AP-r001:S-P01-S02:GS07:p0011,west,8,0,0
237,CP-AP-r001:S-P01-S02:GS07:p0012,west,8,0,6
238,CP-AP-r001:S-P01-S02:GS07:p0013,west,8,0,1
239,CP-AP-r001:S-P01-S02:GS08:p0001,west,7,0,6
240,CP-AP-r001:S-P01-S02:GS08:p0002,west,8,0,3
241,CP-AP-r001:S-P01-S02:GS08:p0003,west,10,0,6
242,CP-AP-r001:S-P01-S02:GS08:p0004,west,8,0,1
243,CP-AP-r001:S-P01-S02:GS08:p0005,west,8,0,6
244,CP-AP-r001:S-P01-S02:GS08:p0006,west,8,0,4
245,CP-AP-r001:S-P01-S02:GS08:p0007,west,9,0,6
246,CP-AP-r001:S-P01-S02:GS08:p0008,west,8,0,1
247,CP-AP-r001:S-P01-S02:GS08:p0009,west,9,0,6
248,CP-AP-r001:S-P01-S02:GS08:p0010,west,8,0,5
249,CP-AP-r001:S-P01-S02:GS08:p0011,west,9,0,6
250,CP-AP-r001:S-P01-S02:GS08:p0012,west,8,0,1
251,CP-AP-r001:S-P01-S02:GS08:p0013,west,8,0,6
252,CP-AP-r001:S-P01-S02:GS09:p0001,west,8,0,6
253,CP-AP-r001:S-P01-S02:GS09:p0002,west,11,0,3
254,CP-AP-r001:S-P01-S02:GS09:p0003,west,10,0,6
255,CP-AP-r001:S-P01-S02:GS09:p0004,west,9,0,1
256,CP-AP-r001:S-P01-S02:GS09:p0005,west,8,0,6
257,CP-AP-r001:S-P01-S02:GS09:p0006,west,8,0,4
258,CP-AP-r001:S-P01-S02:GS09:p0007,west,10,0,6
259,CP-AP-r001:S-P01-S02:GS09:p0008,west,9,0,1
260,CP-AP-r001:S-P01-S02:GS09:p0009,west,8,0,6
261,CP-AP-r001:S-P01-S02:GS09:p0010,west,8,0,5
262,CP-AP-r001:S-P01-S02:GS09:p0011,west,10,0,6
263,CP-AP-r001:S-P01-S02:GS09:p0012,west,8,0,1
264,CP-AP-r001:S-P01-S02:GS09:p0013,west,8,0,6
265,CP-AP-r001:S-P01-S02:GS10:p0001,east,0,8,5
266,CP-AP-r001:S-P01-S02:GS10:p0002,east,0,9,6
267,CP-AP-r001:S-P01-S02:GS10:p0003,east,0,7,0
268,CP-AP-r001:S-P01-S02:GS10:p0004,east,0,8,6
269,CP-AP-r001:S-P01-S02:GS10:p0005,east,0,9,5
270,CP-AP-r001:S-P01-S02:GS10:p0006,east,0,8,5
271,CP-AP-r001:S-P01-S02:GS10:p0007,east,0,10,6
272,CP-AP-r001:S-P01-S02:GS10:p0008,east,0,7,0
273,CP-AP-r001:S-P01-S02:GS10:p0009,east,0,8,6
274,CP-AP-r001:S-P01-S02:GS10:p0010,east,0,9,6
275,CP-AP-r001:S-P01-S02:GS10:p0011,east,0,8,4
276,CP-AP-r001:S-P01-S02:GS10:p0012,east,0,10,6
277,CP-AP-r001:S-P01-S02:GS10:p0013,east,0,8,6
278,CP-AP-r001:S-P01-S02:GS10:p0014,east,0,9,6
279,CP-AP-r001:S-P01-S02:GS10:p0015,east,0,8,3
280,CP-AP-r001:S-P01-S02:GS11:p0001,east,0,7,5
281,CP-AP-r001:S-P01-S02:GS11:p0002,east,0,9,0
282,CP-AP-r001:S-P01-S02:GS11:p0003,east,0,8,6
283,CP-AP-r001:S-P01-S02:GS11:p0004,east,0,5,0
284,CP-AP-r001:S-P01-S02:GS11:p0005,east,0,7,5
285,CP-AP-r001:S-P01-S02:GS11:p0006,east,0,7,6
286,CP-AP-r001:S-P01-S02:GS11:p0007,east,0,8,0
287,CP-AP-r001:S-P01-S02:GS11:p0008,east,0,8,6
288,CP-AP-r001:S-P01-S02:GS11:p0009,east,0,7,0
289,CP-AP-r001:S-P01-S02:GS11:p0010,east,0,8,4
290,CP-AP-r001:S-P01-S02:GS11:p0011,east,0,8,6
291,CP-AP-r001:S-P01-S02:GS11:p0012,east,0,8,0
292,CP-AP-r001:S-P01-S02:GS11:p0013,east,0,8,6
293,CP-AP-r001:S-P01-S02:GS11:p0014,east,0,8,3
294,CP-AP-r001:S-P01-S02:GS12:p0001,east,0,8,5
295,CP-AP-r001:S-P01-S02:GS12:p0002,east,0,8,0
296,CP-AP-r001:S-P01-S02:GS12:p0003,east,0,8,6
297,CP-AP-r001:S-P01-S02:GS12:p0004,east,0,9,0
298,CP-AP-r001:S-P01-S02:GS12:p0005,east,0,9,5
299,CP-AP-r001:S-P01-S02:GS12:p0006,east,0,9,0
300,CP-AP-r001:S-P01-S02:GS12:p0007,east,0,8,6
301,CP-AP-r001:S-P01-S02:GS12:p0008,east,0,9,0
302,CP-AP-r001:S-P01-S02:GS12:p0009,east,0,7,4
303,CP-AP-r001:S-P01-S02:GS12:p0010,east,0,8,0
304,CP-AP-r001:S-P01-S02:GS12:p0011,east,0,8,6
305,CP-AP-r001:S-P01-S02:GS12:p0012,east,0,7,0
306,CP-AP-r001:S-P01-S02:GS12:p0013,east,0,7,3
307,CP-AP-r001:S-P01-S03:GS01:p0001,west,6,0,4
308,CP-AP-r001:S-P01-S03:GS01:p0002,west,7,0,0
309,CP-AP-r001:S-P01-S03:GS01:p0003,west,6,0,6
310,CP-AP-r001:S-P01-S03:GS01:p0004,west,8,0,1
311,CP-AP-r001:S-P01-S03:GS01:p0005,west,6,0,5
312,CP-AP-r001:S-P01-S03:GS01:p0006,west,7,0,0
313,CP-AP-r001:S-P01-S03:GS01:p0007,west,6,0,6
314,CP-AP-r001:S-P01-S03:GS01:p0008,west,8,0,2
315,CP-AP-r001:S-P01-S03:GS01:p0009,west,6,0,6
316,CP-AP-r001:S-P01-S03:GS01:p0010,west,6,0,0
317,CP-AP-r001:S-P01-S03:GS01:p0011,west,6,0,6
318,CP-AP-r001:S-P01-S03:GS01:p0012,west,8,0,3
319,CP-AP-r001:S-P01-S03:GS02:p0001,west,4,0,6
320,CP-AP-r001:S-P01-S03:GS02:p0002,west,6,0,4
321,CP-AP-r001:S-P01-S03:GS02:p0003,west,6,0,6
322,CP-AP-r001:S-P01-S03:GS02:p0004,west,8,0,1
323,CP-AP-r001:S-P01-S03:GS02:p0005,west,6,0,5
324,CP-AP-r001:S-P01-S03:GS02:p0006,west,7,0,0
325,CP-AP-r001:S-P01-S03:GS02:p0007,west,6,0,6
326,CP-AP-r001:S-P01-S03:GS02:p0008,west,8,0,2
327,CP-AP-r001:S-P01-S03:GS02:p0009,west,4,0,6
328,CP-AP-r001:S-P01-S03:GS02:p0010,west,6,0,0
329,CP-AP-r001:S-P01-S03:GS02:p0011,west,6,0,6
330,CP-AP-r001:S-P01-S03:GS02:p0012,west,8,0,3
331,CP-AP-r001:S-P01-S03:GS03:p0001,west,4,0,6
332,CP-AP-r001:S-P01-S03:GS03:p0002,west,6,0,4
333,CP-AP-r001:S-P01-S03:GS03:p0003,west,8,0,6
334,CP-AP-r001:S-P01-S03:GS03:p0004,west,7,0,1
335,CP-AP-r001:S-P01-S03:GS03:p0005,west,7,0,6
336,CP-AP-r001:S-P01-S03:GS03:p0006,west,5,0,5
337,CP-AP-r001:S-P01-S03:GS03:p0007,west,8,0,6
338,CP-AP-r001:S-P01-S03:GS03:p0008,west,9,0,2
339,CP-AP-r001:S-P01-S03:GS03:p0009,west,7,0,6
340,CP-AP-r001:S-P01-S03:GS03:p0010,west,6,0,6
341,CP-AP-r001:S-P01-S03:GS03:p0011,west,6,0,6
342,CP-AP-r001:S-P01-S03:GS03:p0012,west,8,0,3
343,CP-AP-r001:S-P01-S03:GS04:p0001,east,0,4,5
344,CP-AP-r001:S-P01-S03:GS04:p0002,east,0,6,6
345,CP-AP-r001:S-P01-S03:GS04:p0003,east,0,7,0
346,CP-AP-r001:S-P01-S03:GS04:p0004,east,0,9,6
347,CP-AP-r001:S-P01-S03:GS04:p0005,east,0,6,4
348,CP-AP-r001:S-P01-S03:GS04:p0006,east,0,6,6
349,CP-AP-r001:S-P01-S03:GS04:p0007,east,0,8,6
350,CP-AP-r001:S-P01-S03:GS04:p0008,east,0,6,3
351,CP-AP-r001:S-P01-S03:GS04:p0009,east,0,6,6
352,CP-AP-r001:S-P01-S03:GS04:p0010,east,0,8,6
353,CP-AP-r001:S-P01-S03:GS04:p0011,east,0,7,6
354,CP-AP-r001:S-P01-S03:GS04:p0012,east,0,6,2
355,CP-AP-r001:S-P01-S03:GS05:p0001,east,0,4,5
356,CP-AP-r001:S-P01-S03:GS05:p0002,east,0,8,6
357,CP-AP-r001:S-P01-S03:GS05:p0003,east,0,6,0
358,CP-AP-r001:S-P01-S03:GS05:p0004,east,0,8,6
359,CP-AP-r001:S-P01-S03:GS05:p0005,east,0,6,4
360,CP-AP-r001:S-P01-S03:GS05:p0006,east,0,6,6
361,CP-AP-r001:S-P01-S03:GS05:p0007,east,0,6,0
362,CP-AP-r001:S-P01-S03:GS05:p0008,east,0,8,6
363,CP-AP-r001:S-P01-S03:GS05:p0009,east,0,6,3
364,CP-AP-r001:S-P01-S03:GS05:p0010,east,0,6,6
365,CP-AP-r001:S-P01-S03:GS05:p0011,east,0,6,0
366,CP-AP-r001:S-P01-S03:GS05:p0012,east,0,10,6
367,CP-AP-r001:S-P01-S03:GS05:p0013,east,0,6,2
368,CP-AP-r001:S-P01-S03:GS06:p0001,east,0,4,5
369,CP-AP-r001:S-P01-S03:GS06:p0002,east,0,6,0
370,CP-AP-r001:S-P01-S03:GS06:p0003,east,0,8,6
371,CP-AP-r001:S-P01-S03:GS06:p0004,east,0,4,4
372,CP-AP-r001:S-P01-S03:GS06:p0005,east,0,7,6
373,CP-AP-r001:S-P01-S03:GS06:p0006,east,0,6,0
374,CP-AP-r001:S-P01-S03:GS06:p0007,east,0,8,6
375,CP-AP-r001:S-P01-S03:GS06:p0008,east,0,6,3
376,CP-AP-r001:S-P01-S03:GS06:p0009,east,0,7,6
377,CP-AP-r001:S-P01-S03:GS06:p0010,east,0,6,0
378,CP-AP-r001:S-P01-S03:GS06:p0011,east,0,8,6
379,CP-AP-r001:S-P01-S03:GS06:p0012,east,0,6,2
380,CP-AP-r001:S-P01-S03:GS07:p0001,west,3,0,6
381,CP-AP-r001:S-P01-S03:GS07:p0002,west,8,0,4
382,CP-AP-r001:S-P01-S03:GS07:p0003,west,9,0,0
383,CP-AP-r001:S-P01-S03:GS07:p0004,west,9,0,6
384,CP-AP-r001:S-P01-S03:GS07:p0005,west,8,0,1
385,CP-AP-r001:S-P01-S03:GS07:p0006,west,8,0,6
386,CP-AP-r001:S-P01-S03:GS07:p0007,west,8,0,5
387,CP-AP-r001:S-P01-S03:GS07:p0008,west,8,0,0
388,CP-AP-r001:S-P01-S03:GS07:p0009,west,9,0,6
389,CP-AP-r001:S-P01-S03:GS07:p0010,west,8,0,2
390,CP-AP-r001:S-P01-S03:GS07:p0011,west,8,0,6
391,CP-AP-r001:S-P01-S03:GS07:p0012,west,10,0,0
392,CP-AP-r001:S-P01-S03:GS07:p0013,west,6,0,6
393,CP-AP-r001:S-P01-S03:GS07:p0014,west,8,0,3
394,CP-AP-r001:S-P01-S03:GS07:p0015,west,10,0,0
395,CP-AP-r001:S-P01-S03:GS08:p0001,west,4,0,6
396,CP-AP-r001:S-P01-S03:GS08:p0002,west,8,0,4
397,CP-AP-r001:S-P01-S03:GS08:p0003,west,8,0,6
398,CP-AP-r001:S-P01-S03:GS08:p0004,west,8,0,1
399,CP-AP-r001:S-P01-S03:GS08:p0005,west,9,0,6
400,CP-AP-r001:S-P01-S03:GS08:p0006,west,8,0,5
401,CP-AP-r001:S-P01-S03:GS08:p0007,west,8,0,6
402,CP-AP-r001:S-P01-S03:GS08:p0008,west,8,0,2
403,CP-AP-r001:S-P01-S03:GS08:p0009,west,6,0,6
404,CP-AP-r001:S-P01-S03:GS08:p0010,west,8,0,6
405,CP-AP-r001:S-P01-S03:GS08:p0011,west,9,0,6
406,CP-AP-r001:S-P01-S03:GS08:p0012,west,8,0,3
407,CP-AP-r001:S-P01-S03:GS08:p0013,west,6,0,6
408,CP-AP-r001:S-P01-S03:GS09:p0001,west,4,0,6
409,CP-AP-r001:S-P01-S03:GS09:p0002,west,7,0,4
410,CP-AP-r001:S-P01-S03:GS09:p0003,west,10,0,6
411,CP-AP-r001:S-P01-S03:GS09:p0004,west,9,0,1
412,CP-AP-r001:S-P01-S03:GS09:p0005,west,7,0,6
413,CP-AP-r001:S-P01-S03:GS09:p0006,west,7,0,5
414,CP-AP-r001:S-P01-S03:GS09:p0007,west,8,0,6
415,CP-AP-r001:S-P01-S03:GS09:p0008,west,8,0,2
416,CP-AP-r001:S-P01-S03:GS09:p0009,west,8,0,6
417,CP-AP-r001:S-P01-S03:GS09:p0010,west,8,0,6
418,CP-AP-r001:S-P01-S03:GS09:p0011,west,8,0,6
419,CP-AP-r001:S-P01-S03:GS09:p0012,west,8,0,3
420,CP-AP-r001:S-P01-S03:GS09:p0013,west,9,0,6
421,CP-AP-r001:S-P01-S03:GS10:p0001,east,0,4,5
422,CP-AP-r001:S-P01-S03:GS10:p0002,east,0,10,6
423,CP-AP-r001:S-P01-S03:GS10:p0003,east,0,8,6
424,CP-AP-r001:S-P01-S03:GS10:p0004,east,0,10,6
425,CP-AP-r001:S-P01-S03:GS10:p0005,east,0,7,4
426,CP-AP-r001:S-P01-S03:GS10:p0006,east,0,11,6
427,CP-AP-r001:S-P01-S03:GS10:p0007,east,0,10,6
428,CP-AP-r001:S-P01-S03:GS10:p0008,east,0,10,6
429,CP-AP-r001:S-P01-S03:GS10:p0009,east,0,7,3
430,CP-AP-r001:S-P01-S03:GS10:p0010,east,0,7,6
431,CP-AP-r001:S-P01-S03:GS10:p0011,east,0,10,6
432,CP-AP-r001:S-P01-S03:GS10:p0012,east,0,10,6
433,CP-AP-r001:S-P01-S03:GS10:p0013,east,0,7,2
434,CP-AP-r001:S-P01-S03:GS11:p0001,east,0,4,5
435,CP-AP-r001:S-P01-S03:GS11:p0002,east,0,10,6
436,CP-AP-r001:S-P01-S03:GS11:p0003,east,0,9,0
437,CP-AP-r001:S-P01-S03:GS11:p0004,east,0,8,6
438,CP-AP-r001:S-P01-S03:GS11:p0005,east,0,8,4
439,CP-AP-r001:S-P01-S03:GS11:p0006,east,0,10,6
440,CP-AP-r001:S-P01-S03:GS11:p0007,east,0,6,0
441,CP-AP-r001:S-P01-S03:GS11:p0008,east,0,8,6
442,CP-AP-r001:S-P01-S03:GS11:p0009,east,0,10,6
443,CP-AP-r001:S-P01-S03:GS11:p0010,east,0,8,3
444,CP-AP-r001:S-P01-S03:GS11:p0011,east,0,10,6
445,CP-AP-r001:S-P01-S03:GS11:p0012,east,0,6,0
446,CP-AP-r001:S-P01-S03:GS11:p0013,east,0,8,6
447,CP-AP-r001:S-P01-S03:GS11:p0014,east,0,9,6
448,CP-AP-r001:S-P01-S03:GS11:p0015,east,0,8,2
449,CP-AP-r001:S-P01-S03:GS12:p0001,east,0,4,5
450,CP-AP-r001:S-P01-S03:GS12:p0002,east,0,8,0
451,CP-AP-r001:S-P01-S03:GS12:p0003,east,0,8,6
452,CP-AP-r001:S-P01-S03:GS12:p0004,east,0,7,0
453,CP-AP-r001:S-P01-S03:GS12:p0005,east,0,8,4
454,CP-AP-r001:S-P01-S03:GS12:p0006,east,0,10,0
455,CP-AP-r001:S-P01-S03:GS12:p0007,east,0,8,6
456,CP-AP-r001:S-P01-S03:GS12:p0008,east,0,5,0
457,CP-AP-r001:S-P01-S03:GS12:p0009,east,0,8,3
458,CP-AP-r001:S-P01-S03:GS12:p0010,east,0,9,6
459,CP-AP-r001:S-P01-S03:GS12:p0011,east,0,9,0
460,CP-AP-r001:S-P01-S03:GS12:p0012,east,0,8,6
461,CP-AP-r001:S-P01-S03:GS12:p0013,east,0,7,0
462,CP-AP-r001:S-P01-S03:GS12:p0014,east,0,8,2
463,CP-AP-r001:S-P01-S04:GS01:p0001,west,6,0,5
464,CP-AP-r001:S-P01-S04:GS01:p0002,west,7,0,0
465,CP-AP-r001:S-P01-S04:GS01:p0003,west,7,0,6
466,CP-AP-r001:S-P01-S04:GS01:p0004,west,8,0,1
467,CP-AP-r001:S-P01-S04:GS01:p0005,west,7,0,5
468,CP-AP-r001:S-P01-S04:GS01:p0006,west,8,0,0
469,CP-AP-r001:S-P01-S04:GS01:p0007,west,7,0,6
470,CP-AP-r001:S-P01-S04:GS01:p0008,west,8,0,2
471,CP-AP-r001:S-P01-S04:GS01:p0009,west,7,0,6
472,CP-AP-r001:S-P01-S04:GS01:p0010,west,7,0,0
473,CP-AP-r001:S-P01-S04:GS01:p0011,west,7,0,6
474,CP-AP-r001:S-P01-S04:GS01:p0012,west,8,0,3
475,CP-AP-r001:S-P01-S04:GS02:p0001,west,7,0,5
476,CP-AP-r001:S-P01-S04:GS02:p0002,west,7,0,6
477,CP-AP-r001:S-P01-S04:GS02:p0003,west,8,0,1
478,CP-AP-r001:S-P01-S04:GS02:p0004,west,7,0,5
479,CP-AP-r001:S-P01-S04:GS02:p0005,west,7,0,0
480,CP-AP-r001:S-P01-S04:GS02:p0006,west,7,0,6
481,CP-AP-r001:S-P01-S04:GS02:p0007,west,8,0,2
482,CP-AP-r001:S-P01-S04:GS02:p0008,west,5,0,6
483,CP-AP-r001:S-P01-S04:GS02:p0009,west,6,0,0
484,CP-AP-r001:S-P01-S04:GS02:p0010,west,7,0,6
485,CP-AP-r001:S-P01-S04:GS02:p0011,west,8,0,3
486,CP-AP-r001:S-P01-S04:GS03:p0001,west,4,0,6
487,CP-AP-r001:S-P01-S04:GS03:p0002,west,7,0,5
488,CP-AP-r001:S-P01-S04:GS03:p0003,west,8,0,6
489,CP-AP-r001:S-P01-S04:GS03:p0004,west,6,0,1
490,CP-AP-r001:S-P01-S04:GS03:p0005,west,7,0,6
491,CP-AP-r001:S-P01-S04:GS03:p0006,west,7,0,5
492,CP-AP-r001:S-P01-S04:GS03:p0007,west,9,0,6
493,CP-AP-r001:S-P01-S04:GS03:p0008,west,8,0,2
494,CP-AP-r001:S-P01-S04:GS03:p0009,west,5,0,6
495,CP-AP-r001:S-P01-S04:GS03:p0010,west,7,0,6
496,CP-AP-r001:S-P01-S04:GS03:p0011,west,7,0,6
497,CP-AP-r001:S-P01-S04:GS03:p0012,west,8,0,3
498,CP-AP-r001:S-P01-S04:GS04:p0001,east,0,4,4
499,CP-AP-r001:S-P01-S04:GS04:p0002,east,0,7,6
500,CP-AP-r001:S-P01-S04:GS04:p0003,east,0,8,0
501,CP-AP-r001:S-P01-S04:GS04:p0004,east,0,9,6
502,CP-AP-r001:S-P01-S04:GS04:p0005,east,0,7,3
503,CP-AP-r001:S-P01-S04:GS04:p0006,east,0,7,6
504,CP-AP-r001:S-P01-S04:GS04:p0007,east,0,8,6
505,CP-AP-r001:S-P01-S04:GS04:p0008,east,0,7,3
506,CP-AP-r001:S-P01-S04:GS04:p0009,east,0,7,6
507,CP-AP-r001:S-P01-S04:GS04:p0010,east,0,8,6
508,CP-AP-r001:S-P01-S04:GS04:p0011,east,0,7,6
509,CP-AP-r001:S-P01-S04:GS04:p0012,east,0,7,2
510,CP-AP-r001:S-P01-S04:GS05:p0001,east,0,3,4
511,CP-AP-r001:S-P01-S04:GS05:p0002,east,0,8,6
512,CP-AP-r001:S-P01-S04:GS05:p0003,east,0,7,0
513,CP-AP-r001:S-P01-S04:GS05:p0004,east,0,8,6
514,CP-AP-r001:S-P01-S04:GS05:p0005,east,0,7,3
515,CP-AP-r001:S-P01-S04:GS05:p0006,east,0,7,6
516,CP-AP-r001:S-P01-S04:GS05:p0007,east,0,7,0
517,CP-AP-r001:S-P01-S04:GS05:p0008,east,0,8,6
518,CP-AP-r001:S-P01-S04:GS05:p0009,east,0,7,3
519,CP-AP-r001:S-P01-S04:GS05:p0010,east,0,7,6
520,CP-AP-r001:S-P01-S04:GS05:p0011,east,0,7,0
521,CP-AP-r001:S-P01-S04:GS05:p0012,east,0,10,6
522,CP-AP-r001:S-P01-S04:GS05:p0013,east,0,7,2
523,CP-AP-r001:S-P01-S04:GS06:p0001,east,0,4,4
524,CP-AP-r001:S-P01-S04:GS06:p0002,east,0,7,6
525,CP-AP-r001:S-P01-S04:GS06:p0003,east,0,7,0
526,CP-AP-r001:S-P01-S04:GS06:p0004,east,0,8,6
527,CP-AP-r001:S-P01-S04:GS06:p0005,east,0,5,3
528,CP-AP-r001:S-P01-S04:GS06:p0006,east,0,7,6
529,CP-AP-r001:S-P01-S04:GS06:p0007,east,0,7,0
530,CP-AP-r001:S-P01-S04:GS06:p0008,east,0,8,6
531,CP-AP-r001:S-P01-S04:GS06:p0009,east,0,6,3
532,CP-AP-r001:S-P01-S04:GS06:p0010,east,0,7,6
533,CP-AP-r001:S-P01-S04:GS06:p0011,east,0,7,0
534,CP-AP-r001:S-P01-S04:GS06:p0012,east,0,8,6
535,CP-AP-r001:S-P01-S04:GS06:p0013,east,0,7,2
536,CP-AP-r001:S-P01-S04:GS07:p0001,west,2,0,6
537,CP-AP-r001:S-P01-S04:GS07:p0002,west,7,0,5
538,CP-AP-r001:S-P01-S04:GS07:p0003,west,7,0,0
539,CP-AP-r001:S-P01-S04:GS07:p0004,west,8,0,6
540,CP-AP-r001:S-P01-S04:GS07:p0005,west,8,0,1
541,CP-AP-r001:S-P01-S04:GS07:p0006,west,8,0,5
542,CP-AP-r001:S-P01-S04:GS07:p0007,west,7,0,0
543,CP-AP-r001:S-P01-S04:GS07:p0008,west,8,0,6
544,CP-AP-r001:S-P01-S04:GS07:p0009,west,8,0,2
545,CP-AP-r001:S-P01-S04:GS07:p0010,west,8,0,6
546,CP-AP-r001:S-P01-S04:GS07:p0011,west,10,0,0
547,CP-AP-r001:S-P01-S04:GS07:p0012,west,7,0,6
548,CP-AP-r001:S-P01-S04:GS07:p0013,west,8,0,3
549,CP-AP-r001:S-P01-S04:GS07:p0014,west,8,0,0
550,CP-AP-r001:S-P01-S04:GS08:p0001,west,3,0,6
551,CP-AP-r001:S-P01-S04:GS08:p0002,west,8,0,5
552,CP-AP-r001:S-P01-S04:GS08:p0003,west,9,0,6
553,CP-AP-r001:S-P01-S04:GS08:p0004,west,8,0,1
554,CP-AP-r001:S-P01-S04:GS08:p0005,west,9,0,6
555,CP-AP-r001:S-P01-S04:GS08:p0006,west,7,0,5
556,CP-AP-r001:S-P01-S04:GS08:p0007,west,8,0,6
557,CP-AP-r001:S-P01-S04:GS08:p0008,west,8,0,2
558,CP-AP-r001:S-P01-S04:GS08:p0009,west,6,0,6
559,CP-AP-r001:S-P01-S04:GS08:p0010,west,7,0,6
560,CP-AP-r001:S-P01-S04:GS08:p0011,west,8,0,0
561,CP-AP-r001:S-P01-S04:GS08:p0012,west,9,0,6
562,CP-AP-r001:S-P01-S04:GS08:p0013,west,8,0,3
563,CP-AP-r001:S-P01-S04:GS08:p0014,west,6,0,6
564,CP-AP-r001:S-P01-S04:GS09:p0001,west,4,0,6
565,CP-AP-r001:S-P01-S04:GS09:p0002,west,8,0,5
566,CP-AP-r001:S-P01-S04:GS09:p0003,west,10,0,6
567,CP-AP-r001:S-P01-S04:GS09:p0004,west,8,0,1
568,CP-AP-r001:S-P01-S04:GS09:p0005,west,8,0,6
569,CP-AP-r001:S-P01-S04:GS09:p0006,west,8,0,5
570,CP-AP-r001:S-P01-S04:GS09:p0007,west,8,0,6
571,CP-AP-r001:S-P01-S04:GS09:p0008,west,8,0,2
572,CP-AP-r001:S-P01-S04:GS09:p0009,west,9,0,6
573,CP-AP-r001:S-P01-S04:GS09:p0010,west,8,0,6
574,CP-AP-r001:S-P01-S04:GS09:p0011,west,9,0,6
575,CP-AP-r001:S-P01-S04:GS09:p0012,west,8,0,3
576,CP-AP-r001:S-P01-S04:GS09:p0013,west,9,0,6
577,CP-AP-r001:S-P01-S04:GS10:p0001,east,0,4,4
578,CP-AP-r001:S-P01-S04:GS10:p0002,east,0,10,6
579,CP-AP-r001:S-P01-S04:GS10:p0003,east,0,8,6
580,CP-AP-r001:S-P01-S04:GS10:p0004,east,0,9,6
581,CP-AP-r001:S-P01-S04:GS10:p0005,east,0,8,3
582,CP-AP-r001:S-P01-S04:GS10:p0006,east,0,11,6
583,CP-AP-r001:S-P01-S04:GS10:p0007,east,0,10,6
584,CP-AP-r001:S-P01-S04:GS10:p0008,east,0,9,6
585,CP-AP-r001:S-P01-S04:GS10:p0009,east,0,8,3
586,CP-AP-r001:S-P01-S04:GS10:p0010,east,0,8,6
587,CP-AP-r001:S-P01-S04:GS10:p0011,east,0,10,6
588,CP-AP-r001:S-P01-S04:GS10:p0012,east,0,9,6
589,CP-AP-r001:S-P01-S04:GS10:p0013,east,0,8,2
590,CP-AP-r001:S-P01-S04:GS11:p0001,east,0,4,4
591,CP-AP-r001:S-P01-S04:GS11:p0002,east,0,9,6
592,CP-AP-r001:S-P01-S04:GS11:p0003,east,0,8,0
593,CP-AP-r001:S-P01-S04:GS11:p0004,east,0,8,6
594,CP-AP-r001:S-P01-S04:GS11:p0005,east,0,8,3
595,CP-AP-r001:S-P01-S04:GS11:p0006,east,0,9,6
596,CP-AP-r001:S-P01-S04:GS11:p0007,east,0,7,0
597,CP-AP-r001:S-P01-S04:GS11:p0008,east,0,8,6
598,CP-AP-r001:S-P01-S04:GS11:p0009,east,0,8,6
599,CP-AP-r001:S-P01-S04:GS11:p0010,east,0,8,3
600,CP-AP-r001:S-P01-S04:GS11:p0011,east,0,10,6
601,CP-AP-r001:S-P01-S04:GS11:p0012,east,0,8,0
602,CP-AP-r001:S-P01-S04:GS11:p0013,east,0,8,6
603,CP-AP-r001:S-P01-S04:GS11:p0014,east,0,8,6
604,CP-AP-r001:S-P01-S04:GS11:p0015,east,0,8,2
605,CP-AP-r001:S-P01-S04:GS12:p0001,east,0,3,4
606,CP-AP-r001:S-P01-S04:GS12:p0002,east,0,8,0
607,CP-AP-r001:S-P01-S04:GS12:p0003,east,0,8,6
608,CP-AP-r001:S-P01-S04:GS12:p0004,east,0,7,0
609,CP-AP-r001:S-P01-S04:GS12:p0005,east,0,7,3
610,CP-AP-r001:S-P01-S04:GS12:p0006,east,0,10,0
611,CP-AP-r001:S-P01-S04:GS12:p0007,east,0,8,6
612,CP-AP-r001:S-P01-S04:GS12:p0008,east,0,5,0
613,CP-AP-r001:S-P01-S04:GS12:p0009,east,0,8,3
614,CP-AP-r001:S-P01-S04:GS12:p0010,east,0,8,6
615,CP-AP-r001:S-P01-S04:GS12:p0011,east,0,8,0
616,CP-AP-r001:S-P01-S04:GS12:p0012,east,0,8,6
617,CP-AP-r001:S-P01-S04:GS12:p0013,east,0,8,2
618,CP-AP-r001:S-P01-S05:GS01:p0001,west,6,0,6
619,CP-AP-r001:S-P01-S05:GS01:p0002,west,6,0,0
620,CP-AP-r001:S-P01-S05:GS01:p0003,west,6,0,6
621,CP-AP-r001:S-P01-S05:GS01:p0004,west,8,0,3
622,CP-AP-r001:S-P01-S05:GS01:p0005,west,6,0,6
623,CP-AP-r001:S-P01-S05:GS01:p0006,west,6,0,0
624,CP-AP-r001:S-P01-S05:GS01:p0007,west,6,0,6
625,CP-AP-r001:S-P01-S05:GS01:p0008,west,10,0,3
626,CP-AP-r001:S-P01-S05:GS01:p0009,west,6,0,6
627,CP-AP-r001:S-P01-S05:GS01:p0010,west,6,0,0
628,CP-AP-r001:S-P01-S05:GS01:p0011,west,7,0,6
629,CP-AP-r001:S-P01-S05:GS01:p0012,west,8,0,4
630,CP-AP-r001:S-P01-S05:GS02:p0001,west,4,0,6
631,CP-AP-r001:S-P01-S05:GS02:p0002,west,6,0,0
632,CP-AP-r001:S-P01-S05:GS02:p0003,west,6,0,6
633,CP-AP-r001:S-P01-S05:GS02:p0004,west,8,0,3
634,CP-AP-r001:S-P01-S05:GS02:p0005,west,6,0,6
635,CP-AP-r001:S-P01-S05:GS02:p0006,west,8,0,0
636,CP-AP-r001:S-P01-S05:GS02:p0007,west,6,0,6
637,CP-AP-r001:S-P01-S05:GS02:p0008,west,8,0,3
638,CP-AP-r001:S-P01-S05:GS02:p0009,west,6,0,6
639,CP-AP-r001:S-P01-S05:GS02:p0010,west,7,0,0
640,CP-AP-r001:S-P01-S05:GS02:p0011,west,6,0,6
641,CP-AP-r001:S-P01-S05:GS02:p0012,west,8,0,4
642,CP-AP-r001:S-P01-S05:GS03:p0002,west,6,0,6
643,CP-AP-r001:S-P01-S05:GS03:p0003,west,6,0,6
644,CP-AP-r001:S-P01-S05:GS03:p0004,west,8,0,3
645,CP-AP-r001:S-P01-S05:GS03:p0005,west,6,0,6
646,CP-AP-r001:S-P01-S05:GS03:p0006,west,6,0,6
647,CP-AP-r001:S-P01-S05:GS03:p0007,west,8,0,3
648,CP-AP-r001:S-P01-S05:GS03:p0008,west,5,0,6
649,CP-AP-r001:S-P01-S05:GS03:p0009,west,7,0,0
650,CP-AP-r001:S-P01-S05:GS03:p0010,west,6,0,6
651,CP-AP-r001:S-P01-S05:GS03:p0011,west,8,0,4
652,CP-AP-r001:S-P01-S05:GS04:p0002,east,0,6,6
653,CP-AP-r001:S-P01-S05:GS04:p0003,east,0,8,6
654,CP-AP-r001:S-P01-S05:GS04:p0004,east,0,7,6
655,CP-AP-r001:S-P01-S05:GS04:p0005,east,0,6,2
656,CP-AP-r001:S-P01-S05:GS04:p0006,east,0,5,6
657,CP-AP-r001:S-P01-S05:GS04:p0007,east,0,8,6
658,CP-AP-r001:S-P01-S05:GS04:p0008,east,0,7,6
659,CP-AP-r001:S-P01-S05:GS04:p0009,east,0,7,1
660,CP-AP-r001:S-P01-S05:GS04:p0010,east,0,6,6
661,CP-AP-r001:S-P01-S05:GS04:p0011,east,0,7,5
662,CP-AP-r001:S-P01-S05:GS04:p0012,east,0,9,6
663,CP-AP-r001:S-P01-S05:GS04:p0013,east,0,7,1
664,CP-AP-r001:S-P01-S05:GS05:p0002,east,0,6,6
665,CP-AP-r001:S-P01-S05:GS05:p0003,east,0,5,0
666,CP-AP-r001:S-P01-S05:GS05:p0004,east,0,9,6
667,CP-AP-r001:S-P01-S05:GS05:p0005,east,0,6,2
668,CP-AP-r001:S-P01-S05:GS05:p0006,east,0,6,6
669,CP-AP-r001:S-P01-S05:GS05:p0007,east,0,7,0
670,CP-AP-r001:S-P01-S05:GS05:p0008,east,0,8,6
671,CP-AP-r001:S-P01-S05:GS05:p0009,east,0,6,1
672,CP-AP-r001:S-P01-S05:GS05:p0010,east,0,6,6
673,CP-AP-r001:S-P01-S05:GS05:p0011,east,0,8,5
674,CP-AP-r001:S-P01-S05:GS05:p0012,east,0,6,1
675,CP-AP-r001:S-P01-S05:GS06:p0002,east,0,7,6
676,CP-AP-r001:S-P01-S05:GS06:p0003,east,0,6,0
677,CP-AP-r001:S-P01-S05:GS06:p0004,east,0,8,6
678,CP-AP-r001:S-P01-S05:GS06:p0005,east,0,6,2
679,CP-AP-r001:S-P01-S05:GS06:p0006,east,0,7,6
680,CP-AP-r001:S-P01-S05:GS06:p0007,east,0,6,0
681,CP-AP-r001:S-P01-S05:GS06:p0008,east,0,8,6
682,CP-AP-r001:S-P01-S05:GS06:p0009,east,0,6,1
683,CP-AP-r001:S-P01-S05:GS06:p0010,east,0,6,6
684,CP-AP-r001:S-P01-S05:GS06:p0011,east,0,6,0
685,CP-AP-r001:S-P01-S05:GS06:p0012,east,0,8,5
686,CP-AP-r001:S-P01-S05:GS06:p0013,east,0,6,1
687,CP-AP-r001:S-P01-S05:GS07:p0001,west,8,0,6
688,CP-AP-r001:S-P01-S05:GS07:p0002,west,10,0,0
689,CP-AP-r001:S-P01-S05:GS07:p0003,west,6,0,6
690,CP-AP-r001:S-P01-S05:GS07:p0004,west,8,0,3
691,CP-AP-r001:S-P01-S05:GS07:p0005,west,10,0,0
692,CP-AP-r001:S-P01-S05:GS07:p0006,west,8,0,6
693,CP-AP-r001:S-P01-S05:GS07:p0007,west,10,0,0
694,CP-AP-r001:S-P01-S05:GS07:p0008,west,7,0,6
695,CP-AP-r001:S-P01-S05:GS07:p0009,west,8,0,3
696,CP-AP-r001:S-P01-S05:GS07:p0010,west,8,0,0
697,CP-AP-r001:S-P01-S05:GS07:p0011,west,8,0,6
698,CP-AP-r001:S-P01-S05:GS07:p0012,west,10,0,0
699,CP-AP-r001:S-P01-S05:GS07:p0013,west,9,0,4
700,CP-AP-r001:S-P01-S05:GS07:p0014,west,10,0,0
701,CP-AP-r001:S-P01-S05:GS08:p0002,west,8,0,6
702,CP-AP-r001:S-P01-S05:GS08:p0003,west,10,0,6
703,CP-AP-r001:S-P01-S05:GS08:p0004,west,8,0,3
704,CP-AP-r001:S-P01-S05:GS08:p0005,west,5,0,6
705,CP-AP-r001:S-P01-S05:GS08:p0006,west,8,0,6
706,CP-AP-r001:S-P01-S05:GS08:p0007,west,10,0,0
707,CP-AP-r001:S-P01-S05:GS08:p0008,west,9,0,6
708,CP-AP-r001:S-P01-S05:GS08:p0009,west,8,0,3
709,CP-AP-r001:S-P01-S05:GS08:p0010,west,8,0,6
710,CP-AP-r001:S-P01-S05:GS08:p0011,west,9,0,0
711,CP-AP-r001:S-P01-S05:GS08:p0012,west,7,0,6
712,CP-AP-r001:S-P01-S05:GS08:p0013,west,8,0,4
713,CP-AP-r001:S-P01-S05:GS09:p0002,west,8,0,6
714,CP-AP-r001:S-P01-S05:GS09:p0003,west,8,0,6
715,CP-AP-r001:S-P01-S05:GS09:p0004,west,8,0,3
716,CP-AP-r001:S-P01-S05:GS09:p0005,west,9,0,6
717,CP-AP-r001:S-P01-S05:GS09:p0006,west,7,0,6
718,CP-AP-r001:S-P01-S05:GS09:p0007,west,8,0,6
719,CP-AP-r001:S-P01-S05:GS09:p0008,west,8,0,3
720,CP-AP-r001:S-P01-S05:GS09:p0009,west,9,0,6
721,CP-AP-r001:S-P01-S05:GS09:p0010,west,8,0,6
722,CP-AP-r001:S-P01-S05:GS09:p0011,west,8,0,6
723,CP-AP-r001:S-P01-S05:GS09:p0012,west,8,0,4
724,CP-AP-r001:S-P01-S05:GS09:p0013,west,6,0,6
725,CP-AP-r001:S-P01-S05:GS10:p0002,east,0,7,6
726,CP-AP-r001:S-P01-S05:GS10:p0003,east,0,10,6
727,CP-AP-r001:S-P01-S05:GS10:p0004,east,0,10,6
728,CP-AP-r001:S-P01-S05:GS10:p0005,east,0,7,2
729,CP-AP-r001:S-P01-S05:GS10:p0006,east,0,7,6
730,CP-AP-r001:S-P01-S05:GS10:p0007,east,0,10,6
731,CP-AP-r001:S-P01-S05:GS10:p0008,east,0,9,6
732,CP-AP-r001:S-P01-S05:GS10:p0009,east,0,7,1
733,CP-AP-r001:S-P01-S05:GS10:p0010,east,0,8,6
734,CP-AP-r001:S-P01-S05:GS10:p0011,east,0,8,5
735,CP-AP-r001:S-P01-S05:GS10:p0012,east,0,8,6
736,CP-AP-r001:S-P01-S05:GS10:p0013,east,0,9,1
737,CP-AP-r001:S-P01-S05:GS11:p0002,east,0,10,6
738,CP-AP-r001:S-P01-S05:GS11:p0003,east,0,6,0
739,CP-AP-r001:S-P01-S05:GS11:p0004,east,0,8,6
740,CP-AP-r001:S-P01-S05:GS11:p0005,east,0,10,6
741,CP-AP-r001:S-P01-S05:GS11:p0006,east,0,8,2
742,CP-AP-r001:S-P01-S05:GS11:p0007,east,0,11,6
743,CP-AP-r001:S-P01-S05:GS11:p0008,east,0,8,6
744,CP-AP-r001:S-P01-S05:GS11:p0009,east,0,10,6
745,CP-AP-r001:S-P01-S05:GS11:p0010,east,0,7,1
746,CP-AP-r001:S-P01-S05:GS11:p0011,east,0,10,6
747,CP-AP-r001:S-P01-S05:GS11:p0012,east,0,10,5
748,CP-AP-r001:S-P01-S05:GS11:p0013,east,0,10,6
749,CP-AP-r001:S-P01-S05:GS11:p0014,east,0,7,1
750,CP-AP-r001:S-P01-S05:GS12:p0002,east,0,9,6
751,CP-AP-r001:S-P01-S05:GS12:p0003,east,0,9,0
752,CP-AP-r001:S-P01-S05:GS12:p0004,east,0,8,6
753,CP-AP-r001:S-P01-S05:GS12:p0005,east,0,8,0
754,CP-AP-r001:S-P01-S05:GS12:p0006,east,0,8,2
755,CP-AP-r001:S-P01-S05:GS12:p0007,east,0,8,6
756,CP-AP-r001:S-P01-S05:GS12:p0008,east,0,9,0
757,CP-AP-r001:S-P01-S05:GS12:p0009,east,0,8,6
758,CP-AP-r001:S-P01-S05:GS12:p0010,east,0,8,1
759,CP-AP-r001:S-P01-S05:GS12:p0011,east,0,10,6
760,CP-AP-r001:S-P01-S05:GS12:p0012,east,0,6,0
761,CP-AP-r001:S-P01-S05:GS12:p0013,east,0,8,5
762,CP-AP-r001:S-P01-S05:GS12:p0014,east,0,10,6
763,CP-AP-r001:S-P01-S05:GS12:p0015,east,0,8,1
764,CP-AP-r001:S-P01-S06:GS01:p0001,west,7,0,6
765,CP-AP-r001:S-P01-S06:GS01:p0002,west,7,0,0
766,CP-AP-r001:S-P01-S06:GS01:p0003,west,7,0,6
767,CP-AP-r001:S-P01-S06:GS01:p0004,west,8,0,3
768,CP-AP-r001:S-P01-S06:GS01:p0005,west,7,0,6
769,CP-AP-r001:S-P01-S06:GS01:p0006,west,7,0,0
770,CP-AP-r001:S-P01-S06:GS01:p0007,west,7,0,6
771,CP-AP-r001:S-P01-S06:GS01:p0008,west,10,0,3
772,CP-AP-r001:S-P01-S06:GS01:p0009,west,7,0,6
773,CP-AP-r001:S-P01-S06:GS01:p0010,west,7,0,0
774,CP-AP-r001:S-P01-S06:GS01:p0011,west,8,0,6
775,CP-AP-r001:S-P01-S06:GS01:p0012,west,8,0,4
776,CP-AP-r001:S-P01-S06:GS02:p0001,west,5,0,6
777,CP-AP-r001:S-P01-S06:GS02:p0002,west,6,0,0
778,CP-AP-r001:S-P01-S06:GS02:p0003,west,7,0,6
779,CP-AP-r001:S-P01-S06:GS02:p0004,west,8,0,3
780,CP-AP-r001:S-P01-S06:GS02:p0005,west,6,0,6
781,CP-AP-r001:S-P01-S06:GS02:p0006,west,8,0,0
782,CP-AP-r001:S-P01-S06:GS02:p0007,west,7,0,6
783,CP-AP-r001:S-P01-S06:GS02:p0008,west,8,0,3
784,CP-AP-r001:S-P01-S06:GS02:p0009,west,7,0,6
785,CP-AP-r001:S-P01-S06:GS02:p0010,west,8,0,0
786,CP-AP-r001:S-P01-S06:GS02:p0011,west,7,0,6
787,CP-AP-r001:S-P01-S06:GS02:p0012,west,8,0,4
788,CP-AP-r001:S-P01-S06:GS03:p0002,west,7,0,6
789,CP-AP-r001:S-P01-S06:GS03:p0003,west,7,0,6
790,CP-AP-r001:S-P01-S06:GS03:p0004,west,8,0,3
791,CP-AP-r001:S-P01-S06:GS03:p0005,west,7,0,6
792,CP-AP-r001:S-P01-S06:GS03:p0006,west,7,0,6
793,CP-AP-r001:S-P01-S06:GS03:p0007,west,8,0,3
794,CP-AP-r001:S-P01-S06:GS03:p0008,west,6,0,6
795,CP-AP-r001:S-P01-S06:GS03:p0009,west,7,0,0
796,CP-AP-r001:S-P01-S06:GS03:p0010,west,7,0,6
797,CP-AP-r001:S-P01-S06:GS03:p0011,west,8,0,4
798,CP-AP-r001:S-P01-S06:GS04:p0002,east,0,7,6
799,CP-AP-r001:S-P01-S06:GS04:p0003,east,0,8,6
800,CP-AP-r001:S-P01-S06:GS04:p0004,east,0,7,6
801,CP-AP-r001:S-P01-S06:GS04:p0005,east,0,7,2
802,CP-AP-r001:S-P01-S06:GS04:p0006,east,0,6,6
803,CP-AP-r001:S-P01-S06:GS04:p0007,east,0,9,6
804,CP-AP-r001:S-P01-S06:GS04:p0008,east,0,6,6
805,CP-AP-r001:S-P01-S06:GS04:p0009,east,0,6,1
806,CP-AP-r001:S-P01-S06:GS04:p0010,east,0,7,6
807,CP-AP-r001:S-P01-S06:GS04:p0011,east,0,7,5
808,CP-AP-r001:S-P01-S06:GS04:p0012,east,0,8,6
809,CP-AP-r001:S-P01-S06:GS04:p0013,east,0,5,1
810,CP-AP-r001:S-P01-S06:GS05:p0002,east,0,7,6
811,CP-AP-r001:S-P01-S06:GS05:p0003,east,0,6,0
812,CP-AP-r001:S-P01-S06:GS05:p0004,east,0,9,6
813,CP-AP-r001:S-P01-S06:GS05:p0005,east,0,7,2
814,CP-AP-r001:S-P01-S06:GS05:p0006,east,0,7,6
815,CP-AP-r001:S-P01-S06:GS05:p0007,east,0,8,0
816,CP-AP-r001:S-P01-S06:GS05:p0008,east,0,8,6
817,CP-AP-r001:S-P01-S06:GS05:p0009,east,0,7,1
818,CP-AP-r001:S-P01-S06:GS05:p0010,east,0,7,6
819,CP-AP-r001:S-P01-S06:GS05:p0011,east,0,8,5
820,CP-AP-r001:S-P01-S06:GS05:p0012,east,0,7,1
821,CP-AP-r001:S-P01-S06:GS06:p0002,east,0,7,6
822,CP-AP-r001:S-P01-S06:GS06:p0003,east,0,7,0
823,CP-AP-r001:S-P01-S06:GS06:p0004,east,0,8,6
824,CP-AP-r001:S-P01-S06:GS06:p0005,east,0,7,2
825,CP-AP-r001:S-P01-S06:GS06:p0006,east,0,8,6
826,CP-AP-r001:S-P01-S06:GS06:p0007,east,0,7,0
827,CP-AP-r001:S-P01-S06:GS06:p0008,east,0,8,6
828,CP-AP-r001:S-P01-S06:GS06:p0009,east,0,7,1
829,CP-AP-r001:S-P01-S06:GS06:p0010,east,0,7,6
830,CP-AP-r001:S-P01-S06:GS06:p0011,east,0,7,0
831,CP-AP-r001:S-P01-S06:GS06:p0012,east,0,8,5
832,CP-AP-r001:S-P01-S06:GS06:p0013,east,0,7,1
833,CP-AP-r001:S-P01-S06:GS07:p0001,west,8,0,6
834,CP-AP-r001:S-P01-S06:GS07:p0002,west,9,0,0
835,CP-AP-r001:S-P01-S06:GS07:p0003,west,7,0,6
836,CP-AP-r001:S-P01-S06:GS07:p0004,west,8,0,3
837,CP-AP-r001:S-P01-S06:GS07:p0005,west,8,0,0
838,CP-AP-r001:S-P01-S06:GS07:p0006,west,8,0,6
839,CP-AP-r001:S-P01-S06:GS07:p0007,west,10,0,0
840,CP-AP-r001:S-P01-S06:GS07:p0008,west,9,0,6
841,CP-AP-r001:S-P01-S06:GS07:p0009,west,8,0,3
842,CP-AP-r001:S-P01-S06:GS07:p0010,west,7,0,0
843,CP-AP-r001:S-P01-S06:GS07:p0011,west,8,0,6
844,CP-AP-r001:S-P01-S06:GS07:p0012,west,11,0,0
845,CP-AP-r001:S-P01-S06:GS07:p0013,west,10,0,4
846,CP-AP-r001:S-P01-S06:GS07:p0014,west,9,0,0
847,CP-AP-r001:S-P01-S06:GS08:p0002,west,7,0,6
848,CP-AP-r001:S-P01-S06:GS08:p0003,west,9,0,0
849,CP-AP-r001:S-P01-S06:GS08:p0004,west,10,0,6
850,CP-AP-r001:S-P01-S06:GS08:p0005,west,8,0,3
851,CP-AP-r001:S-P01-S06:GS08:p0006,west,5,0,6
852,CP-AP-r001:S-P01-S06:GS08:p0007,west,8,0,6
853,CP-AP-r001:S-P01-S06:GS08:p0008,west,8,0,0
854,CP-AP-r001:S-P01-S06:GS08:p0009,west,8,0,6
855,CP-AP-r001:S-P01-S06:GS08:p0010,west,8,0,3
856,CP-AP-r001:S-P01-S06:GS08:p0011,west,8,0,6
857,CP-AP-r001:S-P01-S06:GS08:p0012,west,8,0,0
858,CP-AP-r001:S-P01-S06:GS08:p0013,west,6,0,6
859,CP-AP-r001:S-P01-S06:GS08:p0014,west,8,0,4
860,CP-AP-r001:S-P01-S06:GS08:p0015,west,9,0,0
861,CP-AP-r001:S-P01-S06:GS09:p0002,west,8,0,6
862,CP-AP-r001:S-P01-S06:GS09:p0003,west,9,0,6
863,CP-AP-r001:S-P01-S06:GS09:p0004,west,8,0,3
864,CP-AP-r001:S-P01-S06:GS09:p0005,west,9,0,6
865,CP-AP-r001:S-P01-S06:GS09:p0006,west,7,0,6
866,CP-AP-r001:S-P01-S06:GS09:p0007,west,9,0,6
867,CP-AP-r001:S-P01-S06:GS09:p0008,west,8,0,3
868,CP-AP-r001:S-P01-S06:GS09:p0009,west,8,0,6
869,CP-AP-r001:S-P01-S06:GS09:p0010,west,7,0,6
870,CP-AP-r001:S-P01-S06:GS09:p0011,west,8,0,6
871,CP-AP-r001:S-P01-S06:GS09:p0012,west,8,0,4
872,CP-AP-r001:S-P01-S06:GS09:p0013,west,6,0,6
873,CP-AP-r001:S-P01-S06:GS10:p0002,east,0,8,6
874,CP-AP-r001:S-P01-S06:GS10:p0003,east,0,10,6
875,CP-AP-r001:S-P01-S06:GS10:p0004,east,0,9,6
876,CP-AP-r001:S-P01-S06:GS10:p0005,east,0,8,2
877,CP-AP-r001:S-P01-S06:GS10:p0006,east,0,8,6
878,CP-AP-r001:S-P01-S06:GS10:p0007,east,0,10,6
879,CP-AP-r001:S-P01-S06:GS10:p0008,east,0,8,6
880,CP-AP-r001:S-P01-S06:GS10:p0009,east,0,8,1
881,CP-AP-r001:S-P01-S06:GS10:p0010,east,0,8,6
882,CP-AP-r001:S-P01-S06:GS10:p0011,east,0,8,5
883,CP-AP-r001:S-P01-S06:GS10:p0012,east,0,8,6
884,CP-AP-r001:S-P01-S06:GS10:p0013,east,0,10,1
885,CP-AP-r001:S-P01-S06:GS11:p0002,east,0,10,6
886,CP-AP-r001:S-P01-S06:GS11:p0003,east,0,8,0
887,CP-AP-r001:S-P01-S06:GS11:p0004,east,0,8,6
888,CP-AP-r001:S-P01-S06:GS11:p0005,east,0,9,6
889,CP-AP-r001:S-P01-S06:GS11:p0006,east,0,8,2
890,CP-AP-r001:S-P01-S06:GS11:p0007,east,0,10,6
891,CP-AP-r001:S-P01-S06:GS11:p0008,east,0,8,6
892,CP-AP-r001:S-P01-S06:GS11:p0009,east,0,9,6
893,CP-AP-r001:S-P01-S06:GS11:p0010,east,0,8,1
894,CP-AP-r001:S-P01-S06:GS11:p0011,east,0,10,6
895,CP-AP-r001:S-P01-S06:GS11:p0012,east,0,10,5
896,CP-AP-r001:S-P01-S06:GS11:p0013,east,0,10,6
897,CP-AP-r001:S-P01-S06:GS11:p0014,east,0,8,1
898,CP-AP-r001:S-P01-S06:GS12:p0002,east,0,7,6
899,CP-AP-r001:S-P01-S06:GS12:p0003,east,0,8,0
900,CP-AP-r001:S-P01-S06:GS12:p0004,east,0,8,6
901,CP-AP-r001:S-P01-S06:GS12:p0005,east,0,8,2
902,CP-AP-r001:S-P01-S06:GS12:p0006,east,0,7,6
903,CP-AP-r001:S-P01-S06:GS12:p0007,east,0,8,0
904,CP-AP-r001:S-P01-S06:GS12:p0008,east,0,8,6
905,CP-AP-r001:S-P01-S06:GS12:p0009,east,0,8,1
906,CP-AP-r001:S-P01-S06:GS12:p0010,east,0,9,6
907,CP-AP-r001:S-P01-S06:GS12:p0011,east,0,7,0
908,CP-AP-r001:S-P01-S06:GS12:p0012,east,0,8,5
909,CP-AP-r001:S-P01-S06:GS12:p0013,east,0,8,6
910,CP-AP-r001:S-P01-S06:GS12:p0014,east,0,8,1
911,CP-AP-r001:S-P01-S07:GS01:p0001,west,6,0,6
912,CP-AP-r001:S-P01-S07:GS01:p0002,west,6,0,0
913,CP-AP-r001:S-P01-S07:GS01:p0003,west,7,0,6
914,CP-AP-r001:S-P01-S07:GS01:p0004,west,8,0,4
915,CP-AP-r001:S-P01-S07:GS01:p0005,west,6,0,6
916,CP-AP-r001:S-P01-S07:GS01:p0006,west,6,0,0
917,CP-AP-r001:S-P01-S07:GS01:p0007,west,8,0,5
918,CP-AP-r001:S-P01-S07:GS01:p0008,west,6,0,6
919,CP-AP-r001:S-P01-S07:GS01:p0009,west,6,0,0
920,CP-AP-r001:S-P01-S07:GS01:p0010,west,8,0,5
921,CP-AP-r001:S-P01-S07:GS01:p0011,west,7,0,0
922,CP-AP-r001:S-P01-S07:GS02:p0001,west,6,0,6
923,CP-AP-r001:S-P01-S07:GS02:p0002,west,7,0,0
924,CP-AP-r001:S-P01-S07:GS02:p0003,west,6,0,6
925,CP-AP-r001:S-P01-S07:GS02:p0004,west,8,0,4
926,CP-AP-r001:S-P01-S07:GS02:p0005,west,6,0,6
927,CP-AP-r001:S-P01-S07:GS02:p0006,west,6,0,0
928,CP-AP-r001:S-P01-S07:GS02:p0007,west,6,0,6
929,CP-AP-r001:S-P01-S07:GS02:p0008,west,8,0,5
930,CP-AP-r001:S-P01-S07:GS02:p0009,west,6,0,6
931,CP-AP-r001:S-P01-S07:GS02:p0010,west,6,0,0
932,CP-AP-r001:S-P01-S07:GS02:p0011,west,6,0,6
933,CP-AP-r001:S-P01-S07:GS02:p0012,west,10,0,5
934,CP-AP-r001:S-P01-S07:GS03:p0001,west,6,0,6
935,CP-AP-r001:S-P01-S07:GS03:p0002,west,7,0,0
936,CP-AP-r001:S-P01-S07:GS03:p0003,west,6,0,6
937,CP-AP-r001:S-P01-S07:GS03:p0004,west,8,0,4
938,CP-AP-r001:S-P01-S07:GS03:p0005,west,4,0,6
939,CP-AP-r001:S-P01-S07:GS03:p0006,west,6,0,0
940,CP-AP-r001:S-P01-S07:GS03:p0007,west,6,0,6
941,CP-AP-r001:S-P01-S07:GS03:p0008,west,8,0,5
942,CP-AP-r001:S-P01-S07:GS03:p0009,west,6,0,6
943,CP-AP-r001:S-P01-S07:GS03:p0010,west,8,0,0
944,CP-AP-r001:S-P01-S07:GS03:p0011,west,6,0,6
945,CP-AP-r001:S-P01-S07:GS03:p0012,west,8,0,5
946,CP-AP-r001:S-P01-S07:GS04:p0002,east,0,5,6
947,CP-AP-r001:S-P01-S07:GS04:p0003,east,0,8,5
948,CP-AP-r001:S-P01-S07:GS04:p0004,east,0,9,6
949,CP-AP-r001:S-P01-S07:GS04:p0005,east,0,7,1
950,CP-AP-r001:S-P01-S07:GS04:p0006,east,0,6,6
951,CP-AP-r001:S-P01-S07:GS04:p0007,east,0,6,4
952,CP-AP-r001:S-P01-S07:GS04:p0008,east,0,8,6
953,CP-AP-r001:S-P01-S07:GS04:p0009,east,0,6,6
954,CP-AP-r001:S-P01-S07:GS04:p0010,east,0,6,3
955,CP-AP-r001:S-P01-S07:GS04:p0011,east,0,8,6
956,CP-AP-r001:S-P01-S07:GS05:p0002,east,0,6,6
957,CP-AP-r001:S-P01-S07:GS05:p0003,east,0,8,5
958,CP-AP-r001:S-P01-S07:GS05:p0004,east,0,6,1
959,CP-AP-r001:S-P01-S07:GS05:p0005,east,0,6,6
960,CP-AP-r001:S-P01-S07:GS05:p0006,east,0,8,4
961,CP-AP-r001:S-P01-S07:GS05:p0007,east,0,7,6
962,CP-AP-r001:S-P01-S07:GS05:p0008,east,0,6,1
963,CP-AP-r001:S-P01-S07:GS05:p0009,east,0,4,6
964,CP-AP-r001:S-P01-S07:GS05:p0010,east,0,9,3
965,CP-AP-r001:S-P01-S07:GS05:p0011,east,0,7,6
966,CP-AP-r001:S-P01-S07:GS05:p0012,east,0,7,0
967,CP-AP-r001:S-P01-S07:GS06:p0002,east,0,6,6
968,CP-AP-r001:S-P01-S07:GS06:p0003,east,0,6,0
969,CP-AP-r001:S-P01-S07:GS06:p0004,east,0,8,5
970,CP-AP-r001:S-P01-S07:GS06:p0005,east,0,6,1
971,CP-AP-r001:S-P01-S07:GS06:p0006,east,0,6,6
972,CP-AP-r001:S-P01-S07:GS06:p0007,east,0,6,0
973,CP-AP-r001:S-P01-S07:GS06:p0008,east,0,10,4
974,CP-AP-r001:S-P01-S07:GS06:p0009,east,0,6,1
975,CP-AP-r001:S-P01-S07:GS06:p0010,east,0,6,6
976,CP-AP-r001:S-P01-S07:GS06:p0011,east,0,7,0
977,CP-AP-r001:S-P01-S07:GS06:p0012,east,0,8,3
978,CP-AP-r001:S-P01-S07:GS06:p0013,east,0,6,0
979,CP-AP-r001:S-P01-S07:GS07:p0001,west,8,0,6
980,CP-AP-r001:S-P01-S07:GS07:p0002,west,10,0,0
981,CP-AP-r001:S-P01-S07:GS07:p0003,west,8,0,4
982,CP-AP-r001:S-P01-S07:GS07:p0004,west,10,0,0
983,CP-AP-r001:S-P01-S07:GS07:p0005,west,7,0,6
984,CP-AP-r001:S-P01-S07:GS07:p0006,west,9,0,0
985,CP-AP-r001:S-P01-S07:GS07:p0007,west,10,0,5
986,CP-AP-r001:S-P01-S07:GS07:p0008,west,10,0,0
987,CP-AP-r001:S-P01-S07:GS07:p0009,west,7,0,6
988,CP-AP-r001:S-P01-S07:GS07:p0010,west,7,0,0
989,CP-AP-r001:S-P01-S07:GS07:p0011,west,10,0,5
990,CP-AP-r001:S-P01-S07:GS07:p0012,west,9,0,0
991,CP-AP-r001:S-P01-S07:GS08:p0001,west,8,0,6
992,CP-AP-r001:S-P01-S07:GS08:p0002,west,9,0,0
993,CP-AP-r001:S-P01-S07:GS08:p0003,west,8,0,6
994,CP-AP-r001:S-P01-S07:GS08:p0004,west,8,0,4
995,CP-AP-r001:S-P01-S07:GS08:p0005,west,8,0,6
996,CP-AP-r001:S-P01-S07:GS08:p0006,west,10,0,0
997,CP-AP-r001:S-P01-S07:GS08:p0007,west,6,0,6
998,CP-AP-r001:S-P01-S07:GS08:p0008,west,8,0,5
999,CP-AP-r001:S-P01-S07:GS08:p0009,west,10,0,0
1000,CP-AP-r001:S-P01-S07:GS08:p0010,west,8,0,6
1001,CP-AP-r001:S-P01-S07:GS08:p0011,west,10,0,0
1002,CP-AP-r001:S-P01-S07:GS08:p0012,west,8,0,5
1003,CP-AP-r001:S-P01-S07:GS08:p0013,west,9,0,0
1004,CP-AP-r001:S-P01-S07:GS09:p0002,west,8,0,6
1005,CP-AP-r001:S-P01-S07:GS09:p0003,west,8,0,6
1006,CP-AP-r001:S-P01-S07:GS09:p0004,west,8,0,4
1007,CP-AP-r001:S-P01-S07:GS09:p0005,west,6,0,6
1008,CP-AP-r001:S-P01-S07:GS09:p0006,west,8,0,6
1009,CP-AP-r001:S-P01-S07:GS09:p0007,west,9,0,0
1010,CP-AP-r001:S-P01-S07:GS09:p0008,west,8,0,6
1011,CP-AP-r001:S-P01-S07:GS09:p0009,west,8,0,5
1012,CP-AP-r001:S-P01-S07:GS09:p0010,west,6,0,5
1013,CP-AP-r001:S-P01-S07:GS09:p0011,west,8,0,6
1014,CP-AP-r001:S-P01-S07:GS09:p0012,west,10,0,0
1015,CP-AP-r001:S-P01-S07:GS09:p0013,west,9,0,6
1016,CP-AP-r001:S-P01-S07:GS09:p0014,west,8,0,5
1017,CP-AP-r001:S-P01-S07:GS10:p0002,east,0,7,6
1018,CP-AP-r001:S-P01-S07:GS10:p0003,east,0,8,5
1019,CP-AP-r001:S-P01-S07:GS10:p0004,east,0,8,6
1020,CP-AP-r001:S-P01-S07:GS10:p0005,east,0,9,1
1021,CP-AP-r001:S-P01-S07:GS10:p0006,east,0,8,6
1022,CP-AP-r001:S-P01-S07:GS10:p0007,east,0,8,4
1023,CP-AP-r001:S-P01-S07:GS10:p0008,east,0,8,6
1024,CP-AP-r001:S-P01-S07:GS10:p0009,east,0,9,1
1025,CP-AP-r001:S-P01-S07:GS10:p0010,east,0,7,6
1026,CP-AP-r001:S-P01-S07:GS10:p0011,east,0,8,3
1027,CP-AP-r001:S-P01-S07:GS10:p0012,east,0,8,6
1028,CP-AP-r001:S-P01-S07:GS10:p0013,east,0,8,0
1029,CP-AP-r001:S-P01-S07:GS11:p0002,east,0,11,6
1030,CP-AP-r001:S-P01-S07:GS11:p0003,east,0,10,5
1031,CP-AP-r001:S-P01-S07:GS11:p0004,east,0,10,6
1032,CP-AP-r001:S-P01-S07:GS11:p0005,east,0,7,1
1033,CP-AP-r001:S-P01-S07:GS11:p0006,east,0,7,6
1034,CP-AP-r001:S-P01-S07:GS11:p0007,east,0,10,4
1035,CP-AP-r001:S-P01-S07:GS11:p0008,east,0,10,6
1036,CP-AP-r001:S-P01-S07:GS11:p0009,east,0,7,1
1037,CP-AP-r001:S-P01-S07:GS11:p0010,east,0,7,6
1038,CP-AP-r001:S-P01-S07:GS11:p0011,east,0,10,3
1039,CP-AP-r001:S-P01-S07:GS11:p0012,east,0,8,6
1040,CP-AP-r001:S-P01-S07:GS11:p0013,east,0,7,0
1041,CP-AP-r001:S-P01-S07:GS12:p0002,east,0,10,6
1042,CP-AP-r001:S-P01-S07:GS12:p0003,east,0,6,0
1043,CP-AP-r001:S-P01-S07:GS12:p0004,east,0,8,5
1044,CP-AP-r001:S-P01-S07:GS12:p0005,east,0,10,6
1045,CP-AP-r001:S-P01-S07:GS12:p0006,east,0,8,1
1046,CP-AP-r001:S-P01-S07:GS12:p0007,east,0,10,6
1047,CP-AP-r001:S-P01-S07:GS12:p0008,east,0,7,0
1048,CP-AP-r001:S-P01-S07:GS12:p0009,east,0,8,4
1049,CP-AP-r001:S-P01-S07:GS12:p0010,east,0,8,6
1050,CP-AP-r001:S-P01-S07:GS12:p0011,east,0,8,1
1051,CP-AP-r001:S-P01-S07:GS12:p0012,east,0,10,6
1052,CP-AP-r001:S-P01-S07:GS12:p0013,east,0,9,3
1053,CP-AP-r001:S-P01-S07:GS12:p0014,east,0,10,6
1054,CP-AP-r001:S-P01-S07:GS12:p0015,east,0,7,0
1055,CP-AP-r001:S-P01-S08:GS01:p0001,west,7,0,6
1056,CP-AP-r001:S-P01-S08:GS01:p0002,west,7,0,0
1057,CP-AP-r001:S-P01-S08:GS01:p0003,west,8,0,6
1058,CP-AP-r001:S-P01-S08:GS01:p0004,west,8,0,4
1059,CP-AP-r001:S-P01-S08:GS01:p0005,west,7,0,6
1060,CP-AP-r001:S-P01-S08:GS01:p0006,west,7,0,0
1061,CP-AP-r001:S-P01-S08:GS01:p0007,west,8,0,5
1062,CP-AP-r001:S-P01-S08:GS01:p0008,west,7,0,6
1063,CP-AP-r001:S-P01-S08:GS01:p0009,west,7,0,0
1064,CP-AP-r001:S-P01-S08:GS01:p0010,west,8,0,5
1065,CP-AP-r001:S-P01-S08:GS01:p0011,west,7,0,0
1066,CP-AP-r001:S-P01-S08:GS01:p0012,west,2,0,0
1067,CP-AP-r001:S-P01-S08:GS02:p0001,west,7,0,6
1068,CP-AP-r001:S-P01-S08:GS02:p0002,west,8,0,0
1069,CP-AP-r001:S-P01-S08:GS02:p0003,west,7,0,6
1070,CP-AP-r001:S-P01-S08:GS02:p0004,west,8,0,4
1071,CP-AP-r001:S-P01-S08:GS02:p0005,west,7,0,6
1072,CP-AP-r001:S-P01-S08:GS02:p0006,west,7,0,0
1073,CP-AP-r001:S-P01-S08:GS02:p0007,west,7,0,6
1074,CP-AP-r001:S-P01-S08:GS02:p0008,west,8,0,5
1075,CP-AP-r001:S-P01-S08:GS02:p0009,west,7,0,6
1076,CP-AP-r001:S-P01-S08:GS02:p0010,west,7,0,0
1077,CP-AP-r001:S-P01-S08:GS02:p0011,west,8,0,6
1078,CP-AP-r001:S-P01-S08:GS02:p0012,west,10,0,5
1079,CP-AP-r001:S-P01-S08:GS03:p0001,west,7,0,6
1080,CP-AP-r001:S-P01-S08:GS03:p0002,west,7,0,0
1081,CP-AP-r001:S-P01-S08:GS03:p0003,west,7,0,6
1082,CP-AP-r001:S-P01-S08:GS03:p0004,west,8,0,4
1083,CP-AP-r001:S-P01-S08:GS03:p0005,west,5,0,6
1084,CP-AP-r001:S-P01-S08:GS03:p0006,west,6,0,0
1085,CP-AP-r001:S-P01-S08:GS03:p0007,west,7,0,6
1086,CP-AP-r001:S-P01-S08:GS03:p0008,west,8,0,5
1087,CP-AP-r001:S-P01-S08:GS03:p0009,west,6,0,6
1088,CP-AP-r001:S-P01-S08:GS03:p0010,west,8,0,0
1089,CP-AP-r001:S-P01-S08:GS03:p0011,west,7,0,6
1090,CP-AP-r001:S-P01-S08:GS03:p0012,west,8,0,5
1091,CP-AP-r001:S-P01-S08:GS04:p0002,east,0,7,6
1092,CP-AP-r001:S-P01-S08:GS04:p0003,east,0,9,5
1093,CP-AP-r001:S-P01-S08:GS04:p0004,east,0,8,6
1094,CP-AP-r001:S-P01-S08:GS04:p0005,east,0,5,1
1095,CP-AP-r001:S-P01-S08:GS04:p0006,east,0,7,6
1096,CP-AP-r001:S-P01-S08:GS04:p0007,east,0,7,4
1097,CP-AP-r001:S-P01-S08:GS04:p0008,east,0,8,6
1098,CP-AP-r001:S-P01-S08:GS04:p0009,east,0,7,6
1099,CP-AP-r001:S-P01-S08:GS04:p0010,east,0,7,3
1100,CP-AP-r001:S-P01-S08:GS04:p0011,east,0,8,6
1101,CP-AP-r001:S-P01-S08:GS05:p0002,east,0,7,6
1102,CP-AP-r001:S-P01-S08:GS05:p0003,east,0,8,5
1103,CP-AP-r001:S-P01-S08:GS05:p0004,east,0,7,1
1104,CP-AP-r001:S-P01-S08:GS05:p0005,east,0,7,6
1105,CP-AP-r001:S-P01-S08:GS05:p0006,east,0,8,4
1106,CP-AP-r001:S-P01-S08:GS05:p0007,east,0,7,6
1107,CP-AP-r001:S-P01-S08:GS05:p0008,east,0,7,1
1108,CP-AP-r001:S-P01-S08:GS05:p0009,east,0,6,6
1109,CP-AP-r001:S-P01-S08:GS05:p0010,east,0,10,3
1110,CP-AP-r001:S-P01-S08:GS05:p0011,east,0,6,6
1111,CP-AP-r001:S-P01-S08:GS05:p0012,east,0,5,0
1112,CP-AP-r001:S-P01-S08:GS06:p0002,east,0,7,6
1113,CP-AP-r001:S-P01-S08:GS06:p0003,east,0,7,0
1114,CP-AP-r001:S-P01-S08:GS06:p0004,east,0,8,5
1115,CP-AP-r001:S-P01-S08:GS06:p0005,east,0,7,1
1116,CP-AP-r001:S-P01-S08:GS06:p0006,east,0,7,6
1117,CP-AP-r001:S-P01-S08:GS06:p0007,east,0,7,0
1118,CP-AP-r001:S-P01-S08:GS06:p0008,east,0,10,4
1119,CP-AP-r001:S-P01-S08:GS06:p0009,east,0,7,1
1120,CP-AP-r001:S-P01-S08:GS06:p0010,east,0,7,6
1121,CP-AP-r001:S-P01-S08:GS06:p0011,east,0,8,0
1122,CP-AP-r001:S-P01-S08:GS06:p0012,east,0,8,3
1123,CP-AP-r001:S-P01-S08:GS06:p0013,east,0,7,0
1124,CP-AP-r001:S-P01-S08:GS07:p0001,west,8,0,6
1125,CP-AP-r001:S-P01-S08:GS07:p0002,west,10,0,0
1126,CP-AP-r001:S-P01-S08:GS07:p0003,west,9,0,4
1127,CP-AP-r001:S-P01-S08:GS07:p0004,west,9,0,0
1128,CP-AP-r001:S-P01-S08:GS07:p0005,west,8,0,6
1129,CP-AP-r001:S-P01-S08:GS07:p0006,west,10,0,0
1130,CP-AP-r001:S-P01-S08:GS07:p0007,west,10,0,5
1131,CP-AP-r001:S-P01-S08:GS07:p0008,west,9,0,0
1132,CP-AP-r001:S-P01-S08:GS07:p0009,west,8,0,6
1133,CP-AP-r001:S-P01-S08:GS07:p0010,west,8,0,0
1134,CP-AP-r001:S-P01-S08:GS07:p0011,west,10,0,5
1135,CP-AP-r001:S-P01-S08:GS07:p0012,west,8,0,0
1136,CP-AP-r001:S-P01-S08:GS07:p0013,west,4,0,0
1137,CP-AP-r001:S-P01-S08:GS08:p0001,west,8,0,6
1138,CP-AP-r001:S-P01-S08:GS08:p0002,west,8,0,0
1139,CP-AP-r001:S-P01-S08:GS08:p0003,west,7,0,6
1140,CP-AP-r001:S-P01-S08:GS08:p0004,west,8,0,4
1141,CP-AP-r001:S-P01-S08:GS08:p0005,west,8,0,6
1142,CP-AP-r001:S-P01-S08:GS08:p0006,west,10,0,0
1143,CP-AP-r001:S-P01-S08:GS08:p0007,west,7,0,6
1144,CP-AP-r001:S-P01-S08:GS08:p0008,west,8,0,5
1145,CP-AP-r001:S-P01-S08:GS08:p0009,west,8,0,0
1146,CP-AP-r001:S-P01-S08:GS08:p0010,west,8,0,6
1147,CP-AP-r001:S-P01-S08:GS08:p0011,west,10,0,0
1148,CP-AP-r001:S-P01-S08:GS08:p0012,west,8,0,5
1149,CP-AP-r001:S-P01-S08:GS08:p0013,west,8,0,0
1150,CP-AP-r001:S-P01-S08:GS09:p0002,west,7,0,6
1151,CP-AP-r001:S-P01-S08:GS09:p0003,west,8,0,6
1152,CP-AP-r001:S-P01-S08:GS09:p0004,west,8,0,4
1153,CP-AP-r001:S-P01-S08:GS09:p0005,west,6,0,6
1154,CP-AP-r001:S-P01-S08:GS09:p0006,west,7,0,6
1155,CP-AP-r001:S-P01-S08:GS09:p0007,west,8,0,0
1156,CP-AP-r001:S-P01-S08:GS09:p0008,west,8,0,6
1157,CP-AP-r001:S-P01-S08:GS09:p0009,west,8,0,5
1158,CP-AP-r001:S-P01-S08:GS09:p0010,west,6,0,5
1159,CP-AP-r001:S-P01-S08:GS09:p0011,west,8,0,6
1160,CP-AP-r001:S-P01-S08:GS09:p0012,west,8,0,0
1161,CP-AP-r001:S-P01-S08:GS09:p0013,west,8,0,6
1162,CP-AP-r001:S-P01-S08:GS09:p0014,west,8,0,5
1163,CP-AP-r001:S-P01-S08:GS10:p0002,east,0,8,6
1164,CP-AP-r001:S-P01-S08:GS10:p0003,east,0,8,5
1165,CP-AP-r001:S-P01-S08:GS10:p0004,east,0,8,6
1166,CP-AP-r001:S-P01-S08:GS10:p0005,east,0,10,1
1167,CP-AP-r001:S-P01-S08:GS10:p0006,east,0,8,6
1168,CP-AP-r001:S-P01-S08:GS10:p0007,east,0,9,4
1169,CP-AP-r001:S-P01-S08:GS10:p0008,east,0,8,6
1170,CP-AP-r001:S-P01-S08:GS10:p0009,east,0,9,1
1171,CP-AP-r001:S-P01-S08:GS10:p0010,east,0,7,6
1172,CP-AP-r001:S-P01-S08:GS10:p0011,east,0,8,3
1173,CP-AP-r001:S-P01-S08:GS10:p0012,east,0,8,6
1174,CP-AP-r001:S-P01-S08:GS10:p0013,east,0,8,0
1175,CP-AP-r001:S-P01-S08:GS11:p0002,east,0,11,6
1176,CP-AP-r001:S-P01-S08:GS11:p0003,east,0,10,5
1177,CP-AP-r001:S-P01-S08:GS11:p0004,east,0,9,6
1178,CP-AP-r001:S-P01-S08:GS11:p0005,east,0,8,1
1179,CP-AP-r001:S-P01-S08:GS11:p0006,east,0,9,6
1180,CP-AP-r001:S-P01-S08:GS11:p0007,east,0,10,4
1181,CP-AP-r001:S-P01-S08:GS11:p0008,east,0,9,6
1182,CP-AP-r001:S-P01-S08:GS11:p0009,east,0,8,1
1183,CP-AP-r001:S-P01-S08:GS11:p0010,east,0,8,6
1184,CP-AP-r001:S-P01-S08:GS11:p0011,east,0,10,3
1185,CP-AP-r001:S-P01-S08:GS11:p0012,east,0,8,6
1186,CP-AP-r001:S-P01-S08:GS11:p0013,east,0,8,0
1187,CP-AP-r001:S-P01-S08:GS12:p0002,east,0,9,6
1188,CP-AP-r001:S-P01-S08:GS12:p0003,east,0,7,0
1189,CP-AP-r001:S-P01-S08:GS12:p0004,east,0,8,5
1190,CP-AP-r001:S-P01-S08:GS12:p0005,east,0,8,6
1191,CP-AP-r001:S-P01-S08:GS12:p0006,east,0,8,1
1192,CP-AP-r001:S-P01-S08:GS12:p0007,east,0,10,6
1193,CP-AP-r001:S-P01-S08:GS12:p0008,east,0,9,0
1194,CP-AP-r001:S-P01-S08:GS12:p0009,east,0,8,4
1195,CP-AP-r001:S-P01-S08:GS12:p0010,east,0,7,6
1196,CP-AP-r001:S-P01-S08:GS12:p0011,east,0,8,1
1197,CP-AP-r001:S-P01-S08:GS12:p0012,east,0,10,6
1198,CP-AP-r001:S-P01-S08:GS12:p0013,east,0,10,3
1199,CP-AP-r001:S-P01-S08:GS12:p0014,east,0,9,6
1200,CP-AP-r001:S-P01-S08:GS12:p0015,east,0,8,0
1201,CP-AP-r001:S-P01-S09:GS01:p0001,west,6,0,6
1202,CP-AP-r001:S-P01-S09:GS01:p0002,west,6,0,0
1203,CP-AP-r001:S-P01-S09:GS01:p0003,west,8,0,5
1204,CP-AP-r001:S-P01-S09:GS01:p0004,west,7,0,0
1205,CP-AP-r001:S-P01-S09:GS01:p0005,west,5,0,6
1206,CP-AP-r001:S-P01-S09:GS01:p0006,west,5,0,1
1207,CP-AP-r001:S-P01-S09:GS01:p0007,west,9,0,5
1208,CP-AP-r001:S-P01-S09:GS01:p0008,west,7,0,0
1209,CP-AP-r001:S-P01-S09:GS01:p0009,west,7,0,6
1210,CP-AP-r001:S-P01-S09:GS01:p0010,west,6,0,2
1211,CP-AP-r001:S-P01-S09:GS01:p0011,west,6,0,6
1212,CP-AP-r001:S-P01-S09:GS01:p0012,west,8,0,0
1213,CP-AP-r001:S-P01-S09:GS02:p0001,west,6,0,6
1214,CP-AP-r001:S-P01-S09:GS02:p0002,west,6,0,0
1215,CP-AP-r001:S-P01-S09:GS02:p0003,west,6,0,6
1216,CP-AP-r001:S-P01-S09:GS02:p0004,west,10,0,5
1217,CP-AP-r001:S-P01-S09:GS02:p0005,west,6,0,6
1218,CP-AP-r001:S-P01-S09:GS02:p0006,west,6,0,1
1219,CP-AP-r001:S-P01-S09:GS02:p0007,west,7,0,6
1220,CP-AP-r001:S-P01-S09:GS02:p0008,west,8,0,5
1221,CP-AP-r001:S-P01-S09:GS02:p0009,west,6,0,6
1222,CP-AP-r001:S-P01-S09:GS02:p0010,west,6,0,2
1223,CP-AP-r001:S-P01-S09:GS02:p0011,west,8,0,6
1224,CP-AP-r001:S-P01-S09:GS02:p0012,west,2,0,6
1225,CP-AP-r001:S-P01-S09:GS03:p0001,west,6,0,6
1226,CP-AP-r001:S-P01-S09:GS03:p0002,west,8,0,0
1227,CP-AP-r001:S-P01-S09:GS03:p0003,west,6,0,6
1228,CP-AP-r001:S-P01-S09:GS03:p0004,west,8,0,5
1229,CP-AP-r001:S-P01-S09:GS03:p0005,west,6,0,6
1230,CP-AP-r001:S-P01-S09:GS03:p0006,west,7,0,1
1231,CP-AP-r001:S-P01-S09:GS03:p0007,west,6,0,6
1232,CP-AP-r001:S-P01-S09:GS03:p0008,west,8,0,5
1233,CP-AP-r001:S-P01-S09:GS03:p0009,west,6,0,6
1234,CP-AP-r001:S-P01-S09:GS03:p0010,west,6,0,2
1235,CP-AP-r001:S-P01-S09:GS03:p0011,west,5,0,6
1236,CP-AP-r001:S-P01-S09:GS03:p0012,west,8,0,6
1237,CP-AP-r001:S-P01-S09:GS03:p0013,west,2,0,6
1238,CP-AP-r001:S-P01-S09:GS04:p0001,east,0,6,6
1239,CP-AP-r001:S-P01-S09:GS04:p0002,east,0,6,4
1240,CP-AP-r001:S-P01-S09:GS04:p0003,east,0,8,6
1241,CP-AP-r001:S-P01-S09:GS04:p0004,east,0,5,6
1242,CP-AP-r001:S-P01-S09:GS04:p0005,east,0,7,6
1243,CP-AP-r001:S-P01-S09:GS04:p0006,east,0,6,3
1244,CP-AP-r001:S-P01-S09:GS04:p0007,east,0,8,6
1245,CP-AP-r001:S-P01-S09:GS04:p0008,east,0,5,6
1246,CP-AP-r001:S-P01-S09:GS04:p0009,east,0,6,6
1247,CP-AP-r001:S-P01-S09:GS04:p0010,east,0,6,2
1248,CP-AP-r001:S-P01-S09:GS04:p0011,east,0,8,6
1249,CP-AP-r001:S-P01-S09:GS04:p0012,east,0,2,5
1250,CP-AP-r001:S-P01-S09:GS05:p0002,east,0,4,6
1251,CP-AP-r001:S-P01-S09:GS05:p0003,east,0,8,4
1252,CP-AP-r001:S-P01-S09:GS05:p0004,east,0,7,6
1253,CP-AP-r001:S-P01-S09:GS05:p0005,east,0,7,0
1254,CP-AP-r001:S-P01-S09:GS05:p0006,east,0,6,6
1255,CP-AP-r001:S-P01-S09:GS05:p0007,east,0,7,3
1256,CP-AP-r001:S-P01-S09:GS05:p0008,east,0,9,6
1257,CP-AP-r001:S-P01-S09:GS05:p0009,east,0,7,0
1258,CP-AP-r001:S-P01-S09:GS05:p0010,east,0,6,6
1259,CP-AP-r001:S-P01-S09:GS05:p0011,east,0,6,2
1260,CP-AP-r001:S-P01-S09:GS05:p0012,east,0,8,6
1261,CP-AP-r001:S-P01-S09:GS05:p0013,east,0,3,5
1262,CP-AP-r001:S-P01-S09:GS06:p0002,east,0,6,6
1263,CP-AP-r001:S-P01-S09:GS06:p0003,east,0,7,0
1264,CP-AP-r001:S-P01-S09:GS06:p0004,east,0,8,4
1265,CP-AP-r001:S-P01-S09:GS06:p0005,east,0,6,0
1266,CP-AP-r001:S-P01-S09:GS06:p0006,east,0,6,6
1267,CP-AP-r001:S-P01-S09:GS06:p0007,east,0,8,3
1268,CP-AP-r001:S-P01-S09:GS06:p0008,east,0,6,0
1269,CP-AP-r001:S-P01-S09:GS06:p0009,east,0,6,6
1270,CP-AP-r001:S-P01-S09:GS06:p0010,east,0,8,2
1271,CP-AP-r001:S-P01-S09:GS06:p0011,east,0,7,6
1272,CP-AP-r001:S-P01-S09:GS06:p0012,east,0,6,0
1273,CP-AP-r001:S-P01-S09:GS06:p0013,east,0,2,5
1274,CP-AP-r001:S-P01-S09:GS07:p0001,west,7,0,6
1275,CP-AP-r001:S-P01-S09:GS07:p0002,west,7,0,0
1276,CP-AP-r001:S-P01-S09:GS07:p0003,west,10,0,5
1277,CP-AP-r001:S-P01-S09:GS07:p0004,west,10,0,0
1278,CP-AP-r001:S-P01-S09:GS07:p0005,west,7,0,6
1279,CP-AP-r001:S-P01-S09:GS07:p0006,west,7,0,1
1280,CP-AP-r001:S-P01-S09:GS07:p0007,west,10,0,5
1281,CP-AP-r001:S-P01-S09:GS07:p0008,west,8,0,0
1282,CP-AP-r001:S-P01-S09:GS07:p0009,west,7,0,6
1283,CP-AP-r001:S-P01-S09:GS07:p0010,west,8,0,2
1284,CP-AP-r001:S-P01-S09:GS07:p0011,west,8,0,6
1285,CP-AP-r001:S-P01-S09:GS07:p0012,west,8,0,0
1286,CP-AP-r001:S-P01-S09:GS07:p0013,west,6,0,6
1287,CP-AP-r001:S-P01-S09:GS08:p0001,west,8,0,6
1288,CP-AP-r001:S-P01-S09:GS08:p0002,west,10,0,0
1289,CP-AP-r001:S-P01-S09:GS08:p0003,west,7,0,6
1290,CP-AP-r001:S-P01-S09:GS08:p0004,west,8,0,5
1291,CP-AP-r001:S-P01-S09:GS08:p0005,west,8,0,0
1292,CP-AP-r001:S-P01-S09:GS08:p0006,west,8,0,6
1293,CP-AP-r001:S-P01-S09:GS08:p0007,west,10,0,1
1294,CP-AP-r001:S-P01-S09:GS08:p0008,west,9,0,5
1295,CP-AP-r001:S-P01-S09:GS08:p0009,west,10,0,0
1296,CP-AP-r001:S-P01-S09:GS08:p0010,west,7,0,6
1297,CP-AP-r001:S-P01-S09:GS08:p0011,west,8,0,2
1298,CP-AP-r001:S-P01-S09:GS08:p0012,west,10,0,6
1299,CP-AP-r001:S-P01-S09:GS08:p0013,west,10,0,0
1300,CP-AP-r001:S-P01-S09:GS08:p0014,west,3,0,6
1301,CP-AP-r001:S-P01-S09:GS09:p0002,west,8,0,6
1302,CP-AP-r001:S-P01-S09:GS09:p0003,west,10,0,0
1303,CP-AP-r001:S-P01-S09:GS09:p0004,west,9,0,6
1304,CP-AP-r001:S-P01-S09:GS09:p0005,west,8,0,5
1305,CP-AP-r001:S-P01-S09:GS09:p0006,west,8,0,6
1306,CP-AP-r001:S-P01-S09:GS09:p0007,west,10,0,1
1307,CP-AP-r001:S-P01-S09:GS09:p0008,west,6,0,6
1308,CP-AP-r001:S-P01-S09:GS09:p0009,west,8,0,5
1309,CP-AP-r001:S-P01-S09:GS09:p0010,west,8,0,6
1310,CP-AP-r001:S-P01-S09:GS09:p0011,west,10,0,2
1311,CP-AP-r001:S-P01-S09:GS09:p0012,west,6,0,6
1312,CP-AP-r001:S-P01-S09:GS09:p0013,west,8,0,6
1313,CP-AP-r001:S-P01-S09:GS09:p0014,west,10,0,0
1314,CP-AP-r001:S-P01-S09:GS09:p0015,west,4,0,6
1315,CP-AP-r001:S-P01-S09:GS10:p0002,east,0,7,6
1316,CP-AP-r001:S-P01-S09:GS10:p0003,east,0,8,4
1317,CP-AP-r001:S-P01-S09:GS10:p0004,east,0,8,6
1318,CP-AP-r001:S-P01-S09:GS10:p0005,east,0,8,0
1319,CP-AP-r001:S-P01-S09:GS10:p0006,east,0,8,6
1320,CP-AP-r001:S-P01-S09:GS10:p0007,east,0,8,3
1321,CP-AP-r001:S-P01-S09:GS10:p0008,east,0,8,6
1322,CP-AP-r001:S-P01-S09:GS10:p0009,east,0,6,0
1323,CP-AP-r001:S-P01-S09:GS10:p0010,east,0,8,6
1324,CP-AP-r001:S-P01-S09:GS10:p0011,east,0,9,6
1325,CP-AP-r001:S-P01-S09:GS10:p0012,east,0,8,2
1326,CP-AP-r001:S-P01-S09:GS10:p0013,east,0,8,6
1327,CP-AP-r001:S-P01-S09:GS10:p0014,east,0,7,0
1328,CP-AP-r001:S-P01-S09:GS10:p0015,east,0,4,5
1329,CP-AP-r001:S-P01-S09:GS11:p0002,east,0,7,6
1330,CP-AP-r001:S-P01-S09:GS11:p0003,east,0,10,4
1331,CP-AP-r001:S-P01-S09:GS11:p0004,east,0,8,6
1332,CP-AP-r001:S-P01-S09:GS11:p0005,east,0,7,0
1333,CP-AP-r001:S-P01-S09:GS11:p0006,east,0,8,6
1334,CP-AP-r001:S-P01-S09:GS11:p0007,east,0,8,3
1335,CP-AP-r001:S-P01-S09:GS11:p0008,east,0,8,6
1336,CP-AP-r001:S-P01-S09:GS11:p0009,east,0,9,0
1337,CP-AP-r001:S-P01-S09:GS11:p0010,east,0,8,6
1338,CP-AP-r001:S-P01-S09:GS11:p0011,east,0,8,2
1339,CP-AP-r001:S-P01-S09:GS11:p0012,east,0,8,6
1340,CP-AP-r001:S-P01-S09:GS11:p0013,east,0,9,0
1341,CP-AP-r001:S-P01-S09:GS11:p0014,east,0,3,5
1342,CP-AP-r001:S-P01-S09:GS12:p0002,east,0,10,6
1343,CP-AP-r001:S-P01-S09:GS12:p0003,east,0,8,4
1344,CP-AP-r001:S-P01-S09:GS12:p0004,east,0,10,6
1345,CP-AP-r001:S-P01-S09:GS12:p0005,east,0,7,0
1346,CP-AP-r001:S-P01-S09:GS12:p0006,east,0,9,6
1347,CP-AP-r001:S-P01-S09:GS12:p0007,east,0,10,3
1348,CP-AP-r001:S-P01-S09:GS12:p0008,east,0,10,6
1349,CP-AP-r001:S-P01-S09:GS12:p0009,east,0,7,0
1350,CP-AP-r001:S-P01-S09:GS12:p0010,east,0,7,6
1351,CP-AP-r001:S-P01-S09:GS12:p0011,east,0,10,2
1352,CP-AP-r001:S-P01-S09:GS12:p0012,east,0,9,6
1353,CP-AP-r001:S-P01-S09:GS12:p0013,east,0,7,0
1354,CP-AP-r001:S-P01-S09:GS12:p0014,east,0,3,5
1355,CP-AP-r001:S-P01-S10:GS01:p0001,west,7,0,6
1356,CP-AP-r001:S-P01-S10:GS01:p0002,west,7,0,0
1357,CP-AP-r001:S-P01-S10:GS01:p0003,west,8,0,5
1358,CP-AP-r001:S-P01-S10:GS01:p0004,west,7,0,0
1359,CP-AP-r001:S-P01-S10:GS01:p0005,west,6,0,6
1360,CP-AP-r001:S-P01-S10:GS01:p0006,west,6,0,1
1361,CP-AP-r001:S-P01-S10:GS01:p0007,west,10,0,5
1362,CP-AP-r001:S-P01-S10:GS01:p0008,west,6,0,0
1363,CP-AP-r001:S-P01-S10:GS01:p0009,west,5,0,6
1364,CP-AP-r001:S-P01-S10:GS01:p0010,west,7,0,2
1365,CP-AP-r001:S-P01-S10:GS01:p0011,west,7,0,6
1366,CP-AP-r001:S-P01-S10:GS01:p0012,west,8,0,0
1367,CP-AP-r001:S-P01-S10:GS02:p0001,west,7,0,6
1368,CP-AP-r001:S-P01-S10:GS02:p0002,west,7,0,0
1369,CP-AP-r001:S-P01-S10:GS02:p0003,west,7,0,6
1370,CP-AP-r001:S-P01-S10:GS02:p0004,west,10,0,5
1371,CP-AP-r001:S-P01-S10:GS02:p0005,west,7,0,6
1372,CP-AP-r001:S-P01-S10:GS02:p0006,west,7,0,1
1373,CP-AP-r001:S-P01-S10:GS02:p0007,west,8,0,6
1374,CP-AP-r001:S-P01-S10:GS02:p0008,west,8,0,5
1375,CP-AP-r001:S-P01-S10:GS02:p0009,west,7,0,6
1376,CP-AP-r001:S-P01-S10:GS02:p0010,west,7,0,2
1377,CP-AP-r001:S-P01-S10:GS02:p0011,west,8,0,6
1378,CP-AP-r001:S-P01-S10:GS02:p0012,west,7,0,0
1379,CP-AP-r001:S-P01-S10:GS02:p0013,west,3,0,6
1380,CP-AP-r001:S-P01-S10:GS03:p0001,west,6,0,6
1381,CP-AP-r001:S-P01-S10:GS03:p0002,west,8,0,0
1382,CP-AP-r001:S-P01-S10:GS03:p0003,west,7,0,6
1383,CP-AP-r001:S-P01-S10:GS03:p0004,west,8,0,5
1384,CP-AP-r001:S-P01-S10:GS03:p0005,west,7,0,6
1385,CP-AP-r001:S-P01-S10:GS03:p0006,west,8,0,1
1386,CP-AP-r001:S-P01-S10:GS03:p0007,west,7,0,6
1387,CP-AP-r001:S-P01-S10:GS03:p0008,west,8,0,5
1388,CP-AP-r001:S-P01-S10:GS03:p0009,west,7,0,6
1389,CP-AP-r001:S-P01-S10:GS03:p0010,west,7,0,2
1390,CP-AP-r001:S-P01-S10:GS03:p0011,west,6,0,6
1391,CP-AP-r001:S-P01-S10:GS03:p0012,west,8,0,6
1392,CP-AP-r001:S-P01-S10:GS03:p0013,west,3,0,6
1393,CP-AP-r001:S-P01-S10:GS04:p0001,east,0,7,6
1394,CP-AP-r001:S-P01-S10:GS04:p0002,east,0,7,3
1395,CP-AP-r001:S-P01-S10:GS04:p0003,east,0,8,6
1396,CP-AP-r001:S-P01-S10:GS04:p0004,east,0,6,6
1397,CP-AP-r001:S-P01-S10:GS04:p0005,east,0,7,6
1398,CP-AP-r001:S-P01-S10:GS04:p0006,east,0,7,3
1399,CP-AP-r001:S-P01-S10:GS04:p0007,east,0,8,6
1400,CP-AP-r001:S-P01-S10:GS04:p0008,east,0,6,6
1401,CP-AP-r001:S-P01-S10:GS04:p0009,east,0,6,6
1402,CP-AP-r001:S-P01-S10:GS04:p0010,east,0,7,2
1403,CP-AP-r001:S-P01-S10:GS04:p0011,east,0,8,6
1404,CP-AP-r001:S-P01-S10:GS04:p0012,east,0,3,5
1405,CP-AP-r001:S-P01-S10:GS05:p0002,east,0,5,6
1406,CP-AP-r001:S-P01-S10:GS05:p0003,east,0,9,3
1407,CP-AP-r001:S-P01-S10:GS05:p0004,east,0,6,6
1408,CP-AP-r001:S-P01-S10:GS05:p0005,east,0,6,0
1409,CP-AP-r001:S-P01-S10:GS05:p0006,east,0,7,6
1410,CP-AP-r001:S-P01-S10:GS05:p0007,east,0,7,3
1411,CP-AP-r001:S-P01-S10:GS05:p0008,east,0,8,6
1412,CP-AP-r001:S-P01-S10:GS05:p0009,east,0,5,0
1413,CP-AP-r001:S-P01-S10:GS05:p0010,east,0,7,6
1414,CP-AP-r001:S-P01-S10:GS05:p0011,east,0,7,2
1415,CP-AP-r001:S-P01-S10:GS05:p0012,east,0,8,6
1416,CP-AP-r001:S-P01-S10:GS05:p0013,east,0,4,5
1417,CP-AP-r001:S-P01-S10:GS06:p0002,east,0,7,6
1418,CP-AP-r001:S-P01-S10:GS06:p0003,east,0,8,0
1419,CP-AP-r001:S-P01-S10:GS06:p0004,east,0,8,3
1420,CP-AP-r001:S-P01-S10:GS06:p0005,east,0,7,0
1421,CP-AP-r001:S-P01-S10:GS06:p0006,east,0,7,6
1422,CP-AP-r001:S-P01-S10:GS06:p0007,east,0,8,3
1423,CP-AP-r001:S-P01-S10:GS06:p0008,east,0,7,0
1424,CP-AP-r001:S-P01-S10:GS06:p0009,east,0,7,6
1425,CP-AP-r001:S-P01-S10:GS06:p0010,east,0,8,2
1426,CP-AP-r001:S-P01-S10:GS06:p0011,east,0,7,6
1427,CP-AP-r001:S-P01-S10:GS06:p0012,east,0,7,0
1428,CP-AP-r001:S-P01-S10:GS06:p0013,east,0,3,5
1429,CP-AP-r001:S-P01-S10:GS07:p0001,west,8,0,6
1430,CP-AP-r001:S-P01-S10:GS07:p0002,west,9,0,0
1431,CP-AP-r001:S-P01-S10:GS07:p0003,west,10,0,5
1432,CP-AP-r001:S-P01-S10:GS07:p0004,west,8,0,0
1433,CP-AP-r001:S-P01-S10:GS07:p0005,west,8,0,6
1434,CP-AP-r001:S-P01-S10:GS07:p0006,west,8,0,1
1435,CP-AP-r001:S-P01-S10:GS07:p0007,west,10,0,5
1436,CP-AP-r001:S-P01-S10:GS07:p0008,west,8,0,0
1437,CP-AP-r001:S-P01-S10:GS07:p0009,west,8,0,6
1438,CP-AP-r001:S-P01-S10:GS07:p0010,west,8,0,2
1439,CP-AP-r001:S-P01-S10:GS07:p0011,west,9,0,6
1440,CP-AP-r001:S-P01-S10:GS07:p0012,west,8,0,0
1441,CP-AP-r001:S-P01-S10:GS07:p0013,west,7,0,6
1442,CP-AP-r001:S-P01-S10:GS08:p0001,west,8,0,6
1443,CP-AP-r001:S-P01-S10:GS08:p0002,west,10,0,0
1444,CP-AP-r001:S-P01-S10:GS08:p0003,west,8,0,5
1445,CP-AP-r001:S-P01-S10:GS08:p0004,west,7,0,0
1446,CP-AP-r001:S-P01-S10:GS08:p0005,west,8,0,6
1447,CP-AP-r001:S-P01-S10:GS08:p0006,west,11,0,1
1448,CP-AP-r001:S-P01-S10:GS08:p0007,west,10,0,5
1449,CP-AP-r001:S-P01-S10:GS08:p0008,west,9,0,0
1450,CP-AP-r001:S-P01-S10:GS08:p0009,west,8,0,6
1451,CP-AP-r001:S-P01-S10:GS08:p0010,west,9,0,2
1452,CP-AP-r001:S-P01-S10:GS08:p0011,west,10,0,6
1453,CP-AP-r001:S-P01-S10:GS08:p0012,west,9,0,0
1454,CP-AP-r001:S-P01-S10:GS08:p0013,west,4,0,6
1455,CP-AP-r001:S-P01-S10:GS09:p0002,west,8,0,6
1456,CP-AP-r001:S-P01-S10:GS09:p0003,west,8,0,0
1457,CP-AP-r001:S-P01-S10:GS09:p0004,west,8,0,6
1458,CP-AP-r001:S-P01-S10:GS09:p0005,west,8,0,5
1459,CP-AP-r001:S-P01-S10:GS09:p0006,west,8,0,6
1460,CP-AP-r001:S-P01-S10:GS09:p0007,west,9,0,1
1461,CP-AP-r001:S-P01-S10:GS09:p0008,west,6,0,6
1462,CP-AP-r001:S-P01-S10:GS09:p0009,west,8,0,5
1463,CP-AP-r001:S-P01-S10:GS09:p0010,west,9,0,0
1464,CP-AP-r001:S-P01-S10:GS09:p0011,west,8,0,6
1465,CP-AP-r001:S-P01-S10:GS09:p0012,west,10,0,2
1466,CP-AP-r001:S-P01-S10:GS09:p0013,west,7,0,6
1467,CP-AP-r001:S-P01-S10:GS09:p0014,west,8,0,6
1468,CP-AP-r001:S-P01-S10:GS09:p0015,west,8,0,0
1469,CP-AP-r001:S-P01-S10:GS09:p0016,west,4,0,6
1470,CP-AP-r001:S-P01-S10:GS10:p0002,east,0,7,6
1471,CP-AP-r001:S-P01-S10:GS10:p0003,east,0,9,3
1472,CP-AP-r001:S-P01-S10:GS10:p0004,east,0,8,6
1473,CP-AP-r001:S-P01-S10:GS10:p0005,east,0,8,0
1474,CP-AP-r001:S-P01-S10:GS10:p0006,east,0,7,6
1475,CP-AP-r001:S-P01-S10:GS10:p0007,east,0,8,3
1476,CP-AP-r001:S-P01-S10:GS10:p0008,east,0,8,6
1477,CP-AP-r001:S-P01-S10:GS10:p0009,east,0,6,0
1478,CP-AP-r001:S-P01-S10:GS10:p0010,east,0,7,6
1479,CP-AP-r001:S-P01-S10:GS10:p0011,east,0,7,6
1480,CP-AP-r001:S-P01-S10:GS10:p0012,east,0,8,2
1481,CP-AP-r001:S-P01-S10:GS10:p0013,east,0,8,6
1482,CP-AP-r001:S-P01-S10:GS10:p0014,east,0,7,0
1483,CP-AP-r001:S-P01-S10:GS10:p0015,east,0,4,5
1484,CP-AP-r001:S-P01-S10:GS11:p0002,east,0,8,6
1485,CP-AP-r001:S-P01-S10:GS11:p0003,east,0,10,3
1486,CP-AP-r001:S-P01-S10:GS11:p0004,east,0,8,6
1487,CP-AP-r001:S-P01-S10:GS11:p0005,east,0,8,0
1488,CP-AP-r001:S-P01-S10:GS11:p0006,east,0,8,6
1489,CP-AP-r001:S-P01-S10:GS11:p0007,east,0,8,3
1490,CP-AP-r001:S-P01-S10:GS11:p0008,east,0,8,6
1491,CP-AP-r001:S-P01-S10:GS11:p0009,east,0,9,0
1492,CP-AP-r001:S-P01-S10:GS11:p0010,east,0,9,6
1493,CP-AP-r001:S-P01-S10:GS11:p0011,east,0,9,2
1494,CP-AP-r001:S-P01-S10:GS11:p0012,east,0,8,6
1495,CP-AP-r001:S-P01-S10:GS11:p0013,east,0,9,0
1496,CP-AP-r001:S-P01-S10:GS11:p0014,east,0,4,5
1497,CP-AP-r001:S-P01-S10:GS12:p0002,east,0,10,6
1498,CP-AP-r001:S-P01-S10:GS12:p0003,east,0,9,3
1499,CP-AP-r001:S-P01-S10:GS12:p0004,east,0,9,6
1500,CP-AP-r001:S-P01-S10:GS12:p0005,east,0,8,0
1501,CP-AP-r001:S-P01-S10:GS12:p0006,east,0,10,6
1502,CP-AP-r001:S-P01-S10:GS12:p0007,east,0,10,3
1503,CP-AP-r001:S-P01-S10:GS12:p0008,east,0,9,6
1504,CP-AP-r001:S-P01-S10:GS12:p0009,east,0,8,0
1505,CP-AP-r001:S-P01-S10:GS12:p0010,east,0,8,6
1506,CP-AP-r001:S-P01-S10:GS12:p0011,east,0,10,2
1507,CP-AP-r001:S-P01-S10:GS12:p0012,east,0,8,6
1508,CP-AP-r001:S-P01-S10:GS12:p0013,east,0,8,0
1509,CP-AP-r001:S-P01-S10:GS12:p0014,east,0,4,5
1510,CP-AP-r001:S-P01-S11:GS01:p0001,west,7,0,6
1511,CP-AP-r001:S-P01-S11:GS01:p0002,west,6,0,2
1512,CP-AP-r001:S-P01-S11:GS01:p0003,west,6,0,6
1513,CP-AP-r001:S-P01-S11:GS01:p0004,west,8,0,0
1514,CP-AP-r001:S-P01-S11:GS01:p0005,west,7,0,6
1515,CP-AP-r001:S-P01-S11:GS01:p0006,west,6,0,2
1516,CP-AP-r001:S-P01-S11:GS01:p0007,west,6,0,6
1517,CP-AP-r001:S-P01-S11:GS01:p0008,west,8,0,0
1518,CP-AP-r001:S-P01-S11:GS01:p0009,west,6,0,3
1519,CP-AP-r001:S-P01-S11:GS01:p0010,west,6,0,0
1520,CP-AP-r001:S-P01-S11:GS01:p0011,west,6,0,6
1521,CP-AP-r001:S-P01-S11:GS01:p0012,west,8,0,1
1522,CP-AP-r001:S-P01-S11:GS02:p0001,west,6,0,6
1523,CP-AP-r001:S-P01-S11:GS02:p0002,west,6,0,2
1524,CP-AP-r001:S-P01-S11:GS02:p0003,west,8,0,6
1525,CP-AP-r001:S-P01-S11:GS02:p0004,west,6,0,6
1526,CP-AP-r001:S-P01-S11:GS02:p0005,west,6,0,2
1527,CP-AP-r001:S-P01-S11:GS02:p0006,west,8,0,6
1528,CP-AP-r001:S-P01-S11:GS02:p0007,west,7,0,0
1529,CP-AP-r001:S-P01-S11:GS02:p0008,west,7,0,6
1530,CP-AP-r001:S-P01-S11:GS02:p0009,west,5,0,3
1531,CP-AP-r001:S-P01-S11:GS02:p0010,west,9,0,6
1532,CP-AP-r001:S-P01-S11:GS02:p0011,west,8,0,1
1533,CP-AP-r001:S-P01-S11:GS02:p0012,west,7,0,6
1534,CP-AP-r001:S-P01-S11:GS03:p0001,west,6,0,6
1535,CP-AP-r001:S-P01-S11:GS03:p0002,west,6,0,2
1536,CP-AP-r001:S-P01-S11:GS03:p0003,west,5,0,6
1537,CP-AP-r001:S-P01-S11:GS03:p0004,west,8,0,6
1538,CP-AP-r001:S-P01-S11:GS03:p0005,west,6,0,6
1539,CP-AP-r001:S-P01-S11:GS03:p0006,west,6,0,2
1540,CP-AP-r001:S-P01-S11:GS03:p0007,west,6,0,6
1541,CP-AP-r001:S-P01-S11:GS03:p0008,west,9,0,6
1542,CP-AP-r001:S-P01-S11:GS03:p0009,west,6,0,6
1543,CP-AP-r001:S-P01-S11:GS03:p0010,west,6,0,3
1544,CP-AP-r001:S-P01-S11:GS03:p0011,west,7,0,6
1545,CP-AP-r001:S-P01-S11:GS03:p0012,west,8,0,6
1546,CP-AP-r001:S-P01-S11:GS03:p0013,west,6,0,6
1547,CP-AP-r001:S-P01-S11:GS04:p0001,east,0,4,6
1548,CP-AP-r001:S-P01-S11:GS04:p0002,east,0,6,6
1549,CP-AP-r001:S-P01-S11:GS04:p0003,east,0,6,2
1550,CP-AP-r001:S-P01-S11:GS04:p0004,east,0,8,6
1551,CP-AP-r001:S-P01-S11:GS04:p0005,east,0,6,6
1552,CP-AP-r001:S-P01-S11:GS04:p0006,east,0,8,6
1553,CP-AP-r001:S-P01-S11:GS04:p0007,east,0,6,1
1554,CP-AP-r001:S-P01-S11:GS04:p0008,east,0,8,6
1555,CP-AP-r001:S-P01-S11:GS04:p0009,east,0,6,5
1556,CP-AP-r001:S-P01-S11:GS04:p0010,east,0,7,6
1557,CP-AP-r001:S-P01-S11:GS04:p0011,east,0,6,1
1558,CP-AP-r001:S-P01-S11:GS04:p0012,east,0,8,6
1559,CP-AP-r001:S-P01-S11:GS04:p0013,east,0,6,5
1560,CP-AP-r001:S-P01-S11:GS05:p0002,east,0,6,6
1561,CP-AP-r001:S-P01-S11:GS05:p0003,east,0,6,2
1562,CP-AP-r001:S-P01-S11:GS05:p0004,east,0,8,6
1563,CP-AP-r001:S-P01-S11:GS05:p0005,east,0,6,6
1564,CP-AP-r001:S-P01-S11:GS05:p0006,east,0,6,1
1565,CP-AP-r001:S-P01-S11:GS05:p0007,east,0,8,6
1566,CP-AP-r001:S-P01-S11:GS05:p0008,east,0,4,5
1567,CP-AP-r001:S-P01-S11:GS05:p0009,east,0,7,6
1568,CP-AP-r001:S-P01-S11:GS05:p0010,east,0,6,1
1569,CP-AP-r001:S-P01-S11:GS05:p0011,east,0,8,6
1570,CP-AP-r001:S-P01-S11:GS05:p0012,east,0,6,5
1571,CP-AP-r001:S-P01-S11:GS06:p0002,east,0,6,6
1572,CP-AP-r001:S-P01-S11:GS06:p0003,east,0,8,2
1573,CP-AP-r001:S-P01-S11:GS06:p0004,east,0,7,6
1574,CP-AP-r001:S-P01-S11:GS06:p0005,east,0,6,0
1575,CP-AP-r001:S-P01-S11:GS06:p0006,east,0,5,6
1576,CP-AP-r001:S-P01-S11:GS06:p0007,east,0,9,1
1577,CP-AP-r001:S-P01-S11:GS06:p0008,east,0,7,6
1578,CP-AP-r001:S-P01-S11:GS06:p0009,east,0,7,0
1579,CP-AP-r001:S-P01-S11:GS06:p0010,east,0,6,5
1580,CP-AP-r001:S-P01-S11:GS06:p0011,east,0,6,1
1581,CP-AP-r001:S-P01-S11:GS06:p0012,east,0,8,6
1582,CP-AP-r001:S-P01-S11:GS06:p0013,east,0,7,0
1583,CP-AP-r001:S-P01-S11:GS06:p0014,east,0,6,5
1584,CP-AP-r001:S-P01-S11:GS07:p0001,west,7,0,6
1585,CP-AP-r001:S-P01-S11:GS07:p0002,west,8,0,2
1586,CP-AP-r001:S-P01-S11:GS07:p0003,west,8,0,6
1587,CP-AP-r001:S-P01-S11:GS07:p0004,west,8,0,0
1588,CP-AP-r001:S-P01-S11:GS07:p0005,west,9,0,6
1589,CP-AP-r001:S-P01-S11:GS07:p0006,west,9,0,2
1590,CP-AP-r001:S-P01-S11:GS07:p0007,west,8,0,6
1591,CP-AP-r001:S-P01-S11:GS07:p0008,west,8,0,0
1592,CP-AP-r001:S-P01-S11:GS07:p0009,west,9,0,6
1593,CP-AP-r001:S-P01-S11:GS07:p0010,west,7,0,3
1594,CP-AP-r001:S-P01-S11:GS07:p0011,west,8,0,6
1595,CP-AP-r001:S-P01-S11:GS07:p0012,west,8,0,1
1596,CP-AP-r001:S-P01-S11:GS07:p0013,west,6,0,6
1597,CP-AP-r001:S-P01-S11:GS08:p0001,west,7,0,6
1598,CP-AP-r001:S-P01-S11:GS08:p0002,west,8,0,2
1599,CP-AP-r001:S-P01-S11:GS08:p0003,west,10,0,6
1600,CP-AP-r001:S-P01-S11:GS08:p0004,west,10,0,0
1601,CP-AP-r001:S-P01-S11:GS08:p0005,west,7,0,6
1602,CP-AP-r001:S-P01-S11:GS08:p0006,west,7,0,2
1603,CP-AP-r001:S-P01-S11:GS08:p0007,west,10,0,6
1604,CP-AP-r001:S-P01-S11:GS08:p0008,west,9,0,0
1605,CP-AP-r001:S-P01-S11:GS08:p0009,west,7,0,6
1606,CP-AP-r001:S-P01-S11:GS08:p0010,west,7,0,3
1607,CP-AP-r001:S-P01-S11:GS08:p0011,west,9,0,6
1608,CP-AP-r001:S-P01-S11:GS08:p0012,west,8,0,1
1609,CP-AP-r001:S-P01-S11:GS08:p0013,west,8,0,6
1610,CP-AP-r001:S-P01-S11:GS09:p0001,west,8,0,6
1611,CP-AP-r001:S-P01-S11:GS09:p0002,west,10,0,2
1612,CP-AP-r001:S-P01-S11:GS09:p0003,west,6,0,6
1613,CP-AP-r001:S-P01-S11:GS09:p0004,west,8,0,6
1614,CP-AP-r001:S-P01-S11:GS09:p0005,west,10,0,0
1615,CP-AP-r001:S-P01-S11:GS09:p0006,west,8,0,6
1616,CP-AP-r001:S-P01-S11:GS09:p0007,west,10,0,2
1617,CP-AP-r001:S-P01-S11:GS09:p0008,west,8,0,6
1618,CP-AP-r001:S-P01-S11:GS09:p0009,west,9,0,0
1619,CP-AP-r001:S-P01-S11:GS09:p0010,west,7,0,6
1620,CP-AP-r001:S-P01-S11:GS09:p0011,west,11,0,3
1621,CP-AP-r001:S-P01-S11:GS09:p0012,west,10,0,6
1622,CP-AP-r001:S-P01-S11:GS09:p0013,west,10,0,1
1623,CP-AP-r001:S-P01-S11:GS09:p0014,west,7,0,6
1624,CP-AP-r001:S-P01-S11:GS10:p0002,east,0,8,6
1625,CP-AP-r001:S-P01-S11:GS10:p0003,east,0,9,6
1626,CP-AP-r001:S-P01-S11:GS10:p0004,east,0,8,2
1627,CP-AP-r001:S-P01-S11:GS10:p0005,east,0,8,6
1628,CP-AP-r001:S-P01-S11:GS10:p0006,east,0,7,0
1629,CP-AP-r001:S-P01-S11:GS10:p0007,east,0,8,6
1630,CP-AP-r001:S-P01-S11:GS10:p0008,east,0,10,6
1631,CP-AP-r001:S-P01-S11:GS10:p0009,east,0,9,1
1632,CP-AP-r001:S-P01-S11:GS10:p0010,east,0,8,6
1633,CP-AP-r001:S-P01-S11:GS10:p0011,east,0,8,5
1634,CP-AP-r001:S-P01-S11:GS10:p0012,east,0,10,6
1635,CP-AP-r001:S-P01-S11:GS10:p0013,east,0,6,1
1636,CP-AP-r001:S-P01-S11:GS10:p0014,east,0,8,6
1637,CP-AP-r001:S-P01-S11:GS10:p0015,east,0,10,5
1638,CP-AP-r001:S-P01-S11:GS10:p0016,east,0,8,5
1639,CP-AP-r001:S-P01-S11:GS11:p0002,east,0,8,6
1640,CP-AP-r001:S-P01-S11:GS11:p0003,east,0,8,2
1641,CP-AP-r001:S-P01-S11:GS11:p0004,east,0,8,6
1642,CP-AP-r001:S-P01-S11:GS11:p0005,east,0,9,0
1643,CP-AP-r001:S-P01-S11:GS11:p0006,east,0,7,6
1644,CP-AP-r001:S-P01-S11:GS11:p0007,east,0,8,1
1645,CP-AP-r001:S-P01-S11:GS11:p0008,east,0,8,6
1646,CP-AP-r001:S-P01-S11:GS11:p0009,east,0,8,0
1647,CP-AP-r001:S-P01-S11:GS11:p0010,east,0,8,5
1648,CP-AP-r001:S-P01-S11:GS11:p0011,east,0,9,1
1649,CP-AP-r001:S-P01-S11:GS11:p0012,east,0,8,6
1650,CP-AP-r001:S-P01-S11:GS11:p0013,east,0,6,0
1651,CP-AP-r001:S-P01-S11:GS11:p0014,east,0,8,5
1652,CP-AP-r001:S-P01-S11:GS12:p0002,east,0,7,6
1653,CP-AP-r001:S-P01-S11:GS12:p0003,east,0,10,2
1654,CP-AP-r001:S-P01-S11:GS12:p0004,east,0,10,6
1655,CP-AP-r001:S-P01-S11:GS12:p0005,east,0,7,0
1656,CP-AP-r001:S-P01-S11:GS12:p0006,east,0,7,6
1657,CP-AP-r001:S-P01-S11:GS12:p0007,east,0,10,1
1658,CP-AP-r001:S-P01-S11:GS12:p0008,east,0,8,6
1659,CP-AP-r001:S-P01-S11:GS12:p0009,east,0,7,0
1660,CP-AP-r001:S-P01-S11:GS12:p0010,east,0,8,5
1661,CP-AP-r001:S-P01-S11:GS12:p0011,east,0,9,1
1662,CP-AP-r001:S-P01-S11:GS12:p0012,east,0,8,6
1663,CP-AP-r001:S-P01-S11:GS12:p0013,east,0,9,0
1664,CP-AP-r001:S-P01-S11:GS12:p0014,east,0,9,5
1665,CP-AP-r001:S-P01-S12:GS01:p0001,west,5,0,6
1666,CP-AP-r001:S-P01-S12:GS01:p0002,west,7,0,2
1667,CP-AP-r001:S-P01-S12:GS01:p0003,west,7,0,6
1668,CP-AP-r001:S-P01-S12:GS01:p0004,west,8,0,0
1669,CP-AP-r001:S-P01-S12:GS01:p0005,west,7,0,2
1670,CP-AP-r001:S-P01-S12:GS01:p0006,west,7,0,6
1671,CP-AP-r001:S-P01-S12:GS01:p0007,west,8,0,0
1672,CP-AP-r001:S-P01-S12:GS01:p0008,west,7,0,3
1673,CP-AP-r001:S-P01-S12:GS01:p0009,west,7,0,0
1674,CP-AP-r001:S-P01-S12:GS01:p0010,west,7,0,6
1675,CP-AP-r001:S-P01-S12:GS01:p0011,west,8,0,1
1676,CP-AP-r001:S-P01-S12:GS02:p0001,west,7,0,6
1677,CP-AP-r001:S-P01-S12:GS02:p0002,west,7,0,2
1678,CP-AP-r001:S-P01-S12:GS02:p0003,west,8,0,6
1679,CP-AP-r001:S-P01-S12:GS02:p0004,west,7,0,6
1680,CP-AP-r001:S-P01-S12:GS02:p0005,west,7,0,2
1681,CP-AP-r001:S-P01-S12:GS02:p0006,west,8,0,6
1682,CP-AP-r001:S-P01-S12:GS02:p0007,west,6,0,0
1683,CP-AP-r001:S-P01-S12:GS02:p0008,west,7,0,6
1684,CP-AP-r001:S-P01-S12:GS02:p0009,west,7,0,3
1685,CP-AP-r001:S-P01-S12:GS02:p0010,west,10,0,6
1686,CP-AP-r001:S-P01-S12:GS02:p0011,west,7,0,1
1687,CP-AP-r001:S-P01-S12:GS02:p0012,west,5,0,6
1688,CP-AP-r001:S-P01-S12:GS03:p0001,west,7,0,6
1689,CP-AP-r001:S-P01-S12:GS03:p0002,west,7,0,2
1690,CP-AP-r001:S-P01-S12:GS03:p0003,west,6,0,6
1691,CP-AP-r001:S-P01-S12:GS03:p0004,west,8,0,6
1692,CP-AP-r001:S-P01-S12:GS03:p0005,west,7,0,6
1693,CP-AP-r001:S-P01-S12:GS03:p0006,west,7,0,2
1694,CP-AP-r001:S-P01-S12:GS03:p0007,west,8,0,6
1695,CP-AP-r001:S-P01-S12:GS03:p0008,west,9,0,6
1696,CP-AP-r001:S-P01-S12:GS03:p0009,west,7,0,6
1697,CP-AP-r001:S-P01-S12:GS03:p0010,west,7,0,3
1698,CP-AP-r001:S-P01-S12:GS03:p0011,west,8,0,6
1699,CP-AP-r001:S-P01-S12:GS03:p0012,west,7,0,6
1700,CP-AP-r001:S-P01-S12:GS04:p0001,east,0,5,6
1701,CP-AP-r001:S-P01-S12:GS04:p0002,east,0,6,6
1702,CP-AP-r001:S-P01-S12:GS04:p0003,east,0,7,2
1703,CP-AP-r001:S-P01-S12:GS04:p0004,east,0,8,6
1704,CP-AP-r001:S-P01-S12:GS04:p0005,east,0,6,5
1705,CP-AP-r001:S-P01-S12:GS04:p0006,east,0,8,6
1706,CP-AP-r001:S-P01-S12:GS04:p0007,east,0,7,1
1707,CP-AP-r001:S-P01-S12:GS04:p0008,east,0,8,6
1708,CP-AP-r001:S-P01-S12:GS04:p0009,east,0,7,5
1709,CP-AP-r001:S-P01-S12:GS04:p0010,east,0,7,6
1710,CP-AP-r001:S-P01-S12:GS04:p0011,east,0,7,0
1711,CP-AP-r001:S-P01-S12:GS04:p0012,east,0,8,6
1712,CP-AP-r001:S-P01-S12:GS04:p0013,east,0,7,5
1713,CP-AP-r001:S-P01-S12:GS05:p0002,east,0,7,6
1714,CP-AP-r001:S-P01-S12:GS05:p0003,east,0,7,2
1715,CP-AP-r001:S-P01-S12:GS05:p0004,east,0,8,6
1716,CP-AP-r001:S-P01-S12:GS05:p0005,east,0,7,5
1717,CP-AP-r001:S-P01-S12:GS05:p0006,east,0,7,1
1718,CP-AP-r001:S-P01-S12:GS05:p0007,east,0,8,6
1719,CP-AP-r001:S-P01-S12:GS05:p0008,east,0,5,5
1720,CP-AP-r001:S-P01-S12:GS05:p0009,east,0,7,6
1721,CP-AP-r001:S-P01-S12:GS05:p0010,east,0,7,0
1722,CP-AP-r001:S-P01-S12:GS05:p0011,east,0,8,6
1723,CP-AP-r001:S-P01-S12:GS05:p0012,east,0,6,5
1724,CP-AP-r001:S-P01-S12:GS06:p0002,east,0,7,6
1725,CP-AP-r001:S-P01-S12:GS06:p0003,east,0,8,2
1726,CP-AP-r001:S-P01-S12:GS06:p0004,east,0,7,6
1727,CP-AP-r001:S-P01-S12:GS06:p0005,east,0,7,0
1728,CP-AP-r001:S-P01-S12:GS06:p0006,east,0,6,5
1729,CP-AP-r001:S-P01-S12:GS06:p0007,east,0,10,1
1730,CP-AP-r001:S-P01-S12:GS06:p0008,east,0,6,6
1731,CP-AP-r001:S-P01-S12:GS06:p0009,east,0,5,0
1732,CP-AP-r001:S-P01-S12:GS06:p0010,east,0,7,5
1733,CP-AP-r001:S-P01-S12:GS06:p0011,east,0,7,0
1734,CP-AP-r001:S-P01-S12:GS06:p0012,east,0,8,6
1735,CP-AP-r001:S-P01-S12:GS06:p0013,east,0,7,5
1736,CP-AP-r001:S-P01-S12:GS07:p0001,west,8,0,6
1737,CP-AP-r001:S-P01-S12:GS07:p0002,west,8,0,2
1738,CP-AP-r001:S-P01-S12:GS07:p0003,west,8,0,6
1739,CP-AP-r001:S-P01-S12:GS07:p0004,west,8,0,0
1740,CP-AP-r001:S-P01-S12:GS07:p0005,west,9,0,6
1741,CP-AP-r001:S-P01-S12:GS07:p0006,west,9,0,2
1742,CP-AP-r001:S-P01-S12:GS07:p0007,west,9,0,6
1743,CP-AP-r001:S-P01-S12:GS07:p0008,west,8,0,0
1744,CP-AP-r001:S-P01-S12:GS07:p0009,west,9,0,6
1745,CP-AP-r001:S-P01-S12:GS07:p0010,west,7,0,3
1746,CP-AP-r001:S-P01-S12:GS07:p0011,west,8,0,6
1747,CP-AP-r001:S-P01-S12:GS07:p0012,west,8,0,1
1748,CP-AP-r001:S-P01-S12:GS07:p0013,west,6,0,6
1749,CP-AP-r001:S-P01-S12:GS08:p0001,west,8,0,6
1750,CP-AP-r001:S-P01-S12:GS08:p0002,west,9,0,2
1751,CP-AP-r001:S-P01-S12:GS08:p0003,west,10,0,6
1752,CP-AP-r001:S-P01-S12:GS08:p0004,west,9,0,0
1753,CP-AP-r001:S-P01-S12:GS08:p0005,west,8,0,6
1754,CP-AP-r001:S-P01-S12:GS08:p0006,west,8,0,2
1755,CP-AP-r001:S-P01-S12:GS08:p0007,west,10,0,6
1756,CP-AP-r001:S-P01-S12:GS08:p0008,west,8,0,0
1757,CP-AP-r001:S-P01-S12:GS08:p0009,west,8,0,6
1758,CP-AP-r001:S-P01-S12:GS08:p0010,west,8,0,3
1759,CP-AP-r001:S-P01-S12:GS08:p0011,west,9,0,6
1760,CP-AP-r001:S-P01-S12:GS08:p0012,west,8,0,1
1761,CP-AP-r001:S-P01-S12:GS08:p0013,west,9,0,6
1762,CP-AP-r001:S-P01-S12:GS09:p0001,west,8,0,6
1763,CP-AP-r001:S-P01-S12:GS09:p0002,west,10,0,2
1764,CP-AP-r001:S-P01-S12:GS09:p0003,west,7,0,6
1765,CP-AP-r001:S-P01-S12:GS09:p0004,west,8,0,6
1766,CP-AP-r001:S-P01-S12:GS09:p0005,west,8,0,0
1767,CP-AP-r001:S-P01-S12:GS09:p0006,west,8,0,6
1768,CP-AP-r001:S-P01-S12:GS09:p0007,west,10,0,2
1769,CP-AP-r001:S-P01-S12:GS09:p0008,west,8,0,6
1770,CP-AP-r001:S-P01-S12:GS09:p0009,west,8,0,0
1771,CP-AP-r001:S-P01-S12:GS09:p0010,west,8,0,6
1772,CP-AP-r001:S-P01-S12:GS09:p0011,west,11,0,3
1773,CP-AP-r001:S-P01-S12:GS09:p0012,west,10,0,6
1774,CP-AP-r001:S-P01-S12:GS09:p0013,west,9,0,1
1775,CP-AP-r001:S-P01-S12:GS09:p0014,west,8,0,6
1776,CP-AP-r001:S-P01-S12:GS10:p0002,east,0,7,6
1777,CP-AP-r001:S-P01-S12:GS10:p0003,east,0,7,6
1778,CP-AP-r001:S-P01-S12:GS10:p0004,east,0,8,2
1779,CP-AP-r001:S-P01-S12:GS10:p0005,east,0,8,6
1780,CP-AP-r001:S-P01-S12:GS10:p0006,east,0,6,0
1781,CP-AP-r001:S-P01-S12:GS10:p0007,east,0,8,5
1782,CP-AP-r001:S-P01-S12:GS10:p0008,east,0,8,6
1783,CP-AP-r001:S-P01-S12:GS10:p0009,east,0,8,1
1784,CP-AP-r001:S-P01-S12:GS10:p0010,east,0,8,6
1785,CP-AP-r001:S-P01-S12:GS10:p0011,east,0,8,5
1786,CP-AP-r001:S-P01-S12:GS10:p0012,east,0,9,6
1787,CP-AP-r001:S-P01-S12:GS10:p0013,east,0,7,0
1788,CP-AP-r001:S-P01-S12:GS10:p0014,east,0,8,6
1789,CP-AP-r001:S-P01-S12:GS10:p0015,east,0,8,5
1790,CP-AP-r001:S-P01-S12:GS10:p0016,east,0,8,5
1791,CP-AP-r001:S-P01-S12:GS11:p0002,east,0,8,6
1792,CP-AP-r001:S-P01-S12:GS11:p0003,east,0,9,2
1793,CP-AP-r001:S-P01-S12:GS11:p0004,east,0,8,6
1794,CP-AP-r001:S-P01-S12:GS11:p0005,east,0,9,0
1795,CP-AP-r001:S-P01-S12:GS11:p0006,east,0,7,5
1796,CP-AP-r001:S-P01-S12:GS11:p0007,east,0,8,1
1797,CP-AP-r001:S-P01-S12:GS11:p0008,east,0,8,6
1798,CP-AP-r001:S-P01-S12:GS11:p0009,east,0,8,0
1799,CP-AP-r001:S-P01-S12:GS11:p0010,east,0,7,5
1800,CP-AP-r001:S-P01-S12:GS11:p0011,east,0,9,0
1801,CP-AP-r001:S-P01-S12:GS11:p0012,east,0,8,6
1802,CP-AP-r001:S-P01-S12:GS11:p0013,east,0,5,0
1803,CP-AP-r001:S-P01-S12:GS11:p0014,east,0,7,5
1804,CP-AP-r001:S-P01-S12:GS12:p0002,east,0,9,6
1805,CP-AP-r001:S-P01-S12:GS12:p0003,east,0,10,2
1806,CP-AP-r001:S-P01-S12:GS12:p0004,east,0,8,6
1807,CP-AP-r001:S-P01-S12:GS12:p0005,east,0,8,0
1808,CP-AP-r001:S-P01-S12:GS12:p0006,east,0,8,5
1809,CP-AP-r001:S-P01-S12:GS12:p0007,east,0,10,1
1810,CP-AP-r001:S-P01-S12:GS12:p0008,east,0,8,6
1811,CP-AP-r001:S-P01-S12:GS12:p0009,east,0,8,0
1812,CP-AP-r001:S-P01-S12:GS12:p0010,east,0,8,5
1813,CP-AP-r001:S-P01-S12:GS12:p0011,east,0,9,0
1814,CP-AP-r001:S-P01-S12:GS12:p0012,east,0,8,6
1815,CP-AP-r001:S-P01-S12:GS12:p0013,east,0,9,0
1816,CP-AP-r001:S-P01-S12:GS12:p0014,east,0,9,5
1817,CP-AP-r001:S-P02-S01:GS01:p0001,west,6,0,3
1818,CP-AP-r001:S-P02-S01:GS01:p0002,west,7,0,0
1819,CP-AP-r001:S-P02-S01:GS01:p0003,west,6,0,6
1820,CP-AP-r001:S-P02-S01:GS01:p0004,west,8,0,1
1821,CP-AP-r001:S-P02-S01:GS01:p0005,west,4,0,4
1822,CP-AP-r001:S-P02-S01:GS01:p0006,west,6,0,0
1823,CP-AP-r001:S-P02-S01:GS01:p0007,west,6,0,6
1824,CP-AP-r001:S-P02-S01:GS01:p0008,west,8,0,1
1825,CP-AP-r001:S-P02-S01:GS01:p0009,west,6,0,5
1826,CP-AP-r001:S-P02-S01:GS01:p0010,west,8,0,0
1827,CP-AP-r001:S-P02-S01:GS01:p0011,west,6,0,6
1828,CP-AP-r001:S-P02-S01:GS01:p0012,west,8,0,1
1829,CP-AP-r001:S-P02-S01:GS02:p0001,west,5,0,6
1830,CP-AP-r001:S-P02-S01:GS02:p0002,west,5,0,3
1831,CP-AP-r001:S-P02-S01:GS02:p0003,west,8,0,6
1832,CP-AP-r001:S-P02-S01:GS02:p0004,west,9,0,1
1833,CP-AP-r001:S-P02-S01:GS02:p0005,west,6,0,6
1834,CP-AP-r001:S-P02-S01:GS02:p0006,west,6,0,4
1835,CP-AP-r001:S-P02-S01:GS02:p0007,west,6,0,6
1836,CP-AP-r001:S-P02-S01:GS02:p0008,west,8,0,1
1837,CP-AP-r001:S-P02-S01:GS02:p0009,west,6,0,5
1838,CP-AP-r001:S-P02-S01:GS02:p0010,west,6,0,6
1839,CP-AP-r001:S-P02-S01:GS02:p0011,west,8,0,1
1840,CP-AP-r001:S-P02-S01:GS03:p0001,west,6,0,6
1841,CP-AP-r001:S-P02-S01:GS03:p0002,west,6,0,3
1842,CP-AP-r001:S-P02-S01:GS03:p0003,west,8,0,6
1843,CP-AP-r001:S-P02-S01:GS03:p0004,west,6,0,6
1844,CP-AP-r001:S-P02-S01:GS03:p0005,west,6,0,4
1845,CP-AP-r001:S-P02-S01:GS03:p0006,west,8,0,6
1846,CP-AP-r001:S-P02-S01:GS03:p0007,west,7,0,1
1847,CP-AP-r001:S-P02-S01:GS03:p0008,west,6,0,6
1848,CP-AP-r001:S-P02-S01:GS03:p0009,west,4,0,5
1849,CP-AP-r001:S-P02-S01:GS03:p0010,west,9,0,6
1850,CP-AP-r001:S-P02-S01:GS03:p0011,west,7,0,1
1851,CP-AP-r001:S-P02-S01:GS04:p0001,east,0,6,5
1852,CP-AP-r001:S-P02-S01:GS04:p0002,east,0,6,6
1853,CP-AP-r001:S-P02-S01:GS04:p0003,east,0,6,0
1854,CP-AP-r001:S-P02-S01:GS04:p0004,east,0,8,6
1855,CP-AP-r001:S-P02-S01:GS04:p0005,east,0,6,5
1856,CP-AP-r001:S-P02-S01:GS04:p0006,east,0,6,6
1857,CP-AP-r001:S-P02-S01:GS04:p0007,east,0,4,0
1858,CP-AP-r001:S-P02-S01:GS04:p0008,east,0,10,6
1859,CP-AP-r001:S-P02-S01:GS04:p0009,east,0,6,4
1860,CP-AP-r001:S-P02-S01:GS04:p0010,east,0,6,6
1861,CP-AP-r001:S-P02-S01:GS04:p0011,east,0,6,0
1862,CP-AP-r001:S-P02-S01:GS04:p0012,east,0,8,6
1863,CP-AP-r001:S-P02-S01:GS05:p0001,east,0,4,5
1864,CP-AP-r001:S-P02-S01:GS05:p0002,east,0,6,6
1865,CP-AP-r001:S-P02-S01:GS05:p0003,east,0,6,0
1866,CP-AP-r001:S-P02-S01:GS05:p0004,east,0,8,6
1867,CP-AP-r001:S-P02-S01:GS05:p0005,east,0,6,5
1868,CP-AP-r001:S-P02-S01:GS05:p0006,east,0,8,6
1869,CP-AP-r001:S-P02-S01:GS05:p0007,east,0,6,0
1870,CP-AP-r001:S-P02-S01:GS05:p0008,east,0,8,6
1871,CP-AP-r001:S-P02-S01:GS05:p0009,east,0,6,4
1872,CP-AP-r001:S-P02-S01:GS05:p0010,east,0,7,6
1873,CP-AP-r001:S-P02-S01:GS05:p0011,east,0,6,0
1874,CP-AP-r001:S-P02-S01:GS05:p0012,east,0,8,6
1875,CP-AP-r001:S-P02-S01:GS06:p0001,east,0,6,0
1876,CP-AP-r001:S-P02-S01:GS06:p0002,east,0,6,5
1877,CP-AP-r001:S-P02-S01:GS06:p0003,east,0,6,0
1878,CP-AP-r001:S-P02-S01:GS06:p0004,east,0,8,6
1879,CP-AP-r001:S-P02-S01:GS06:p0005,east,0,7,0
1880,CP-AP-r001:S-P02-S01:GS06:p0006,east,0,6,5
1881,CP-AP-r001:S-P02-S01:GS06:p0007,east,0,6,0
1882,CP-AP-r001:S-P02-S01:GS06:p0008,east,0,8,6
1883,CP-AP-r001:S-P02-S01:GS06:p0009,east,0,6,4
1884,CP-AP-r001:S-P02-S01:GS06:p0010,east,0,7,6
1885,CP-AP-r001:S-P02-S01:GS06:p0011,east,0,6,0
1886,CP-AP-r001:S-P02-S01:GS06:p0012,east,0,8,6
1887,CP-AP-r001:S-P02-S01:GS07:p0001,west,8,0,6
1888,CP-AP-r001:S-P02-S01:GS07:p0002,west,7,0,3
1889,CP-AP-r001:S-P02-S01:GS07:p0003,west,9,0,6
1890,CP-AP-r001:S-P02-S01:GS07:p0004,west,8,0,1
1891,CP-AP-r001:S-P02-S01:GS07:p0005,west,5,0,6
1892,CP-AP-r001:S-P02-S01:GS07:p0006,west,8,0,4
1893,CP-AP-r001:S-P02-S01:GS07:p0007,west,9,0,0
1894,CP-AP-r001:S-P02-S01:GS07:p0008,west,8,0,6
1895,CP-AP-r001:S-P02-S01:GS07:p0009,west,8,0,1
1896,CP-AP-r001:S-P02-S01:GS07:p0010,west,5,0,6
1897,CP-AP-r001:S-P02-S01:GS07:p0011,west,8,0,5
1898,CP-AP-r001:S-P02-S01:GS07:p0012,west,10,0,0
1899,CP-AP-r001:S-P02-S01:GS07:p0013,west,8,0,6
1900,CP-AP-r001:S-P02-S01:GS07:p0014,west,8,0,1
1901,CP-AP-r001:S-P02-S01:GS08:p0001,west,7,0,6
1902,CP-AP-r001:S-P02-S01:GS08:p0002,west,7,0,3
1903,CP-AP-r001:S-P02-S01:GS08:p0003,west,9,0,6
1904,CP-AP-r001:S-P02-S01:GS08:p0004,west,8,0,1
1905,CP-AP-r001:S-P02-S01:GS08:p0005,west,8,0,6
1906,CP-AP-r001:S-P02-S01:GS08:p0006,west,8,0,4
1907,CP-AP-r001:S-P02-S01:GS08:p0007,west,8,0,6
1908,CP-AP-r001:S-P02-S01:GS08:p0008,west,8,0,1
1909,CP-AP-r001:S-P02-S01:GS08:p0009,west,8,0,6
1910,CP-AP-r001:S-P02-S01:GS08:p0010,west,7,0,5
1911,CP-AP-r001:S-P02-S01:GS08:p0011,west,8,0,6
1912,CP-AP-r001:S-P02-S01:GS08:p0012,west,8,0,1
1913,CP-AP-r001:S-P02-S01:GS09:p0001,west,7,0,6
1914,CP-AP-r001:S-P02-S01:GS09:p0002,west,11,0,3
1915,CP-AP-r001:S-P02-S01:GS09:p0003,west,10,0,6
1916,CP-AP-r001:S-P02-S01:GS09:p0004,west,10,0,1
1917,CP-AP-r001:S-P02-S01:GS09:p0005,west,7,0,6
1918,CP-AP-r001:S-P02-S01:GS09:p0006,west,7,0,4
1919,CP-AP-r001:S-P02-S01:GS09:p0007,west,10,0,6
1920,CP-AP-r001:S-P02-S01:GS09:p0008,west,10,0,1
1921,CP-AP-r001:S-P02-S01:GS09:p0009,west,7,0,6
1922,CP-AP-r001:S-P02-S01:GS09:p0010,west,7,0,5
1923,CP-AP-r001:S-P02-S01:GS09:p0011,west,10,0,6
1924,CP-AP-r001:S-P02-S01:GS09:p0012,west,8,0,1
1925,CP-AP-r001:S-P02-S01:GS10:p0001,east,0,8,5
1926,CP-AP-r001:S-P02-S01:GS10:p0002,east,0,10,6
1927,CP-AP-r001:S-P02-S01:GS10:p0003,east,0,7,0
1928,CP-AP-r001:S-P02-S01:GS10:p0004,east,0,8,6
1929,CP-AP-r001:S-P02-S01:GS10:p0005,east,0,10,5
1930,CP-AP-r001:S-P02-S01:GS10:p0006,east,0,8,5
1931,CP-AP-r001:S-P02-S01:GS10:p0007,east,0,10,6
1932,CP-AP-r001:S-P02-S01:GS10:p0008,east,0,5,0
1933,CP-AP-r001:S-P02-S01:GS10:p0009,east,0,8,6
1934,CP-AP-r001:S-P02-S01:GS10:p0010,east,0,8,6
1935,CP-AP-r001:S-P02-S01:GS10:p0011,east,0,8,4
1936,CP-AP-r001:S-P02-S01:GS10:p0012,east,0,10,6
1937,CP-AP-r001:S-P02-S01:GS10:p0013,east,0,8,6
1938,CP-AP-r001:S-P02-S01:GS10:p0014,east,0,10,6
1939,CP-AP-r001:S-P02-S01:GS11:p0001,east,0,7,0
1940,CP-AP-r001:S-P02-S01:GS11:p0002,east,0,8,5
1941,CP-AP-r001:S-P02-S01:GS11:p0003,east,0,9,0
1942,CP-AP-r001:S-P02-S01:GS11:p0004,east,0,8,6
1943,CP-AP-r001:S-P02-S01:GS11:p0005,east,0,5,0
1944,CP-AP-r001:S-P02-S01:GS11:p0006,east,0,8,5
1945,CP-AP-r001:S-P02-S01:GS11:p0007,east,0,9,6
1946,CP-AP-r001:S-P02-S01:GS11:p0008,east,0,8,0
1947,CP-AP-r001:S-P02-S01:GS11:p0009,east,0,8,6
1948,CP-AP-r001:S-P02-S01:GS11:p0010,east,0,7,0
1949,CP-AP-r001:S-P02-S01:GS11:p0011,east,0,8,4
1950,CP-AP-r001:S-P02-S01:GS11:p0012,east,0,9,6
1951,CP-AP-r001:S-P02-S01:GS11:p0013,east,0,7,0
1952,CP-AP-r001:S-P02-S01:GS11:p0014,east,0,8,6
1953,CP-AP-r001:S-P02-S01:GS12:p0001,east,0,7,0
1954,CP-AP-r001:S-P02-S01:GS12:p0002,east,0,8,5
1955,CP-AP-r001:S-P02-S01:GS12:p0003,east,0,8,0
1956,CP-AP-r001:S-P02-S01:GS12:p0004,east,0,8,6
1957,CP-AP-r001:S-P02-S01:GS12:p0005,east,0,8,0
1958,CP-AP-r001:S-P02-S01:GS12:p0006,east,0,8,5
1959,CP-AP-r001:S-P02-S01:GS12:p0007,east,0,8,0
1960,CP-AP-r001:S-P02-S01:GS12:p0008,east,0,8,6
1961,CP-AP-r001:S-P02-S01:GS12:p0009,east,0,8,0
1962,CP-AP-r001:S-P02-S01:GS12:p0010,east,0,8,4
1963,CP-AP-r001:S-P02-S01:GS12:p0011,east,0,9,0
1964,CP-AP-r001:S-P02-S01:GS12:p0012,east,0,8,6
1965,CP-AP-r001:S-P02-S02:GS01:p0001,west,7,0,3
1966,CP-AP-r001:S-P02-S02:GS01:p0002,west,7,0,0
1967,CP-AP-r001:S-P02-S02:GS01:p0003,west,7,0,6
1968,CP-AP-r001:S-P02-S02:GS01:p0004,west,8,0,1
1969,CP-AP-r001:S-P02-S02:GS01:p0005,west,5,0,4
1970,CP-AP-r001:S-P02-S02:GS01:p0006,west,6,0,0
1971,CP-AP-r001:S-P02-S02:GS01:p0007,west,7,0,6
1972,CP-AP-r001:S-P02-S02:GS01:p0008,west,8,0,1
1973,CP-AP-r001:S-P02-S02:GS01:p0009,west,6,0,5
1974,CP-AP-r001:S-P02-S02:GS01:p0010,west,8,0,0
1975,CP-AP-r001:S-P02-S02:GS01:p0011,west,7,0,6
1976,CP-AP-r001:S-P02-S02:GS01:p0012,west,8,0,2
1977,CP-AP-r001:S-P02-S02:GS02:p0001,west,6,0,6
1978,CP-AP-r001:S-P02-S02:GS02:p0002,west,7,0,3
1979,CP-AP-r001:S-P02-S02:GS02:p0003,west,9,0,6
1980,CP-AP-r001:S-P02-S02:GS02:p0004,west,8,0,1
1981,CP-AP-r001:S-P02-S02:GS02:p0005,west,4,0,6
1982,CP-AP-r001:S-P02-S02:GS02:p0006,west,7,0,4
1983,CP-AP-r001:S-P02-S02:GS02:p0007,west,7,0,6
1984,CP-AP-r001:S-P02-S02:GS02:p0008,west,8,0,1
1985,CP-AP-r001:S-P02-S02:GS02:p0009,west,7,0,5
1986,CP-AP-r001:S-P02-S02:GS02:p0010,west,7,0,6
1987,CP-AP-r001:S-P02-S02:GS02:p0011,west,8,0,2
1988,CP-AP-r001:S-P02-S02:GS03:p0001,west,7,0,6
1989,CP-AP-r001:S-P02-S02:GS03:p0002,west,7,0,3
1990,CP-AP-r001:S-P02-S02:GS03:p0003,west,8,0,6
1991,CP-AP-r001:S-P02-S02:GS03:p0004,west,7,0,6
1992,CP-AP-r001:S-P02-S02:GS03:p0005,west,7,0,4
1993,CP-AP-r001:S-P02-S02:GS03:p0006,west,8,0,6
1994,CP-AP-r001:S-P02-S02:GS03:p0007,west,7,0,1
1995,CP-AP-r001:S-P02-S02:GS03:p0008,west,8,0,6
1996,CP-AP-r001:S-P02-S02:GS03:p0009,west,5,0,5
1997,CP-AP-r001:S-P02-S02:GS03:p0010,west,10,0,6
1998,CP-AP-r001:S-P02-S02:GS03:p0011,west,6,0,2
1999,CP-AP-r001:S-P02-S02:GS04:p0001,east,0,7,5
2000,CP-AP-r001:S-P02-S02:GS04:p0002,east,0,7,6
2001,CP-AP-r001:S-P02-S02:GS04:p0003,east,0,8,0
2002,CP-AP-r001:S-P02-S02:GS04:p0004,east,0,8,6
2003,CP-AP-r001:S-P02-S02:GS04:p0005,east,0,7,5
2004,CP-AP-r001:S-P02-S02:GS04:p0006,east,0,7,6
2005,CP-AP-r001:S-P02-S02:GS04:p0007,east,0,6,0
2006,CP-AP-r001:S-P02-S02:GS04:p0008,east,0,10,6
2007,CP-AP-r001:S-P02-S02:GS04:p0009,east,0,7,4
2008,CP-AP-r001:S-P02-S02:GS04:p0010,east,0,7,6
2009,CP-AP-r001:S-P02-S02:GS04:p0011,east,0,7,0
2010,CP-AP-r001:S-P02-S02:GS04:p0012,east,0,8,6
2011,CP-AP-r001:S-P02-S02:GS05:p0001,east,0,5,5
2012,CP-AP-r001:S-P02-S02:GS05:p0002,east,0,6,6
2013,CP-AP-r001:S-P02-S02:GS05:p0003,east,0,7,0
2014,CP-AP-r001:S-P02-S02:GS05:p0004,east,0,8,6
2015,CP-AP-r001:S-P02-S02:GS05:p0005,east,0,6,5
2016,CP-AP-r001:S-P02-S02:GS05:p0006,east,0,8,6
2017,CP-AP-r001:S-P02-S02:GS05:p0007,east,0,7,0
2018,CP-AP-r001:S-P02-S02:GS05:p0008,east,0,8,6
2019,CP-AP-r001:S-P02-S02:GS05:p0009,east,0,7,4
2020,CP-AP-r001:S-P02-S02:GS05:p0010,east,0,8,6
2021,CP-AP-r001:S-P02-S02:GS05:p0011,east,0,7,0
2022,CP-AP-r001:S-P02-S02:GS05:p0012,east,0,8,6
2023,CP-AP-r001:S-P02-S02:GS06:p0001,east,0,4,0
2024,CP-AP-r001:S-P02-S02:GS06:p0002,east,0,7,5
2025,CP-AP-r001:S-P02-S02:GS06:p0003,east,0,7,0
2026,CP-AP-r001:S-P02-S02:GS06:p0004,east,0,8,6
2027,CP-AP-r001:S-P02-S02:GS06:p0005,east,0,7,5
2028,CP-AP-r001:S-P02-S02:GS06:p0006,east,0,7,0
2029,CP-AP-r001:S-P02-S02:GS06:p0007,east,0,8,6
2030,CP-AP-r001:S-P02-S02:GS06:p0008,east,0,7,4
2031,CP-AP-r001:S-P02-S02:GS06:p0009,east,0,7,6
2032,CP-AP-r001:S-P02-S02:GS06:p0010,east,0,7,0
2033,CP-AP-r001:S-P02-S02:GS06:p0011,east,0,8,6
2034,CP-AP-r001:S-P02-S02:GS07:p0001,west,9,0,6
2035,CP-AP-r001:S-P02-S02:GS07:p0002,west,7,0,3
2036,CP-AP-r001:S-P02-S02:GS07:p0003,west,10,0,6
2037,CP-AP-r001:S-P02-S02:GS07:p0004,west,8,0,1
2038,CP-AP-r001:S-P02-S02:GS07:p0005,west,6,0,6
2039,CP-AP-r001:S-P02-S02:GS07:p0006,west,7,0,4
2040,CP-AP-r001:S-P02-S02:GS07:p0007,west,8,0,0
2041,CP-AP-r001:S-P02-S02:GS07:p0008,west,9,0,6
2042,CP-AP-r001:S-P02-S02:GS07:p0009,west,8,0,1
2043,CP-AP-r001:S-P02-S02:GS07:p0010,west,7,0,6
2044,CP-AP-r001:S-P02-S02:GS07:p0011,west,8,0,5
2045,CP-AP-r001:S-P02-S02:GS07:p0012,west,8,0,0
2046,CP-AP-r001:S-P02-S02:GS07:p0013,west,8,0,6
2047,CP-AP-r001:S-P02-S02:GS07:p0014,west,8,0,2
2048,CP-AP-r001:S-P02-S02:GS08:p0001,west,8,0,6
2049,CP-AP-r001:S-P02-S02:GS08:p0002,west,8,0,3
2050,CP-AP-r001:S-P02-S02:GS08:p0003,west,9,0,6
2051,CP-AP-r001:S-P02-S02:GS08:p0004,west,8,0,1
2052,CP-AP-r001:S-P02-S02:GS08:p0005,west,10,0,6
2053,CP-AP-r001:S-P02-S02:GS08:p0006,west,8,0,4
2054,CP-AP-r001:S-P02-S02:GS08:p0007,west,9,0,6
2055,CP-AP-r001:S-P02-S02:GS08:p0008,west,8,0,1
2056,CP-AP-r001:S-P02-S02:GS08:p0009,west,9,0,6
2057,CP-AP-r001:S-P02-S02:GS08:p0010,west,7,0,5
2058,CP-AP-r001:S-P02-S02:GS08:p0011,west,9,0,6
2059,CP-AP-r001:S-P02-S02:GS08:p0012,west,8,0,2
2060,CP-AP-r001:S-P02-S02:GS09:p0001,west,8,0,6
2061,CP-AP-r001:S-P02-S02:GS09:p0002,west,11,0,3
2062,CP-AP-r001:S-P02-S02:GS09:p0003,west,10,0,6
2063,CP-AP-r001:S-P02-S02:GS09:p0004,west,9,0,1
2064,CP-AP-r001:S-P02-S02:GS09:p0005,west,8,0,6
2065,CP-AP-r001:S-P02-S02:GS09:p0006,west,8,0,4
2066,CP-AP-r001:S-P02-S02:GS09:p0007,west,10,0,6
2067,CP-AP-r001:S-P02-S02:GS09:p0008,west,9,0,1
2068,CP-AP-r001:S-P02-S02:GS09:p0009,west,8,0,6
2069,CP-AP-r001:S-P02-S02:GS09:p0010,west,8,0,5
2070,CP-AP-r001:S-P02-S02:GS09:p0011,west,10,0,6
2071,CP-AP-r001:S-P02-S02:GS09:p0012,west,8,0,2
2072,CP-AP-r001:S-P02-S02:GS10:p0001,east,0,8,5
2073,CP-AP-r001:S-P02-S02:GS10:p0002,east,0,9,6
2074,CP-AP-r001:S-P02-S02:GS10:p0003,east,0,9,0
2075,CP-AP-r001:S-P02-S02:GS10:p0004,east,0,8,6
2076,CP-AP-r001:S-P02-S02:GS10:p0005,east,0,8,5
2077,CP-AP-r001:S-P02-S02:GS10:p0006,east,0,8,5
2078,CP-AP-r001:S-P02-S02:GS10:p0007,east,0,10,6
2079,CP-AP-r001:S-P02-S02:GS10:p0008,east,0,8,0
2080,CP-AP-r001:S-P02-S02:GS10:p0009,east,0,8,6
2081,CP-AP-r001:S-P02-S02:GS10:p0010,east,0,7,6
2082,CP-AP-r001:S-P02-S02:GS10:p0011,east,0,8,4
2083,CP-AP-r001:S-P02-S02:GS10:p0012,east,0,10,6
2084,CP-AP-r001:S-P02-S02:GS10:p0013,east,0,9,6
2085,CP-AP-r001:S-P02-S02:GS10:p0014,east,0,9,6
2086,CP-AP-r001:S-P02-S02:GS11:p0001,east,0,8,0
2087,CP-AP-r001:S-P02-S02:GS11:p0002,east,0,7,5
2088,CP-AP-r001:S-P02-S02:GS11:p0003,east,0,10,0
2089,CP-AP-r001:S-P02-S02:GS11:p0004,east,0,8,6
2090,CP-AP-r001:S-P02-S02:GS11:p0005,east,0,7,0
2091,CP-AP-r001:S-P02-S02:GS11:p0006,east,0,8,5
2092,CP-AP-r001:S-P02-S02:GS11:p0007,east,0,8,6
2093,CP-AP-r001:S-P02-S02:GS11:p0008,east,0,8,0
2094,CP-AP-r001:S-P02-S02:GS11:p0009,east,0,8,6
2095,CP-AP-r001:S-P02-S02:GS11:p0010,east,0,8,4
2096,CP-AP-r001:S-P02-S02:GS11:p0011,east,0,8,6
2097,CP-AP-r001:S-P02-S02:GS11:p0012,east,0,7,0
2098,CP-AP-r001:S-P02-S02:GS11:p0013,east,0,8,6
2099,CP-AP-r001:S-P02-S02:GS11:p0014,east,0,9,6
2100,CP-AP-r001:S-P02-S02:GS12:p0001,east,0,9,0
2101,CP-AP-r001:S-P02-S02:GS12:p0002,east,0,8,5
2102,CP-AP-r001:S-P02-S02:GS12:p0003,east,0,9,0
2103,CP-AP-r001:S-P02-S02:GS12:p0004,east,0,8,6
2104,CP-AP-r001:S-P02-S02:GS12:p0005,east,0,9,0
2105,CP-AP-r001:S-P02-S02:GS12:p0006,east,0,8,5
2106,CP-AP-r001:S-P02-S02:GS12:p0007,east,0,9,0
2107,CP-AP-r001:S-P02-S02:GS12:p0008,east,0,8,6
2108,CP-AP-r001:S-P02-S02:GS12:p0009,east,0,9,0
2109,CP-AP-r001:S-P02-S02:GS12:p0010,east,0,7,4
2110,CP-AP-r001:S-P02-S02:GS12:p0011,east,0,10,0
2111,CP-AP-r001:S-P02-S02:GS12:p0012,east,0,8,6
2112,CP-AP-r001:S-P02-S03:GS01:p0001,west,6,0,5
2113,CP-AP-r001:S-P02-S03:GS01:p0002,west,8,0,0
2114,CP-AP-r001:S-P02-S03:GS01:p0003,west,6,0,6
2115,CP-AP-r001:S-P02-S03:GS01:p0004,west,8,0,1
2116,CP-AP-r001:S-P02-S03:GS01:p0005,west,6,0,5
2117,CP-AP-r001:S-P02-S03:GS01:p0006,west,7,0,0
2118,CP-AP-r001:S-P02-S03:GS01:p0007,west,6,0,6
2119,CP-AP-r001:S-P02-S03:GS01:p0008,west,8,0,2
2120,CP-AP-r001:S-P02-S03:GS01:p0009,west,6,0,6
2121,CP-AP-r001:S-P02-S03:GS01:p0010,west,6,0,0
2122,CP-AP-r001:S-P02-S03:GS01:p0011,west,5,0,6
2123,CP-AP-r001:S-P02-S03:GS01:p0012,west,8,0,3
2124,CP-AP-r001:S-P02-S03:GS02:p0001,west,6,0,5
2125,CP-AP-r001:S-P02-S03:GS02:p0002,west,6,0,6
2126,CP-AP-r001:S-P02-S03:GS02:p0003,west,8,0,1
2127,CP-AP-r001:S-P02-S03:GS02:p0004,west,5,0,5
2128,CP-AP-r001:S-P02-S03:GS02:p0005,west,7,0,0
2129,CP-AP-r001:S-P02-S03:GS02:p0006,west,6,0,6
2130,CP-AP-r001:S-P02-S03:GS02:p0007,west,8,0,2
2131,CP-AP-r001:S-P02-S03:GS02:p0008,west,5,0,6
2132,CP-AP-r001:S-P02-S03:GS02:p0009,west,6,0,0
2133,CP-AP-r001:S-P02-S03:GS02:p0010,west,6,0,6
2134,CP-AP-r001:S-P02-S03:GS02:p0011,west,8,0,3
2135,CP-AP-r001:S-P02-S03:GS03:p0001,west,6,0,6
2136,CP-AP-r001:S-P02-S03:GS03:p0002,west,5,0,5
2137,CP-AP-r001:S-P02-S03:GS03:p0003,west,8,0,6
2138,CP-AP-r001:S-P02-S03:GS03:p0004,west,7,0,1
2139,CP-AP-r001:S-P02-S03:GS03:p0005,west,5,0,6
2140,CP-AP-r001:S-P02-S03:GS03:p0006,west,6,0,5
2141,CP-AP-r001:S-P02-S03:GS03:p0007,west,7,0,6
2142,CP-AP-r001:S-P02-S03:GS03:p0008,west,9,0,2
2143,CP-AP-r001:S-P02-S03:GS03:p0009,west,6,0,6
2144,CP-AP-r001:S-P02-S03:GS03:p0010,west,6,0,6
2145,CP-AP-r001:S-P02-S03:GS03:p0011,west,6,0,6
2146,CP-AP-r001:S-P02-S03:GS03:p0012,west,8,0,3
2147,CP-AP-r001:S-P02-S03:GS04:p0001,east,0,6,4
2148,CP-AP-r001:S-P02-S03:GS04:p0002,east,0,6,6
2149,CP-AP-r001:S-P02-S03:GS04:p0003,east,0,6,0
2150,CP-AP-r001:S-P02-S03:GS04:p0004,east,0,8,6
2151,CP-AP-r001:S-P02-S03:GS04:p0005,east,0,6,3
2152,CP-AP-r001:S-P02-S03:GS04:p0006,east,0,6,6
2153,CP-AP-r001:S-P02-S03:GS04:p0007,east,0,8,6
2154,CP-AP-r001:S-P02-S03:GS04:p0008,east,0,6,3
2155,CP-AP-r001:S-P02-S03:GS04:p0009,east,0,6,6
2156,CP-AP-r001:S-P02-S03:GS04:p0010,east,0,8,6
2157,CP-AP-r001:S-P02-S03:GS04:p0011,east,0,7,6
2158,CP-AP-r001:S-P02-S03:GS05:p0001,east,0,6,4
2159,CP-AP-r001:S-P02-S03:GS05:p0002,east,0,7,6
2160,CP-AP-r001:S-P02-S03:GS05:p0003,east,0,6,0
2161,CP-AP-r001:S-P02-S03:GS05:p0004,east,0,8,6
2162,CP-AP-r001:S-P02-S03:GS05:p0005,east,0,6,3
2163,CP-AP-r001:S-P02-S03:GS05:p0006,east,0,6,6
2164,CP-AP-r001:S-P02-S03:GS05:p0007,east,0,6,0
2165,CP-AP-r001:S-P02-S03:GS05:p0008,east,0,8,6
2166,CP-AP-r001:S-P02-S03:GS05:p0009,east,0,6,3
2167,CP-AP-r001:S-P02-S03:GS05:p0010,east,0,6,6
2168,CP-AP-r001:S-P02-S03:GS05:p0011,east,0,4,0
2169,CP-AP-r001:S-P02-S03:GS05:p0012,east,0,10,6
2170,CP-AP-r001:S-P02-S03:GS06:p0001,east,0,6,4
2171,CP-AP-r001:S-P02-S03:GS06:p0002,east,0,7,6
2172,CP-AP-r001:S-P02-S03:GS06:p0003,east,0,6,0
2173,CP-AP-r001:S-P02-S03:GS06:p0004,east,0,8,6
2174,CP-AP-r001:S-P02-S03:GS06:p0005,east,0,4,3
2175,CP-AP-r001:S-P02-S03:GS06:p0006,east,0,6,6
2176,CP-AP-r001:S-P02-S03:GS06:p0007,east,0,6,0
2177,CP-AP-r001:S-P02-S03:GS06:p0008,east,0,8,6
2178,CP-AP-r001:S-P02-S03:GS06:p0009,east,0,6,3
2179,CP-AP-r001:S-P02-S03:GS06:p0010,east,0,8,6
2180,CP-AP-r001:S-P02-S03:GS06:p0011,east,0,6,0
2181,CP-AP-r001:S-P02-S03:GS06:p0012,east,0,8,6
2182,CP-AP-r001:S-P02-S03:GS07:p0001,west,5,0,6
2183,CP-AP-r001:S-P02-S03:GS07:p0002,west,8,0,5
2184,CP-AP-r001:S-P02-S03:GS07:p0003,west,10,0,0
2185,CP-AP-r001:S-P02-S03:GS07:p0004,west,8,0,6
2186,CP-AP-r001:S-P02-S03:GS07:p0005,west,8,0,1
2187,CP-AP-r001:S-P02-S03:GS07:p0006,west,8,0,5
2188,CP-AP-r001:S-P02-S03:GS07:p0007,west,10,0,0
2189,CP-AP-r001:S-P02-S03:GS07:p0008,west,6,0,6
2190,CP-AP-r001:S-P02-S03:GS07:p0009,west,8,0,2
2191,CP-AP-r001:S-P02-S03:GS07:p0010,west,10,0,0
2192,CP-AP-r001:S-P02-S03:GS07:p0011,west,8,0,6
2193,CP-AP-r001:S-P02-S03:GS07:p0012,west,10,0,0
2194,CP-AP-r001:S-P02-S03:GS07:p0013,west,5,0,6
2195,CP-AP-r001:S-P02-S03:GS07:p0014,west,8,0,3
2196,CP-AP-r001:S-P02-S03:GS07:p0015,west,10,0,0
2197,CP-AP-r001:S-P02-S03:GS08:p0001,west,9,0,6
2198,CP-AP-r001:S-P02-S03:GS08:p0002,west,7,0,5
2199,CP-AP-r001:S-P02-S03:GS08:p0003,west,8,0,6
2200,CP-AP-r001:S-P02-S03:GS08:p0004,west,8,0,1
2201,CP-AP-r001:S-P02-S03:GS08:p0005,west,8,0,6
2202,CP-AP-r001:S-P02-S03:GS08:p0006,west,8,0,5
2203,CP-AP-r001:S-P02-S03:GS08:p0007,west,9,0,6
2204,CP-AP-r001:S-P02-S03:GS08:p0008,west,8,0,2
2205,CP-AP-r001:S-P02-S03:GS08:p0009,west,6,0,6
2206,CP-AP-r001:S-P02-S03:GS08:p0010,west,8,0,6
2207,CP-AP-r001:S-P02-S03:GS08:p0011,west,9,0,0
2208,CP-AP-r001:S-P02-S03:GS08:p0012,west,7,0,6
2209,CP-AP-r001:S-P02-S03:GS08:p0013,west,8,0,3
2210,CP-AP-r001:S-P02-S03:GS09:p0001,west,7,0,6
2211,CP-AP-r001:S-P02-S03:GS09:p0002,west,7,0,5
2212,CP-AP-r001:S-P02-S03:GS09:p0003,west,10,0,6
2213,CP-AP-r001:S-P02-S03:GS09:p0004,west,9,0,1
2214,CP-AP-r001:S-P02-S03:GS09:p0005,west,7,0,6
2215,CP-AP-r001:S-P02-S03:GS09:p0006,west,8,0,5
2216,CP-AP-r001:S-P02-S03:GS09:p0007,west,8,0,6
2217,CP-AP-r001:S-P02-S03:GS09:p0008,west,8,0,2
2218,CP-AP-r001:S-P02-S03:GS09:p0009,west,8,0,6
2219,CP-AP-r001:S-P02-S03:GS09:p0010,west,8,0,6
2220,CP-AP-r001:S-P02-S03:GS09:p0011,west,8,0,6
2221,CP-AP-r001:S-P02-S03:GS09:p0012,west,8,0,3
2222,CP-AP-r001:S-P02-S03:GS10:p0001,east,0,8,4
2223,CP-AP-r001:S-P02-S03:GS10:p0002,east,0,11,6
2224,CP-AP-r001:S-P02-S03:GS10:p0003,east,0,8,6
2225,CP-AP-r001:S-P02-S03:GS10:p0004,east,0,10,6
2226,CP-AP-r001:S-P02-S03:GS10:p0005,east,0,7,3
2227,CP-AP-r001:S-P02-S03:GS10:p0006,east,0,10,6
2228,CP-AP-r001:S-P02-S03:GS10:p0007,east,0,10,6
2229,CP-AP-r001:S-P02-S03:GS10:p0008,east,0,10,6
2230,CP-AP-r001:S-P02-S03:GS10:p0009,east,0,7,3
2231,CP-AP-r001:S-P02-S03:GS10:p0010,east,0,7,6
2232,CP-AP-r001:S-P02-S03:GS10:p0011,east,0,10,6
2233,CP-AP-r001:S-P02-S03:GS10:p0012,east,0,10,6
2234,CP-AP-r001:S-P02-S03:GS11:p0001,east,0,7,0
2235,CP-AP-r001:S-P02-S03:GS11:p0002,east,0,8,4
2236,CP-AP-r001:S-P02-S03:GS11:p0003,east,0,8,6
2237,CP-AP-r001:S-P02-S03:GS11:p0004,east,0,8,0
2238,CP-AP-r001:S-P02-S03:GS11:p0005,east,0,8,6
2239,CP-AP-r001:S-P02-S03:GS11:p0006,east,0,8,3
2240,CP-AP-r001:S-P02-S03:GS11:p0007,east,0,10,6
2241,CP-AP-r001:S-P02-S03:GS11:p0008,east,0,6,0
2242,CP-AP-r001:S-P02-S03:GS11:p0009,east,0,8,6
2243,CP-AP-r001:S-P02-S03:GS11:p0010,east,0,10,6
2244,CP-AP-r001:S-P02-S03:GS11:p0011,east,0,8,3
2245,CP-AP-r001:S-P02-S03:GS11:p0012,east,0,10,6
2246,CP-AP-r001:S-P02-S03:GS11:p0013,east,0,6,0
2247,CP-AP-r001:S-P02-S03:GS11:p0014,east,0,8,6
2248,CP-AP-r001:S-P02-S03:GS11:p0015,east,0,9,6
2249,CP-AP-r001:S-P02-S03:GS12:p0001,east,0,8,0
2250,CP-AP-r001:S-P02-S03:GS12:p0002,east,0,7,4
2251,CP-AP-r001:S-P02-S03:GS12:p0003,east,0,9,0
2252,CP-AP-r001:S-P02-S03:GS12:p0004,east,0,8,6
2253,CP-AP-r001:S-P02-S03:GS12:p0005,east,0,5,0
2254,CP-AP-r001:S-P02-S03:GS12:p0006,east,0,8,3
2255,CP-AP-r001:S-P02-S03:GS12:p0007,east,0,9,0
2256,CP-AP-r001:S-P02-S03:GS12:p0008,east,0,8,6
2257,CP-AP-r001:S-P02-S03:GS12:p0009,east,0,5,0
2258,CP-AP-r001:S-P02-S03:GS12:p0010,east,0,8,3
2259,CP-AP-r001:S-P02-S03:GS12:p0011,east,0,10,6
2260,CP-AP-r001:S-P02-S03:GS12:p0012,east,0,8,0
2261,CP-AP-r001:S-P02-S03:GS12:p0013,east,0,8,6
2262,CP-AP-r001:S-P02-S04:GS01:p0001,west,6,0,5
2263,CP-AP-r001:S-P02-S04:GS01:p0002,west,8,0,0
2264,CP-AP-r001:S-P02-S04:GS01:p0003,west,7,0,6
2265,CP-AP-r001:S-P02-S04:GS01:p0004,west,8,0,1
2266,CP-AP-r001:S-P02-S04:GS01:p0005,west,7,0,6
2267,CP-AP-r001:S-P02-S04:GS01:p0006,west,8,0,0
2268,CP-AP-r001:S-P02-S04:GS01:p0007,west,7,0,6
2269,CP-AP-r001:S-P02-S04:GS01:p0008,west,8,0,2
2270,CP-AP-r001:S-P02-S04:GS01:p0009,west,7,0,6
2271,CP-AP-r001:S-P02-S04:GS01:p0010,west,7,0,0
2272,CP-AP-r001:S-P02-S04:GS01:p0011,west,7,0,6
2273,CP-AP-r001:S-P02-S04:GS01:p0012,west,8,0,3
2274,CP-AP-r001:S-P02-S04:GS02:p0001,west,7,0,5
2275,CP-AP-r001:S-P02-S04:GS02:p0002,west,7,0,6
2276,CP-AP-r001:S-P02-S04:GS02:p0003,west,8,0,1
2277,CP-AP-r001:S-P02-S04:GS02:p0004,west,6,0,6
2278,CP-AP-r001:S-P02-S04:GS02:p0005,west,7,0,0
2279,CP-AP-r001:S-P02-S04:GS02:p0006,west,7,0,6
2280,CP-AP-r001:S-P02-S04:GS02:p0007,west,8,0,2
2281,CP-AP-r001:S-P02-S04:GS02:p0008,west,6,0,6
2282,CP-AP-r001:S-P02-S04:GS02:p0009,west,6,0,0
2283,CP-AP-r001:S-P02-S04:GS02:p0010,west,7,0,6
2284,CP-AP-r001:S-P02-S04:GS02:p0011,west,8,0,3
2285,CP-AP-r001:S-P02-S04:GS03:p0001,west,8,0,6
2286,CP-AP-r001:S-P02-S04:GS03:p0002,west,6,0,5
2287,CP-AP-r001:S-P02-S04:GS03:p0003,west,9,0,6
2288,CP-AP-r001:S-P02-S04:GS03:p0004,west,6,0,1
2289,CP-AP-r001:S-P02-S04:GS03:p0005,west,6,0,6
2290,CP-AP-r001:S-P02-S04:GS03:p0006,west,7,0,6
2291,CP-AP-r001:S-P02-S04:GS03:p0007,west,7,0,6
2292,CP-AP-r001:S-P02-S04:GS03:p0008,west,8,0,2
2293,CP-AP-r001:S-P02-S04:GS03:p0009,west,4,0,6
2294,CP-AP-r001:S-P02-S04:GS03:p0010,west,7,0,6
2295,CP-AP-r001:S-P02-S04:GS03:p0011,west,7,0,6
2296,CP-AP-r001:S-P02-S04:GS03:p0012,west,8,0,3
2297,CP-AP-r001:S-P02-S04:GS04:p0001,east,0,7,4
2298,CP-AP-r001:S-P02-S04:GS04:p0002,east,0,7,6
2299,CP-AP-r001:S-P02-S04:GS04:p0003,east,0,7,0
2300,CP-AP-r001:S-P02-S04:GS04:p0004,east,0,8,6
2301,CP-AP-r001:S-P02-S04:GS04:p0005,east,0,7,3
2302,CP-AP-r001:S-P02-S04:GS04:p0006,east,0,7,6
2303,CP-AP-r001:S-P02-S04:GS04:p0007,east,0,8,6
2304,CP-AP-r001:S-P02-S04:GS04:p0008,east,0,7,3
2305,CP-AP-r001:S-P02-S04:GS04:p0009,east,0,7,6
2306,CP-AP-r001:S-P02-S04:GS04:p0010,east,0,8,6
2307,CP-AP-r001:S-P02-S04:GS04:p0011,east,0,7,6
2308,CP-AP-r001:S-P02-S04:GS05:p0001,east,0,7,4
2309,CP-AP-r001:S-P02-S04:GS05:p0002,east,0,8,6
2310,CP-AP-r001:S-P02-S04:GS05:p0003,east,0,7,0
2311,CP-AP-r001:S-P02-S04:GS05:p0004,east,0,8,6
2312,CP-AP-r001:S-P02-S04:GS05:p0005,east,0,7,3
2313,CP-AP-r001:S-P02-S04:GS05:p0006,east,0,7,6
2314,CP-AP-r001:S-P02-S04:GS05:p0007,east,0,8,0
2315,CP-AP-r001:S-P02-S04:GS05:p0008,east,0,8,6
2316,CP-AP-r001:S-P02-S04:GS05:p0009,east,0,7,3
2317,CP-AP-r001:S-P02-S04:GS05:p0010,east,0,7,6
2318,CP-AP-r001:S-P02-S04:GS05:p0011,east,0,6,0
2319,CP-AP-r001:S-P02-S04:GS05:p0012,east,0,10,6
2320,CP-AP-r001:S-P02-S04:GS06:p0001,east,0,7,4
2321,CP-AP-r001:S-P02-S04:GS06:p0002,east,0,7,6
2322,CP-AP-r001:S-P02-S04:GS06:p0003,east,0,7,0
2323,CP-AP-r001:S-P02-S04:GS06:p0004,east,0,8,6
2324,CP-AP-r001:S-P02-S04:GS06:p0005,east,0,5,3
2325,CP-AP-r001:S-P02-S04:GS06:p0006,east,0,6,6
2326,CP-AP-r001:S-P02-S04:GS06:p0007,east,0,7,0
2327,CP-AP-r001:S-P02-S04:GS06:p0008,east,0,8,6
2328,CP-AP-r001:S-P02-S04:GS06:p0009,east,0,6,3
2329,CP-AP-r001:S-P02-S04:GS06:p0010,east,0,8,6
2330,CP-AP-r001:S-P02-S04:GS06:p0011,east,0,7,0
2331,CP-AP-r001:S-P02-S04:GS06:p0012,east,0,8,6
2332,CP-AP-r001:S-P02-S04:GS07:p0001,west,7,0,6
2333,CP-AP-r001:S-P02-S04:GS07:p0002,west,8,0,5
2334,CP-AP-r001:S-P02-S04:GS07:p0003,west,8,0,0
2335,CP-AP-r001:S-P02-S04:GS07:p0004,west,8,0,6
2336,CP-AP-r001:S-P02-S04:GS07:p0005,west,8,0,1
2337,CP-AP-r001:S-P02-S04:GS07:p0006,west,8,0,6
2338,CP-AP-r001:S-P02-S04:GS07:p0007,west,9,0,0
2339,CP-AP-r001:S-P02-S04:GS07:p0008,west,6,0,6
2340,CP-AP-r001:S-P02-S04:GS07:p0009,west,8,0,2
2341,CP-AP-r001:S-P02-S04:GS07:p0010,west,9,0,0
2342,CP-AP-r001:S-P02-S04:GS07:p0011,west,8,0,6
2343,CP-AP-r001:S-P02-S04:GS07:p0012,west,10,0,0
2344,CP-AP-r001:S-P02-S04:GS07:p0013,west,8,0,6
2345,CP-AP-r001:S-P02-S04:GS07:p0014,west,8,0,3
2346,CP-AP-r001:S-P02-S04:GS07:p0015,west,8,0,0
2347,CP-AP-r001:S-P02-S04:GS08:p0001,west,9,0,6
2348,CP-AP-r001:S-P02-S04:GS08:p0002,west,7,0,5
2349,CP-AP-r001:S-P02-S04:GS08:p0003,west,9,0,6
2350,CP-AP-r001:S-P02-S04:GS08:p0004,west,8,0,1
2351,CP-AP-r001:S-P02-S04:GS08:p0005,west,8,0,6
2352,CP-AP-r001:S-P02-S04:GS08:p0006,west,7,0,6
2353,CP-AP-r001:S-P02-S04:GS08:p0007,west,10,0,6
2354,CP-AP-r001:S-P02-S04:GS08:p0008,west,8,0,2
2355,CP-AP-r001:S-P02-S04:GS08:p0009,west,7,0,6
2356,CP-AP-r001:S-P02-S04:GS08:p0010,west,7,0,6
2357,CP-AP-r001:S-P02-S04:GS08:p0011,west,7,0,0
2358,CP-AP-r001:S-P02-S04:GS08:p0012,west,8,0,6
2359,CP-AP-r001:S-P02-S04:GS08:p0013,west,8,0,3
2360,CP-AP-r001:S-P02-S04:GS09:p0001,west,8,0,6
2361,CP-AP-r001:S-P02-S04:GS09:p0002,west,8,0,5
2362,CP-AP-r001:S-P02-S04:GS09:p0003,west,10,0,6
2363,CP-AP-r001:S-P02-S04:GS09:p0004,west,8,0,1
2364,CP-AP-r001:S-P02-S04:GS09:p0005,west,9,0,6
2365,CP-AP-r001:S-P02-S04:GS09:p0006,west,8,0,6
2366,CP-AP-r001:S-P02-S04:GS09:p0007,west,8,0,6
2367,CP-AP-r001:S-P02-S04:GS09:p0008,west,8,0,2
2368,CP-AP-r001:S-P02-S04:GS09:p0009,west,9,0,6
2369,CP-AP-r001:S-P02-S04:GS09:p0010,west,8,0,6
2370,CP-AP-r001:S-P02-S04:GS09:p0011,west,9,0,6
2371,CP-AP-r001:S-P02-S04:GS09:p0012,west,8,0,3
2372,CP-AP-r001:S-P02-S04:GS10:p0001,east,0,8,4
2373,CP-AP-r001:S-P02-S04:GS10:p0002,east,0,10,6
2374,CP-AP-r001:S-P02-S04:GS10:p0003,east,0,8,6
2375,CP-AP-r001:S-P02-S04:GS10:p0004,east,0,9,6
2376,CP-AP-r001:S-P02-S04:GS10:p0005,east,0,8,3
2377,CP-AP-r001:S-P02-S04:GS10:p0006,east,0,10,6
2378,CP-AP-r001:S-P02-S04:GS10:p0007,east,0,10,6
2379,CP-AP-r001:S-P02-S04:GS10:p0008,east,0,9,6
2380,CP-AP-r001:S-P02-S04:GS10:p0009,east,0,8,3
2381,CP-AP-r001:S-P02-S04:GS10:p0010,east,0,9,6
2382,CP-AP-r001:S-P02-S04:GS10:p0011,east,0,10,6
2383,CP-AP-r001:S-P02-S04:GS10:p0012,east,0,8,6
2384,CP-AP-r001:S-P02-S04:GS11:p0001,east,0,7,0
2385,CP-AP-r001:S-P02-S04:GS11:p0002,east,0,8,4
2386,CP-AP-r001:S-P02-S04:GS11:p0003,east,0,7,6
2387,CP-AP-r001:S-P02-S04:GS11:p0004,east,0,8,0
2388,CP-AP-r001:S-P02-S04:GS11:p0005,east,0,8,6
2389,CP-AP-r001:S-P02-S04:GS11:p0006,east,0,8,3
2390,CP-AP-r001:S-P02-S04:GS11:p0007,east,0,9,6
2391,CP-AP-r001:S-P02-S04:GS11:p0008,east,0,9,0
2392,CP-AP-r001:S-P02-S04:GS11:p0009,east,0,8,6
2393,CP-AP-r001:S-P02-S04:GS11:p0010,east,0,8,6
2394,CP-AP-r001:S-P02-S04:GS11:p0011,east,0,8,3
2395,CP-AP-r001:S-P02-S04:GS11:p0012,east,0,10,6
2396,CP-AP-r001:S-P02-S04:GS11:p0013,east,0,8,6
2397,CP-AP-r001:S-P02-S04:GS11:p0014,east,0,8,6
2398,CP-AP-r001:S-P02-S04:GS12:p0001,east,0,9,0
2399,CP-AP-r001:S-P02-S04:GS12:p0002,east,0,7,4
2400,CP-AP-r001:S-P02-S04:GS12:p0003,east,0,10,0
2401,CP-AP-r001:S-P02-S04:GS12:p0004,east,0,8,6
2402,CP-AP-r001:S-P02-S04:GS12:p0005,east,0,6,0
2403,CP-AP-r001:S-P02-S04:GS12:p0006,east,0,7,3
2404,CP-AP-r001:S-P02-S04:GS12:p0007,east,0,9,6
2405,CP-AP-r001:S-P02-S04:GS12:p0008,east,0,10,0
2406,CP-AP-r001:S-P02-S04:GS12:p0009,east,0,8,6
2407,CP-AP-r001:S-P02-S04:GS12:p0010,east,0,7,0
2408,CP-AP-r001:S-P02-S04:GS12:p0011,east,0,8,3
2409,CP-AP-r001:S-P02-S04:GS12:p0012,east,0,8,6
2410,CP-AP-r001:S-P02-S04:GS12:p0013,east,0,8,0
2411,CP-AP-r001:S-P02-S04:GS12:p0014,east,0,8,6
2412,CP-AP-r001:S-P02-S05:GS01:p0001,west,6,0,6
2413,CP-AP-r001:S-P02-S05:GS01:p0002,west,6,0,0
2414,CP-AP-r001:S-P02-S05:GS01:p0003,west,6,0,6
2415,CP-AP-r001:S-P02-S05:GS01:p0004,west,8,0,3
2416,CP-AP-r001:S-P02-S05:GS01:p0005,west,6,0,6
2417,CP-AP-r001:S-P02-S05:GS01:p0006,west,6,0,0
2418,CP-AP-r001:S-P02-S05:GS01:p0007,west,4,0,6
2419,CP-AP-r001:S-P02-S05:GS01:p0008,west,10,0,3
2420,CP-AP-r001:S-P02-S05:GS01:p0009,west,6,0,6
2421,CP-AP-r001:S-P02-S05:GS01:p0010,west,6,0,0
2422,CP-AP-r001:S-P02-S05:GS01:p0011,west,6,0,6
2423,CP-AP-r001:S-P02-S05:GS01:p0012,west,8,0,4
2424,CP-AP-r001:S-P02-S05:GS02:p0001,west,4,0,6
2425,CP-AP-r001:S-P02-S05:GS02:p0002,west,6,0,0
2426,CP-AP-r001:S-P02-S05:GS02:p0003,west,6,0,6
2427,CP-AP-r001:S-P02-S05:GS02:p0004,west,8,0,3
2428,CP-AP-r001:S-P02-S05:GS02:p0005,west,6,0,6
2429,CP-AP-r001:S-P02-S05:GS02:p0006,west,8,0,0
2430,CP-AP-r001:S-P02-S05:GS02:p0007,west,6,0,6
2431,CP-AP-r001:S-P02-S05:GS02:p0008,west,8,0,3
2432,CP-AP-r001:S-P02-S05:GS02:p0009,west,6,0,6
2433,CP-AP-r001:S-P02-S05:GS02:p0010,west,7,0,0
2434,CP-AP-r001:S-P02-S05:GS02:p0011,west,6,0,6
2435,CP-AP-r001:S-P02-S05:GS02:p0012,west,8,0,4
2436,CP-AP-r001:S-P02-S05:GS03:p0001,west,6,0,6
2437,CP-AP-r001:S-P02-S05:GS03:p0002,west,6,0,6
2438,CP-AP-r001:S-P02-S05:GS03:p0003,west,6,0,6
2439,CP-AP-r001:S-P02-S05:GS03:p0004,west,8,0,3
2440,CP-AP-r001:S-P02-S05:GS03:p0005,west,6,0,6
2441,CP-AP-r001:S-P02-S05:GS03:p0006,west,6,0,6
2442,CP-AP-r001:S-P02-S05:GS03:p0007,west,8,0,3
2443,CP-AP-r001:S-P02-S05:GS03:p0008,west,4,0,6
2444,CP-AP-r001:S-P02-S05:GS03:p0009,west,7,0,0
2445,CP-AP-r001:S-P02-S05:GS03:p0010,west,6,0,6
2446,CP-AP-r001:S-P02-S05:GS03:p0011,west,8,0,4
2447,CP-AP-r001:S-P02-S05:GS04:p0001,east,0,6,3
2448,CP-AP-r001:S-P02-S05:GS04:p0002,east,0,6,6
2449,CP-AP-r001:S-P02-S05:GS04:p0003,east,0,8,6
2450,CP-AP-r001:S-P02-S05:GS04:p0004,east,0,7,6
2451,CP-AP-r001:S-P02-S05:GS04:p0005,east,0,6,2
2452,CP-AP-r001:S-P02-S05:GS04:p0006,east,0,4,6
2453,CP-AP-r001:S-P02-S05:GS04:p0007,east,0,9,5
2454,CP-AP-r001:S-P02-S05:GS04:p0008,east,0,7,6
2455,CP-AP-r001:S-P02-S05:GS04:p0009,east,0,5,1
2456,CP-AP-r001:S-P02-S05:GS04:p0010,east,0,6,6
2457,CP-AP-r001:S-P02-S05:GS04:p0011,east,0,6,5
2458,CP-AP-r001:S-P02-S05:GS04:p0012,east,0,8,6
2459,CP-AP-r001:S-P02-S05:GS05:p0001,east,0,6,3
2460,CP-AP-r001:S-P02-S05:GS05:p0002,east,0,6,6
2461,CP-AP-r001:S-P02-S05:GS05:p0003,east,0,4,0
2462,CP-AP-r001:S-P02-S05:GS05:p0004,east,0,10,6
2463,CP-AP-r001:S-P02-S05:GS05:p0005,east,0,6,2
2464,CP-AP-r001:S-P02-S05:GS05:p0006,east,0,6,6
2465,CP-AP-r001:S-P02-S05:GS05:p0007,east,0,6,0
2466,CP-AP-r001:S-P02-S05:GS05:p0008,east,0,8,5
2467,CP-AP-r001:S-P02-S05:GS05:p0009,east,0,6,1
2468,CP-AP-r001:S-P02-S05:GS05:p0010,east,0,6,6
2469,CP-AP-r001:S-P02-S05:GS05:p0011,east,0,8,5
2470,CP-AP-r001:S-P02-S05:GS06:p0001,east,0,6,3
2471,CP-AP-r001:S-P02-S05:GS06:p0002,east,0,8,6
2472,CP-AP-r001:S-P02-S05:GS06:p0003,east,0,6,0
2473,CP-AP-r001:S-P02-S05:GS06:p0004,east,0,8,6
2474,CP-AP-r001:S-P02-S05:GS06:p0005,east,0,6,2
2475,CP-AP-r001:S-P02-S05:GS06:p0006,east,0,7,6
2476,CP-AP-r001:S-P02-S05:GS06:p0007,east,0,6,0
2477,CP-AP-r001:S-P02-S05:GS06:p0008,east,0,8,5
2478,CP-AP-r001:S-P02-S05:GS06:p0009,east,0,6,1
2479,CP-AP-r001:S-P02-S05:GS06:p0010,east,0,6,6
2480,CP-AP-r001:S-P02-S05:GS06:p0011,east,0,5,0
2481,CP-AP-r001:S-P02-S05:GS06:p0012,east,0,8,5
2482,CP-AP-r001:S-P02-S05:GS07:p0001,west,8,0,6
2483,CP-AP-r001:S-P02-S05:GS07:p0002,west,10,0,0
2484,CP-AP-r001:S-P02-S05:GS07:p0003,west,6,0,6
2485,CP-AP-r001:S-P02-S05:GS07:p0004,west,8,0,3
2486,CP-AP-r001:S-P02-S05:GS07:p0005,west,10,0,0
2487,CP-AP-r001:S-P02-S05:GS07:p0006,west,8,0,6
2488,CP-AP-r001:S-P02-S05:GS07:p0007,west,10,0,0
2489,CP-AP-r001:S-P02-S05:GS07:p0008,west,8,0,3
2490,CP-AP-r001:S-P02-S05:GS07:p0009,west,10,0,0
2491,CP-AP-r001:S-P02-S05:GS07:p0010,west,8,0,6
2492,CP-AP-r001:S-P02-S05:GS07:p0011,west,11,0,0
2493,CP-AP-r001:S-P02-S05:GS07:p0012,west,9,0,4
2494,CP-AP-r001:S-P02-S05:GS07:p0013,west,10,0,0
2495,CP-AP-r001:S-P02-S05:GS08:p0001,west,6,0,6
2496,CP-AP-r001:S-P02-S05:GS08:p0002,west,8,0,6
2497,CP-AP-r001:S-P02-S05:GS08:p0003,west,9,0,0
2498,CP-AP-r001:S-P02-S05:GS08:p0004,west,8,0,6
2499,CP-AP-r001:S-P02-S05:GS08:p0005,west,8,0,3
2500,CP-AP-r001:S-P02-S05:GS08:p0006,west,5,0,6
2501,CP-AP-r001:S-P02-S05:GS08:p0007,west,8,0,6
2502,CP-AP-r001:S-P02-S05:GS08:p0008,west,10,0,0
2503,CP-AP-r001:S-P02-S05:GS08:p0009,west,8,0,6
2504,CP-AP-r001:S-P02-S05:GS08:p0010,west,8,0,3
2505,CP-AP-r001:S-P02-S05:GS08:p0011,west,8,0,6
2506,CP-AP-r001:S-P02-S05:GS08:p0012,west,10,0,0
2507,CP-AP-r001:S-P02-S05:GS08:p0013,west,6,0,6
2508,CP-AP-r001:S-P02-S05:GS08:p0014,west,8,0,4
2509,CP-AP-r001:S-P02-S05:GS08:p0015,west,10,0,0
2510,CP-AP-r001:S-P02-S05:GS09:p0001,west,8,0,6
2511,CP-AP-r001:S-P02-S05:GS09:p0002,west,8,0,6
2512,CP-AP-r001:S-P02-S05:GS09:p0003,west,8,0,6
2513,CP-AP-r001:S-P02-S05:GS09:p0004,west,8,0,3
2514,CP-AP-r001:S-P02-S05:GS09:p0005,west,8,0,6
2515,CP-AP-r001:S-P02-S05:GS09:p0006,west,7,0,6
2516,CP-AP-r001:S-P02-S05:GS09:p0007,west,8,0,6
2517,CP-AP-r001:S-P02-S05:GS09:p0008,west,8,0,3
2518,CP-AP-r001:S-P02-S05:GS09:p0009,west,7,0,6
2519,CP-AP-r001:S-P02-S05:GS09:p0010,west,8,0,6
2520,CP-AP-r001:S-P02-S05:GS09:p0011,west,9,0,6
2521,CP-AP-r001:S-P02-S05:GS09:p0012,west,8,0,4
2522,CP-AP-r001:S-P02-S05:GS10:p0001,east,0,7,3
2523,CP-AP-r001:S-P02-S05:GS10:p0002,east,0,7,6
2524,CP-AP-r001:S-P02-S05:GS10:p0003,east,0,10,6
2525,CP-AP-r001:S-P02-S05:GS10:p0004,east,0,10,6
2526,CP-AP-r001:S-P02-S05:GS10:p0005,east,0,7,2
2527,CP-AP-r001:S-P02-S05:GS10:p0006,east,0,7,6
2528,CP-AP-r001:S-P02-S05:GS10:p0007,east,0,10,5
2529,CP-AP-r001:S-P02-S05:GS10:p0008,east,0,8,6
2530,CP-AP-r001:S-P02-S05:GS10:p0009,east,0,7,1
2531,CP-AP-r001:S-P02-S05:GS10:p0010,east,0,8,6
2532,CP-AP-r001:S-P02-S05:GS10:p0011,east,0,8,5
2533,CP-AP-r001:S-P02-S05:GS10:p0012,east,0,8,6
2534,CP-AP-r001:S-P02-S05:GS11:p0001,east,0,8,3
2535,CP-AP-r001:S-P02-S05:GS11:p0002,east,0,10,6
2536,CP-AP-r001:S-P02-S05:GS11:p0003,east,0,5,0
2537,CP-AP-r001:S-P02-S05:GS11:p0004,east,0,8,6
2538,CP-AP-r001:S-P02-S05:GS11:p0005,east,0,8,6
2539,CP-AP-r001:S-P02-S05:GS11:p0006,east,0,8,2
2540,CP-AP-r001:S-P02-S05:GS11:p0007,east,0,10,6
2541,CP-AP-r001:S-P02-S05:GS11:p0008,east,0,9,5
2542,CP-AP-r001:S-P02-S05:GS11:p0009,east,0,10,6
2543,CP-AP-r001:S-P02-S05:GS11:p0010,east,0,7,1
2544,CP-AP-r001:S-P02-S05:GS11:p0011,east,0,9,6
2545,CP-AP-r001:S-P02-S05:GS11:p0012,east,0,10,5
2546,CP-AP-r001:S-P02-S05:GS11:p0013,east,0,10,6
2547,CP-AP-r001:S-P02-S05:GS12:p0001,east,0,5,0
2548,CP-AP-r001:S-P02-S05:GS12:p0002,east,0,8,3
2549,CP-AP-r001:S-P02-S05:GS12:p0003,east,0,9,6
2550,CP-AP-r001:S-P02-S05:GS12:p0004,east,0,8,0
2551,CP-AP-r001:S-P02-S05:GS12:p0005,east,0,8,6
2552,CP-AP-r001:S-P02-S05:GS12:p0006,east,0,8,2
2553,CP-AP-r001:S-P02-S05:GS12:p0007,east,0,9,6
2554,CP-AP-r001:S-P02-S05:GS12:p0008,east,0,6,0
2555,CP-AP-r001:S-P02-S05:GS12:p0009,east,0,8,5
2556,CP-AP-r001:S-P02-S05:GS12:p0010,east,0,8,1
2557,CP-AP-r001:S-P02-S05:GS12:p0011,east,0,10,6
2558,CP-AP-r001:S-P02-S05:GS12:p0012,east,0,5,0
2559,CP-AP-r001:S-P02-S05:GS12:p0013,east,0,8,5
2560,CP-AP-r001:S-P02-S05:GS12:p0014,east,0,10,6
2561,CP-AP-r001:S-P02-S06:GS01:p0001,west,7,0,6
2562,CP-AP-r001:S-P02-S06:GS01:p0002,west,7,0,0
2563,CP-AP-r001:S-P02-S06:GS01:p0003,west,8,0,6
2564,CP-AP-r001:S-P02-S06:GS01:p0004,west,8,0,3
2565,CP-AP-r001:S-P02-S06:GS01:p0005,west,7,0,6
2566,CP-AP-r001:S-P02-S06:GS01:p0006,west,7,0,0
2567,CP-AP-r001:S-P02-S06:GS01:p0007,west,7,0,6
2568,CP-AP-r001:S-P02-S06:GS01:p0008,west,10,0,4
2569,CP-AP-r001:S-P02-S06:GS01:p0009,west,7,0,6
2570,CP-AP-r001:S-P02-S06:GS01:p0010,west,7,0,0
2571,CP-AP-r001:S-P02-S06:GS01:p0011,west,8,0,5
2572,CP-AP-r001:S-P02-S06:GS02:p0001,west,5,0,6
2573,CP-AP-r001:S-P02-S06:GS02:p0002,west,6,0,0
2574,CP-AP-r001:S-P02-S06:GS02:p0003,west,7,0,6
2575,CP-AP-r001:S-P02-S06:GS02:p0004,west,8,0,3
2576,CP-AP-r001:S-P02-S06:GS02:p0005,west,6,0,6
2577,CP-AP-r001:S-P02-S06:GS02:p0006,west,8,0,0
2578,CP-AP-r001:S-P02-S06:GS02:p0007,west,7,0,6
2579,CP-AP-r001:S-P02-S06:GS02:p0008,west,8,0,4
2580,CP-AP-r001:S-P02-S06:GS02:p0009,west,7,0,6
2581,CP-AP-r001:S-P02-S06:GS02:p0010,west,7,0,0
2582,CP-AP-r001:S-P02-S06:GS02:p0011,west,7,0,6
2583,CP-AP-r001:S-P02-S06:GS02:p0012,west,8,0,5
2584,CP-AP-r001:S-P02-S06:GS03:p0001,west,4,0,6
2585,CP-AP-r001:S-P02-S06:GS03:p0002,west,7,0,6
2586,CP-AP-r001:S-P02-S06:GS03:p0003,west,7,0,6
2587,CP-AP-r001:S-P02-S06:GS03:p0004,west,8,0,3
2588,CP-AP-r001:S-P02-S06:GS03:p0005,west,7,0,6
2589,CP-AP-r001:S-P02-S06:GS03:p0006,west,7,0,6
2590,CP-AP-r001:S-P02-S06:GS03:p0007,west,8,0,4
2591,CP-AP-r001:S-P02-S06:GS03:p0008,west,5,0,6
2592,CP-AP-r001:S-P02-S06:GS03:p0009,west,7,0,0
2593,CP-AP-r001:S-P02-S06:GS03:p0010,west,7,0,6
2594,CP-AP-r001:S-P02-S06:GS03:p0011,west,8,0,5
2595,CP-AP-r001:S-P02-S06:GS04:p0001,east,0,7,3
2596,CP-AP-r001:S-P02-S06:GS04:p0002,east,0,7,6
2597,CP-AP-r001:S-P02-S06:GS04:p0003,east,0,8,6
2598,CP-AP-r001:S-P02-S06:GS04:p0004,east,0,7,6
2599,CP-AP-r001:S-P02-S06:GS04:p0005,east,0,8,2
2600,CP-AP-r001:S-P02-S06:GS04:p0006,east,0,6,6
2601,CP-AP-r001:S-P02-S06:GS04:p0007,east,0,10,5
2602,CP-AP-r001:S-P02-S06:GS04:p0008,east,0,6,6
2603,CP-AP-r001:S-P02-S06:GS04:p0009,east,0,4,1
2604,CP-AP-r001:S-P02-S06:GS04:p0010,east,0,7,6
2605,CP-AP-r001:S-P02-S06:GS04:p0011,east,0,7,4
2606,CP-AP-r001:S-P02-S06:GS04:p0012,east,0,8,6
2607,CP-AP-r001:S-P02-S06:GS05:p0001,east,0,7,3
2608,CP-AP-r001:S-P02-S06:GS05:p0002,east,0,7,6
2609,CP-AP-r001:S-P02-S06:GS05:p0003,east,0,6,0
2610,CP-AP-r001:S-P02-S06:GS05:p0004,east,0,10,6
2611,CP-AP-r001:S-P02-S06:GS05:p0005,east,0,7,2
2612,CP-AP-r001:S-P02-S06:GS05:p0006,east,0,7,6
2613,CP-AP-r001:S-P02-S06:GS05:p0007,east,0,7,0
2614,CP-AP-r001:S-P02-S06:GS05:p0008,east,0,8,5
2615,CP-AP-r001:S-P02-S06:GS05:p0009,east,0,7,1
2616,CP-AP-r001:S-P02-S06:GS05:p0010,east,0,7,6
2617,CP-AP-r001:S-P02-S06:GS05:p0011,east,0,8,4
2618,CP-AP-r001:S-P02-S06:GS05:p0012,east,0,7,6
2619,CP-AP-r001:S-P02-S06:GS06:p0001,east,0,6,3
2620,CP-AP-r001:S-P02-S06:GS06:p0002,east,0,8,6
2621,CP-AP-r001:S-P02-S06:GS06:p0003,east,0,7,0
2622,CP-AP-r001:S-P02-S06:GS06:p0004,east,0,8,6
2623,CP-AP-r001:S-P02-S06:GS06:p0005,east,0,7,2
2624,CP-AP-r001:S-P02-S06:GS06:p0006,east,0,8,6
2625,CP-AP-r001:S-P02-S06:GS06:p0007,east,0,7,0
2626,CP-AP-r001:S-P02-S06:GS06:p0008,east,0,8,5
2627,CP-AP-r001:S-P02-S06:GS06:p0009,east,0,7,1
2628,CP-AP-r001:S-P02-S06:GS06:p0010,east,0,7,6
2629,CP-AP-r001:S-P02-S06:GS06:p0011,east,0,7,0
2630,CP-AP-r001:S-P02-S06:GS06:p0012,east,0,8,4
2631,CP-AP-r001:S-P02-S06:GS07:p0002,west,8,0,6
2632,CP-AP-r001:S-P02-S06:GS07:p0003,west,10,0,0
2633,CP-AP-r001:S-P02-S06:GS07:p0004,west,8,0,6
2634,CP-AP-r001:S-P02-S06:GS07:p0005,west,8,0,3
2635,CP-AP-r001:S-P02-S06:GS07:p0006,west,8,0,0
2636,CP-AP-r001:S-P02-S06:GS07:p0007,west,8,0,6
2637,CP-AP-r001:S-P02-S06:GS07:p0008,west,10,0,0
2638,CP-AP-r001:S-P02-S06:GS07:p0009,west,8,0,4
2639,CP-AP-r001:S-P02-S06:GS07:p0010,west,9,0,0
2640,CP-AP-r001:S-P02-S06:GS07:p0011,west,8,0,6
2641,CP-AP-r001:S-P02-S06:GS07:p0012,west,11,0,0
2642,CP-AP-r001:S-P02-S06:GS07:p0013,west,10,0,5
2643,CP-AP-r001:S-P02-S06:GS07:p0014,west,9,0,0
2644,CP-AP-r001:S-P02-S06:GS08:p0001,west,7,0,6
2645,CP-AP-r001:S-P02-S06:GS08:p0002,west,7,0,6
2646,CP-AP-r001:S-P02-S06:GS08:p0003,west,8,0,0
2647,CP-AP-r001:S-P02-S06:GS08:p0004,west,9,0,6
2648,CP-AP-r001:S-P02-S06:GS08:p0005,west,8,0,3
2649,CP-AP-r001:S-P02-S06:GS08:p0006,west,7,0,6
2650,CP-AP-r001:S-P02-S06:GS08:p0007,west,8,0,6
2651,CP-AP-r001:S-P02-S06:GS08:p0008,west,8,0,0
2652,CP-AP-r001:S-P02-S06:GS08:p0009,west,8,0,6
2653,CP-AP-r001:S-P02-S06:GS08:p0010,west,8,0,4
2654,CP-AP-r001:S-P02-S06:GS08:p0011,west,8,0,6
2655,CP-AP-r001:S-P02-S06:GS08:p0012,west,9,0,0
2656,CP-AP-r001:S-P02-S06:GS08:p0013,west,8,0,6
2657,CP-AP-r001:S-P02-S06:GS08:p0014,west,8,0,5
2658,CP-AP-r001:S-P02-S06:GS08:p0015,west,8,0,0
2659,CP-AP-r001:S-P02-S06:GS09:p0001,west,10,0,6
2660,CP-AP-r001:S-P02-S06:GS09:p0002,west,8,0,6
2661,CP-AP-r001:S-P02-S06:GS09:p0003,west,9,0,6
2662,CP-AP-r001:S-P02-S06:GS09:p0004,west,8,0,3
2663,CP-AP-r001:S-P02-S06:GS09:p0005,west,9,0,6
2664,CP-AP-r001:S-P02-S06:GS09:p0006,west,7,0,6
2665,CP-AP-r001:S-P02-S06:GS09:p0007,west,9,0,6
2666,CP-AP-r001:S-P02-S06:GS09:p0008,west,8,0,4
2667,CP-AP-r001:S-P02-S06:GS09:p0009,west,8,0,6
2668,CP-AP-r001:S-P02-S06:GS09:p0010,west,7,0,6
2669,CP-AP-r001:S-P02-S06:GS09:p0011,west,10,0,6
2670,CP-AP-r001:S-P02-S06:GS09:p0012,west,8,0,5
2671,CP-AP-r001:S-P02-S06:GS10:p0001,east,0,8,3
2672,CP-AP-r001:S-P02-S06:GS10:p0002,east,0,8,6
2673,CP-AP-r001:S-P02-S06:GS10:p0003,east,0,10,6
2674,CP-AP-r001:S-P02-S06:GS10:p0004,east,0,8,6
2675,CP-AP-r001:S-P02-S06:GS10:p0005,east,0,8,2
2676,CP-AP-r001:S-P02-S06:GS10:p0006,east,0,8,6
2677,CP-AP-r001:S-P02-S06:GS10:p0007,east,0,10,5
2678,CP-AP-r001:S-P02-S06:GS10:p0008,east,0,8,6
2679,CP-AP-r001:S-P02-S06:GS10:p0009,east,0,9,1
2680,CP-AP-r001:S-P02-S06:GS10:p0010,east,0,8,6
2681,CP-AP-r001:S-P02-S06:GS10:p0011,east,0,8,4
2682,CP-AP-r001:S-P02-S06:GS10:p0012,east,0,8,6
2683,CP-AP-r001:S-P02-S06:GS11:p0001,east,0,8,3
2684,CP-AP-r001:S-P02-S06:GS11:p0002,east,0,10,6
2685,CP-AP-r001:S-P02-S06:GS11:p0003,east,0,8,0
2686,CP-AP-r001:S-P02-S06:GS11:p0004,east,0,8,6
2687,CP-AP-r001:S-P02-S06:GS11:p0005,east,0,7,6
2688,CP-AP-r001:S-P02-S06:GS11:p0006,east,0,8,2
2689,CP-AP-r001:S-P02-S06:GS11:p0007,east,0,10,6
2690,CP-AP-r001:S-P02-S06:GS11:p0008,east,0,10,5
2691,CP-AP-r001:S-P02-S06:GS11:p0009,east,0,9,6
2692,CP-AP-r001:S-P02-S06:GS11:p0010,east,0,8,1
2693,CP-AP-r001:S-P02-S06:GS11:p0011,east,0,10,6
2694,CP-AP-r001:S-P02-S06:GS11:p0012,east,0,10,4
2695,CP-AP-r001:S-P02-S06:GS11:p0013,east,0,9,6
2696,CP-AP-r001:S-P02-S06:GS12:p0001,east,0,7,0
2697,CP-AP-r001:S-P02-S06:GS12:p0002,east,0,8,3
2698,CP-AP-r001:S-P02-S06:GS12:p0003,east,0,8,6
2699,CP-AP-r001:S-P02-S06:GS12:p0004,east,0,8,0
2700,CP-AP-r001:S-P02-S06:GS12:p0005,east,0,8,6
2701,CP-AP-r001:S-P02-S06:GS12:p0006,east,0,8,2
2702,CP-AP-r001:S-P02-S06:GS12:p0007,east,0,8,6
2703,CP-AP-r001:S-P02-S06:GS12:p0008,east,0,6,0
2704,CP-AP-r001:S-P02-S06:GS12:p0009,east,0,8,5
2705,CP-AP-r001:S-P02-S06:GS12:p0010,east,0,9,6
2706,CP-AP-r001:S-P02-S06:GS12:p0011,east,0,8,1
2707,CP-AP-r001:S-P02-S06:GS12:p0012,east,0,10,6
2708,CP-AP-r001:S-P02-S06:GS12:p0013,east,0,8,0
2709,CP-AP-r001:S-P02-S06:GS12:p0014,east,0,8,4
2710,CP-AP-r001:S-P02-S06:GS12:p0015,east,0,8,6
2711,CP-AP-r001:S-P02-S07:GS01:p0001,west,6,0,6
2712,CP-AP-r001:S-P02-S07:GS01:p0002,west,6,0,0
2713,CP-AP-r001:S-P02-S07:GS01:p0003,west,6,0,6
2714,CP-AP-r001:S-P02-S07:GS01:p0004,west,8,0,4
2715,CP-AP-r001:S-P02-S07:GS01:p0005,west,6,0,6
2716,CP-AP-r001:S-P02-S07:GS01:p0006,west,6,0,0
2717,CP-AP-r001:S-P02-S07:GS01:p0007,west,8,0,5
2718,CP-AP-r001:S-P02-S07:GS01:p0008,west,7,0,0
2719,CP-AP-r001:S-P02-S07:GS01:p0009,west,6,0,6
2720,CP-AP-r001:S-P02-S07:GS01:p0010,west,6,0,0
2721,CP-AP-r001:S-P02-S07:GS01:p0011,west,8,0,5
2722,CP-AP-r001:S-P02-S07:GS01:p0012,west,7,0,0
2723,CP-AP-r001:S-P02-S07:GS02:p0001,west,6,0,6
2724,CP-AP-r001:S-P02-S07:GS02:p0002,west,7,0,0
2725,CP-AP-r001:S-P02-S07:GS02:p0003,west,6,0,6
2726,CP-AP-r001:S-P02-S07:GS02:p0004,west,8,0,4
2727,CP-AP-r001:S-P02-S07:GS02:p0005,west,6,0,6
2728,CP-AP-r001:S-P02-S07:GS02:p0006,west,6,0,0
2729,CP-AP-r001:S-P02-S07:GS02:p0007,west,4,0,6
2730,CP-AP-r001:S-P02-S07:GS02:p0008,west,8,0,5
2731,CP-AP-r001:S-P02-S07:GS02:p0009,west,6,0,6
2732,CP-AP-r001:S-P02-S07:GS02:p0010,west,6,0,0
2733,CP-AP-r001:S-P02-S07:GS02:p0011,west,6,0,6
2734,CP-AP-r001:S-P02-S07:GS02:p0012,west,8,0,5
2735,CP-AP-r001:S-P02-S07:GS03:p0001,west,5,0,6
2736,CP-AP-r001:S-P02-S07:GS03:p0002,west,7,0,0
2737,CP-AP-r001:S-P02-S07:GS03:p0003,west,6,0,6
2738,CP-AP-r001:S-P02-S07:GS03:p0004,west,8,0,4
2739,CP-AP-r001:S-P02-S07:GS03:p0005,west,5,0,6
2740,CP-AP-r001:S-P02-S07:GS03:p0006,west,6,0,0
2741,CP-AP-r001:S-P02-S07:GS03:p0007,west,6,0,6
2742,CP-AP-r001:S-P02-S07:GS03:p0008,west,8,0,5
2743,CP-AP-r001:S-P02-S07:GS03:p0009,west,6,0,6
2744,CP-AP-r001:S-P02-S07:GS03:p0010,west,7,0,0
2745,CP-AP-r001:S-P02-S07:GS03:p0011,west,6,0,6
2746,CP-AP-r001:S-P02-S07:GS03:p0012,west,8,0,5
2747,CP-AP-r001:S-P02-S07:GS04:p0001,east,0,5,1
2748,CP-AP-r001:S-P02-S07:GS04:p0002,east,0,7,6
2749,CP-AP-r001:S-P02-S07:GS04:p0003,east,0,6,5
2750,CP-AP-r001:S-P02-S07:GS04:p0004,east,0,9,6
2751,CP-AP-r001:S-P02-S07:GS04:p0005,east,0,6,1
2752,CP-AP-r001:S-P02-S07:GS04:p0006,east,0,6,6
2753,CP-AP-r001:S-P02-S07:GS04:p0007,east,0,6,4
2754,CP-AP-r001:S-P02-S07:GS04:p0008,east,0,8,6
2755,CP-AP-r001:S-P02-S07:GS04:p0009,east,0,6,6
2756,CP-AP-r001:S-P02-S07:GS04:p0010,east,0,6,3
2757,CP-AP-r001:S-P02-S07:GS04:p0011,east,0,8,6
2758,CP-AP-r001:S-P02-S07:GS05:p0001,east,0,6,1
2759,CP-AP-r001:S-P02-S07:GS05:p0002,east,0,6,6
2760,CP-AP-r001:S-P02-S07:GS05:p0003,east,0,8,5
2761,CP-AP-r001:S-P02-S07:GS05:p0004,east,0,6,1
2762,CP-AP-r001:S-P02-S07:GS05:p0005,east,0,6,6
2763,CP-AP-r001:S-P02-S07:GS05:p0006,east,0,8,4
2764,CP-AP-r001:S-P02-S07:GS05:p0007,east,0,7,6
2765,CP-AP-r001:S-P02-S07:GS05:p0008,east,0,5,1
2766,CP-AP-r001:S-P02-S07:GS05:p0009,east,0,5,6
2767,CP-AP-r001:S-P02-S07:GS05:p0010,east,0,9,3
2768,CP-AP-r001:S-P02-S07:GS05:p0011,east,0,8,6
2769,CP-AP-r001:S-P02-S07:GS06:p0001,east,0,6,1
2770,CP-AP-r001:S-P02-S07:GS06:p0002,east,0,6,6
2771,CP-AP-r001:S-P02-S07:GS06:p0003,east,0,6,0
2772,CP-AP-r001:S-P02-S07:GS06:p0004,east,0,8,5
2773,CP-AP-r001:S-P02-S07:GS06:p0005,east,0,6,1
2774,CP-AP-r001:S-P02-S07:GS06:p0006,east,0,6,6
2775,CP-AP-r001:S-P02-S07:GS06:p0007,east,0,4,0
2776,CP-AP-r001:S-P02-S07:GS06:p0008,east,0,10,4
2777,CP-AP-r001:S-P02-S07:GS06:p0009,east,0,6,1
2778,CP-AP-r001:S-P02-S07:GS06:p0010,east,0,6,6
2779,CP-AP-r001:S-P02-S07:GS06:p0011,east,0,6,0
2780,CP-AP-r001:S-P02-S07:GS06:p0012,east,0,8,3
2781,CP-AP-r001:S-P02-S07:GS07:p0002,west,8,0,6
2782,CP-AP-r001:S-P02-S07:GS07:p0003,west,10,0,0
2783,CP-AP-r001:S-P02-S07:GS07:p0004,west,9,0,4
2784,CP-AP-r001:S-P02-S07:GS07:p0005,west,10,0,0
2785,CP-AP-r001:S-P02-S07:GS07:p0006,west,7,0,6
2786,CP-AP-r001:S-P02-S07:GS07:p0007,west,8,0,0
2787,CP-AP-r001:S-P02-S07:GS07:p0008,west,10,0,5
2788,CP-AP-r001:S-P02-S07:GS07:p0009,west,10,0,0
2789,CP-AP-r001:S-P02-S07:GS07:p0010,west,7,0,6
2790,CP-AP-r001:S-P02-S07:GS07:p0011,west,7,0,0
2791,CP-AP-r001:S-P02-S07:GS07:p0012,west,10,0,5
2792,CP-AP-r001:S-P02-S07:GS07:p0013,west,9,0,0
2793,CP-AP-r001:S-P02-S07:GS08:p0001,west,8,0,6
2794,CP-AP-r001:S-P02-S07:GS08:p0002,west,10,0,0
2795,CP-AP-r001:S-P02-S07:GS08:p0003,west,5,0,6
2796,CP-AP-r001:S-P02-S07:GS08:p0004,west,8,0,4
2797,CP-AP-r001:S-P02-S07:GS08:p0005,west,10,0,0
2798,CP-AP-r001:S-P02-S07:GS08:p0006,west,8,0,6
2799,CP-AP-r001:S-P02-S07:GS08:p0007,west,10,0,0
2800,CP-AP-r001:S-P02-S07:GS08:p0008,west,5,0,6
2801,CP-AP-r001:S-P02-S07:GS08:p0009,west,8,0,5
2802,CP-AP-r001:S-P02-S07:GS08:p0010,west,10,0,0
2803,CP-AP-r001:S-P02-S07:GS08:p0011,west,8,0,6
2804,CP-AP-r001:S-P02-S07:GS08:p0012,west,10,0,0
2805,CP-AP-r001:S-P02-S07:GS08:p0013,west,8,0,5
2806,CP-AP-r001:S-P02-S07:GS08:p0014,west,10,0,0
2807,CP-AP-r001:S-P02-S07:GS09:p0001,west,8,0,6
2808,CP-AP-r001:S-P02-S07:GS09:p0002,west,8,0,6
2809,CP-AP-r001:S-P02-S07:GS09:p0003,west,9,0,6
2810,CP-AP-r001:S-P02-S07:GS09:p0004,west,8,0,4
2811,CP-AP-r001:S-P02-S07:GS09:p0005,west,7,0,6
2812,CP-AP-r001:S-P02-S07:GS09:p0006,west,8,0,6
2813,CP-AP-r001:S-P02-S07:GS09:p0007,west,9,0,0
2814,CP-AP-r001:S-P02-S07:GS09:p0008,west,8,0,6
2815,CP-AP-r001:S-P02-S07:GS09:p0009,west,8,0,5
2816,CP-AP-r001:S-P02-S07:GS09:p0010,west,5,0,5
2817,CP-AP-r001:S-P02-S07:GS09:p0011,west,8,0,6
2818,CP-AP-r001:S-P02-S07:GS09:p0012,west,9,0,0
2819,CP-AP-r001:S-P02-S07:GS09:p0013,west,8,0,6
2820,CP-AP-r001:S-P02-S07:GS09:p0014,west,8,0,5
2821,CP-AP-r001:S-P02-S07:GS10:p0001,east,0,7,1
2822,CP-AP-r001:S-P02-S07:GS10:p0002,east,0,8,6
2823,CP-AP-r001:S-P02-S07:GS10:p0003,east,0,8,5
2824,CP-AP-r001:S-P02-S07:GS10:p0004,east,0,8,6
2825,CP-AP-r001:S-P02-S07:GS10:p0005,east,0,8,1
2826,CP-AP-r001:S-P02-S07:GS10:p0006,east,0,8,6
2827,CP-AP-r001:S-P02-S07:GS10:p0007,east,0,8,4
2828,CP-AP-r001:S-P02-S07:GS10:p0008,east,0,8,6
2829,CP-AP-r001:S-P02-S07:GS10:p0009,east,0,8,1
2830,CP-AP-r001:S-P02-S07:GS10:p0010,east,0,7,6
2831,CP-AP-r001:S-P02-S07:GS10:p0011,east,0,9,3
2832,CP-AP-r001:S-P02-S07:GS10:p0012,east,0,8,6
2833,CP-AP-r001:S-P02-S07:GS11:p0001,east,0,7,1
2834,CP-AP-r001:S-P02-S07:GS11:p0002,east,0,9,6
2835,CP-AP-r001:S-P02-S07:GS11:p0003,east,0,10,5
2836,CP-AP-r001:S-P02-S07:GS11:p0004,east,0,10,6
2837,CP-AP-r001:S-P02-S07:GS11:p0005,east,0,7,1
2838,CP-AP-r001:S-P02-S07:GS11:p0006,east,0,7,6
2839,CP-AP-r001:S-P02-S07:GS11:p0007,east,0,10,4
2840,CP-AP-r001:S-P02-S07:GS11:p0008,east,0,9,6
2841,CP-AP-r001:S-P02-S07:GS11:p0009,east,0,7,1
2842,CP-AP-r001:S-P02-S07:GS11:p0010,east,0,7,6
2843,CP-AP-r001:S-P02-S07:GS11:p0011,east,0,10,3
2844,CP-AP-r001:S-P02-S07:GS11:p0012,east,0,8,6
2845,CP-AP-r001:S-P02-S07:GS12:p0001,east,0,8,1
2846,CP-AP-r001:S-P02-S07:GS12:p0002,east,0,10,6
2847,CP-AP-r001:S-P02-S07:GS12:p0003,east,0,6,0
2848,CP-AP-r001:S-P02-S07:GS12:p0004,east,0,8,5
2849,CP-AP-r001:S-P02-S07:GS12:p0005,east,0,10,6
2850,CP-AP-r001:S-P02-S07:GS12:p0006,east,0,8,1
2851,CP-AP-r001:S-P02-S07:GS12:p0007,east,0,10,6
2852,CP-AP-r001:S-P02-S07:GS12:p0008,east,0,8,4
2853,CP-AP-r001:S-P02-S07:GS12:p0009,east,0,9,6
2854,CP-AP-r001:S-P02-S07:GS12:p0010,east,0,8,1
2855,CP-AP-r001:S-P02-S07:GS12:p0011,east,0,10,6
2856,CP-AP-r001:S-P02-S07:GS12:p0012,east,0,9,3
2857,CP-AP-r001:S-P02-S07:GS12:p0013,east,0,10,6
2858,CP-AP-r001:S-P02-S08:GS01:p0001,west,7,0,6
2859,CP-AP-r001:S-P02-S08:GS01:p0002,west,7,0,0
2860,CP-AP-r001:S-P02-S08:GS01:p0003,west,6,0,6
2861,CP-AP-r001:S-P02-S08:GS01:p0004,west,8,0,4
2862,CP-AP-r001:S-P02-S08:GS01:p0005,west,7,0,6
2863,CP-AP-r001:S-P02-S08:GS01:p0006,west,7,0,0
2864,CP-AP-r001:S-P02-S08:GS01:p0007,west,8,0,5
2865,CP-AP-r001:S-P02-S08:GS01:p0008,west,7,0,0
2866,CP-AP-r001:S-P02-S08:GS01:p0009,west,7,0,6
2867,CP-AP-r001:S-P02-S08:GS01:p0010,west,7,0,1
2868,CP-AP-r001:S-P02-S08:GS01:p0011,west,8,0,5
2869,CP-AP-r001:S-P02-S08:GS01:p0012,west,6,0,0
2870,CP-AP-r001:S-P02-S08:GS02:p0001,west,7,0,6
2871,CP-AP-r001:S-P02-S08:GS02:p0002,west,7,0,0
2872,CP-AP-r001:S-P02-S08:GS02:p0003,west,7,0,6
2873,CP-AP-r001:S-P02-S08:GS02:p0004,west,8,0,4
2874,CP-AP-r001:S-P02-S08:GS02:p0005,west,7,0,6
2875,CP-AP-r001:S-P02-S08:GS02:p0006,west,7,0,0
2876,CP-AP-r001:S-P02-S08:GS02:p0007,west,6,0,6
2877,CP-AP-r001:S-P02-S08:GS02:p0008,west,8,0,5
2878,CP-AP-r001:S-P02-S08:GS02:p0009,west,7,0,6
2879,CP-AP-r001:S-P02-S08:GS02:p0010,west,7,0,1
2880,CP-AP-r001:S-P02-S08:GS02:p0011,west,7,0,6
2881,CP-AP-r001:S-P02-S08:GS02:p0012,west,8,0,5
2882,CP-AP-r001:S-P02-S08:GS03:p0001,west,6,0,6
2883,CP-AP-r001:S-P02-S08:GS03:p0002,west,7,0,0
2884,CP-AP-r001:S-P02-S08:GS03:p0003,west,7,0,6
2885,CP-AP-r001:S-P02-S08:GS03:p0004,west,8,0,4
2886,CP-AP-r001:S-P02-S08:GS03:p0005,west,6,0,6
2887,CP-AP-r001:S-P02-S08:GS03:p0006,west,6,0,0
2888,CP-AP-r001:S-P02-S08:GS03:p0007,west,7,0,6
2889,CP-AP-r001:S-P02-S08:GS03:p0008,west,8,0,5
2890,CP-AP-r001:S-P02-S08:GS03:p0009,west,6,0,6
2891,CP-AP-r001:S-P02-S08:GS03:p0010,west,8,0,1
2892,CP-AP-r001:S-P02-S08:GS03:p0011,west,7,0,6
2893,CP-AP-r001:S-P02-S08:GS03:p0012,west,8,0,5
2894,CP-AP-r001:S-P02-S08:GS04:p0001,east,0,5,1
2895,CP-AP-r001:S-P02-S08:GS04:p0002,east,0,7,6
2896,CP-AP-r001:S-P02-S08:GS04:p0003,east,0,7,5
2897,CP-AP-r001:S-P02-S08:GS04:p0004,east,0,8,6
2898,CP-AP-r001:S-P02-S08:GS04:p0005,east,0,4,1
2899,CP-AP-r001:S-P02-S08:GS04:p0006,east,0,7,6
2900,CP-AP-r001:S-P02-S08:GS04:p0007,east,0,7,4
2901,CP-AP-r001:S-P02-S08:GS04:p0008,east,0,8,6
2902,CP-AP-r001:S-P02-S08:GS04:p0009,east,0,7,6
2903,CP-AP-r001:S-P02-S08:GS04:p0010,east,0,7,6
2904,CP-AP-r001:S-P02-S08:GS04:p0011,east,0,7,3
2905,CP-AP-r001:S-P02-S08:GS04:p0012,east,0,8,6
2906,CP-AP-r001:S-P02-S08:GS05:p0001,east,0,7,1
2907,CP-AP-r001:S-P02-S08:GS05:p0002,east,0,7,6
2908,CP-AP-r001:S-P02-S08:GS05:p0003,east,0,8,5
2909,CP-AP-r001:S-P02-S08:GS05:p0004,east,0,7,1
2910,CP-AP-r001:S-P02-S08:GS05:p0005,east,0,7,6
2911,CP-AP-r001:S-P02-S08:GS05:p0006,east,0,8,4
2912,CP-AP-r001:S-P02-S08:GS05:p0007,east,0,7,6
2913,CP-AP-r001:S-P02-S08:GS05:p0008,east,0,7,1
2914,CP-AP-r001:S-P02-S08:GS05:p0009,east,0,7,6
2915,CP-AP-r001:S-P02-S08:GS05:p0010,east,0,10,3
2916,CP-AP-r001:S-P02-S08:GS05:p0011,east,0,7,6
2917,CP-AP-r001:S-P02-S08:GS06:p0001,east,0,7,1
2918,CP-AP-r001:S-P02-S08:GS06:p0002,east,0,7,6
2919,CP-AP-r001:S-P02-S08:GS06:p0003,east,0,8,0
2920,CP-AP-r001:S-P02-S08:GS06:p0004,east,0,8,5
2921,CP-AP-r001:S-P02-S08:GS06:p0005,east,0,7,1
2922,CP-AP-r001:S-P02-S08:GS06:p0006,east,0,7,6
2923,CP-AP-r001:S-P02-S08:GS06:p0007,east,0,6,0
2924,CP-AP-r001:S-P02-S08:GS06:p0008,east,0,10,4
2925,CP-AP-r001:S-P02-S08:GS06:p0009,east,0,7,1
2926,CP-AP-r001:S-P02-S08:GS06:p0010,east,0,7,6
2927,CP-AP-r001:S-P02-S08:GS06:p0011,east,0,8,3
2928,CP-AP-r001:S-P02-S08:GS07:p0002,west,8,0,6
2929,CP-AP-r001:S-P02-S08:GS07:p0003,west,11,0,0
2930,CP-AP-r001:S-P02-S08:GS07:p0004,west,10,0,4
2931,CP-AP-r001:S-P02-S08:GS07:p0005,west,9,0,0
2932,CP-AP-r001:S-P02-S08:GS07:p0006,west,8,0,6
2933,CP-AP-r001:S-P02-S08:GS07:p0007,west,9,0,0
2934,CP-AP-r001:S-P02-S08:GS07:p0008,west,10,0,5
2935,CP-AP-r001:S-P02-S08:GS07:p0009,west,9,0,0
2936,CP-AP-r001:S-P02-S08:GS07:p0010,west,8,0,6
2937,CP-AP-r001:S-P02-S08:GS07:p0011,west,8,0,1
2938,CP-AP-r001:S-P02-S08:GS07:p0012,west,10,0,5
2939,CP-AP-r001:S-P02-S08:GS07:p0013,west,8,0,0
2940,CP-AP-r001:S-P02-S08:GS08:p0001,west,8,0,6
2941,CP-AP-r001:S-P02-S08:GS08:p0002,west,9,0,0
2942,CP-AP-r001:S-P02-S08:GS08:p0003,west,7,0,6
2943,CP-AP-r001:S-P02-S08:GS08:p0004,west,8,0,4
2944,CP-AP-r001:S-P02-S08:GS08:p0005,west,8,0,0
2945,CP-AP-r001:S-P02-S08:GS08:p0006,west,8,0,6
2946,CP-AP-r001:S-P02-S08:GS08:p0007,west,10,0,0
2947,CP-AP-r001:S-P02-S08:GS08:p0008,west,8,0,6
2948,CP-AP-r001:S-P02-S08:GS08:p0009,west,8,0,5
2949,CP-AP-r001:S-P02-S08:GS08:p0010,west,8,0,0
2950,CP-AP-r001:S-P02-S08:GS08:p0011,west,8,0,6
2951,CP-AP-r001:S-P02-S08:GS08:p0012,west,10,0,1
2952,CP-AP-r001:S-P02-S08:GS08:p0013,west,8,0,5
2953,CP-AP-r001:S-P02-S08:GS08:p0014,west,9,0,0
2954,CP-AP-r001:S-P02-S08:GS09:p0001,west,8,0,6
2955,CP-AP-r001:S-P02-S08:GS09:p0002,west,7,0,6
2956,CP-AP-r001:S-P02-S08:GS09:p0003,west,10,0,6
2957,CP-AP-r001:S-P02-S08:GS09:p0004,west,8,0,4
2958,CP-AP-r001:S-P02-S08:GS09:p0005,west,8,0,6
2959,CP-AP-r001:S-P02-S08:GS09:p0006,west,7,0,6
2960,CP-AP-r001:S-P02-S08:GS09:p0007,west,7,0,0
2961,CP-AP-r001:S-P02-S08:GS09:p0008,west,8,0,6
2962,CP-AP-r001:S-P02-S08:GS09:p0009,west,8,0,5
2963,CP-AP-r001:S-P02-S08:GS09:p0010,west,6,0,5
2964,CP-AP-r001:S-P02-S08:GS09:p0011,west,8,0,6
2965,CP-AP-r001:S-P02-S08:GS09:p0012,west,8,0,1
2966,CP-AP-r001:S-P02-S08:GS09:p0013,west,8,0,6
2967,CP-AP-r001:S-P02-S08:GS09:p0014,west,8,0,5
2968,CP-AP-r001:S-P02-S08:GS10:p0001,east,0,9,1
2969,CP-AP-r001:S-P02-S08:GS10:p0002,east,0,8,6
2970,CP-AP-r001:S-P02-S08:GS10:p0003,east,0,8,5
2971,CP-AP-r001:S-P02-S08:GS10:p0004,east,0,8,6
2972,CP-AP-r001:S-P02-S08:GS10:p0005,east,0,9,1
2973,CP-AP-r001:S-P02-S08:GS10:p0006,east,0,9,6
2974,CP-AP-r001:S-P02-S08:GS10:p0007,east,0,9,4
2975,CP-AP-r001:S-P02-S08:GS10:p0008,east,0,8,6
2976,CP-AP-r001:S-P02-S08:GS10:p0009,east,0,9,1
2977,CP-AP-r001:S-P02-S08:GS10:p0010,east,0,7,6
2978,CP-AP-r001:S-P02-S08:GS10:p0011,east,0,10,3
2979,CP-AP-r001:S-P02-S08:GS10:p0012,east,0,8,6
2980,CP-AP-r001:S-P02-S08:GS11:p0001,east,0,8,1
2981,CP-AP-r001:S-P02-S08:GS11:p0002,east,0,10,6
2982,CP-AP-r001:S-P02-S08:GS11:p0003,east,0,10,5
2983,CP-AP-r001:S-P02-S08:GS11:p0004,east,0,9,6
2984,CP-AP-r001:S-P02-S08:GS11:p0005,east,0,8,1
2985,CP-AP-r001:S-P02-S08:GS11:p0006,east,0,8,6
2986,CP-AP-r001:S-P02-S08:GS11:p0007,east,0,10,4
2987,CP-AP-r001:S-P02-S08:GS11:p0008,east,0,8,6
2988,CP-AP-r001:S-P02-S08:GS11:p0009,east,0,8,1
2989,CP-AP-r001:S-P02-S08:GS11:p0010,east,0,8,6
2990,CP-AP-r001:S-P02-S08:GS11:p0011,east,0,10,3
2991,CP-AP-r001:S-P02-S08:GS11:p0012,east,0,8,6
2992,CP-AP-r001:S-P02-S08:GS12:p0001,east,0,8,1
2993,CP-AP-r001:S-P02-S08:GS12:p0002,east,0,9,6
2994,CP-AP-r001:S-P02-S08:GS12:p0003,east,0,8,0
2995,CP-AP-r001:S-P02-S08:GS12:p0004,east,0,8,5
2996,CP-AP-r001:S-P02-S08:GS12:p0005,east,0,8,6
2997,CP-AP-r001:S-P02-S08:GS12:p0006,east,0,8,1
2998,CP-AP-r001:S-P02-S08:GS12:p0007,east,0,10,6
2999,CP-AP-r001:S-P02-S08:GS12:p0008,east,0,8,4
3000,CP-AP-r001:S-P02-S08:GS12:p0009,east,0,8,6
3001,CP-AP-r001:S-P02-S08:GS12:p0010,east,0,8,1
3002,CP-AP-r001:S-P02-S08:GS12:p0011,east,0,11,6
3003,CP-AP-r001:S-P02-S08:GS12:p0012,east,0,10,3
3004,CP-AP-r001:S-P02-S08:GS12:p0013,east,0,9,6
3005,CP-AP-r001:S-P02-S09:GS01:p0001,west,6,0,6
3006,CP-AP-r001:S-P02-S09:GS01:p0002,west,6,0,0
3007,CP-AP-r001:S-P02-S09:GS01:p0003,west,8,0,5
3008,CP-AP-r001:S-P02-S09:GS01:p0004,west,7,0,0
3009,CP-AP-r001:S-P02-S09:GS01:p0005,west,5,0,6
3010,CP-AP-r001:S-P02-S09:GS01:p0006,west,5,0,1
3011,CP-AP-r001:S-P02-S09:GS01:p0007,west,9,0,5
3012,CP-AP-r001:S-P02-S09:GS01:p0008,west,9,0,0
3013,CP-AP-r001:S-P02-S09:GS01:p0009,west,6,0,6
3014,CP-AP-r001:S-P02-S09:GS01:p0010,west,6,0,2
3015,CP-AP-r001:S-P02-S09:GS01:p0011,west,6,0,6
3016,CP-AP-r001:S-P02-S09:GS01:p0012,west,8,0,0
3017,CP-AP-r001:S-P02-S09:GS02:p0001,west,6,0,6
3018,CP-AP-r001:S-P02-S09:GS02:p0002,west,6,0,0
3019,CP-AP-r001:S-P02-S09:GS02:p0003,west,4,0,6
3020,CP-AP-r001:S-P02-S09:GS02:p0004,west,9,0,5
3021,CP-AP-r001:S-P02-S09:GS02:p0005,west,6,0,6
3022,CP-AP-r001:S-P02-S09:GS02:p0006,west,6,0,1
3023,CP-AP-r001:S-P02-S09:GS02:p0007,west,8,0,5
3024,CP-AP-r001:S-P02-S09:GS02:p0008,west,6,0,6
3025,CP-AP-r001:S-P02-S09:GS02:p0009,west,6,0,2
3026,CP-AP-r001:S-P02-S09:GS02:p0010,west,8,0,6
3027,CP-AP-r001:S-P02-S09:GS02:p0011,west,7,0,0
3028,CP-AP-r001:S-P02-S09:GS03:p0001,west,6,0,6
3029,CP-AP-r001:S-P02-S09:GS03:p0002,west,8,0,0
3030,CP-AP-r001:S-P02-S09:GS03:p0003,west,6,0,6
3031,CP-AP-r001:S-P02-S09:GS03:p0004,west,8,0,5
3032,CP-AP-r001:S-P02-S09:GS03:p0005,west,6,0,6
3033,CP-AP-r001:S-P02-S09:GS03:p0006,west,6,0,1
3034,CP-AP-r001:S-P02-S09:GS03:p0007,west,6,0,6
3035,CP-AP-r001:S-P02-S09:GS03:p0008,west,8,0,5
3036,CP-AP-r001:S-P02-S09:GS03:p0009,west,6,0,6
3037,CP-AP-r001:S-P02-S09:GS03:p0010,west,6,0,2
3038,CP-AP-r001:S-P02-S09:GS03:p0011,west,4,0,6
3039,CP-AP-r001:S-P02-S09:GS03:p0012,west,10,0,6
3040,CP-AP-r001:S-P02-S09:GS04:p0001,east,0,6,6
3041,CP-AP-r001:S-P02-S09:GS04:p0002,east,0,6,3
3042,CP-AP-r001:S-P02-S09:GS04:p0003,east,0,8,6
3043,CP-AP-r001:S-P02-S09:GS04:p0004,east,0,4,6
3044,CP-AP-r001:S-P02-S09:GS04:p0005,east,0,7,6
3045,CP-AP-r001:S-P02-S09:GS04:p0006,east,0,6,2
3046,CP-AP-r001:S-P02-S09:GS04:p0007,east,0,8,6
3047,CP-AP-r001:S-P02-S09:GS04:p0008,east,0,6,6
3048,CP-AP-r001:S-P02-S09:GS04:p0009,east,0,7,6
3049,CP-AP-r001:S-P02-S09:GS04:p0010,east,0,6,2
3050,CP-AP-r001:S-P02-S09:GS04:p0011,east,0,8,6
3051,CP-AP-r001:S-P02-S09:GS05:p0001,east,0,6,1
3052,CP-AP-r001:S-P02-S09:GS05:p0002,east,0,4,6
3053,CP-AP-r001:S-P02-S09:GS05:p0003,east,0,9,3
3054,CP-AP-r001:S-P02-S09:GS05:p0004,east,0,7,6
3055,CP-AP-r001:S-P02-S09:GS05:p0005,east,0,5,0
3056,CP-AP-r001:S-P02-S09:GS05:p0006,east,0,6,6
3057,CP-AP-r001:S-P02-S09:GS05:p0007,east,0,6,2
3058,CP-AP-r001:S-P02-S09:GS05:p0008,east,0,8,6
3059,CP-AP-r001:S-P02-S09:GS05:p0009,east,0,6,0
3060,CP-AP-r001:S-P02-S09:GS05:p0010,east,0,6,6
3061,CP-AP-r001:S-P02-S09:GS05:p0011,east,0,6,2
3062,CP-AP-r001:S-P02-S09:GS05:p0012,east,0,8,6
3063,CP-AP-r001:S-P02-S09:GS06:p0001,east,0,6,1
3064,CP-AP-r001:S-P02-S09:GS06:p0002,east,0,6,6
3065,CP-AP-r001:S-P02-S09:GS06:p0003,east,0,6,0
3066,CP-AP-r001:S-P02-S09:GS06:p0004,east,0,8,3
3067,CP-AP-r001:S-P02-S09:GS06:p0005,east,0,6,0
3068,CP-AP-r001:S-P02-S09:GS06:p0006,east,0,6,6
3069,CP-AP-r001:S-P02-S09:GS06:p0007,east,0,8,2
3070,CP-AP-r001:S-P02-S09:GS06:p0008,east,0,6,0
3071,CP-AP-r001:S-P02-S09:GS06:p0009,east,0,6,6
3072,CP-AP-r001:S-P02-S09:GS06:p0010,east,0,8,2
3073,CP-AP-r001:S-P02-S09:GS06:p0011,east,0,7,6
3074,CP-AP-r001:S-P02-S09:GS07:p0002,west,7,0,6
3075,CP-AP-r001:S-P02-S09:GS07:p0003,west,7,0,0
3076,CP-AP-r001:S-P02-S09:GS07:p0004,west,10,0,5
3077,CP-AP-r001:S-P02-S09:GS07:p0005,west,9,0,0
3078,CP-AP-r001:S-P02-S09:GS07:p0006,west,7,0,6
3079,CP-AP-r001:S-P02-S09:GS07:p0007,west,7,0,1
3080,CP-AP-r001:S-P02-S09:GS07:p0008,west,9,0,5
3081,CP-AP-r001:S-P02-S09:GS07:p0009,west,8,0,0
3082,CP-AP-r001:S-P02-S09:GS07:p0010,west,7,0,6
3083,CP-AP-r001:S-P02-S09:GS07:p0011,west,8,0,2
3084,CP-AP-r001:S-P02-S09:GS07:p0012,west,8,0,6
3085,CP-AP-r001:S-P02-S09:GS07:p0013,west,8,0,0
3086,CP-AP-r001:S-P02-S09:GS08:p0002,west,8,0,6
3087,CP-AP-r001:S-P02-S09:GS08:p0003,west,10,0,0
3088,CP-AP-r001:S-P02-S09:GS08:p0004,west,8,0,5
3089,CP-AP-r001:S-P02-S09:GS08:p0005,west,10,0,0
3090,CP-AP-r001:S-P02-S09:GS08:p0006,west,8,0,6
3091,CP-AP-r001:S-P02-S09:GS08:p0007,west,11,0,1
3092,CP-AP-r001:S-P02-S09:GS08:p0008,west,10,0,5
3093,CP-AP-r001:S-P02-S09:GS08:p0009,west,10,0,0
3094,CP-AP-r001:S-P02-S09:GS08:p0010,west,7,0,6
3095,CP-AP-r001:S-P02-S09:GS08:p0011,west,7,0,2
3096,CP-AP-r001:S-P02-S09:GS08:p0012,west,10,0,6
3097,CP-AP-r001:S-P02-S09:GS08:p0013,west,10,0,0
3098,CP-AP-r001:S-P02-S09:GS09:p0001,west,5,0,5
3099,CP-AP-r001:S-P02-S09:GS09:p0002,west,8,0,6
3100,CP-AP-r001:S-P02-S09:GS09:p0003,west,10,0,0
3101,CP-AP-r001:S-P02-S09:GS09:p0004,west,8,0,6
3102,CP-AP-r001:S-P02-S09:GS09:p0005,west,8,0,5
3103,CP-AP-r001:S-P02-S09:GS09:p0006,west,8,0,6
3104,CP-AP-r001:S-P02-S09:GS09:p0007,west,10,0,1
3105,CP-AP-r001:S-P02-S09:GS09:p0008,west,6,0,6
3106,CP-AP-r001:S-P02-S09:GS09:p0009,west,8,0,5
3107,CP-AP-r001:S-P02-S09:GS09:p0010,west,10,0,0
3108,CP-AP-r001:S-P02-S09:GS09:p0011,west,8,0,6
3109,CP-AP-r001:S-P02-S09:GS09:p0012,west,10,0,2
3110,CP-AP-r001:S-P02-S09:GS09:p0013,west,4,0,6
3111,CP-AP-r001:S-P02-S09:GS09:p0014,west,8,0,6
3112,CP-AP-r001:S-P02-S09:GS09:p0015,west,9,0,0
3113,CP-AP-r001:S-P02-S09:GS10:p0001,east,0,8,1
3114,CP-AP-r001:S-P02-S09:GS10:p0002,east,0,7,6
3115,CP-AP-r001:S-P02-S09:GS10:p0003,east,0,9,3
3116,CP-AP-r001:S-P02-S09:GS10:p0004,east,0,8,6
3117,CP-AP-r001:S-P02-S09:GS10:p0005,east,0,7,0
3118,CP-AP-r001:S-P02-S09:GS10:p0006,east,0,8,6
3119,CP-AP-r001:S-P02-S09:GS10:p0007,east,0,9,2
3120,CP-AP-r001:S-P02-S09:GS10:p0008,east,0,8,6
3121,CP-AP-r001:S-P02-S09:GS10:p0009,east,0,6,0
3122,CP-AP-r001:S-P02-S09:GS10:p0010,east,0,8,6
3123,CP-AP-r001:S-P02-S09:GS10:p0011,east,0,9,6
3124,CP-AP-r001:S-P02-S09:GS10:p0012,east,0,8,2
3125,CP-AP-r001:S-P02-S09:GS10:p0013,east,0,8,6
3126,CP-AP-r001:S-P02-S09:GS11:p0001,east,0,7,1
3127,CP-AP-r001:S-P02-S09:GS11:p0002,east,0,7,6
3128,CP-AP-r001:S-P02-S09:GS11:p0003,east,0,10,3
3129,CP-AP-r001:S-P02-S09:GS11:p0004,east,0,8,6
3130,CP-AP-r001:S-P02-S09:GS11:p0005,east,0,7,0
3131,CP-AP-r001:S-P02-S09:GS11:p0006,east,0,8,6
3132,CP-AP-r001:S-P02-S09:GS11:p0007,east,0,8,2
3133,CP-AP-r001:S-P02-S09:GS11:p0008,east,0,8,6
3134,CP-AP-r001:S-P02-S09:GS11:p0009,east,0,8,0
3135,CP-AP-r001:S-P02-S09:GS11:p0010,east,0,9,6
3136,CP-AP-r001:S-P02-S09:GS11:p0011,east,0,8,2
3137,CP-AP-r001:S-P02-S09:GS11:p0012,east,0,8,6
3138,CP-AP-r001:S-P02-S09:GS12:p0001,east,0,8,1
3139,CP-AP-r001:S-P02-S09:GS12:p0002,east,0,10,6
3140,CP-AP-r001:S-P02-S09:GS12:p0003,east,0,9,3
3141,CP-AP-r001:S-P02-S09:GS12:p0004,east,0,10,6
3142,CP-AP-r001:S-P02-S09:GS12:p0005,east,0,7,0
3143,CP-AP-r001:S-P02-S09:GS12:p0006,east,0,8,6
3144,CP-AP-r001:S-P02-S09:GS12:p0007,east,0,10,2
3145,CP-AP-r001:S-P02-S09:GS12:p0008,east,0,10,6
3146,CP-AP-r001:S-P02-S09:GS12:p0009,east,0,7,0
3147,CP-AP-r001:S-P02-S09:GS12:p0010,east,0,7,6
3148,CP-AP-r001:S-P02-S09:GS12:p0011,east,0,10,2
3149,CP-AP-r001:S-P02-S09:GS12:p0012,east,0,9,6
3150,CP-AP-r001:S-P02-S10:GS01:p0002,west,7,0,6
3151,CP-AP-r001:S-P02-S10:GS01:p0003,west,7,0,0
3152,CP-AP-r001:S-P02-S10:GS01:p0004,west,8,0,5
3153,CP-AP-r001:S-P02-S10:GS01:p0005,west,6,0,0
3154,CP-AP-r001:S-P02-S10:GS01:p0006,west,6,0,6
3155,CP-AP-r001:S-P02-S10:GS01:p0007,west,7,0,1
3156,CP-AP-r001:S-P02-S10:GS01:p0008,west,10,0,6
3157,CP-AP-r001:S-P02-S10:GS01:p0009,west,8,0,0
3158,CP-AP-r001:S-P02-S10:GS01:p0010,west,4,0,6
3159,CP-AP-r001:S-P02-S10:GS01:p0011,west,7,0,2
3160,CP-AP-r001:S-P02-S10:GS01:p0012,west,7,0,6
3161,CP-AP-r001:S-P02-S10:GS01:p0013,west,8,0,0
3162,CP-AP-r001:S-P02-S10:GS02:p0001,west,7,0,6
3163,CP-AP-r001:S-P02-S10:GS02:p0002,west,7,0,0
3164,CP-AP-r001:S-P02-S10:GS02:p0003,west,7,0,6
3165,CP-AP-r001:S-P02-S10:GS02:p0004,west,9,0,5
3166,CP-AP-r001:S-P02-S10:GS02:p0005,west,7,0,6
3167,CP-AP-r001:S-P02-S10:GS02:p0006,west,7,0,1
3168,CP-AP-r001:S-P02-S10:GS02:p0007,west,8,0,6
3169,CP-AP-r001:S-P02-S10:GS02:p0008,west,7,0,6
3170,CP-AP-r001:S-P02-S10:GS02:p0009,west,7,0,2
3171,CP-AP-r001:S-P02-S10:GS02:p0010,west,8,0,6
3172,CP-AP-r001:S-P02-S10:GS02:p0011,west,7,0,0
3173,CP-AP-r001:S-P02-S10:GS03:p0001,west,6,0,6
3174,CP-AP-r001:S-P02-S10:GS03:p0002,west,8,0,0
3175,CP-AP-r001:S-P02-S10:GS03:p0003,west,7,0,6
3176,CP-AP-r001:S-P02-S10:GS03:p0004,west,8,0,5
3177,CP-AP-r001:S-P02-S10:GS03:p0005,west,7,0,6
3178,CP-AP-r001:S-P02-S10:GS03:p0006,west,7,0,1
3179,CP-AP-r001:S-P02-S10:GS03:p0007,west,8,0,6
3180,CP-AP-r001:S-P02-S10:GS03:p0008,west,8,0,6
3181,CP-AP-r001:S-P02-S10:GS03:p0009,west,7,0,6
3182,CP-AP-r001:S-P02-S10:GS03:p0010,west,7,0,2
3183,CP-AP-r001:S-P02-S10:GS03:p0011,west,6,0,6
3184,CP-AP-r001:S-P02-S10:GS03:p0012,west,10,0,6
3185,CP-AP-r001:S-P02-S10:GS04:p0001,east,0,7,6
3186,CP-AP-r001:S-P02-S10:GS04:p0002,east,0,7,3
3187,CP-AP-r001:S-P02-S10:GS04:p0003,east,0,8,6
3188,CP-AP-r001:S-P02-S10:GS04:p0004,east,0,5,6
3189,CP-AP-r001:S-P02-S10:GS04:p0005,east,0,7,6
3190,CP-AP-r001:S-P02-S10:GS04:p0006,east,0,7,2
3191,CP-AP-r001:S-P02-S10:GS04:p0007,east,0,8,6
3192,CP-AP-r001:S-P02-S10:GS04:p0008,east,0,6,6
3193,CP-AP-r001:S-P02-S10:GS04:p0009,east,0,7,6
3194,CP-AP-r001:S-P02-S10:GS04:p0010,east,0,7,2
3195,CP-AP-r001:S-P02-S10:GS04:p0011,east,0,8,6
3196,CP-AP-r001:S-P02-S10:GS05:p0001,east,0,8,1
3197,CP-AP-r001:S-P02-S10:GS05:p0002,east,0,6,6
3198,CP-AP-r001:S-P02-S10:GS05:p0003,east,0,10,3
3199,CP-AP-r001:S-P02-S10:GS05:p0004,east,0,6,6
3200,CP-AP-r001:S-P02-S10:GS05:p0005,east,0,4,0
3201,CP-AP-r001:S-P02-S10:GS05:p0006,east,0,7,6
3202,CP-AP-r001:S-P02-S10:GS05:p0007,east,0,7,2
3203,CP-AP-r001:S-P02-S10:GS05:p0008,east,0,8,6
3204,CP-AP-r001:S-P02-S10:GS05:p0009,east,0,7,6
3205,CP-AP-r001:S-P02-S10:GS05:p0010,east,0,7,2
3206,CP-AP-r001:S-P02-S10:GS05:p0011,east,0,8,6
3207,CP-AP-r001:S-P02-S10:GS06:p0001,east,0,7,1
3208,CP-AP-r001:S-P02-S10:GS06:p0002,east,0,7,6
3209,CP-AP-r001:S-P02-S10:GS06:p0003,east,0,7,0
3210,CP-AP-r001:S-P02-S10:GS06:p0004,east,0,8,3
3211,CP-AP-r001:S-P02-S10:GS06:p0005,east,0,7,0
3212,CP-AP-r001:S-P02-S10:GS06:p0006,east,0,7,6
3213,CP-AP-r001:S-P02-S10:GS06:p0007,east,0,8,2
3214,CP-AP-r001:S-P02-S10:GS06:p0008,east,0,7,6
3215,CP-AP-r001:S-P02-S10:GS06:p0009,east,0,7,0
3216,CP-AP-r001:S-P02-S10:GS06:p0010,east,0,7,6
3217,CP-AP-r001:S-P02-S10:GS06:p0011,east,0,8,2
3218,CP-AP-r001:S-P02-S10:GS06:p0012,east,0,6,6
3219,CP-AP-r001:S-P02-S10:GS07:p0002,west,8,0,6
3220,CP-AP-r001:S-P02-S10:GS07:p0003,west,8,0,0
3221,CP-AP-r001:S-P02-S10:GS07:p0004,west,10,0,5
3222,CP-AP-r001:S-P02-S10:GS07:p0005,west,8,0,0
3223,CP-AP-r001:S-P02-S10:GS07:p0006,west,8,0,6
3224,CP-AP-r001:S-P02-S10:GS07:p0007,west,8,0,1
3225,CP-AP-r001:S-P02-S10:GS07:p0008,west,9,0,6
3226,CP-AP-r001:S-P02-S10:GS07:p0009,west,8,0,0
3227,CP-AP-r001:S-P02-S10:GS07:p0010,west,10,0,6
3228,CP-AP-r001:S-P02-S10:GS07:p0011,west,8,0,2
3229,CP-AP-r001:S-P02-S10:GS07:p0012,west,9,0,6
3230,CP-AP-r001:S-P02-S10:GS07:p0013,west,8,0,0
3231,CP-AP-r001:S-P02-S10:GS08:p0002,west,8,0,6
3232,CP-AP-r001:S-P02-S10:GS08:p0003,west,10,0,0
3233,CP-AP-r001:S-P02-S10:GS08:p0004,west,8,0,5
3234,CP-AP-r001:S-P02-S10:GS08:p0005,west,9,0,0
3235,CP-AP-r001:S-P02-S10:GS08:p0006,west,8,0,6
3236,CP-AP-r001:S-P02-S10:GS08:p0007,west,11,0,1
3237,CP-AP-r001:S-P02-S10:GS08:p0008,west,10,0,6
3238,CP-AP-r001:S-P02-S10:GS08:p0009,west,9,0,0
3239,CP-AP-r001:S-P02-S10:GS08:p0010,west,8,0,6
3240,CP-AP-r001:S-P02-S10:GS08:p0011,west,8,0,2
3241,CP-AP-r001:S-P02-S10:GS08:p0012,west,10,0,6
3242,CP-AP-r001:S-P02-S10:GS08:p0013,west,9,0,0
3243,CP-AP-r001:S-P02-S10:GS09:p0001,west,7,0,5
3244,CP-AP-r001:S-P02-S10:GS09:p0002,west,8,0,6
3245,CP-AP-r001:S-P02-S10:GS09:p0003,west,9,0,0
3246,CP-AP-r001:S-P02-S10:GS09:p0004,west,8,0,6
3247,CP-AP-r001:S-P02-S10:GS09:p0005,west,8,0,5
3248,CP-AP-r001:S-P02-S10:GS09:p0006,west,8,0,6
3249,CP-AP-r001:S-P02-S10:GS09:p0007,west,9,0,1
3250,CP-AP-r001:S-P02-S10:GS09:p0008,west,8,0,6
3251,CP-AP-r001:S-P02-S10:GS09:p0009,west,8,0,6
3252,CP-AP-r001:S-P02-S10:GS09:p0010,west,8,0,0
3253,CP-AP-r001:S-P02-S10:GS09:p0011,west,8,0,6
3254,CP-AP-r001:S-P02-S10:GS09:p0012,west,10,0,2
3255,CP-AP-r001:S-P02-S10:GS09:p0013,west,8,0,6
3256,CP-AP-r001:S-P02-S10:GS09:p0014,west,8,0,6
3257,CP-AP-r001:S-P02-S10:GS09:p0015,west,8,0,0
3258,CP-AP-r001:S-P02-S10:GS10:p0001,east,0,9,1
3259,CP-AP-r001:S-P02-S10:GS10:p0002,east,0,7,6
3260,CP-AP-r001:S-P02-S10:GS10:p0003,east,0,10,3
3261,CP-AP-r001:S-P02-S10:GS10:p0004,east,0,8,6
3262,CP-AP-r001:S-P02-S10:GS10:p0005,east,0,8,0
3263,CP-AP-r001:S-P02-S10:GS10:p0006,east,0,7,6
3264,CP-AP-r001:S-P02-S10:GS10:p0007,east,0,10,2
3265,CP-AP-r001:S-P02-S10:GS10:p0008,east,0,8,6
3266,CP-AP-r001:S-P02-S10:GS10:p0009,east,0,7,0
3267,CP-AP-r001:S-P02-S10:GS10:p0010,east,0,7,6
3268,CP-AP-r001:S-P02-S10:GS10:p0011,east,0,7,6
3269,CP-AP-r001:S-P02-S10:GS10:p0012,east,0,8,2
3270,CP-AP-r001:S-P02-S10:GS10:p0013,east,0,8,6
3271,CP-AP-r001:S-P02-S10:GS11:p0001,east,0,8,1
3272,CP-AP-r001:S-P02-S10:GS11:p0002,east,0,8,6
3273,CP-AP-r001:S-P02-S10:GS11:p0003,east,0,10,3
3274,CP-AP-r001:S-P02-S10:GS11:p0004,east,0,8,6
3275,CP-AP-r001:S-P02-S10:GS11:p0005,east,0,9,0
3276,CP-AP-r001:S-P02-S10:GS11:p0006,east,0,8,6
3277,CP-AP-r001:S-P02-S10:GS11:p0007,east,0,9,2
3278,CP-AP-r001:S-P02-S10:GS11:p0008,east,0,8,6
3279,CP-AP-r001:S-P02-S10:GS11:p0009,east,0,9,0
3280,CP-AP-r001:S-P02-S10:GS11:p0010,east,0,9,6
3281,CP-AP-r001:S-P02-S10:GS11:p0011,east,0,9,2
3282,CP-AP-r001:S-P02-S10:GS11:p0012,east,0,8,6
3283,CP-AP-r001:S-P02-S10:GS12:p0001,east,0,8,1
3284,CP-AP-r001:S-P02-S10:GS12:p0002,east,0,10,6
3285,CP-AP-r001:S-P02-S10:GS12:p0003,east,0,10,3
3286,CP-AP-r001:S-P02-S10:GS12:p0004,east,0,9,6
3287,CP-AP-r001:S-P02-S10:GS12:p0005,east,0,8,0
3288,CP-AP-r001:S-P02-S10:GS12:p0006,east,0,9,6
3289,CP-AP-r001:S-P02-S10:GS12:p0007,east,0,10,2
3290,CP-AP-r001:S-P02-S10:GS12:p0008,east,0,9,6
3291,CP-AP-r001:S-P02-S10:GS12:p0009,east,0,8,0
3292,CP-AP-r001:S-P02-S10:GS12:p0010,east,0,8,6
3293,CP-AP-r001:S-P02-S10:GS12:p0011,east,0,10,2
3294,CP-AP-r001:S-P02-S10:GS12:p0012,east,0,8,6
3295,CP-AP-r001:S-P02-S11:GS01:p0001,west,6,0,6
3296,CP-AP-r001:S-P02-S11:GS01:p0002,west,6,0,2
3297,CP-AP-r001:S-P02-S11:GS01:p0003,west,6,0,6
3298,CP-AP-r001:S-P02-S11:GS01:p0004,west,8,0,0
3299,CP-AP-r001:S-P02-S11:GS01:p0005,west,6,0,3
3300,CP-AP-r001:S-P02-S11:GS01:p0006,west,6,0,6
3301,CP-AP-r001:S-P02-S11:GS01:p0007,west,8,0,0
3302,CP-AP-r001:S-P02-S11:GS01:p0008,west,6,0,3
3303,CP-AP-r001:S-P02-S11:GS01:p0009,west,7,0,0
3304,CP-AP-r001:S-P02-S11:GS01:p0010,west,6,0,6
3305,CP-AP-r001:S-P02-S11:GS01:p0011,west,8,0,1
3306,CP-AP-r001:S-P02-S11:GS02:p0001,west,6,0,6
3307,CP-AP-r001:S-P02-S11:GS02:p0002,west,6,0,2
3308,CP-AP-r001:S-P02-S11:GS02:p0003,west,8,0,6
3309,CP-AP-r001:S-P02-S11:GS02:p0004,west,7,0,0
3310,CP-AP-r001:S-P02-S11:GS02:p0005,west,6,0,6
3311,CP-AP-r001:S-P02-S11:GS02:p0006,west,5,0,3
3312,CP-AP-r001:S-P02-S11:GS02:p0007,west,8,0,6
3313,CP-AP-r001:S-P02-S11:GS02:p0008,west,7,0,0
3314,CP-AP-r001:S-P02-S11:GS02:p0009,west,5,0,6
3315,CP-AP-r001:S-P02-S11:GS02:p0010,west,6,0,3
3316,CP-AP-r001:S-P02-S11:GS02:p0011,west,7,0,6
3317,CP-AP-r001:S-P02-S11:GS02:p0012,west,9,0,1
3318,CP-AP-r001:S-P02-S11:GS03:p0001,west,6,0,6
3319,CP-AP-r001:S-P02-S11:GS03:p0002,west,6,0,2
3320,CP-AP-r001:S-P02-S11:GS03:p0003,west,4,0,6
3321,CP-AP-r001:S-P02-S11:GS03:p0004,west,9,0,6
3322,CP-AP-r001:S-P02-S11:GS03:p0005,west,6,0,6
3323,CP-AP-r001:S-P02-S11:GS03:p0006,west,6,0,3
3324,CP-AP-r001:S-P02-S11:GS03:p0007,west,6,0,6
3325,CP-AP-r001:S-P02-S11:GS03:p0008,west,8,0,6
3326,CP-AP-r001:S-P02-S11:GS03:p0009,west,6,0,6
3327,CP-AP-r001:S-P02-S11:GS03:p0010,west,6,0,3
3328,CP-AP-r001:S-P02-S11:GS03:p0011,west,8,0,6
3329,CP-AP-r001:S-P02-S11:GS04:p0001,east,0,6,6
3330,CP-AP-r001:S-P02-S11:GS04:p0002,east,0,6,6
3331,CP-AP-r001:S-P02-S11:GS04:p0003,east,0,6,2
3332,CP-AP-r001:S-P02-S11:GS04:p0004,east,0,8,6
3333,CP-AP-r001:S-P02-S11:GS04:p0005,east,0,6,5
3334,CP-AP-r001:S-P02-S11:GS04:p0006,east,0,7,6
3335,CP-AP-r001:S-P02-S11:GS04:p0007,east,0,6,1
3336,CP-AP-r001:S-P02-S11:GS04:p0008,east,0,8,6
3337,CP-AP-r001:S-P02-S11:GS04:p0009,east,0,6,5
3338,CP-AP-r001:S-P02-S11:GS04:p0010,east,0,6,6
3339,CP-AP-r001:S-P02-S11:GS04:p0011,east,0,6,0
3340,CP-AP-r001:S-P02-S11:GS04:p0012,east,0,8,6
3341,CP-AP-r001:S-P02-S11:GS05:p0001,east,0,6,0
3342,CP-AP-r001:S-P02-S11:GS05:p0002,east,0,6,6
3343,CP-AP-r001:S-P02-S11:GS05:p0003,east,0,6,2
3344,CP-AP-r001:S-P02-S11:GS05:p0004,east,0,8,6
3345,CP-AP-r001:S-P02-S11:GS05:p0005,east,0,6,5
3346,CP-AP-r001:S-P02-S11:GS05:p0006,east,0,6,6
3347,CP-AP-r001:S-P02-S11:GS05:p0007,east,0,6,1
3348,CP-AP-r001:S-P02-S11:GS05:p0008,east,0,8,6
3349,CP-AP-r001:S-P02-S11:GS05:p0009,east,0,4,5
3350,CP-AP-r001:S-P02-S11:GS05:p0010,east,0,6,6
3351,CP-AP-r001:S-P02-S11:GS05:p0011,east,0,6,0
3352,CP-AP-r001:S-P02-S11:GS05:p0012,east,0,8,6
3353,CP-AP-r001:S-P02-S11:GS06:p0001,east,0,6,0
3354,CP-AP-r001:S-P02-S11:GS06:p0002,east,0,6,6
3355,CP-AP-r001:S-P02-S11:GS06:p0003,east,0,8,2
3356,CP-AP-r001:S-P02-S11:GS06:p0004,east,0,7,6
3357,CP-AP-r001:S-P02-S11:GS06:p0005,east,0,5,0
3358,CP-AP-r001:S-P02-S11:GS06:p0006,east,0,5,5
3359,CP-AP-r001:S-P02-S11:GS06:p0007,east,0,9,1
3360,CP-AP-r001:S-P02-S11:GS06:p0008,east,0,8,6
3361,CP-AP-r001:S-P02-S11:GS06:p0009,east,0,6,0
3362,CP-AP-r001:S-P02-S11:GS06:p0010,east,0,6,5
3363,CP-AP-r001:S-P02-S11:GS06:p0011,east,0,6,0
3364,CP-AP-r001:S-P02-S11:GS06:p0012,east,0,8,6
3365,CP-AP-r001:S-P02-S11:GS07:p0001,west,7,0,6
3366,CP-AP-r001:S-P02-S11:GS07:p0002,west,8,0,2
3367,CP-AP-r001:S-P02-S11:GS07:p0003,west,8,0,6
3368,CP-AP-r001:S-P02-S11:GS07:p0004,west,8,0,0
3369,CP-AP-r001:S-P02-S11:GS07:p0005,west,8,0,6
3370,CP-AP-r001:S-P02-S11:GS07:p0006,west,8,0,3
3371,CP-AP-r001:S-P02-S11:GS07:p0007,west,8,0,6
3372,CP-AP-r001:S-P02-S11:GS07:p0008,west,8,0,0
3373,CP-AP-r001:S-P02-S11:GS07:p0009,west,8,0,6
3374,CP-AP-r001:S-P02-S11:GS07:p0010,west,8,0,3
3375,CP-AP-r001:S-P02-S11:GS07:p0011,west,9,0,6
3376,CP-AP-r001:S-P02-S11:GS07:p0012,west,8,0,1
3377,CP-AP-r001:S-P02-S11:GS08:p0001,west,7,0,6
3378,CP-AP-r001:S-P02-S11:GS08:p0002,west,7,0,2
3379,CP-AP-r001:S-P02-S11:GS08:p0003,west,10,0,6
3380,CP-AP-r001:S-P02-S11:GS08:p0004,west,10,0,0
3381,CP-AP-r001:S-P02-S11:GS08:p0005,west,7,0,6
3382,CP-AP-r001:S-P02-S11:GS08:p0006,west,7,0,3
3383,CP-AP-r001:S-P02-S11:GS08:p0007,west,10,0,6
3384,CP-AP-r001:S-P02-S11:GS08:p0008,west,9,0,0
3385,CP-AP-r001:S-P02-S11:GS08:p0009,west,7,0,6
3386,CP-AP-r001:S-P02-S11:GS08:p0010,west,7,0,3
3387,CP-AP-r001:S-P02-S11:GS08:p0011,west,8,0,6
3388,CP-AP-r001:S-P02-S11:GS08:p0012,west,8,0,1
3389,CP-AP-r001:S-P02-S11:GS09:p0001,west,8,0,6
3390,CP-AP-r001:S-P02-S11:GS09:p0002,west,10,0,2
3391,CP-AP-r001:S-P02-S11:GS09:p0003,west,4,0,6
3392,CP-AP-r001:S-P02-S11:GS09:p0004,west,8,0,6
3393,CP-AP-r001:S-P02-S11:GS09:p0005,west,10,0,0
3394,CP-AP-r001:S-P02-S11:GS09:p0006,west,8,0,6
3395,CP-AP-r001:S-P02-S11:GS09:p0007,west,11,0,3
3396,CP-AP-r001:S-P02-S11:GS09:p0008,west,8,0,6
3397,CP-AP-r001:S-P02-S11:GS09:p0009,west,10,0,0
3398,CP-AP-r001:S-P02-S11:GS09:p0010,west,7,0,6
3399,CP-AP-r001:S-P02-S11:GS09:p0011,west,10,0,3
3400,CP-AP-r001:S-P02-S11:GS09:p0012,west,10,0,6
3401,CP-AP-r001:S-P02-S11:GS09:p0013,west,10,0,1
3402,CP-AP-r001:S-P02-S11:GS10:p0001,east,0,6,0
3403,CP-AP-r001:S-P02-S11:GS10:p0002,east,0,8,6
3404,CP-AP-r001:S-P02-S11:GS10:p0003,east,0,9,6
3405,CP-AP-r001:S-P02-S11:GS10:p0004,east,0,8,2
3406,CP-AP-r001:S-P02-S11:GS10:p0005,east,0,8,6
3407,CP-AP-r001:S-P02-S11:GS10:p0006,east,0,5,0
3408,CP-AP-r001:S-P02-S11:GS10:p0007,east,0,8,5
3409,CP-AP-r001:S-P02-S11:GS10:p0008,east,0,9,6
3410,CP-AP-r001:S-P02-S11:GS10:p0009,east,0,8,1
3411,CP-AP-r001:S-P02-S11:GS10:p0010,east,0,8,6
3412,CP-AP-r001:S-P02-S11:GS10:p0011,east,0,8,5
3413,CP-AP-r001:S-P02-S11:GS10:p0012,east,0,10,6
3414,CP-AP-r001:S-P02-S11:GS10:p0013,east,0,6,0
3415,CP-AP-r001:S-P02-S11:GS10:p0014,east,0,8,6
3416,CP-AP-r001:S-P02-S11:GS10:p0015,east,0,10,5
3417,CP-AP-r001:S-P02-S11:GS11:p0001,east,0,8,0
3418,CP-AP-r001:S-P02-S11:GS11:p0002,east,0,8,6
3419,CP-AP-r001:S-P02-S11:GS11:p0003,east,0,8,2
3420,CP-AP-r001:S-P02-S11:GS11:p0004,east,0,8,6
3421,CP-AP-r001:S-P02-S11:GS11:p0005,east,0,8,0
3422,CP-AP-r001:S-P02-S11:GS11:p0006,east,0,7,5
3423,CP-AP-r001:S-P02-S11:GS11:p0007,east,0,9,1
3424,CP-AP-r001:S-P02-S11:GS11:p0008,east,0,8,6
3425,CP-AP-r001:S-P02-S11:GS11:p0009,east,0,6,0
3426,CP-AP-r001:S-P02-S11:GS11:p0010,east,0,8,5
3427,CP-AP-r001:S-P02-S11:GS11:p0011,east,0,9,0
3428,CP-AP-r001:S-P02-S11:GS11:p0012,east,0,8,6
3429,CP-AP-r001:S-P02-S11:GS12:p0001,east,0,7,0
3430,CP-AP-r001:S-P02-S11:GS12:p0002,east,0,7,6
3431,CP-AP-r001:S-P02-S11:GS12:p0003,east,0,10,2
3432,CP-AP-r001:S-P02-S11:GS12:p0004,east,0,9,6
3433,CP-AP-r001:S-P02-S11:GS12:p0005,east,0,7,0
3434,CP-AP-r001:S-P02-S11:GS12:p0006,east,0,7,5
3435,CP-AP-r001:S-P02-S11:GS12:p0007,east,0,10,1
3436,CP-AP-r001:S-P02-S11:GS12:p0008,east,0,8,6
3437,CP-AP-r001:S-P02-S11:GS12:p0009,east,0,7,0
3438,CP-AP-r001:S-P02-S11:GS12:p0010,east,0,8,5
3439,CP-AP-r001:S-P02-S11:GS12:p0011,east,0,8,0
3440,CP-AP-r001:S-P02-S11:GS12:p0012,east,0,8,6
3441,CP-AP-r001:S-P02-S12:GS01:p0001,west,4,0,6
3442,CP-AP-r001:S-P02-S12:GS01:p0002,west,7,0,2
3443,CP-AP-r001:S-P02-S12:GS01:p0003,west,7,0,6
3444,CP-AP-r001:S-P02-S12:GS01:p0004,west,8,0,0
3445,CP-AP-r001:S-P02-S12:GS01:p0005,west,7,0,3
3446,CP-AP-r001:S-P02-S12:GS01:p0006,west,7,0,6
3447,CP-AP-r001:S-P02-S12:GS01:p0007,west,8,0,0
3448,CP-AP-r001:S-P02-S12:GS01:p0008,west,7,0,4
3449,CP-AP-r001:S-P02-S12:GS01:p0009,west,7,0,0
3450,CP-AP-r001:S-P02-S12:GS01:p0010,west,7,0,6
3451,CP-AP-r001:S-P02-S12:GS01:p0011,west,8,0,1
3452,CP-AP-r001:S-P02-S12:GS02:p0001,west,7,0,6
3453,CP-AP-r001:S-P02-S12:GS02:p0002,west,7,0,2
3454,CP-AP-r001:S-P02-S12:GS02:p0003,west,8,0,6
3455,CP-AP-r001:S-P02-S12:GS02:p0004,west,7,0,0
3456,CP-AP-r001:S-P02-S12:GS02:p0005,west,8,0,6
3457,CP-AP-r001:S-P02-S12:GS02:p0006,west,6,0,3
3458,CP-AP-r001:S-P02-S12:GS02:p0007,west,8,0,6
3459,CP-AP-r001:S-P02-S12:GS02:p0008,west,6,0,0
3460,CP-AP-r001:S-P02-S12:GS02:p0009,west,6,0,6
3461,CP-AP-r001:S-P02-S12:GS02:p0010,west,8,0,4
3462,CP-AP-r001:S-P02-S12:GS02:p0011,west,7,0,6
3463,CP-AP-r001:S-P02-S12:GS02:p0012,west,8,0,1
3464,CP-AP-r001:S-P02-S12:GS03:p0001,west,7,0,6
3465,CP-AP-r001:S-P02-S12:GS03:p0002,west,7,0,2
3466,CP-AP-r001:S-P02-S12:GS03:p0003,west,6,0,6
3467,CP-AP-r001:S-P02-S12:GS03:p0004,west,9,0,6
3468,CP-AP-r001:S-P02-S12:GS03:p0005,west,7,0,6
3469,CP-AP-r001:S-P02-S12:GS03:p0006,west,7,0,3
3470,CP-AP-r001:S-P02-S12:GS03:p0007,west,7,0,6
3471,CP-AP-r001:S-P02-S12:GS03:p0008,west,8,0,6
3472,CP-AP-r001:S-P02-S12:GS03:p0009,west,7,0,6
3473,CP-AP-r001:S-P02-S12:GS03:p0010,west,7,0,4
3474,CP-AP-r001:S-P02-S12:GS03:p0011,west,8,0,6
3475,CP-AP-r001:S-P02-S12:GS04:p0001,east,0,6,6
3476,CP-AP-r001:S-P02-S12:GS04:p0002,east,0,6,6
3477,CP-AP-r001:S-P02-S12:GS04:p0003,east,0,7,2
3478,CP-AP-r001:S-P02-S12:GS04:p0004,east,0,8,6
3479,CP-AP-r001:S-P02-S12:GS04:p0005,east,0,7,5
3480,CP-AP-r001:S-P02-S12:GS04:p0006,east,0,8,6
3481,CP-AP-r001:S-P02-S12:GS04:p0007,east,0,7,1
3482,CP-AP-r001:S-P02-S12:GS04:p0008,east,0,8,6
3483,CP-AP-r001:S-P02-S12:GS04:p0009,east,0,7,5
3484,CP-AP-r001:S-P02-S12:GS04:p0010,east,0,7,6
3485,CP-AP-r001:S-P02-S12:GS04:p0011,east,0,8,0
3486,CP-AP-r001:S-P02-S12:GS04:p0012,east,0,8,6
3487,CP-AP-r001:S-P02-S12:GS05:p0001,east,0,4,0
3488,CP-AP-r001:S-P02-S12:GS05:p0002,east,0,7,6
3489,CP-AP-r001:S-P02-S12:GS05:p0003,east,0,7,2
3490,CP-AP-r001:S-P02-S12:GS05:p0004,east,0,8,6
3491,CP-AP-r001:S-P02-S12:GS05:p0005,east,0,7,5
3492,CP-AP-r001:S-P02-S12:GS05:p0006,east,0,7,6
3493,CP-AP-r001:S-P02-S12:GS05:p0007,east,0,7,1
3494,CP-AP-r001:S-P02-S12:GS05:p0008,east,0,8,6
3495,CP-AP-r001:S-P02-S12:GS05:p0009,east,0,5,5
3496,CP-AP-r001:S-P02-S12:GS05:p0010,east,0,6,6
3497,CP-AP-r001:S-P02-S12:GS05:p0011,east,0,7,0
3498,CP-AP-r001:S-P02-S12:GS05:p0012,east,0,8,6
3499,CP-AP-r001:S-P02-S12:GS06:p0001,east,0,7,0
3500,CP-AP-r001:S-P02-S12:GS06:p0002,east,0,7,6
3501,CP-AP-r001:S-P02-S12:GS06:p0003,east,0,8,2
3502,CP-AP-r001:S-P02-S12:GS06:p0004,east,0,6,6
3503,CP-AP-r001:S-P02-S12:GS06:p0005,east,0,7,0
3504,CP-AP-r001:S-P02-S12:GS06:p0006,east,0,7,5
3505,CP-AP-r001:S-P02-S12:GS06:p0007,east,0,10,1
3506,CP-AP-r001:S-P02-S12:GS06:p0008,east,0,7,6
3507,CP-AP-r001:S-P02-S12:GS06:p0009,east,0,4,0
3508,CP-AP-r001:S-P02-S12:GS06:p0010,east,0,7,5
3509,CP-AP-r001:S-P02-S12:GS06:p0011,east,0,7,0
3510,CP-AP-r001:S-P02-S12:GS06:p0012,east,0,8,6
3511,CP-AP-r001:S-P02-S12:GS07:p0001,west,9,0,6
3512,CP-AP-r001:S-P02-S12:GS07:p0002,west,8,0,2
3513,CP-AP-r001:S-P02-S12:GS07:p0003,west,9,0,6
3514,CP-AP-r001:S-P02-S12:GS07:p0004,west,8,0,0
3515,CP-AP-r001:S-P02-S12:GS07:p0005,west,9,0,6
3516,CP-AP-r001:S-P02-S12:GS07:p0006,west,8,0,3
3517,CP-AP-r001:S-P02-S12:GS07:p0007,west,9,0,6
3518,CP-AP-r001:S-P02-S12:GS07:p0008,west,8,0,0
3519,CP-AP-r001:S-P02-S12:GS07:p0009,west,9,0,6
3520,CP-AP-r001:S-P02-S12:GS07:p0010,west,7,0,4
3521,CP-AP-r001:S-P02-S12:GS07:p0011,west,10,0,6
3522,CP-AP-r001:S-P02-S12:GS07:p0012,west,8,0,1
3523,CP-AP-r001:S-P02-S12:GS08:p0001,west,8,0,6
3524,CP-AP-r001:S-P02-S12:GS08:p0002,west,8,0,2
3525,CP-AP-r001:S-P02-S12:GS08:p0003,west,10,0,6
3526,CP-AP-r001:S-P02-S12:GS08:p0004,west,9,0,0
3527,CP-AP-r001:S-P02-S12:GS08:p0005,west,8,0,6
3528,CP-AP-r001:S-P02-S12:GS08:p0006,west,8,0,3
3529,CP-AP-r001:S-P02-S12:GS08:p0007,west,10,0,6
3530,CP-AP-r001:S-P02-S12:GS08:p0008,west,8,0,0
3531,CP-AP-r001:S-P02-S12:GS08:p0009,west,8,0,6
3532,CP-AP-r001:S-P02-S12:GS08:p0010,west,8,0,4
3533,CP-AP-r001:S-P02-S12:GS08:p0011,west,8,0,6
3534,CP-AP-r001:S-P02-S12:GS08:p0012,west,8,0,1
3535,CP-AP-r001:S-P02-S12:GS09:p0001,west,8,0,6
3536,CP-AP-r001:S-P02-S12:GS09:p0002,west,10,0,2
3537,CP-AP-r001:S-P02-S12:GS09:p0003,west,8,0,6
3538,CP-AP-r001:S-P02-S12:GS09:p0004,west,8,0,6
3539,CP-AP-r001:S-P02-S12:GS09:p0005,west,9,0,0
3540,CP-AP-r001:S-P02-S12:GS09:p0006,west,8,0,6
3541,CP-AP-r001:S-P02-S12:GS09:p0007,west,10,0,3
3542,CP-AP-r001:S-P02-S12:GS09:p0008,west,8,0,6
3543,CP-AP-r001:S-P02-S12:GS09:p0009,west,9,0,0
3544,CP-AP-r001:S-P02-S12:GS09:p0010,west,8,0,6
3545,CP-AP-r001:S-P02-S12:GS09:p0011,west,10,0,4
3546,CP-AP-r001:S-P02-S12:GS09:p0012,west,10,0,6
3547,CP-AP-r001:S-P02-S12:GS09:p0013,west,10,0,1
3548,CP-AP-r001:S-P02-S12:GS10:p0001,east,0,7,0
3549,CP-AP-r001:S-P02-S12:GS10:p0002,east,0,7,6
3550,CP-AP-r001:S-P02-S12:GS10:p0003,east,0,7,6
3551,CP-AP-r001:S-P02-S12:GS10:p0004,east,0,8,2
3552,CP-AP-r001:S-P02-S12:GS10:p0005,east,0,8,6
3553,CP-AP-r001:S-P02-S12:GS10:p0006,east,0,7,0
3554,CP-AP-r001:S-P02-S12:GS10:p0007,east,0,8,5
3555,CP-AP-r001:S-P02-S12:GS10:p0008,east,0,8,6
3556,CP-AP-r001:S-P02-S12:GS10:p0009,east,0,8,1
3557,CP-AP-r001:S-P02-S12:GS10:p0010,east,0,8,6
3558,CP-AP-r001:S-P02-S12:GS10:p0011,east,0,8,5
3559,CP-AP-r001:S-P02-S12:GS10:p0012,east,0,9,6
3560,CP-AP-r001:S-P02-S12:GS10:p0013,east,0,9,0
3561,CP-AP-r001:S-P02-S12:GS10:p0014,east,0,8,6
3562,CP-AP-r001:S-P02-S12:GS10:p0015,east,0,8,5
3563,CP-AP-r001:S-P02-S12:GS11:p0001,east,0,9,0
3564,CP-AP-r001:S-P02-S12:GS11:p0002,east,0,9,6
3565,CP-AP-r001:S-P02-S12:GS11:p0003,east,0,9,2
3566,CP-AP-r001:S-P02-S12:GS11:p0004,east,0,8,6
3567,CP-AP-r001:S-P02-S12:GS11:p0005,east,0,9,0
3568,CP-AP-r001:S-P02-S12:GS11:p0006,east,0,7,5
3569,CP-AP-r001:S-P02-S12:GS11:p0007,east,0,10,1
3570,CP-AP-r001:S-P02-S12:GS11:p0008,east,0,8,6
3571,CP-AP-r001:S-P02-S12:GS11:p0009,east,0,7,0
3572,CP-AP-r001:S-P02-S12:GS11:p0010,east,0,7,5
3573,CP-AP-r001:S-P02-S12:GS11:p0011,east,0,9,6
3574,CP-AP-r001:S-P02-S12:GS11:p0012,east,0,10,0
3575,CP-AP-r001:S-P02-S12:GS11:p0013,east,0,8,6
3576,CP-AP-r001:S-P02-S12:GS12:p0001,east,0,8,0
3577,CP-AP-r001:S-P02-S12:GS12:p0002,east,0,8,6
3578,CP-AP-r001:S-P02-S12:GS12:p0003,east,0,10,2
3579,CP-AP-r001:S-P02-S12:GS12:p0004,east,0,8,6
3580,CP-AP-r001:S-P02-S12:GS12:p0005,east,0,8,0
3581,CP-AP-r001:S-P02-S12:GS12:p0006,east,0,8,5
3582,CP-AP-r001:S-P02-S12:GS12:p0007,east,0,10,1
3583,CP-AP-r001:S-P02-S12:GS12:p0008,east,0,8,6
3584,CP-AP-r001:S-P02-S12:GS12:p0009,east,0,10,0
3585,CP-AP-r001:S-P02-S12:GS12:p0010,east,0,8,5
3586,CP-AP-r001:S-P02-S12:GS12:p0011,east,0,9,0
3587,CP-AP-r001:S-P02-S12:GS12:p0012,east,0,8,6
3588,CP-AP-r001:S-P03-S01:GS01:p0002,west,7,0,0
3589,CP-AP-r001:S-P03-S01:GS01:p0003,west,5,0,3
3590,CP-AP-r001:S-P03-S01:GS01:p0004,west,7,0,0
3591,CP-AP-r001:S-P03-S01:GS01:p0005,west,6,0,6
3592,CP-AP-r001:S-P03-S01:GS01:p0006,west,7,0,1
3593,CP-AP-r001:S-P03-S01:GS01:p0007,west,4,0,4
3594,CP-AP-r001:S-P03-S01:GS01:p0008,west,6,0,0
3595,CP-AP-r001:S-P03-S01:GS01:p0009,west,6,0,6
3596,CP-AP-r001:S-P03-S01:GS01:p0010,west,7,0,1
3597,CP-AP-r001:S-P03-S01:GS01:p0011,west,6,0,5
3598,CP-AP-r001:S-P03-S01:GS01:p0012,west,7,0,0
3599,CP-AP-r001:S-P03-S01:GS01:p0013,west,6,0,6
3600,CP-AP-r001:S-P03-S01:GS02:p0001,west,3,0,6
3601,CP-AP-r001:S-P03-S01:GS02:p0002,west,6,0,0
3602,CP-AP-r001:S-P03-S01:GS02:p0003,west,5,0,6
3603,CP-AP-r001:S-P03-S01:GS02:p0004,west,6,0,3
3604,CP-AP-r001:S-P03-S01:GS02:p0005,west,6,0,6
3605,CP-AP-r001:S-P03-S01:GS02:p0006,west,8,0,1
3606,CP-AP-r001:S-P03-S01:GS02:p0007,west,6,0,6
3607,CP-AP-r001:S-P03-S01:GS02:p0008,west,6,0,4
3608,CP-AP-r001:S-P03-S01:GS02:p0009,west,6,0,6
3609,CP-AP-r001:S-P03-S01:GS02:p0010,west,7,0,1
3610,CP-AP-r001:S-P03-S01:GS02:p0011,west,6,0,5
3611,CP-AP-r001:S-P03-S01:GS02:p0012,west,6,0,6
3612,CP-AP-r001:S-P03-S01:GS03:p0001,west,3,0,6
3613,CP-AP-r001:S-P03-S01:GS03:p0002,west,6,0,6
3614,CP-AP-r001:S-P03-S01:GS03:p0003,west,6,0,3
3615,CP-AP-r001:S-P03-S01:GS03:p0004,west,7,0,6
3616,CP-AP-r001:S-P03-S01:GS03:p0005,west,6,0,6
3617,CP-AP-r001:S-P03-S01:GS03:p0006,west,6,0,4
3618,CP-AP-r001:S-P03-S01:GS03:p0007,west,7,0,6
3619,CP-AP-r001:S-P03-S01:GS03:p0008,west,4,0,1
3620,CP-AP-r001:S-P03-S01:GS03:p0009,west,5,0,6
3621,CP-AP-r001:S-P03-S01:GS03:p0010,west,4,0,5
3622,CP-AP-r001:S-P03-S01:GS03:p0011,west,8,0,6
3623,CP-AP-r001:S-P03-S01:GS04:p0001,east,0,3,5
3624,CP-AP-r001:S-P03-S01:GS04:p0002,east,0,6,5
3625,CP-AP-r001:S-P03-S01:GS04:p0003,east,0,6,6
3626,CP-AP-r001:S-P03-S01:GS04:p0004,east,0,6,0
3627,CP-AP-r001:S-P03-S01:GS04:p0005,east,0,6,6
3628,CP-AP-r001:S-P03-S01:GS04:p0006,east,0,6,5
3629,CP-AP-r001:S-P03-S01:GS04:p0007,east,0,6,6
3630,CP-AP-r001:S-P03-S01:GS04:p0008,east,0,4,0
3631,CP-AP-r001:S-P03-S01:GS04:p0009,east,0,7,6
3632,CP-AP-r001:S-P03-S01:GS04:p0010,east,0,6,4
3633,CP-AP-r001:S-P03-S01:GS04:p0011,east,0,6,6
3634,CP-AP-r001:S-P03-S01:GS04:p0012,east,0,6,0
3635,CP-AP-r001:S-P03-S01:GS04:p0013,east,0,7,6
3636,CP-AP-r001:S-P03-S01:GS05:p0001,east,0,3,5
3637,CP-AP-r001:S-P03-S01:GS05:p0002,east,0,4,5
3638,CP-AP-r001:S-P03-S01:GS05:p0003,east,0,6,6
3639,CP-AP-r001:S-P03-S01:GS05:p0004,east,0,6,0
3640,CP-AP-r001:S-P03-S01:GS05:p0005,east,0,7,6
3641,CP-AP-r001:S-P03-S01:GS05:p0006,east,0,6,5
3642,CP-AP-r001:S-P03-S01:GS05:p0007,east,0,8,6
3643,CP-AP-r001:S-P03-S01:GS05:p0008,east,0,6,0
3644,CP-AP-r001:S-P03-S01:GS05:p0009,east,0,7,6
3645,CP-AP-r001:S-P03-S01:GS05:p0010,east,0,6,4
3646,CP-AP-r001:S-P03-S01:GS05:p0011,east,0,7,6
3647,CP-AP-r001:S-P03-S01:GS05:p0012,east,0,6,0
3648,CP-AP-r001:S-P03-S01:GS05:p0013,east,0,6,6
3649,CP-AP-r001:S-P03-S01:GS06:p0001,east,0,4,5
3650,CP-AP-r001:S-P03-S01:GS06:p0002,east,0,6,0
3651,CP-AP-r001:S-P03-S01:GS06:p0003,east,0,6,5
3652,CP-AP-r001:S-P03-S01:GS06:p0004,east,0,6,0
3653,CP-AP-r001:S-P03-S01:GS06:p0005,east,0,7,6
3654,CP-AP-r001:S-P03-S01:GS06:p0006,east,0,6,5
3655,CP-AP-r001:S-P03-S01:GS06:p0007,east,0,6,0
3656,CP-AP-r001:S-P03-S01:GS06:p0008,east,0,7,6
3657,CP-AP-r001:S-P03-S01:GS06:p0009,east,0,5,4
3658,CP-AP-r001:S-P03-S01:GS06:p0010,east,0,7,6
3659,CP-AP-r001:S-P03-S01:GS06:p0011,east,0,6,0
3660,CP-AP-r001:S-P03-S01:GS06:p0012,east,0,7,6
3661,CP-AP-r001:S-P03-S01:GS07:p0001,west,4,0,6
3662,CP-AP-r001:S-P03-S01:GS07:p0002,west,8,0,0
3663,CP-AP-r001:S-P03-S01:GS07:p0003,west,8,0,6
3664,CP-AP-r001:S-P03-S01:GS07:p0004,west,7,0,3
3665,CP-AP-r001:S-P03-S01:GS07:p0005,west,8,0,6
3666,CP-AP-r001:S-P03-S01:GS07:p0006,west,8,0,1
3667,CP-AP-r001:S-P03-S01:GS07:p0007,west,7,0,6
3668,CP-AP-r001:S-P03-S01:GS07:p0008,west,8,0,4
3669,CP-AP-r001:S-P03-S01:GS07:p0009,west,9,0,0
3670,CP-AP-r001:S-P03-S01:GS07:p0010,west,9,0,6
3671,CP-AP-r001:S-P03-S01:GS07:p0011,west,8,0,1
3672,CP-AP-r001:S-P03-S01:GS07:p0012,west,5,0,6
3673,CP-AP-r001:S-P03-S01:GS07:p0013,west,8,0,5
3674,CP-AP-r001:S-P03-S01:GS07:p0014,west,9,0,0
3675,CP-AP-r001:S-P03-S01:GS07:p0015,west,8,0,6
3676,CP-AP-r001:S-P03-S01:GS08:p0001,west,4,0,6
3677,CP-AP-r001:S-P03-S01:GS08:p0002,west,8,0,0
3678,CP-AP-r001:S-P03-S01:GS08:p0003,west,7,0,6
3679,CP-AP-r001:S-P03-S01:GS08:p0004,west,7,0,3
3680,CP-AP-r001:S-P03-S01:GS08:p0005,west,8,0,6
3681,CP-AP-r001:S-P03-S01:GS08:p0006,west,8,0,1
3682,CP-AP-r001:S-P03-S01:GS08:p0007,west,8,0,6
3683,CP-AP-r001:S-P03-S01:GS08:p0008,west,8,0,4
3684,CP-AP-r001:S-P03-S01:GS08:p0009,west,8,0,6
3685,CP-AP-r001:S-P03-S01:GS08:p0010,west,8,0,1
3686,CP-AP-r001:S-P03-S01:GS08:p0011,west,8,0,6
3687,CP-AP-r001:S-P03-S01:GS08:p0012,west,7,0,5
3688,CP-AP-r001:S-P03-S01:GS08:p0013,west,9,0,6
3689,CP-AP-r001:S-P03-S01:GS09:p0001,west,4,0,6
3690,CP-AP-r001:S-P03-S01:GS09:p0002,west,9,0,0
3691,CP-AP-r001:S-P03-S01:GS09:p0003,west,7,0,6
3692,CP-AP-r001:S-P03-S01:GS09:p0004,west,9,0,3
3693,CP-AP-r001:S-P03-S01:GS09:p0005,west,9,0,6
3694,CP-AP-r001:S-P03-S01:GS09:p0006,west,9,0,1
3695,CP-AP-r001:S-P03-S01:GS09:p0007,west,7,0,6
3696,CP-AP-r001:S-P03-S01:GS09:p0008,west,7,0,4
3697,CP-AP-r001:S-P03-S01:GS09:p0009,west,8,0,6
3698,CP-AP-r001:S-P03-S01:GS09:p0010,west,10,0,1
3699,CP-AP-r001:S-P03-S01:GS09:p0011,west,7,0,6
3700,CP-AP-r001:S-P03-S01:GS09:p0012,west,7,0,5
3701,CP-AP-r001:S-P03-S01:GS09:p0013,west,8,0,6
3702,CP-AP-r001:S-P03-S01:GS10:p0001,east,0,4,5
3703,CP-AP-r001:S-P03-S01:GS10:p0002,east,0,8,5
3704,CP-AP-r001:S-P03-S01:GS10:p0003,east,0,10,6
3705,CP-AP-r001:S-P03-S01:GS10:p0004,east,0,6,0
3706,CP-AP-r001:S-P03-S01:GS10:p0005,east,0,8,6
3707,CP-AP-r001:S-P03-S01:GS10:p0006,east,0,7,5
3708,CP-AP-r001:S-P03-S01:GS10:p0007,east,0,8,5
3709,CP-AP-r001:S-P03-S01:GS10:p0008,east,0,10,6
3710,CP-AP-r001:S-P03-S01:GS10:p0009,east,0,7,6
3711,CP-AP-r001:S-P03-S01:GS10:p0010,east,0,7,6
3712,CP-AP-r001:S-P03-S01:GS10:p0011,east,0,7,4
3713,CP-AP-r001:S-P03-S01:GS10:p0012,east,0,10,6
3714,CP-AP-r001:S-P03-S01:GS10:p0013,east,0,8,6
3715,CP-AP-r001:S-P03-S01:GS11:p0001,east,0,4,5
3716,CP-AP-r001:S-P03-S01:GS11:p0002,east,0,5,0
3717,CP-AP-r001:S-P03-S01:GS11:p0003,east,0,8,5
3718,CP-AP-r001:S-P03-S01:GS11:p0004,east,0,8,0
3719,CP-AP-r001:S-P03-S01:GS11:p0005,east,0,8,6
3720,CP-AP-r001:S-P03-S01:GS11:p0006,east,0,5,0
3721,CP-AP-r001:S-P03-S01:GS11:p0007,east,0,8,5
3722,CP-AP-r001:S-P03-S01:GS11:p0008,east,0,10,6
3723,CP-AP-r001:S-P03-S01:GS11:p0009,east,0,8,0
3724,CP-AP-r001:S-P03-S01:GS11:p0010,east,0,8,6
3725,CP-AP-r001:S-P03-S01:GS11:p0011,east,0,8,4
3726,CP-AP-r001:S-P03-S01:GS11:p0012,east,0,10,6
3727,CP-AP-r001:S-P03-S01:GS11:p0013,east,0,7,0
3728,CP-AP-r001:S-P03-S01:GS11:p0014,east,0,8,6
3729,CP-AP-r001:S-P03-S01:GS12:p0001,east,0,4,5
3730,CP-AP-r001:S-P03-S01:GS12:p0002,east,0,7,0
3731,CP-AP-r001:S-P03-S01:GS12:p0003,east,0,8,5
3732,CP-AP-r001:S-P03-S01:GS12:p0004,east,0,8,0
3733,CP-AP-r001:S-P03-S01:GS12:p0005,east,0,8,6
3734,CP-AP-r001:S-P03-S01:GS12:p0006,east,0,9,0
3735,CP-AP-r001:S-P03-S01:GS12:p0007,east,0,7,5
3736,CP-AP-r001:S-P03-S01:GS12:p0008,east,0,8,0
3737,CP-AP-r001:S-P03-S01:GS12:p0009,east,0,8,6
3738,CP-AP-r001:S-P03-S01:GS12:p0010,east,0,8,0
3739,CP-AP-r001:S-P03-S01:GS12:p0011,east,0,7,4
3740,CP-AP-r001:S-P03-S01:GS12:p0012,east,0,8,0
3741,CP-AP-r001:S-P03-S01:GS12:p0013,east,0,8,6
3742,CP-AP-r001:S-P03-S02:GS01:p0002,west,6,0,0
3743,CP-AP-r001:S-P03-S02:GS01:p0003,west,6,0,4
3744,CP-AP-r001:S-P03-S02:GS01:p0004,west,7,0,0
3745,CP-AP-r001:S-P03-S02:GS01:p0005,west,7,0,6
3746,CP-AP-r001:S-P03-S02:GS01:p0006,west,6,0,1
3747,CP-AP-r001:S-P03-S02:GS01:p0007,west,5,0,4
3748,CP-AP-r001:S-P03-S02:GS01:p0008,west,6,0,0
3749,CP-AP-r001:S-P03-S02:GS01:p0009,west,7,0,6
3750,CP-AP-r001:S-P03-S02:GS01:p0010,west,6,0,1
3751,CP-AP-r001:S-P03-S02:GS01:p0011,west,6,0,5
3752,CP-AP-r001:S-P03-S02:GS01:p0012,west,8,0,0
3753,CP-AP-r001:S-P03-S02:GS01:p0013,west,7,0,6
3754,CP-AP-r001:S-P03-S02:GS02:p0002,west,5,0,0
3755,CP-AP-r001:S-P03-S02:GS02:p0003,west,5,0,6
3756,CP-AP-r001:S-P03-S02:GS02:p0004,west,8,0,4
3757,CP-AP-r001:S-P03-S02:GS02:p0005,west,7,0,6
3758,CP-AP-r001:S-P03-S02:GS02:p0006,west,6,0,1
3759,CP-AP-r001:S-P03-S02:GS02:p0007,west,4,0,6
3760,CP-AP-r001:S-P03-S02:GS02:p0008,west,7,0,4
3761,CP-AP-r001:S-P03-S02:GS02:p0009,west,7,0,6
3762,CP-AP-r001:S-P03-S02:GS02:p0010,west,6,0,1
3763,CP-AP-r001:S-P03-S02:GS02:p0011,west,7,0,5
3764,CP-AP-r001:S-P03-S02:GS02:p0012,west,7,0,0
3765,CP-AP-r001:S-P03-S02:GS02:p0013,west,7,0,6
3766,CP-AP-r001:S-P03-S02:GS03:p0002,west,7,0,6
3767,CP-AP-r001:S-P03-S02:GS03:p0003,west,7,0,4
3768,CP-AP-r001:S-P03-S02:GS03:p0004,west,7,0,6
3769,CP-AP-r001:S-P03-S02:GS03:p0005,west,7,0,6
3770,CP-AP-r001:S-P03-S02:GS03:p0006,west,7,0,4
3771,CP-AP-r001:S-P03-S02:GS03:p0007,west,7,0,6
3772,CP-AP-r001:S-P03-S02:GS03:p0008,west,6,0,1
3773,CP-AP-r001:S-P03-S02:GS03:p0009,west,7,0,6
3774,CP-AP-r001:S-P03-S02:GS03:p0010,west,6,0,5
3775,CP-AP-r001:S-P03-S02:GS03:p0011,west,8,0,6
3776,CP-AP-r001:S-P03-S02:GS04:p0001,east,0,2,1
3777,CP-AP-r001:S-P03-S02:GS04:p0002,east,0,7,5
3778,CP-AP-r001:S-P03-S02:GS04:p0003,east,0,7,6
3779,CP-AP-r001:S-P03-S02:GS04:p0004,east,0,8,0
3780,CP-AP-r001:S-P03-S02:GS04:p0005,east,0,6,6
3781,CP-AP-r001:S-P03-S02:GS04:p0006,east,0,7,5
3782,CP-AP-r001:S-P03-S02:GS04:p0007,east,0,7,6
3783,CP-AP-r001:S-P03-S02:GS04:p0008,east,0,6,0
3784,CP-AP-r001:S-P03-S02:GS04:p0009,east,0,6,6
3785,CP-AP-r001:S-P03-S02:GS04:p0010,east,0,7,4
3786,CP-AP-r001:S-P03-S02:GS04:p0011,east,0,7,6
3787,CP-AP-r001:S-P03-S02:GS04:p0012,east,0,6,6
3788,CP-AP-r001:S-P03-S02:GS05:p0001,east,0,2,1
3789,CP-AP-r001:S-P03-S02:GS05:p0002,east,0,5,5
3790,CP-AP-r001:S-P03-S02:GS05:p0003,east,0,6,6
3791,CP-AP-r001:S-P03-S02:GS05:p0004,east,0,7,0
3792,CP-AP-r001:S-P03-S02:GS05:p0005,east,0,6,6
3793,CP-AP-r001:S-P03-S02:GS05:p0006,east,0,6,5
3794,CP-AP-r001:S-P03-S02:GS05:p0007,east,0,8,6
3795,CP-AP-r001:S-P03-S02:GS05:p0008,east,0,7,0
3796,CP-AP-r001:S-P03-S02:GS05:p0009,east,0,6,6
3797,CP-AP-r001:S-P03-S02:GS05:p0010,east,0,7,4
3798,CP-AP-r001:S-P03-S02:GS05:p0011,east,0,7,6
3799,CP-AP-r001:S-P03-S02:GS05:p0012,east,0,7,0
3800,CP-AP-r001:S-P03-S02:GS05:p0013,east,0,6,6
3801,CP-AP-r001:S-P03-S02:GS06:p0001,east,0,2,1
3802,CP-AP-r001:S-P03-S02:GS06:p0002,east,0,4,0
3803,CP-AP-r001:S-P03-S02:GS06:p0003,east,0,7,5
3804,CP-AP-r001:S-P03-S02:GS06:p0004,east,0,7,0
3805,CP-AP-r001:S-P03-S02:GS06:p0005,east,0,6,6
3806,CP-AP-r001:S-P03-S02:GS06:p0006,east,0,7,5
3807,CP-AP-r001:S-P03-S02:GS06:p0007,east,0,7,0
3808,CP-AP-r001:S-P03-S02:GS06:p0008,east,0,6,6
3809,CP-AP-r001:S-P03-S02:GS06:p0009,east,0,6,4
3810,CP-AP-r001:S-P03-S02:GS06:p0010,east,0,7,6
3811,CP-AP-r001:S-P03-S02:GS06:p0011,east,0,7,0
3812,CP-AP-r001:S-P03-S02:GS06:p0012,east,0,6,6
3813,CP-AP-r001:S-P03-S02:GS07:p0002,west,7,0,0
3814,CP-AP-r001:S-P03-S02:GS07:p0003,west,8,0,6
3815,CP-AP-r001:S-P03-S02:GS07:p0004,west,7,0,4
3816,CP-AP-r001:S-P03-S02:GS07:p0005,west,9,0,6
3817,CP-AP-r001:S-P03-S02:GS07:p0006,west,8,0,1
3818,CP-AP-r001:S-P03-S02:GS07:p0007,west,8,0,6
3819,CP-AP-r001:S-P03-S02:GS07:p0008,west,7,0,4
3820,CP-AP-r001:S-P03-S02:GS07:p0009,west,7,0,0
3821,CP-AP-r001:S-P03-S02:GS07:p0010,west,8,0,6
3822,CP-AP-r001:S-P03-S02:GS07:p0011,west,8,0,1
3823,CP-AP-r001:S-P03-S02:GS07:p0012,west,6,0,6
3824,CP-AP-r001:S-P03-S02:GS07:p0013,west,8,0,5
3825,CP-AP-r001:S-P03-S02:GS07:p0014,west,8,0,0
3826,CP-AP-r001:S-P03-S02:GS07:p0015,west,8,0,6
3827,CP-AP-r001:S-P03-S02:GS08:p0002,west,7,0,0
3828,CP-AP-r001:S-P03-S02:GS08:p0003,west,9,0,6
3829,CP-AP-r001:S-P03-S02:GS08:p0004,west,8,0,4
3830,CP-AP-r001:S-P03-S02:GS08:p0005,west,7,0,6
3831,CP-AP-r001:S-P03-S02:GS08:p0006,west,7,0,1
3832,CP-AP-r001:S-P03-S02:GS08:p0007,west,10,0,6
3833,CP-AP-r001:S-P03-S02:GS08:p0008,west,8,0,4
3834,CP-AP-r001:S-P03-S02:GS08:p0009,west,8,0,6
3835,CP-AP-r001:S-P03-S02:GS08:p0010,west,7,0,1
3836,CP-AP-r001:S-P03-S02:GS08:p0011,west,9,0,6
3837,CP-AP-r001:S-P03-S02:GS08:p0012,west,7,0,5
3838,CP-AP-r001:S-P03-S02:GS08:p0013,west,8,0,6
3839,CP-AP-r001:S-P03-S02:GS09:p0001,west,4,0,6
3840,CP-AP-r001:S-P03-S02:GS09:p0002,west,8,0,0
3841,CP-AP-r001:S-P03-S02:GS09:p0003,west,8,0,6
3842,CP-AP-r001:S-P03-S02:GS09:p0004,west,10,0,4
3843,CP-AP-r001:S-P03-S02:GS09:p0005,west,9,0,6
3844,CP-AP-r001:S-P03-S02:GS09:p0006,west,8,0,1
3845,CP-AP-r001:S-P03-S02:GS09:p0007,west,8,0,6
3846,CP-AP-r001:S-P03-S02:GS09:p0008,west,9,0,4
3847,CP-AP-r001:S-P03-S02:GS09:p0009,west,8,0,6
3848,CP-AP-r001:S-P03-S02:GS09:p0010,west,7,0,1
3849,CP-AP-r001:S-P03-S02:GS09:p0011,west,8,0,6
3850,CP-AP-r001:S-P03-S02:GS09:p0012,west,8,0,5
3851,CP-AP-r001:S-P03-S02:GS09:p0013,west,7,0,6
3852,CP-AP-r001:S-P03-S02:GS10:p0001,east,0,4,1
3853,CP-AP-r001:S-P03-S02:GS10:p0002,east,0,8,5
3854,CP-AP-r001:S-P03-S02:GS10:p0003,east,0,9,6
3855,CP-AP-r001:S-P03-S02:GS10:p0004,east,0,8,0
3856,CP-AP-r001:S-P03-S02:GS10:p0005,east,0,8,6
3857,CP-AP-r001:S-P03-S02:GS10:p0006,east,0,5,5
3858,CP-AP-r001:S-P03-S02:GS10:p0007,east,0,8,5
3859,CP-AP-r001:S-P03-S02:GS10:p0008,east,0,10,6
3860,CP-AP-r001:S-P03-S02:GS10:p0009,east,0,8,6
3861,CP-AP-r001:S-P03-S02:GS10:p0010,east,0,6,6
3862,CP-AP-r001:S-P03-S02:GS10:p0011,east,0,8,4
3863,CP-AP-r001:S-P03-S02:GS10:p0012,east,0,10,6
3864,CP-AP-r001:S-P03-S02:GS10:p0013,east,0,9,6
3865,CP-AP-r001:S-P03-S02:GS11:p0001,east,0,4,1
3866,CP-AP-r001:S-P03-S02:GS11:p0002,east,0,6,0
3867,CP-AP-r001:S-P03-S02:GS11:p0003,east,0,7,5
3868,CP-AP-r001:S-P03-S02:GS11:p0004,east,0,8,6
3869,CP-AP-r001:S-P03-S02:GS11:p0005,east,0,8,0
3870,CP-AP-r001:S-P03-S02:GS11:p0006,east,0,8,6
3871,CP-AP-r001:S-P03-S02:GS11:p0007,east,0,7,0
3872,CP-AP-r001:S-P03-S02:GS11:p0008,east,0,8,5
3873,CP-AP-r001:S-P03-S02:GS11:p0009,east,0,8,6
3874,CP-AP-r001:S-P03-S02:GS11:p0010,east,0,8,0
3875,CP-AP-r001:S-P03-S02:GS11:p0011,east,0,8,6
3876,CP-AP-r001:S-P03-S02:GS11:p0012,east,0,8,4
3877,CP-AP-r001:S-P03-S02:GS11:p0013,east,0,9,6
3878,CP-AP-r001:S-P03-S02:GS11:p0014,east,0,7,0
3879,CP-AP-r001:S-P03-S02:GS11:p0015,east,0,8,6
3880,CP-AP-r001:S-P03-S02:GS12:p0001,east,0,3,1
3881,CP-AP-r001:S-P03-S02:GS12:p0002,east,0,10,0
3882,CP-AP-r001:S-P03-S02:GS12:p0003,east,0,8,5
3883,CP-AP-r001:S-P03-S02:GS12:p0004,east,0,8,0
3884,CP-AP-r001:S-P03-S02:GS12:p0005,east,0,7,6
3885,CP-AP-r001:S-P03-S02:GS12:p0006,east,0,9,0
3886,CP-AP-r001:S-P03-S02:GS12:p0007,east,0,7,5
3887,CP-AP-r001:S-P03-S02:GS12:p0008,east,0,9,0
3888,CP-AP-r001:S-P03-S02:GS12:p0009,east,0,7,6
3889,CP-AP-r001:S-P03-S02:GS12:p0010,east,0,8,0
3890,CP-AP-r001:S-P03-S02:GS12:p0011,east,0,7,4
3891,CP-AP-r001:S-P03-S02:GS12:p0012,east,0,9,0
3892,CP-AP-r001:S-P03-S02:GS12:p0013,east,0,8,6
3893,CP-AP-r001:S-P03-S03:GS01:p0002,west,7,0,1
3894,CP-AP-r001:S-P03-S03:GS01:p0003,west,6,0,5
3895,CP-AP-r001:S-P03-S03:GS01:p0004,west,8,0,0
3896,CP-AP-r001:S-P03-S03:GS01:p0005,west,6,0,6
3897,CP-AP-r001:S-P03-S03:GS01:p0006,west,7,0,2
3898,CP-AP-r001:S-P03-S03:GS01:p0007,west,6,0,6
3899,CP-AP-r001:S-P03-S03:GS01:p0008,west,6,0,0
3900,CP-AP-r001:S-P03-S03:GS01:p0009,west,6,0,6
3901,CP-AP-r001:S-P03-S03:GS01:p0010,west,6,0,2
3902,CP-AP-r001:S-P03-S03:GS01:p0011,west,6,0,6
3903,CP-AP-r001:S-P03-S03:GS01:p0012,west,6,0,0
3904,CP-AP-r001:S-P03-S03:GS01:p0013,west,4,0,6
3905,CP-AP-r001:S-P03-S03:GS02:p0002,west,7,0,1
3906,CP-AP-r001:S-P03-S03:GS02:p0003,west,7,0,5
3907,CP-AP-r001:S-P03-S03:GS02:p0004,west,6,0,6
3908,CP-AP-r001:S-P03-S03:GS02:p0005,west,7,0,2
3909,CP-AP-r001:S-P03-S03:GS02:p0006,west,4,0,6
3910,CP-AP-r001:S-P03-S03:GS02:p0007,west,7,0,0
3911,CP-AP-r001:S-P03-S03:GS02:p0008,west,6,0,6
3912,CP-AP-r001:S-P03-S03:GS02:p0009,west,7,0,2
3913,CP-AP-r001:S-P03-S03:GS02:p0010,west,6,0,6
3914,CP-AP-r001:S-P03-S03:GS02:p0011,west,7,0,0
3915,CP-AP-r001:S-P03-S03:GS02:p0012,west,6,0,6
3916,CP-AP-r001:S-P03-S03:GS03:p0002,west,4,0,1
3917,CP-AP-r001:S-P03-S03:GS03:p0003,west,6,0,6
3918,CP-AP-r001:S-P03-S03:GS03:p0004,west,4,0,5
3919,CP-AP-r001:S-P03-S03:GS03:p0005,west,8,0,6
3920,CP-AP-r001:S-P03-S03:GS03:p0006,west,6,0,2
3921,CP-AP-r001:S-P03-S03:GS03:p0007,west,5,0,6
3922,CP-AP-r001:S-P03-S03:GS03:p0008,west,6,0,6
3923,CP-AP-r001:S-P03-S03:GS03:p0009,west,6,0,6
3924,CP-AP-r001:S-P03-S03:GS03:p0010,west,7,0,2
3925,CP-AP-r001:S-P03-S03:GS03:p0011,west,6,0,6
3926,CP-AP-r001:S-P03-S03:GS03:p0012,west,6,0,6
3927,CP-AP-r001:S-P03-S03:GS03:p0013,west,6,0,6
3928,CP-AP-r001:S-P03-S03:GS04:p0002,east,0,6,4
3929,CP-AP-r001:S-P03-S03:GS04:p0003,east,0,6,6
3930,CP-AP-r001:S-P03-S03:GS04:p0004,east,0,6,0
3931,CP-AP-r001:S-P03-S03:GS04:p0005,east,0,7,6
3932,CP-AP-r001:S-P03-S03:GS04:p0006,east,0,6,3
3933,CP-AP-r001:S-P03-S03:GS04:p0007,east,0,6,6
3934,CP-AP-r001:S-P03-S03:GS04:p0008,east,0,7,6
3935,CP-AP-r001:S-P03-S03:GS04:p0009,east,0,6,3
3936,CP-AP-r001:S-P03-S03:GS04:p0010,east,0,6,6
3937,CP-AP-r001:S-P03-S03:GS04:p0011,east,0,7,6
3938,CP-AP-r001:S-P03-S03:GS05:p0002,east,0,6,4
3939,CP-AP-r001:S-P03-S03:GS05:p0003,east,0,7,6
3940,CP-AP-r001:S-P03-S03:GS05:p0004,east,0,6,0
3941,CP-AP-r001:S-P03-S03:GS05:p0005,east,0,7,6
3942,CP-AP-r001:S-P03-S03:GS05:p0006,east,0,6,3
3943,CP-AP-r001:S-P03-S03:GS05:p0007,east,0,6,6
3944,CP-AP-r001:S-P03-S03:GS05:p0008,east,0,5,0
3945,CP-AP-r001:S-P03-S03:GS05:p0009,east,0,6,6
3946,CP-AP-r001:S-P03-S03:GS05:p0010,east,0,6,3
3947,CP-AP-r001:S-P03-S03:GS05:p0011,east,0,6,6
3948,CP-AP-r001:S-P03-S03:GS05:p0012,east,0,5,0
3949,CP-AP-r001:S-P03-S03:GS05:p0013,east,0,7,6
3950,CP-AP-r001:S-P03-S03:GS06:p0002,east,0,6,4
3951,CP-AP-r001:S-P03-S03:GS06:p0003,east,0,7,6
3952,CP-AP-r001:S-P03-S03:GS06:p0004,east,0,6,0
3953,CP-AP-r001:S-P03-S03:GS06:p0005,east,0,7,6
3954,CP-AP-r001:S-P03-S03:GS06:p0006,east,0,4,3
3955,CP-AP-r001:S-P03-S03:GS06:p0007,east,0,6,6
3956,CP-AP-r001:S-P03-S03:GS06:p0008,east,0,6,0
3957,CP-AP-r001:S-P03-S03:GS06:p0009,east,0,7,6
3958,CP-AP-r001:S-P03-S03:GS06:p0010,east,0,6,3
3959,CP-AP-r001:S-P03-S03:GS06:p0011,east,0,7,6
3960,CP-AP-r001:S-P03-S03:GS06:p0012,east,0,6,0
3961,CP-AP-r001:S-P03-S03:GS06:p0013,east,0,7,6
3962,CP-AP-r001:S-P03-S03:GS07:p0002,west,8,0,1
3963,CP-AP-r001:S-P03-S03:GS07:p0003,west,5,0,6
3964,CP-AP-r001:S-P03-S03:GS07:p0004,west,8,0,5
3965,CP-AP-r001:S-P03-S03:GS07:p0005,west,9,0,0
3966,CP-AP-r001:S-P03-S03:GS07:p0006,west,8,0,6
3967,CP-AP-r001:S-P03-S03:GS07:p0007,west,8,0,2
3968,CP-AP-r001:S-P03-S03:GS07:p0008,west,8,0,6
3969,CP-AP-r001:S-P03-S03:GS07:p0009,west,10,0,0
3970,CP-AP-r001:S-P03-S03:GS07:p0010,west,7,0,6
3971,CP-AP-r001:S-P03-S03:GS07:p0011,west,8,0,2
3972,CP-AP-r001:S-P03-S03:GS07:p0012,west,7,0,0
3973,CP-AP-r001:S-P03-S03:GS07:p0013,west,8,0,6
3974,CP-AP-r001:S-P03-S03:GS07:p0014,west,10,0,0
3975,CP-AP-r001:S-P03-S03:GS07:p0015,west,4,0,6
3976,CP-AP-r001:S-P03-S03:GS08:p0002,west,8,0,1
3977,CP-AP-r001:S-P03-S03:GS08:p0003,west,8,0,6
3978,CP-AP-r001:S-P03-S03:GS08:p0004,west,7,0,5
3979,CP-AP-r001:S-P03-S03:GS08:p0005,west,9,0,6
3980,CP-AP-r001:S-P03-S03:GS08:p0006,west,8,0,2
3981,CP-AP-r001:S-P03-S03:GS08:p0007,west,7,0,6
3982,CP-AP-r001:S-P03-S03:GS08:p0008,west,8,0,6
3983,CP-AP-r001:S-P03-S03:GS08:p0009,west,8,0,6
3984,CP-AP-r001:S-P03-S03:GS08:p0010,west,8,0,2
3985,CP-AP-r001:S-P03-S03:GS08:p0011,west,6,0,6
3986,CP-AP-r001:S-P03-S03:GS08:p0012,west,8,0,6
3987,CP-AP-r001:S-P03-S03:GS08:p0013,west,9,0,0
3988,CP-AP-r001:S-P03-S03:GS08:p0014,west,9,0,6
3989,CP-AP-r001:S-P03-S03:GS09:p0002,west,10,0,1
3990,CP-AP-r001:S-P03-S03:GS09:p0003,west,7,0,6
3991,CP-AP-r001:S-P03-S03:GS09:p0004,west,7,0,5
3992,CP-AP-r001:S-P03-S03:GS09:p0005,west,8,0,6
3993,CP-AP-r001:S-P03-S03:GS09:p0006,west,8,0,2
3994,CP-AP-r001:S-P03-S03:GS09:p0007,west,7,0,6
3995,CP-AP-r001:S-P03-S03:GS09:p0008,west,8,0,6
3996,CP-AP-r001:S-P03-S03:GS09:p0009,west,8,0,6
3997,CP-AP-r001:S-P03-S03:GS09:p0010,west,8,0,2
3998,CP-AP-r001:S-P03-S03:GS09:p0011,west,8,0,6
3999,CP-AP-r001:S-P03-S03:GS09:p0012,west,8,0,6
4000,CP-AP-r001:S-P03-S03:GS09:p0013,west,8,0,6
4001,CP-AP-r001:S-P03-S03:GS10:p0002,east,0,6,6
4002,CP-AP-r001:S-P03-S03:GS10:p0003,east,0,8,4
4003,CP-AP-r001:S-P03-S03:GS10:p0004,east,0,10,6
4004,CP-AP-r001:S-P03-S03:GS10:p0005,east,0,8,6
4005,CP-AP-r001:S-P03-S03:GS10:p0006,east,0,9,6
4006,CP-AP-r001:S-P03-S03:GS10:p0007,east,0,7,3
4007,CP-AP-r001:S-P03-S03:GS10:p0008,east,0,9,6
4008,CP-AP-r001:S-P03-S03:GS10:p0009,east,0,9,6
4009,CP-AP-r001:S-P03-S03:GS10:p0010,east,0,9,6
4010,CP-AP-r001:S-P03-S03:GS10:p0011,east,0,7,3
4011,CP-AP-r001:S-P03-S03:GS10:p0012,east,0,7,6
4012,CP-AP-r001:S-P03-S03:GS10:p0013,east,0,8,6
4013,CP-AP-r001:S-P03-S03:GS11:p0002,east,0,8,4
4014,CP-AP-r001:S-P03-S03:GS11:p0003,east,0,9,6
4015,CP-AP-r001:S-P03-S03:GS11:p0004,east,0,6,0
4016,CP-AP-r001:S-P03-S03:GS11:p0005,east,0,8,6
4017,CP-AP-r001:S-P03-S03:GS11:p0006,east,0,7,6
4018,CP-AP-r001:S-P03-S03:GS11:p0007,east,0,8,3
4019,CP-AP-r001:S-P03-S03:GS11:p0008,east,0,10,6
4020,CP-AP-r001:S-P03-S03:GS11:p0009,east,0,5,0
4021,CP-AP-r001:S-P03-S03:GS11:p0010,east,0,7,6
4022,CP-AP-r001:S-P03-S03:GS11:p0011,east,0,7,6
4023,CP-AP-r001:S-P03-S03:GS11:p0012,east,0,8,3
4024,CP-AP-r001:S-P03-S03:GS11:p0013,east,0,10,6
4025,CP-AP-r001:S-P03-S03:GS11:p0014,east,0,7,6
4026,CP-AP-r001:S-P03-S03:GS12:p0002,east,0,8,0
4027,CP-AP-r001:S-P03-S03:GS12:p0003,east,0,7,4
4028,CP-AP-r001:S-P03-S03:GS12:p0004,east,0,8,0
4029,CP-AP-r001:S-P03-S03:GS12:p0005,east,0,8,6
4030,CP-AP-r001:S-P03-S03:GS12:p0006,east,0,6,0
4031,CP-AP-r001:S-P03-S03:GS12:p0007,east,0,8,3
4032,CP-AP-r001:S-P03-S03:GS12:p0008,east,0,9,6
4033,CP-AP-r001:S-P03-S03:GS12:p0009,east,0,8,0
4034,CP-AP-r001:S-P03-S03:GS12:p0010,east,0,8,6
4035,CP-AP-r001:S-P03-S03:GS12:p0011,east,0,5,0
4036,CP-AP-r001:S-P03-S03:GS12:p0012,east,0,8,3
4037,CP-AP-r001:S-P03-S03:GS12:p0013,east,0,9,6
4038,CP-AP-r001:S-P03-S03:GS12:p0014,east,0,8,0
4039,CP-AP-r001:S-P03-S03:GS12:p0015,east,0,8,6
4040,CP-AP-r001:S-P03-S04:GS01:p0002,west,6,0,1
4041,CP-AP-r001:S-P03-S04:GS01:p0003,west,6,0,5
4042,CP-AP-r001:S-P03-S04:GS01:p0004,west,8,0,0
4043,CP-AP-r001:S-P03-S04:GS01:p0005,west,7,0,6
4044,CP-AP-r001:S-P03-S04:GS01:p0006,west,6,0,2
4045,CP-AP-r001:S-P03-S04:GS01:p0007,west,7,0,6
4046,CP-AP-r001:S-P03-S04:GS01:p0008,west,7,0,0
4047,CP-AP-r001:S-P03-S04:GS01:p0009,west,8,0,6
4048,CP-AP-r001:S-P03-S04:GS01:p0010,west,6,0,3
4049,CP-AP-r001:S-P03-S04:GS01:p0011,west,7,0,6
4050,CP-AP-r001:S-P03-S04:GS01:p0012,west,7,0,0
4051,CP-AP-r001:S-P03-S04:GS01:p0013,west,6,0,6
4052,CP-AP-r001:S-P03-S04:GS02:p0002,west,6,0,1
4053,CP-AP-r001:S-P03-S04:GS02:p0003,west,7,0,5
4054,CP-AP-r001:S-P03-S04:GS02:p0004,west,7,0,6
4055,CP-AP-r001:S-P03-S04:GS02:p0005,west,6,0,2
4056,CP-AP-r001:S-P03-S04:GS02:p0006,west,5,0,6
4057,CP-AP-r001:S-P03-S04:GS02:p0007,west,6,0,0
4058,CP-AP-r001:S-P03-S04:GS02:p0008,west,7,0,6
4059,CP-AP-r001:S-P03-S04:GS02:p0009,west,6,0,3
4060,CP-AP-r001:S-P03-S04:GS02:p0010,west,6,0,6
4061,CP-AP-r001:S-P03-S04:GS02:p0011,west,7,0,0
4062,CP-AP-r001:S-P03-S04:GS02:p0012,west,7,0,6
4063,CP-AP-r001:S-P03-S04:GS03:p0002,west,6,0,1
4064,CP-AP-r001:S-P03-S04:GS03:p0003,west,8,0,6
4065,CP-AP-r001:S-P03-S04:GS03:p0004,west,5,0,5
4066,CP-AP-r001:S-P03-S04:GS03:p0005,west,8,0,6
4067,CP-AP-r001:S-P03-S04:GS03:p0006,west,5,0,2
4068,CP-AP-r001:S-P03-S04:GS03:p0007,west,4,0,6
4069,CP-AP-r001:S-P03-S04:GS03:p0008,west,7,0,6
4070,CP-AP-r001:S-P03-S04:GS03:p0009,west,7,0,6
4071,CP-AP-r001:S-P03-S04:GS03:p0010,west,6,0,3
4072,CP-AP-r001:S-P03-S04:GS03:p0011,west,7,0,6
4073,CP-AP-r001:S-P03-S04:GS03:p0012,west,7,0,6
4074,CP-AP-r001:S-P03-S04:GS04:p0002,east,0,7,4
4075,CP-AP-r001:S-P03-S04:GS04:p0003,east,0,7,6
4076,CP-AP-r001:S-P03-S04:GS04:p0004,east,0,7,0
4077,CP-AP-r001:S-P03-S04:GS04:p0005,east,0,6,6
4078,CP-AP-r001:S-P03-S04:GS04:p0006,east,0,7,3
4079,CP-AP-r001:S-P03-S04:GS04:p0007,east,0,7,6
4080,CP-AP-r001:S-P03-S04:GS04:p0008,east,0,7,6
4081,CP-AP-r001:S-P03-S04:GS04:p0009,east,0,6,6
4082,CP-AP-r001:S-P03-S04:GS04:p0010,east,0,7,2
4083,CP-AP-r001:S-P03-S04:GS04:p0011,east,0,7,6
4084,CP-AP-r001:S-P03-S04:GS04:p0012,east,0,7,6
4085,CP-AP-r001:S-P03-S04:GS05:p0002,east,0,7,4
4086,CP-AP-r001:S-P03-S04:GS05:p0003,east,0,7,6
4087,CP-AP-r001:S-P03-S04:GS05:p0004,east,0,7,0
4088,CP-AP-r001:S-P03-S04:GS05:p0005,east,0,6,6
4089,CP-AP-r001:S-P03-S04:GS05:p0006,east,0,7,3
4090,CP-AP-r001:S-P03-S04:GS05:p0007,east,0,7,6
4091,CP-AP-r001:S-P03-S04:GS05:p0008,east,0,7,0
4092,CP-AP-r001:S-P03-S04:GS05:p0009,east,0,6,6
4093,CP-AP-r001:S-P03-S04:GS05:p0010,east,0,7,2
4094,CP-AP-r001:S-P03-S04:GS05:p0011,east,0,7,6
4095,CP-AP-r001:S-P03-S04:GS05:p0012,east,0,7,0
4096,CP-AP-r001:S-P03-S04:GS05:p0013,east,0,6,6
4097,CP-AP-r001:S-P03-S04:GS06:p0002,east,0,7,4
4098,CP-AP-r001:S-P03-S04:GS06:p0003,east,0,7,6
4099,CP-AP-r001:S-P03-S04:GS06:p0004,east,0,7,0
4100,CP-AP-r001:S-P03-S04:GS06:p0005,east,0,6,6
4101,CP-AP-r001:S-P03-S04:GS06:p0006,east,0,5,3
4102,CP-AP-r001:S-P03-S04:GS06:p0007,east,0,6,6
4103,CP-AP-r001:S-P03-S04:GS06:p0008,east,0,7,0
4104,CP-AP-r001:S-P03-S04:GS06:p0009,east,0,6,6
4105,CP-AP-r001:S-P03-S04:GS06:p0010,east,0,6,2
4106,CP-AP-r001:S-P03-S04:GS06:p0011,east,0,8,6
4107,CP-AP-r001:S-P03-S04:GS06:p0012,east,0,7,0
4108,CP-AP-r001:S-P03-S04:GS06:p0013,east,0,6,6
4109,CP-AP-r001:S-P03-S04:GS07:p0002,west,8,0,1
4110,CP-AP-r001:S-P03-S04:GS07:p0003,west,7,0,6
4111,CP-AP-r001:S-P03-S04:GS07:p0004,west,8,0,5
4112,CP-AP-r001:S-P03-S04:GS07:p0005,west,8,0,0
4113,CP-AP-r001:S-P03-S04:GS07:p0006,west,8,0,6
4114,CP-AP-r001:S-P03-S04:GS07:p0007,west,8,0,2
4115,CP-AP-r001:S-P03-S04:GS07:p0008,west,8,0,6
4116,CP-AP-r001:S-P03-S04:GS07:p0009,west,9,0,0
4117,CP-AP-r001:S-P03-S04:GS07:p0010,west,9,0,6
4118,CP-AP-r001:S-P03-S04:GS07:p0011,west,8,0,3
4119,CP-AP-r001:S-P03-S04:GS07:p0012,west,5,0,0
4120,CP-AP-r001:S-P03-S04:GS07:p0013,west,8,0,6
4121,CP-AP-r001:S-P03-S04:GS07:p0014,west,10,0,0
4122,CP-AP-r001:S-P03-S04:GS07:p0015,west,8,0,6
4123,CP-AP-r001:S-P03-S04:GS08:p0002,west,7,0,1
4124,CP-AP-r001:S-P03-S04:GS08:p0003,west,9,0,6
4125,CP-AP-r001:S-P03-S04:GS08:p0004,west,7,0,5
4126,CP-AP-r001:S-P03-S04:GS08:p0005,west,9,0,6
4127,CP-AP-r001:S-P03-S04:GS08:p0006,west,8,0,2
4128,CP-AP-r001:S-P03-S04:GS08:p0007,west,8,0,6
4129,CP-AP-r001:S-P03-S04:GS08:p0008,west,7,0,6
4130,CP-AP-r001:S-P03-S04:GS08:p0009,west,8,0,6
4131,CP-AP-r001:S-P03-S04:GS08:p0010,west,8,0,3
4132,CP-AP-r001:S-P03-S04:GS08:p0011,west,7,0,6
4133,CP-AP-r001:S-P03-S04:GS08:p0012,west,7,0,6
4134,CP-AP-r001:S-P03-S04:GS08:p0013,west,7,0,0
4135,CP-AP-r001:S-P03-S04:GS08:p0014,west,8,0,6
4136,CP-AP-r001:S-P03-S04:GS09:p0002,west,7,0,1
4137,CP-AP-r001:S-P03-S04:GS09:p0003,west,8,0,6
4138,CP-AP-r001:S-P03-S04:GS09:p0004,west,8,0,5
4139,CP-AP-r001:S-P03-S04:GS09:p0005,west,7,0,6
4140,CP-AP-r001:S-P03-S04:GS09:p0006,west,7,0,2
4141,CP-AP-r001:S-P03-S04:GS09:p0007,west,9,0,6
4142,CP-AP-r001:S-P03-S04:GS09:p0008,west,8,0,6
4143,CP-AP-r001:S-P03-S04:GS09:p0009,west,7,0,6
4144,CP-AP-r001:S-P03-S04:GS09:p0010,west,7,0,3
4145,CP-AP-r001:S-P03-S04:GS09:p0011,west,9,0,6
4146,CP-AP-r001:S-P03-S04:GS09:p0012,west,9,0,6
4147,CP-AP-r001:S-P03-S04:GS09:p0013,west,8,0,6
4148,CP-AP-r001:S-P03-S04:GS10:p0002,east,0,5,6
4149,CP-AP-r001:S-P03-S04:GS10:p0003,east,0,8,4
4150,CP-AP-r001:S-P03-S04:GS10:p0004,east,0,10,6
4151,CP-AP-r001:S-P03-S04:GS10:p0005,east,0,9,6
4152,CP-AP-r001:S-P03-S04:GS10:p0006,east,0,8,6
4153,CP-AP-r001:S-P03-S04:GS10:p0007,east,0,8,3
4154,CP-AP-r001:S-P03-S04:GS10:p0008,east,0,10,6
4155,CP-AP-r001:S-P03-S04:GS10:p0009,east,0,9,6
4156,CP-AP-r001:S-P03-S04:GS10:p0010,east,0,8,6
4157,CP-AP-r001:S-P03-S04:GS10:p0011,east,0,8,2
4158,CP-AP-r001:S-P03-S04:GS10:p0012,east,0,8,6
4159,CP-AP-r001:S-P03-S04:GS10:p0013,east,0,8,6
4160,CP-AP-r001:S-P03-S04:GS11:p0002,east,0,8,4
4161,CP-AP-r001:S-P03-S04:GS11:p0003,east,0,8,6
4162,CP-AP-r001:S-P03-S04:GS11:p0004,east,0,6,0
4163,CP-AP-r001:S-P03-S04:GS11:p0005,east,0,8,6
4164,CP-AP-r001:S-P03-S04:GS11:p0006,east,0,7,6
4165,CP-AP-r001:S-P03-S04:GS11:p0007,east,0,8,3
4166,CP-AP-r001:S-P03-S04:GS11:p0008,east,0,10,6
4167,CP-AP-r001:S-P03-S04:GS11:p0009,east,0,8,0
4168,CP-AP-r001:S-P03-S04:GS11:p0010,east,0,8,6
4169,CP-AP-r001:S-P03-S04:GS11:p0011,east,0,6,6
4170,CP-AP-r001:S-P03-S04:GS11:p0012,east,0,8,2
4171,CP-AP-r001:S-P03-S04:GS11:p0013,east,0,10,6
4172,CP-AP-r001:S-P03-S04:GS11:p0014,east,0,8,6
4173,CP-AP-r001:S-P03-S04:GS12:p0002,east,0,8,0
4174,CP-AP-r001:S-P03-S04:GS12:p0003,east,0,7,4
4175,CP-AP-r001:S-P03-S04:GS12:p0004,east,0,9,0
4176,CP-AP-r001:S-P03-S04:GS12:p0005,east,0,8,6
4177,CP-AP-r001:S-P03-S04:GS12:p0006,east,0,7,0
4178,CP-AP-r001:S-P03-S04:GS12:p0007,east,0,7,3
4179,CP-AP-r001:S-P03-S04:GS12:p0008,east,0,7,6
4180,CP-AP-r001:S-P03-S04:GS12:p0009,east,0,8,0
4181,CP-AP-r001:S-P03-S04:GS12:p0010,east,0,8,6
4182,CP-AP-r001:S-P03-S04:GS12:p0011,east,0,7,0
4183,CP-AP-r001:S-P03-S04:GS12:p0012,east,0,8,2
4184,CP-AP-r001:S-P03-S04:GS12:p0013,east,0,8,6
4185,CP-AP-r001:S-P03-S04:GS12:p0014,east,0,8,0
4186,CP-AP-r001:S-P03-S04:GS12:p0015,east,0,8,6
4187,CP-AP-r001:S-P03-S05:GS01:p0002,west,6,0,2
4188,CP-AP-r001:S-P03-S05:GS01:p0003,west,6,0,6
4189,CP-AP-r001:S-P03-S05:GS01:p0004,west,6,0,0
4190,CP-AP-r001:S-P03-S05:GS01:p0005,west,4,0,6
4191,CP-AP-r001:S-P03-S05:GS01:p0006,west,6,0,3
4192,CP-AP-r001:S-P03-S05:GS01:p0007,west,6,0,6
4193,CP-AP-r001:S-P03-S05:GS01:p0008,west,6,0,0
4194,CP-AP-r001:S-P03-S05:GS01:p0009,west,6,0,6
4195,CP-AP-r001:S-P03-S05:GS01:p0010,west,7,0,4
4196,CP-AP-r001:S-P03-S05:GS01:p0011,west,6,0,6
4197,CP-AP-r001:S-P03-S05:GS01:p0012,west,6,0,0
4198,CP-AP-r001:S-P03-S05:GS01:p0013,west,4,0,5
4199,CP-AP-r001:S-P03-S05:GS02:p0002,west,7,0,2
4200,CP-AP-r001:S-P03-S05:GS02:p0003,west,5,0,6
4201,CP-AP-r001:S-P03-S05:GS02:p0004,west,6,0,0
4202,CP-AP-r001:S-P03-S05:GS02:p0005,west,6,0,6
4203,CP-AP-r001:S-P03-S05:GS02:p0006,west,7,0,3
4204,CP-AP-r001:S-P03-S05:GS02:p0007,west,6,0,6
4205,CP-AP-r001:S-P03-S05:GS02:p0008,west,7,0,0
4206,CP-AP-r001:S-P03-S05:GS02:p0009,west,6,0,6
4207,CP-AP-r001:S-P03-S05:GS02:p0010,west,7,0,4
4208,CP-AP-r001:S-P03-S05:GS02:p0011,west,6,0,6
4209,CP-AP-r001:S-P03-S05:GS02:p0012,west,6,0,0
4210,CP-AP-r001:S-P03-S05:GS02:p0013,west,6,0,6
4211,CP-AP-r001:S-P03-S05:GS02:p0014,west,3,0,5
4212,CP-AP-r001:S-P03-S05:GS03:p0002,west,8,0,2
4213,CP-AP-r001:S-P03-S05:GS03:p0003,west,6,0,6
4214,CP-AP-r001:S-P03-S05:GS03:p0004,west,6,0,6
4215,CP-AP-r001:S-P03-S05:GS03:p0005,west,6,0,6
4216,CP-AP-r001:S-P03-S05:GS03:p0006,west,7,0,3
4217,CP-AP-r001:S-P03-S05:GS03:p0007,west,6,0,6
4218,CP-AP-r001:S-P03-S05:GS03:p0008,west,6,0,6
4219,CP-AP-r001:S-P03-S05:GS03:p0009,west,7,0,4
4220,CP-AP-r001:S-P03-S05:GS03:p0010,west,4,0,6
4221,CP-AP-r001:S-P03-S05:GS03:p0011,west,6,0,0
4222,CP-AP-r001:S-P03-S05:GS03:p0012,west,6,0,6
4223,CP-AP-r001:S-P03-S05:GS03:p0013,west,4,0,5
4224,CP-AP-r001:S-P03-S05:GS04:p0002,east,0,6,3
4225,CP-AP-r001:S-P03-S05:GS04:p0003,east,0,6,6
4226,CP-AP-r001:S-P03-S05:GS04:p0004,east,0,7,6
4227,CP-AP-r001:S-P03-S05:GS04:p0005,east,0,4,6
4228,CP-AP-r001:S-P03-S05:GS04:p0006,east,0,6,2
4229,CP-AP-r001:S-P03-S05:GS04:p0007,east,0,4,6
4230,CP-AP-r001:S-P03-S05:GS04:p0008,east,0,7,5
4231,CP-AP-r001:S-P03-S05:GS04:p0009,east,0,7,6
4232,CP-AP-r001:S-P03-S05:GS04:p0010,east,0,6,1
4233,CP-AP-r001:S-P03-S05:GS04:p0011,east,0,6,6
4234,CP-AP-r001:S-P03-S05:GS04:p0012,east,0,6,4
4235,CP-AP-r001:S-P03-S05:GS04:p0013,east,0,4,6
4236,CP-AP-r001:S-P03-S05:GS05:p0002,east,0,6,3
4237,CP-AP-r001:S-P03-S05:GS05:p0003,east,0,6,6
4238,CP-AP-r001:S-P03-S05:GS05:p0004,east,0,4,0
4239,CP-AP-r001:S-P03-S05:GS05:p0005,east,0,7,6
4240,CP-AP-r001:S-P03-S05:GS05:p0006,east,0,6,2
4241,CP-AP-r001:S-P03-S05:GS05:p0007,east,0,6,6
4242,CP-AP-r001:S-P03-S05:GS05:p0008,east,0,6,0
4243,CP-AP-r001:S-P03-S05:GS05:p0009,east,0,7,5
4244,CP-AP-r001:S-P03-S05:GS05:p0010,east,0,6,1
4245,CP-AP-r001:S-P03-S05:GS05:p0011,east,0,6,6
4246,CP-AP-r001:S-P03-S05:GS05:p0012,east,0,7,4
4247,CP-AP-r001:S-P03-S05:GS05:p0013,east,0,3,6
4248,CP-AP-r001:S-P03-S05:GS06:p0002,east,0,6,3
4249,CP-AP-r001:S-P03-S05:GS06:p0003,east,0,8,6
4250,CP-AP-r001:S-P03-S05:GS06:p0004,east,0,6,0
4251,CP-AP-r001:S-P03-S05:GS06:p0005,east,0,7,6
4252,CP-AP-r001:S-P03-S05:GS06:p0006,east,0,6,2
4253,CP-AP-r001:S-P03-S05:GS06:p0007,east,0,6,6
4254,CP-AP-r001:S-P03-S05:GS06:p0008,east,0,6,0
4255,CP-AP-r001:S-P03-S05:GS06:p0009,east,0,6,5
4256,CP-AP-r001:S-P03-S05:GS06:p0010,east,0,6,1
4257,CP-AP-r001:S-P03-S05:GS06:p0011,east,0,6,6
4258,CP-AP-r001:S-P03-S05:GS06:p0012,east,0,4,0
4259,CP-AP-r001:S-P03-S05:GS06:p0013,east,0,7,4
4260,CP-AP-r001:S-P03-S05:GS07:p0002,west,8,0,2
4261,CP-AP-r001:S-P03-S05:GS07:p0003,west,7,0,0
4262,CP-AP-r001:S-P03-S05:GS07:p0004,west,8,0,6
4263,CP-AP-r001:S-P03-S05:GS07:p0005,west,10,0,0
4264,CP-AP-r001:S-P03-S05:GS07:p0006,west,4,0,6
4265,CP-AP-r001:S-P03-S05:GS07:p0007,west,7,0,3
4266,CP-AP-r001:S-P03-S05:GS07:p0008,west,8,0,0
4267,CP-AP-r001:S-P03-S05:GS07:p0009,west,8,0,6
4268,CP-AP-r001:S-P03-S05:GS07:p0010,west,10,0,0
4269,CP-AP-r001:S-P03-S05:GS07:p0011,west,7,0,4
4270,CP-AP-r001:S-P03-S05:GS07:p0012,west,8,0,0
4271,CP-AP-r001:S-P03-S05:GS07:p0013,west,7,0,6
4272,CP-AP-r001:S-P03-S05:GS07:p0014,west,10,0,0
4273,CP-AP-r001:S-P03-S05:GS07:p0015,west,5,0,5
4274,CP-AP-r001:S-P03-S05:GS08:p0002,west,8,0,2
4275,CP-AP-r001:S-P03-S05:GS08:p0003,west,7,0,6
4276,CP-AP-r001:S-P03-S05:GS08:p0004,west,8,0,6
4277,CP-AP-r001:S-P03-S05:GS08:p0005,west,9,0,0
4278,CP-AP-r001:S-P03-S05:GS08:p0006,west,9,0,6
4279,CP-AP-r001:S-P03-S05:GS08:p0007,west,8,0,3
4280,CP-AP-r001:S-P03-S05:GS08:p0008,west,5,0,6
4281,CP-AP-r001:S-P03-S05:GS08:p0009,west,8,0,6
4282,CP-AP-r001:S-P03-S05:GS08:p0010,west,8,0,0
4283,CP-AP-r001:S-P03-S05:GS08:p0011,west,8,0,6
4284,CP-AP-r001:S-P03-S05:GS08:p0012,west,8,0,4
4285,CP-AP-r001:S-P03-S05:GS08:p0013,west,8,0,6
4286,CP-AP-r001:S-P03-S05:GS08:p0014,west,10,0,0
4287,CP-AP-r001:S-P03-S05:GS08:p0015,west,6,0,6
4288,CP-AP-r001:S-P03-S05:GS08:p0016,west,4,0,5
4289,CP-AP-r001:S-P03-S05:GS09:p0002,west,8,0,2
4290,CP-AP-r001:S-P03-S05:GS09:p0003,west,8,0,6
4291,CP-AP-r001:S-P03-S05:GS09:p0004,west,8,0,6
4292,CP-AP-r001:S-P03-S05:GS09:p0005,west,8,0,6
4293,CP-AP-r001:S-P03-S05:GS09:p0006,west,8,0,3
4294,CP-AP-r001:S-P03-S05:GS09:p0007,west,8,0,6
4295,CP-AP-r001:S-P03-S05:GS09:p0008,west,7,0,6
4296,CP-AP-r001:S-P03-S05:GS09:p0009,west,9,0,6
4297,CP-AP-r001:S-P03-S05:GS09:p0010,west,8,0,4
4298,CP-AP-r001:S-P03-S05:GS09:p0011,west,6,0,6
4299,CP-AP-r001:S-P03-S05:GS09:p0012,west,8,0,6
4300,CP-AP-r001:S-P03-S05:GS09:p0013,west,8,0,6
4301,CP-AP-r001:S-P03-S05:GS09:p0014,west,4,0,5
4302,CP-AP-r001:S-P03-S05:GS10:p0002,east,0,9,6
4303,CP-AP-r001:S-P03-S05:GS10:p0003,east,0,7,3
4304,CP-AP-r001:S-P03-S05:GS10:p0004,east,0,7,6
4305,CP-AP-r001:S-P03-S05:GS10:p0005,east,0,8,6
4306,CP-AP-r001:S-P03-S05:GS10:p0006,east,0,9,6
4307,CP-AP-r001:S-P03-S05:GS10:p0007,east,0,7,2
4308,CP-AP-r001:S-P03-S05:GS10:p0008,east,0,7,6
4309,CP-AP-r001:S-P03-S05:GS10:p0009,east,0,8,5
4310,CP-AP-r001:S-P03-S05:GS10:p0010,east,0,8,6
4311,CP-AP-r001:S-P03-S05:GS10:p0011,east,0,7,1
4312,CP-AP-r001:S-P03-S05:GS10:p0012,east,0,8,6
4313,CP-AP-r001:S-P03-S05:GS10:p0013,east,0,9,4
4314,CP-AP-r001:S-P03-S05:GS10:p0014,east,0,4,6
4315,CP-AP-r001:S-P03-S05:GS11:p0002,east,0,7,6
4316,CP-AP-r001:S-P03-S05:GS11:p0003,east,0,8,3
4317,CP-AP-r001:S-P03-S05:GS11:p0004,east,0,10,6
4318,CP-AP-r001:S-P03-S05:GS11:p0005,east,0,7,6
4319,CP-AP-r001:S-P03-S05:GS11:p0006,east,0,8,6
4320,CP-AP-r001:S-P03-S05:GS11:p0007,east,0,7,2
4321,CP-AP-r001:S-P03-S05:GS11:p0008,east,0,10,6
4322,CP-AP-r001:S-P03-S05:GS11:p0009,east,0,8,5
4323,CP-AP-r001:S-P03-S05:GS11:p0010,east,0,9,6
4324,CP-AP-r001:S-P03-S05:GS11:p0011,east,0,7,1
4325,CP-AP-r001:S-P03-S05:GS11:p0012,east,0,8,6
4326,CP-AP-r001:S-P03-S05:GS11:p0013,east,0,9,4
4327,CP-AP-r001:S-P03-S05:GS11:p0014,east,0,3,6
4328,CP-AP-r001:S-P03-S05:GS12:p0002,east,0,5,0
4329,CP-AP-r001:S-P03-S05:GS12:p0003,east,0,8,3
4330,CP-AP-r001:S-P03-S05:GS12:p0004,east,0,10,6
4331,CP-AP-r001:S-P03-S05:GS12:p0005,east,0,8,0
4332,CP-AP-r001:S-P03-S05:GS12:p0006,east,0,8,6
4333,CP-AP-r001:S-P03-S05:GS12:p0007,east,0,8,2
4334,CP-AP-r001:S-P03-S05:GS12:p0008,east,0,10,6
4335,CP-AP-r001:S-P03-S05:GS12:p0009,east,0,6,0
4336,CP-AP-r001:S-P03-S05:GS12:p0010,east,0,8,5
4337,CP-AP-r001:S-P03-S05:GS12:p0011,east,0,6,6
4338,CP-AP-r001:S-P03-S05:GS12:p0012,east,0,8,1
4339,CP-AP-r001:S-P03-S05:GS12:p0013,east,0,10,6
4340,CP-AP-r001:S-P03-S05:GS12:p0014,east,0,4,0
4341,CP-AP-r001:S-P03-S05:GS12:p0015,east,0,7,4
4342,CP-AP-r001:S-P03-S05:GS12:p0016,east,0,5,6
4343,CP-AP-r001:S-P03-S06:GS01:p0002,west,6,0,2
4344,CP-AP-r001:S-P03-S06:GS01:p0003,west,7,0,6
4345,CP-AP-r001:S-P03-S06:GS01:p0004,west,7,0,0
4346,CP-AP-r001:S-P03-S06:GS01:p0005,west,6,0,6
4347,CP-AP-r001:S-P03-S06:GS01:p0006,west,5,0,3
4348,CP-AP-r001:S-P03-S06:GS01:p0007,west,7,0,6
4349,CP-AP-r001:S-P03-S06:GS01:p0008,west,7,0,0
4350,CP-AP-r001:S-P03-S06:GS01:p0009,west,7,0,6
4351,CP-AP-r001:S-P03-S06:GS01:p0010,west,6,0,4
4352,CP-AP-r001:S-P03-S06:GS01:p0011,west,7,0,6
4353,CP-AP-r001:S-P03-S06:GS01:p0012,west,7,0,0
4354,CP-AP-r001:S-P03-S06:GS01:p0013,west,4,0,5
4355,CP-AP-r001:S-P03-S06:GS02:p0002,west,6,0,2
4356,CP-AP-r001:S-P03-S06:GS02:p0003,west,6,0,6
4357,CP-AP-r001:S-P03-S06:GS02:p0004,west,6,0,0
4358,CP-AP-r001:S-P03-S06:GS02:p0005,west,7,0,6
4359,CP-AP-r001:S-P03-S06:GS02:p0006,west,6,0,3
4360,CP-AP-r001:S-P03-S06:GS02:p0007,west,6,0,6
4361,CP-AP-r001:S-P03-S06:GS02:p0008,west,8,0,0
4362,CP-AP-r001:S-P03-S06:GS02:p0009,west,7,0,6
4363,CP-AP-r001:S-P03-S06:GS02:p0010,west,6,0,4
4364,CP-AP-r001:S-P03-S06:GS02:p0011,west,7,0,6
4365,CP-AP-r001:S-P03-S06:GS02:p0012,west,7,0,0
4366,CP-AP-r001:S-P03-S06:GS02:p0013,west,8,0,6
4367,CP-AP-r001:S-P03-S06:GS02:p0014,west,4,0,5
4368,CP-AP-r001:S-P03-S06:GS03:p0002,west,6,0,2
4369,CP-AP-r001:S-P03-S06:GS03:p0003,west,4,0,6
4370,CP-AP-r001:S-P03-S06:GS03:p0004,west,7,0,6
4371,CP-AP-r001:S-P03-S06:GS03:p0005,west,7,0,6
4372,CP-AP-r001:S-P03-S06:GS03:p0006,west,6,0,3
4373,CP-AP-r001:S-P03-S06:GS03:p0007,west,7,0,6
4374,CP-AP-r001:S-P03-S06:GS03:p0008,west,7,0,0
4375,CP-AP-r001:S-P03-S06:GS03:p0009,west,7,0,6
4376,CP-AP-r001:S-P03-S06:GS03:p0010,west,6,0,4
4377,CP-AP-r001:S-P03-S06:GS03:p0011,west,5,0,6
4378,CP-AP-r001:S-P03-S06:GS03:p0012,west,6,0,0
4379,CP-AP-r001:S-P03-S06:GS03:p0013,west,7,0,6
4380,CP-AP-r001:S-P03-S06:GS03:p0014,west,4,0,5
4381,CP-AP-r001:S-P03-S06:GS04:p0002,east,0,7,3
4382,CP-AP-r001:S-P03-S06:GS04:p0003,east,0,7,6
4383,CP-AP-r001:S-P03-S06:GS04:p0004,east,0,7,6
4384,CP-AP-r001:S-P03-S06:GS04:p0005,east,0,6,6
4385,CP-AP-r001:S-P03-S06:GS04:p0006,east,0,7,2
4386,CP-AP-r001:S-P03-S06:GS04:p0007,east,0,6,6
4387,CP-AP-r001:S-P03-S06:GS04:p0008,east,0,8,5
4388,CP-AP-r001:S-P03-S06:GS04:p0009,east,0,5,6
4389,CP-AP-r001:S-P03-S06:GS04:p0010,east,0,4,1
4390,CP-AP-r001:S-P03-S06:GS04:p0011,east,0,7,6
4391,CP-AP-r001:S-P03-S06:GS04:p0012,east,0,7,4
4392,CP-AP-r001:S-P03-S06:GS04:p0013,east,0,4,6
4393,CP-AP-r001:S-P03-S06:GS05:p0002,east,0,7,3
4394,CP-AP-r001:S-P03-S06:GS05:p0003,east,0,7,6
4395,CP-AP-r001:S-P03-S06:GS05:p0004,east,0,6,0
4396,CP-AP-r001:S-P03-S06:GS05:p0005,east,0,6,6
4397,CP-AP-r001:S-P03-S06:GS05:p0006,east,0,7,2
4398,CP-AP-r001:S-P03-S06:GS05:p0007,east,0,7,6
4399,CP-AP-r001:S-P03-S06:GS05:p0008,east,0,6,5
4400,CP-AP-r001:S-P03-S06:GS05:p0009,east,0,7,1
4401,CP-AP-r001:S-P03-S06:GS05:p0010,east,0,7,6
4402,CP-AP-r001:S-P03-S06:GS05:p0011,east,0,7,4
4403,CP-AP-r001:S-P03-S06:GS05:p0012,east,0,4,6
4404,CP-AP-r001:S-P03-S06:GS06:p0002,east,0,6,3
4405,CP-AP-r001:S-P03-S06:GS06:p0003,east,0,8,6
4406,CP-AP-r001:S-P03-S06:GS06:p0004,east,0,7,0
4407,CP-AP-r001:S-P03-S06:GS06:p0005,east,0,6,6
4408,CP-AP-r001:S-P03-S06:GS06:p0006,east,0,7,2
4409,CP-AP-r001:S-P03-S06:GS06:p0007,east,0,7,6
4410,CP-AP-r001:S-P03-S06:GS06:p0008,east,0,7,0
4411,CP-AP-r001:S-P03-S06:GS06:p0009,east,0,6,5
4412,CP-AP-r001:S-P03-S06:GS06:p0010,east,0,7,1
4413,CP-AP-r001:S-P03-S06:GS06:p0011,east,0,7,6
4414,CP-AP-r001:S-P03-S06:GS06:p0012,east,0,6,0
4415,CP-AP-r001:S-P03-S06:GS06:p0013,east,0,6,4
4416,CP-AP-r001:S-P03-S06:GS07:p0002,west,8,0,2
4417,CP-AP-r001:S-P03-S06:GS07:p0003,west,5,0,0
4418,CP-AP-r001:S-P03-S06:GS07:p0004,west,8,0,6
4419,CP-AP-r001:S-P03-S06:GS07:p0005,west,10,0,0
4420,CP-AP-r001:S-P03-S06:GS07:p0006,west,8,0,6
4421,CP-AP-r001:S-P03-S06:GS07:p0007,west,8,0,3
4422,CP-AP-r001:S-P03-S06:GS07:p0008,west,6,0,0
4423,CP-AP-r001:S-P03-S06:GS07:p0009,west,8,0,6
4424,CP-AP-r001:S-P03-S06:GS07:p0010,west,10,0,0
4425,CP-AP-r001:S-P03-S06:GS07:p0011,west,8,0,4
4426,CP-AP-r001:S-P03-S06:GS07:p0012,west,8,0,0
4427,CP-AP-r001:S-P03-S06:GS07:p0013,west,8,0,6
4428,CP-AP-r001:S-P03-S06:GS07:p0014,west,10,0,0
4429,CP-AP-r001:S-P03-S06:GS07:p0015,west,6,0,5
4430,CP-AP-r001:S-P03-S06:GS08:p0002,west,8,0,2
4431,CP-AP-r001:S-P03-S06:GS08:p0003,west,8,0,6
4432,CP-AP-r001:S-P03-S06:GS08:p0004,west,7,0,6
4433,CP-AP-r001:S-P03-S06:GS08:p0005,west,7,0,0
4434,CP-AP-r001:S-P03-S06:GS08:p0006,west,8,0,6
4435,CP-AP-r001:S-P03-S06:GS08:p0007,west,8,0,3
4436,CP-AP-r001:S-P03-S06:GS08:p0008,west,7,0,6
4437,CP-AP-r001:S-P03-S06:GS08:p0009,west,8,0,6
4438,CP-AP-r001:S-P03-S06:GS08:p0010,west,7,0,0
4439,CP-AP-r001:S-P03-S06:GS08:p0011,west,8,0,6
4440,CP-AP-r001:S-P03-S06:GS08:p0012,west,8,0,4
4441,CP-AP-r001:S-P03-S06:GS08:p0013,west,8,0,6
4442,CP-AP-r001:S-P03-S06:GS08:p0014,west,9,0,0
4443,CP-AP-r001:S-P03-S06:GS08:p0015,west,9,0,6
4444,CP-AP-r001:S-P03-S06:GS08:p0016,west,4,0,5
4445,CP-AP-r001:S-P03-S06:GS09:p0002,west,7,0,2
4446,CP-AP-r001:S-P03-S06:GS09:p0003,west,9,0,6
4447,CP-AP-r001:S-P03-S06:GS09:p0004,west,9,0,6
4448,CP-AP-r001:S-P03-S06:GS09:p0005,west,8,0,6
4449,CP-AP-r001:S-P03-S06:GS09:p0006,west,7,0,3
4450,CP-AP-r001:S-P03-S06:GS09:p0007,west,9,0,6
4451,CP-AP-r001:S-P03-S06:GS09:p0008,west,7,0,6
4452,CP-AP-r001:S-P03-S06:GS09:p0009,west,8,0,6
4453,CP-AP-r001:S-P03-S06:GS09:p0010,west,8,0,4
4454,CP-AP-r001:S-P03-S06:GS09:p0011,west,7,0,6
4455,CP-AP-r001:S-P03-S06:GS09:p0012,west,7,0,6
4456,CP-AP-r001:S-P03-S06:GS09:p0013,west,8,0,6
4457,CP-AP-r001:S-P03-S06:GS09:p0014,west,4,0,5
4458,CP-AP-r001:S-P03-S06:GS10:p0002,east,0,8,6
4459,CP-AP-r001:S-P03-S06:GS10:p0003,east,0,8,3
4460,CP-AP-r001:S-P03-S06:GS10:p0004,east,0,9,6
4461,CP-AP-r001:S-P03-S06:GS10:p0005,east,0,8,6
4462,CP-AP-r001:S-P03-S06:GS10:p0006,east,0,7,6
4463,CP-AP-r001:S-P03-S06:GS10:p0007,east,0,8,2
4464,CP-AP-r001:S-P03-S06:GS10:p0008,east,0,8,6
4465,CP-AP-r001:S-P03-S06:GS10:p0009,east,0,7,5
4466,CP-AP-r001:S-P03-S06:GS10:p0010,east,0,7,6
4467,CP-AP-r001:S-P03-S06:GS10:p0011,east,0,9,1
4468,CP-AP-r001:S-P03-S06:GS10:p0012,east,0,8,6
4469,CP-AP-r001:S-P03-S06:GS10:p0013,east,0,8,4
4470,CP-AP-r001:S-P03-S06:GS10:p0014,east,0,4,6
4471,CP-AP-r001:S-P03-S06:GS11:p0002,east,0,5,6
4472,CP-AP-r001:S-P03-S06:GS11:p0003,east,0,8,3
4473,CP-AP-r001:S-P03-S06:GS11:p0004,east,0,10,6
4474,CP-AP-r001:S-P03-S06:GS11:p0005,east,0,8,6
4475,CP-AP-r001:S-P03-S06:GS11:p0006,east,0,7,6
4476,CP-AP-r001:S-P03-S06:GS11:p0007,east,0,8,2
4477,CP-AP-r001:S-P03-S06:GS11:p0008,east,0,11,6
4478,CP-AP-r001:S-P03-S06:GS11:p0009,east,0,9,5
4479,CP-AP-r001:S-P03-S06:GS11:p0010,east,0,8,6
4480,CP-AP-r001:S-P03-S06:GS11:p0011,east,0,8,1
4481,CP-AP-r001:S-P03-S06:GS11:p0012,east,0,9,6
4482,CP-AP-r001:S-P03-S06:GS11:p0013,east,0,8,4
4483,CP-AP-r001:S-P03-S06:GS11:p0014,east,0,4,6
4484,CP-AP-r001:S-P03-S06:GS12:p0002,east,0,7,0
4485,CP-AP-r001:S-P03-S06:GS12:p0003,east,0,8,3
4486,CP-AP-r001:S-P03-S06:GS12:p0004,east,0,9,6
4487,CP-AP-r001:S-P03-S06:GS12:p0005,east,0,8,0
4488,CP-AP-r001:S-P03-S06:GS12:p0006,east,0,8,6
4489,CP-AP-r001:S-P03-S06:GS12:p0007,east,0,8,2
4490,CP-AP-r001:S-P03-S06:GS12:p0008,east,0,9,6
4491,CP-AP-r001:S-P03-S06:GS12:p0009,east,0,8,0
4492,CP-AP-r001:S-P03-S06:GS12:p0010,east,0,8,5
4493,CP-AP-r001:S-P03-S06:GS12:p0011,east,0,5,6
4494,CP-AP-r001:S-P03-S06:GS12:p0012,east,0,8,1
4495,CP-AP-r001:S-P03-S06:GS12:p0013,east,0,10,6
4496,CP-AP-r001:S-P03-S06:GS12:p0014,east,0,8,0
4497,CP-AP-r001:S-P03-S06:GS12:p0015,east,0,8,4
4498,CP-AP-r001:S-P03-S06:GS12:p0016,east,0,6,6
4499,CP-AP-r001:S-P03-S07:GS01:p0002,west,7,0,4
4500,CP-AP-r001:S-P03-S07:GS01:p0003,west,6,0,6
4501,CP-AP-r001:S-P03-S07:GS01:p0004,west,6,0,0
4502,CP-AP-r001:S-P03-S07:GS01:p0005,west,7,0,5
4503,CP-AP-r001:S-P03-S07:GS01:p0006,west,6,0,6
4504,CP-AP-r001:S-P03-S07:GS01:p0007,west,6,0,0
4505,CP-AP-r001:S-P03-S07:GS01:p0008,west,7,0,5
4506,CP-AP-r001:S-P03-S07:GS01:p0009,west,4,0,0
4507,CP-AP-r001:S-P03-S07:GS01:p0010,west,6,0,6
4508,CP-AP-r001:S-P03-S07:GS01:p0011,west,4,0,1
4509,CP-AP-r001:S-P03-S07:GS01:p0012,west,7,0,5
4510,CP-AP-r001:S-P03-S07:GS02:p0002,west,7,0,4
4511,CP-AP-r001:S-P03-S07:GS02:p0003,west,6,0,6
4512,CP-AP-r001:S-P03-S07:GS02:p0004,west,6,0,0
4513,CP-AP-r001:S-P03-S07:GS02:p0005,west,6,0,6
4514,CP-AP-r001:S-P03-S07:GS02:p0006,west,6,0,5
4515,CP-AP-r001:S-P03-S07:GS02:p0007,west,6,0,6
4516,CP-AP-r001:S-P03-S07:GS02:p0008,west,6,0,0
4517,CP-AP-r001:S-P03-S07:GS02:p0009,west,4,0,6
4518,CP-AP-r001:S-P03-S07:GS02:p0010,west,7,0,5
4519,CP-AP-r001:S-P03-S07:GS02:p0011,west,6,0,6
4520,CP-AP-r001:S-P03-S07:GS02:p0012,west,6,0,1
4521,CP-AP-r001:S-P03-S07:GS02:p0013,west,6,0,6
4522,CP-AP-r001:S-P03-S07:GS02:p0014,west,6,0,5
4523,CP-AP-r001:S-P03-S07:GS03:p0002,west,7,0,4
4524,CP-AP-r001:S-P03-S07:GS03:p0003,west,4,0,6
4525,CP-AP-r001:S-P03-S07:GS03:p0004,west,6,0,0
4526,CP-AP-r001:S-P03-S07:GS03:p0005,west,6,0,6
4527,CP-AP-r001:S-P03-S07:GS03:p0006,west,7,0,5
4528,CP-AP-r001:S-P03-S07:GS03:p0007,west,6,0,6
4529,CP-AP-r001:S-P03-S07:GS03:p0008,west,7,0,0
4530,CP-AP-r001:S-P03-S07:GS03:p0009,west,6,0,6
4531,CP-AP-r001:S-P03-S07:GS03:p0010,west,7,0,5
4532,CP-AP-r001:S-P03-S07:GS03:p0011,west,6,0,6
4533,CP-AP-r001:S-P03-S07:GS03:p0012,west,7,0,1
4534,CP-AP-r001:S-P03-S07:GS03:p0013,west,6,0,6
4535,CP-AP-r001:S-P03-S07:GS03:p0014,west,6,0,5
4536,CP-AP-r001:S-P03-S07:GS04:p0002,east,0,6,6
4537,CP-AP-r001:S-P03-S07:GS04:p0003,east,0,5,1
4538,CP-AP-r001:S-P03-S07:GS04:p0004,east,0,6,6
4539,CP-AP-r001:S-P03-S07:GS04:p0005,east,0,6,4
4540,CP-AP-r001:S-P03-S07:GS04:p0006,east,0,7,6
4541,CP-AP-r001:S-P03-S07:GS04:p0007,east,0,7,1
4542,CP-AP-r001:S-P03-S07:GS04:p0008,east,0,6,6
4543,CP-AP-r001:S-P03-S07:GS04:p0009,east,0,6,4
4544,CP-AP-r001:S-P03-S07:GS04:p0010,east,0,7,6
4545,CP-AP-r001:S-P03-S07:GS04:p0011,east,0,6,6
4546,CP-AP-r001:S-P03-S07:GS04:p0012,east,0,7,6
4547,CP-AP-r001:S-P03-S07:GS04:p0013,east,0,6,3
4548,CP-AP-r001:S-P03-S07:GS04:p0014,east,0,6,6
4549,CP-AP-r001:S-P03-S07:GS05:p0002,east,0,6,1
4550,CP-AP-r001:S-P03-S07:GS05:p0003,east,0,6,6
4551,CP-AP-r001:S-P03-S07:GS05:p0004,east,0,7,4
4552,CP-AP-r001:S-P03-S07:GS05:p0005,east,0,4,6
4553,CP-AP-r001:S-P03-S07:GS05:p0006,east,0,6,1
4554,CP-AP-r001:S-P03-S07:GS05:p0007,east,0,6,6
4555,CP-AP-r001:S-P03-S07:GS05:p0008,east,0,7,4
4556,CP-AP-r001:S-P03-S07:GS05:p0009,east,0,5,6
4557,CP-AP-r001:S-P03-S07:GS05:p0010,east,0,5,1
4558,CP-AP-r001:S-P03-S07:GS05:p0011,east,0,5,6
4559,CP-AP-r001:S-P03-S07:GS05:p0012,east,0,7,3
4560,CP-AP-r001:S-P03-S07:GS05:p0013,east,0,7,6
4561,CP-AP-r001:S-P03-S07:GS06:p0002,east,0,6,1
4562,CP-AP-r001:S-P03-S07:GS06:p0003,east,0,6,6
4563,CP-AP-r001:S-P03-S07:GS06:p0004,east,0,4,0
4564,CP-AP-r001:S-P03-S07:GS06:p0005,east,0,6,4
4565,CP-AP-r001:S-P03-S07:GS06:p0006,east,0,6,1
4566,CP-AP-r001:S-P03-S07:GS06:p0007,east,0,6,6
4567,CP-AP-r001:S-P03-S07:GS06:p0008,east,0,6,0
4568,CP-AP-r001:S-P03-S07:GS06:p0009,east,0,7,4
4569,CP-AP-r001:S-P03-S07:GS06:p0010,east,0,6,1
4570,CP-AP-r001:S-P03-S07:GS06:p0011,east,0,6,6
4571,CP-AP-r001:S-P03-S07:GS06:p0012,east,0,7,3
4572,CP-AP-r001:S-P03-S07:GS07:p0001,west,7,0,4
4573,CP-AP-r001:S-P03-S07:GS07:p0002,west,8,0,0
4574,CP-AP-r001:S-P03-S07:GS07:p0003,west,7,0,6
4575,CP-AP-r001:S-P03-S07:GS07:p0004,west,9,0,0
4576,CP-AP-r001:S-P03-S07:GS07:p0005,west,8,0,5
4577,CP-AP-r001:S-P03-S07:GS07:p0006,west,9,0,0
4578,CP-AP-r001:S-P03-S07:GS07:p0007,west,7,0,6
4579,CP-AP-r001:S-P03-S07:GS07:p0008,west,7,0,0
4580,CP-AP-r001:S-P03-S07:GS07:p0009,west,8,0,5
4581,CP-AP-r001:S-P03-S07:GS07:p0010,west,10,0,0
4582,CP-AP-r001:S-P03-S07:GS07:p0011,west,7,0,6
4583,CP-AP-r001:S-P03-S07:GS07:p0012,west,7,0,1
4584,CP-AP-r001:S-P03-S07:GS07:p0013,west,7,0,5
4585,CP-AP-r001:S-P03-S07:GS08:p0002,west,8,0,4
4586,CP-AP-r001:S-P03-S07:GS08:p0003,west,8,0,6
4587,CP-AP-r001:S-P03-S07:GS08:p0004,west,10,0,0
4588,CP-AP-r001:S-P03-S07:GS08:p0005,west,6,0,6
4589,CP-AP-r001:S-P03-S07:GS08:p0006,west,8,0,5
4590,CP-AP-r001:S-P03-S07:GS08:p0007,west,7,0,0
4591,CP-AP-r001:S-P03-S07:GS08:p0008,west,8,0,6
4592,CP-AP-r001:S-P03-S07:GS08:p0009,west,10,0,0
4593,CP-AP-r001:S-P03-S07:GS08:p0010,west,4,0,6
4594,CP-AP-r001:S-P03-S07:GS08:p0011,west,7,0,5
4595,CP-AP-r001:S-P03-S07:GS08:p0012,west,7,0,0
4596,CP-AP-r001:S-P03-S07:GS08:p0013,west,8,0,6
4597,CP-AP-r001:S-P03-S07:GS08:p0014,west,11,0,1
4598,CP-AP-r001:S-P03-S07:GS08:p0015,west,5,0,5
4599,CP-AP-r001:S-P03-S07:GS09:p0002,west,8,0,4
4600,CP-AP-r001:S-P03-S07:GS09:p0003,west,7,0,6
4601,CP-AP-r001:S-P03-S07:GS09:p0004,west,8,0,6
4602,CP-AP-r001:S-P03-S07:GS09:p0005,west,8,0,6
4603,CP-AP-r001:S-P03-S07:GS09:p0006,west,8,0,5
4604,CP-AP-r001:S-P03-S07:GS09:p0007,west,6,0,6
4605,CP-AP-r001:S-P03-S07:GS09:p0008,west,8,0,6
4606,CP-AP-r001:S-P03-S07:GS09:p0009,west,9,0,0
4607,CP-AP-r001:S-P03-S07:GS09:p0010,west,9,0,6
4608,CP-AP-r001:S-P03-S07:GS09:p0011,west,8,0,5
4609,CP-AP-r001:S-P03-S07:GS09:p0012,west,7,0,5
4610,CP-AP-r001:S-P03-S07:GS09:p0013,west,8,0,6
4611,CP-AP-r001:S-P03-S07:GS09:p0014,west,8,0,1
4612,CP-AP-r001:S-P03-S07:GS09:p0015,west,7,0,6
4613,CP-AP-r001:S-P03-S07:GS09:p0016,west,6,0,5
4614,CP-AP-r001:S-P03-S07:GS10:p0002,east,0,8,6
4615,CP-AP-r001:S-P03-S07:GS10:p0003,east,0,7,1
4616,CP-AP-r001:S-P03-S07:GS10:p0004,east,0,8,6
4617,CP-AP-r001:S-P03-S07:GS10:p0005,east,0,9,4
4618,CP-AP-r001:S-P03-S07:GS10:p0006,east,0,8,6
4619,CP-AP-r001:S-P03-S07:GS10:p0007,east,0,8,1
4620,CP-AP-r001:S-P03-S07:GS10:p0008,east,0,9,6
4621,CP-AP-r001:S-P03-S07:GS10:p0009,east,0,8,4
4622,CP-AP-r001:S-P03-S07:GS10:p0010,east,0,8,6
4623,CP-AP-r001:S-P03-S07:GS10:p0011,east,0,8,1
4624,CP-AP-r001:S-P03-S07:GS10:p0012,east,0,7,6
4625,CP-AP-r001:S-P03-S07:GS10:p0013,east,0,8,3
4626,CP-AP-r001:S-P03-S07:GS10:p0014,east,0,6,6
4627,CP-AP-r001:S-P03-S07:GS11:p0002,east,0,9,6
4628,CP-AP-r001:S-P03-S07:GS11:p0003,east,0,7,1
4629,CP-AP-r001:S-P03-S07:GS11:p0004,east,0,8,6
4630,CP-AP-r001:S-P03-S07:GS11:p0005,east,0,9,4
4631,CP-AP-r001:S-P03-S07:GS11:p0006,east,0,9,6
4632,CP-AP-r001:S-P03-S07:GS11:p0007,east,0,7,1
4633,CP-AP-r001:S-P03-S07:GS11:p0008,east,0,7,6
4634,CP-AP-r001:S-P03-S07:GS11:p0009,east,0,8,4
4635,CP-AP-r001:S-P03-S07:GS11:p0010,east,0,9,6
4636,CP-AP-r001:S-P03-S07:GS11:p0011,east,0,7,1
4637,CP-AP-r001:S-P03-S07:GS11:p0012,east,0,7,6
4638,CP-AP-r001:S-P03-S07:GS11:p0013,east,0,8,3
4639,CP-AP-r001:S-P03-S07:GS11:p0014,east,0,6,6
4640,CP-AP-r001:S-P03-S07:GS12:p0002,east,0,7,6
4641,CP-AP-r001:S-P03-S07:GS12:p0003,east,0,8,1
4642,CP-AP-r001:S-P03-S07:GS12:p0004,east,0,10,6
4643,CP-AP-r001:S-P03-S07:GS12:p0005,east,0,4,0
4644,CP-AP-r001:S-P03-S07:GS12:p0006,east,0,7,4
4645,CP-AP-r001:S-P03-S07:GS12:p0007,east,0,7,6
4646,CP-AP-r001:S-P03-S07:GS12:p0008,east,0,8,1
4647,CP-AP-r001:S-P03-S07:GS12:p0009,east,0,10,6
4648,CP-AP-r001:S-P03-S07:GS12:p0010,east,0,7,4
4649,CP-AP-r001:S-P03-S07:GS12:p0011,east,0,8,6
4650,CP-AP-r001:S-P03-S07:GS12:p0012,east,0,7,1
4651,CP-AP-r001:S-P03-S07:GS12:p0013,east,0,10,6
4652,CP-AP-r001:S-P03-S07:GS12:p0014,east,0,9,3
4653,CP-AP-r001:S-P03-S07:GS12:p0015,east,0,5,6
4654,CP-AP-r001:S-P03-S08:GS01:p0002,west,6,0,4
4655,CP-AP-r001:S-P03-S08:GS01:p0003,west,7,0,6
4656,CP-AP-r001:S-P03-S08:GS01:p0004,west,7,0,0
4657,CP-AP-r001:S-P03-S08:GS01:p0005,west,6,0,5
4658,CP-AP-r001:S-P03-S08:GS01:p0006,west,7,0,6
4659,CP-AP-r001:S-P03-S08:GS01:p0007,west,7,0,0
4660,CP-AP-r001:S-P03-S08:GS01:p0008,west,7,0,5
4661,CP-AP-r001:S-P03-S08:GS01:p0009,west,6,0,0
4662,CP-AP-r001:S-P03-S08:GS01:p0010,west,8,0,6
4663,CP-AP-r001:S-P03-S08:GS01:p0011,west,5,0,1
4664,CP-AP-r001:S-P03-S08:GS01:p0012,west,7,0,5
4665,CP-AP-r001:S-P03-S08:GS02:p0002,west,6,0,4
4666,CP-AP-r001:S-P03-S08:GS02:p0003,west,7,0,6
4667,CP-AP-r001:S-P03-S08:GS02:p0004,west,7,0,0
4668,CP-AP-r001:S-P03-S08:GS02:p0005,west,8,0,6
4669,CP-AP-r001:S-P03-S08:GS02:p0006,west,6,0,5
4670,CP-AP-r001:S-P03-S08:GS02:p0007,west,7,0,6
4671,CP-AP-r001:S-P03-S08:GS02:p0008,west,7,0,0
4672,CP-AP-r001:S-P03-S08:GS02:p0009,west,6,0,6
4673,CP-AP-r001:S-P03-S08:GS02:p0010,west,6,0,5
4674,CP-AP-r001:S-P03-S08:GS02:p0011,west,7,0,6
4675,CP-AP-r001:S-P03-S08:GS02:p0012,west,7,0,1
4676,CP-AP-r001:S-P03-S08:GS02:p0013,west,7,0,6
4677,CP-AP-r001:S-P03-S08:GS02:p0014,west,6,0,5
4678,CP-AP-r001:S-P03-S08:GS03:p0002,west,6,0,4
4679,CP-AP-r001:S-P03-S08:GS03:p0003,west,5,0,6
4680,CP-AP-r001:S-P03-S08:GS03:p0004,west,6,0,0
4681,CP-AP-r001:S-P03-S08:GS03:p0005,west,7,0,6
4682,CP-AP-r001:S-P03-S08:GS03:p0006,west,6,0,5
4683,CP-AP-r001:S-P03-S08:GS03:p0007,west,6,0,6
4684,CP-AP-r001:S-P03-S08:GS03:p0008,west,7,0,0
4685,CP-AP-r001:S-P03-S08:GS03:p0009,west,7,0,6
4686,CP-AP-r001:S-P03-S08:GS03:p0010,west,6,0,5
4687,CP-AP-r001:S-P03-S08:GS03:p0011,west,7,0,6
4688,CP-AP-r001:S-P03-S08:GS03:p0012,west,8,0,1
4689,CP-AP-r001:S-P03-S08:GS03:p0013,west,7,0,6
4690,CP-AP-r001:S-P03-S08:GS03:p0014,west,6,0,5
4691,CP-AP-r001:S-P03-S08:GS04:p0002,east,0,4,6
4692,CP-AP-r001:S-P03-S08:GS04:p0003,east,0,4,1
4693,CP-AP-r001:S-P03-S08:GS04:p0004,east,0,7,6
4694,CP-AP-r001:S-P03-S08:GS04:p0005,east,0,7,4
4695,CP-AP-r001:S-P03-S08:GS04:p0006,east,0,6,6
4696,CP-AP-r001:S-P03-S08:GS04:p0007,east,0,7,6
4697,CP-AP-r001:S-P03-S08:GS04:p0008,east,0,7,4
4698,CP-AP-r001:S-P03-S08:GS04:p0009,east,0,6,6
4699,CP-AP-r001:S-P03-S08:GS04:p0010,east,0,7,6
4700,CP-AP-r001:S-P03-S08:GS04:p0011,east,0,7,6
4701,CP-AP-r001:S-P03-S08:GS04:p0012,east,0,7,3
4702,CP-AP-r001:S-P03-S08:GS04:p0013,east,0,6,6
4703,CP-AP-r001:S-P03-S08:GS05:p0002,east,0,7,1
4704,CP-AP-r001:S-P03-S08:GS05:p0003,east,0,7,6
4705,CP-AP-r001:S-P03-S08:GS05:p0004,east,0,7,4
4706,CP-AP-r001:S-P03-S08:GS05:p0005,east,0,6,6
4707,CP-AP-r001:S-P03-S08:GS05:p0006,east,0,7,1
4708,CP-AP-r001:S-P03-S08:GS05:p0007,east,0,7,6
4709,CP-AP-r001:S-P03-S08:GS05:p0008,east,0,7,4
4710,CP-AP-r001:S-P03-S08:GS05:p0009,east,0,5,6
4711,CP-AP-r001:S-P03-S08:GS05:p0010,east,0,6,0
4712,CP-AP-r001:S-P03-S08:GS05:p0011,east,0,7,6
4713,CP-AP-r001:S-P03-S08:GS05:p0012,east,0,8,3
4714,CP-AP-r001:S-P03-S08:GS05:p0013,east,0,6,6
4715,CP-AP-r001:S-P03-S08:GS06:p0002,east,0,7,1
4716,CP-AP-r001:S-P03-S08:GS06:p0003,east,0,7,6
4717,CP-AP-r001:S-P03-S08:GS06:p0004,east,0,6,0
4718,CP-AP-r001:S-P03-S08:GS06:p0005,east,0,6,4
4719,CP-AP-r001:S-P03-S08:GS06:p0006,east,0,7,1
4720,CP-AP-r001:S-P03-S08:GS06:p0007,east,0,7,6
4721,CP-AP-r001:S-P03-S08:GS06:p0008,east,0,7,0
4722,CP-AP-r001:S-P03-S08:GS06:p0009,east,0,6,4
4723,CP-AP-r001:S-P03-S08:GS06:p0010,east,0,7,0
4724,CP-AP-r001:S-P03-S08:GS06:p0011,east,0,7,6
4725,CP-AP-r001:S-P03-S08:GS06:p0012,east,0,6,3
4726,CP-AP-r001:S-P03-S08:GS07:p0001,west,8,0,4
4727,CP-AP-r001:S-P03-S08:GS07:p0002,west,7,0,0
4728,CP-AP-r001:S-P03-S08:GS07:p0003,west,8,0,6
4729,CP-AP-r001:S-P03-S08:GS07:p0004,west,10,0,0
4730,CP-AP-r001:S-P03-S08:GS07:p0005,west,9,0,5
4731,CP-AP-r001:S-P03-S08:GS07:p0006,west,8,0,0
4732,CP-AP-r001:S-P03-S08:GS07:p0007,west,8,0,6
4733,CP-AP-r001:S-P03-S08:GS07:p0008,west,8,0,0
4734,CP-AP-r001:S-P03-S08:GS07:p0009,west,8,0,5
4735,CP-AP-r001:S-P03-S08:GS07:p0010,west,8,0,0
4736,CP-AP-r001:S-P03-S08:GS07:p0011,west,8,0,6
4737,CP-AP-r001:S-P03-S08:GS07:p0012,west,8,0,1
4738,CP-AP-r001:S-P03-S08:GS07:p0013,west,7,0,5
4739,CP-AP-r001:S-P03-S08:GS08:p0002,west,8,0,4
4740,CP-AP-r001:S-P03-S08:GS08:p0003,west,8,0,6
4741,CP-AP-r001:S-P03-S08:GS08:p0004,west,9,0,0
4742,CP-AP-r001:S-P03-S08:GS08:p0005,west,9,0,6
4743,CP-AP-r001:S-P03-S08:GS08:p0006,west,8,0,5
4744,CP-AP-r001:S-P03-S08:GS08:p0007,west,5,0,0
4745,CP-AP-r001:S-P03-S08:GS08:p0008,west,8,0,6
4746,CP-AP-r001:S-P03-S08:GS08:p0009,west,10,0,0
4747,CP-AP-r001:S-P03-S08:GS08:p0010,west,8,0,6
4748,CP-AP-r001:S-P03-S08:GS08:p0011,west,8,0,5
4749,CP-AP-r001:S-P03-S08:GS08:p0012,west,6,0,0
4750,CP-AP-r001:S-P03-S08:GS08:p0013,west,8,0,6
4751,CP-AP-r001:S-P03-S08:GS08:p0014,west,10,0,1
4752,CP-AP-r001:S-P03-S08:GS08:p0015,west,7,0,5
4753,CP-AP-r001:S-P03-S08:GS09:p0002,west,8,0,4
4754,CP-AP-r001:S-P03-S08:GS09:p0003,west,8,0,6
4755,CP-AP-r001:S-P03-S08:GS09:p0004,west,7,0,6
4756,CP-AP-r001:S-P03-S08:GS09:p0005,west,8,0,6
4757,CP-AP-r001:S-P03-S08:GS09:p0006,west,8,0,5
4758,CP-AP-r001:S-P03-S08:GS09:p0007,west,7,0,5
4759,CP-AP-r001:S-P03-S08:GS09:p0008,west,7,0,6
4760,CP-AP-r001:S-P03-S08:GS09:p0009,west,8,0,0
4761,CP-AP-r001:S-P03-S08:GS09:p0010,west,8,0,6
4762,CP-AP-r001:S-P03-S08:GS09:p0011,west,8,0,5
4763,CP-AP-r001:S-P03-S08:GS09:p0012,west,8,0,6
4764,CP-AP-r001:S-P03-S08:GS09:p0013,west,7,0,1
4765,CP-AP-r001:S-P03-S08:GS09:p0014,west,7,0,6
4766,CP-AP-r001:S-P03-S08:GS09:p0015,west,6,0,5
4767,CP-AP-r001:S-P03-S08:GS10:p0002,east,0,7,6
4768,CP-AP-r001:S-P03-S08:GS10:p0003,east,0,9,1
4769,CP-AP-r001:S-P03-S08:GS10:p0004,east,0,8,6
4770,CP-AP-r001:S-P03-S08:GS10:p0005,east,0,8,4
4771,CP-AP-r001:S-P03-S08:GS10:p0006,east,0,7,6
4772,CP-AP-r001:S-P03-S08:GS10:p0007,east,0,9,1
4773,CP-AP-r001:S-P03-S08:GS10:p0008,east,0,9,6
4774,CP-AP-r001:S-P03-S08:GS10:p0009,east,0,8,4
4775,CP-AP-r001:S-P03-S08:GS10:p0010,east,0,7,6
4776,CP-AP-r001:S-P03-S08:GS10:p0011,east,0,9,0
4777,CP-AP-r001:S-P03-S08:GS10:p0012,east,0,7,6
4778,CP-AP-r001:S-P03-S08:GS10:p0013,east,0,8,3
4779,CP-AP-r001:S-P03-S08:GS10:p0014,east,0,6,6
4780,CP-AP-r001:S-P03-S08:GS11:p0002,east,0,8,6
4781,CP-AP-r001:S-P03-S08:GS11:p0003,east,0,8,1
4782,CP-AP-r001:S-P03-S08:GS11:p0004,east,0,9,6
4783,CP-AP-r001:S-P03-S08:GS11:p0005,east,0,8,4
4784,CP-AP-r001:S-P03-S08:GS11:p0006,east,0,8,6
4785,CP-AP-r001:S-P03-S08:GS11:p0007,east,0,8,1
4786,CP-AP-r001:S-P03-S08:GS11:p0008,east,0,8,6
4787,CP-AP-r001:S-P03-S08:GS11:p0009,east,0,8,4
4788,CP-AP-r001:S-P03-S08:GS11:p0010,east,0,7,6
4789,CP-AP-r001:S-P03-S08:GS11:p0011,east,0,8,0
4790,CP-AP-r001:S-P03-S08:GS11:p0012,east,0,8,6
4791,CP-AP-r001:S-P03-S08:GS11:p0013,east,0,7,3
4792,CP-AP-r001:S-P03-S08:GS11:p0014,east,0,6,6
4793,CP-AP-r001:S-P03-S08:GS12:p0002,east,0,5,6
4794,CP-AP-r001:S-P03-S08:GS12:p0003,east,0,8,1
4795,CP-AP-r001:S-P03-S08:GS12:p0004,east,0,10,6
4796,CP-AP-r001:S-P03-S08:GS12:p0005,east,0,8,0
4797,CP-AP-r001:S-P03-S08:GS12:p0006,east,0,8,4
4798,CP-AP-r001:S-P03-S08:GS12:p0007,east,0,6,6
4799,CP-AP-r001:S-P03-S08:GS12:p0008,east,0,8,1
4800,CP-AP-r001:S-P03-S08:GS12:p0009,east,0,10,6
4801,CP-AP-r001:S-P03-S08:GS12:p0010,east,0,8,4
4802,CP-AP-r001:S-P03-S08:GS12:p0011,east,0,7,6
4803,CP-AP-r001:S-P03-S08:GS12:p0012,east,0,8,0
4804,CP-AP-r001:S-P03-S08:GS12:p0013,east,0,10,6
4805,CP-AP-r001:S-P03-S08:GS12:p0014,east,0,9,3
4806,CP-AP-r001:S-P03-S08:GS12:p0015,east,0,6,6
4807,CP-AP-r001:S-P03-S09:GS01:p0001,west,7,0,5
4808,CP-AP-r001:S-P03-S09:GS01:p0002,west,4,0,0
4809,CP-AP-r001:S-P03-S09:GS01:p0003,west,6,0,6
4810,CP-AP-r001:S-P03-S09:GS01:p0004,west,5,0,1
4811,CP-AP-r001:S-P03-S09:GS01:p0005,west,7,0,5
4812,CP-AP-r001:S-P03-S09:GS01:p0006,west,5,0,0
4813,CP-AP-r001:S-P03-S09:GS01:p0007,west,5,0,6
4814,CP-AP-r001:S-P03-S09:GS01:p0008,west,5,0,1
4815,CP-AP-r001:S-P03-S09:GS01:p0009,west,7,0,6
4816,CP-AP-r001:S-P03-S09:GS01:p0010,west,8,0,0
4817,CP-AP-r001:S-P03-S09:GS01:p0011,west,6,0,6
4818,CP-AP-r001:S-P03-S09:GS01:p0012,west,6,0,2
4819,CP-AP-r001:S-P03-S09:GS01:p0013,west,6,0,6
4820,CP-AP-r001:S-P03-S09:GS02:p0001,west,7,0,5
4821,CP-AP-r001:S-P03-S09:GS02:p0002,west,6,0,6
4822,CP-AP-r001:S-P03-S09:GS02:p0003,west,6,0,1
4823,CP-AP-r001:S-P03-S09:GS02:p0004,west,6,0,6
4824,CP-AP-r001:S-P03-S09:GS02:p0005,west,7,0,5
4825,CP-AP-r001:S-P03-S09:GS02:p0006,west,6,0,6
4826,CP-AP-r001:S-P03-S09:GS02:p0007,west,6,0,1
4827,CP-AP-r001:S-P03-S09:GS02:p0008,west,7,0,6
4828,CP-AP-r001:S-P03-S09:GS02:p0009,west,6,0,6
4829,CP-AP-r001:S-P03-S09:GS02:p0010,west,6,0,2
4830,CP-AP-r001:S-P03-S09:GS02:p0011,west,7,0,6
4831,CP-AP-r001:S-P03-S09:GS03:p0002,west,7,0,5
4832,CP-AP-r001:S-P03-S09:GS03:p0003,west,6,0,6
4833,CP-AP-r001:S-P03-S09:GS03:p0004,west,7,0,1
4834,CP-AP-r001:S-P03-S09:GS03:p0005,west,6,0,6
4835,CP-AP-r001:S-P03-S09:GS03:p0006,west,7,0,5
4836,CP-AP-r001:S-P03-S09:GS03:p0007,west,6,0,6
4837,CP-AP-r001:S-P03-S09:GS03:p0008,west,6,0,1
4838,CP-AP-r001:S-P03-S09:GS03:p0009,west,6,0,6
4839,CP-AP-r001:S-P03-S09:GS03:p0010,west,6,0,6
4840,CP-AP-r001:S-P03-S09:GS03:p0011,west,6,0,6
4841,CP-AP-r001:S-P03-S09:GS03:p0012,west,6,0,2
4842,CP-AP-r001:S-P03-S09:GS03:p0013,west,4,0,6
4843,CP-AP-r001:S-P03-S09:GS03:p0014,west,7,0,6
4844,CP-AP-r001:S-P03-S09:GS04:p0002,east,0,7,6
4845,CP-AP-r001:S-P03-S09:GS04:p0003,east,0,6,6
4846,CP-AP-r001:S-P03-S09:GS04:p0004,east,0,6,6
4847,CP-AP-r001:S-P03-S09:GS04:p0005,east,0,6,3
4848,CP-AP-r001:S-P03-S09:GS04:p0006,east,0,7,6
4849,CP-AP-r001:S-P03-S09:GS04:p0007,east,0,4,6
4850,CP-AP-r001:S-P03-S09:GS04:p0008,east,0,6,6
4851,CP-AP-r001:S-P03-S09:GS04:p0009,east,0,6,2
4852,CP-AP-r001:S-P03-S09:GS04:p0010,east,0,7,6
4853,CP-AP-r001:S-P03-S09:GS04:p0011,east,0,6,6
4854,CP-AP-r001:S-P03-S09:GS04:p0012,east,0,8,6
4855,CP-AP-r001:S-P03-S09:GS04:p0013,east,0,6,2
4856,CP-AP-r001:S-P03-S09:GS04:p0014,east,0,7,6
4857,CP-AP-r001:S-P03-S09:GS05:p0002,east,0,4,6
4858,CP-AP-r001:S-P03-S09:GS05:p0003,east,0,5,1
4859,CP-AP-r001:S-P03-S09:GS05:p0004,east,0,5,6
4860,CP-AP-r001:S-P03-S09:GS05:p0005,east,0,7,3
4861,CP-AP-r001:S-P03-S09:GS05:p0006,east,0,8,6
4862,CP-AP-r001:S-P03-S09:GS05:p0007,east,0,6,0
4863,CP-AP-r001:S-P03-S09:GS05:p0008,east,0,6,6
4864,CP-AP-r001:S-P03-S09:GS05:p0009,east,0,6,2
4865,CP-AP-r001:S-P03-S09:GS05:p0010,east,0,7,6
4866,CP-AP-r001:S-P03-S09:GS05:p0011,east,0,6,6
4867,CP-AP-r001:S-P03-S09:GS05:p0012,east,0,6,2
4868,CP-AP-r001:S-P03-S09:GS05:p0013,east,0,7,6
4869,CP-AP-r001:S-P03-S09:GS06:p0002,east,0,6,1
4870,CP-AP-r001:S-P03-S09:GS06:p0003,east,0,6,6
4871,CP-AP-r001:S-P03-S09:GS06:p0004,east,0,7,3
4872,CP-AP-r001:S-P03-S09:GS06:p0005,east,0,6,0
4873,CP-AP-r001:S-P03-S09:GS06:p0006,east,0,6,6
4874,CP-AP-r001:S-P03-S09:GS06:p0007,east,0,7,2
4875,CP-AP-r001:S-P03-S09:GS06:p0008,east,0,4,6
4876,CP-AP-r001:S-P03-S09:GS06:p0009,east,0,6,0
4877,CP-AP-r001:S-P03-S09:GS06:p0010,east,0,5,6
4878,CP-AP-r001:S-P03-S09:GS06:p0011,east,0,7,2
4879,CP-AP-r001:S-P03-S09:GS06:p0012,east,0,6,6
4880,CP-AP-r001:S-P03-S09:GS07:p0001,west,8,0,5
4881,CP-AP-r001:S-P03-S09:GS07:p0002,west,9,0,0
4882,CP-AP-r001:S-P03-S09:GS07:p0003,west,7,0,6
4883,CP-AP-r001:S-P03-S09:GS07:p0004,west,7,0,1
4884,CP-AP-r001:S-P03-S09:GS07:p0005,west,8,0,5
4885,CP-AP-r001:S-P03-S09:GS07:p0006,west,9,0,0
4886,CP-AP-r001:S-P03-S09:GS07:p0007,west,7,0,6
4887,CP-AP-r001:S-P03-S09:GS07:p0008,west,7,0,1
4888,CP-AP-r001:S-P03-S09:GS07:p0009,west,8,0,6
4889,CP-AP-r001:S-P03-S09:GS07:p0010,west,8,0,0
4890,CP-AP-r001:S-P03-S09:GS07:p0011,west,8,0,6
4891,CP-AP-r001:S-P03-S09:GS07:p0012,west,8,0,2
4892,CP-AP-r001:S-P03-S09:GS07:p0013,west,8,0,6
4893,CP-AP-r001:S-P03-S09:GS08:p0001,west,7,0,5
4894,CP-AP-r001:S-P03-S09:GS08:p0002,west,7,0,0
4895,CP-AP-r001:S-P03-S09:GS08:p0003,west,8,0,6
4896,CP-AP-r001:S-P03-S09:GS08:p0004,west,10,0,1
4897,CP-AP-r001:S-P03-S09:GS08:p0005,west,7,0,5
4898,CP-AP-r001:S-P03-S09:GS08:p0006,west,8,0,0
4899,CP-AP-r001:S-P03-S09:GS08:p0007,west,7,0,6
4900,CP-AP-r001:S-P03-S09:GS08:p0008,west,9,0,1
4901,CP-AP-r001:S-P03-S09:GS08:p0009,west,9,0,6
4902,CP-AP-r001:S-P03-S09:GS08:p0010,west,9,0,0
4903,CP-AP-r001:S-P03-S09:GS08:p0011,west,7,0,6
4904,CP-AP-r001:S-P03-S09:GS08:p0012,west,7,0,2
4905,CP-AP-r001:S-P03-S09:GS08:p0013,west,8,0,6
4906,CP-AP-r001:S-P03-S09:GS09:p0002,west,8,0,5
4907,CP-AP-r001:S-P03-S09:GS09:p0003,west,6,0,5
4908,CP-AP-r001:S-P03-S09:GS09:p0004,west,8,0,6
4909,CP-AP-r001:S-P03-S09:GS09:p0005,west,8,0,1
4910,CP-AP-r001:S-P03-S09:GS09:p0006,west,8,0,6
4911,CP-AP-r001:S-P03-S09:GS09:p0007,west,8,0,5
4912,CP-AP-r001:S-P03-S09:GS09:p0008,west,8,0,6
4913,CP-AP-r001:S-P03-S09:GS09:p0009,west,10,0,1
4914,CP-AP-r001:S-P03-S09:GS09:p0010,west,6,0,6
4915,CP-AP-r001:S-P03-S09:GS09:p0011,west,8,0,6
4916,CP-AP-r001:S-P03-S09:GS09:p0012,west,7,0,0
4917,CP-AP-r001:S-P03-S09:GS09:p0013,west,8,0,6
4918,CP-AP-r001:S-P03-S09:GS09:p0014,west,10,0,2
4919,CP-AP-r001:S-P03-S09:GS09:p0015,west,6,0,6
4920,CP-AP-r001:S-P03-S09:GS09:p0016,west,7,0,6
4921,CP-AP-r001:S-P03-S09:GS10:p0002,east,0,8,6
4922,CP-AP-r001:S-P03-S09:GS10:p0003,east,0,8,1
4923,CP-AP-r001:S-P03-S09:GS10:p0004,east,0,7,6
4924,CP-AP-r001:S-P03-S09:GS10:p0005,east,0,8,3
4925,CP-AP-r001:S-P03-S09:GS10:p0006,east,0,8,6
4926,CP-AP-r001:S-P03-S09:GS10:p0007,east,0,6,0
4927,CP-AP-r001:S-P03-S09:GS10:p0008,east,0,8,6
4928,CP-AP-r001:S-P03-S09:GS10:p0009,east,0,8,2
4929,CP-AP-r001:S-P03-S09:GS10:p0010,east,0,8,6
4930,CP-AP-r001:S-P03-S09:GS10:p0011,east,0,5,0
4931,CP-AP-r001:S-P03-S09:GS10:p0012,east,0,8,6
4932,CP-AP-r001:S-P03-S09:GS10:p0013,east,0,10,6
4933,CP-AP-r001:S-P03-S09:GS10:p0014,east,0,8,2
4934,CP-AP-r001:S-P03-S09:GS10:p0015,east,0,8,6
4935,CP-AP-r001:S-P03-S09:GS11:p0002,east,0,9,6
4936,CP-AP-r001:S-P03-S09:GS11:p0003,east,0,7,1
4937,CP-AP-r001:S-P03-S09:GS11:p0004,east,0,7,6
4938,CP-AP-r001:S-P03-S09:GS11:p0005,east,0,8,3
4939,CP-AP-r001:S-P03-S09:GS11:p0006,east,0,8,6
4940,CP-AP-r001:S-P03-S09:GS11:p0007,east,0,7,0
4941,CP-AP-r001:S-P03-S09:GS11:p0008,east,0,8,6
4942,CP-AP-r001:S-P03-S09:GS11:p0009,east,0,9,2
4943,CP-AP-r001:S-P03-S09:GS11:p0010,east,0,8,6
4944,CP-AP-r001:S-P03-S09:GS11:p0011,east,0,9,0
4945,CP-AP-r001:S-P03-S09:GS11:p0012,east,0,8,6
4946,CP-AP-r001:S-P03-S09:GS11:p0013,east,0,8,2
4947,CP-AP-r001:S-P03-S09:GS11:p0014,east,0,8,6
4948,CP-AP-r001:S-P03-S09:GS12:p0002,east,0,8,6
4949,CP-AP-r001:S-P03-S09:GS12:p0003,east,0,7,1
4950,CP-AP-r001:S-P03-S09:GS12:p0004,east,0,10,6
4951,CP-AP-r001:S-P03-S09:GS12:p0005,east,0,8,3
4952,CP-AP-r001:S-P03-S09:GS12:p0006,east,0,9,6
4953,CP-AP-r001:S-P03-S09:GS12:p0007,east,0,7,0
4954,CP-AP-r001:S-P03-S09:GS12:p0008,east,0,7,6
4955,CP-AP-r001:S-P03-S09:GS12:p0009,east,0,8,2
4956,CP-AP-r001:S-P03-S09:GS12:p0010,east,0,10,6
4957,CP-AP-r001:S-P03-S09:GS12:p0011,east,0,7,0
4958,CP-AP-r001:S-P03-S09:GS12:p0012,east,0,7,6
4959,CP-AP-r001:S-P03-S09:GS12:p0013,east,0,8,2
4960,CP-AP-r001:S-P03-S09:GS12:p0014,east,0,9,6
4961,CP-AP-r001:S-P03-S10:GS01:p0001,west,7,0,5
4962,CP-AP-r001:S-P03-S10:GS01:p0002,west,6,0,0
4963,CP-AP-r001:S-P03-S10:GS01:p0003,west,8,0,6
4964,CP-AP-r001:S-P03-S10:GS01:p0004,west,6,0,1
4965,CP-AP-r001:S-P03-S10:GS01:p0005,west,7,0,5
4966,CP-AP-r001:S-P03-S10:GS01:p0006,west,5,0,0
4967,CP-AP-r001:S-P03-S10:GS01:p0007,west,5,0,6
4968,CP-AP-r001:S-P03-S10:GS01:p0008,west,7,0,2
4969,CP-AP-r001:S-P03-S10:GS01:p0009,west,7,0,6
4970,CP-AP-r001:S-P03-S10:GS01:p0010,west,6,0,0
4971,CP-AP-r001:S-P03-S10:GS01:p0011,west,4,0,6
4972,CP-AP-r001:S-P03-S10:GS01:p0012,west,7,0,2
4973,CP-AP-r001:S-P03-S10:GS01:p0013,west,7,0,6
4974,CP-AP-r001:S-P03-S10:GS02:p0001,west,6,0,5
4975,CP-AP-r001:S-P03-S10:GS02:p0002,west,7,0,6
4976,CP-AP-r001:S-P03-S10:GS02:p0003,west,7,0,1
4977,CP-AP-r001:S-P03-S10:GS02:p0004,west,7,0,6
4978,CP-AP-r001:S-P03-S10:GS02:p0005,west,6,0,5
4979,CP-AP-r001:S-P03-S10:GS02:p0006,west,7,0,6
4980,CP-AP-r001:S-P03-S10:GS02:p0007,west,7,0,2
4981,CP-AP-r001:S-P03-S10:GS02:p0008,west,7,0,6
4982,CP-AP-r001:S-P03-S10:GS02:p0009,west,7,0,6
4983,CP-AP-r001:S-P03-S10:GS02:p0010,west,7,0,2
4984,CP-AP-r001:S-P03-S10:GS02:p0011,west,7,0,6
4985,CP-AP-r001:S-P03-S10:GS03:p0001,west,6,0,5
4986,CP-AP-r001:S-P03-S10:GS03:p0002,west,6,0,6
4987,CP-AP-r001:S-P03-S10:GS03:p0003,west,8,0,1
4988,CP-AP-r001:S-P03-S10:GS03:p0004,west,7,0,6
4989,CP-AP-r001:S-P03-S10:GS03:p0005,west,6,0,5
4990,CP-AP-r001:S-P03-S10:GS03:p0006,west,7,0,6
4991,CP-AP-r001:S-P03-S10:GS03:p0007,west,7,0,2
4992,CP-AP-r001:S-P03-S10:GS03:p0008,west,8,0,6
4993,CP-AP-r001:S-P03-S10:GS03:p0009,west,6,0,6
4994,CP-AP-r001:S-P03-S10:GS03:p0010,west,7,0,6
4995,CP-AP-r001:S-P03-S10:GS03:p0011,west,7,0,2
4996,CP-AP-r001:S-P03-S10:GS03:p0012,west,6,0,6
4997,CP-AP-r001:S-P03-S10:GS03:p0013,west,6,0,6
4998,CP-AP-r001:S-P03-S10:GS04:p0001,east,0,6,6
4999,CP-AP-r001:S-P03-S10:GS04:p0002,east,0,7,6
5000,CP-AP-r001:S-P03-S10:GS04:p0003,east,0,7,6
5001,CP-AP-r001:S-P03-S10:GS04:p0004,east,0,7,3
5002,CP-AP-r001:S-P03-S10:GS04:p0005,east,0,6,6
5003,CP-AP-r001:S-P03-S10:GS04:p0006,east,0,5,6
5004,CP-AP-r001:S-P03-S10:GS04:p0007,east,0,6,6
5005,CP-AP-r001:S-P03-S10:GS04:p0008,east,0,7,2
5006,CP-AP-r001:S-P03-S10:GS04:p0009,east,0,6,6
5007,CP-AP-r001:S-P03-S10:GS04:p0010,east,0,6,6
5008,CP-AP-r001:S-P03-S10:GS04:p0011,east,0,8,6
5009,CP-AP-r001:S-P03-S10:GS04:p0012,east,0,7,1
5010,CP-AP-r001:S-P03-S10:GS04:p0013,east,0,6,6
5011,CP-AP-r001:S-P03-S10:GS05:p0002,east,0,5,6
5012,CP-AP-r001:S-P03-S10:GS05:p0003,east,0,6,1
5013,CP-AP-r001:S-P03-S10:GS05:p0004,east,0,6,6
5014,CP-AP-r001:S-P03-S10:GS05:p0005,east,0,8,3
5015,CP-AP-r001:S-P03-S10:GS05:p0006,east,0,6,6
5016,CP-AP-r001:S-P03-S10:GS05:p0007,east,0,4,0
5017,CP-AP-r001:S-P03-S10:GS05:p0008,east,0,7,6
5018,CP-AP-r001:S-P03-S10:GS05:p0009,east,0,7,2
5019,CP-AP-r001:S-P03-S10:GS05:p0010,east,0,6,6
5020,CP-AP-r001:S-P03-S10:GS05:p0011,east,0,7,6
5021,CP-AP-r001:S-P03-S10:GS05:p0012,east,0,7,1
5022,CP-AP-r001:S-P03-S10:GS05:p0013,east,0,6,6
5023,CP-AP-r001:S-P03-S10:GS06:p0002,east,0,7,1
5024,CP-AP-r001:S-P03-S10:GS06:p0003,east,0,7,6
5025,CP-AP-r001:S-P03-S10:GS06:p0004,east,0,6,3
5026,CP-AP-r001:S-P03-S10:GS06:p0005,east,0,7,0
5027,CP-AP-r001:S-P03-S10:GS06:p0006,east,0,7,6
5028,CP-AP-r001:S-P03-S10:GS06:p0007,east,0,7,2
5029,CP-AP-r001:S-P03-S10:GS06:p0008,east,0,6,6
5030,CP-AP-r001:S-P03-S10:GS06:p0009,east,0,8,0
5031,CP-AP-r001:S-P03-S10:GS06:p0010,east,0,6,6
5032,CP-AP-r001:S-P03-S10:GS06:p0011,east,0,8,1
5033,CP-AP-r001:S-P03-S10:GS06:p0012,east,0,5,6
5034,CP-AP-r001:S-P03-S10:GS07:p0001,west,8,0,5
5035,CP-AP-r001:S-P03-S10:GS07:p0002,west,8,0,0
5036,CP-AP-r001:S-P03-S10:GS07:p0003,west,8,0,6
5037,CP-AP-r001:S-P03-S10:GS07:p0004,west,8,0,1
5038,CP-AP-r001:S-P03-S10:GS07:p0005,west,8,0,5
5039,CP-AP-r001:S-P03-S10:GS07:p0006,west,7,0,0
5040,CP-AP-r001:S-P03-S10:GS07:p0007,west,9,0,6
5041,CP-AP-r001:S-P03-S10:GS07:p0008,west,8,0,2
5042,CP-AP-r001:S-P03-S10:GS07:p0009,west,7,0,6
5043,CP-AP-r001:S-P03-S10:GS07:p0010,west,7,0,0
5044,CP-AP-r001:S-P03-S10:GS07:p0011,west,10,0,6
5045,CP-AP-r001:S-P03-S10:GS07:p0012,west,8,0,2
5046,CP-AP-r001:S-P03-S10:GS07:p0013,west,8,0,6
5047,CP-AP-r001:S-P03-S10:GS08:p0001,west,8,0,5
5048,CP-AP-r001:S-P03-S10:GS08:p0002,west,6,0,0
5049,CP-AP-r001:S-P03-S10:GS08:p0003,west,8,0,6
5050,CP-AP-r001:S-P03-S10:GS08:p0004,west,10,0,1
5051,CP-AP-r001:S-P03-S10:GS08:p0005,west,8,0,5
5052,CP-AP-r001:S-P03-S10:GS08:p0006,west,8,0,0
5053,CP-AP-r001:S-P03-S10:GS08:p0007,west,8,0,6
5054,CP-AP-r001:S-P03-S10:GS08:p0008,west,10,0,2
5055,CP-AP-r001:S-P03-S10:GS08:p0009,west,9,0,6
5056,CP-AP-r001:S-P03-S10:GS08:p0010,west,9,0,0
5057,CP-AP-r001:S-P03-S10:GS08:p0011,west,8,0,6
5058,CP-AP-r001:S-P03-S10:GS08:p0012,west,8,0,2
5059,CP-AP-r001:S-P03-S10:GS08:p0013,west,8,0,6
5060,CP-AP-r001:S-P03-S10:GS09:p0001,west,8,0,5
5061,CP-AP-r001:S-P03-S10:GS09:p0002,west,7,0,5
5062,CP-AP-r001:S-P03-S10:GS09:p0003,west,8,0,6
5063,CP-AP-r001:S-P03-S10:GS09:p0004,west,7,0,1
5064,CP-AP-r001:S-P03-S10:GS09:p0005,west,8,0,6
5065,CP-AP-r001:S-P03-S10:GS09:p0006,west,8,0,5
5066,CP-AP-r001:S-P03-S10:GS09:p0007,west,8,0,6
5067,CP-AP-r001:S-P03-S10:GS09:p0008,west,9,0,2
5068,CP-AP-r001:S-P03-S10:GS09:p0009,west,9,0,6
5069,CP-AP-r001:S-P03-S10:GS09:p0010,west,8,0,6
5070,CP-AP-r001:S-P03-S10:GS09:p0011,west,5,0,0
5071,CP-AP-r001:S-P03-S10:GS09:p0012,west,8,0,6
5072,CP-AP-r001:S-P03-S10:GS09:p0013,west,10,0,2
5073,CP-AP-r001:S-P03-S10:GS09:p0014,west,8,0,6
5074,CP-AP-r001:S-P03-S10:GS10:p0002,east,0,7,6
5075,CP-AP-r001:S-P03-S10:GS10:p0003,east,0,9,1
5076,CP-AP-r001:S-P03-S10:GS10:p0004,east,0,7,6
5077,CP-AP-r001:S-P03-S10:GS10:p0005,east,0,8,3
5078,CP-AP-r001:S-P03-S10:GS10:p0006,east,0,8,6
5079,CP-AP-r001:S-P03-S10:GS10:p0007,east,0,7,0
5080,CP-AP-r001:S-P03-S10:GS10:p0008,east,0,7,6
5081,CP-AP-r001:S-P03-S10:GS10:p0009,east,0,9,6
5082,CP-AP-r001:S-P03-S10:GS10:p0010,east,0,8,2
5083,CP-AP-r001:S-P03-S10:GS10:p0011,east,0,8,6
5084,CP-AP-r001:S-P03-S10:GS10:p0012,east,0,7,0
5085,CP-AP-r001:S-P03-S10:GS10:p0013,east,0,8,6
5086,CP-AP-r001:S-P03-S10:GS10:p0014,east,0,8,6
5087,CP-AP-r001:S-P03-S10:GS10:p0015,east,0,8,1
5088,CP-AP-r001:S-P03-S10:GS10:p0016,east,0,8,6
5089,CP-AP-r001:S-P03-S10:GS11:p0002,east,0,7,6
5090,CP-AP-r001:S-P03-S10:GS11:p0003,east,0,8,1
5091,CP-AP-r001:S-P03-S10:GS11:p0004,east,0,8,6
5092,CP-AP-r001:S-P03-S10:GS11:p0005,east,0,7,3
5093,CP-AP-r001:S-P03-S10:GS11:p0006,east,0,7,6
5094,CP-AP-r001:S-P03-S10:GS11:p0007,east,0,10,0
5095,CP-AP-r001:S-P03-S10:GS11:p0008,east,0,8,6
5096,CP-AP-r001:S-P03-S10:GS11:p0009,east,0,8,2
5097,CP-AP-r001:S-P03-S10:GS11:p0010,east,0,7,6
5098,CP-AP-r001:S-P03-S10:GS11:p0011,east,0,9,0
5099,CP-AP-r001:S-P03-S10:GS11:p0012,east,0,8,6
5100,CP-AP-r001:S-P03-S10:GS11:p0013,east,0,9,1
5101,CP-AP-r001:S-P03-S10:GS11:p0014,east,0,7,6
5102,CP-AP-r001:S-P03-S10:GS12:p0002,east,0,7,6
5103,CP-AP-r001:S-P03-S10:GS12:p0003,east,0,8,1
5104,CP-AP-r001:S-P03-S10:GS12:p0004,east,0,11,6
5105,CP-AP-r001:S-P03-S10:GS12:p0005,east,0,9,3
5106,CP-AP-r001:S-P03-S10:GS12:p0006,east,0,8,6
5107,CP-AP-r001:S-P03-S10:GS12:p0007,east,0,8,0
5108,CP-AP-r001:S-P03-S10:GS12:p0008,east,0,8,6
5109,CP-AP-r001:S-P03-S10:GS12:p0009,east,0,8,2
5110,CP-AP-r001:S-P03-S10:GS12:p0010,east,0,8,6
5111,CP-AP-r001:S-P03-S10:GS12:p0011,east,0,8,0
5112,CP-AP-r001:S-P03-S10:GS12:p0012,east,0,8,6
5113,CP-AP-r001:S-P03-S10:GS12:p0013,east,0,7,1
5114,CP-AP-r001:S-P03-S10:GS12:p0014,east,0,7,6
5115,CP-AP-r001:S-P03-S11:GS01:p0001,west,3,0,6
5116,CP-AP-r001:S-P03-S11:GS01:p0002,west,8,0,0
5117,CP-AP-r001:S-P03-S11:GS01:p0003,west,6,0,6
5118,CP-AP-r001:S-P03-S11:GS01:p0004,west,6,0,2
5119,CP-AP-r001:S-P03-S11:GS01:p0005,west,6,0,6
5120,CP-AP-r001:S-P03-S11:GS01:p0006,west,7,0,0
5121,CP-AP-r001:S-P03-S11:GS01:p0007,west,6,0,3
5122,CP-AP-r001:S-P03-S11:GS01:p0008,west,6,0,6
5123,CP-AP-r001:S-P03-S11:GS01:p0009,west,7,0,0
5124,CP-AP-r001:S-P03-S11:GS01:p0010,west,4,0,4
5125,CP-AP-r001:S-P03-S11:GS01:p0011,west,7,0,0
5126,CP-AP-r001:S-P03-S11:GS01:p0012,west,6,0,6
5127,CP-AP-r001:S-P03-S11:GS02:p0001,west,4,0,6
5128,CP-AP-r001:S-P03-S11:GS02:p0002,west,6,0,6
5129,CP-AP-r001:S-P03-S11:GS02:p0003,west,6,0,2
5130,CP-AP-r001:S-P03-S11:GS02:p0004,west,7,0,6
5131,CP-AP-r001:S-P03-S11:GS02:p0005,west,4,0,0
5132,CP-AP-r001:S-P03-S11:GS02:p0006,west,6,0,6
5133,CP-AP-r001:S-P03-S11:GS02:p0007,west,4,0,3
5134,CP-AP-r001:S-P03-S11:GS02:p0008,west,8,0,6
5135,CP-AP-r001:S-P03-S11:GS02:p0009,west,6,0,0
5136,CP-AP-r001:S-P03-S11:GS02:p0010,west,5,0,6
5137,CP-AP-r001:S-P03-S11:GS02:p0011,west,7,0,4
5138,CP-AP-r001:S-P03-S11:GS02:p0012,west,6,0,6
5139,CP-AP-r001:S-P03-S11:GS03:p0001,west,4,0,6
5140,CP-AP-r001:S-P03-S11:GS03:p0002,west,6,0,6
5141,CP-AP-r001:S-P03-S11:GS03:p0003,west,6,0,2
5142,CP-AP-r001:S-P03-S11:GS03:p0004,west,4,0,6
5143,CP-AP-r001:S-P03-S11:GS03:p0005,west,7,0,6
5144,CP-AP-r001:S-P03-S11:GS03:p0006,west,6,0,6
5145,CP-AP-r001:S-P03-S11:GS03:p0007,west,6,0,3
5146,CP-AP-r001:S-P03-S11:GS03:p0008,west,6,0,6
5147,CP-AP-r001:S-P03-S11:GS03:p0009,west,7,0,6
5148,CP-AP-r001:S-P03-S11:GS03:p0010,west,6,0,6
5149,CP-AP-r001:S-P03-S11:GS03:p0011,west,6,0,4
5150,CP-AP-r001:S-P03-S11:GS03:p0012,west,7,0,6
5151,CP-AP-r001:S-P03-S11:GS04:p0001,east,0,5,6
5152,CP-AP-r001:S-P03-S11:GS04:p0002,east,0,6,6
5153,CP-AP-r001:S-P03-S11:GS04:p0003,east,0,8,6
5154,CP-AP-r001:S-P03-S11:GS04:p0004,east,0,6,2
5155,CP-AP-r001:S-P03-S11:GS04:p0005,east,0,7,6
5156,CP-AP-r001:S-P03-S11:GS04:p0006,east,0,6,5
5157,CP-AP-r001:S-P03-S11:GS04:p0007,east,0,7,6
5158,CP-AP-r001:S-P03-S11:GS04:p0008,east,0,6,1
5159,CP-AP-r001:S-P03-S11:GS04:p0009,east,0,7,6
5160,CP-AP-r001:S-P03-S11:GS04:p0010,east,0,6,5
5161,CP-AP-r001:S-P03-S11:GS04:p0011,east,0,6,6
5162,CP-AP-r001:S-P03-S11:GS04:p0012,east,0,5,0
5163,CP-AP-r001:S-P03-S11:GS04:p0013,east,0,6,6
5164,CP-AP-r001:S-P03-S11:GS05:p0001,east,0,5,6
5165,CP-AP-r001:S-P03-S11:GS05:p0002,east,0,6,6
5166,CP-AP-r001:S-P03-S11:GS05:p0003,east,0,6,2
5167,CP-AP-r001:S-P03-S11:GS05:p0004,east,0,7,6
5168,CP-AP-r001:S-P03-S11:GS05:p0005,east,0,6,5
5169,CP-AP-r001:S-P03-S11:GS05:p0006,east,0,7,6
5170,CP-AP-r001:S-P03-S11:GS05:p0007,east,0,6,1
5171,CP-AP-r001:S-P03-S11:GS05:p0008,east,0,7,6
5172,CP-AP-r001:S-P03-S11:GS05:p0009,east,0,4,5
5173,CP-AP-r001:S-P03-S11:GS05:p0010,east,0,6,6
5174,CP-AP-r001:S-P03-S11:GS05:p0011,east,0,6,0
5175,CP-AP-r001:S-P03-S11:GS05:p0012,east,0,7,6
5176,CP-AP-r001:S-P03-S11:GS06:p0001,east,0,3,6
5177,CP-AP-r001:S-P03-S11:GS06:p0002,east,0,6,0
5178,CP-AP-r001:S-P03-S11:GS06:p0003,east,0,6,6
5179,CP-AP-r001:S-P03-S11:GS06:p0004,east,0,7,2
5180,CP-AP-r001:S-P03-S11:GS06:p0005,east,0,5,6
5181,CP-AP-r001:S-P03-S11:GS06:p0006,east,0,5,0
5182,CP-AP-r001:S-P03-S11:GS06:p0007,east,0,5,5
5183,CP-AP-r001:S-P03-S11:GS06:p0008,east,0,7,1
5184,CP-AP-r001:S-P03-S11:GS06:p0009,east,0,8,6
5185,CP-AP-r001:S-P03-S11:GS06:p0010,east,0,6,0
5186,CP-AP-r001:S-P03-S11:GS06:p0011,east,0,6,5
5187,CP-AP-r001:S-P03-S11:GS06:p0012,east,0,6,0
5188,CP-AP-r001:S-P03-S11:GS06:p0013,east,0,7,6
5189,CP-AP-r001:S-P03-S11:GS07:p0001,west,5,0,6
5190,CP-AP-r001:S-P03-S11:GS07:p0002,west,8,0,0
5191,CP-AP-r001:S-P03-S11:GS07:p0003,west,8,0,6
5192,CP-AP-r001:S-P03-S11:GS07:p0004,west,8,0,2
5193,CP-AP-r001:S-P03-S11:GS07:p0005,west,8,0,6
5194,CP-AP-r001:S-P03-S11:GS07:p0006,west,8,0,0
5195,CP-AP-r001:S-P03-S11:GS07:p0007,west,8,0,6
5196,CP-AP-r001:S-P03-S11:GS07:p0008,west,7,0,3
5197,CP-AP-r001:S-P03-S11:GS07:p0009,west,9,0,6
5198,CP-AP-r001:S-P03-S11:GS07:p0010,west,8,0,0
5199,CP-AP-r001:S-P03-S11:GS07:p0011,west,7,0,6
5200,CP-AP-r001:S-P03-S11:GS07:p0012,west,7,0,4
5201,CP-AP-r001:S-P03-S11:GS07:p0013,west,8,0,6
5202,CP-AP-r001:S-P03-S11:GS08:p0001,west,5,0,6
5203,CP-AP-r001:S-P03-S11:GS08:p0002,west,9,0,0
5204,CP-AP-r001:S-P03-S11:GS08:p0003,west,7,0,6
5205,CP-AP-r001:S-P03-S11:GS08:p0004,west,7,0,2
5206,CP-AP-r001:S-P03-S11:GS08:p0005,west,8,0,6
5207,CP-AP-r001:S-P03-S11:GS08:p0006,west,10,0,0
5208,CP-AP-r001:S-P03-S11:GS08:p0007,west,7,0,6
5209,CP-AP-r001:S-P03-S11:GS08:p0008,west,7,0,3
5210,CP-AP-r001:S-P03-S11:GS08:p0009,west,8,0,6
5211,CP-AP-r001:S-P03-S11:GS08:p0010,west,8,0,0
5212,CP-AP-r001:S-P03-S11:GS08:p0011,west,7,0,6
5213,CP-AP-r001:S-P03-S11:GS08:p0012,west,8,0,4
5214,CP-AP-r001:S-P03-S11:GS08:p0013,west,8,0,6
5215,CP-AP-r001:S-P03-S11:GS09:p0001,west,6,0,6
5216,CP-AP-r001:S-P03-S11:GS09:p0002,west,7,0,0
5217,CP-AP-r001:S-P03-S11:GS09:p0003,west,8,0,6
5218,CP-AP-r001:S-P03-S11:GS09:p0004,west,10,0,2
5219,CP-AP-r001:S-P03-S11:GS09:p0005,west,5,0,6
5220,CP-AP-r001:S-P03-S11:GS09:p0006,west,7,0,6
5221,CP-AP-r001:S-P03-S11:GS09:p0007,west,6,0,0
5222,CP-AP-r001:S-P03-S11:GS09:p0008,west,8,0,6
5223,CP-AP-r001:S-P03-S11:GS09:p0009,west,11,0,3
5224,CP-AP-r001:S-P03-S11:GS09:p0010,west,7,0,6
5225,CP-AP-r001:S-P03-S11:GS09:p0011,west,9,0,0
5226,CP-AP-r001:S-P03-S11:GS09:p0012,west,7,0,6
5227,CP-AP-r001:S-P03-S11:GS09:p0013,west,9,0,4
5228,CP-AP-r001:S-P03-S11:GS09:p0014,west,9,0,6
5229,CP-AP-r001:S-P03-S11:GS10:p0001,east,0,6,6
5230,CP-AP-r001:S-P03-S11:GS10:p0002,east,0,5,0
5231,CP-AP-r001:S-P03-S11:GS10:p0003,east,0,8,6
5232,CP-AP-r001:S-P03-S11:GS10:p0004,east,0,9,6
5233,CP-AP-r001:S-P03-S11:GS10:p0005,east,0,8,2
5234,CP-AP-r001:S-P03-S11:GS10:p0006,east,0,8,6
5235,CP-AP-r001:S-P03-S11:GS10:p0007,east,0,6,0
5236,CP-AP-r001:S-P03-S11:GS10:p0008,east,0,8,5
5237,CP-AP-r001:S-P03-S11:GS10:p0009,east,0,9,6
5238,CP-AP-r001:S-P03-S11:GS10:p0010,east,0,6,1
5239,CP-AP-r001:S-P03-S11:GS10:p0011,east,0,8,6
5240,CP-AP-r001:S-P03-S11:GS10:p0012,east,0,8,5
5241,CP-AP-r001:S-P03-S11:GS10:p0013,east,0,10,6
5242,CP-AP-r001:S-P03-S11:GS10:p0014,east,0,6,0
5243,CP-AP-r001:S-P03-S11:GS10:p0015,east,0,8,6
5244,CP-AP-r001:S-P03-S11:GS11:p0001,east,0,6,6
5245,CP-AP-r001:S-P03-S11:GS11:p0002,east,0,8,0
5246,CP-AP-r001:S-P03-S11:GS11:p0003,east,0,8,6
5247,CP-AP-r001:S-P03-S11:GS11:p0004,east,0,8,2
5248,CP-AP-r001:S-P03-S11:GS11:p0005,east,0,8,6
5249,CP-AP-r001:S-P03-S11:GS11:p0006,east,0,8,0
5250,CP-AP-r001:S-P03-S11:GS11:p0007,east,0,7,5
5251,CP-AP-r001:S-P03-S11:GS11:p0008,east,0,8,1
5252,CP-AP-r001:S-P03-S11:GS11:p0009,east,0,8,6
5253,CP-AP-r001:S-P03-S11:GS11:p0010,east,0,6,0
5254,CP-AP-r001:S-P03-S11:GS11:p0011,east,0,8,5
5255,CP-AP-r001:S-P03-S11:GS11:p0012,east,0,9,6
5256,CP-AP-r001:S-P03-S11:GS11:p0013,east,0,8,0
5257,CP-AP-r001:S-P03-S11:GS11:p0014,east,0,8,6
5258,CP-AP-r001:S-P03-S11:GS12:p0001,east,0,8,6
5259,CP-AP-r001:S-P03-S11:GS12:p0002,east,0,7,0
5260,CP-AP-r001:S-P03-S11:GS12:p0003,east,0,7,6
5261,CP-AP-r001:S-P03-S11:GS12:p0004,east,0,8,2
5262,CP-AP-r001:S-P03-S11:GS12:p0005,east,0,9,6
5263,CP-AP-r001:S-P03-S11:GS12:p0006,east,0,7,0
5264,CP-AP-r001:S-P03-S11:GS12:p0007,east,0,7,5
5265,CP-AP-r001:S-P03-S11:GS12:p0008,east,0,8,1
5266,CP-AP-r001:S-P03-S11:GS12:p0009,east,0,8,6
5267,CP-AP-r001:S-P03-S11:GS12:p0010,east,0,8,0
5268,CP-AP-r001:S-P03-S11:GS12:p0011,east,0,8,5
5269,CP-AP-r001:S-P03-S11:GS12:p0012,east,0,8,0
5270,CP-AP-r001:S-P03-S11:GS12:p0013,east,0,8,6
5271,CP-AP-r001:S-P03-S12:GS01:p0001,west,4,0,6
5272,CP-AP-r001:S-P03-S12:GS01:p0002,west,6,0,0
5273,CP-AP-r001:S-P03-S12:GS01:p0003,west,4,0,6
5274,CP-AP-r001:S-P03-S12:GS01:p0004,west,7,0,2
5275,CP-AP-r001:S-P03-S12:GS01:p0005,west,7,0,6
5276,CP-AP-r001:S-P03-S12:GS01:p0006,west,6,0,0
5277,CP-AP-r001:S-P03-S12:GS01:p0007,west,7,0,3
5278,CP-AP-r001:S-P03-S12:GS01:p0008,west,7,0,6
5279,CP-AP-r001:S-P03-S12:GS01:p0009,west,6,0,1
5280,CP-AP-r001:S-P03-S12:GS01:p0010,west,5,0,4
5281,CP-AP-r001:S-P03-S12:GS01:p0011,west,7,0,0
5282,CP-AP-r001:S-P03-S12:GS01:p0012,west,7,0,6
5283,CP-AP-r001:S-P03-S12:GS02:p0001,west,3,0,6
5284,CP-AP-r001:S-P03-S12:GS02:p0002,west,7,0,6
5285,CP-AP-r001:S-P03-S12:GS02:p0003,west,7,0,2
5286,CP-AP-r001:S-P03-S12:GS02:p0004,west,7,0,6
5287,CP-AP-r001:S-P03-S12:GS02:p0005,west,6,0,0
5288,CP-AP-r001:S-P03-S12:GS02:p0006,west,8,0,6
5289,CP-AP-r001:S-P03-S12:GS02:p0007,west,5,0,3
5290,CP-AP-r001:S-P03-S12:GS02:p0008,west,8,0,6
5291,CP-AP-r001:S-P03-S12:GS02:p0009,west,5,0,1
5292,CP-AP-r001:S-P03-S12:GS02:p0010,west,5,0,6
5293,CP-AP-r001:S-P03-S12:GS02:p0011,west,7,0,4
5294,CP-AP-r001:S-P03-S12:GS02:p0012,west,7,0,6
5295,CP-AP-r001:S-P03-S12:GS03:p0001,west,3,0,6
5296,CP-AP-r001:S-P03-S12:GS03:p0002,west,7,0,6
5297,CP-AP-r001:S-P03-S12:GS03:p0003,west,7,0,2
5298,CP-AP-r001:S-P03-S12:GS03:p0004,west,6,0,6
5299,CP-AP-r001:S-P03-S12:GS03:p0005,west,6,0,6
5300,CP-AP-r001:S-P03-S12:GS03:p0006,west,7,0,6
5301,CP-AP-r001:S-P03-S12:GS03:p0007,west,7,0,3
5302,CP-AP-r001:S-P03-S12:GS03:p0008,west,7,0,6
5303,CP-AP-r001:S-P03-S12:GS03:p0009,west,6,0,6
5304,CP-AP-r001:S-P03-S12:GS03:p0010,west,7,0,6
5305,CP-AP-r001:S-P03-S12:GS03:p0011,west,7,0,4
5306,CP-AP-r001:S-P03-S12:GS03:p0012,west,7,0,6
5307,CP-AP-r001:S-P03-S12:GS04:p0001,east,0,4,6
5308,CP-AP-r001:S-P03-S12:GS04:p0002,east,0,6,6
5309,CP-AP-r001:S-P03-S12:GS04:p0003,east,0,8,6
5310,CP-AP-r001:S-P03-S12:GS04:p0004,east,0,7,2
5311,CP-AP-r001:S-P03-S12:GS04:p0005,east,0,6,6
5312,CP-AP-r001:S-P03-S12:GS04:p0006,east,0,7,5
5313,CP-AP-r001:S-P03-S12:GS04:p0007,east,0,8,6
5314,CP-AP-r001:S-P03-S12:GS04:p0008,east,0,7,1
5315,CP-AP-r001:S-P03-S12:GS04:p0009,east,0,6,6
5316,CP-AP-r001:S-P03-S12:GS04:p0010,east,0,7,5
5317,CP-AP-r001:S-P03-S12:GS04:p0011,east,0,7,6
5318,CP-AP-r001:S-P03-S12:GS04:p0012,east,0,7,0
5319,CP-AP-r001:S-P03-S12:GS04:p0013,east,0,6,6
5320,CP-AP-r001:S-P03-S12:GS05:p0001,east,0,4,6
5321,CP-AP-r001:S-P03-S12:GS05:p0002,east,0,7,6
5322,CP-AP-r001:S-P03-S12:GS05:p0003,east,0,7,2
5323,CP-AP-r001:S-P03-S12:GS05:p0004,east,0,6,6
5324,CP-AP-r001:S-P03-S12:GS05:p0005,east,0,7,5
5325,CP-AP-r001:S-P03-S12:GS05:p0006,east,0,7,6
5326,CP-AP-r001:S-P03-S12:GS05:p0007,east,0,7,1
5327,CP-AP-r001:S-P03-S12:GS05:p0008,east,0,6,6
5328,CP-AP-r001:S-P03-S12:GS05:p0009,east,0,5,5
5329,CP-AP-r001:S-P03-S12:GS05:p0010,east,0,6,6
5330,CP-AP-r001:S-P03-S12:GS05:p0011,east,0,7,0
5331,CP-AP-r001:S-P03-S12:GS05:p0012,east,0,6,6
5332,CP-AP-r001:S-P03-S12:GS06:p0001,east,0,4,6
5333,CP-AP-r001:S-P03-S12:GS06:p0002,east,0,8,0
5334,CP-AP-r001:S-P03-S12:GS06:p0003,east,0,7,6
5335,CP-AP-r001:S-P03-S12:GS06:p0004,east,0,7,2
5336,CP-AP-r001:S-P03-S12:GS06:p0005,east,0,5,6
5337,CP-AP-r001:S-P03-S12:GS06:p0006,east,0,6,0
5338,CP-AP-r001:S-P03-S12:GS06:p0007,east,0,7,5
5339,CP-AP-r001:S-P03-S12:GS06:p0008,east,0,7,1
5340,CP-AP-r001:S-P03-S12:GS06:p0009,east,0,6,6
5341,CP-AP-r001:S-P03-S12:GS06:p0010,east,0,4,0
5342,CP-AP-r001:S-P03-S12:GS06:p0011,east,0,7,5
5343,CP-AP-r001:S-P03-S12:GS06:p0012,east,0,7,0
5344,CP-AP-r001:S-P03-S12:GS06:p0013,east,0,6,6
5345,CP-AP-r001:S-P03-S12:GS07:p0001,west,4,0,6
5346,CP-AP-r001:S-P03-S12:GS07:p0002,west,7,0,0
5347,CP-AP-r001:S-P03-S12:GS07:p0003,west,10,0,6
5348,CP-AP-r001:S-P03-S12:GS07:p0004,west,8,0,2
5349,CP-AP-r001:S-P03-S12:GS07:p0005,west,8,0,6
5350,CP-AP-r001:S-P03-S12:GS07:p0006,west,7,0,0
5351,CP-AP-r001:S-P03-S12:GS07:p0007,west,9,0,6
5352,CP-AP-r001:S-P03-S12:GS07:p0008,west,7,0,3
5353,CP-AP-r001:S-P03-S12:GS07:p0009,west,9,0,6
5354,CP-AP-r001:S-P03-S12:GS07:p0010,west,7,0,1
5355,CP-AP-r001:S-P03-S12:GS07:p0011,west,8,0,6
5356,CP-AP-r001:S-P03-S12:GS07:p0012,west,7,0,4
5357,CP-AP-r001:S-P03-S12:GS07:p0013,west,8,0,6
5358,CP-AP-r001:S-P03-S12:GS08:p0001,west,4,0,6
5359,CP-AP-r001:S-P03-S12:GS08:p0002,west,8,0,0
5360,CP-AP-r001:S-P03-S12:GS08:p0003,west,8,0,6
5361,CP-AP-r001:S-P03-S12:GS08:p0004,west,8,0,2
5362,CP-AP-r001:S-P03-S12:GS08:p0005,west,8,0,6
5363,CP-AP-r001:S-P03-S12:GS08:p0006,west,8,0,0
5364,CP-AP-r001:S-P03-S12:GS08:p0007,west,8,0,6
5365,CP-AP-r001:S-P03-S12:GS08:p0008,west,8,0,3
5366,CP-AP-r001:S-P03-S12:GS08:p0009,west,7,0,6
5367,CP-AP-r001:S-P03-S12:GS08:p0010,west,7,0,1
5368,CP-AP-r001:S-P03-S12:GS08:p0011,west,9,0,6
5369,CP-AP-r001:S-P03-S12:GS08:p0012,west,8,0,4
5370,CP-AP-r001:S-P03-S12:GS08:p0013,west,8,0,6
5371,CP-AP-r001:S-P03-S12:GS09:p0001,west,6,0,6
5372,CP-AP-r001:S-P03-S12:GS09:p0002,west,5,0,0
5373,CP-AP-r001:S-P03-S12:GS09:p0003,west,8,0,6
5374,CP-AP-r001:S-P03-S12:GS09:p0004,west,10,0,2
5375,CP-AP-r001:S-P03-S12:GS09:p0005,west,8,0,6
5376,CP-AP-r001:S-P03-S12:GS09:p0006,west,8,0,6
5377,CP-AP-r001:S-P03-S12:GS09:p0007,west,5,0,0
5378,CP-AP-r001:S-P03-S12:GS09:p0008,west,8,0,6
5379,CP-AP-r001:S-P03-S12:GS09:p0009,west,10,0,3
5380,CP-AP-r001:S-P03-S12:GS09:p0010,west,8,0,6
5381,CP-AP-r001:S-P03-S12:GS09:p0011,west,8,0,1
5382,CP-AP-r001:S-P03-S12:GS09:p0012,west,8,0,6
5383,CP-AP-r001:S-P03-S12:GS09:p0013,west,10,0,4
5384,CP-AP-r001:S-P03-S12:GS09:p0014,west,9,0,6
5385,CP-AP-r001:S-P03-S12:GS10:p0001,east,0,6,6
5386,CP-AP-r001:S-P03-S12:GS10:p0002,east,0,7,0
5387,CP-AP-r001:S-P03-S12:GS10:p0003,east,0,8,6
5388,CP-AP-r001:S-P03-S12:GS10:p0004,east,0,8,6
5389,CP-AP-r001:S-P03-S12:GS10:p0005,east,0,8,2
5390,CP-AP-r001:S-P03-S12:GS10:p0006,east,0,8,6
5391,CP-AP-r001:S-P03-S12:GS10:p0007,east,0,8,5
5392,CP-AP-r001:S-P03-S12:GS10:p0008,east,0,8,6
5393,CP-AP-r001:S-P03-S12:GS10:p0009,east,0,6,1
5394,CP-AP-r001:S-P03-S12:GS10:p0010,east,0,8,6
5395,CP-AP-r001:S-P03-S12:GS10:p0011,east,0,7,5
5396,CP-AP-r001:S-P03-S12:GS10:p0012,east,0,8,5
5397,CP-AP-r001:S-P03-S12:GS10:p0013,east,0,9,6
5398,CP-AP-r001:S-P03-S12:GS10:p0014,east,0,8,0
5399,CP-AP-r001:S-P03-S12:GS10:p0015,east,0,8,6
5400,CP-AP-r001:S-P03-S12:GS11:p0001,east,0,5,6
5401,CP-AP-r001:S-P03-S12:GS11:p0002,east,0,9,0
5402,CP-AP-r001:S-P03-S12:GS11:p0003,east,0,8,6
5403,CP-AP-r001:S-P03-S12:GS11:p0004,east,0,8,2
5404,CP-AP-r001:S-P03-S12:GS11:p0005,east,0,7,6
5405,CP-AP-r001:S-P03-S12:GS11:p0006,east,0,9,0
5406,CP-AP-r001:S-P03-S12:GS11:p0007,east,0,7,5
5407,CP-AP-r001:S-P03-S12:GS11:p0008,east,0,8,1
5408,CP-AP-r001:S-P03-S12:GS11:p0009,east,0,8,6
5409,CP-AP-r001:S-P03-S12:GS11:p0010,east,0,7,0
5410,CP-AP-r001:S-P03-S12:GS11:p0011,east,0,7,5
5411,CP-AP-r001:S-P03-S12:GS11:p0012,east,0,8,6
5412,CP-AP-r001:S-P03-S12:GS11:p0013,east,0,8,0
5413,CP-AP-r001:S-P03-S12:GS11:p0014,east,0,8,6
5414,CP-AP-r001:S-P03-S12:GS12:p0001,east,0,6,6
5415,CP-AP-r001:S-P03-S12:GS12:p0002,east,0,8,0
5416,CP-AP-r001:S-P03-S12:GS12:p0003,east,0,8,6
5417,CP-AP-r001:S-P03-S12:GS12:p0004,east,0,8,2
5418,CP-AP-r001:S-P03-S12:GS12:p0005,east,0,7,6
5419,CP-AP-r001:S-P03-S12:GS12:p0006,east,0,8,0
5420,CP-AP-r001:S-P03-S12:GS12:p0007,east,0,8,5
5421,CP-AP-r001:S-P03-S12:GS12:p0008,east,0,7,1
5422,CP-AP-r001:S-P03-S12:GS12:p0009,east,0,7,6
5423,CP-AP-r001:S-P03-S12:GS12:p0010,east,0,10,0
5424,CP-AP-r001:S-P03-S12:GS12:p0011,east,0,8,5
5425,CP-AP-r001:S-P03-S12:GS12:p0012,east,0,8,0
5426,CP-AP-r001:S-P03-S12:GS12:p0013,east,0,7,6
5427,CP-AP-r001:S-P04-S01:GS01:p0001,west,7,0,6
5428,CP-AP-r001:S-P04-S01:GS01:p0002,west,7,0,0
5429,CP-AP-r001:S-P04-S01:GS01:p0003,west,4,0,4
5430,CP-AP-r001:S-P04-S01:GS01:p0004,west,6,0,0
5431,CP-AP-r001:S-P04-S01:GS01:p0005,west,7,0,6
5432,CP-AP-r001:S-P04-S01:GS01:p0006,west,7,0,1
5433,CP-AP-r001:S-P04-S01:GS01:p0007,west,5,0,4
5434,CP-AP-r001:S-P04-S01:GS01:p0008,west,7,0,0
5435,CP-AP-r001:S-P04-S01:GS01:p0009,west,7,0,6
5436,CP-AP-r001:S-P04-S01:GS01:p0010,west,7,0,1
5437,CP-AP-r001:S-P04-S01:GS01:p0011,west,6,0,5
5438,CP-AP-r001:S-P04-S01:GS01:p0012,west,7,0,0
5439,CP-AP-r001:S-P04-S01:GS02:p0001,west,7,0,6
5440,CP-AP-r001:S-P04-S01:GS02:p0002,west,6,0,0
5441,CP-AP-r001:S-P04-S01:GS02:p0003,west,5,0,6
5442,CP-AP-r001:S-P04-S01:GS02:p0004,west,7,0,4
5443,CP-AP-r001:S-P04-S01:GS02:p0005,west,7,0,6
5444,CP-AP-r001:S-P04-S01:GS02:p0006,west,7,0,1
5445,CP-AP-r001:S-P04-S01:GS02:p0007,west,6,0,4
5446,CP-AP-r001:S-P04-S01:GS02:p0008,west,7,0,6
5447,CP-AP-r001:S-P04-S01:GS02:p0009,west,7,0,1
5448,CP-AP-r001:S-P04-S01:GS02:p0010,west,6,0,5
5449,CP-AP-r001:S-P04-S01:GS02:p0011,west,7,0,0
5450,CP-AP-r001:S-P04-S01:GS03:p0001,west,7,0,6
5451,CP-AP-r001:S-P04-S01:GS03:p0002,west,7,0,6
5452,CP-AP-r001:S-P04-S01:GS03:p0003,west,6,0,6
5453,CP-AP-r001:S-P04-S01:GS03:p0004,west,6,0,4
5454,CP-AP-r001:S-P04-S01:GS03:p0005,west,7,0,6
5455,CP-AP-r001:S-P04-S01:GS03:p0006,west,6,0,6
5456,CP-AP-r001:S-P04-S01:GS03:p0007,west,6,0,4
5457,CP-AP-r001:S-P04-S01:GS03:p0008,west,7,0,6
5458,CP-AP-r001:S-P04-S01:GS03:p0009,west,4,0,1
5459,CP-AP-r001:S-P04-S01:GS03:p0010,west,5,0,6
5460,CP-AP-r001:S-P04-S01:GS03:p0011,west,4,0,5
5461,CP-AP-r001:S-P04-S01:GS04:p0001,east,0,8,1
5462,CP-AP-r001:S-P04-S01:GS04:p0002,east,0,7,6
5463,CP-AP-r001:S-P04-S01:GS04:p0003,east,0,6,5
5464,CP-AP-r001:S-P04-S01:GS04:p0004,east,0,6,6
5465,CP-AP-r001:S-P04-S01:GS04:p0005,east,0,7,0
5466,CP-AP-r001:S-P04-S01:GS04:p0006,east,0,6,6
5467,CP-AP-r001:S-P04-S01:GS04:p0007,east,0,6,4
5468,CP-AP-r001:S-P04-S01:GS04:p0008,east,0,6,6
5469,CP-AP-r001:S-P04-S01:GS04:p0009,east,0,7,0
5470,CP-AP-r001:S-P04-S01:GS04:p0010,east,0,5,6
5471,CP-AP-r001:S-P04-S01:GS04:p0011,east,0,6,4
5472,CP-AP-r001:S-P04-S01:GS04:p0012,east,0,6,6
5473,CP-AP-r001:S-P04-S01:GS05:p0001,east,0,7,1
5474,CP-AP-r001:S-P04-S01:GS05:p0002,east,0,7,6
5475,CP-AP-r001:S-P04-S01:GS05:p0003,east,0,4,5
5476,CP-AP-r001:S-P04-S01:GS05:p0004,east,0,6,6
5477,CP-AP-r001:S-P04-S01:GS05:p0005,east,0,7,0
5478,CP-AP-r001:S-P04-S01:GS05:p0006,east,0,7,6
5479,CP-AP-r001:S-P04-S01:GS05:p0007,east,0,6,4
5480,CP-AP-r001:S-P04-S01:GS05:p0008,east,0,7,6
5481,CP-AP-r001:S-P04-S01:GS05:p0009,east,0,7,0
5482,CP-AP-r001:S-P04-S01:GS05:p0010,east,0,7,6
5483,CP-AP-r001:S-P04-S01:GS05:p0011,east,0,6,4
5484,CP-AP-r001:S-P04-S01:GS05:p0012,east,0,6,6
5485,CP-AP-r001:S-P04-S01:GS06:p0001,east,0,6,1
5486,CP-AP-r001:S-P04-S01:GS06:p0002,east,0,8,6
5487,CP-AP-r001:S-P04-S01:GS06:p0003,east,0,6,0
5488,CP-AP-r001:S-P04-S01:GS06:p0004,east,0,6,5
5489,CP-AP-r001:S-P04-S01:GS06:p0005,east,0,7,0
5490,CP-AP-r001:S-P04-S01:GS06:p0006,east,0,7,6
5491,CP-AP-r001:S-P04-S01:GS06:p0007,east,0,7,4
5492,CP-AP-r001:S-P04-S01:GS06:p0008,east,0,7,0
5493,CP-AP-r001:S-P04-S01:GS06:p0009,east,0,7,6
5494,CP-AP-r001:S-P04-S01:GS06:p0010,east,0,4,4
5495,CP-AP-r001:S-P04-S01:GS06:p0011,east,0,6,6
5496,CP-AP-r001:S-P04-S01:GS07:p0001,west,11,0,6
5497,CP-AP-r001:S-P04-S01:GS07:p0002,west,8,0,0
5498,CP-AP-r001:S-P04-S01:GS07:p0003,west,6,0,6
5499,CP-AP-r001:S-P04-S01:GS07:p0004,west,7,0,4
5500,CP-AP-r001:S-P04-S01:GS07:p0005,west,10,0,6
5501,CP-AP-r001:S-P04-S01:GS07:p0006,west,8,0,1
5502,CP-AP-r001:S-P04-S01:GS07:p0007,west,6,0,6
5503,CP-AP-r001:S-P04-S01:GS07:p0008,west,8,0,4
5504,CP-AP-r001:S-P04-S01:GS07:p0009,west,9,0,0
5505,CP-AP-r001:S-P04-S01:GS07:p0010,west,10,0,6
5506,CP-AP-r001:S-P04-S01:GS07:p0011,west,8,0,1
5507,CP-AP-r001:S-P04-S01:GS07:p0012,west,7,0,6
5508,CP-AP-r001:S-P04-S01:GS07:p0013,west,8,0,5
5509,CP-AP-r001:S-P04-S01:GS07:p0014,west,8,0,0
5510,CP-AP-r001:S-P04-S01:GS08:p0001,west,8,0,6
5511,CP-AP-r001:S-P04-S01:GS08:p0002,west,8,0,0
5512,CP-AP-r001:S-P04-S01:GS08:p0003,west,7,0,6
5513,CP-AP-r001:S-P04-S01:GS08:p0004,west,8,0,4
5514,CP-AP-r001:S-P04-S01:GS08:p0005,west,8,0,6
5515,CP-AP-r001:S-P04-S01:GS08:p0006,west,8,0,1
5516,CP-AP-r001:S-P04-S01:GS08:p0007,west,8,0,6
5517,CP-AP-r001:S-P04-S01:GS08:p0008,west,9,0,4
5518,CP-AP-r001:S-P04-S01:GS08:p0009,west,9,0,6
5519,CP-AP-r001:S-P04-S01:GS08:p0010,west,8,0,1
5520,CP-AP-r001:S-P04-S01:GS08:p0011,west,8,0,6
5521,CP-AP-r001:S-P04-S01:GS08:p0012,west,7,0,5
5522,CP-AP-r001:S-P04-S01:GS09:p0001,west,7,0,6
5523,CP-AP-r001:S-P04-S01:GS09:p0002,west,9,0,0
5524,CP-AP-r001:S-P04-S01:GS09:p0003,west,7,0,6
5525,CP-AP-r001:S-P04-S01:GS09:p0004,west,9,0,4
5526,CP-AP-r001:S-P04-S01:GS09:p0005,west,9,0,6
5527,CP-AP-r001:S-P04-S01:GS09:p0006,west,9,0,1
5528,CP-AP-r001:S-P04-S01:GS09:p0007,west,7,0,6
5529,CP-AP-r001:S-P04-S01:GS09:p0008,west,7,0,4
5530,CP-AP-r001:S-P04-S01:GS09:p0009,west,8,0,6
5531,CP-AP-r001:S-P04-S01:GS09:p0010,west,9,0,1
5532,CP-AP-r001:S-P04-S01:GS09:p0011,west,7,0,6
5533,CP-AP-r001:S-P04-S01:GS09:p0012,west,7,0,5
5534,CP-AP-r001:S-P04-S01:GS10:p0001,east,0,7,1
5535,CP-AP-r001:S-P04-S01:GS10:p0002,east,0,8,6
5536,CP-AP-r001:S-P04-S01:GS10:p0003,east,0,8,5
5537,CP-AP-r001:S-P04-S01:GS10:p0004,east,0,10,6
5538,CP-AP-r001:S-P04-S01:GS10:p0005,east,0,7,0
5539,CP-AP-r001:S-P04-S01:GS10:p0006,east,0,7,6
5540,CP-AP-r001:S-P04-S01:GS10:p0007,east,0,7,5
5541,CP-AP-r001:S-P04-S01:GS10:p0008,east,0,7,4
5542,CP-AP-r001:S-P04-S01:GS10:p0009,east,0,10,6
5543,CP-AP-r001:S-P04-S01:GS10:p0010,east,0,7,6
5544,CP-AP-r001:S-P04-S01:GS10:p0011,east,0,8,6
5545,CP-AP-r001:S-P04-S01:GS10:p0012,east,0,7,4
5546,CP-AP-r001:S-P04-S01:GS10:p0013,east,0,9,6
5547,CP-AP-r001:S-P04-S01:GS11:p0001,east,0,10,1
5548,CP-AP-r001:S-P04-S01:GS11:p0002,east,0,8,6
5549,CP-AP-r001:S-P04-S01:GS11:p0003,east,0,6,0
5550,CP-AP-r001:S-P04-S01:GS11:p0004,east,0,8,5
5551,CP-AP-r001:S-P04-S01:GS11:p0005,east,0,9,6
5552,CP-AP-r001:S-P04-S01:GS11:p0006,east,0,10,0
5553,CP-AP-r001:S-P04-S01:GS11:p0007,east,0,8,6
5554,CP-AP-r001:S-P04-S01:GS11:p0008,east,0,5,0
5555,CP-AP-r001:S-P04-S01:GS11:p0009,east,0,8,4
5556,CP-AP-r001:S-P04-S01:GS11:p0010,east,0,8,6
5557,CP-AP-r001:S-P04-S01:GS11:p0011,east,0,9,0
5558,CP-AP-r001:S-P04-S01:GS11:p0012,east,0,8,6
5559,CP-AP-r001:S-P04-S01:GS11:p0013,east,0,8,4
5560,CP-AP-r001:S-P04-S01:GS11:p0014,east,0,10,6
5561,CP-AP-r001:S-P04-S01:GS12:p0001,east,0,8,1
5562,CP-AP-r001:S-P04-S01:GS12:p0002,east,0,8,6
5563,CP-AP-r001:S-P04-S01:GS12:p0003,east,0,8,0
5564,CP-AP-r001:S-P04-S01:GS12:p0004,east,0,8,5
5565,CP-AP-r001:S-P04-S01:GS12:p0005,east,0,8,0
5566,CP-AP-r001:S-P04-S01:GS12:p0006,east,0,8,6
5567,CP-AP-r001:S-P04-S01:GS12:p0007,east,0,8,0
5568,CP-AP-r001:S-P04-S01:GS12:p0008,east,0,7,4
5569,CP-AP-r001:S-P04-S01:GS12:p0009,east,0,11,0
5570,CP-AP-r001:S-P04-S01:GS12:p0010,east,0,8,6
5571,CP-AP-r001:S-P04-S01:GS12:p0011,east,0,6,0
5572,CP-AP-r001:S-P04-S01:GS12:p0012,east,0,7,4
5573,CP-AP-r001:S-P04-S02:GS01:p0001,west,6,0,6
5574,CP-AP-r001:S-P04-S02:GS01:p0002,west,6,0,1
5575,CP-AP-r001:S-P04-S02:GS01:p0003,west,5,0,4
5576,CP-AP-r001:S-P04-S02:GS01:p0004,west,6,0,0
5577,CP-AP-r001:S-P04-S02:GS01:p0005,west,6,0,6
5578,CP-AP-r001:S-P04-S02:GS01:p0006,west,6,0,1
5579,CP-AP-r001:S-P04-S02:GS01:p0007,west,6,0,5
5580,CP-AP-r001:S-P04-S02:GS01:p0008,west,7,0,0
5581,CP-AP-r001:S-P04-S02:GS01:p0009,west,6,0,6
5582,CP-AP-r001:S-P04-S02:GS01:p0010,west,6,0,1
5583,CP-AP-r001:S-P04-S02:GS01:p0011,west,7,0,5
5584,CP-AP-r001:S-P04-S02:GS01:p0012,west,8,0,0
5585,CP-AP-r001:S-P04-S02:GS02:p0001,west,5,0,6
5586,CP-AP-r001:S-P04-S02:GS02:p0002,west,5,0,1
5587,CP-AP-r001:S-P04-S02:GS02:p0003,west,4,0,6
5588,CP-AP-r001:S-P04-S02:GS02:p0004,west,7,0,4
5589,CP-AP-r001:S-P04-S02:GS02:p0005,west,6,0,6
5590,CP-AP-r001:S-P04-S02:GS02:p0006,west,6,0,1
5591,CP-AP-r001:S-P04-S02:GS02:p0007,west,7,0,5
5592,CP-AP-r001:S-P04-S02:GS02:p0008,west,6,0,6
5593,CP-AP-r001:S-P04-S02:GS02:p0009,west,6,0,1
5594,CP-AP-r001:S-P04-S02:GS02:p0010,west,7,0,5
5595,CP-AP-r001:S-P04-S02:GS02:p0011,west,7,0,0
5596,CP-AP-r001:S-P04-S02:GS03:p0001,west,7,0,6
5597,CP-AP-r001:S-P04-S02:GS03:p0002,west,6,0,6
5598,CP-AP-r001:S-P04-S02:GS03:p0003,west,7,0,6
5599,CP-AP-r001:S-P04-S02:GS03:p0004,west,7,0,4
5600,CP-AP-r001:S-P04-S02:GS03:p0005,west,6,0,6
5601,CP-AP-r001:S-P04-S02:GS03:p0006,west,6,0,1
5602,CP-AP-r001:S-P04-S02:GS03:p0007,west,7,0,6
5603,CP-AP-r001:S-P04-S02:GS03:p0008,west,7,0,5
5604,CP-AP-r001:S-P04-S02:GS03:p0009,west,6,0,6
5605,CP-AP-r001:S-P04-S02:GS03:p0010,west,5,0,1
5606,CP-AP-r001:S-P04-S02:GS03:p0011,west,6,0,6
5607,CP-AP-r001:S-P04-S02:GS03:p0012,west,6,0,5
5608,CP-AP-r001:S-P04-S02:GS04:p0001,east,0,7,1
5609,CP-AP-r001:S-P04-S02:GS04:p0002,east,0,6,6
5610,CP-AP-r001:S-P04-S02:GS04:p0003,east,0,7,5
5611,CP-AP-r001:S-P04-S02:GS04:p0004,east,0,7,6
5612,CP-AP-r001:S-P04-S02:GS04:p0005,east,0,7,0
5613,CP-AP-r001:S-P04-S02:GS04:p0006,east,0,6,6
5614,CP-AP-r001:S-P04-S02:GS04:p0007,east,0,7,4
5615,CP-AP-r001:S-P04-S02:GS04:p0008,east,0,7,6
5616,CP-AP-r001:S-P04-S02:GS04:p0009,east,0,7,0
5617,CP-AP-r001:S-P04-S02:GS04:p0010,east,0,4,6
5618,CP-AP-r001:S-P04-S02:GS04:p0011,east,0,7,3
5619,CP-AP-r001:S-P04-S02:GS04:p0012,east,0,7,6
5620,CP-AP-r001:S-P04-S02:GS05:p0001,east,0,6,1
5621,CP-AP-r001:S-P04-S02:GS05:p0002,east,0,6,6
5622,CP-AP-r001:S-P04-S02:GS05:p0003,east,0,5,5
5623,CP-AP-r001:S-P04-S02:GS05:p0004,east,0,6,6
5624,CP-AP-r001:S-P04-S02:GS05:p0005,east,0,6,0
5625,CP-AP-r001:S-P04-S02:GS05:p0006,east,0,6,6
5626,CP-AP-r001:S-P04-S02:GS05:p0007,east,0,6,4
5627,CP-AP-r001:S-P04-S02:GS05:p0008,east,0,8,6
5628,CP-AP-r001:S-P04-S02:GS05:p0009,east,0,7,0
5629,CP-AP-r001:S-P04-S02:GS05:p0010,east,0,6,6
5630,CP-AP-r001:S-P04-S02:GS05:p0011,east,0,7,3
5631,CP-AP-r001:S-P04-S02:GS05:p0012,east,0,7,6
5632,CP-AP-r001:S-P04-S02:GS06:p0001,east,0,5,1
5633,CP-AP-r001:S-P04-S02:GS06:p0002,east,0,6,6
5634,CP-AP-r001:S-P04-S02:GS06:p0003,east,0,4,0
5635,CP-AP-r001:S-P04-S02:GS06:p0004,east,0,7,5
5636,CP-AP-r001:S-P04-S02:GS06:p0005,east,0,6,0
5637,CP-AP-r001:S-P04-S02:GS06:p0006,east,0,6,6
5638,CP-AP-r001:S-P04-S02:GS06:p0007,east,0,7,4
5639,CP-AP-r001:S-P04-S02:GS06:p0008,east,0,7,6
5640,CP-AP-r001:S-P04-S02:GS06:p0009,east,0,6,0
5641,CP-AP-r001:S-P04-S02:GS06:p0010,east,0,6,6
5642,CP-AP-r001:S-P04-S02:GS06:p0011,east,0,5,3
5643,CP-AP-r001:S-P04-S02:GS06:p0012,east,0,6,6
5644,CP-AP-r001:S-P04-S02:GS07:p0001,west,11,0,6
5645,CP-AP-r001:S-P04-S02:GS07:p0002,west,7,0,1
5646,CP-AP-r001:S-P04-S02:GS07:p0003,west,7,0,6
5647,CP-AP-r001:S-P04-S02:GS07:p0004,west,7,0,4
5648,CP-AP-r001:S-P04-S02:GS07:p0005,west,10,0,6
5649,CP-AP-r001:S-P04-S02:GS07:p0006,west,8,0,1
5650,CP-AP-r001:S-P04-S02:GS07:p0007,west,7,0,6
5651,CP-AP-r001:S-P04-S02:GS07:p0008,west,7,0,5
5652,CP-AP-r001:S-P04-S02:GS07:p0009,west,8,0,0
5653,CP-AP-r001:S-P04-S02:GS07:p0010,west,10,0,6
5654,CP-AP-r001:S-P04-S02:GS07:p0011,west,8,0,1
5655,CP-AP-r001:S-P04-S02:GS07:p0012,west,8,0,5
5656,CP-AP-r001:S-P04-S02:GS07:p0013,west,7,0,0
5657,CP-AP-r001:S-P04-S02:GS08:p0001,west,7,0,6
5658,CP-AP-r001:S-P04-S02:GS08:p0002,west,7,0,1
5659,CP-AP-r001:S-P04-S02:GS08:p0003,west,9,0,6
5660,CP-AP-r001:S-P04-S02:GS08:p0004,west,8,0,4
5661,CP-AP-r001:S-P04-S02:GS08:p0005,west,7,0,6
5662,CP-AP-r001:S-P04-S02:GS08:p0006,west,7,0,1
5663,CP-AP-r001:S-P04-S02:GS08:p0007,west,9,0,6
5664,CP-AP-r001:S-P04-S02:GS08:p0008,west,9,0,5
5665,CP-AP-r001:S-P04-S02:GS08:p0009,west,8,0,6
5666,CP-AP-r001:S-P04-S02:GS08:p0010,west,7,0,1
5667,CP-AP-r001:S-P04-S02:GS08:p0011,west,9,0,6
5668,CP-AP-r001:S-P04-S02:GS08:p0012,west,7,0,5
5669,CP-AP-r001:S-P04-S02:GS09:p0001,west,7,0,6
5670,CP-AP-r001:S-P04-S02:GS09:p0002,west,8,0,1
5671,CP-AP-r001:S-P04-S02:GS09:p0003,west,8,0,6
5672,CP-AP-r001:S-P04-S02:GS09:p0004,west,10,0,4
5673,CP-AP-r001:S-P04-S02:GS09:p0005,west,9,0,6
5674,CP-AP-r001:S-P04-S02:GS09:p0006,west,8,0,1
5675,CP-AP-r001:S-P04-S02:GS09:p0007,west,8,0,6
5676,CP-AP-r001:S-P04-S02:GS09:p0008,west,8,0,5
5677,CP-AP-r001:S-P04-S02:GS09:p0009,west,8,0,6
5678,CP-AP-r001:S-P04-S02:GS09:p0010,west,7,0,1
5679,CP-AP-r001:S-P04-S02:GS09:p0011,west,8,0,6
5680,CP-AP-r001:S-P04-S02:GS09:p0012,west,8,0,5
5681,CP-AP-r001:S-P04-S02:GS10:p0001,east,0,8,1
5682,CP-AP-r001:S-P04-S02:GS10:p0002,east,0,8,6
5683,CP-AP-r001:S-P04-S02:GS10:p0003,east,0,7,5
5684,CP-AP-r001:S-P04-S02:GS10:p0004,east,0,8,5
5685,CP-AP-r001:S-P04-S02:GS10:p0005,east,0,9,6
5686,CP-AP-r001:S-P04-S02:GS10:p0006,east,0,9,0
5687,CP-AP-r001:S-P04-S02:GS10:p0007,east,0,8,6
5688,CP-AP-r001:S-P04-S02:GS10:p0008,east,0,6,6
5689,CP-AP-r001:S-P04-S02:GS10:p0009,east,0,8,4
5690,CP-AP-r001:S-P04-S02:GS10:p0010,east,0,10,6
5691,CP-AP-r001:S-P04-S02:GS10:p0011,east,0,8,6
5692,CP-AP-r001:S-P04-S02:GS10:p0012,east,0,7,6
5693,CP-AP-r001:S-P04-S02:GS10:p0013,east,0,8,3
5694,CP-AP-r001:S-P04-S02:GS10:p0014,east,0,10,6
5695,CP-AP-r001:S-P04-S02:GS11:p0001,east,0,11,1
5696,CP-AP-r001:S-P04-S02:GS11:p0002,east,0,8,6
5697,CP-AP-r001:S-P04-S02:GS11:p0003,east,0,7,0
5698,CP-AP-r001:S-P04-S02:GS11:p0004,east,0,7,5
5699,CP-AP-r001:S-P04-S02:GS11:p0005,east,0,7,6
5700,CP-AP-r001:S-P04-S02:GS11:p0006,east,0,10,0
5701,CP-AP-r001:S-P04-S02:GS11:p0007,east,0,8,6
5702,CP-AP-r001:S-P04-S02:GS11:p0008,east,0,6,0
5703,CP-AP-r001:S-P04-S02:GS11:p0009,east,0,8,4
5704,CP-AP-r001:S-P04-S02:GS11:p0010,east,0,7,6
5705,CP-AP-r001:S-P04-S02:GS11:p0011,east,0,10,0
5706,CP-AP-r001:S-P04-S02:GS11:p0012,east,0,8,6
5707,CP-AP-r001:S-P04-S02:GS11:p0013,east,0,8,3
5708,CP-AP-r001:S-P04-S02:GS11:p0014,east,0,9,6
5709,CP-AP-r001:S-P04-S02:GS12:p0001,east,0,7,1
5710,CP-AP-r001:S-P04-S02:GS12:p0002,east,0,7,6
5711,CP-AP-r001:S-P04-S02:GS12:p0003,east,0,10,0
5712,CP-AP-r001:S-P04-S02:GS12:p0004,east,0,8,5
5713,CP-AP-r001:S-P04-S02:GS12:p0005,east,0,7,0
5714,CP-AP-r001:S-P04-S02:GS12:p0006,east,0,7,6
5715,CP-AP-r001:S-P04-S02:GS12:p0007,east,0,9,0
5716,CP-AP-r001:S-P04-S02:GS12:p0008,east,0,7,4
5717,CP-AP-r001:S-P04-S02:GS12:p0009,east,0,11,0
5718,CP-AP-r001:S-P04-S02:GS12:p0010,east,0,8,6
5719,CP-AP-r001:S-P04-S02:GS12:p0011,east,0,7,0
5720,CP-AP-r001:S-P04-S02:GS12:p0012,east,0,7,3
5721,CP-AP-r001:S-P04-S03:GS01:p0001,west,7,0,6
5722,CP-AP-r001:S-P04-S03:GS01:p0002,west,7,0,1
5723,CP-AP-r001:S-P04-S03:GS01:p0003,west,6,0,5
5724,CP-AP-r001:S-P04-S03:GS01:p0004,west,7,0,0
5725,CP-AP-r001:S-P04-S03:GS01:p0005,west,8,0,6
5726,CP-AP-r001:S-P04-S03:GS01:p0006,west,7,0,2
5727,CP-AP-r001:S-P04-S03:GS01:p0007,west,6,0,6
5728,CP-AP-r001:S-P04-S03:GS01:p0008,west,6,0,0
5729,CP-AP-r001:S-P04-S03:GS01:p0009,west,8,0,6
5730,CP-AP-r001:S-P04-S03:GS01:p0010,west,6,0,3
5731,CP-AP-r001:S-P04-S03:GS01:p0011,west,6,0,6
5732,CP-AP-r001:S-P04-S03:GS01:p0012,west,6,0,0
5733,CP-AP-r001:S-P04-S03:GS02:p0001,west,7,0,6
5734,CP-AP-r001:S-P04-S03:GS02:p0002,west,7,0,1
5735,CP-AP-r001:S-P04-S03:GS02:p0003,west,6,0,5
5736,CP-AP-r001:S-P04-S03:GS02:p0004,west,6,0,0
5737,CP-AP-r001:S-P04-S03:GS02:p0005,west,7,0,6
5738,CP-AP-r001:S-P04-S03:GS02:p0006,west,7,0,2
5739,CP-AP-r001:S-P04-S03:GS02:p0007,west,4,0,6
5740,CP-AP-r001:S-P04-S03:GS02:p0008,west,6,0,0
5741,CP-AP-r001:S-P04-S03:GS02:p0009,west,7,0,6
5742,CP-AP-r001:S-P04-S03:GS02:p0010,west,7,0,3
5743,CP-AP-r001:S-P04-S03:GS02:p0011,west,6,0,6
5744,CP-AP-r001:S-P04-S03:GS02:p0012,west,8,0,0
5745,CP-AP-r001:S-P04-S03:GS03:p0001,west,7,0,6
5746,CP-AP-r001:S-P04-S03:GS03:p0002,west,4,0,1
5747,CP-AP-r001:S-P04-S03:GS03:p0003,west,5,0,6
5748,CP-AP-r001:S-P04-S03:GS03:p0004,west,4,0,5
5749,CP-AP-r001:S-P04-S03:GS03:p0005,west,7,0,6
5750,CP-AP-r001:S-P04-S03:GS03:p0006,west,7,0,2
5751,CP-AP-r001:S-P04-S03:GS03:p0007,west,6,0,6
5752,CP-AP-r001:S-P04-S03:GS03:p0008,west,6,0,6
5753,CP-AP-r001:S-P04-S03:GS03:p0009,west,7,0,6
5754,CP-AP-r001:S-P04-S03:GS03:p0010,west,7,0,3
5755,CP-AP-r001:S-P04-S03:GS03:p0011,west,6,0,6
5756,CP-AP-r001:S-P04-S03:GS04:p0001,east,0,6,0
5757,CP-AP-r001:S-P04-S03:GS04:p0002,east,0,5,6
5758,CP-AP-r001:S-P04-S03:GS04:p0003,east,0,6,4
5759,CP-AP-r001:S-P04-S03:GS04:p0004,east,0,6,6
5760,CP-AP-r001:S-P04-S03:GS04:p0005,east,0,7,0
5761,CP-AP-r001:S-P04-S03:GS04:p0006,east,0,7,6
5762,CP-AP-r001:S-P04-S03:GS04:p0007,east,0,6,3
5763,CP-AP-r001:S-P04-S03:GS04:p0008,east,0,6,6
5764,CP-AP-r001:S-P04-S03:GS04:p0009,east,0,7,6
5765,CP-AP-r001:S-P04-S03:GS04:p0010,east,0,4,6
5766,CP-AP-r001:S-P04-S03:GS04:p0011,east,0,6,2
5767,CP-AP-r001:S-P04-S03:GS04:p0012,east,0,5,6
5768,CP-AP-r001:S-P04-S03:GS05:p0001,east,0,7,0
5769,CP-AP-r001:S-P04-S03:GS05:p0002,east,0,7,6
5770,CP-AP-r001:S-P04-S03:GS05:p0003,east,0,6,4
5771,CP-AP-r001:S-P04-S03:GS05:p0004,east,0,6,6
5772,CP-AP-r001:S-P04-S03:GS05:p0005,east,0,8,0
5773,CP-AP-r001:S-P04-S03:GS05:p0006,east,0,6,6
5774,CP-AP-r001:S-P04-S03:GS05:p0007,east,0,6,3
5775,CP-AP-r001:S-P04-S03:GS05:p0008,east,0,6,6
5776,CP-AP-r001:S-P04-S03:GS05:p0009,east,0,6,0
5777,CP-AP-r001:S-P04-S03:GS05:p0010,east,0,6,6
5778,CP-AP-r001:S-P04-S03:GS05:p0011,east,0,6,2
5779,CP-AP-r001:S-P04-S03:GS05:p0012,east,0,6,6
5780,CP-AP-r001:S-P04-S03:GS06:p0001,east,0,7,0
5781,CP-AP-r001:S-P04-S03:GS06:p0002,east,0,7,6
5782,CP-AP-r001:S-P04-S03:GS06:p0003,east,0,4,4
5783,CP-AP-r001:S-P04-S03:GS06:p0004,east,0,7,6
5784,CP-AP-r001:S-P04-S03:GS06:p0005,east,0,7,0
5785,CP-AP-r001:S-P04-S03:GS06:p0006,east,0,7,6
5786,CP-AP-r001:S-P04-S03:GS06:p0007,east,0,5,3
5787,CP-AP-r001:S-P04-S03:GS06:p0008,east,0,7,6
5788,CP-AP-r001:S-P04-S03:GS06:p0009,east,0,7,0
5789,CP-AP-r001:S-P04-S03:GS06:p0010,east,0,7,6
5790,CP-AP-r001:S-P04-S03:GS06:p0011,east,0,6,2
5791,CP-AP-r001:S-P04-S03:GS06:p0012,east,0,7,6
5792,CP-AP-r001:S-P04-S03:GS07:p0001,west,10,0,6
5793,CP-AP-r001:S-P04-S03:GS07:p0002,west,8,0,1
5794,CP-AP-r001:S-P04-S03:GS07:p0003,west,7,0,6
5795,CP-AP-r001:S-P04-S03:GS07:p0004,west,8,0,5
5796,CP-AP-r001:S-P04-S03:GS07:p0005,west,8,0,0
5797,CP-AP-r001:S-P04-S03:GS07:p0006,west,9,0,6
5798,CP-AP-r001:S-P04-S03:GS07:p0007,west,8,0,2
5799,CP-AP-r001:S-P04-S03:GS07:p0008,west,8,0,6
5800,CP-AP-r001:S-P04-S03:GS07:p0009,west,10,0,0
5801,CP-AP-r001:S-P04-S03:GS07:p0010,west,8,0,6
5802,CP-AP-r001:S-P04-S03:GS07:p0011,west,8,0,3
5803,CP-AP-r001:S-P04-S03:GS07:p0012,west,7,0,0
5804,CP-AP-r001:S-P04-S03:GS07:p0013,west,8,0,6
5805,CP-AP-r001:S-P04-S03:GS07:p0014,west,10,0,0
5806,CP-AP-r001:S-P04-S03:GS08:p0001,west,9,0,6
5807,CP-AP-r001:S-P04-S03:GS08:p0002,west,8,0,1
5808,CP-AP-r001:S-P04-S03:GS08:p0003,west,8,0,6
5809,CP-AP-r001:S-P04-S03:GS08:p0004,west,7,0,5
5810,CP-AP-r001:S-P04-S03:GS08:p0005,west,11,0,6
5811,CP-AP-r001:S-P04-S03:GS08:p0006,west,8,0,2
5812,CP-AP-r001:S-P04-S03:GS08:p0007,west,5,0,6
5813,CP-AP-r001:S-P04-S03:GS08:p0008,west,7,0,6
5814,CP-AP-r001:S-P04-S03:GS08:p0009,west,10,0,6
5815,CP-AP-r001:S-P04-S03:GS08:p0010,west,8,0,3
5816,CP-AP-r001:S-P04-S03:GS08:p0011,west,5,0,6
5817,CP-AP-r001:S-P04-S03:GS08:p0012,west,8,0,6
5818,CP-AP-r001:S-P04-S03:GS08:p0013,west,10,0,0
5819,CP-AP-r001:S-P04-S03:GS09:p0001,west,8,0,6
5820,CP-AP-r001:S-P04-S03:GS09:p0002,west,9,0,1
5821,CP-AP-r001:S-P04-S03:GS09:p0003,west,7,0,6
5822,CP-AP-r001:S-P04-S03:GS09:p0004,west,7,0,5
5823,CP-AP-r001:S-P04-S03:GS09:p0005,west,8,0,6
5824,CP-AP-r001:S-P04-S03:GS09:p0006,west,8,0,2
5825,CP-AP-r001:S-P04-S03:GS09:p0007,west,7,0,6
5826,CP-AP-r001:S-P04-S03:GS09:p0008,west,8,0,6
5827,CP-AP-r001:S-P04-S03:GS09:p0009,west,8,0,6
5828,CP-AP-r001:S-P04-S03:GS09:p0010,west,8,0,3
5829,CP-AP-r001:S-P04-S03:GS09:p0011,west,8,0,6
5830,CP-AP-r001:S-P04-S03:GS09:p0012,west,8,0,6
5831,CP-AP-r001:S-P04-S03:GS10:p0001,east,0,7,6
5832,CP-AP-r001:S-P04-S03:GS10:p0002,east,0,7,6
5833,CP-AP-r001:S-P04-S03:GS10:p0003,east,0,7,4
5834,CP-AP-r001:S-P04-S03:GS10:p0004,east,0,9,6
5835,CP-AP-r001:S-P04-S03:GS10:p0005,east,0,7,6
5836,CP-AP-r001:S-P04-S03:GS10:p0006,east,0,9,6
5837,CP-AP-r001:S-P04-S03:GS10:p0007,east,0,7,3
5838,CP-AP-r001:S-P04-S03:GS10:p0008,east,0,7,6
5839,CP-AP-r001:S-P04-S03:GS10:p0009,east,0,9,6
5840,CP-AP-r001:S-P04-S03:GS10:p0010,east,0,9,6
5841,CP-AP-r001:S-P04-S03:GS10:p0011,east,0,7,2
5842,CP-AP-r001:S-P04-S03:GS10:p0012,east,0,7,6
5843,CP-AP-r001:S-P04-S03:GS11:p0001,east,0,9,0
5844,CP-AP-r001:S-P04-S03:GS11:p0002,east,0,8,6
5845,CP-AP-r001:S-P04-S03:GS11:p0003,east,0,8,4
5846,CP-AP-r001:S-P04-S03:GS11:p0004,east,0,10,6
5847,CP-AP-r001:S-P04-S03:GS11:p0005,east,0,9,0
5848,CP-AP-r001:S-P04-S03:GS11:p0006,east,0,8,6
5849,CP-AP-r001:S-P04-S03:GS11:p0007,east,0,6,6
5850,CP-AP-r001:S-P04-S03:GS11:p0008,east,0,8,3
5851,CP-AP-r001:S-P04-S03:GS11:p0009,east,0,10,6
5852,CP-AP-r001:S-P04-S03:GS11:p0010,east,0,7,0
5853,CP-AP-r001:S-P04-S03:GS11:p0011,east,0,7,6
5854,CP-AP-r001:S-P04-S03:GS11:p0012,east,0,8,6
5855,CP-AP-r001:S-P04-S03:GS11:p0013,east,0,7,2
5856,CP-AP-r001:S-P04-S03:GS11:p0014,east,0,10,6
5857,CP-AP-r001:S-P04-S03:GS12:p0001,east,0,11,0
5858,CP-AP-r001:S-P04-S03:GS12:p0002,east,0,8,6
5859,CP-AP-r001:S-P04-S03:GS12:p0003,east,0,7,0
5860,CP-AP-r001:S-P04-S03:GS12:p0004,east,0,7,4
5861,CP-AP-r001:S-P04-S03:GS12:p0005,east,0,10,0
5862,CP-AP-r001:S-P04-S03:GS12:p0006,east,0,8,6
5863,CP-AP-r001:S-P04-S03:GS12:p0007,east,0,6,0
5864,CP-AP-r001:S-P04-S03:GS12:p0008,east,0,8,3
5865,CP-AP-r001:S-P04-S03:GS12:p0009,east,0,9,6
5866,CP-AP-r001:S-P04-S03:GS12:p0010,east,0,10,0
5867,CP-AP-r001:S-P04-S03:GS12:p0011,east,0,8,6
5868,CP-AP-r001:S-P04-S03:GS12:p0012,east,0,7,0
5869,CP-AP-r001:S-P04-S03:GS12:p0013,east,0,8,2
5870,CP-AP-r001:S-P04-S03:GS12:p0014,east,0,8,6
5871,CP-AP-r001:S-P04-S04:GS01:p0001,west,6,0,6
5872,CP-AP-r001:S-P04-S04:GS01:p0002,west,6,0,1
5873,CP-AP-r001:S-P04-S04:GS01:p0003,west,6,0,5
5874,CP-AP-r001:S-P04-S04:GS01:p0004,west,8,0,0
5875,CP-AP-r001:S-P04-S04:GS01:p0005,west,7,0,6
5876,CP-AP-r001:S-P04-S04:GS01:p0006,west,6,0,2
5877,CP-AP-r001:S-P04-S04:GS01:p0007,west,7,0,6
5878,CP-AP-r001:S-P04-S04:GS01:p0008,west,7,0,0
5879,CP-AP-r001:S-P04-S04:GS01:p0009,west,8,0,6
5880,CP-AP-r001:S-P04-S04:GS01:p0010,west,6,0,3
5881,CP-AP-r001:S-P04-S04:GS01:p0011,west,7,0,6
5882,CP-AP-r001:S-P04-S04:GS01:p0012,west,7,0,0
5883,CP-AP-r001:S-P04-S04:GS02:p0001,west,6,0,6
5884,CP-AP-r001:S-P04-S04:GS02:p0002,west,6,0,1
5885,CP-AP-r001:S-P04-S04:GS02:p0003,west,7,0,5
5886,CP-AP-r001:S-P04-S04:GS02:p0004,west,7,0,0
5887,CP-AP-r001:S-P04-S04:GS02:p0005,west,6,0,6
5888,CP-AP-r001:S-P04-S04:GS02:p0006,west,6,0,2
5889,CP-AP-r001:S-P04-S04:GS02:p0007,west,5,0,6
5890,CP-AP-r001:S-P04-S04:GS02:p0008,west,6,0,0
5891,CP-AP-r001:S-P04-S04:GS02:p0009,west,6,0,6
5892,CP-AP-r001:S-P04-S04:GS02:p0010,west,6,0,3
5893,CP-AP-r001:S-P04-S04:GS02:p0011,west,6,0,6
5894,CP-AP-r001:S-P04-S04:GS02:p0012,west,8,0,0
5895,CP-AP-r001:S-P04-S04:GS03:p0001,west,6,0,6
5896,CP-AP-r001:S-P04-S04:GS03:p0002,west,6,0,1
5897,CP-AP-r001:S-P04-S04:GS03:p0003,west,6,0,6
5898,CP-AP-r001:S-P04-S04:GS03:p0004,west,6,0,5
5899,CP-AP-r001:S-P04-S04:GS03:p0005,west,5,0,6
5900,CP-AP-r001:S-P04-S04:GS03:p0006,west,5,0,2
5901,CP-AP-r001:S-P04-S04:GS03:p0007,west,4,0,6
5902,CP-AP-r001:S-P04-S04:GS03:p0008,west,7,0,6
5903,CP-AP-r001:S-P04-S04:GS03:p0009,west,6,0,6
5904,CP-AP-r001:S-P04-S04:GS03:p0010,west,6,0,3
5905,CP-AP-r001:S-P04-S04:GS03:p0011,west,7,0,6
5906,CP-AP-r001:S-P04-S04:GS04:p0001,east,0,7,0
5907,CP-AP-r001:S-P04-S04:GS04:p0002,east,0,4,6
5908,CP-AP-r001:S-P04-S04:GS04:p0003,east,0,7,3
5909,CP-AP-r001:S-P04-S04:GS04:p0004,east,0,7,6
5910,CP-AP-r001:S-P04-S04:GS04:p0005,east,0,6,6
5911,CP-AP-r001:S-P04-S04:GS04:p0006,east,0,7,3
5912,CP-AP-r001:S-P04-S04:GS04:p0007,east,0,7,6
5913,CP-AP-r001:S-P04-S04:GS04:p0008,east,0,6,6
5914,CP-AP-r001:S-P04-S04:GS04:p0009,east,0,6,6
5915,CP-AP-r001:S-P04-S04:GS04:p0010,east,0,8,2
5916,CP-AP-r001:S-P04-S04:GS04:p0011,east,0,6,6
5917,CP-AP-r001:S-P04-S04:GS05:p0001,east,0,6,0
5918,CP-AP-r001:S-P04-S04:GS05:p0002,east,0,6,6
5919,CP-AP-r001:S-P04-S04:GS05:p0003,east,0,7,3
5920,CP-AP-r001:S-P04-S04:GS05:p0004,east,0,7,6
5921,CP-AP-r001:S-P04-S04:GS05:p0005,east,0,8,0
5922,CP-AP-r001:S-P04-S04:GS05:p0006,east,0,6,6
5923,CP-AP-r001:S-P04-S04:GS05:p0007,east,0,7,3
5924,CP-AP-r001:S-P04-S04:GS05:p0008,east,0,7,6
5925,CP-AP-r001:S-P04-S04:GS05:p0009,east,0,6,0
5926,CP-AP-r001:S-P04-S04:GS05:p0010,east,0,5,6
5927,CP-AP-r001:S-P04-S04:GS05:p0011,east,0,7,2
5928,CP-AP-r001:S-P04-S04:GS05:p0012,east,0,7,6
5929,CP-AP-r001:S-P04-S04:GS05:p0013,east,0,3,0
5930,CP-AP-r001:S-P04-S04:GS06:p0001,east,0,6,0
5931,CP-AP-r001:S-P04-S04:GS06:p0002,east,0,6,6
5932,CP-AP-r001:S-P04-S04:GS06:p0003,east,0,5,3
5933,CP-AP-r001:S-P04-S04:GS06:p0004,east,0,6,6
5934,CP-AP-r001:S-P04-S04:GS06:p0005,east,0,6,0
5935,CP-AP-r001:S-P04-S04:GS06:p0006,east,0,6,6
5936,CP-AP-r001:S-P04-S04:GS06:p0007,east,0,6,3
5937,CP-AP-r001:S-P04-S04:GS06:p0008,east,0,7,6
5938,CP-AP-r001:S-P04-S04:GS06:p0009,east,0,6,0
5939,CP-AP-r001:S-P04-S04:GS06:p0010,east,0,6,6
5940,CP-AP-r001:S-P04-S04:GS06:p0011,east,0,6,2
5941,CP-AP-r001:S-P04-S04:GS06:p0012,east,0,8,6
5942,CP-AP-r001:S-P04-S04:GS07:p0001,west,10,0,6
5943,CP-AP-r001:S-P04-S04:GS07:p0002,west,8,0,1
5944,CP-AP-r001:S-P04-S04:GS07:p0003,west,8,0,5
5945,CP-AP-r001:S-P04-S04:GS07:p0004,west,7,0,0
5946,CP-AP-r001:S-P04-S04:GS07:p0005,west,10,0,6
5947,CP-AP-r001:S-P04-S04:GS07:p0006,west,8,0,2
5948,CP-AP-r001:S-P04-S04:GS07:p0007,west,8,0,6
5949,CP-AP-r001:S-P04-S04:GS07:p0008,west,9,0,0
5950,CP-AP-r001:S-P04-S04:GS07:p0009,west,10,0,6
5951,CP-AP-r001:S-P04-S04:GS07:p0010,west,8,0,3
5952,CP-AP-r001:S-P04-S04:GS07:p0011,west,5,0,0
5953,CP-AP-r001:S-P04-S04:GS07:p0012,west,8,0,6
5954,CP-AP-r001:S-P04-S04:GS07:p0013,west,10,0,0
5955,CP-AP-r001:S-P04-S04:GS08:p0001,west,8,0,6
5956,CP-AP-r001:S-P04-S04:GS08:p0002,west,7,0,1
5957,CP-AP-r001:S-P04-S04:GS08:p0003,west,9,0,6
5958,CP-AP-r001:S-P04-S04:GS08:p0004,west,7,0,5
5959,CP-AP-r001:S-P04-S04:GS08:p0005,west,10,0,6
5960,CP-AP-r001:S-P04-S04:GS08:p0006,west,8,0,2
5961,CP-AP-r001:S-P04-S04:GS08:p0007,west,6,0,6
5962,CP-AP-r001:S-P04-S04:GS08:p0008,west,7,0,6
5963,CP-AP-r001:S-P04-S04:GS08:p0009,west,9,0,0
5964,CP-AP-r001:S-P04-S04:GS08:p0010,west,10,0,6
5965,CP-AP-r001:S-P04-S04:GS08:p0011,west,8,0,3
5966,CP-AP-r001:S-P04-S04:GS08:p0012,west,7,0,6
5967,CP-AP-r001:S-P04-S04:GS08:p0013,west,8,0,6
5968,CP-AP-r001:S-P04-S04:GS08:p0014,west,9,0,0
5969,CP-AP-r001:S-P04-S04:GS09:p0001,west,8,0,6
5970,CP-AP-r001:S-P04-S04:GS09:p0002,west,7,0,1
5971,CP-AP-r001:S-P04-S04:GS09:p0003,west,8,0,6
5972,CP-AP-r001:S-P04-S04:GS09:p0004,west,8,0,5
5973,CP-AP-r001:S-P04-S04:GS09:p0005,west,7,0,6
5974,CP-AP-r001:S-P04-S04:GS09:p0006,west,7,0,2
5975,CP-AP-r001:S-P04-S04:GS09:p0007,west,10,0,6
5976,CP-AP-r001:S-P04-S04:GS09:p0008,west,8,0,6
5977,CP-AP-r001:S-P04-S04:GS09:p0009,west,7,0,6
5978,CP-AP-r001:S-P04-S04:GS09:p0010,west,7,0,3
5979,CP-AP-r001:S-P04-S04:GS09:p0011,west,9,0,6
5980,CP-AP-r001:S-P04-S04:GS09:p0012,west,8,0,6
5981,CP-AP-r001:S-P04-S04:GS10:p0001,east,0,8,6
5982,CP-AP-r001:S-P04-S04:GS10:p0002,east,0,6,6
5983,CP-AP-r001:S-P04-S04:GS10:p0003,east,0,8,3
5984,CP-AP-r001:S-P04-S04:GS10:p0004,east,0,9,6
5985,CP-AP-r001:S-P04-S04:GS10:p0005,east,0,7,6
5986,CP-AP-r001:S-P04-S04:GS10:p0006,east,0,8,6
5987,CP-AP-r001:S-P04-S04:GS10:p0007,east,0,8,3
5988,CP-AP-r001:S-P04-S04:GS10:p0008,east,0,8,6
5989,CP-AP-r001:S-P04-S04:GS10:p0009,east,0,8,6
5990,CP-AP-r001:S-P04-S04:GS10:p0010,east,0,8,6
5991,CP-AP-r001:S-P04-S04:GS10:p0011,east,0,8,2
5992,CP-AP-r001:S-P04-S04:GS10:p0012,east,0,8,6
5993,CP-AP-r001:S-P04-S04:GS11:p0001,east,0,10,0
5994,CP-AP-r001:S-P04-S04:GS11:p0002,east,0,8,6
5995,CP-AP-r001:S-P04-S04:GS11:p0003,east,0,8,3
5996,CP-AP-r001:S-P04-S04:GS11:p0004,east,0,9,6
5997,CP-AP-r001:S-P04-S04:GS11:p0005,east,0,10,0
5998,CP-AP-r001:S-P04-S04:GS11:p0006,east,0,8,6
5999,CP-AP-r001:S-P04-S04:GS11:p0007,east,0,5,6
6000,CP-AP-r001:S-P04-S04:GS11:p0008,east,0,8,3
6001,CP-AP-r001:S-P04-S04:GS11:p0009,east,0,10,6
6002,CP-AP-r001:S-P04-S04:GS11:p0010,east,0,9,0
6003,CP-AP-r001:S-P04-S04:GS11:p0011,east,0,8,6
6004,CP-AP-r001:S-P04-S04:GS11:p0012,east,0,7,6
6005,CP-AP-r001:S-P04-S04:GS11:p0013,east,0,8,2
6006,CP-AP-r001:S-P04-S04:GS11:p0014,east,0,10,6
6007,CP-AP-r001:S-P04-S04:GS12:p0001,east,0,11,0
6008,CP-AP-r001:S-P04-S04:GS12:p0002,east,0,7,6
6009,CP-AP-r001:S-P04-S04:GS12:p0003,east,0,8,0
6010,CP-AP-r001:S-P04-S04:GS12:p0004,east,0,7,3
6011,CP-AP-r001:S-P04-S04:GS12:p0005,east,0,10,0
6012,CP-AP-r001:S-P04-S04:GS12:p0006,east,0,8,6
6013,CP-AP-r001:S-P04-S04:GS12:p0007,east,0,7,0
6014,CP-AP-r001:S-P04-S04:GS12:p0008,east,0,7,3
6015,CP-AP-r001:S-P04-S04:GS12:p0009,east,0,7,6
6016,CP-AP-r001:S-P04-S04:GS12:p0010,east,0,10,0
6017,CP-AP-r001:S-P04-S04:GS12:p0011,east,0,8,6
6018,CP-AP-r001:S-P04-S04:GS12:p0012,east,0,8,2
6019,CP-AP-r001:S-P04-S04:GS12:p0013,east,0,7,6
6020,CP-AP-r001:S-P04-S05:GS01:p0001,west,8,0,6
6021,CP-AP-r001:S-P04-S05:GS01:p0002,west,6,0,3
6022,CP-AP-r001:S-P04-S05:GS01:p0003,west,6,0,6
6023,CP-AP-r001:S-P04-S05:GS01:p0004,west,6,0,0
6024,CP-AP-r001:S-P04-S05:GS01:p0005,west,6,0,6
6025,CP-AP-r001:S-P04-S05:GS01:p0006,west,5,0,3
6026,CP-AP-r001:S-P04-S05:GS01:p0007,west,6,0,6
6027,CP-AP-r001:S-P04-S05:GS01:p0008,west,6,0,0
6028,CP-AP-r001:S-P04-S05:GS01:p0009,west,7,0,6
6029,CP-AP-r001:S-P04-S05:GS01:p0010,west,7,0,4
6030,CP-AP-r001:S-P04-S05:GS01:p0011,west,6,0,6
6031,CP-AP-r001:S-P04-S05:GS01:p0012,west,6,0,0
6032,CP-AP-r001:S-P04-S05:GS02:p0001,west,7,0,6
6033,CP-AP-r001:S-P04-S05:GS02:p0002,west,7,0,3
6034,CP-AP-r001:S-P04-S05:GS02:p0003,west,6,0,6
6035,CP-AP-r001:S-P04-S05:GS02:p0004,west,8,0,0
6036,CP-AP-r001:S-P04-S05:GS02:p0005,west,7,0,6
6037,CP-AP-r001:S-P04-S05:GS02:p0006,west,7,0,3
6038,CP-AP-r001:S-P04-S05:GS02:p0007,west,6,0,6
6039,CP-AP-r001:S-P04-S05:GS02:p0008,west,7,0,0
6040,CP-AP-r001:S-P04-S05:GS02:p0009,west,8,0,6
6041,CP-AP-r001:S-P04-S05:GS02:p0010,west,7,0,4
6042,CP-AP-r001:S-P04-S05:GS02:p0011,west,6,0,6
6043,CP-AP-r001:S-P04-S05:GS02:p0012,west,6,0,0
6044,CP-AP-r001:S-P04-S05:GS03:p0001,west,7,0,6
6045,CP-AP-r001:S-P04-S05:GS03:p0002,west,7,0,3
6046,CP-AP-r001:S-P04-S05:GS03:p0003,west,6,0,6
6047,CP-AP-r001:S-P04-S05:GS03:p0004,west,7,0,6
6048,CP-AP-r001:S-P04-S05:GS03:p0005,west,7,0,3
6049,CP-AP-r001:S-P04-S05:GS03:p0006,west,6,0,6
6050,CP-AP-r001:S-P04-S05:GS03:p0007,west,7,0,0
6051,CP-AP-r001:S-P04-S05:GS03:p0008,west,7,0,6
6052,CP-AP-r001:S-P04-S05:GS03:p0009,west,7,0,4
6053,CP-AP-r001:S-P04-S05:GS03:p0010,west,4,0,6
6054,CP-AP-r001:S-P04-S05:GS03:p0011,west,6,0,0
6055,CP-AP-r001:S-P04-S05:GS04:p0001,east,0,7,6
6056,CP-AP-r001:S-P04-S05:GS04:p0002,east,0,5,6
6057,CP-AP-r001:S-P04-S05:GS04:p0003,east,0,6,2
6058,CP-AP-r001:S-P04-S05:GS04:p0004,east,0,6,6
6059,CP-AP-r001:S-P04-S05:GS04:p0005,east,0,7,6
6060,CP-AP-r001:S-P04-S05:GS04:p0006,east,0,5,6
6061,CP-AP-r001:S-P04-S05:GS04:p0007,east,0,5,1
6062,CP-AP-r001:S-P04-S05:GS04:p0008,east,0,5,6
6063,CP-AP-r001:S-P04-S05:GS04:p0009,east,0,6,5
6064,CP-AP-r001:S-P04-S05:GS04:p0010,east,0,8,6
6065,CP-AP-r001:S-P04-S05:GS04:p0011,east,0,6,1
6066,CP-AP-r001:S-P04-S05:GS04:p0012,east,0,6,6
6067,CP-AP-r001:S-P04-S05:GS05:p0001,east,0,6,0
6068,CP-AP-r001:S-P04-S05:GS05:p0002,east,0,6,6
6069,CP-AP-r001:S-P04-S05:GS05:p0003,east,0,6,2
6070,CP-AP-r001:S-P04-S05:GS05:p0004,east,0,6,6
6071,CP-AP-r001:S-P04-S05:GS05:p0005,east,0,7,0
6072,CP-AP-r001:S-P04-S05:GS05:p0006,east,0,5,6
6073,CP-AP-r001:S-P04-S05:GS05:p0007,east,0,6,1
6074,CP-AP-r001:S-P04-S05:GS05:p0008,east,0,6,6
6075,CP-AP-r001:S-P04-S05:GS05:p0009,east,0,7,5
6076,CP-AP-r001:S-P04-S05:GS05:p0010,east,0,6,1
6077,CP-AP-r001:S-P04-S05:GS05:p0011,east,0,6,6
6078,CP-AP-r001:S-P04-S05:GS06:p0001,east,0,7,0
6079,CP-AP-r001:S-P04-S05:GS06:p0002,east,0,7,6
6080,CP-AP-r001:S-P04-S05:GS06:p0003,east,0,6,2
6081,CP-AP-r001:S-P04-S05:GS06:p0004,east,0,7,6
6082,CP-AP-r001:S-P04-S05:GS06:p0005,east,0,8,0
6083,CP-AP-r001:S-P04-S05:GS06:p0006,east,0,7,6
6084,CP-AP-r001:S-P04-S05:GS06:p0007,east,0,6,1
6085,CP-AP-r001:S-P04-S05:GS06:p0008,east,0,6,6
6086,CP-AP-r001:S-P04-S05:GS06:p0009,east,0,8,0
6087,CP-AP-r001:S-P04-S05:GS06:p0010,east,0,6,5
6088,CP-AP-r001:S-P04-S05:GS06:p0011,east,0,6,1
6089,CP-AP-r001:S-P04-S05:GS06:p0012,east,0,6,6
6090,CP-AP-r001:S-P04-S05:GS06:p0013,east,0,2,0
6091,CP-AP-r001:S-P04-S05:GS07:p0001,west,8,0,6
6092,CP-AP-r001:S-P04-S05:GS07:p0002,west,8,0,3
6093,CP-AP-r001:S-P04-S05:GS07:p0003,west,7,0,0
6094,CP-AP-r001:S-P04-S05:GS07:p0004,west,8,0,6
6095,CP-AP-r001:S-P04-S05:GS07:p0005,west,10,0,0
6096,CP-AP-r001:S-P04-S05:GS07:p0006,west,7,0,6
6097,CP-AP-r001:S-P04-S05:GS07:p0007,west,7,0,3
6098,CP-AP-r001:S-P04-S05:GS07:p0008,west,7,0,0
6099,CP-AP-r001:S-P04-S05:GS07:p0009,west,7,0,6
6100,CP-AP-r001:S-P04-S05:GS07:p0010,west,11,0,0
6101,CP-AP-r001:S-P04-S05:GS07:p0011,west,7,0,4
6102,CP-AP-r001:S-P04-S05:GS07:p0012,west,9,0,0
6103,CP-AP-r001:S-P04-S05:GS07:p0013,west,7,0,6
6104,CP-AP-r001:S-P04-S05:GS07:p0014,west,9,0,0
6105,CP-AP-r001:S-P04-S05:GS08:p0001,west,10,0,6
6106,CP-AP-r001:S-P04-S05:GS08:p0002,west,8,0,3
6107,CP-AP-r001:S-P04-S05:GS08:p0003,west,5,0,6
6108,CP-AP-r001:S-P04-S05:GS08:p0004,west,8,0,6
6109,CP-AP-r001:S-P04-S05:GS08:p0005,west,9,0,0
6110,CP-AP-r001:S-P04-S05:GS08:p0006,west,10,0,6
6111,CP-AP-r001:S-P04-S05:GS08:p0007,west,8,0,3
6112,CP-AP-r001:S-P04-S05:GS08:p0008,west,8,0,6
6113,CP-AP-r001:S-P04-S05:GS08:p0009,west,9,0,0
6114,CP-AP-r001:S-P04-S05:GS08:p0010,west,8,0,6
6115,CP-AP-r001:S-P04-S05:GS08:p0011,west,8,0,4
6116,CP-AP-r001:S-P04-S05:GS08:p0012,west,8,0,6
6117,CP-AP-r001:S-P04-S05:GS08:p0013,west,10,0,0
6118,CP-AP-r001:S-P04-S05:GS09:p0001,west,8,0,6
6119,CP-AP-r001:S-P04-S05:GS09:p0002,west,8,0,3
6120,CP-AP-r001:S-P04-S05:GS09:p0003,west,8,0,6
6121,CP-AP-r001:S-P04-S05:GS09:p0004,west,9,0,6
6122,CP-AP-r001:S-P04-S05:GS09:p0005,west,10,0,6
6123,CP-AP-r001:S-P04-S05:GS09:p0006,west,8,0,3
6124,CP-AP-r001:S-P04-S05:GS09:p0007,west,8,0,6
6125,CP-AP-r001:S-P04-S05:GS09:p0008,west,7,0,6
6126,CP-AP-r001:S-P04-S05:GS09:p0009,west,10,0,6
6127,CP-AP-r001:S-P04-S05:GS09:p0010,west,8,0,4
6128,CP-AP-r001:S-P04-S05:GS09:p0011,west,5,0,6
6129,CP-AP-r001:S-P04-S05:GS09:p0012,west,7,0,6
6130,CP-AP-r001:S-P04-S05:GS09:p0013,west,9,0,0
6131,CP-AP-r001:S-P04-S05:GS10:p0001,east,0,9,6
6132,CP-AP-r001:S-P04-S05:GS10:p0002,east,0,9,6
6133,CP-AP-r001:S-P04-S05:GS10:p0003,east,0,7,2
6134,CP-AP-r001:S-P04-S05:GS10:p0004,east,0,7,6
6135,CP-AP-r001:S-P04-S05:GS10:p0005,east,0,8,6
6136,CP-AP-r001:S-P04-S05:GS10:p0006,east,0,9,6
6137,CP-AP-r001:S-P04-S05:GS10:p0007,east,0,7,1
6138,CP-AP-r001:S-P04-S05:GS10:p0008,east,0,7,6
6139,CP-AP-r001:S-P04-S05:GS10:p0009,east,0,8,5
6140,CP-AP-r001:S-P04-S05:GS10:p0010,east,0,8,6
6141,CP-AP-r001:S-P04-S05:GS10:p0011,east,0,8,1
6142,CP-AP-r001:S-P04-S05:GS10:p0012,east,0,8,6
6143,CP-AP-r001:S-P04-S05:GS11:p0001,east,0,7,0
6144,CP-AP-r001:S-P04-S05:GS11:p0002,east,0,7,6
6145,CP-AP-r001:S-P04-S05:GS11:p0003,east,0,7,6
6146,CP-AP-r001:S-P04-S05:GS11:p0004,east,0,7,2
6147,CP-AP-r001:S-P04-S05:GS11:p0005,east,0,10,6
6148,CP-AP-r001:S-P04-S05:GS11:p0006,east,0,7,6
6149,CP-AP-r001:S-P04-S05:GS11:p0007,east,0,8,6
6150,CP-AP-r001:S-P04-S05:GS11:p0008,east,0,7,1
6151,CP-AP-r001:S-P04-S05:GS11:p0009,east,0,8,6
6152,CP-AP-r001:S-P04-S05:GS11:p0010,east,0,7,5
6153,CP-AP-r001:S-P04-S05:GS11:p0011,east,0,9,6
6154,CP-AP-r001:S-P04-S05:GS11:p0012,east,0,7,1
6155,CP-AP-r001:S-P04-S05:GS11:p0013,east,0,7,6
6156,CP-AP-r001:S-P04-S05:GS12:p0001,east,0,10,0
6157,CP-AP-r001:S-P04-S05:GS12:p0002,east,0,8,6
6158,CP-AP-r001:S-P04-S05:GS12:p0003,east,0,6,0
6159,CP-AP-r001:S-P04-S05:GS12:p0004,east,0,8,2
6160,CP-AP-r001:S-P04-S05:GS12:p0005,east,0,8,6
6161,CP-AP-r001:S-P04-S05:GS12:p0006,east,0,9,0
6162,CP-AP-r001:S-P04-S05:GS12:p0007,east,0,8,6
6163,CP-AP-r001:S-P04-S05:GS12:p0008,east,0,8,1
6164,CP-AP-r001:S-P04-S05:GS12:p0009,east,0,10,6
6165,CP-AP-r001:S-P04-S05:GS12:p0010,east,0,8,0
6166,CP-AP-r001:S-P04-S05:GS12:p0011,east,0,8,5
6167,CP-AP-r001:S-P04-S05:GS12:p0012,east,0,7,6
6168,CP-AP-r001:S-P04-S05:GS12:p0013,east,0,8,1
6169,CP-AP-r001:S-P04-S05:GS12:p0014,east,0,10,6
6170,CP-AP-r001:S-P04-S05:GS12:p0015,east,0,4,0
6171,CP-AP-r001:S-P04-S06:GS01:p0001,west,8,0,6
6172,CP-AP-r001:S-P04-S06:GS01:p0002,west,6,0,3
6173,CP-AP-r001:S-P04-S06:GS01:p0003,west,7,0,6
6174,CP-AP-r001:S-P04-S06:GS01:p0004,west,7,0,0
6175,CP-AP-r001:S-P04-S06:GS01:p0005,west,6,0,6
6176,CP-AP-r001:S-P04-S06:GS01:p0006,west,4,0,3
6177,CP-AP-r001:S-P04-S06:GS01:p0007,west,7,0,6
6178,CP-AP-r001:S-P04-S06:GS01:p0008,west,7,0,0
6179,CP-AP-r001:S-P04-S06:GS01:p0009,west,7,0,6
6180,CP-AP-r001:S-P04-S06:GS01:p0010,west,6,0,4
6181,CP-AP-r001:S-P04-S06:GS01:p0011,west,7,0,6
6182,CP-AP-r001:S-P04-S06:GS01:p0012,west,7,0,0
6183,CP-AP-r001:S-P04-S06:GS02:p0001,west,6,0,6
6184,CP-AP-r001:S-P04-S06:GS02:p0002,west,6,0,3
6185,CP-AP-r001:S-P04-S06:GS02:p0003,west,6,0,6
6186,CP-AP-r001:S-P04-S06:GS02:p0004,west,8,0,0
6187,CP-AP-r001:S-P04-S06:GS02:p0005,west,6,0,6
6188,CP-AP-r001:S-P04-S06:GS02:p0006,west,6,0,3
6189,CP-AP-r001:S-P04-S06:GS02:p0007,west,7,0,6
6190,CP-AP-r001:S-P04-S06:GS02:p0008,west,7,0,0
6191,CP-AP-r001:S-P04-S06:GS02:p0009,west,7,0,6
6192,CP-AP-r001:S-P04-S06:GS02:p0010,west,6,0,4
6193,CP-AP-r001:S-P04-S06:GS02:p0011,west,7,0,6
6194,CP-AP-r001:S-P04-S06:GS02:p0012,west,7,0,0
6195,CP-AP-r001:S-P04-S06:GS03:p0001,west,6,0,6
6196,CP-AP-r001:S-P04-S06:GS03:p0002,west,6,0,3
6197,CP-AP-r001:S-P04-S06:GS03:p0003,west,7,0,6
6198,CP-AP-r001:S-P04-S06:GS03:p0004,west,6,0,6
6199,CP-AP-r001:S-P04-S06:GS03:p0005,west,6,0,3
6200,CP-AP-r001:S-P04-S06:GS03:p0006,west,7,0,6
6201,CP-AP-r001:S-P04-S06:GS03:p0007,west,7,0,0
6202,CP-AP-r001:S-P04-S06:GS03:p0008,west,6,0,6
6203,CP-AP-r001:S-P04-S06:GS03:p0009,west,6,0,4
6204,CP-AP-r001:S-P04-S06:GS03:p0010,west,5,0,6
6205,CP-AP-r001:S-P04-S06:GS03:p0011,west,6,0,0
6206,CP-AP-r001:S-P04-S06:GS04:p0001,east,0,6,6
6207,CP-AP-r001:S-P04-S06:GS04:p0002,east,0,6,6
6208,CP-AP-r001:S-P04-S06:GS04:p0003,east,0,7,2
6209,CP-AP-r001:S-P04-S06:GS04:p0004,east,0,7,6
6210,CP-AP-r001:S-P04-S06:GS04:p0005,east,0,6,6
6211,CP-AP-r001:S-P04-S06:GS04:p0006,east,0,5,6
6212,CP-AP-r001:S-P04-S06:GS04:p0007,east,0,5,1
6213,CP-AP-r001:S-P04-S06:GS04:p0008,east,0,6,6
6214,CP-AP-r001:S-P04-S06:GS04:p0009,east,0,4,5
6215,CP-AP-r001:S-P04-S06:GS04:p0010,east,0,6,6
6216,CP-AP-r001:S-P04-S06:GS04:p0011,east,0,4,1
6217,CP-AP-r001:S-P04-S06:GS04:p0012,east,0,7,6
6218,CP-AP-r001:S-P04-S06:GS05:p0001,east,0,6,0
6219,CP-AP-r001:S-P04-S06:GS05:p0002,east,0,6,6
6220,CP-AP-r001:S-P04-S06:GS05:p0003,east,0,7,2
6221,CP-AP-r001:S-P04-S06:GS05:p0004,east,0,7,6
6222,CP-AP-r001:S-P04-S06:GS05:p0005,east,0,7,0
6223,CP-AP-r001:S-P04-S06:GS05:p0006,east,0,4,6
6224,CP-AP-r001:S-P04-S06:GS05:p0007,east,0,7,1
6225,CP-AP-r001:S-P04-S06:GS05:p0008,east,0,7,6
6226,CP-AP-r001:S-P04-S06:GS05:p0009,east,0,6,5
6227,CP-AP-r001:S-P04-S06:GS05:p0010,east,0,7,1
6228,CP-AP-r001:S-P04-S06:GS05:p0011,east,0,7,6
6229,CP-AP-r001:S-P04-S06:GS06:p0001,east,0,6,0
6230,CP-AP-r001:S-P04-S06:GS06:p0002,east,0,6,6
6231,CP-AP-r001:S-P04-S06:GS06:p0003,east,0,6,2
6232,CP-AP-r001:S-P04-S06:GS06:p0004,east,0,8,6
6233,CP-AP-r001:S-P04-S06:GS06:p0005,east,0,7,0
6234,CP-AP-r001:S-P04-S06:GS06:p0006,east,0,6,6
6235,CP-AP-r001:S-P04-S06:GS06:p0007,east,0,7,1
6236,CP-AP-r001:S-P04-S06:GS06:p0008,east,0,7,6
6237,CP-AP-r001:S-P04-S06:GS06:p0009,east,0,8,0
6238,CP-AP-r001:S-P04-S06:GS06:p0010,east,0,6,5
6239,CP-AP-r001:S-P04-S06:GS06:p0011,east,0,7,1
6240,CP-AP-r001:S-P04-S06:GS06:p0012,east,0,7,6
6241,CP-AP-r001:S-P04-S06:GS06:p0013,east,0,2,0
6242,CP-AP-r001:S-P04-S06:GS07:p0001,west,10,0,6
6243,CP-AP-r001:S-P04-S06:GS07:p0002,west,8,0,3
6244,CP-AP-r001:S-P04-S06:GS07:p0003,west,5,0,0
6245,CP-AP-r001:S-P04-S06:GS07:p0004,west,8,0,6
6246,CP-AP-r001:S-P04-S06:GS07:p0005,west,10,0,0
6247,CP-AP-r001:S-P04-S06:GS07:p0006,west,9,0,6
6248,CP-AP-r001:S-P04-S06:GS07:p0007,west,8,0,3
6249,CP-AP-r001:S-P04-S06:GS07:p0008,west,6,0,0
6250,CP-AP-r001:S-P04-S06:GS07:p0009,west,8,0,6
6251,CP-AP-r001:S-P04-S06:GS07:p0010,west,10,0,0
6252,CP-AP-r001:S-P04-S06:GS07:p0011,west,8,0,4
6253,CP-AP-r001:S-P04-S06:GS07:p0012,west,8,0,0
6254,CP-AP-r001:S-P04-S06:GS07:p0013,west,8,0,6
6255,CP-AP-r001:S-P04-S06:GS07:p0014,west,10,0,0
6256,CP-AP-r001:S-P04-S06:GS08:p0001,west,10,0,6
6257,CP-AP-r001:S-P04-S06:GS08:p0002,west,8,0,3
6258,CP-AP-r001:S-P04-S06:GS08:p0003,west,7,0,6
6259,CP-AP-r001:S-P04-S06:GS08:p0004,west,8,0,6
6260,CP-AP-r001:S-P04-S06:GS08:p0005,west,8,0,0
6261,CP-AP-r001:S-P04-S06:GS08:p0006,west,10,0,6
6262,CP-AP-r001:S-P04-S06:GS08:p0007,west,8,0,3
6263,CP-AP-r001:S-P04-S06:GS08:p0008,west,8,0,6
6264,CP-AP-r001:S-P04-S06:GS08:p0009,west,8,0,0
6265,CP-AP-r001:S-P04-S06:GS08:p0010,west,9,0,6
6266,CP-AP-r001:S-P04-S06:GS08:p0011,west,8,0,4
6267,CP-AP-r001:S-P04-S06:GS08:p0012,west,8,0,6
6268,CP-AP-r001:S-P04-S06:GS08:p0013,west,9,0,0
6269,CP-AP-r001:S-P04-S06:GS09:p0001,west,7,0,6
6270,CP-AP-r001:S-P04-S06:GS09:p0002,west,7,0,3
6271,CP-AP-r001:S-P04-S06:GS09:p0003,west,9,0,6
6272,CP-AP-r001:S-P04-S06:GS09:p0004,west,9,0,6
6273,CP-AP-r001:S-P04-S06:GS09:p0005,west,9,0,6
6274,CP-AP-r001:S-P04-S06:GS09:p0006,west,7,0,3
6275,CP-AP-r001:S-P04-S06:GS09:p0007,west,8,0,6
6276,CP-AP-r001:S-P04-S06:GS09:p0008,west,7,0,6
6277,CP-AP-r001:S-P04-S06:GS09:p0009,west,10,0,6
6278,CP-AP-r001:S-P04-S06:GS09:p0010,west,8,0,4
6279,CP-AP-r001:S-P04-S06:GS09:p0011,west,6,0,6
6280,CP-AP-r001:S-P04-S06:GS09:p0012,west,7,0,6
6281,CP-AP-r001:S-P04-S06:GS09:p0013,west,8,0,0
6282,CP-AP-r001:S-P04-S06:GS10:p0001,east,0,8,6
6283,CP-AP-r001:S-P04-S06:GS10:p0002,east,0,8,6
6284,CP-AP-r001:S-P04-S06:GS10:p0003,east,0,8,2
6285,CP-AP-r001:S-P04-S06:GS10:p0004,east,0,8,6
6286,CP-AP-r001:S-P04-S06:GS10:p0005,east,0,8,6
6287,CP-AP-r001:S-P04-S06:GS10:p0006,east,0,7,6
6288,CP-AP-r001:S-P04-S06:GS10:p0007,east,0,8,1
6289,CP-AP-r001:S-P04-S06:GS10:p0008,east,0,8,6
6290,CP-AP-r001:S-P04-S06:GS10:p0009,east,0,7,5
6291,CP-AP-r001:S-P04-S06:GS10:p0010,east,0,7,6
6292,CP-AP-r001:S-P04-S06:GS10:p0011,east,0,10,1
6293,CP-AP-r001:S-P04-S06:GS10:p0012,east,0,8,6
6294,CP-AP-r001:S-P04-S06:GS11:p0001,east,0,9,0
6295,CP-AP-r001:S-P04-S06:GS11:p0002,east,0,8,6
6296,CP-AP-r001:S-P04-S06:GS11:p0003,east,0,6,6
6297,CP-AP-r001:S-P04-S06:GS11:p0004,east,0,8,2
6298,CP-AP-r001:S-P04-S06:GS11:p0005,east,0,10,6
6299,CP-AP-r001:S-P04-S06:GS11:p0006,east,0,8,6
6300,CP-AP-r001:S-P04-S06:GS11:p0007,east,0,7,6
6301,CP-AP-r001:S-P04-S06:GS11:p0008,east,0,8,1
6302,CP-AP-r001:S-P04-S06:GS11:p0009,east,0,10,6
6303,CP-AP-r001:S-P04-S06:GS11:p0010,east,0,7,5
6304,CP-AP-r001:S-P04-S06:GS11:p0011,east,0,8,6
6305,CP-AP-r001:S-P04-S06:GS11:p0012,east,0,8,1
6306,CP-AP-r001:S-P04-S06:GS11:p0013,east,0,8,6
6307,CP-AP-r001:S-P04-S06:GS12:p0001,east,0,10,0
6308,CP-AP-r001:S-P04-S06:GS12:p0002,east,0,8,6
6309,CP-AP-r001:S-P04-S06:GS12:p0003,east,0,7,0
6310,CP-AP-r001:S-P04-S06:GS12:p0004,east,0,8,2
6311,CP-AP-r001:S-P04-S06:GS12:p0005,east,0,7,6
6312,CP-AP-r001:S-P04-S06:GS12:p0006,east,0,10,0
6313,CP-AP-r001:S-P04-S06:GS12:p0007,east,0,8,6
6314,CP-AP-r001:S-P04-S06:GS12:p0008,east,0,8,1
6315,CP-AP-r001:S-P04-S06:GS12:p0009,east,0,9,6
6316,CP-AP-r001:S-P04-S06:GS12:p0010,east,0,10,0
6317,CP-AP-r001:S-P04-S06:GS12:p0011,east,0,8,5
6318,CP-AP-r001:S-P04-S06:GS12:p0012,east,0,5,6
6319,CP-AP-r001:S-P04-S06:GS12:p0013,east,0,8,1
6320,CP-AP-r001:S-P04-S06:GS12:p0014,east,0,10,6
6321,CP-AP-r001:S-P04-S06:GS12:p0015,east,0,5,0
6322,CP-AP-r001:S-P04-S07:GS01:p0001,west,7,0,6
6323,CP-AP-r001:S-P04-S07:GS01:p0002,west,6,0,4
6324,CP-AP-r001:S-P04-S07:GS01:p0003,west,6,0,6
6325,CP-AP-r001:S-P04-S07:GS01:p0004,west,6,0,0
6326,CP-AP-r001:S-P04-S07:GS01:p0005,west,7,0,5
6327,CP-AP-r001:S-P04-S07:GS01:p0006,west,6,0,6
6328,CP-AP-r001:S-P04-S07:GS01:p0007,west,6,0,0
6329,CP-AP-r001:S-P04-S07:GS01:p0008,west,7,0,5
6330,CP-AP-r001:S-P04-S07:GS01:p0009,west,4,0,0
6331,CP-AP-r001:S-P04-S07:GS01:p0010,west,6,0,6
6332,CP-AP-r001:S-P04-S07:GS01:p0011,west,4,0,1
6333,CP-AP-r001:S-P04-S07:GS02:p0001,west,8,0,6
6334,CP-AP-r001:S-P04-S07:GS02:p0002,west,7,0,4
6335,CP-AP-r001:S-P04-S07:GS02:p0003,west,6,0,6
6336,CP-AP-r001:S-P04-S07:GS02:p0004,west,6,0,0
6337,CP-AP-r001:S-P04-S07:GS02:p0005,west,8,0,6
6338,CP-AP-r001:S-P04-S07:GS02:p0006,west,6,0,5
6339,CP-AP-r001:S-P04-S07:GS02:p0007,west,6,0,6
6340,CP-AP-r001:S-P04-S07:GS02:p0008,west,6,0,0
6341,CP-AP-r001:S-P04-S07:GS02:p0009,west,6,0,6
6342,CP-AP-r001:S-P04-S07:GS02:p0010,west,5,0,5
6343,CP-AP-r001:S-P04-S07:GS02:p0011,west,6,0,6
6344,CP-AP-r001:S-P04-S07:GS02:p0012,west,6,0,1
6345,CP-AP-r001:S-P04-S07:GS03:p0001,west,7,0,6
6346,CP-AP-r001:S-P04-S07:GS03:p0002,west,7,0,4
6347,CP-AP-r001:S-P04-S07:GS03:p0003,west,4,0,6
6348,CP-AP-r001:S-P04-S07:GS03:p0004,west,6,0,0
6349,CP-AP-r001:S-P04-S07:GS03:p0005,west,7,0,6
6350,CP-AP-r001:S-P04-S07:GS03:p0006,west,7,0,5
6351,CP-AP-r001:S-P04-S07:GS03:p0007,west,6,0,6
6352,CP-AP-r001:S-P04-S07:GS03:p0008,west,8,0,0
6353,CP-AP-r001:S-P04-S07:GS03:p0009,west,7,0,6
6354,CP-AP-r001:S-P04-S07:GS03:p0010,west,7,0,5
6355,CP-AP-r001:S-P04-S07:GS03:p0011,west,6,0,6
6356,CP-AP-r001:S-P04-S07:GS03:p0012,west,6,0,1
6357,CP-AP-r001:S-P04-S07:GS04:p0001,east,0,6,5
6358,CP-AP-r001:S-P04-S07:GS04:p0002,east,0,8,6
6359,CP-AP-r001:S-P04-S07:GS04:p0003,east,0,6,1
6360,CP-AP-r001:S-P04-S07:GS04:p0004,east,0,6,6
6361,CP-AP-r001:S-P04-S07:GS04:p0005,east,0,7,4
6362,CP-AP-r001:S-P04-S07:GS04:p0006,east,0,7,6
6363,CP-AP-r001:S-P04-S07:GS04:p0007,east,0,6,6
6364,CP-AP-r001:S-P04-S07:GS04:p0008,east,0,7,4
6365,CP-AP-r001:S-P04-S07:GS04:p0009,east,0,7,6
6366,CP-AP-r001:S-P04-S07:GS04:p0010,east,0,5,6
6367,CP-AP-r001:S-P04-S07:GS04:p0011,east,0,7,6
6368,CP-AP-r001:S-P04-S07:GS05:p0001,east,0,7,5
6369,CP-AP-r001:S-P04-S07:GS05:p0002,east,0,6,1
6370,CP-AP-r001:S-P04-S07:GS05:p0003,east,0,6,6
6371,CP-AP-r001:S-P04-S07:GS05:p0004,east,0,7,4
6372,CP-AP-r001:S-P04-S07:GS05:p0005,east,0,4,6
6373,CP-AP-r001:S-P04-S07:GS05:p0006,east,0,6,1
6374,CP-AP-r001:S-P04-S07:GS05:p0007,east,0,5,6
6375,CP-AP-r001:S-P04-S07:GS05:p0008,east,0,7,4
6376,CP-AP-r001:S-P04-S07:GS05:p0009,east,0,6,6
6377,CP-AP-r001:S-P04-S07:GS05:p0010,east,0,5,0
6378,CP-AP-r001:S-P04-S07:GS05:p0011,east,0,5,6
6379,CP-AP-r001:S-P04-S07:GS06:p0001,east,0,8,0
6380,CP-AP-r001:S-P04-S07:GS06:p0002,east,0,6,5
6381,CP-AP-r001:S-P04-S07:GS06:p0003,east,0,6,1
6382,CP-AP-r001:S-P04-S07:GS06:p0004,east,0,6,6
6383,CP-AP-r001:S-P04-S07:GS06:p0005,east,0,6,0
6384,CP-AP-r001:S-P04-S07:GS06:p0006,east,0,6,4
6385,CP-AP-r001:S-P04-S07:GS06:p0007,east,0,6,1
6386,CP-AP-r001:S-P04-S07:GS06:p0008,east,0,6,6
6387,CP-AP-r001:S-P04-S07:GS06:p0009,east,0,7,0
6388,CP-AP-r001:S-P04-S07:GS06:p0010,east,0,6,4
6389,CP-AP-r001:S-P04-S07:GS06:p0011,east,0,6,0
6390,CP-AP-r001:S-P04-S07:GS06:p0012,east,0,6,6
6391,CP-AP-r001:S-P04-S07:GS07:p0001,west,7,0,4
6392,CP-AP-r001:S-P04-S07:GS07:p0002,west,8,0,0
6393,CP-AP-r001:S-P04-S07:GS07:p0003,west,7,0,6
6394,CP-AP-r001:S-P04-S07:GS07:p0004,west,9,0,0
6395,CP-AP-r001:S-P04-S07:GS07:p0005,west,7,0,5
6396,CP-AP-r001:S-P04-S07:GS07:p0006,west,9,0,0
6397,CP-AP-r001:S-P04-S07:GS07:p0007,west,7,0,6
6398,CP-AP-r001:S-P04-S07:GS07:p0008,west,7,0,0
6399,CP-AP-r001:S-P04-S07:GS07:p0009,west,8,0,5
6400,CP-AP-r001:S-P04-S07:GS07:p0010,west,10,0,0
6401,CP-AP-r001:S-P04-S07:GS07:p0011,west,7,0,6
6402,CP-AP-r001:S-P04-S07:GS07:p0012,west,7,0,1
6403,CP-AP-r001:S-P04-S07:GS08:p0001,west,8,0,6
6404,CP-AP-r001:S-P04-S07:GS08:p0002,west,8,0,4
6405,CP-AP-r001:S-P04-S07:GS08:p0003,west,8,0,6
6406,CP-AP-r001:S-P04-S07:GS08:p0004,west,10,0,0
6407,CP-AP-r001:S-P04-S07:GS08:p0005,west,8,0,6
6408,CP-AP-r001:S-P04-S07:GS08:p0006,west,8,0,5
6409,CP-AP-r001:S-P04-S07:GS08:p0007,west,7,0,0
6410,CP-AP-r001:S-P04-S07:GS08:p0008,west,8,0,6
6411,CP-AP-r001:S-P04-S07:GS08:p0009,west,10,0,0
6412,CP-AP-r001:S-P04-S07:GS08:p0010,west,9,0,6
6413,CP-AP-r001:S-P04-S07:GS08:p0011,west,7,0,5
6414,CP-AP-r001:S-P04-S07:GS08:p0012,west,6,0,0
6415,CP-AP-r001:S-P04-S07:GS08:p0013,west,7,0,6
6416,CP-AP-r001:S-P04-S07:GS08:p0014,west,10,0,1
6417,CP-AP-r001:S-P04-S07:GS09:p0001,west,11,0,6
6418,CP-AP-r001:S-P04-S07:GS09:p0002,west,8,0,4
6419,CP-AP-r001:S-P04-S07:GS09:p0003,west,5,0,6
6420,CP-AP-r001:S-P04-S07:GS09:p0004,west,7,0,6
6421,CP-AP-r001:S-P04-S07:GS09:p0005,west,10,0,6
6422,CP-AP-r001:S-P04-S07:GS09:p0006,west,8,0,5
6423,CP-AP-r001:S-P04-S07:GS09:p0007,west,5,0,5
6424,CP-AP-r001:S-P04-S07:GS09:p0008,west,8,0,6
6425,CP-AP-r001:S-P04-S07:GS09:p0009,west,10,0,0
6426,CP-AP-r001:S-P04-S07:GS09:p0010,west,9,0,6
6427,CP-AP-r001:S-P04-S07:GS09:p0011,west,8,0,5
6428,CP-AP-r001:S-P04-S07:GS09:p0012,west,8,0,6
6429,CP-AP-r001:S-P04-S07:GS09:p0013,west,10,0,1
6430,CP-AP-r001:S-P04-S07:GS10:p0001,east,0,8,5
6431,CP-AP-r001:S-P04-S07:GS10:p0002,east,0,8,6
6432,CP-AP-r001:S-P04-S07:GS10:p0003,east,0,7,1
6433,CP-AP-r001:S-P04-S07:GS10:p0004,east,0,8,6
6434,CP-AP-r001:S-P04-S07:GS10:p0005,east,0,9,4
6435,CP-AP-r001:S-P04-S07:GS10:p0006,east,0,8,6
6436,CP-AP-r001:S-P04-S07:GS10:p0007,east,0,9,1
6437,CP-AP-r001:S-P04-S07:GS10:p0008,east,0,7,6
6438,CP-AP-r001:S-P04-S07:GS10:p0009,east,0,10,4
6439,CP-AP-r001:S-P04-S07:GS10:p0010,east,0,8,6
6440,CP-AP-r001:S-P04-S07:GS10:p0011,east,0,7,0
6441,CP-AP-r001:S-P04-S07:GS10:p0012,east,0,7,6
6442,CP-AP-r001:S-P04-S07:GS11:p0001,east,0,7,5
6443,CP-AP-r001:S-P04-S07:GS11:p0002,east,0,9,6
6444,CP-AP-r001:S-P04-S07:GS11:p0003,east,0,7,1
6445,CP-AP-r001:S-P04-S07:GS11:p0004,east,0,7,6
6446,CP-AP-r001:S-P04-S07:GS11:p0005,east,0,8,4
6447,CP-AP-r001:S-P04-S07:GS11:p0006,east,0,10,6
6448,CP-AP-r001:S-P04-S07:GS11:p0007,east,0,7,1
6449,CP-AP-r001:S-P04-S07:GS11:p0008,east,0,7,6
6450,CP-AP-r001:S-P04-S07:GS11:p0009,east,0,8,4
6451,CP-AP-r001:S-P04-S07:GS11:p0010,east,0,9,6
6452,CP-AP-r001:S-P04-S07:GS11:p0011,east,0,7,0
6453,CP-AP-r001:S-P04-S07:GS11:p0012,east,0,7,6
6454,CP-AP-r001:S-P04-S07:GS12:p0001,east,0,8,0
6455,CP-AP-r001:S-P04-S07:GS12:p0002,east,0,8,5
6456,CP-AP-r001:S-P04-S07:GS12:p0003,east,0,6,6
6457,CP-AP-r001:S-P04-S07:GS12:p0004,east,0,8,1
6458,CP-AP-r001:S-P04-S07:GS12:p0005,east,0,10,6
6459,CP-AP-r001:S-P04-S07:GS12:p0006,east,0,7,0
6460,CP-AP-r001:S-P04-S07:GS12:p0007,east,0,7,4
6461,CP-AP-r001:S-P04-S07:GS12:p0008,east,0,7,6
6462,CP-AP-r001:S-P04-S07:GS12:p0009,east,0,7,1
6463,CP-AP-r001:S-P04-S07:GS12:p0010,east,0,10,6
6464,CP-AP-r001:S-P04-S07:GS12:p0011,east,0,7,4
6465,CP-AP-r001:S-P04-S07:GS12:p0012,east,0,8,6
6466,CP-AP-r001:S-P04-S07:GS12:p0013,east,0,7,0
6467,CP-AP-r001:S-P04-S07:GS12:p0014,east,0,9,6
6468,CP-AP-r001:S-P04-S08:GS01:p0001,west,7,0,6
6469,CP-AP-r001:S-P04-S08:GS01:p0002,west,5,0,4
6470,CP-AP-r001:S-P04-S08:GS01:p0003,west,7,0,6
6471,CP-AP-r001:S-P04-S08:GS01:p0004,west,7,0,0
6472,CP-AP-r001:S-P04-S08:GS01:p0005,west,6,0,5
6473,CP-AP-r001:S-P04-S08:GS01:p0006,west,7,0,6
6474,CP-AP-r001:S-P04-S08:GS01:p0007,west,7,0,0
6475,CP-AP-r001:S-P04-S08:GS01:p0008,west,6,0,5
6476,CP-AP-r001:S-P04-S08:GS01:p0009,west,6,0,0
6477,CP-AP-r001:S-P04-S08:GS01:p0010,west,7,0,6
6478,CP-AP-r001:S-P04-S08:GS01:p0011,west,5,0,1
6479,CP-AP-r001:S-P04-S08:GS02:p0001,west,7,0,6
6480,CP-AP-r001:S-P04-S08:GS02:p0002,west,6,0,4
6481,CP-AP-r001:S-P04-S08:GS02:p0003,west,7,0,6
6482,CP-AP-r001:S-P04-S08:GS02:p0004,west,7,0,0
6483,CP-AP-r001:S-P04-S08:GS02:p0005,west,8,0,6
6484,CP-AP-r001:S-P04-S08:GS02:p0006,west,6,0,5
6485,CP-AP-r001:S-P04-S08:GS02:p0007,west,7,0,6
6486,CP-AP-r001:S-P04-S08:GS02:p0008,west,7,0,0
6487,CP-AP-r001:S-P04-S08:GS02:p0009,west,6,0,6
6488,CP-AP-r001:S-P04-S08:GS02:p0010,west,4,0,5
6489,CP-AP-r001:S-P04-S08:GS02:p0011,west,7,0,6
6490,CP-AP-r001:S-P04-S08:GS02:p0012,west,7,0,1
6491,CP-AP-r001:S-P04-S08:GS03:p0001,west,6,0,6
6492,CP-AP-r001:S-P04-S08:GS03:p0002,west,6,0,4
6493,CP-AP-r001:S-P04-S08:GS03:p0003,west,5,0,6
6494,CP-AP-r001:S-P04-S08:GS03:p0004,west,6,0,0
6495,CP-AP-r001:S-P04-S08:GS03:p0005,west,6,0,6
6496,CP-AP-r001:S-P04-S08:GS03:p0006,west,6,0,5
6497,CP-AP-r001:S-P04-S08:GS03:p0007,west,6,0,6
6498,CP-AP-r001:S-P04-S08:GS03:p0008,west,8,0,0
6499,CP-AP-r001:S-P04-S08:GS03:p0009,west,6,0,6
6500,CP-AP-r001:S-P04-S08:GS03:p0010,west,6,0,5
6501,CP-AP-r001:S-P04-S08:GS03:p0011,west,7,0,6
6502,CP-AP-r001:S-P04-S08:GS03:p0012,west,7,0,1
6503,CP-AP-r001:S-P04-S08:GS04:p0001,east,0,5,5
6504,CP-AP-r001:S-P04-S08:GS04:p0002,east,0,6,6
6505,CP-AP-r001:S-P04-S08:GS04:p0003,east,0,4,1
6506,CP-AP-r001:S-P04-S08:GS04:p0004,east,0,7,6
6507,CP-AP-r001:S-P04-S08:GS04:p0005,east,0,6,4
6508,CP-AP-r001:S-P04-S08:GS04:p0006,east,0,6,6
6509,CP-AP-r001:S-P04-S08:GS04:p0007,east,0,7,6
6510,CP-AP-r001:S-P04-S08:GS04:p0008,east,0,6,3
6511,CP-AP-r001:S-P04-S08:GS04:p0009,east,0,6,6
6512,CP-AP-r001:S-P04-S08:GS04:p0010,east,0,6,6
6513,CP-AP-r001:S-P04-S08:GS04:p0011,east,0,7,6
6514,CP-AP-r001:S-P04-S08:GS05:p0001,east,0,6,5
6515,CP-AP-r001:S-P04-S08:GS05:p0002,east,0,7,1
6516,CP-AP-r001:S-P04-S08:GS05:p0003,east,0,7,6
6517,CP-AP-r001:S-P04-S08:GS05:p0004,east,0,6,4
6518,CP-AP-r001:S-P04-S08:GS05:p0005,east,0,6,6
6519,CP-AP-r001:S-P04-S08:GS05:p0006,east,0,8,1
6520,CP-AP-r001:S-P04-S08:GS05:p0007,east,0,6,6
6521,CP-AP-r001:S-P04-S08:GS05:p0008,east,0,6,3
6522,CP-AP-r001:S-P04-S08:GS05:p0009,east,0,5,6
6523,CP-AP-r001:S-P04-S08:GS05:p0010,east,0,5,0
6524,CP-AP-r001:S-P04-S08:GS05:p0011,east,0,7,6
6525,CP-AP-r001:S-P04-S08:GS06:p0001,east,0,8,0
6526,CP-AP-r001:S-P04-S08:GS06:p0002,east,0,6,5
6527,CP-AP-r001:S-P04-S08:GS06:p0003,east,0,7,1
6528,CP-AP-r001:S-P04-S08:GS06:p0004,east,0,7,6
6529,CP-AP-r001:S-P04-S08:GS06:p0005,east,0,6,0
6530,CP-AP-r001:S-P04-S08:GS06:p0006,east,0,5,4
6531,CP-AP-r001:S-P04-S08:GS06:p0007,east,0,7,1
6532,CP-AP-r001:S-P04-S08:GS06:p0008,east,0,7,6
6533,CP-AP-r001:S-P04-S08:GS06:p0009,east,0,7,0
6534,CP-AP-r001:S-P04-S08:GS06:p0010,east,0,5,3
6535,CP-AP-r001:S-P04-S08:GS06:p0011,east,0,7,0
6536,CP-AP-r001:S-P04-S08:GS06:p0012,east,0,7,6
6537,CP-AP-r001:S-P04-S08:GS07:p0001,west,8,0,4
6538,CP-AP-r001:S-P04-S08:GS07:p0002,west,8,0,0
6539,CP-AP-r001:S-P04-S08:GS07:p0003,west,8,0,6
6540,CP-AP-r001:S-P04-S08:GS07:p0004,west,10,0,0
6541,CP-AP-r001:S-P04-S08:GS07:p0005,west,7,0,5
6542,CP-AP-r001:S-P04-S08:GS07:p0006,west,9,0,0
6543,CP-AP-r001:S-P04-S08:GS07:p0007,west,8,0,6
6544,CP-AP-r001:S-P04-S08:GS07:p0008,west,8,0,0
6545,CP-AP-r001:S-P04-S08:GS07:p0009,west,8,0,5
6546,CP-AP-r001:S-P04-S08:GS07:p0010,west,7,0,0
6547,CP-AP-r001:S-P04-S08:GS07:p0011,west,8,0,6
6548,CP-AP-r001:S-P04-S08:GS07:p0012,west,8,0,1
6549,CP-AP-r001:S-P04-S08:GS08:p0001,west,9,0,6
6550,CP-AP-r001:S-P04-S08:GS08:p0002,west,8,0,4
6551,CP-AP-r001:S-P04-S08:GS08:p0003,west,8,0,6
6552,CP-AP-r001:S-P04-S08:GS08:p0004,west,9,0,0
6553,CP-AP-r001:S-P04-S08:GS08:p0005,west,10,0,6
6554,CP-AP-r001:S-P04-S08:GS08:p0006,west,8,0,5
6555,CP-AP-r001:S-P04-S08:GS08:p0007,west,5,0,0
6556,CP-AP-r001:S-P04-S08:GS08:p0008,west,8,0,6
6557,CP-AP-r001:S-P04-S08:GS08:p0009,west,10,0,0
6558,CP-AP-r001:S-P04-S08:GS08:p0010,west,8,0,5
6559,CP-AP-r001:S-P04-S08:GS08:p0011,west,5,0,0
6560,CP-AP-r001:S-P04-S08:GS08:p0012,west,8,0,6
6561,CP-AP-r001:S-P04-S08:GS08:p0013,west,10,0,1
6562,CP-AP-r001:S-P04-S08:GS09:p0001,west,10,0,6
6563,CP-AP-r001:S-P04-S08:GS09:p0002,west,8,0,4
6564,CP-AP-r001:S-P04-S08:GS09:p0003,west,6,0,6
6565,CP-AP-r001:S-P04-S08:GS09:p0004,west,7,0,6
6566,CP-AP-r001:S-P04-S08:GS09:p0005,west,8,0,0
6567,CP-AP-r001:S-P04-S08:GS09:p0006,west,10,0,6
6568,CP-AP-r001:S-P04-S08:GS09:p0007,west,8,0,5
6569,CP-AP-r001:S-P04-S08:GS09:p0008,west,7,0,5
6570,CP-AP-r001:S-P04-S08:GS09:p0009,west,8,0,6
6571,CP-AP-r001:S-P04-S08:GS09:p0010,west,9,0,0
6572,CP-AP-r001:S-P04-S08:GS09:p0011,west,10,0,6
6573,CP-AP-r001:S-P04-S08:GS09:p0012,west,8,0,5
6574,CP-AP-r001:S-P04-S08:GS09:p0013,west,8,0,6
6575,CP-AP-r001:S-P04-S08:GS09:p0014,west,9,0,1
6576,CP-AP-r001:S-P04-S08:GS10:p0001,east,0,7,5
6577,CP-AP-r001:S-P04-S08:GS10:p0002,east,0,7,6
6578,CP-AP-r001:S-P04-S08:GS10:p0003,east,0,10,1
6579,CP-AP-r001:S-P04-S08:GS10:p0004,east,0,8,6
6580,CP-AP-r001:S-P04-S08:GS10:p0005,east,0,7,4
6581,CP-AP-r001:S-P04-S08:GS10:p0006,east,0,7,6
6582,CP-AP-r001:S-P04-S08:GS10:p0007,east,0,9,1
6583,CP-AP-r001:S-P04-S08:GS10:p0008,east,0,7,6
6584,CP-AP-r001:S-P04-S08:GS10:p0009,east,0,10,3
6585,CP-AP-r001:S-P04-S08:GS10:p0010,east,0,7,6
6586,CP-AP-r001:S-P04-S08:GS10:p0011,east,0,8,0
6587,CP-AP-r001:S-P04-S08:GS10:p0012,east,0,7,6
6588,CP-AP-r001:S-P04-S08:GS11:p0001,east,0,7,5
6589,CP-AP-r001:S-P04-S08:GS11:p0002,east,0,8,6
6590,CP-AP-r001:S-P04-S08:GS11:p0003,east,0,8,1
6591,CP-AP-r001:S-P04-S08:GS11:p0004,east,0,8,6
6592,CP-AP-r001:S-P04-S08:GS11:p0005,east,0,8,4
6593,CP-AP-r001:S-P04-S08:GS11:p0006,east,0,8,6
6594,CP-AP-r001:S-P04-S08:GS11:p0007,east,0,8,1
6595,CP-AP-r001:S-P04-S08:GS11:p0008,east,0,8,6
6596,CP-AP-r001:S-P04-S08:GS11:p0009,east,0,8,3
6597,CP-AP-r001:S-P04-S08:GS11:p0010,east,0,7,6
6598,CP-AP-r001:S-P04-S08:GS11:p0011,east,0,9,0
6599,CP-AP-r001:S-P04-S08:GS11:p0012,east,0,8,6
6600,CP-AP-r001:S-P04-S08:GS12:p0001,east,0,10,0
6601,CP-AP-r001:S-P04-S08:GS12:p0002,east,0,8,5
6602,CP-AP-r001:S-P04-S08:GS12:p0003,east,0,5,6
6603,CP-AP-r001:S-P04-S08:GS12:p0004,east,0,8,1
6604,CP-AP-r001:S-P04-S08:GS12:p0005,east,0,10,6
6605,CP-AP-r001:S-P04-S08:GS12:p0006,east,0,9,0
6606,CP-AP-r001:S-P04-S08:GS12:p0007,east,0,8,4
6607,CP-AP-r001:S-P04-S08:GS12:p0008,east,0,6,6
6608,CP-AP-r001:S-P04-S08:GS12:p0009,east,0,8,1
6609,CP-AP-r001:S-P04-S08:GS12:p0010,east,0,10,6
6610,CP-AP-r001:S-P04-S08:GS12:p0011,east,0,8,3
6611,CP-AP-r001:S-P04-S08:GS12:p0012,east,0,8,6
6612,CP-AP-r001:S-P04-S08:GS12:p0013,east,0,8,0
6613,CP-AP-r001:S-P04-S08:GS12:p0014,east,0,10,6
6614,CP-AP-r001:S-P04-S09:GS01:p0001,west,7,0,5
6615,CP-AP-r001:S-P04-S09:GS01:p0002,west,4,0,0
6616,CP-AP-r001:S-P04-S09:GS01:p0003,west,6,0,6
6617,CP-AP-r001:S-P04-S09:GS01:p0004,west,4,0,1
6618,CP-AP-r001:S-P04-S09:GS01:p0005,west,7,0,5
6619,CP-AP-r001:S-P04-S09:GS01:p0006,west,6,0,0
6620,CP-AP-r001:S-P04-S09:GS01:p0007,west,5,0,6
6621,CP-AP-r001:S-P04-S09:GS01:p0008,west,6,0,2
6622,CP-AP-r001:S-P04-S09:GS01:p0009,west,7,0,6
6623,CP-AP-r001:S-P04-S09:GS01:p0010,west,7,0,0
6624,CP-AP-r001:S-P04-S09:GS01:p0011,west,6,0,6
6625,CP-AP-r001:S-P04-S09:GS01:p0012,west,6,0,2
6626,CP-AP-r001:S-P04-S09:GS02:p0001,west,6,0,6
6627,CP-AP-r001:S-P04-S09:GS02:p0002,west,5,0,5
6628,CP-AP-r001:S-P04-S09:GS02:p0003,west,6,0,6
6629,CP-AP-r001:S-P04-S09:GS02:p0004,west,6,0,1
6630,CP-AP-r001:S-P04-S09:GS02:p0005,west,7,0,6
6631,CP-AP-r001:S-P04-S09:GS02:p0006,west,7,0,5
6632,CP-AP-r001:S-P04-S09:GS02:p0007,west,6,0,6
6633,CP-AP-r001:S-P04-S09:GS02:p0008,west,6,0,2
6634,CP-AP-r001:S-P04-S09:GS02:p0009,west,7,0,6
6635,CP-AP-r001:S-P04-S09:GS02:p0010,west,6,0,6
6636,CP-AP-r001:S-P04-S09:GS02:p0011,west,6,0,2
6637,CP-AP-r001:S-P04-S09:GS03:p0001,west,7,0,6
6638,CP-AP-r001:S-P04-S09:GS03:p0002,west,7,0,5
6639,CP-AP-r001:S-P04-S09:GS03:p0003,west,6,0,6
6640,CP-AP-r001:S-P04-S09:GS03:p0004,west,7,0,1
6641,CP-AP-r001:S-P04-S09:GS03:p0005,west,8,0,6
6642,CP-AP-r001:S-P04-S09:GS03:p0006,west,7,0,5
6643,CP-AP-r001:S-P04-S09:GS03:p0007,west,6,0,6
6644,CP-AP-r001:S-P04-S09:GS03:p0008,west,6,0,2
6645,CP-AP-r001:S-P04-S09:GS03:p0009,west,7,0,6
6646,CP-AP-r001:S-P04-S09:GS03:p0010,west,6,0,6
6647,CP-AP-r001:S-P04-S09:GS03:p0011,west,6,0,6
6648,CP-AP-r001:S-P04-S09:GS03:p0012,west,6,0,2
6649,CP-AP-r001:S-P04-S09:GS04:p0001,east,0,7,4
6650,CP-AP-r001:S-P04-S09:GS04:p0002,east,0,7,6
6651,CP-AP-r001:S-P04-S09:GS04:p0003,east,0,6,6
6652,CP-AP-r001:S-P04-S09:GS04:p0004,east,0,7,6
6653,CP-AP-r001:S-P04-S09:GS04:p0005,east,0,7,3
6654,CP-AP-r001:S-P04-S09:GS04:p0006,east,0,7,6
6655,CP-AP-r001:S-P04-S09:GS04:p0007,east,0,4,6
6656,CP-AP-r001:S-P04-S09:GS04:p0008,east,0,6,6
6657,CP-AP-r001:S-P04-S09:GS04:p0009,east,0,7,2
6658,CP-AP-r001:S-P04-S09:GS04:p0010,east,0,7,6
6659,CP-AP-r001:S-P04-S09:GS04:p0011,east,0,6,6
6660,CP-AP-r001:S-P04-S09:GS04:p0012,east,0,7,6
6661,CP-AP-r001:S-P04-S09:GS05:p0001,east,0,7,4
6662,CP-AP-r001:S-P04-S09:GS05:p0002,east,0,5,6
6663,CP-AP-r001:S-P04-S09:GS05:p0003,east,0,5,0
6664,CP-AP-r001:S-P04-S09:GS05:p0004,east,0,5,6
6665,CP-AP-r001:S-P04-S09:GS05:p0005,east,0,5,3
6666,CP-AP-r001:S-P04-S09:GS05:p0006,east,0,8,6
6667,CP-AP-r001:S-P04-S09:GS05:p0007,east,0,6,0
6668,CP-AP-r001:S-P04-S09:GS05:p0008,east,0,6,6
6669,CP-AP-r001:S-P04-S09:GS05:p0009,east,0,7,2
6670,CP-AP-r001:S-P04-S09:GS05:p0010,east,0,7,6
6671,CP-AP-r001:S-P04-S09:GS05:p0011,east,0,7,6
6672,CP-AP-r001:S-P04-S09:GS06:p0001,east,0,7,0
6673,CP-AP-r001:S-P04-S09:GS06:p0002,east,0,6,4
6674,CP-AP-r001:S-P04-S09:GS06:p0003,east,0,6,0
6675,CP-AP-r001:S-P04-S09:GS06:p0004,east,0,6,6
6676,CP-AP-r001:S-P04-S09:GS06:p0005,east,0,7,3
6677,CP-AP-r001:S-P04-S09:GS06:p0006,east,0,6,0
6678,CP-AP-r001:S-P04-S09:GS06:p0007,east,0,6,6
6679,CP-AP-r001:S-P04-S09:GS06:p0008,east,0,7,2
6680,CP-AP-r001:S-P04-S09:GS06:p0009,east,0,4,6
6681,CP-AP-r001:S-P04-S09:GS06:p0010,east,0,5,0
6682,CP-AP-r001:S-P04-S09:GS06:p0011,east,0,4,6
6683,CP-AP-r001:S-P04-S09:GS07:p0001,west,8,0,5
6684,CP-AP-r001:S-P04-S09:GS07:p0002,west,10,0,0
6685,CP-AP-r001:S-P04-S09:GS07:p0003,west,7,0,6
6686,CP-AP-r001:S-P04-S09:GS07:p0004,west,7,0,1
6687,CP-AP-r001:S-P04-S09:GS07:p0005,west,8,0,5
6688,CP-AP-r001:S-P04-S09:GS07:p0006,west,8,0,0
6689,CP-AP-r001:S-P04-S09:GS07:p0007,west,7,0,6
6690,CP-AP-r001:S-P04-S09:GS07:p0008,west,8,0,2
6691,CP-AP-r001:S-P04-S09:GS07:p0009,west,8,0,6
6692,CP-AP-r001:S-P04-S09:GS07:p0010,west,8,0,0
6693,CP-AP-r001:S-P04-S09:GS07:p0011,west,8,0,6
6694,CP-AP-r001:S-P04-S09:GS07:p0012,west,8,0,2
6695,CP-AP-r001:S-P04-S09:GS08:p0001,west,8,0,6
6696,CP-AP-r001:S-P04-S09:GS08:p0002,west,7,0,5
6697,CP-AP-r001:S-P04-S09:GS08:p0003,west,6,0,0
6698,CP-AP-r001:S-P04-S09:GS08:p0004,west,7,0,6
6699,CP-AP-r001:S-P04-S09:GS08:p0005,west,11,0,1
6700,CP-AP-r001:S-P04-S09:GS08:p0006,west,7,0,5
6701,CP-AP-r001:S-P04-S09:GS08:p0007,west,9,0,0
6702,CP-AP-r001:S-P04-S09:GS08:p0008,west,7,0,6
6703,CP-AP-r001:S-P04-S09:GS08:p0009,west,9,0,2
6704,CP-AP-r001:S-P04-S09:GS08:p0010,west,8,0,6
6705,CP-AP-r001:S-P04-S09:GS08:p0011,west,9,0,0
6706,CP-AP-r001:S-P04-S09:GS08:p0012,west,7,0,6
6707,CP-AP-r001:S-P04-S09:GS08:p0013,west,7,0,2
6708,CP-AP-r001:S-P04-S09:GS09:p0001,west,10,0,6
6709,CP-AP-r001:S-P04-S09:GS09:p0002,west,8,0,5
6710,CP-AP-r001:S-P04-S09:GS09:p0003,west,8,0,6
6711,CP-AP-r001:S-P04-S09:GS09:p0004,west,9,0,1
6712,CP-AP-r001:S-P04-S09:GS09:p0005,west,7,0,6
6713,CP-AP-r001:S-P04-S09:GS09:p0006,west,8,0,5
6714,CP-AP-r001:S-P04-S09:GS09:p0007,west,8,0,6
6715,CP-AP-r001:S-P04-S09:GS09:p0008,west,10,0,2
6716,CP-AP-r001:S-P04-S09:GS09:p0009,west,8,0,6
6717,CP-AP-r001:S-P04-S09:GS09:p0010,west,7,0,6
6718,CP-AP-r001:S-P04-S09:GS09:p0011,west,7,0,0
6719,CP-AP-r001:S-P04-S09:GS09:p0012,west,8,0,6
6720,CP-AP-r001:S-P04-S09:GS09:p0013,west,10,0,2
6721,CP-AP-r001:S-P04-S09:GS10:p0001,east,0,10,4
6722,CP-AP-r001:S-P04-S09:GS10:p0002,east,0,8,6
6723,CP-AP-r001:S-P04-S09:GS10:p0003,east,0,8,0
6724,CP-AP-r001:S-P04-S09:GS10:p0004,east,0,7,6
6725,CP-AP-r001:S-P04-S09:GS10:p0005,east,0,10,3
6726,CP-AP-r001:S-P04-S09:GS10:p0006,east,0,8,6
6727,CP-AP-r001:S-P04-S09:GS10:p0007,east,0,6,0
6728,CP-AP-r001:S-P04-S09:GS10:p0008,east,0,7,6
6729,CP-AP-r001:S-P04-S09:GS10:p0009,east,0,9,6
6730,CP-AP-r001:S-P04-S09:GS10:p0010,east,0,10,2
6731,CP-AP-r001:S-P04-S09:GS10:p0011,east,0,8,6
6732,CP-AP-r001:S-P04-S09:GS10:p0012,east,0,5,0
6733,CP-AP-r001:S-P04-S09:GS10:p0013,east,0,8,6
6734,CP-AP-r001:S-P04-S09:GS10:p0014,east,0,9,6
6735,CP-AP-r001:S-P04-S09:GS11:p0001,east,0,8,4
6736,CP-AP-r001:S-P04-S09:GS11:p0002,east,0,9,6
6737,CP-AP-r001:S-P04-S09:GS11:p0003,east,0,7,0
6738,CP-AP-r001:S-P04-S09:GS11:p0004,east,0,7,6
6739,CP-AP-r001:S-P04-S09:GS11:p0005,east,0,8,3
6740,CP-AP-r001:S-P04-S09:GS11:p0006,east,0,8,6
6741,CP-AP-r001:S-P04-S09:GS11:p0007,east,0,8,0
6742,CP-AP-r001:S-P04-S09:GS11:p0008,east,0,8,6
6743,CP-AP-r001:S-P04-S09:GS11:p0009,east,0,8,2
6744,CP-AP-r001:S-P04-S09:GS11:p0010,east,0,8,6
6745,CP-AP-r001:S-P04-S09:GS11:p0011,east,0,8,0
6746,CP-AP-r001:S-P04-S09:GS11:p0012,east,0,7,6
6747,CP-AP-r001:S-P04-S09:GS12:p0001,east,0,7,4
6748,CP-AP-r001:S-P04-S09:GS12:p0002,east,0,8,6
6749,CP-AP-r001:S-P04-S09:GS12:p0003,east,0,7,0
6750,CP-AP-r001:S-P04-S09:GS12:p0004,east,0,9,6
6751,CP-AP-r001:S-P04-S09:GS12:p0005,east,0,7,3
6752,CP-AP-r001:S-P04-S09:GS12:p0006,east,0,9,6
6753,CP-AP-r001:S-P04-S09:GS12:p0007,east,0,7,0
6754,CP-AP-r001:S-P04-S09:GS12:p0008,east,0,7,6
6755,CP-AP-r001:S-P04-S09:GS12:p0009,east,0,8,2
6756,CP-AP-r001:S-P04-S09:GS12:p0010,east,0,10,6
6757,CP-AP-r001:S-P04-S09:GS12:p0011,east,0,7,0
6758,CP-AP-r001:S-P04-S09:GS12:p0012,east,0,7,6
6759,CP-AP-r001:S-P04-S10:GS01:p0001,west,6,0,5
6760,CP-AP-r001:S-P04-S10:GS01:p0002,west,6,0,0
6761,CP-AP-r001:S-P04-S10:GS01:p0003,west,8,0,6
6762,CP-AP-r001:S-P04-S10:GS01:p0004,west,5,0,1
6763,CP-AP-r001:S-P04-S10:GS01:p0005,west,5,0,5
6764,CP-AP-r001:S-P04-S10:GS01:p0006,west,5,0,0
6765,CP-AP-r001:S-P04-S10:GS01:p0007,west,4,0,6
6766,CP-AP-r001:S-P04-S10:GS01:p0008,west,7,0,2
6767,CP-AP-r001:S-P04-S10:GS01:p0009,west,6,0,6
6768,CP-AP-r001:S-P04-S10:GS01:p0010,west,6,0,0
6769,CP-AP-r001:S-P04-S10:GS01:p0011,west,7,0,2
6770,CP-AP-r001:S-P04-S10:GS02:p0001,west,6,0,6
6771,CP-AP-r001:S-P04-S10:GS02:p0002,west,4,0,5
6772,CP-AP-r001:S-P04-S10:GS02:p0003,west,7,0,6
6773,CP-AP-r001:S-P04-S10:GS02:p0004,west,7,0,1
6774,CP-AP-r001:S-P04-S10:GS02:p0005,west,7,0,6
6775,CP-AP-r001:S-P04-S10:GS02:p0006,west,6,0,5
6776,CP-AP-r001:S-P04-S10:GS02:p0007,west,7,0,6
6777,CP-AP-r001:S-P04-S10:GS02:p0008,west,7,0,2
6778,CP-AP-r001:S-P04-S10:GS02:p0009,west,6,0,6
6779,CP-AP-r001:S-P04-S10:GS02:p0010,west,7,0,0
6780,CP-AP-r001:S-P04-S10:GS02:p0011,west,7,0,6
6781,CP-AP-r001:S-P04-S10:GS02:p0012,west,7,0,2
6782,CP-AP-r001:S-P04-S10:GS03:p0001,west,6,0,6
6783,CP-AP-r001:S-P04-S10:GS03:p0002,west,6,0,5
6784,CP-AP-r001:S-P04-S10:GS03:p0003,west,7,0,6
6785,CP-AP-r001:S-P04-S10:GS03:p0004,west,7,0,1
6786,CP-AP-r001:S-P04-S10:GS03:p0005,west,7,0,6
6787,CP-AP-r001:S-P04-S10:GS03:p0006,west,6,0,5
6788,CP-AP-r001:S-P04-S10:GS03:p0007,west,7,0,6
6789,CP-AP-r001:S-P04-S10:GS03:p0008,west,7,0,2
6790,CP-AP-r001:S-P04-S10:GS03:p0009,west,7,0,6
6791,CP-AP-r001:S-P04-S10:GS03:p0010,west,6,0,6
6792,CP-AP-r001:S-P04-S10:GS03:p0011,west,7,0,6
6793,CP-AP-r001:S-P04-S10:GS03:p0012,west,7,0,2
6794,CP-AP-r001:S-P04-S10:GS04:p0001,east,0,6,3
6795,CP-AP-r001:S-P04-S10:GS04:p0002,east,0,6,6
6796,CP-AP-r001:S-P04-S10:GS04:p0003,east,0,7,6
6797,CP-AP-r001:S-P04-S10:GS04:p0004,east,0,7,6
6798,CP-AP-r001:S-P04-S10:GS04:p0005,east,0,6,3
6799,CP-AP-r001:S-P04-S10:GS04:p0006,east,0,6,6
6800,CP-AP-r001:S-P04-S10:GS04:p0007,east,0,5,6
6801,CP-AP-r001:S-P04-S10:GS04:p0008,east,0,6,6
6802,CP-AP-r001:S-P04-S10:GS04:p0009,east,0,6,2
6803,CP-AP-r001:S-P04-S10:GS04:p0010,east,0,6,6
6804,CP-AP-r001:S-P04-S10:GS04:p0011,east,0,6,5
6805,CP-AP-r001:S-P04-S10:GS04:p0012,east,0,8,6
6806,CP-AP-r001:S-P04-S10:GS05:p0001,east,0,6,3
6807,CP-AP-r001:S-P04-S10:GS05:p0002,east,0,5,6
6808,CP-AP-r001:S-P04-S10:GS05:p0003,east,0,5,0
6809,CP-AP-r001:S-P04-S10:GS05:p0004,east,0,7,6
6810,CP-AP-r001:S-P04-S10:GS05:p0005,east,0,4,3
6811,CP-AP-r001:S-P04-S10:GS05:p0006,east,0,6,6
6812,CP-AP-r001:S-P04-S10:GS05:p0007,east,0,4,0
6813,CP-AP-r001:S-P04-S10:GS05:p0008,east,0,7,6
6814,CP-AP-r001:S-P04-S10:GS05:p0009,east,0,6,2
6815,CP-AP-r001:S-P04-S10:GS05:p0010,east,0,6,6
6816,CP-AP-r001:S-P04-S10:GS05:p0011,east,0,7,5
6817,CP-AP-r001:S-P04-S10:GS06:p0001,east,0,7,0
6818,CP-AP-r001:S-P04-S10:GS06:p0002,east,0,5,3
6819,CP-AP-r001:S-P04-S10:GS06:p0003,east,0,7,0
6820,CP-AP-r001:S-P04-S10:GS06:p0004,east,0,7,6
6821,CP-AP-r001:S-P04-S10:GS06:p0005,east,0,6,3
6822,CP-AP-r001:S-P04-S10:GS06:p0006,east,0,7,0
6823,CP-AP-r001:S-P04-S10:GS06:p0007,east,0,7,6
6824,CP-AP-r001:S-P04-S10:GS06:p0008,east,0,6,2
6825,CP-AP-r001:S-P04-S10:GS06:p0009,east,0,6,6
6826,CP-AP-r001:S-P04-S10:GS06:p0010,east,0,7,0
6827,CP-AP-r001:S-P04-S10:GS06:p0011,east,0,5,5
6828,CP-AP-r001:S-P04-S10:GS07:p0001,west,8,0,5
6829,CP-AP-r001:S-P04-S10:GS07:p0002,west,8,0,0
6830,CP-AP-r001:S-P04-S10:GS07:p0003,west,8,0,6
6831,CP-AP-r001:S-P04-S10:GS07:p0004,west,8,0,1
6832,CP-AP-r001:S-P04-S10:GS07:p0005,west,7,0,5
6833,CP-AP-r001:S-P04-S10:GS07:p0006,west,7,0,0
6834,CP-AP-r001:S-P04-S10:GS07:p0007,west,9,0,6
6835,CP-AP-r001:S-P04-S10:GS07:p0008,west,8,0,2
6836,CP-AP-r001:S-P04-S10:GS07:p0009,west,7,0,6
6837,CP-AP-r001:S-P04-S10:GS07:p0010,west,7,0,0
6838,CP-AP-r001:S-P04-S10:GS07:p0011,west,9,0,6
6839,CP-AP-r001:S-P04-S10:GS07:p0012,west,9,0,2
6840,CP-AP-r001:S-P04-S10:GS08:p0001,west,8,0,5
6841,CP-AP-r001:S-P04-S10:GS08:p0002,west,5,0,0
6842,CP-AP-r001:S-P04-S10:GS08:p0003,west,8,0,6
6843,CP-AP-r001:S-P04-S10:GS08:p0004,west,10,0,1
6844,CP-AP-r001:S-P04-S10:GS08:p0005,west,8,0,5
6845,CP-AP-r001:S-P04-S10:GS08:p0006,west,8,0,0
6846,CP-AP-r001:S-P04-S10:GS08:p0007,west,8,0,6
6847,CP-AP-r001:S-P04-S10:GS08:p0008,west,10,0,2
6848,CP-AP-r001:S-P04-S10:GS08:p0009,west,8,0,6
6849,CP-AP-r001:S-P04-S10:GS08:p0010,west,8,0,0
6850,CP-AP-r001:S-P04-S10:GS08:p0011,west,8,0,6
6851,CP-AP-r001:S-P04-S10:GS08:p0012,west,9,0,2
6852,CP-AP-r001:S-P04-S10:GS09:p0001,west,10,0,6
6853,CP-AP-r001:S-P04-S10:GS09:p0002,west,8,0,5
6854,CP-AP-r001:S-P04-S10:GS09:p0003,west,8,0,6
6855,CP-AP-r001:S-P04-S10:GS09:p0004,west,8,0,1
6856,CP-AP-r001:S-P04-S10:GS09:p0005,west,8,0,6
6857,CP-AP-r001:S-P04-S10:GS09:p0006,west,8,0,5
6858,CP-AP-r001:S-P04-S10:GS09:p0007,west,7,0,0
6859,CP-AP-r001:S-P04-S10:GS09:p0008,west,8,0,6
6860,CP-AP-r001:S-P04-S10:GS09:p0009,west,9,0,2
6861,CP-AP-r001:S-P04-S10:GS09:p0010,west,9,0,6
6862,CP-AP-r001:S-P04-S10:GS09:p0011,west,8,0,6
6863,CP-AP-r001:S-P04-S10:GS09:p0012,west,5,0,0
6864,CP-AP-r001:S-P04-S10:GS09:p0013,west,8,0,6
6865,CP-AP-r001:S-P04-S10:GS09:p0014,west,10,0,2
6866,CP-AP-r001:S-P04-S10:GS10:p0001,east,0,9,3
6867,CP-AP-r001:S-P04-S10:GS10:p0002,east,0,7,6
6868,CP-AP-r001:S-P04-S10:GS10:p0003,east,0,8,0
6869,CP-AP-r001:S-P04-S10:GS10:p0004,east,0,7,6
6870,CP-AP-r001:S-P04-S10:GS10:p0005,east,0,10,3
6871,CP-AP-r001:S-P04-S10:GS10:p0006,east,0,8,6
6872,CP-AP-r001:S-P04-S10:GS10:p0007,east,0,7,0
6873,CP-AP-r001:S-P04-S10:GS10:p0008,east,0,7,6
6874,CP-AP-r001:S-P04-S10:GS10:p0009,east,0,8,6
6875,CP-AP-r001:S-P04-S10:GS10:p0010,east,0,10,2
6876,CP-AP-r001:S-P04-S10:GS10:p0011,east,0,8,6
6877,CP-AP-r001:S-P04-S10:GS10:p0012,east,0,6,0
6878,CP-AP-r001:S-P04-S10:GS10:p0013,east,0,8,5
6879,CP-AP-r001:S-P04-S10:GS10:p0014,east,0,8,6
6880,CP-AP-r001:S-P04-S10:GS11:p0001,east,0,8,3
6881,CP-AP-r001:S-P04-S10:GS11:p0002,east,0,7,6
6882,CP-AP-r001:S-P04-S10:GS11:p0003,east,0,8,0
6883,CP-AP-r001:S-P04-S10:GS11:p0004,east,0,8,6
6884,CP-AP-r001:S-P04-S10:GS11:p0005,east,0,7,3
6885,CP-AP-r001:S-P04-S10:GS11:p0006,east,0,7,6
6886,CP-AP-r001:S-P04-S10:GS11:p0007,east,0,10,0
6887,CP-AP-r001:S-P04-S10:GS11:p0008,east,0,8,6
6888,CP-AP-r001:S-P04-S10:GS11:p0009,east,0,7,2
6889,CP-AP-r001:S-P04-S10:GS11:p0010,east,0,7,6
6890,CP-AP-r001:S-P04-S10:GS11:p0011,east,0,9,0
6891,CP-AP-r001:S-P04-S10:GS11:p0012,east,0,7,5
6892,CP-AP-r001:S-P04-S10:GS12:p0001,east,0,8,3
6893,CP-AP-r001:S-P04-S10:GS12:p0002,east,0,7,6
6894,CP-AP-r001:S-P04-S10:GS12:p0003,east,0,8,0
6895,CP-AP-r001:S-P04-S10:GS12:p0004,east,0,10,6
6896,CP-AP-r001:S-P04-S10:GS12:p0005,east,0,7,3
6897,CP-AP-r001:S-P04-S10:GS12:p0006,east,0,8,6
6898,CP-AP-r001:S-P04-S10:GS12:p0007,east,0,8,0
6899,CP-AP-r001:S-P04-S10:GS12:p0008,east,0,8,6
6900,CP-AP-r001:S-P04-S10:GS12:p0009,east,0,8,2
6901,CP-AP-r001:S-P04-S10:GS12:p0010,east,0,8,6
6902,CP-AP-r001:S-P04-S10:GS12:p0011,east,0,8,0
6903,CP-AP-r001:S-P04-S10:GS12:p0012,east,0,8,5
6904,CP-AP-r001:S-P04-S11:GS01:p0001,west,6,0,6
6905,CP-AP-r001:S-P04-S11:GS01:p0002,west,8,0,0
6906,CP-AP-r001:S-P04-S11:GS01:p0003,west,6,0,6
6907,CP-AP-r001:S-P04-S11:GS01:p0004,west,6,0,2
6908,CP-AP-r001:S-P04-S11:GS01:p0005,west,7,0,6
6909,CP-AP-r001:S-P04-S11:GS01:p0006,west,7,0,0
6910,CP-AP-r001:S-P04-S11:GS01:p0007,west,7,0,3
6911,CP-AP-r001:S-P04-S11:GS01:p0008,west,7,0,6
6912,CP-AP-r001:S-P04-S11:GS01:p0009,west,7,0,1
6913,CP-AP-r001:S-P04-S11:GS01:p0010,west,4,0,4
6914,CP-AP-r001:S-P04-S11:GS01:p0011,west,6,0,0
6915,CP-AP-r001:S-P04-S11:GS02:p0001,west,7,0,6
6916,CP-AP-r001:S-P04-S11:GS02:p0002,west,6,0,6
6917,CP-AP-r001:S-P04-S11:GS02:p0003,west,6,0,2
6918,CP-AP-r001:S-P04-S11:GS02:p0004,west,7,0,6
6919,CP-AP-r001:S-P04-S11:GS02:p0005,west,4,0,0
6920,CP-AP-r001:S-P04-S11:GS02:p0006,west,5,0,6
6921,CP-AP-r001:S-P04-S11:GS02:p0007,west,4,0,3
6922,CP-AP-r001:S-P04-S11:GS02:p0008,west,7,0,6
6923,CP-AP-r001:S-P04-S11:GS02:p0009,west,7,0,1
6924,CP-AP-r001:S-P04-S11:GS02:p0010,west,6,0,6
6925,CP-AP-r001:S-P04-S11:GS02:p0011,west,6,0,4
6926,CP-AP-r001:S-P04-S11:GS03:p0001,west,8,0,6
6927,CP-AP-r001:S-P04-S11:GS03:p0002,west,6,0,6
6928,CP-AP-r001:S-P04-S11:GS03:p0003,west,6,0,6
6929,CP-AP-r001:S-P04-S11:GS03:p0004,west,6,0,2
6930,CP-AP-r001:S-P04-S11:GS03:p0005,west,6,0,6
6931,CP-AP-r001:S-P04-S11:GS03:p0006,west,5,0,6
6932,CP-AP-r001:S-P04-S11:GS03:p0007,west,6,0,6
6933,CP-AP-r001:S-P04-S11:GS03:p0008,west,6,0,3
6934,CP-AP-r001:S-P04-S11:GS03:p0009,west,7,0,6
6935,CP-AP-r001:S-P04-S11:GS03:p0010,west,7,0,6
6936,CP-AP-r001:S-P04-S11:GS03:p0011,west,6,0,6
6937,CP-AP-r001:S-P04-S11:GS03:p0012,west,6,0,4
6938,CP-AP-r001:S-P04-S11:GS04:p0001,east,0,7,2
6939,CP-AP-r001:S-P04-S11:GS04:p0002,east,0,7,6
6940,CP-AP-r001:S-P04-S11:GS04:p0003,east,0,6,6
6941,CP-AP-r001:S-P04-S11:GS04:p0004,east,0,8,6
6942,CP-AP-r001:S-P04-S11:GS04:p0005,east,0,7,1
6943,CP-AP-r001:S-P04-S11:GS04:p0006,east,0,7,6
6944,CP-AP-r001:S-P04-S11:GS04:p0007,east,0,6,5
6945,CP-AP-r001:S-P04-S11:GS04:p0008,east,0,6,6
6946,CP-AP-r001:S-P04-S11:GS04:p0009,east,0,8,1
6947,CP-AP-r001:S-P04-S11:GS04:p0010,east,0,6,6
6948,CP-AP-r001:S-P04-S11:GS04:p0011,east,0,6,5
6949,CP-AP-r001:S-P04-S11:GS04:p0012,east,0,6,6
6950,CP-AP-r001:S-P04-S11:GS05:p0001,east,0,7,2
6951,CP-AP-r001:S-P04-S11:GS05:p0002,east,0,7,6
6952,CP-AP-r001:S-P04-S11:GS05:p0003,east,0,6,6
6953,CP-AP-r001:S-P04-S11:GS05:p0004,east,0,7,1
6954,CP-AP-r001:S-P04-S11:GS05:p0005,east,0,7,6
6955,CP-AP-r001:S-P04-S11:GS05:p0006,east,0,5,5
6956,CP-AP-r001:S-P04-S11:GS05:p0007,east,0,7,6
6957,CP-AP-r001:S-P04-S11:GS05:p0008,east,0,7,1
6958,CP-AP-r001:S-P04-S11:GS05:p0009,east,0,7,6
6959,CP-AP-r001:S-P04-S11:GS05:p0010,east,0,4,5
6960,CP-AP-r001:S-P04-S11:GS05:p0011,east,0,6,6
6961,CP-AP-r001:S-P04-S11:GS06:p0001,east,0,7,2
6962,CP-AP-r001:S-P04-S11:GS06:p0002,east,0,4,6
6963,CP-AP-r001:S-P04-S11:GS06:p0003,east,0,6,0
6964,CP-AP-r001:S-P04-S11:GS06:p0004,east,0,4,6
6965,CP-AP-r001:S-P04-S11:GS06:p0005,east,0,8,1
6966,CP-AP-r001:S-P04-S11:GS06:p0006,east,0,6,6
6967,CP-AP-r001:S-P04-S11:GS06:p0007,east,0,5,0
6968,CP-AP-r001:S-P04-S11:GS06:p0008,east,0,6,5
6969,CP-AP-r001:S-P04-S11:GS06:p0009,east,0,6,1
6970,CP-AP-r001:S-P04-S11:GS06:p0010,east,0,8,6
6971,CP-AP-r001:S-P04-S11:GS06:p0011,east,0,6,0
6972,CP-AP-r001:S-P04-S11:GS06:p0012,east,0,6,5
6973,CP-AP-r001:S-P04-S11:GS07:p0001,west,8,0,6
6974,CP-AP-r001:S-P04-S11:GS07:p0002,west,8,0,0
6975,CP-AP-r001:S-P04-S11:GS07:p0003,west,8,0,6
6976,CP-AP-r001:S-P04-S11:GS07:p0004,west,8,0,2
6977,CP-AP-r001:S-P04-S11:GS07:p0005,west,8,0,6
6978,CP-AP-r001:S-P04-S11:GS07:p0006,west,8,0,0
6979,CP-AP-r001:S-P04-S11:GS07:p0007,west,8,0,6
6980,CP-AP-r001:S-P04-S11:GS07:p0008,west,7,0,3
6981,CP-AP-r001:S-P04-S11:GS07:p0009,west,11,0,6
6982,CP-AP-r001:S-P04-S11:GS07:p0010,west,8,0,1
6983,CP-AP-r001:S-P04-S11:GS07:p0011,west,6,0,6
6984,CP-AP-r001:S-P04-S11:GS07:p0012,west,7,0,4
6985,CP-AP-r001:S-P04-S11:GS08:p0001,west,8,0,6
6986,CP-AP-r001:S-P04-S11:GS08:p0002,west,9,0,0
6987,CP-AP-r001:S-P04-S11:GS08:p0003,west,7,0,6
6988,CP-AP-r001:S-P04-S11:GS08:p0004,west,7,0,2
6989,CP-AP-r001:S-P04-S11:GS08:p0005,west,8,0,6
6990,CP-AP-r001:S-P04-S11:GS08:p0006,west,10,0,0
6991,CP-AP-r001:S-P04-S11:GS08:p0007,west,7,0,6
6992,CP-AP-r001:S-P04-S11:GS08:p0008,west,7,0,3
6993,CP-AP-r001:S-P04-S11:GS08:p0009,west,8,0,6
6994,CP-AP-r001:S-P04-S11:GS08:p0010,west,8,0,1
6995,CP-AP-r001:S-P04-S11:GS08:p0011,west,7,0,6
6996,CP-AP-r001:S-P04-S11:GS08:p0012,west,8,0,4
6997,CP-AP-r001:S-P04-S11:GS09:p0001,west,8,0,6
6998,CP-AP-r001:S-P04-S11:GS09:p0002,west,8,0,6
6999,CP-AP-r001:S-P04-S11:GS09:p0003,west,7,0,0
7000,CP-AP-r001:S-P04-S11:GS09:p0004,west,8,0,6
7001,CP-AP-r001:S-P04-S11:GS09:p0005,west,10,0,2
7002,CP-AP-r001:S-P04-S11:GS09:p0006,west,7,0,6
7003,CP-AP-r001:S-P04-S11:GS09:p0007,west,7,0,0
7004,CP-AP-r001:S-P04-S11:GS09:p0008,west,7,0,6
7005,CP-AP-r001:S-P04-S11:GS09:p0009,west,10,0,3
7006,CP-AP-r001:S-P04-S11:GS09:p0010,west,7,0,6
7007,CP-AP-r001:S-P04-S11:GS09:p0011,west,9,0,1
7008,CP-AP-r001:S-P04-S11:GS09:p0012,west,7,0,6
7009,CP-AP-r001:S-P04-S11:GS09:p0013,west,8,0,4
7010,CP-AP-r001:S-P04-S11:GS10:p0001,east,0,10,2
7011,CP-AP-r001:S-P04-S11:GS10:p0002,east,0,8,6
7012,CP-AP-r001:S-P04-S11:GS10:p0003,east,0,5,0
7013,CP-AP-r001:S-P04-S11:GS10:p0004,east,0,8,6
7014,CP-AP-r001:S-P04-S11:GS10:p0005,east,0,9,6
7015,CP-AP-r001:S-P04-S11:GS10:p0006,east,0,9,1
7016,CP-AP-r001:S-P04-S11:GS10:p0007,east,0,8,6
7017,CP-AP-r001:S-P04-S11:GS10:p0008,east,0,8,5
7018,CP-AP-r001:S-P04-S11:GS10:p0009,east,0,10,6
7019,CP-AP-r001:S-P04-S11:GS10:p0010,east,0,8,1
7020,CP-AP-r001:S-P04-S11:GS10:p0011,east,0,8,6
7021,CP-AP-r001:S-P04-S11:GS10:p0012,east,0,7,5
7022,CP-AP-r001:S-P04-S11:GS10:p0013,east,0,8,5
7023,CP-AP-r001:S-P04-S11:GS10:p0014,east,0,10,6
7024,CP-AP-r001:S-P04-S11:GS11:p0001,east,0,9,2
7025,CP-AP-r001:S-P04-S11:GS11:p0002,east,0,8,6
7026,CP-AP-r001:S-P04-S11:GS11:p0003,east,0,8,0
7027,CP-AP-r001:S-P04-S11:GS11:p0004,east,0,7,6
7028,CP-AP-r001:S-P04-S11:GS11:p0005,east,0,11,1
7029,CP-AP-r001:S-P04-S11:GS11:p0006,east,0,8,6
7030,CP-AP-r001:S-P04-S11:GS11:p0007,east,0,7,0
7031,CP-AP-r001:S-P04-S11:GS11:p0008,east,0,7,5
7032,CP-AP-r001:S-P04-S11:GS11:p0009,east,0,10,1
7033,CP-AP-r001:S-P04-S11:GS11:p0010,east,0,8,6
7034,CP-AP-r001:S-P04-S11:GS11:p0011,east,0,7,0
7035,CP-AP-r001:S-P04-S11:GS11:p0012,east,0,8,5
7036,CP-AP-r001:S-P04-S11:GS11:p0013,east,0,9,6
7037,CP-AP-r001:S-P04-S11:GS12:p0001,east,0,8,2
7038,CP-AP-r001:S-P04-S11:GS12:p0002,east,0,10,6
7039,CP-AP-r001:S-P04-S11:GS12:p0003,east,0,7,0
7040,CP-AP-r001:S-P04-S11:GS12:p0004,east,0,7,6
7041,CP-AP-r001:S-P04-S11:GS12:p0005,east,0,8,1
7042,CP-AP-r001:S-P04-S11:GS12:p0006,east,0,8,6
7043,CP-AP-r001:S-P04-S11:GS12:p0007,east,0,7,0
7044,CP-AP-r001:S-P04-S11:GS12:p0008,east,0,7,5
7045,CP-AP-r001:S-P04-S11:GS12:p0009,east,0,8,1
7046,CP-AP-r001:S-P04-S11:GS12:p0010,east,0,8,6
7047,CP-AP-r001:S-P04-S11:GS12:p0011,east,0,8,0
7048,CP-AP-r001:S-P04-S11:GS12:p0012,east,0,8,5
7049,CP-AP-r001:S-P04-S12:GS01:p0001,west,5,0,6
7050,CP-AP-r001:S-P04-S12:GS01:p0002,west,6,0,0
7051,CP-AP-r001:S-P04-S12:GS01:p0003,west,5,0,6
7052,CP-AP-r001:S-P04-S12:GS01:p0004,west,7,0,2
7053,CP-AP-r001:S-P04-S12:GS01:p0005,west,6,0,6
7054,CP-AP-r001:S-P04-S12:GS01:p0006,west,6,0,0
7055,CP-AP-r001:S-P04-S12:GS01:p0007,west,7,0,3
7056,CP-AP-r001:S-P04-S12:GS01:p0008,west,7,0,0
7057,CP-AP-r001:S-P04-S12:GS01:p0009,west,6,0,6
7058,CP-AP-r001:S-P04-S12:GS01:p0010,west,6,0,1
7059,CP-AP-r001:S-P04-S12:GS01:p0011,west,5,0,4
7060,CP-AP-r001:S-P04-S12:GS01:p0012,west,6,0,0
7061,CP-AP-r001:S-P04-S12:GS02:p0001,west,6,0,6
7062,CP-AP-r001:S-P04-S12:GS02:p0002,west,7,0,6
7063,CP-AP-r001:S-P04-S12:GS02:p0003,west,7,0,2
7064,CP-AP-r001:S-P04-S12:GS02:p0004,west,6,0,6
7065,CP-AP-r001:S-P04-S12:GS02:p0005,west,6,0,0
7066,CP-AP-r001:S-P04-S12:GS02:p0006,west,6,0,6
7067,CP-AP-r001:S-P04-S12:GS02:p0007,west,5,0,3
7068,CP-AP-r001:S-P04-S12:GS02:p0008,west,5,0,6
7069,CP-AP-r001:S-P04-S12:GS02:p0009,west,5,0,1
7070,CP-AP-r001:S-P04-S12:GS02:p0010,west,4,0,6
7071,CP-AP-r001:S-P04-S12:GS02:p0011,west,7,0,4
7072,CP-AP-r001:S-P04-S12:GS03:p0001,west,8,0,6
7073,CP-AP-r001:S-P04-S12:GS03:p0002,west,6,0,6
7074,CP-AP-r001:S-P04-S12:GS03:p0003,west,7,0,6
7075,CP-AP-r001:S-P04-S12:GS03:p0004,west,7,0,2
7076,CP-AP-r001:S-P04-S12:GS03:p0005,west,6,0,6
7077,CP-AP-r001:S-P04-S12:GS03:p0006,west,4,0,6
7078,CP-AP-r001:S-P04-S12:GS03:p0007,west,7,0,6
7079,CP-AP-r001:S-P04-S12:GS03:p0008,west,7,0,3
7080,CP-AP-r001:S-P04-S12:GS03:p0009,west,6,0,6
7081,CP-AP-r001:S-P04-S12:GS03:p0010,west,7,0,6
7082,CP-AP-r001:S-P04-S12:GS03:p0011,west,7,0,4
7083,CP-AP-r001:S-P04-S12:GS04:p0001,east,0,6,2
7084,CP-AP-r001:S-P04-S12:GS04:p0002,east,0,6,6
7085,CP-AP-r001:S-P04-S12:GS04:p0003,east,0,6,6
7086,CP-AP-r001:S-P04-S12:GS04:p0004,east,0,8,6
7087,CP-AP-r001:S-P04-S12:GS04:p0005,east,0,6,1
7088,CP-AP-r001:S-P04-S12:GS04:p0006,east,0,6,6
7089,CP-AP-r001:S-P04-S12:GS04:p0007,east,0,7,5
7090,CP-AP-r001:S-P04-S12:GS04:p0008,east,0,7,6
7091,CP-AP-r001:S-P04-S12:GS04:p0009,east,0,7,0
7092,CP-AP-r001:S-P04-S12:GS04:p0010,east,0,6,6
7093,CP-AP-r001:S-P04-S12:GS04:p0011,east,0,7,5
7094,CP-AP-r001:S-P04-S12:GS04:p0012,east,0,7,6
7095,CP-AP-r001:S-P04-S12:GS05:p0001,east,0,6,2
7096,CP-AP-r001:S-P04-S12:GS05:p0002,east,0,6,6
7097,CP-AP-r001:S-P04-S12:GS05:p0003,east,0,7,6
7098,CP-AP-r001:S-P04-S12:GS05:p0004,east,0,6,1
7099,CP-AP-r001:S-P04-S12:GS05:p0005,east,0,6,6
7100,CP-AP-r001:S-P04-S12:GS05:p0006,east,0,6,5
7101,CP-AP-r001:S-P04-S12:GS05:p0007,east,0,7,6
7102,CP-AP-r001:S-P04-S12:GS05:p0008,east,0,6,0
7103,CP-AP-r001:S-P04-S12:GS05:p0009,east,0,6,6
7104,CP-AP-r001:S-P04-S12:GS05:p0010,east,0,5,5
7105,CP-AP-r001:S-P04-S12:GS05:p0011,east,0,6,6
7106,CP-AP-r001:S-P04-S12:GS06:p0001,east,0,6,2
7107,CP-AP-r001:S-P04-S12:GS06:p0002,east,0,6,6
7108,CP-AP-r001:S-P04-S12:GS06:p0003,east,0,8,0
7109,CP-AP-r001:S-P04-S12:GS06:p0004,east,0,5,6
7110,CP-AP-r001:S-P04-S12:GS06:p0005,east,0,6,1
7111,CP-AP-r001:S-P04-S12:GS06:p0006,east,0,5,6
7112,CP-AP-r001:S-P04-S12:GS06:p0007,east,0,5,0
7113,CP-AP-r001:S-P04-S12:GS06:p0008,east,0,7,5
7114,CP-AP-r001:S-P04-S12:GS06:p0009,east,0,5,0
7115,CP-AP-r001:S-P04-S12:GS06:p0010,east,0,6,6
7116,CP-AP-r001:S-P04-S12:GS06:p0011,east,0,7,5
7117,CP-AP-r001:S-P04-S12:GS07:p0001,west,7,0,6
7118,CP-AP-r001:S-P04-S12:GS07:p0002,west,7,0,0
7119,CP-AP-r001:S-P04-S12:GS07:p0003,west,9,0,6
7120,CP-AP-r001:S-P04-S12:GS07:p0004,west,8,0,2
7121,CP-AP-r001:S-P04-S12:GS07:p0005,west,7,0,6
7122,CP-AP-r001:S-P04-S12:GS07:p0006,west,7,0,0
7123,CP-AP-r001:S-P04-S12:GS07:p0007,west,9,0,6
7124,CP-AP-r001:S-P04-S12:GS07:p0008,west,7,0,3
7125,CP-AP-r001:S-P04-S12:GS07:p0009,west,11,0,6
7126,CP-AP-r001:S-P04-S12:GS07:p0010,west,8,0,1
7127,CP-AP-r001:S-P04-S12:GS07:p0011,west,7,0,6
7128,CP-AP-r001:S-P04-S12:GS07:p0012,west,7,0,4
7129,CP-AP-r001:S-P04-S12:GS08:p0001,west,8,0,6
7130,CP-AP-r001:S-P04-S12:GS08:p0002,west,8,0,0
7131,CP-AP-r001:S-P04-S12:GS08:p0003,west,8,0,6
7132,CP-AP-r001:S-P04-S12:GS08:p0004,west,8,0,2
7133,CP-AP-r001:S-P04-S12:GS08:p0005,west,8,0,6
7134,CP-AP-r001:S-P04-S12:GS08:p0006,west,7,0,0
7135,CP-AP-r001:S-P04-S12:GS08:p0007,west,8,0,6
7136,CP-AP-r001:S-P04-S12:GS08:p0008,west,8,0,3
7137,CP-AP-r001:S-P04-S12:GS08:p0009,west,7,0,6
7138,CP-AP-r001:S-P04-S12:GS08:p0010,west,7,0,1
7139,CP-AP-r001:S-P04-S12:GS08:p0011,west,9,0,6
7140,CP-AP-r001:S-P04-S12:GS08:p0012,west,8,0,4
7141,CP-AP-r001:S-P04-S12:GS09:p0001,west,9,0,6
7142,CP-AP-r001:S-P04-S12:GS09:p0002,west,8,0,6
7143,CP-AP-r001:S-P04-S12:GS09:p0003,west,5,0,0
7144,CP-AP-r001:S-P04-S12:GS09:p0004,west,8,0,6
7145,CP-AP-r001:S-P04-S12:GS09:p0005,west,10,0,2
7146,CP-AP-r001:S-P04-S12:GS09:p0006,west,8,0,6
7147,CP-AP-r001:S-P04-S12:GS09:p0007,west,6,0,0
7148,CP-AP-r001:S-P04-S12:GS09:p0008,west,8,0,6
7149,CP-AP-r001:S-P04-S12:GS09:p0009,west,10,0,3
7150,CP-AP-r001:S-P04-S12:GS09:p0010,west,7,0,6
7151,CP-AP-r001:S-P04-S12:GS09:p0011,west,8,0,1
7152,CP-AP-r001:S-P04-S12:GS09:p0012,west,8,0,6
7153,CP-AP-r001:S-P04-S12:GS09:p0013,west,9,0,4
7154,CP-AP-r001:S-P04-S12:GS10:p0001,east,0,10,2
7155,CP-AP-r001:S-P04-S12:GS10:p0002,east,0,8,6
7156,CP-AP-r001:S-P04-S12:GS10:p0003,east,0,7,0
7157,CP-AP-r001:S-P04-S12:GS10:p0004,east,0,8,6
7158,CP-AP-r001:S-P04-S12:GS10:p0005,east,0,8,6
7159,CP-AP-r001:S-P04-S12:GS10:p0006,east,0,10,1
7160,CP-AP-r001:S-P04-S12:GS10:p0007,east,0,8,6
7161,CP-AP-r001:S-P04-S12:GS10:p0008,east,0,8,5
7162,CP-AP-r001:S-P04-S12:GS10:p0009,east,0,9,6
7163,CP-AP-r001:S-P04-S12:GS10:p0010,east,0,9,0
7164,CP-AP-r001:S-P04-S12:GS10:p0011,east,0,8,6
7165,CP-AP-r001:S-P04-S12:GS10:p0012,east,0,5,5
7166,CP-AP-r001:S-P04-S12:GS10:p0013,east,0,8,5
7167,CP-AP-r001:S-P04-S12:GS10:p0014,east,0,10,6
7168,CP-AP-r001:S-P04-S12:GS11:p0001,east,0,7,2
7169,CP-AP-r001:S-P04-S12:GS11:p0002,east,0,7,6
7170,CP-AP-r001:S-P04-S12:GS11:p0003,east,0,9,0
7171,CP-AP-r001:S-P04-S12:GS11:p0004,east,0,7,6
7172,CP-AP-r001:S-P04-S12:GS11:p0005,east,0,11,1
7173,CP-AP-r001:S-P04-S12:GS11:p0006,east,0,7,6
7174,CP-AP-r001:S-P04-S12:GS11:p0007,east,0,8,0
7175,CP-AP-r001:S-P04-S12:GS11:p0008,east,0,7,5
7176,CP-AP-r001:S-P04-S12:GS11:p0009,east,0,11,0
7177,CP-AP-r001:S-P04-S12:GS11:p0010,east,0,8,6
7178,CP-AP-r001:S-P04-S12:GS11:p0011,east,0,8,0
7179,CP-AP-r001:S-P04-S12:GS11:p0012,east,0,7,5
7180,CP-AP-r001:S-P04-S12:GS11:p0013,east,0,7,6
7181,CP-AP-r001:S-P04-S12:GS12:p0001,east,0,8,2
7182,CP-AP-r001:S-P04-S12:GS12:p0002,east,0,8,6
7183,CP-AP-r001:S-P04-S12:GS12:p0003,east,0,8,0
7184,CP-AP-r001:S-P04-S12:GS12:p0004,east,0,8,6
7185,CP-AP-r001:S-P04-S12:GS12:p0005,east,0,7,1
7186,CP-AP-r001:S-P04-S12:GS12:p0006,east,0,7,6
7187,CP-AP-r001:S-P04-S12:GS12:p0007,east,0,9,0
7188,CP-AP-r001:S-P04-S12:GS12:p0008,east,0,8,5
7189,CP-AP-r001:S-P04-S12:GS12:p0009,east,0,7,0
7190,CP-AP-r001:S-P04-S12:GS12:p0010,east,0,7,6
7191,CP-AP-r001:S-P04-S12:GS12:p0011,east,0,9,0
7192,CP-AP-r001:S-P04-S12:GS12:p0012,east,0,9,5
7193,CP-AP-r001:S-P05-S01:GS01:p0001,west,7,0,6
7194,CP-AP-r001:S-P05-S01:GS01:p0002,west,7,0,1
7195,CP-AP-r001:S-P05-S01:GS01:p0003,west,6,0,4
7196,CP-AP-r001:S-P05-S01:GS01:p0004,west,6,0,0
7197,CP-AP-r001:S-P05-S01:GS01:p0005,west,7,0,6
7198,CP-AP-r001:S-P05-S01:GS01:p0006,west,7,0,1
7199,CP-AP-r001:S-P05-S01:GS01:p0007,west,6,0,5
7200,CP-AP-r001:S-P05-S01:GS01:p0008,west,8,0,0
7201,CP-AP-r001:S-P05-S01:GS01:p0009,west,7,0,6
7202,CP-AP-r001:S-P05-S01:GS01:p0010,west,7,0,1
7203,CP-AP-r001:S-P05-S01:GS01:p0011,west,6,0,6
7204,CP-AP-r001:S-P05-S01:GS01:p0012,west,7,0,0
7205,CP-AP-r001:S-P05-S01:GS02:p0001,west,6,0,6
7206,CP-AP-r001:S-P05-S01:GS02:p0002,west,7,0,1
7207,CP-AP-r001:S-P05-S01:GS02:p0003,west,6,0,6
7208,CP-AP-r001:S-P05-S01:GS02:p0004,west,7,0,4
7209,CP-AP-r001:S-P05-S01:GS02:p0005,west,7,0,6
7210,CP-AP-r001:S-P05-S01:GS02:p0006,west,7,0,1
7211,CP-AP-r001:S-P05-S01:GS02:p0007,west,7,0,5
7212,CP-AP-r001:S-P05-S01:GS02:p0008,west,7,0,6
7213,CP-AP-r001:S-P05-S01:GS02:p0009,west,7,0,1
7214,CP-AP-r001:S-P05-S01:GS02:p0010,west,6,0,6
7215,CP-AP-r001:S-P05-S01:GS02:p0011,west,7,0,0
7216,CP-AP-r001:S-P05-S01:GS03:p0001,west,7,0,6
7217,CP-AP-r001:S-P05-S01:GS03:p0002,west,7,0,6
7218,CP-AP-r001:S-P05-S01:GS03:p0003,west,6,0,6
7219,CP-AP-r001:S-P05-S01:GS03:p0004,west,7,0,4
7220,CP-AP-r001:S-P05-S01:GS03:p0005,west,7,0,6
7221,CP-AP-r001:S-P05-S01:GS03:p0006,west,4,0,1
7222,CP-AP-r001:S-P05-S01:GS03:p0007,west,6,0,6
7223,CP-AP-r001:S-P05-S01:GS03:p0008,west,7,0,5
7224,CP-AP-r001:S-P05-S01:GS03:p0009,west,7,0,6
7225,CP-AP-r001:S-P05-S01:GS03:p0010,west,5,0,1
7226,CP-AP-r001:S-P05-S01:GS03:p0011,west,5,0,6
7227,CP-AP-r001:S-P05-S01:GS03:p0012,west,7,0,6
7228,CP-AP-r001:S-P05-S01:GS04:p0001,east,0,8,1
7229,CP-AP-r001:S-P05-S01:GS04:p0002,east,0,6,6
7230,CP-AP-r001:S-P05-S01:GS04:p0003,east,0,6,5
7231,CP-AP-r001:S-P05-S01:GS04:p0004,east,0,7,6
7232,CP-AP-r001:S-P05-S01:GS04:p0005,east,0,6,0
7233,CP-AP-r001:S-P05-S01:GS04:p0006,east,0,6,6
7234,CP-AP-r001:S-P05-S01:GS04:p0007,east,0,6,4
7235,CP-AP-r001:S-P05-S01:GS04:p0008,east,0,7,6
7236,CP-AP-r001:S-P05-S01:GS04:p0009,east,0,7,0
7237,CP-AP-r001:S-P05-S01:GS04:p0010,east,0,6,6
7238,CP-AP-r001:S-P05-S01:GS04:p0011,east,0,6,3
7239,CP-AP-r001:S-P05-S01:GS04:p0012,east,0,7,6
7240,CP-AP-r001:S-P05-S01:GS05:p0001,east,0,7,1
7241,CP-AP-r001:S-P05-S01:GS05:p0002,east,0,7,6
7242,CP-AP-r001:S-P05-S01:GS05:p0003,east,0,5,5
7243,CP-AP-r001:S-P05-S01:GS05:p0004,east,0,7,6
7244,CP-AP-r001:S-P05-S01:GS05:p0005,east,0,7,0
7245,CP-AP-r001:S-P05-S01:GS05:p0006,east,0,7,6
7246,CP-AP-r001:S-P05-S01:GS05:p0007,east,0,6,4
7247,CP-AP-r001:S-P05-S01:GS05:p0008,east,0,7,6
7248,CP-AP-r001:S-P05-S01:GS05:p0009,east,0,8,0
7249,CP-AP-r001:S-P05-S01:GS05:p0010,east,0,7,6
7250,CP-AP-r001:S-P05-S01:GS05:p0011,east,0,6,3
7251,CP-AP-r001:S-P05-S01:GS05:p0012,east,0,7,6
7252,CP-AP-r001:S-P05-S01:GS06:p0001,east,0,7,1
7253,CP-AP-r001:S-P05-S01:GS06:p0002,east,0,7,6
7254,CP-AP-r001:S-P05-S01:GS06:p0003,east,0,7,5
7255,CP-AP-r001:S-P05-S01:GS06:p0004,east,0,7,0
7256,CP-AP-r001:S-P05-S01:GS06:p0005,east,0,7,6
7257,CP-AP-r001:S-P05-S01:GS06:p0006,east,0,6,4
7258,CP-AP-r001:S-P05-S01:GS06:p0007,east,0,7,6
7259,CP-AP-r001:S-P05-S01:GS06:p0008,east,0,7,0
7260,CP-AP-r001:S-P05-S01:GS06:p0009,east,0,7,6
7261,CP-AP-r001:S-P05-S01:GS06:p0010,east,0,6,3
7262,CP-AP-r001:S-P05-S01:GS06:p0011,east,0,6,6
7263,CP-AP-r001:S-P05-S01:GS07:p0001,west,11,0,6
7264,CP-AP-r001:S-P05-S01:GS07:p0002,west,8,0,1
7265,CP-AP-r001:S-P05-S01:GS07:p0003,west,5,0,6
7266,CP-AP-r001:S-P05-S01:GS07:p0004,west,7,0,4
7267,CP-AP-r001:S-P05-S01:GS07:p0005,west,10,0,6
7268,CP-AP-r001:S-P05-S01:GS07:p0006,west,8,0,1
7269,CP-AP-r001:S-P05-S01:GS07:p0007,west,5,0,6
7270,CP-AP-r001:S-P05-S01:GS07:p0008,west,8,0,5
7271,CP-AP-r001:S-P05-S01:GS07:p0009,west,9,0,0
7272,CP-AP-r001:S-P05-S01:GS07:p0010,west,9,0,6
7273,CP-AP-r001:S-P05-S01:GS07:p0011,west,8,0,1
7274,CP-AP-r001:S-P05-S01:GS07:p0012,west,8,0,6
7275,CP-AP-r001:S-P05-S01:GS07:p0013,west,8,0,0
7276,CP-AP-r001:S-P05-S01:GS08:p0001,west,8,0,6
7277,CP-AP-r001:S-P05-S01:GS08:p0002,west,8,0,1
7278,CP-AP-r001:S-P05-S01:GS08:p0003,west,7,0,6
7279,CP-AP-r001:S-P05-S01:GS08:p0004,west,8,0,4
7280,CP-AP-r001:S-P05-S01:GS08:p0005,west,9,0,6
7281,CP-AP-r001:S-P05-S01:GS08:p0006,west,8,0,1
7282,CP-AP-r001:S-P05-S01:GS08:p0007,west,9,0,6
7283,CP-AP-r001:S-P05-S01:GS08:p0008,west,9,0,5
7284,CP-AP-r001:S-P05-S01:GS08:p0009,west,10,0,6
7285,CP-AP-r001:S-P05-S01:GS08:p0010,west,8,0,1
7286,CP-AP-r001:S-P05-S01:GS08:p0011,west,7,0,6
7287,CP-AP-r001:S-P05-S01:GS08:p0012,west,7,0,6
7288,CP-AP-r001:S-P05-S01:GS09:p0001,west,7,0,6
7289,CP-AP-r001:S-P05-S01:GS09:p0002,west,9,0,1
7290,CP-AP-r001:S-P05-S01:GS09:p0003,west,7,0,6
7291,CP-AP-r001:S-P05-S01:GS09:p0004,west,8,0,4
7292,CP-AP-r001:S-P05-S01:GS09:p0005,west,9,0,6
7293,CP-AP-r001:S-P05-S01:GS09:p0006,west,9,0,1
7294,CP-AP-r001:S-P05-S01:GS09:p0007,west,7,0,6
7295,CP-AP-r001:S-P05-S01:GS09:p0008,west,7,0,5
7296,CP-AP-r001:S-P05-S01:GS09:p0009,west,8,0,6
7297,CP-AP-r001:S-P05-S01:GS09:p0010,west,9,0,1
7298,CP-AP-r001:S-P05-S01:GS09:p0011,west,7,0,6
7299,CP-AP-r001:S-P05-S01:GS09:p0012,west,7,0,6
7300,CP-AP-r001:S-P05-S01:GS10:p0001,east,0,8,1
7301,CP-AP-r001:S-P05-S01:GS10:p0002,east,0,8,6
7302,CP-AP-r001:S-P05-S01:GS10:p0003,east,0,7,5
7303,CP-AP-r001:S-P05-S01:GS10:p0004,east,0,8,5
7304,CP-AP-r001:S-P05-S01:GS10:p0005,east,0,8,6
7305,CP-AP-r001:S-P05-S01:GS10:p0006,east,0,7,0
7306,CP-AP-r001:S-P05-S01:GS10:p0007,east,0,7,6
7307,CP-AP-r001:S-P05-S01:GS10:p0008,east,0,8,6
7308,CP-AP-r001:S-P05-S01:GS10:p0009,east,0,7,4
7309,CP-AP-r001:S-P05-S01:GS10:p0010,east,0,8,6
7310,CP-AP-r001:S-P05-S01:GS10:p0011,east,0,7,6
7311,CP-AP-r001:S-P05-S01:GS10:p0012,east,0,8,6
7312,CP-AP-r001:S-P05-S01:GS10:p0013,east,0,7,3
7313,CP-AP-r001:S-P05-S01:GS10:p0014,east,0,8,6
7314,CP-AP-r001:S-P05-S01:GS11:p0001,east,0,10,1
7315,CP-AP-r001:S-P05-S01:GS11:p0002,east,0,8,6
7316,CP-AP-r001:S-P05-S01:GS11:p0003,east,0,6,0
7317,CP-AP-r001:S-P05-S01:GS11:p0004,east,0,8,5
7318,CP-AP-r001:S-P05-S01:GS11:p0005,east,0,8,6
7319,CP-AP-r001:S-P05-S01:GS11:p0006,east,0,10,0
7320,CP-AP-r001:S-P05-S01:GS11:p0007,east,0,8,6
7321,CP-AP-r001:S-P05-S01:GS11:p0008,east,0,8,4
7322,CP-AP-r001:S-P05-S01:GS11:p0009,east,0,6,6
7323,CP-AP-r001:S-P05-S01:GS11:p0010,east,0,9,0
7324,CP-AP-r001:S-P05-S01:GS11:p0011,east,0,8,6
7325,CP-AP-r001:S-P05-S01:GS11:p0012,east,0,8,3
7326,CP-AP-r001:S-P05-S01:GS11:p0013,east,0,8,6
7327,CP-AP-r001:S-P05-S01:GS12:p0001,east,0,8,1
7328,CP-AP-r001:S-P05-S01:GS12:p0002,east,0,8,6
7329,CP-AP-r001:S-P05-S01:GS12:p0003,east,0,8,0
7330,CP-AP-r001:S-P05-S01:GS12:p0004,east,0,8,5
7331,CP-AP-r001:S-P05-S01:GS12:p0005,east,0,9,0
7332,CP-AP-r001:S-P05-S01:GS12:p0006,east,0,8,6
7333,CP-AP-r001:S-P05-S01:GS12:p0007,east,0,8,0
7334,CP-AP-r001:S-P05-S01:GS12:p0008,east,0,9,4
7335,CP-AP-r001:S-P05-S01:GS12:p0009,east,0,11,0
7336,CP-AP-r001:S-P05-S01:GS12:p0010,east,0,8,6
7337,CP-AP-r001:S-P05-S01:GS12:p0011,east,0,5,0
7338,CP-AP-r001:S-P05-S01:GS12:p0012,east,0,7,3
7339,CP-AP-r001:S-P05-S01:GS12:p0013,east,0,9,6
7340,CP-AP-r001:S-P05-S02:GS01:p0001,west,6,0,6
7341,CP-AP-r001:S-P05-S02:GS01:p0002,west,6,0,1
7342,CP-AP-r001:S-P05-S02:GS01:p0003,west,7,0,4
7343,CP-AP-r001:S-P05-S02:GS01:p0004,west,4,0,0
7344,CP-AP-r001:S-P05-S02:GS01:p0005,west,6,0,6
7345,CP-AP-r001:S-P05-S02:GS01:p0006,west,6,0,1
7346,CP-AP-r001:S-P05-S02:GS01:p0007,west,6,0,5
7347,CP-AP-r001:S-P05-S02:GS01:p0008,west,6,0,0
7348,CP-AP-r001:S-P05-S02:GS01:p0009,west,6,0,6
7349,CP-AP-r001:S-P05-S02:GS01:p0010,west,6,0,1
7350,CP-AP-r001:S-P05-S02:GS01:p0011,west,7,0,6
7351,CP-AP-r001:S-P05-S02:GS01:p0012,west,6,0,0
7352,CP-AP-r001:S-P05-S02:GS02:p0001,west,4,0,6
7353,CP-AP-r001:S-P05-S02:GS02:p0002,west,6,0,1
7354,CP-AP-r001:S-P05-S02:GS02:p0003,west,4,0,6
7355,CP-AP-r001:S-P05-S02:GS02:p0004,west,7,0,4
7356,CP-AP-r001:S-P05-S02:GS02:p0005,west,6,0,6
7357,CP-AP-r001:S-P05-S02:GS02:p0006,west,6,0,1
7358,CP-AP-r001:S-P05-S02:GS02:p0007,west,7,0,5
7359,CP-AP-r001:S-P05-S02:GS02:p0008,west,6,0,6
7360,CP-AP-r001:S-P05-S02:GS02:p0009,west,6,0,1
7361,CP-AP-r001:S-P05-S02:GS02:p0010,west,7,0,6
7362,CP-AP-r001:S-P05-S02:GS02:p0011,west,6,0,0
7363,CP-AP-r001:S-P05-S02:GS03:p0001,west,6,0,6
7364,CP-AP-r001:S-P05-S02:GS03:p0002,west,7,0,6
7365,CP-AP-r001:S-P05-S02:GS03:p0003,west,6,0,4
7366,CP-AP-r001:S-P05-S02:GS03:p0004,west,6,0,6
7367,CP-AP-r001:S-P05-S02:GS03:p0005,west,6,0,1
7368,CP-AP-r001:S-P05-S02:GS03:p0006,west,8,0,6
7369,CP-AP-r001:S-P05-S02:GS03:p0007,west,7,0,5
7370,CP-AP-r001:S-P05-S02:GS03:p0008,west,6,0,6
7371,CP-AP-r001:S-P05-S02:GS03:p0009,west,5,0,1
7372,CP-AP-r001:S-P05-S02:GS03:p0010,west,5,0,6
7373,CP-AP-r001:S-P05-S02:GS03:p0011,west,7,0,6
7374,CP-AP-r001:S-P05-S02:GS04:p0001,east,0,8,0
7375,CP-AP-r001:S-P05-S02:GS04:p0002,east,0,6,6
7376,CP-AP-r001:S-P05-S02:GS04:p0003,east,0,7,5
7377,CP-AP-r001:S-P05-S02:GS04:p0004,east,0,6,6
7378,CP-AP-r001:S-P05-S02:GS04:p0005,east,0,6,0
7379,CP-AP-r001:S-P05-S02:GS04:p0006,east,0,5,6
7380,CP-AP-r001:S-P05-S02:GS04:p0007,east,0,7,4
7381,CP-AP-r001:S-P05-S02:GS04:p0008,east,0,6,6
7382,CP-AP-r001:S-P05-S02:GS04:p0009,east,0,7,0
7383,CP-AP-r001:S-P05-S02:GS04:p0010,east,0,5,6
7384,CP-AP-r001:S-P05-S02:GS04:p0011,east,0,7,3
7385,CP-AP-r001:S-P05-S02:GS04:p0012,east,0,6,6
7386,CP-AP-r001:S-P05-S02:GS05:p0001,east,0,6,0
7387,CP-AP-r001:S-P05-S02:GS05:p0002,east,0,6,6
7388,CP-AP-r001:S-P05-S02:GS05:p0003,east,0,6,5
7389,CP-AP-r001:S-P05-S02:GS05:p0004,east,0,5,6
7390,CP-AP-r001:S-P05-S02:GS05:p0005,east,0,6,0
7391,CP-AP-r001:S-P05-S02:GS05:p0006,east,0,6,6
7392,CP-AP-r001:S-P05-S02:GS05:p0007,east,0,7,4
7393,CP-AP-r001:S-P05-S02:GS05:p0008,east,0,6,6
7394,CP-AP-r001:S-P05-S02:GS05:p0009,east,0,7,0
7395,CP-AP-r001:S-P05-S02:GS05:p0010,east,0,6,6
7396,CP-AP-r001:S-P05-S02:GS05:p0011,east,0,7,3
7397,CP-AP-r001:S-P05-S02:GS05:p0012,east,0,6,6
7398,CP-AP-r001:S-P05-S02:GS06:p0001,east,0,6,0
7399,CP-AP-r001:S-P05-S02:GS06:p0002,east,0,6,6
7400,CP-AP-r001:S-P05-S02:GS06:p0003,east,0,7,5
7401,CP-AP-r001:S-P05-S02:GS06:p0004,east,0,6,0
7402,CP-AP-r001:S-P05-S02:GS06:p0005,east,0,6,6
7403,CP-AP-r001:S-P05-S02:GS06:p0006,east,0,7,4
7404,CP-AP-r001:S-P05-S02:GS06:p0007,east,0,6,6
7405,CP-AP-r001:S-P05-S02:GS06:p0008,east,0,6,0
7406,CP-AP-r001:S-P05-S02:GS06:p0009,east,0,6,6
7407,CP-AP-r001:S-P05-S02:GS06:p0010,east,0,7,3
7408,CP-AP-r001:S-P05-S02:GS06:p0011,east,0,4,6
7409,CP-AP-r001:S-P05-S02:GS07:p0001,west,10,0,6
7410,CP-AP-r001:S-P05-S02:GS07:p0002,west,7,0,1
7411,CP-AP-r001:S-P05-S02:GS07:p0003,west,6,0,6
7412,CP-AP-r001:S-P05-S02:GS07:p0004,west,7,0,4
7413,CP-AP-r001:S-P05-S02:GS07:p0005,west,5,0,0
7414,CP-AP-r001:S-P05-S02:GS07:p0006,west,10,0,6
7415,CP-AP-r001:S-P05-S02:GS07:p0007,west,8,0,1
7416,CP-AP-r001:S-P05-S02:GS07:p0008,west,7,0,6
7417,CP-AP-r001:S-P05-S02:GS07:p0009,west,8,0,5
7418,CP-AP-r001:S-P05-S02:GS07:p0010,west,7,0,0
7419,CP-AP-r001:S-P05-S02:GS07:p0011,west,10,0,6
7420,CP-AP-r001:S-P05-S02:GS07:p0012,west,8,0,1
7421,CP-AP-r001:S-P05-S02:GS07:p0013,west,8,0,6
7422,CP-AP-r001:S-P05-S02:GS07:p0014,west,8,0,0
7423,CP-AP-r001:S-P05-S02:GS08:p0001,west,7,0,6
7424,CP-AP-r001:S-P05-S02:GS08:p0002,west,7,0,1
7425,CP-AP-r001:S-P05-S02:GS08:p0003,west,10,0,6
7426,CP-AP-r001:S-P05-S02:GS08:p0004,west,8,0,4
7427,CP-AP-r001:S-P05-S02:GS08:p0005,west,7,0,6
7428,CP-AP-r001:S-P05-S02:GS08:p0006,west,7,0,1
7429,CP-AP-r001:S-P05-S02:GS08:p0007,west,9,0,6
7430,CP-AP-r001:S-P05-S02:GS08:p0008,west,9,0,5
7431,CP-AP-r001:S-P05-S02:GS08:p0009,west,9,0,6
7432,CP-AP-r001:S-P05-S02:GS08:p0010,west,7,0,1
7433,CP-AP-r001:S-P05-S02:GS08:p0011,west,8,0,6
7434,CP-AP-r001:S-P05-S02:GS08:p0012,west,7,0,6
7435,CP-AP-r001:S-P05-S02:GS09:p0001,west,7,0,6
7436,CP-AP-r001:S-P05-S02:GS09:p0002,west,8,0,1
7437,CP-AP-r001:S-P05-S02:GS09:p0003,west,8,0,6
7438,CP-AP-r001:S-P05-S02:GS09:p0004,west,8,0,4
7439,CP-AP-r001:S-P05-S02:GS09:p0005,west,8,0,6
7440,CP-AP-r001:S-P05-S02:GS09:p0006,west,8,0,1
7441,CP-AP-r001:S-P05-S02:GS09:p0007,west,8,0,6
7442,CP-AP-r001:S-P05-S02:GS09:p0008,west,8,0,5
7443,CP-AP-r001:S-P05-S02:GS09:p0009,west,8,0,6
7444,CP-AP-r001:S-P05-S02:GS09:p0010,west,7,0,1
7445,CP-AP-r001:S-P05-S02:GS09:p0011,west,9,0,6
7446,CP-AP-r001:S-P05-S02:GS09:p0012,west,8,0,6
7447,CP-AP-r001:S-P05-S02:GS10:p0001,east,0,9,0
7448,CP-AP-r001:S-P05-S02:GS10:p0002,east,0,8,6
7449,CP-AP-r001:S-P05-S02:GS10:p0003,east,0,6,5
7450,CP-AP-r001:S-P05-S02:GS10:p0004,east,0,8,5
7451,CP-AP-r001:S-P05-S02:GS10:p0005,east,0,8,6
7452,CP-AP-r001:S-P05-S02:GS10:p0006,east,0,9,0
7453,CP-AP-r001:S-P05-S02:GS10:p0007,east,0,8,6
7454,CP-AP-r001:S-P05-S02:GS10:p0008,east,0,7,6
7455,CP-AP-r001:S-P05-S02:GS10:p0009,east,0,8,4
7456,CP-AP-r001:S-P05-S02:GS10:p0010,east,0,8,6
7457,CP-AP-r001:S-P05-S02:GS10:p0011,east,0,7,6
7458,CP-AP-r001:S-P05-S02:GS10:p0012,east,0,7,6
7459,CP-AP-r001:S-P05-S02:GS10:p0013,east,0,8,3
7460,CP-AP-r001:S-P05-S02:GS10:p0014,east,0,8,6
7461,CP-AP-r001:S-P05-S02:GS11:p0001,east,0,10,0
7462,CP-AP-r001:S-P05-S02:GS11:p0002,east,0,8,6
7463,CP-AP-r001:S-P05-S02:GS11:p0003,east,0,7,0
7464,CP-AP-r001:S-P05-S02:GS11:p0004,east,0,7,5
7465,CP-AP-r001:S-P05-S02:GS11:p0005,east,0,6,6
7466,CP-AP-r001:S-P05-S02:GS11:p0006,east,0,10,0
7467,CP-AP-r001:S-P05-S02:GS11:p0007,east,0,8,6
7468,CP-AP-r001:S-P05-S02:GS11:p0008,east,0,8,4
7469,CP-AP-r001:S-P05-S02:GS11:p0009,east,0,6,6
7470,CP-AP-r001:S-P05-S02:GS11:p0010,east,0,10,0
7471,CP-AP-r001:S-P05-S02:GS11:p0011,east,0,8,6
7472,CP-AP-r001:S-P05-S02:GS11:p0012,east,0,8,3
7473,CP-AP-r001:S-P05-S02:GS11:p0013,east,0,8,6
7474,CP-AP-r001:S-P05-S02:GS12:p0001,east,0,7,0
7475,CP-AP-r001:S-P05-S02:GS12:p0002,east,0,7,6
7476,CP-AP-r001:S-P05-S02:GS12:p0003,east,0,9,0
7477,CP-AP-r001:S-P05-S02:GS12:p0004,east,0,9,5
7478,CP-AP-r001:S-P05-S02:GS12:p0005,east,0,8,0
7479,CP-AP-r001:S-P05-S02:GS12:p0006,east,0,7,6
7480,CP-AP-r001:S-P05-S02:GS12:p0007,east,0,8,0
7481,CP-AP-r001:S-P05-S02:GS12:p0008,east,0,8,4
7482,CP-AP-r001:S-P05-S02:GS12:p0009,east,0,10,0
7483,CP-AP-r001:S-P05-S02:GS12:p0010,east,0,7,6
7484,CP-AP-r001:S-P05-S02:GS12:p0011,east,0,6,0
7485,CP-AP-r001:S-P05-S02:GS12:p0012,east,0,7,3
7486,CP-AP-r001:S-P05-S02:GS12:p0013,east,0,5,6
7487,CP-AP-r001:S-P05-S03:GS01:p0001,west,7,0,6
7488,CP-AP-r001:S-P05-S03:GS01:p0002,west,7,0,1
7489,CP-AP-r001:S-P05-S03:GS01:p0003,west,6,0,5
7490,CP-AP-r001:S-P05-S03:GS01:p0004,west,7,0,0
7491,CP-AP-r001:S-P05-S03:GS01:p0005,west,8,0,6
7492,CP-AP-r001:S-P05-S03:GS01:p0006,west,7,0,2
7493,CP-AP-r001:S-P05-S03:GS01:p0007,west,6,0,6
7494,CP-AP-r001:S-P05-S03:GS01:p0008,west,7,0,0
7495,CP-AP-r001:S-P05-S03:GS01:p0009,west,8,0,6
7496,CP-AP-r001:S-P05-S03:GS01:p0010,west,6,0,3
7497,CP-AP-r001:S-P05-S03:GS01:p0011,west,6,0,6
7498,CP-AP-r001:S-P05-S03:GS01:p0012,west,7,0,0
7499,CP-AP-r001:S-P05-S03:GS02:p0001,west,7,0,6
7500,CP-AP-r001:S-P05-S03:GS02:p0002,west,7,0,1
7501,CP-AP-r001:S-P05-S03:GS02:p0003,west,6,0,5
7502,CP-AP-r001:S-P05-S03:GS02:p0004,west,7,0,0
7503,CP-AP-r001:S-P05-S03:GS02:p0005,west,7,0,6
7504,CP-AP-r001:S-P05-S03:GS02:p0006,west,7,0,2
7505,CP-AP-r001:S-P05-S03:GS02:p0007,west,6,0,6
7506,CP-AP-r001:S-P05-S03:GS02:p0008,west,6,0,0
7507,CP-AP-r001:S-P05-S03:GS02:p0009,west,7,0,6
7508,CP-AP-r001:S-P05-S03:GS02:p0010,west,7,0,3
7509,CP-AP-r001:S-P05-S03:GS02:p0011,west,6,0,6
7510,CP-AP-r001:S-P05-S03:GS02:p0012,west,8,0,0
7511,CP-AP-r001:S-P05-S03:GS03:p0001,west,7,0,6
7512,CP-AP-r001:S-P05-S03:GS03:p0002,west,4,0,1
7513,CP-AP-r001:S-P05-S03:GS03:p0003,west,5,0,6
7514,CP-AP-r001:S-P05-S03:GS03:p0004,west,7,0,5
7515,CP-AP-r001:S-P05-S03:GS03:p0005,west,5,0,6
7516,CP-AP-r001:S-P05-S03:GS03:p0006,west,8,0,2
7517,CP-AP-r001:S-P05-S03:GS03:p0007,west,6,0,6
7518,CP-AP-r001:S-P05-S03:GS03:p0008,west,7,0,6
7519,CP-AP-r001:S-P05-S03:GS03:p0009,west,7,0,6
7520,CP-AP-r001:S-P05-S03:GS03:p0010,west,7,0,3
7521,CP-AP-r001:S-P05-S03:GS03:p0011,west,7,0,6
7522,CP-AP-r001:S-P05-S03:GS04:p0001,east,0,7,0
7523,CP-AP-r001:S-P05-S03:GS04:p0002,east,0,5,6
7524,CP-AP-r001:S-P05-S03:GS04:p0003,east,0,6,3
7525,CP-AP-r001:S-P05-S03:GS04:p0004,east,0,7,6
7526,CP-AP-r001:S-P05-S03:GS04:p0005,east,0,7,6
7527,CP-AP-r001:S-P05-S03:GS04:p0006,east,0,6,3
7528,CP-AP-r001:S-P05-S03:GS04:p0007,east,0,7,6
7529,CP-AP-r001:S-P05-S03:GS04:p0008,east,0,7,6
7530,CP-AP-r001:S-P05-S03:GS04:p0009,east,0,4,6
7531,CP-AP-r001:S-P05-S03:GS04:p0010,east,0,6,2
7532,CP-AP-r001:S-P05-S03:GS04:p0011,east,0,8,6
7533,CP-AP-r001:S-P05-S03:GS05:p0001,east,0,7,0
7534,CP-AP-r001:S-P05-S03:GS05:p0002,east,0,7,6
7535,CP-AP-r001:S-P05-S03:GS05:p0003,east,0,6,3
7536,CP-AP-r001:S-P05-S03:GS05:p0004,east,0,7,6
7537,CP-AP-r001:S-P05-S03:GS05:p0005,east,0,8,0
7538,CP-AP-r001:S-P05-S03:GS05:p0006,east,0,6,6
7539,CP-AP-r001:S-P05-S03:GS05:p0007,east,0,6,3
7540,CP-AP-r001:S-P05-S03:GS05:p0008,east,0,7,6
7541,CP-AP-r001:S-P05-S03:GS05:p0009,east,0,6,0
7542,CP-AP-r001:S-P05-S03:GS05:p0010,east,0,5,6
7543,CP-AP-r001:S-P05-S03:GS05:p0011,east,0,6,2
7544,CP-AP-r001:S-P05-S03:GS05:p0012,east,0,7,6
7545,CP-AP-r001:S-P05-S03:GS06:p0001,east,0,7,0
7546,CP-AP-r001:S-P05-S03:GS06:p0002,east,0,7,6
7547,CP-AP-r001:S-P05-S03:GS06:p0003,east,0,6,3
7548,CP-AP-r001:S-P05-S03:GS06:p0004,east,0,6,6
7549,CP-AP-r001:S-P05-S03:GS06:p0005,east,0,7,0
7550,CP-AP-r001:S-P05-S03:GS06:p0006,east,0,7,6
7551,CP-AP-r001:S-P05-S03:GS06:p0007,east,0,6,3
7552,CP-AP-r001:S-P05-S03:GS06:p0008,east,0,8,6
7553,CP-AP-r001:S-P05-S03:GS06:p0009,east,0,7,0
7554,CP-AP-r001:S-P05-S03:GS06:p0010,east,0,7,6
7555,CP-AP-r001:S-P05-S03:GS06:p0011,east,0,6,2
7556,CP-AP-r001:S-P05-S03:GS06:p0012,east,0,7,6
7557,CP-AP-r001:S-P05-S03:GS07:p0001,west,10,0,6
7558,CP-AP-r001:S-P05-S03:GS07:p0002,west,8,0,1
7559,CP-AP-r001:S-P05-S03:GS07:p0003,west,8,0,5
7560,CP-AP-r001:S-P05-S03:GS07:p0004,west,7,0,0
7561,CP-AP-r001:S-P05-S03:GS07:p0005,west,8,0,6
7562,CP-AP-r001:S-P05-S03:GS07:p0006,west,8,0,2
7563,CP-AP-r001:S-P05-S03:GS07:p0007,west,8,0,6
7564,CP-AP-r001:S-P05-S03:GS07:p0008,west,8,0,0
7565,CP-AP-r001:S-P05-S03:GS07:p0009,west,8,0,6
7566,CP-AP-r001:S-P05-S03:GS07:p0010,west,8,0,3
7567,CP-AP-r001:S-P05-S03:GS07:p0011,west,7,0,0
7568,CP-AP-r001:S-P05-S03:GS07:p0012,west,7,0,6
7569,CP-AP-r001:S-P05-S03:GS07:p0013,west,8,0,0
7570,CP-AP-r001:S-P05-S03:GS08:p0001,west,10,0,6
7571,CP-AP-r001:S-P05-S03:GS08:p0002,west,8,0,1
7572,CP-AP-r001:S-P05-S03:GS08:p0003,west,7,0,6
7573,CP-AP-r001:S-P05-S03:GS08:p0004,west,8,0,5
7574,CP-AP-r001:S-P05-S03:GS08:p0005,west,10,0,6
7575,CP-AP-r001:S-P05-S03:GS08:p0006,west,8,0,2
7576,CP-AP-r001:S-P05-S03:GS08:p0007,west,6,0,6
7577,CP-AP-r001:S-P05-S03:GS08:p0008,west,7,0,6
7578,CP-AP-r001:S-P05-S03:GS08:p0009,west,8,0,0
7579,CP-AP-r001:S-P05-S03:GS08:p0010,west,10,0,6
7580,CP-AP-r001:S-P05-S03:GS08:p0011,west,8,0,3
7581,CP-AP-r001:S-P05-S03:GS08:p0012,west,6,0,6
7582,CP-AP-r001:S-P05-S03:GS08:p0013,west,8,0,6
7583,CP-AP-r001:S-P05-S03:GS08:p0014,west,8,0,0
7584,CP-AP-r001:S-P05-S03:GS09:p0001,west,8,0,6
7585,CP-AP-r001:S-P05-S03:GS09:p0002,west,9,0,1
7586,CP-AP-r001:S-P05-S03:GS09:p0003,west,7,0,6
7587,CP-AP-r001:S-P05-S03:GS09:p0004,west,7,0,5
7588,CP-AP-r001:S-P05-S03:GS09:p0005,west,8,0,6
7589,CP-AP-r001:S-P05-S03:GS09:p0006,west,8,0,2
7590,CP-AP-r001:S-P05-S03:GS09:p0007,west,8,0,6
7591,CP-AP-r001:S-P05-S03:GS09:p0008,west,8,0,6
7592,CP-AP-r001:S-P05-S03:GS09:p0009,west,8,0,6
7593,CP-AP-r001:S-P05-S03:GS09:p0010,west,8,0,3
7594,CP-AP-r001:S-P05-S03:GS09:p0011,west,8,0,6
7595,CP-AP-r001:S-P05-S03:GS09:p0012,west,9,0,6
7596,CP-AP-r001:S-P05-S03:GS10:p0001,east,0,7,6
7597,CP-AP-r001:S-P05-S03:GS10:p0002,east,0,8,6
7598,CP-AP-r001:S-P05-S03:GS10:p0003,east,0,7,3
7599,CP-AP-r001:S-P05-S03:GS10:p0004,east,0,8,6
7600,CP-AP-r001:S-P05-S03:GS10:p0005,east,0,7,6
7601,CP-AP-r001:S-P05-S03:GS10:p0006,east,0,9,6
7602,CP-AP-r001:S-P05-S03:GS10:p0007,east,0,7,3
7603,CP-AP-r001:S-P05-S03:GS10:p0008,east,0,8,6
7604,CP-AP-r001:S-P05-S03:GS10:p0009,east,0,8,6
7605,CP-AP-r001:S-P05-S03:GS10:p0010,east,0,10,6
7606,CP-AP-r001:S-P05-S03:GS10:p0011,east,0,7,2
7607,CP-AP-r001:S-P05-S03:GS10:p0012,east,0,7,6
7608,CP-AP-r001:S-P05-S03:GS11:p0001,east,0,9,0
7609,CP-AP-r001:S-P05-S03:GS11:p0002,east,0,8,6
7610,CP-AP-r001:S-P05-S03:GS11:p0003,east,0,8,3
7611,CP-AP-r001:S-P05-S03:GS11:p0004,east,0,8,6
7612,CP-AP-r001:S-P05-S03:GS11:p0005,east,0,8,0
7613,CP-AP-r001:S-P05-S03:GS11:p0006,east,0,8,6
7614,CP-AP-r001:S-P05-S03:GS11:p0007,east,0,7,6
7615,CP-AP-r001:S-P05-S03:GS11:p0008,east,0,7,3
7616,CP-AP-r001:S-P05-S03:GS11:p0009,east,0,8,6
7617,CP-AP-r001:S-P05-S03:GS11:p0010,east,0,8,0
7618,CP-AP-r001:S-P05-S03:GS11:p0011,east,0,7,6
7619,CP-AP-r001:S-P05-S03:GS11:p0012,east,0,7,6
7620,CP-AP-r001:S-P05-S03:GS11:p0013,east,0,7,2
7621,CP-AP-r001:S-P05-S03:GS11:p0014,east,0,9,6
7622,CP-AP-r001:S-P05-S03:GS12:p0001,east,0,11,0
7623,CP-AP-r001:S-P05-S03:GS12:p0002,east,0,8,6
7624,CP-AP-r001:S-P05-S03:GS12:p0003,east,0,5,0
7625,CP-AP-r001:S-P05-S03:GS12:p0004,east,0,7,3
7626,CP-AP-r001:S-P05-S03:GS12:p0005,east,0,10,0
7627,CP-AP-r001:S-P05-S03:GS12:p0006,east,0,8,6
7628,CP-AP-r001:S-P05-S03:GS12:p0007,east,0,5,0
7629,CP-AP-r001:S-P05-S03:GS12:p0008,east,0,8,3
7630,CP-AP-r001:S-P05-S03:GS12:p0009,east,0,9,6
7631,CP-AP-r001:S-P05-S03:GS12:p0010,east,0,10,0
7632,CP-AP-r001:S-P05-S03:GS12:p0011,east,0,8,6
7633,CP-AP-r001:S-P05-S03:GS12:p0012,east,0,8,2
7634,CP-AP-r001:S-P05-S03:GS12:p0013,east,0,8,6
7635,CP-AP-r001:S-P05-S04:GS01:p0001,west,6,0,6
7636,CP-AP-r001:S-P05-S04:GS01:p0002,west,6,0,1
7637,CP-AP-r001:S-P05-S04:GS01:p0003,west,7,0,6
7638,CP-AP-r001:S-P05-S04:GS01:p0004,west,6,0,0
7639,CP-AP-r001:S-P05-S04:GS01:p0005,west,7,0,6
7640,CP-AP-r001:S-P05-S04:GS01:p0006,west,6,0,2
7641,CP-AP-r001:S-P05-S04:GS01:p0007,west,7,0,6
7642,CP-AP-r001:S-P05-S04:GS01:p0008,west,6,0,0
7643,CP-AP-r001:S-P05-S04:GS01:p0009,west,8,0,6
7644,CP-AP-r001:S-P05-S04:GS01:p0010,west,6,0,3
7645,CP-AP-r001:S-P05-S04:GS01:p0011,west,7,0,6
7646,CP-AP-r001:S-P05-S04:GS01:p0012,west,6,0,0
7647,CP-AP-r001:S-P05-S04:GS02:p0001,west,6,0,6
7648,CP-AP-r001:S-P05-S04:GS02:p0002,west,6,0,1
7649,CP-AP-r001:S-P05-S04:GS02:p0003,west,7,0,6
7650,CP-AP-r001:S-P05-S04:GS02:p0004,west,6,0,0
7651,CP-AP-r001:S-P05-S04:GS02:p0005,west,6,0,6
7652,CP-AP-r001:S-P05-S04:GS02:p0006,west,6,0,2
7653,CP-AP-r001:S-P05-S04:GS02:p0007,west,7,0,6
7654,CP-AP-r001:S-P05-S04:GS02:p0008,west,4,0,0
7655,CP-AP-r001:S-P05-S04:GS02:p0009,west,6,0,6
7656,CP-AP-r001:S-P05-S04:GS02:p0010,west,6,0,3
7657,CP-AP-r001:S-P05-S04:GS02:p0011,west,6,0,6
7658,CP-AP-r001:S-P05-S04:GS02:p0012,west,6,0,0
7659,CP-AP-r001:S-P05-S04:GS03:p0001,west,6,0,6
7660,CP-AP-r001:S-P05-S04:GS03:p0002,west,5,0,1
7661,CP-AP-r001:S-P05-S04:GS03:p0003,west,5,0,6
7662,CP-AP-r001:S-P05-S04:GS03:p0004,west,7,0,6
7663,CP-AP-r001:S-P05-S04:GS03:p0005,west,4,0,6
7664,CP-AP-r001:S-P05-S04:GS03:p0006,west,6,0,2
7665,CP-AP-r001:S-P05-S04:GS03:p0007,west,4,0,6
7666,CP-AP-r001:S-P05-S04:GS03:p0008,west,7,0,6
7667,CP-AP-r001:S-P05-S04:GS03:p0009,west,6,0,6
7668,CP-AP-r001:S-P05-S04:GS03:p0010,west,6,0,3
7669,CP-AP-r001:S-P05-S04:GS03:p0011,west,7,0,6
7670,CP-AP-r001:S-P05-S04:GS04:p0001,east,0,7,0
7671,CP-AP-r001:S-P05-S04:GS04:p0002,east,0,4,6
7672,CP-AP-r001:S-P05-S04:GS04:p0003,east,0,7,3
7673,CP-AP-r001:S-P05-S04:GS04:p0004,east,0,6,6
7674,CP-AP-r001:S-P05-S04:GS04:p0005,east,0,7,6
7675,CP-AP-r001:S-P05-S04:GS04:p0006,east,0,7,3
7676,CP-AP-r001:S-P05-S04:GS04:p0007,east,0,6,6
7677,CP-AP-r001:S-P05-S04:GS04:p0008,east,0,6,6
7678,CP-AP-r001:S-P05-S04:GS04:p0009,east,0,6,6
7679,CP-AP-r001:S-P05-S04:GS04:p0010,east,0,7,2
7680,CP-AP-r001:S-P05-S04:GS04:p0011,east,0,7,6
7681,CP-AP-r001:S-P05-S04:GS05:p0001,east,0,7,0
7682,CP-AP-r001:S-P05-S04:GS05:p0002,east,0,6,6
7683,CP-AP-r001:S-P05-S04:GS05:p0003,east,0,7,3
7684,CP-AP-r001:S-P05-S04:GS05:p0004,east,0,6,6
7685,CP-AP-r001:S-P05-S04:GS05:p0005,east,0,8,0
7686,CP-AP-r001:S-P05-S04:GS05:p0006,east,0,6,6
7687,CP-AP-r001:S-P05-S04:GS05:p0007,east,0,7,3
7688,CP-AP-r001:S-P05-S04:GS05:p0008,east,0,6,6
7689,CP-AP-r001:S-P05-S04:GS05:p0009,east,0,6,0
7690,CP-AP-r001:S-P05-S04:GS05:p0010,east,0,4,6
7691,CP-AP-r001:S-P05-S04:GS05:p0011,east,0,7,2
7692,CP-AP-r001:S-P05-S04:GS05:p0012,east,0,6,6
7693,CP-AP-r001:S-P05-S04:GS06:p0001,east,0,6,0
7694,CP-AP-r001:S-P05-S04:GS06:p0002,east,0,6,6
7695,CP-AP-r001:S-P05-S04:GS06:p0003,east,0,7,3
7696,CP-AP-r001:S-P05-S04:GS06:p0004,east,0,4,6
7697,CP-AP-r001:S-P05-S04:GS06:p0005,east,0,6,0
7698,CP-AP-r001:S-P05-S04:GS06:p0006,east,0,6,6
7699,CP-AP-r001:S-P05-S04:GS06:p0007,east,0,6,3
7700,CP-AP-r001:S-P05-S04:GS06:p0008,east,0,6,6
7701,CP-AP-r001:S-P05-S04:GS06:p0009,east,0,6,0
7702,CP-AP-r001:S-P05-S04:GS06:p0010,east,0,6,6
7703,CP-AP-r001:S-P05-S04:GS06:p0011,east,0,7,2
7704,CP-AP-r001:S-P05-S04:GS06:p0012,east,0,6,6
7705,CP-AP-r001:S-P05-S04:GS07:p0001,west,10,0,6
7706,CP-AP-r001:S-P05-S04:GS07:p0002,west,8,0,1
7707,CP-AP-r001:S-P05-S04:GS07:p0003,west,8,0,6
7708,CP-AP-r001:S-P05-S04:GS07:p0004,west,7,0,0
7709,CP-AP-r001:S-P05-S04:GS07:p0005,west,9,0,6
7710,CP-AP-r001:S-P05-S04:GS07:p0006,west,8,0,2
7711,CP-AP-r001:S-P05-S04:GS07:p0007,west,8,0,6
7712,CP-AP-r001:S-P05-S04:GS07:p0008,west,8,0,0
7713,CP-AP-r001:S-P05-S04:GS07:p0009,west,9,0,6
7714,CP-AP-r001:S-P05-S04:GS07:p0010,west,8,0,3
7715,CP-AP-r001:S-P05-S04:GS07:p0011,west,5,0,0
7716,CP-AP-r001:S-P05-S04:GS07:p0012,west,8,0,6
7717,CP-AP-r001:S-P05-S04:GS07:p0013,west,8,0,0
7718,CP-AP-r001:S-P05-S04:GS08:p0001,west,9,0,6
7719,CP-AP-r001:S-P05-S04:GS08:p0002,west,7,0,1
7720,CP-AP-r001:S-P05-S04:GS08:p0003,west,8,0,6
7721,CP-AP-r001:S-P05-S04:GS08:p0004,west,7,0,6
7722,CP-AP-r001:S-P05-S04:GS08:p0005,west,10,0,6
7723,CP-AP-r001:S-P05-S04:GS08:p0006,west,8,0,2
7724,CP-AP-r001:S-P05-S04:GS08:p0007,west,7,0,6
7725,CP-AP-r001:S-P05-S04:GS08:p0008,west,7,0,6
7726,CP-AP-r001:S-P05-S04:GS08:p0009,west,5,0,0
7727,CP-AP-r001:S-P05-S04:GS08:p0010,west,10,0,6
7728,CP-AP-r001:S-P05-S04:GS08:p0011,west,8,0,3
7729,CP-AP-r001:S-P05-S04:GS08:p0012,west,6,0,6
7730,CP-AP-r001:S-P05-S04:GS08:p0013,west,8,0,6
7731,CP-AP-r001:S-P05-S04:GS08:p0014,west,6,0,0
7732,CP-AP-r001:S-P05-S04:GS09:p0001,west,8,0,6
7733,CP-AP-r001:S-P05-S04:GS09:p0002,west,7,0,1
7734,CP-AP-r001:S-P05-S04:GS09:p0003,west,8,0,6
7735,CP-AP-r001:S-P05-S04:GS09:p0004,west,8,0,6
7736,CP-AP-r001:S-P05-S04:GS09:p0005,west,7,0,6
7737,CP-AP-r001:S-P05-S04:GS09:p0006,west,7,0,2
7738,CP-AP-r001:S-P05-S04:GS09:p0007,west,10,0,6
7739,CP-AP-r001:S-P05-S04:GS09:p0008,west,8,0,6
7740,CP-AP-r001:S-P05-S04:GS09:p0009,west,7,0,6
7741,CP-AP-r001:S-P05-S04:GS09:p0010,west,7,0,3
7742,CP-AP-r001:S-P05-S04:GS09:p0011,west,9,0,6
7743,CP-AP-r001:S-P05-S04:GS09:p0012,west,9,0,6
7744,CP-AP-r001:S-P05-S04:GS10:p0001,east,0,8,6
7745,CP-AP-r001:S-P05-S04:GS10:p0002,east,0,7,6
7746,CP-AP-r001:S-P05-S04:GS10:p0003,east,0,8,3
7747,CP-AP-r001:S-P05-S04:GS10:p0004,east,0,8,6
7748,CP-AP-r001:S-P05-S04:GS10:p0005,east,0,7,6
7749,CP-AP-r001:S-P05-S04:GS10:p0006,east,0,8,6
7750,CP-AP-r001:S-P05-S04:GS10:p0007,east,0,8,3
7751,CP-AP-r001:S-P05-S04:GS10:p0008,east,0,8,6
7752,CP-AP-r001:S-P05-S04:GS10:p0009,east,0,8,6
7753,CP-AP-r001:S-P05-S04:GS10:p0010,east,0,8,6
7754,CP-AP-r001:S-P05-S04:GS10:p0011,east,0,8,2
7755,CP-AP-r001:S-P05-S04:GS10:p0012,east,0,8,6
7756,CP-AP-r001:S-P05-S04:GS11:p0001,east,0,10,0
7757,CP-AP-r001:S-P05-S04:GS11:p0002,east,0,8,6
7758,CP-AP-r001:S-P05-S04:GS11:p0003,east,0,8,3
7759,CP-AP-r001:S-P05-S04:GS11:p0004,east,0,8,6
7760,CP-AP-r001:S-P05-S04:GS11:p0005,east,0,10,0
7761,CP-AP-r001:S-P05-S04:GS11:p0006,east,0,8,6
7762,CP-AP-r001:S-P05-S04:GS11:p0007,east,0,5,6
7763,CP-AP-r001:S-P05-S04:GS11:p0008,east,0,8,3
7764,CP-AP-r001:S-P05-S04:GS11:p0009,east,0,8,6
7765,CP-AP-r001:S-P05-S04:GS11:p0010,east,0,9,0
7766,CP-AP-r001:S-P05-S04:GS11:p0011,east,0,8,6
7767,CP-AP-r001:S-P05-S04:GS11:p0012,east,0,6,6
7768,CP-AP-r001:S-P05-S04:GS11:p0013,east,0,8,2
7769,CP-AP-r001:S-P05-S04:GS11:p0014,east,0,8,6
7770,CP-AP-r001:S-P05-S04:GS12:p0001,east,0,10,0
7771,CP-AP-r001:S-P05-S04:GS12:p0002,east,0,7,6
7772,CP-AP-r001:S-P05-S04:GS12:p0003,east,0,6,0
7773,CP-AP-r001:S-P05-S04:GS12:p0004,east,0,7,3
7774,CP-AP-r001:S-P05-S04:GS12:p0005,east,0,6,6
7775,CP-AP-r001:S-P05-S04:GS12:p0006,east,0,10,0
7776,CP-AP-r001:S-P05-S04:GS12:p0007,east,0,8,6
7777,CP-AP-r001:S-P05-S04:GS12:p0008,east,0,7,0
7778,CP-AP-r001:S-P05-S04:GS12:p0009,east,0,8,3
7779,CP-AP-r001:S-P05-S04:GS12:p0010,east,0,6,6
7780,CP-AP-r001:S-P05-S04:GS12:p0011,east,0,10,0
7781,CP-AP-r001:S-P05-S04:GS12:p0012,east,0,8,6
7782,CP-AP-r001:S-P05-S04:GS12:p0013,east,0,8,2
7783,CP-AP-r001:S-P05-S04:GS12:p0014,east,0,8,6
7784,CP-AP-r001:S-P05-S05:GS01:p0001,west,8,0,6
7785,CP-AP-r001:S-P05-S05:GS01:p0002,west,6,0,3
7786,CP-AP-r001:S-P05-S05:GS01:p0003,west,6,0,6
7787,CP-AP-r001:S-P05-S05:GS01:p0004,west,7,0,0
7788,CP-AP-r001:S-P05-S05:GS01:p0005,west,6,0,6
7789,CP-AP-r001:S-P05-S05:GS01:p0006,west,5,0,3
7790,CP-AP-r001:S-P05-S05:GS01:p0007,west,6,0,6
7791,CP-AP-r001:S-P05-S05:GS01:p0008,west,7,0,0
7792,CP-AP-r001:S-P05-S05:GS01:p0009,west,7,0,6
7793,CP-AP-r001:S-P05-S05:GS01:p0010,west,7,0,4
7794,CP-AP-r001:S-P05-S05:GS01:p0011,west,6,0,6
7795,CP-AP-r001:S-P05-S05:GS01:p0012,west,7,0,0
7796,CP-AP-r001:S-P05-S05:GS02:p0001,west,7,0,6
7797,CP-AP-r001:S-P05-S05:GS02:p0002,west,7,0,3
7798,CP-AP-r001:S-P05-S05:GS02:p0003,west,6,0,6
7799,CP-AP-r001:S-P05-S05:GS02:p0004,west,8,0,0
7800,CP-AP-r001:S-P05-S05:GS02:p0005,west,7,0,6
7801,CP-AP-r001:S-P05-S05:GS02:p0006,west,7,0,3
7802,CP-AP-r001:S-P05-S05:GS02:p0007,west,6,0,6
7803,CP-AP-r001:S-P05-S05:GS02:p0008,west,7,0,0
7804,CP-AP-r001:S-P05-S05:GS02:p0009,west,8,0,6
7805,CP-AP-r001:S-P05-S05:GS02:p0010,west,7,0,4
7806,CP-AP-r001:S-P05-S05:GS02:p0011,west,6,0,6
7807,CP-AP-r001:S-P05-S05:GS02:p0012,west,7,0,0
7808,CP-AP-r001:S-P05-S05:GS03:p0001,west,7,0,6
7809,CP-AP-r001:S-P05-S05:GS03:p0002,west,7,0,3
7810,CP-AP-r001:S-P05-S05:GS03:p0003,west,7,0,6
7811,CP-AP-r001:S-P05-S05:GS03:p0004,west,7,0,6
7812,CP-AP-r001:S-P05-S05:GS03:p0005,west,7,0,3
7813,CP-AP-r001:S-P05-S05:GS03:p0006,west,6,0,6
7814,CP-AP-r001:S-P05-S05:GS03:p0007,west,7,0,0
7815,CP-AP-r001:S-P05-S05:GS03:p0008,west,7,0,6
7816,CP-AP-r001:S-P05-S05:GS03:p0009,west,7,0,4
7817,CP-AP-r001:S-P05-S05:GS03:p0010,west,5,0,6
7818,CP-AP-r001:S-P05-S05:GS03:p0011,west,6,0,0
7819,CP-AP-r001:S-P05-S05:GS04:p0001,east,0,7,6
7820,CP-AP-r001:S-P05-S05:GS04:p0002,east,0,4,6
7821,CP-AP-r001:S-P05-S05:GS04:p0003,east,0,6,2
7822,CP-AP-r001:S-P05-S05:GS04:p0004,east,0,8,6
7823,CP-AP-r001:S-P05-S05:GS04:p0005,east,0,8,6
7824,CP-AP-r001:S-P05-S05:GS04:p0006,east,0,5,6
7825,CP-AP-r001:S-P05-S05:GS04:p0007,east,0,5,1
7826,CP-AP-r001:S-P05-S05:GS04:p0008,east,0,7,6
7827,CP-AP-r001:S-P05-S05:GS04:p0009,east,0,6,5
7828,CP-AP-r001:S-P05-S05:GS04:p0010,east,0,8,6
7829,CP-AP-r001:S-P05-S05:GS04:p0011,east,0,6,1
7830,CP-AP-r001:S-P05-S05:GS04:p0012,east,0,7,6
7831,CP-AP-r001:S-P05-S05:GS05:p0001,east,0,6,0
7832,CP-AP-r001:S-P05-S05:GS05:p0002,east,0,5,6
7833,CP-AP-r001:S-P05-S05:GS05:p0003,east,0,6,2
7834,CP-AP-r001:S-P05-S05:GS05:p0004,east,0,7,6
7835,CP-AP-r001:S-P05-S05:GS05:p0005,east,0,7,0
7836,CP-AP-r001:S-P05-S05:GS05:p0006,east,0,7,6
7837,CP-AP-r001:S-P05-S05:GS05:p0007,east,0,6,1
7838,CP-AP-r001:S-P05-S05:GS05:p0008,east,0,7,6
7839,CP-AP-r001:S-P05-S05:GS05:p0009,east,0,7,5
7840,CP-AP-r001:S-P05-S05:GS05:p0010,east,0,6,1
7841,CP-AP-r001:S-P05-S05:GS05:p0011,east,0,7,6
7842,CP-AP-r001:S-P05-S05:GS06:p0001,east,0,7,0
7843,CP-AP-r001:S-P05-S05:GS06:p0002,east,0,7,6
7844,CP-AP-r001:S-P05-S05:GS06:p0003,east,0,6,2
7845,CP-AP-r001:S-P05-S05:GS06:p0004,east,0,7,6
7846,CP-AP-r001:S-P05-S05:GS06:p0005,east,0,8,0
7847,CP-AP-r001:S-P05-S05:GS06:p0006,east,0,7,6
7848,CP-AP-r001:S-P05-S05:GS06:p0007,east,0,6,1
7849,CP-AP-r001:S-P05-S05:GS06:p0008,east,0,7,6
7850,CP-AP-r001:S-P05-S05:GS06:p0009,east,0,8,0
7851,CP-AP-r001:S-P05-S05:GS06:p0010,east,0,6,5
7852,CP-AP-r001:S-P05-S05:GS06:p0011,east,0,6,1
7853,CP-AP-r001:S-P05-S05:GS06:p0012,east,0,7,6
7854,CP-AP-r001:S-P05-S05:GS07:p0001,west,8,0,6
7855,CP-AP-r001:S-P05-S05:GS07:p0002,west,8,0,3
7856,CP-AP-r001:S-P05-S05:GS07:p0003,west,7,0,0
7857,CP-AP-r001:S-P05-S05:GS07:p0004,west,7,0,6
7858,CP-AP-r001:S-P05-S05:GS07:p0005,west,8,0,0
7859,CP-AP-r001:S-P05-S05:GS07:p0006,west,9,0,6
7860,CP-AP-r001:S-P05-S05:GS07:p0007,west,7,0,3
7861,CP-AP-r001:S-P05-S05:GS07:p0008,west,6,0,0
7862,CP-AP-r001:S-P05-S05:GS07:p0009,west,7,0,6
7863,CP-AP-r001:S-P05-S05:GS07:p0010,west,8,0,0
7864,CP-AP-r001:S-P05-S05:GS07:p0011,west,7,0,4
7865,CP-AP-r001:S-P05-S05:GS07:p0012,west,9,0,0
7866,CP-AP-r001:S-P05-S05:GS07:p0013,west,7,0,6
7867,CP-AP-r001:S-P05-S05:GS07:p0014,west,8,0,0
7868,CP-AP-r001:S-P05-S05:GS08:p0001,west,10,0,6
7869,CP-AP-r001:S-P05-S05:GS08:p0002,west,8,0,3
7870,CP-AP-r001:S-P05-S05:GS08:p0003,west,5,0,6
7871,CP-AP-r001:S-P05-S05:GS08:p0004,west,8,0,6
7872,CP-AP-r001:S-P05-S05:GS08:p0005,west,9,0,0
7873,CP-AP-r001:S-P05-S05:GS08:p0006,west,9,0,6
7874,CP-AP-r001:S-P05-S05:GS08:p0007,west,8,0,3
7875,CP-AP-r001:S-P05-S05:GS08:p0008,west,8,0,6
7876,CP-AP-r001:S-P05-S05:GS08:p0009,west,8,0,0
7877,CP-AP-r001:S-P05-S05:GS08:p0010,west,7,0,6
7878,CP-AP-r001:S-P05-S05:GS08:p0011,west,8,0,4
7879,CP-AP-r001:S-P05-S05:GS08:p0012,west,8,0,6
7880,CP-AP-r001:S-P05-S05:GS08:p0013,west,8,0,0
7881,CP-AP-r001:S-P05-S05:GS09:p0001,west,9,0,6
7882,CP-AP-r001:S-P05-S05:GS09:p0002,west,8,0,3
7883,CP-AP-r001:S-P05-S05:GS09:p0003,west,8,0,6
7884,CP-AP-r001:S-P05-S05:GS09:p0004,west,9,0,6
7885,CP-AP-r001:S-P05-S05:GS09:p0005,west,10,0,6
7886,CP-AP-r001:S-P05-S05:GS09:p0006,west,8,0,3
7887,CP-AP-r001:S-P05-S05:GS09:p0007,west,7,0,6
7888,CP-AP-r001:S-P05-S05:GS09:p0008,west,7,0,6
7889,CP-AP-r001:S-P05-S05:GS09:p0009,west,10,0,6
7890,CP-AP-r001:S-P05-S05:GS09:p0010,west,8,0,4
7891,CP-AP-r001:S-P05-S05:GS09:p0011,west,7,0,6
7892,CP-AP-r001:S-P05-S05:GS09:p0012,west,7,0,6
7893,CP-AP-r001:S-P05-S05:GS09:p0013,west,8,0,0
7894,CP-AP-r001:S-P05-S05:GS10:p0001,east,0,8,6
7895,CP-AP-r001:S-P05-S05:GS10:p0002,east,0,10,6
7896,CP-AP-r001:S-P05-S05:GS10:p0003,east,0,7,2
7897,CP-AP-r001:S-P05-S05:GS10:p0004,east,0,7,6
7898,CP-AP-r001:S-P05-S05:GS10:p0005,east,0,8,6
7899,CP-AP-r001:S-P05-S05:GS10:p0006,east,0,9,6
7900,CP-AP-r001:S-P05-S05:GS10:p0007,east,0,7,1
7901,CP-AP-r001:S-P05-S05:GS10:p0008,east,0,7,6
7902,CP-AP-r001:S-P05-S05:GS10:p0009,east,0,8,5
7903,CP-AP-r001:S-P05-S05:GS10:p0010,east,0,8,6
7904,CP-AP-r001:S-P05-S05:GS10:p0011,east,0,8,1
7905,CP-AP-r001:S-P05-S05:GS10:p0012,east,0,8,6
7906,CP-AP-r001:S-P05-S05:GS11:p0001,east,0,7,0
7907,CP-AP-r001:S-P05-S05:GS11:p0002,east,0,7,6
7908,CP-AP-r001:S-P05-S05:GS11:p0003,east,0,7,6
7909,CP-AP-r001:S-P05-S05:GS11:p0004,east,0,7,2
7910,CP-AP-r001:S-P05-S05:GS11:p0005,east,0,9,6
7911,CP-AP-r001:S-P05-S05:GS11:p0006,east,0,7,6
7912,CP-AP-r001:S-P05-S05:GS11:p0007,east,0,8,6
7913,CP-AP-r001:S-P05-S05:GS11:p0008,east,0,7,1
7914,CP-AP-r001:S-P05-S05:GS11:p0009,east,0,8,6
7915,CP-AP-r001:S-P05-S05:GS11:p0010,east,0,8,5
7916,CP-AP-r001:S-P05-S05:GS11:p0011,east,0,9,6
7917,CP-AP-r001:S-P05-S05:GS11:p0012,east,0,7,1
7918,CP-AP-r001:S-P05-S05:GS11:p0013,east,0,8,6
7919,CP-AP-r001:S-P05-S05:GS12:p0001,east,0,10,0
7920,CP-AP-r001:S-P05-S05:GS12:p0002,east,0,8,6
7921,CP-AP-r001:S-P05-S05:GS12:p0003,east,0,8,2
7922,CP-AP-r001:S-P05-S05:GS12:p0004,east,0,7,6
7923,CP-AP-r001:S-P05-S05:GS12:p0005,east,0,8,0
7924,CP-AP-r001:S-P05-S05:GS12:p0006,east,0,8,6
7925,CP-AP-r001:S-P05-S05:GS12:p0007,east,0,8,1
7926,CP-AP-r001:S-P05-S05:GS12:p0008,east,0,8,6
7927,CP-AP-r001:S-P05-S05:GS12:p0009,east,0,8,0
7928,CP-AP-r001:S-P05-S05:GS12:p0010,east,0,8,5
7929,CP-AP-r001:S-P05-S05:GS12:p0011,east,0,7,6
7930,CP-AP-r001:S-P05-S05:GS12:p0012,east,0,7,1
7931,CP-AP-r001:S-P05-S05:GS12:p0013,east,0,8,6
7932,CP-AP-r001:S-P05-S06:GS01:p0001,west,8,0,6
7933,CP-AP-r001:S-P05-S06:GS01:p0002,west,6,0,3
7934,CP-AP-r001:S-P05-S06:GS01:p0003,west,7,0,6
7935,CP-AP-r001:S-P05-S06:GS01:p0004,west,6,0,0
7936,CP-AP-r001:S-P05-S06:GS01:p0005,west,6,0,6
7937,CP-AP-r001:S-P05-S06:GS01:p0006,west,4,0,3
7938,CP-AP-r001:S-P05-S06:GS01:p0007,west,7,0,6
7939,CP-AP-r001:S-P05-S06:GS01:p0008,west,6,0,0
7940,CP-AP-r001:S-P05-S06:GS01:p0009,west,6,0,6
7941,CP-AP-r001:S-P05-S06:GS01:p0010,west,6,0,4
7942,CP-AP-r001:S-P05-S06:GS01:p0011,west,7,0,6
7943,CP-AP-r001:S-P05-S06:GS01:p0012,west,6,0,0
7944,CP-AP-r001:S-P05-S06:GS02:p0001,west,6,0,6
7945,CP-AP-r001:S-P05-S06:GS02:p0002,west,6,0,3
7946,CP-AP-r001:S-P05-S06:GS02:p0003,west,6,0,6
7947,CP-AP-r001:S-P05-S06:GS02:p0004,west,6,0,0
7948,CP-AP-r001:S-P05-S06:GS02:p0005,west,6,0,6
7949,CP-AP-r001:S-P05-S06:GS02:p0006,west,6,0,3
7950,CP-AP-r001:S-P05-S06:GS02:p0007,west,7,0,6
7951,CP-AP-r001:S-P05-S06:GS02:p0008,west,6,0,0
7952,CP-AP-r001:S-P05-S06:GS02:p0009,west,7,0,6
7953,CP-AP-r001:S-P05-S06:GS02:p0010,west,6,0,4
7954,CP-AP-r001:S-P05-S06:GS02:p0011,west,7,0,6
7955,CP-AP-r001:S-P05-S06:GS02:p0012,west,6,0,0
7956,CP-AP-r001:S-P05-S06:GS03:p0001,west,6,0,6
7957,CP-AP-r001:S-P05-S06:GS03:p0002,west,6,0,3
7958,CP-AP-r001:S-P05-S06:GS03:p0003,west,7,0,6
7959,CP-AP-r001:S-P05-S06:GS03:p0004,west,6,0,6
7960,CP-AP-r001:S-P05-S06:GS03:p0005,west,6,0,3
7961,CP-AP-r001:S-P05-S06:GS03:p0006,west,7,0,6
7962,CP-AP-r001:S-P05-S06:GS03:p0007,west,6,0,0
7963,CP-AP-r001:S-P05-S06:GS03:p0008,west,6,0,6
7964,CP-AP-r001:S-P05-S06:GS03:p0009,west,6,0,4
7965,CP-AP-r001:S-P05-S06:GS03:p0010,west,6,0,6
7966,CP-AP-r001:S-P05-S06:GS03:p0011,west,4,0,0
7967,CP-AP-r001:S-P05-S06:GS04:p0001,east,0,6,6
7968,CP-AP-r001:S-P05-S06:GS04:p0002,east,0,6,6
7969,CP-AP-r001:S-P05-S06:GS04:p0003,east,0,8,2
7970,CP-AP-r001:S-P05-S06:GS04:p0004,east,0,7,6
7971,CP-AP-r001:S-P05-S06:GS04:p0005,east,0,6,5
7972,CP-AP-r001:S-P05-S06:GS04:p0006,east,0,5,6
7973,CP-AP-r001:S-P05-S06:GS04:p0007,east,0,5,1
7974,CP-AP-r001:S-P05-S06:GS04:p0008,east,0,8,6
7975,CP-AP-r001:S-P05-S06:GS04:p0009,east,0,5,5
7976,CP-AP-r001:S-P05-S06:GS04:p0010,east,0,6,6
7977,CP-AP-r001:S-P05-S06:GS04:p0011,east,0,7,6
7978,CP-AP-r001:S-P05-S06:GS05:p0001,east,0,6,0
7979,CP-AP-r001:S-P05-S06:GS05:p0002,east,0,4,6
7980,CP-AP-r001:S-P05-S06:GS05:p0003,east,0,7,2
7981,CP-AP-r001:S-P05-S06:GS05:p0004,east,0,6,6
7982,CP-AP-r001:S-P05-S06:GS05:p0005,east,0,7,0
7983,CP-AP-r001:S-P05-S06:GS05:p0006,east,0,6,5
7984,CP-AP-r001:S-P05-S06:GS05:p0007,east,0,7,1
7985,CP-AP-r001:S-P05-S06:GS05:p0008,east,0,6,6
7986,CP-AP-r001:S-P05-S06:GS05:p0009,east,0,6,5
7987,CP-AP-r001:S-P05-S06:GS05:p0010,east,0,7,1
7988,CP-AP-r001:S-P05-S06:GS05:p0011,east,0,6,6
7989,CP-AP-r001:S-P05-S06:GS06:p0001,east,0,6,0
7990,CP-AP-r001:S-P05-S06:GS06:p0002,east,0,6,6
7991,CP-AP-r001:S-P05-S06:GS06:p0003,east,0,7,2
7992,CP-AP-r001:S-P05-S06:GS06:p0004,east,0,6,6
7993,CP-AP-r001:S-P05-S06:GS06:p0005,east,0,7,0
7994,CP-AP-r001:S-P05-S06:GS06:p0006,east,0,6,5
7995,CP-AP-r001:S-P05-S06:GS06:p0007,east,0,7,1
7996,CP-AP-r001:S-P05-S06:GS06:p0008,east,0,6,6
7997,CP-AP-r001:S-P05-S06:GS06:p0009,east,0,8,0
7998,CP-AP-r001:S-P05-S06:GS06:p0010,east,0,6,5
7999,CP-AP-r001:S-P05-S06:GS06:p0011,east,0,7,1
8000,CP-AP-r001:S-P05-S06:GS06:p0012,east,0,6,6
8001,CP-AP-r001:S-P05-S06:GS07:p0001,west,10,0,6
8002,CP-AP-r001:S-P05-S06:GS07:p0002,west,8,0,3
8003,CP-AP-r001:S-P05-S06:GS07:p0003,west,5,0,0
8004,CP-AP-r001:S-P05-S06:GS07:p0004,west,8,0,6
8005,CP-AP-r001:S-P05-S06:GS07:p0005,west,8,0,0
8006,CP-AP-r001:S-P05-S06:GS07:p0006,west,8,0,3
8007,CP-AP-r001:S-P05-S06:GS07:p0007,west,5,0,0
8008,CP-AP-r001:S-P05-S06:GS07:p0008,west,8,0,6
8009,CP-AP-r001:S-P05-S06:GS07:p0009,west,8,0,0
8010,CP-AP-r001:S-P05-S06:GS07:p0010,west,7,0,4
8011,CP-AP-r001:S-P05-S06:GS07:p0011,west,8,0,0
8012,CP-AP-r001:S-P05-S06:GS07:p0012,west,8,0,6
8013,CP-AP-r001:S-P05-S06:GS07:p0013,west,8,0,0
8014,CP-AP-r001:S-P05-S06:GS08:p0001,west,10,0,6
8015,CP-AP-r001:S-P05-S06:GS08:p0002,west,8,0,3
8016,CP-AP-r001:S-P05-S06:GS08:p0003,west,7,0,6
8017,CP-AP-r001:S-P05-S06:GS08:p0004,west,8,0,6
8018,CP-AP-r001:S-P05-S06:GS08:p0005,west,7,0,0
8019,CP-AP-r001:S-P05-S06:GS08:p0006,west,10,0,6
8020,CP-AP-r001:S-P05-S06:GS08:p0007,west,8,0,3
8021,CP-AP-r001:S-P05-S06:GS08:p0008,west,8,0,6
8022,CP-AP-r001:S-P05-S06:GS08:p0009,west,8,0,0
8023,CP-AP-r001:S-P05-S06:GS08:p0010,west,8,0,6
8024,CP-AP-r001:S-P05-S06:GS08:p0011,west,8,0,4
8025,CP-AP-r001:S-P05-S06:GS08:p0012,west,7,0,0
8026,CP-AP-r001:S-P05-S06:GS08:p0013,west,8,0,6
8027,CP-AP-r001:S-P05-S06:GS08:p0014,west,9,0,0
8028,CP-AP-r001:S-P05-S06:GS09:p0001,west,7,0,6
8029,CP-AP-r001:S-P05-S06:GS09:p0002,west,7,0,3
8030,CP-AP-r001:S-P05-S06:GS09:p0003,west,9,0,6
8031,CP-AP-r001:S-P05-S06:GS09:p0004,west,9,0,6
8032,CP-AP-r001:S-P05-S06:GS09:p0005,west,10,0,6
8033,CP-AP-r001:S-P05-S06:GS09:p0006,west,7,0,3
8034,CP-AP-r001:S-P05-S06:GS09:p0007,west,8,0,6
8035,CP-AP-r001:S-P05-S06:GS09:p0008,west,7,0,6
8036,CP-AP-r001:S-P05-S06:GS09:p0009,west,11,0,6
8037,CP-AP-r001:S-P05-S06:GS09:p0010,west,8,0,4
8038,CP-AP-r001:S-P05-S06:GS09:p0011,west,8,0,5
8039,CP-AP-r001:S-P05-S06:GS09:p0012,west,7,0,6
8040,CP-AP-r001:S-P05-S06:GS09:p0013,west,5,0,0
8041,CP-AP-r001:S-P05-S06:GS10:p0001,east,0,8,6
8042,CP-AP-r001:S-P05-S06:GS10:p0002,east,0,8,6
8043,CP-AP-r001:S-P05-S06:GS10:p0003,east,0,8,2
8044,CP-AP-r001:S-P05-S06:GS10:p0004,east,0,8,6
8045,CP-AP-r001:S-P05-S06:GS10:p0005,east,0,7,5
8046,CP-AP-r001:S-P05-S06:GS10:p0006,east,0,7,6
8047,CP-AP-r001:S-P05-S06:GS10:p0007,east,0,9,1
8048,CP-AP-r001:S-P05-S06:GS10:p0008,east,0,8,6
8049,CP-AP-r001:S-P05-S06:GS10:p0009,east,0,7,5
8050,CP-AP-r001:S-P05-S06:GS10:p0010,east,0,7,6
8051,CP-AP-r001:S-P05-S06:GS10:p0011,east,0,9,1
8052,CP-AP-r001:S-P05-S06:GS10:p0012,east,0,8,6
8053,CP-AP-r001:S-P05-S06:GS11:p0001,east,0,9,0
8054,CP-AP-r001:S-P05-S06:GS11:p0002,east,0,8,6
8055,CP-AP-r001:S-P05-S06:GS11:p0003,east,0,6,6
8056,CP-AP-r001:S-P05-S06:GS11:p0004,east,0,8,2
8057,CP-AP-r001:S-P05-S06:GS11:p0005,east,0,8,6
8058,CP-AP-r001:S-P05-S06:GS11:p0006,east,0,7,5
8059,CP-AP-r001:S-P05-S06:GS11:p0007,east,0,8,6
8060,CP-AP-r001:S-P05-S06:GS11:p0008,east,0,8,1
8061,CP-AP-r001:S-P05-S06:GS11:p0009,east,0,8,6
8062,CP-AP-r001:S-P05-S06:GS11:p0010,east,0,8,5
8063,CP-AP-r001:S-P05-S06:GS11:p0011,east,0,9,6
8064,CP-AP-r001:S-P05-S06:GS11:p0012,east,0,8,1
8065,CP-AP-r001:S-P05-S06:GS11:p0013,east,0,8,6
8066,CP-AP-r001:S-P05-S06:GS12:p0001,east,0,10,0
8067,CP-AP-r001:S-P05-S06:GS12:p0002,east,0,8,6
8068,CP-AP-r001:S-P05-S06:GS12:p0003,east,0,8,2
8069,CP-AP-r001:S-P05-S06:GS12:p0004,east,0,7,6
8070,CP-AP-r001:S-P05-S06:GS12:p0005,east,0,9,0
8071,CP-AP-r001:S-P05-S06:GS12:p0006,east,0,8,5
8072,CP-AP-r001:S-P05-S06:GS12:p0007,east,0,8,1
8073,CP-AP-r001:S-P05-S06:GS12:p0008,east,0,8,6
8074,CP-AP-r001:S-P05-S06:GS12:p0009,east,0,10,0
8075,CP-AP-r001:S-P05-S06:GS12:p0010,east,0,8,5
8076,CP-AP-r001:S-P05-S06:GS12:p0011,east,0,5,6
8077,CP-AP-r001:S-P05-S06:GS12:p0012,east,0,8,1
8078,CP-AP-r001:S-P05-S06:GS12:p0013,east,0,8,6
8079,CP-AP-r001:S-P05-S07:GS01:p0001,west,7,0,6
8080,CP-AP-r001:S-P05-S07:GS01:p0002,west,7,0,4
8081,CP-AP-r001:S-P05-S07:GS01:p0003,west,6,0,6
8082,CP-AP-r001:S-P05-S07:GS01:p0004,west,7,0,0
8083,CP-AP-r001:S-P05-S07:GS01:p0005,west,7,0,5
8084,CP-AP-r001:S-P05-S07:GS01:p0006,west,6,0,6
8085,CP-AP-r001:S-P05-S07:GS01:p0007,west,7,0,0
8086,CP-AP-r001:S-P05-S07:GS01:p0008,west,7,0,5
8087,CP-AP-r001:S-P05-S07:GS01:p0009,west,4,0,0
8088,CP-AP-r001:S-P05-S07:GS01:p0010,west,5,0,6
8089,CP-AP-r001:S-P05-S07:GS01:p0011,west,8,0,1
8090,CP-AP-r001:S-P05-S07:GS02:p0001,west,8,0,6
8091,CP-AP-r001:S-P05-S07:GS02:p0002,west,7,0,4
8092,CP-AP-r001:S-P05-S07:GS02:p0003,west,6,0,6
8093,CP-AP-r001:S-P05-S07:GS02:p0004,west,7,0,0
8094,CP-AP-r001:S-P05-S07:GS02:p0005,west,7,0,6
8095,CP-AP-r001:S-P05-S07:GS02:p0006,west,6,0,5
8096,CP-AP-r001:S-P05-S07:GS02:p0007,west,6,0,6
8097,CP-AP-r001:S-P05-S07:GS02:p0008,west,7,0,0
8098,CP-AP-r001:S-P05-S07:GS02:p0009,west,7,0,6
8099,CP-AP-r001:S-P05-S07:GS02:p0010,west,5,0,5
8100,CP-AP-r001:S-P05-S07:GS02:p0011,west,6,0,6
8101,CP-AP-r001:S-P05-S07:GS02:p0012,west,7,0,1
8102,CP-AP-r001:S-P05-S07:GS03:p0001,west,7,0,6
8103,CP-AP-r001:S-P05-S07:GS03:p0002,west,7,0,4
8104,CP-AP-r001:S-P05-S07:GS03:p0003,west,5,0,6
8105,CP-AP-r001:S-P05-S07:GS03:p0004,west,6,0,0
8106,CP-AP-r001:S-P05-S07:GS03:p0005,west,7,0,6
8107,CP-AP-r001:S-P05-S07:GS03:p0006,west,7,0,5
8108,CP-AP-r001:S-P05-S07:GS03:p0007,west,6,0,6
8109,CP-AP-r001:S-P05-S07:GS03:p0008,west,7,0,0
8110,CP-AP-r001:S-P05-S07:GS03:p0009,west,7,0,6
8111,CP-AP-r001:S-P05-S07:GS03:p0010,west,7,0,5
8112,CP-AP-r001:S-P05-S07:GS03:p0011,west,6,0,6
8113,CP-AP-r001:S-P05-S07:GS03:p0012,west,7,0,1
8114,CP-AP-r001:S-P05-S07:GS04:p0001,east,0,5,5
8115,CP-AP-r001:S-P05-S07:GS04:p0002,east,0,8,6
8116,CP-AP-r001:S-P05-S07:GS04:p0003,east,0,6,1
8117,CP-AP-r001:S-P05-S07:GS04:p0004,east,0,7,6
8118,CP-AP-r001:S-P05-S07:GS04:p0005,east,0,7,4
8119,CP-AP-r001:S-P05-S07:GS04:p0006,east,0,7,6
8120,CP-AP-r001:S-P05-S07:GS04:p0007,east,0,7,6
8121,CP-AP-r001:S-P05-S07:GS04:p0008,east,0,7,3
8122,CP-AP-r001:S-P05-S07:GS04:p0009,east,0,7,6
8123,CP-AP-r001:S-P05-S07:GS04:p0010,east,0,6,6
8124,CP-AP-r001:S-P05-S07:GS04:p0011,east,0,7,6
8125,CP-AP-r001:S-P05-S07:GS05:p0001,east,0,7,5
8126,CP-AP-r001:S-P05-S07:GS05:p0002,east,0,6,1
8127,CP-AP-r001:S-P05-S07:GS05:p0003,east,0,7,6
8128,CP-AP-r001:S-P05-S07:GS05:p0004,east,0,7,4
8129,CP-AP-r001:S-P05-S07:GS05:p0005,east,0,4,6
8130,CP-AP-r001:S-P05-S07:GS05:p0006,east,0,6,1
8131,CP-AP-r001:S-P05-S07:GS05:p0007,east,0,8,6
8132,CP-AP-r001:S-P05-S07:GS05:p0008,east,0,7,3
8133,CP-AP-r001:S-P05-S07:GS05:p0009,east,0,6,6
8134,CP-AP-r001:S-P05-S07:GS05:p0010,east,0,5,0
8135,CP-AP-r001:S-P05-S07:GS05:p0011,east,0,8,6
8136,CP-AP-r001:S-P05-S07:GS06:p0001,east,0,8,0
8137,CP-AP-r001:S-P05-S07:GS06:p0002,east,0,6,5
8138,CP-AP-r001:S-P05-S07:GS06:p0003,east,0,6,1
8139,CP-AP-r001:S-P05-S07:GS06:p0004,east,0,7,6
8140,CP-AP-r001:S-P05-S07:GS06:p0005,east,0,6,0
8141,CP-AP-r001:S-P05-S07:GS06:p0006,east,0,5,4
8142,CP-AP-r001:S-P05-S07:GS06:p0007,east,0,6,1
8143,CP-AP-r001:S-P05-S07:GS06:p0008,east,0,7,6
8144,CP-AP-r001:S-P05-S07:GS06:p0009,east,0,7,0
8145,CP-AP-r001:S-P05-S07:GS06:p0010,east,0,7,3
8146,CP-AP-r001:S-P05-S07:GS06:p0011,east,0,6,0
8147,CP-AP-r001:S-P05-S07:GS06:p0012,east,0,7,6
8148,CP-AP-r001:S-P05-S07:GS07:p0001,west,7,0,4
8149,CP-AP-r001:S-P05-S07:GS07:p0002,west,8,0,0
8150,CP-AP-r001:S-P05-S07:GS07:p0003,west,7,0,6
8151,CP-AP-r001:S-P05-S07:GS07:p0004,west,8,0,0
8152,CP-AP-r001:S-P05-S07:GS07:p0005,west,9,0,5
8153,CP-AP-r001:S-P05-S07:GS07:p0006,west,9,0,0
8154,CP-AP-r001:S-P05-S07:GS07:p0007,west,7,0,6
8155,CP-AP-r001:S-P05-S07:GS07:p0008,west,8,0,0
8156,CP-AP-r001:S-P05-S07:GS07:p0009,west,8,0,5
8157,CP-AP-r001:S-P05-S07:GS07:p0010,west,9,0,0
8158,CP-AP-r001:S-P05-S07:GS07:p0011,west,7,0,6
8159,CP-AP-r001:S-P05-S07:GS07:p0012,west,7,0,1
8160,CP-AP-r001:S-P05-S07:GS08:p0001,west,7,0,6
8161,CP-AP-r001:S-P05-S07:GS08:p0002,west,8,0,4
8162,CP-AP-r001:S-P05-S07:GS08:p0003,west,8,0,6
8163,CP-AP-r001:S-P05-S07:GS08:p0004,west,8,0,0
8164,CP-AP-r001:S-P05-S07:GS08:p0005,west,8,0,6
8165,CP-AP-r001:S-P05-S07:GS08:p0006,west,8,0,5
8166,CP-AP-r001:S-P05-S07:GS08:p0007,west,7,0,0
8167,CP-AP-r001:S-P05-S07:GS08:p0008,west,7,0,6
8168,CP-AP-r001:S-P05-S07:GS08:p0009,west,8,0,0
8169,CP-AP-r001:S-P05-S07:GS08:p0010,west,7,0,5
8170,CP-AP-r001:S-P05-S07:GS08:p0011,west,7,0,0
8171,CP-AP-r001:S-P05-S07:GS08:p0012,west,7,0,6
8172,CP-AP-r001:S-P05-S07:GS08:p0013,west,7,0,1
8173,CP-AP-r001:S-P05-S07:GS09:p0001,west,10,0,6
8174,CP-AP-r001:S-P05-S07:GS09:p0002,west,8,0,4
8175,CP-AP-r001:S-P05-S07:GS09:p0003,west,6,0,6
8176,CP-AP-r001:S-P05-S07:GS09:p0004,west,7,0,6
8177,CP-AP-r001:S-P05-S07:GS09:p0005,west,8,0,0
8178,CP-AP-r001:S-P05-S07:GS09:p0006,west,10,0,6
8179,CP-AP-r001:S-P05-S07:GS09:p0007,west,8,0,5
8180,CP-AP-r001:S-P05-S07:GS09:p0008,west,6,0,5
8181,CP-AP-r001:S-P05-S07:GS09:p0009,west,8,0,6
8182,CP-AP-r001:S-P05-S07:GS09:p0010,west,7,0,0
8183,CP-AP-r001:S-P05-S07:GS09:p0011,west,9,0,6
8184,CP-AP-r001:S-P05-S07:GS09:p0012,west,8,0,5
8185,CP-AP-r001:S-P05-S07:GS09:p0013,west,8,0,6
8186,CP-AP-r001:S-P05-S07:GS09:p0014,west,8,0,1
8187,CP-AP-r001:S-P05-S07:GS10:p0001,east,0,8,5
8188,CP-AP-r001:S-P05-S07:GS10:p0002,east,0,8,6
8189,CP-AP-r001:S-P05-S07:GS10:p0003,east,0,8,1
8190,CP-AP-r001:S-P05-S07:GS10:p0004,east,0,8,6
8191,CP-AP-r001:S-P05-S07:GS10:p0005,east,0,8,4
8192,CP-AP-r001:S-P05-S07:GS10:p0006,east,0,8,6
8193,CP-AP-r001:S-P05-S07:GS10:p0007,east,0,8,1
8194,CP-AP-r001:S-P05-S07:GS10:p0008,east,0,9,6
8195,CP-AP-r001:S-P05-S07:GS10:p0009,east,0,11,3
8196,CP-AP-r001:S-P05-S07:GS10:p0010,east,0,8,6
8197,CP-AP-r001:S-P05-S07:GS10:p0011,east,0,6,0
8198,CP-AP-r001:S-P05-S07:GS10:p0012,east,0,7,6
8199,CP-AP-r001:S-P05-S07:GS11:p0001,east,0,7,5
8200,CP-AP-r001:S-P05-S07:GS11:p0002,east,0,9,6
8201,CP-AP-r001:S-P05-S07:GS11:p0003,east,0,7,1
8202,CP-AP-r001:S-P05-S07:GS11:p0004,east,0,8,6
8203,CP-AP-r001:S-P05-S07:GS11:p0005,east,0,8,4
8204,CP-AP-r001:S-P05-S07:GS11:p0006,east,0,10,6
8205,CP-AP-r001:S-P05-S07:GS11:p0007,east,0,7,1
8206,CP-AP-r001:S-P05-S07:GS11:p0008,east,0,7,6
8207,CP-AP-r001:S-P05-S07:GS11:p0009,east,0,8,3
8208,CP-AP-r001:S-P05-S07:GS11:p0010,east,0,8,6
8209,CP-AP-r001:S-P05-S07:GS11:p0011,east,0,7,0
8210,CP-AP-r001:S-P05-S07:GS11:p0012,east,0,8,6
8211,CP-AP-r001:S-P05-S07:GS12:p0001,east,0,8,0
8212,CP-AP-r001:S-P05-S07:GS12:p0002,east,0,8,5
8213,CP-AP-r001:S-P05-S07:GS12:p0003,east,0,7,6
8214,CP-AP-r001:S-P05-S07:GS12:p0004,east,0,7,1
8215,CP-AP-r001:S-P05-S07:GS12:p0005,east,0,8,6
8216,CP-AP-r001:S-P05-S07:GS12:p0006,east,0,8,0
8217,CP-AP-r001:S-P05-S07:GS12:p0007,east,0,7,4
8218,CP-AP-r001:S-P05-S07:GS12:p0008,east,0,6,6
8219,CP-AP-r001:S-P05-S07:GS12:p0009,east,0,7,1
8220,CP-AP-r001:S-P05-S07:GS12:p0010,east,0,8,6
8221,CP-AP-r001:S-P05-S07:GS12:p0011,east,0,7,3
8222,CP-AP-r001:S-P05-S07:GS12:p0012,east,0,9,6
8223,CP-AP-r001:S-P05-S07:GS12:p0013,east,0,7,0
8224,CP-AP-r001:S-P05-S07:GS12:p0014,east,0,8,6
8225,CP-AP-r001:S-P05-S08:GS01:p0001,west,7,0,6
8226,CP-AP-r001:S-P05-S08:GS01:p0002,west,6,0,4
8227,CP-AP-r001:S-P05-S08:GS01:p0003,west,7,0,6
8228,CP-AP-r001:S-P05-S08:GS01:p0004,west,6,0,0
8229,CP-AP-r001:S-P05-S08:GS01:p0005,west,6,0,5
8230,CP-AP-r001:S-P05-S08:GS01:p0006,west,7,0,6
8231,CP-AP-r001:S-P05-S08:GS01:p0007,west,6,0,1
8232,CP-AP-r001:S-P05-S08:GS01:p0008,west,6,0,5
8233,CP-AP-r001:S-P05-S08:GS01:p0009,west,5,0,0
8234,CP-AP-r001:S-P05-S08:GS01:p0010,west,5,0,6
8235,CP-AP-r001:S-P05-S08:GS01:p0011,west,7,0,1
8236,CP-AP-r001:S-P05-S08:GS02:p0001,west,7,0,6
8237,CP-AP-r001:S-P05-S08:GS02:p0002,west,6,0,4
8238,CP-AP-r001:S-P05-S08:GS02:p0003,west,7,0,6
8239,CP-AP-r001:S-P05-S08:GS02:p0004,west,6,0,0
8240,CP-AP-r001:S-P05-S08:GS02:p0005,west,7,0,6
8241,CP-AP-r001:S-P05-S08:GS02:p0006,west,6,0,5
8242,CP-AP-r001:S-P05-S08:GS02:p0007,west,7,0,6
8243,CP-AP-r001:S-P05-S08:GS02:p0008,west,6,0,1
8244,CP-AP-r001:S-P05-S08:GS02:p0009,west,7,0,6
8245,CP-AP-r001:S-P05-S08:GS02:p0010,west,4,0,5
8246,CP-AP-r001:S-P05-S08:GS02:p0011,west,7,0,6
8247,CP-AP-r001:S-P05-S08:GS02:p0012,west,6,0,1
8248,CP-AP-r001:S-P05-S08:GS03:p0001,west,6,0,6
8249,CP-AP-r001:S-P05-S08:GS03:p0002,west,6,0,4
8250,CP-AP-r001:S-P05-S08:GS03:p0003,west,6,0,6
8251,CP-AP-r001:S-P05-S08:GS03:p0004,west,4,0,0
8252,CP-AP-r001:S-P05-S08:GS03:p0005,west,6,0,6
8253,CP-AP-r001:S-P05-S08:GS03:p0006,west,6,0,5
8254,CP-AP-r001:S-P05-S08:GS03:p0007,west,6,0,6
8255,CP-AP-r001:S-P05-S08:GS03:p0008,west,6,0,1
8256,CP-AP-r001:S-P05-S08:GS03:p0009,west,6,0,6
8257,CP-AP-r001:S-P05-S08:GS03:p0010,west,6,0,5
8258,CP-AP-r001:S-P05-S08:GS03:p0011,west,7,0,6
8259,CP-AP-r001:S-P05-S08:GS03:p0012,west,6,0,1
8260,CP-AP-r001:S-P05-S08:GS04:p0001,east,0,4,5
8261,CP-AP-r001:S-P05-S08:GS04:p0002,east,0,6,6
8262,CP-AP-r001:S-P05-S08:GS04:p0003,east,0,4,1
8263,CP-AP-r001:S-P05-S08:GS04:p0004,east,0,7,6
8264,CP-AP-r001:S-P05-S08:GS04:p0005,east,0,6,4
8265,CP-AP-r001:S-P05-S08:GS04:p0006,east,0,6,6
8266,CP-AP-r001:S-P05-S08:GS04:p0007,east,0,7,6
8267,CP-AP-r001:S-P05-S08:GS04:p0008,east,0,6,6
8268,CP-AP-r001:S-P05-S08:GS04:p0009,east,0,6,3
8269,CP-AP-r001:S-P05-S08:GS04:p0010,east,0,6,6
8270,CP-AP-r001:S-P05-S08:GS04:p0011,east,0,7,6
8271,CP-AP-r001:S-P05-S08:GS04:p0012,east,0,4,6
8272,CP-AP-r001:S-P05-S08:GS05:p0001,east,0,6,5
8273,CP-AP-r001:S-P05-S08:GS05:p0002,east,0,7,1
8274,CP-AP-r001:S-P05-S08:GS05:p0003,east,0,6,6
8275,CP-AP-r001:S-P05-S08:GS05:p0004,east,0,6,4
8276,CP-AP-r001:S-P05-S08:GS05:p0005,east,0,6,6
8277,CP-AP-r001:S-P05-S08:GS05:p0006,east,0,7,1
8278,CP-AP-r001:S-P05-S08:GS05:p0007,east,0,7,6
8279,CP-AP-r001:S-P05-S08:GS05:p0008,east,0,5,3
8280,CP-AP-r001:S-P05-S08:GS05:p0009,east,0,5,6
8281,CP-AP-r001:S-P05-S08:GS05:p0010,east,0,4,0
8282,CP-AP-r001:S-P05-S08:GS05:p0011,east,0,7,6
8283,CP-AP-r001:S-P05-S08:GS06:p0001,east,0,8,0
8284,CP-AP-r001:S-P05-S08:GS06:p0002,east,0,6,5
8285,CP-AP-r001:S-P05-S08:GS06:p0003,east,0,7,1
8286,CP-AP-r001:S-P05-S08:GS06:p0004,east,0,6,6
8287,CP-AP-r001:S-P05-S08:GS06:p0005,east,0,6,0
8288,CP-AP-r001:S-P05-S08:GS06:p0006,east,0,4,4
8289,CP-AP-r001:S-P05-S08:GS06:p0007,east,0,7,1
8290,CP-AP-r001:S-P05-S08:GS06:p0008,east,0,6,6
8291,CP-AP-r001:S-P05-S08:GS06:p0009,east,0,7,0
8292,CP-AP-r001:S-P05-S08:GS06:p0010,east,0,6,3
8293,CP-AP-r001:S-P05-S08:GS06:p0011,east,0,7,0
8294,CP-AP-r001:S-P05-S08:GS06:p0012,east,0,6,6
8295,CP-AP-r001:S-P05-S08:GS07:p0001,west,7,0,4
8296,CP-AP-r001:S-P05-S08:GS07:p0002,west,8,0,0
8297,CP-AP-r001:S-P05-S08:GS07:p0003,west,8,0,6
8298,CP-AP-r001:S-P05-S08:GS07:p0004,west,8,0,0
8299,CP-AP-r001:S-P05-S08:GS07:p0005,west,9,0,5
8300,CP-AP-r001:S-P05-S08:GS07:p0006,west,8,0,0
8301,CP-AP-r001:S-P05-S08:GS07:p0007,west,8,0,6
8302,CP-AP-r001:S-P05-S08:GS07:p0008,west,9,0,1
8303,CP-AP-r001:S-P05-S08:GS07:p0009,west,8,0,5
8304,CP-AP-r001:S-P05-S08:GS07:p0010,west,7,0,0
8305,CP-AP-r001:S-P05-S08:GS07:p0011,west,8,0,6
8306,CP-AP-r001:S-P05-S08:GS07:p0012,west,8,0,1
8307,CP-AP-r001:S-P05-S08:GS08:p0001,west,8,0,6
8308,CP-AP-r001:S-P05-S08:GS08:p0002,west,8,0,4
8309,CP-AP-r001:S-P05-S08:GS08:p0003,west,8,0,6
8310,CP-AP-r001:S-P05-S08:GS08:p0004,west,8,0,0
8311,CP-AP-r001:S-P05-S08:GS08:p0005,west,9,0,6
8312,CP-AP-r001:S-P05-S08:GS08:p0006,west,8,0,5
8313,CP-AP-r001:S-P05-S08:GS08:p0007,west,5,0,0
8314,CP-AP-r001:S-P05-S08:GS08:p0008,west,8,0,6
8315,CP-AP-r001:S-P05-S08:GS08:p0009,west,8,0,1
8316,CP-AP-r001:S-P05-S08:GS08:p0010,west,8,0,5
8317,CP-AP-r001:S-P05-S08:GS08:p0011,west,6,0,0
8318,CP-AP-r001:S-P05-S08:GS08:p0012,west,8,0,6
8319,CP-AP-r001:S-P05-S08:GS08:p0013,west,8,0,1
8320,CP-AP-r001:S-P05-S08:GS09:p0001,west,10,0,6
8321,CP-AP-r001:S-P05-S08:GS09:p0002,west,8,0,4
8322,CP-AP-r001:S-P05-S08:GS09:p0003,west,7,0,6
8323,CP-AP-r001:S-P05-S08:GS09:p0004,west,7,0,6
8324,CP-AP-r001:S-P05-S08:GS09:p0005,west,4,0,0
8325,CP-AP-r001:S-P05-S08:GS09:p0006,west,10,0,6
8326,CP-AP-r001:S-P05-S08:GS09:p0007,west,8,0,5
8327,CP-AP-r001:S-P05-S08:GS09:p0008,west,7,0,5
8328,CP-AP-r001:S-P05-S08:GS09:p0009,west,8,0,6
8329,CP-AP-r001:S-P05-S08:GS09:p0010,west,5,0,1
8330,CP-AP-r001:S-P05-S08:GS09:p0011,west,10,0,6
8331,CP-AP-r001:S-P05-S08:GS09:p0012,west,8,0,5
8332,CP-AP-r001:S-P05-S08:GS09:p0013,west,8,0,6
8333,CP-AP-r001:S-P05-S08:GS09:p0014,west,8,0,1
8334,CP-AP-r001:S-P05-S08:GS10:p0001,east,0,7,5
8335,CP-AP-r001:S-P05-S08:GS10:p0002,east,0,7,6
8336,CP-AP-r001:S-P05-S08:GS10:p0003,east,0,10,1
8337,CP-AP-r001:S-P05-S08:GS10:p0004,east,0,8,6
8338,CP-AP-r001:S-P05-S08:GS10:p0005,east,0,7,4
8339,CP-AP-r001:S-P05-S08:GS10:p0006,east,0,7,6
8340,CP-AP-r001:S-P05-S08:GS10:p0007,east,0,9,1
8341,CP-AP-r001:S-P05-S08:GS10:p0008,east,0,9,6
8342,CP-AP-r001:S-P05-S08:GS10:p0009,east,0,11,3
8343,CP-AP-r001:S-P05-S08:GS10:p0010,east,0,7,6
8344,CP-AP-r001:S-P05-S08:GS10:p0011,east,0,7,0
8345,CP-AP-r001:S-P05-S08:GS10:p0012,east,0,7,6
8346,CP-AP-r001:S-P05-S08:GS11:p0001,east,0,7,5
8347,CP-AP-r001:S-P05-S08:GS11:p0002,east,0,8,6
8348,CP-AP-r001:S-P05-S08:GS11:p0003,east,0,8,1
8349,CP-AP-r001:S-P05-S08:GS11:p0004,east,0,8,6
8350,CP-AP-r001:S-P05-S08:GS11:p0005,east,0,8,4
8351,CP-AP-r001:S-P05-S08:GS11:p0006,east,0,8,6
8352,CP-AP-r001:S-P05-S08:GS11:p0007,east,0,8,1
8353,CP-AP-r001:S-P05-S08:GS11:p0008,east,0,8,6
8354,CP-AP-r001:S-P05-S08:GS11:p0009,east,0,7,3
8355,CP-AP-r001:S-P05-S08:GS11:p0010,east,0,7,6
8356,CP-AP-r001:S-P05-S08:GS11:p0011,east,0,9,0
8357,CP-AP-r001:S-P05-S08:GS11:p0012,east,0,8,6
8358,CP-AP-r001:S-P05-S08:GS12:p0001,east,0,10,0
8359,CP-AP-r001:S-P05-S08:GS12:p0002,east,0,8,5
8360,CP-AP-r001:S-P05-S08:GS12:p0003,east,0,5,6
8361,CP-AP-r001:S-P05-S08:GS12:p0004,east,0,8,1
8362,CP-AP-r001:S-P05-S08:GS12:p0005,east,0,8,6
8363,CP-AP-r001:S-P05-S08:GS12:p0006,east,0,8,4
8364,CP-AP-r001:S-P05-S08:GS12:p0007,east,0,5,6
8365,CP-AP-r001:S-P05-S08:GS12:p0008,east,0,8,1
8366,CP-AP-r001:S-P05-S08:GS12:p0009,east,0,8,6
8367,CP-AP-r001:S-P05-S08:GS12:p0010,east,0,7,3
8368,CP-AP-r001:S-P05-S08:GS12:p0011,east,0,8,6
8369,CP-AP-r001:S-P05-S08:GS12:p0012,east,0,8,0
8370,CP-AP-r001:S-P05-S08:GS12:p0013,east,0,8,6
8371,CP-AP-r001:S-P05-S09:GS01:p0001,west,7,0,5
8372,CP-AP-r001:S-P05-S09:GS01:p0002,west,4,0,0
8373,CP-AP-r001:S-P05-S09:GS01:p0003,west,5,0,6
8374,CP-AP-r001:S-P05-S09:GS01:p0004,west,8,0,1
8375,CP-AP-r001:S-P05-S09:GS01:p0005,west,6,0,5
8376,CP-AP-r001:S-P05-S09:GS01:p0006,west,6,0,0
8377,CP-AP-r001:S-P05-S09:GS01:p0007,west,6,0,6
8378,CP-AP-r001:S-P05-S09:GS01:p0008,west,7,0,2
8379,CP-AP-r001:S-P05-S09:GS01:p0009,west,7,0,6
8380,CP-AP-r001:S-P05-S09:GS01:p0010,west,7,0,0
8381,CP-AP-r001:S-P05-S09:GS01:p0011,west,7,0,3
8382,CP-AP-r001:S-P05-S09:GS02:p0001,west,6,0,6
8383,CP-AP-r001:S-P05-S09:GS02:p0002,west,5,0,5
8384,CP-AP-r001:S-P05-S09:GS02:p0003,west,6,0,6
8385,CP-AP-r001:S-P05-S09:GS02:p0004,west,7,0,1
8386,CP-AP-r001:S-P05-S09:GS02:p0005,west,7,0,6
8387,CP-AP-r001:S-P05-S09:GS02:p0006,west,7,0,5
8388,CP-AP-r001:S-P05-S09:GS02:p0007,west,6,0,6
8389,CP-AP-r001:S-P05-S09:GS02:p0008,west,7,0,2
8390,CP-AP-r001:S-P05-S09:GS02:p0009,west,7,0,6
8391,CP-AP-r001:S-P05-S09:GS02:p0010,west,5,0,0
8392,CP-AP-r001:S-P05-S09:GS02:p0011,west,6,0,6
8393,CP-AP-r001:S-P05-S09:GS02:p0012,west,7,0,3
8394,CP-AP-r001:S-P05-S09:GS03:p0001,west,7,0,6
8395,CP-AP-r001:S-P05-S09:GS03:p0002,west,7,0,5
8396,CP-AP-r001:S-P05-S09:GS03:p0003,west,6,0,6
8397,CP-AP-r001:S-P05-S09:GS03:p0004,west,7,0,1
8398,CP-AP-r001:S-P05-S09:GS03:p0005,west,8,0,6
8399,CP-AP-r001:S-P05-S09:GS03:p0006,west,6,0,5
8400,CP-AP-r001:S-P05-S09:GS03:p0007,west,6,0,6
8401,CP-AP-r001:S-P05-S09:GS03:p0008,west,7,0,2
8402,CP-AP-r001:S-P05-S09:GS03:p0009,west,6,0,6
8403,CP-AP-r001:S-P05-S09:GS03:p0010,west,6,0,6
8404,CP-AP-r001:S-P05-S09:GS03:p0011,west,6,0,6
8405,CP-AP-r001:S-P05-S09:GS03:p0012,west,7,0,3
8406,CP-AP-r001:S-P05-S09:GS04:p0001,east,0,7,3
8407,CP-AP-r001:S-P05-S09:GS04:p0002,east,0,7,6
8408,CP-AP-r001:S-P05-S09:GS04:p0003,east,0,6,6
8409,CP-AP-r001:S-P05-S09:GS04:p0004,east,0,7,6
8410,CP-AP-r001:S-P05-S09:GS04:p0005,east,0,7,3
8411,CP-AP-r001:S-P05-S09:GS04:p0006,east,0,7,6
8412,CP-AP-r001:S-P05-S09:GS04:p0007,east,0,5,6
8413,CP-AP-r001:S-P05-S09:GS04:p0008,east,0,7,6
8414,CP-AP-r001:S-P05-S09:GS04:p0009,east,0,7,2
8415,CP-AP-r001:S-P05-S09:GS04:p0010,east,0,7,6
8416,CP-AP-r001:S-P05-S09:GS04:p0011,east,0,6,5
8417,CP-AP-r001:S-P05-S09:GS04:p0012,east,0,7,6
8418,CP-AP-r001:S-P05-S09:GS05:p0001,east,0,7,3
8419,CP-AP-r001:S-P05-S09:GS05:p0002,east,0,5,6
8420,CP-AP-r001:S-P05-S09:GS05:p0003,east,0,5,0
8421,CP-AP-r001:S-P05-S09:GS05:p0004,east,0,7,6
8422,CP-AP-r001:S-P05-S09:GS05:p0005,east,0,7,3
8423,CP-AP-r001:S-P05-S09:GS05:p0006,east,0,8,6
8424,CP-AP-r001:S-P05-S09:GS05:p0007,east,0,7,0
8425,CP-AP-r001:S-P05-S09:GS05:p0008,east,0,7,6
8426,CP-AP-r001:S-P05-S09:GS05:p0009,east,0,7,2
8427,CP-AP-r001:S-P05-S09:GS05:p0010,east,0,7,6
8428,CP-AP-r001:S-P05-S09:GS05:p0011,east,0,7,5
8429,CP-AP-r001:S-P05-S09:GS05:p0012,east,0,6,6
8430,CP-AP-r001:S-P05-S09:GS06:p0001,east,0,7,0
8431,CP-AP-r001:S-P05-S09:GS06:p0002,east,0,7,3
8432,CP-AP-r001:S-P05-S09:GS06:p0003,east,0,6,0
8433,CP-AP-r001:S-P05-S09:GS06:p0004,east,0,7,6
8434,CP-AP-r001:S-P05-S09:GS06:p0005,east,0,7,3
8435,CP-AP-r001:S-P05-S09:GS06:p0006,east,0,6,0
8436,CP-AP-r001:S-P05-S09:GS06:p0007,east,0,7,6
8437,CP-AP-r001:S-P05-S09:GS06:p0008,east,0,7,2
8438,CP-AP-r001:S-P05-S09:GS06:p0009,east,0,4,6
8439,CP-AP-r001:S-P05-S09:GS06:p0010,east,0,5,0
8440,CP-AP-r001:S-P05-S09:GS06:p0011,east,0,8,5
8441,CP-AP-r001:S-P05-S09:GS07:p0001,west,8,0,5
8442,CP-AP-r001:S-P05-S09:GS07:p0002,west,10,0,0
8443,CP-AP-r001:S-P05-S09:GS07:p0003,west,7,0,6
8444,CP-AP-r001:S-P05-S09:GS07:p0004,west,7,0,1
8445,CP-AP-r001:S-P05-S09:GS07:p0005,west,8,0,5
8446,CP-AP-r001:S-P05-S09:GS07:p0006,west,8,0,0
8447,CP-AP-r001:S-P05-S09:GS07:p0007,west,7,0,6
8448,CP-AP-r001:S-P05-S09:GS07:p0008,west,8,0,2
8449,CP-AP-r001:S-P05-S09:GS07:p0009,west,8,0,6
8450,CP-AP-r001:S-P05-S09:GS07:p0010,west,8,0,0
8451,CP-AP-r001:S-P05-S09:GS07:p0011,west,8,0,6
8452,CP-AP-r001:S-P05-S09:GS07:p0012,west,9,0,3
8453,CP-AP-r001:S-P05-S09:GS08:p0001,west,7,0,5
8454,CP-AP-r001:S-P05-S09:GS08:p0002,west,6,0,0
8455,CP-AP-r001:S-P05-S09:GS08:p0003,west,7,0,6
8456,CP-AP-r001:S-P05-S09:GS08:p0004,west,8,0,1
8457,CP-AP-r001:S-P05-S09:GS08:p0005,west,7,0,5
8458,CP-AP-r001:S-P05-S09:GS08:p0006,west,9,0,0
8459,CP-AP-r001:S-P05-S09:GS08:p0007,west,7,0,6
8460,CP-AP-r001:S-P05-S09:GS08:p0008,west,8,0,2
8461,CP-AP-r001:S-P05-S09:GS08:p0009,west,9,0,6
8462,CP-AP-r001:S-P05-S09:GS08:p0010,west,9,0,0
8463,CP-AP-r001:S-P05-S09:GS08:p0011,west,7,0,6
8464,CP-AP-r001:S-P05-S09:GS08:p0012,west,7,0,3
8465,CP-AP-r001:S-P05-S09:GS09:p0001,west,9,0,6
8466,CP-AP-r001:S-P05-S09:GS09:p0002,west,8,0,5
8467,CP-AP-r001:S-P05-S09:GS09:p0003,west,8,0,6
8468,CP-AP-r001:S-P05-S09:GS09:p0004,west,8,0,1
8469,CP-AP-r001:S-P05-S09:GS09:p0005,west,8,0,6
8470,CP-AP-r001:S-P05-S09:GS09:p0006,west,8,0,5
8471,CP-AP-r001:S-P05-S09:GS09:p0007,west,7,0,0
8472,CP-AP-r001:S-P05-S09:GS09:p0008,west,8,0,6
8473,CP-AP-r001:S-P05-S09:GS09:p0009,west,8,0,2
8474,CP-AP-r001:S-P05-S09:GS09:p0010,west,7,0,6
8475,CP-AP-r001:S-P05-S09:GS09:p0011,west,7,0,6
8476,CP-AP-r001:S-P05-S09:GS09:p0012,west,7,0,0
8477,CP-AP-r001:S-P05-S09:GS09:p0013,west,7,0,6
8478,CP-AP-r001:S-P05-S09:GS09:p0014,west,8,0,3
8479,CP-AP-r001:S-P05-S09:GS10:p0001,east,0,10,3
8480,CP-AP-r001:S-P05-S09:GS10:p0002,east,0,8,6
8481,CP-AP-r001:S-P05-S09:GS10:p0003,east,0,6,0
8482,CP-AP-r001:S-P05-S09:GS10:p0004,east,0,7,6
8483,CP-AP-r001:S-P05-S09:GS10:p0005,east,0,10,3
8484,CP-AP-r001:S-P05-S09:GS10:p0006,east,0,8,6
8485,CP-AP-r001:S-P05-S09:GS10:p0007,east,0,7,0
8486,CP-AP-r001:S-P05-S09:GS10:p0008,east,0,7,6
8487,CP-AP-r001:S-P05-S09:GS10:p0009,east,0,8,6
8488,CP-AP-r001:S-P05-S09:GS10:p0010,east,0,10,2
8489,CP-AP-r001:S-P05-S09:GS10:p0011,east,0,8,6
8490,CP-AP-r001:S-P05-S09:GS10:p0012,east,0,7,0
8491,CP-AP-r001:S-P05-S09:GS10:p0013,east,0,8,5
8492,CP-AP-r001:S-P05-S09:GS10:p0014,east,0,6,6
8493,CP-AP-r001:S-P05-S09:GS11:p0001,east,0,8,3
8494,CP-AP-r001:S-P05-S09:GS11:p0002,east,0,8,6
8495,CP-AP-r001:S-P05-S09:GS11:p0003,east,0,7,0
8496,CP-AP-r001:S-P05-S09:GS11:p0004,east,0,8,6
8497,CP-AP-r001:S-P05-S09:GS11:p0005,east,0,8,3
8498,CP-AP-r001:S-P05-S09:GS11:p0006,east,0,8,6
8499,CP-AP-r001:S-P05-S09:GS11:p0007,east,0,8,0
8500,CP-AP-r001:S-P05-S09:GS11:p0008,east,0,8,6
8501,CP-AP-r001:S-P05-S09:GS11:p0009,east,0,9,2
8502,CP-AP-r001:S-P05-S09:GS11:p0010,east,0,8,6
8503,CP-AP-r001:S-P05-S09:GS11:p0011,east,0,8,0
8504,CP-AP-r001:S-P05-S09:GS11:p0012,east,0,9,5
8505,CP-AP-r001:S-P05-S09:GS12:p0001,east,0,7,3
8506,CP-AP-r001:S-P05-S09:GS12:p0002,east,0,8,6
8507,CP-AP-r001:S-P05-S09:GS12:p0003,east,0,7,0
8508,CP-AP-r001:S-P05-S09:GS12:p0004,east,0,8,6
8509,CP-AP-r001:S-P05-S09:GS12:p0005,east,0,8,3
8510,CP-AP-r001:S-P05-S09:GS12:p0006,east,0,9,6
8511,CP-AP-r001:S-P05-S09:GS12:p0007,east,0,7,0
8512,CP-AP-r001:S-P05-S09:GS12:p0008,east,0,8,6
8513,CP-AP-r001:S-P05-S09:GS12:p0009,east,0,8,2
8514,CP-AP-r001:S-P05-S09:GS12:p0010,east,0,9,6
8515,CP-AP-r001:S-P05-S09:GS12:p0011,east,0,7,0
8516,CP-AP-r001:S-P05-S09:GS12:p0012,east,0,7,5
8517,CP-AP-r001:S-P05-S10:GS01:p0001,west,6,0,5
8518,CP-AP-r001:S-P05-S10:GS01:p0002,west,6,0,0
8519,CP-AP-r001:S-P05-S10:GS01:p0003,west,6,0,6
8520,CP-AP-r001:S-P05-S10:GS01:p0004,west,7,0,1
8521,CP-AP-r001:S-P05-S10:GS01:p0005,west,5,0,5
8522,CP-AP-r001:S-P05-S10:GS01:p0006,west,5,0,0
8523,CP-AP-r001:S-P05-S10:GS01:p0007,west,4,0,6
8524,CP-AP-r001:S-P05-S10:GS01:p0008,west,7,0,2
8525,CP-AP-r001:S-P05-S10:GS01:p0009,west,6,0,6
8526,CP-AP-r001:S-P05-S10:GS01:p0010,west,6,0,0
8527,CP-AP-r001:S-P05-S10:GS01:p0011,west,7,0,3
8528,CP-AP-r001:S-P05-S10:GS02:p0001,west,6,0,6
8529,CP-AP-r001:S-P05-S10:GS02:p0002,west,4,0,5
8530,CP-AP-r001:S-P05-S10:GS02:p0003,west,7,0,6
8531,CP-AP-r001:S-P05-S10:GS02:p0004,west,6,0,1
8532,CP-AP-r001:S-P05-S10:GS02:p0005,west,6,0,5
8533,CP-AP-r001:S-P05-S10:GS02:p0006,west,7,0,6
8534,CP-AP-r001:S-P05-S10:GS02:p0007,west,6,0,2
8535,CP-AP-r001:S-P05-S10:GS02:p0008,west,6,0,6
8536,CP-AP-r001:S-P05-S10:GS02:p0009,west,6,0,0
8537,CP-AP-r001:S-P05-S10:GS02:p0010,west,8,0,6
8538,CP-AP-r001:S-P05-S10:GS02:p0011,west,7,0,3
8539,CP-AP-r001:S-P05-S10:GS03:p0001,west,6,0,6
8540,CP-AP-r001:S-P05-S10:GS03:p0002,west,6,0,5
8541,CP-AP-r001:S-P05-S10:GS03:p0003,west,7,0,6
8542,CP-AP-r001:S-P05-S10:GS03:p0004,west,6,0,1
8543,CP-AP-r001:S-P05-S10:GS03:p0005,west,7,0,6
8544,CP-AP-r001:S-P05-S10:GS03:p0006,west,6,0,5
8545,CP-AP-r001:S-P05-S10:GS03:p0007,west,7,0,6
8546,CP-AP-r001:S-P05-S10:GS03:p0008,west,6,0,2
8547,CP-AP-r001:S-P05-S10:GS03:p0009,west,6,0,6
8548,CP-AP-r001:S-P05-S10:GS03:p0010,west,5,0,6
8549,CP-AP-r001:S-P05-S10:GS03:p0011,west,7,0,6
8550,CP-AP-r001:S-P05-S10:GS03:p0012,west,6,0,3
8551,CP-AP-r001:S-P05-S10:GS04:p0001,east,0,6,3
8552,CP-AP-r001:S-P05-S10:GS04:p0002,east,0,6,6
8553,CP-AP-r001:S-P05-S10:GS04:p0003,east,0,7,6
8554,CP-AP-r001:S-P05-S10:GS04:p0004,east,0,6,6
8555,CP-AP-r001:S-P05-S10:GS04:p0005,east,0,6,2
8556,CP-AP-r001:S-P05-S10:GS04:p0006,east,0,6,6
8557,CP-AP-r001:S-P05-S10:GS04:p0007,east,0,6,6
8558,CP-AP-r001:S-P05-S10:GS04:p0008,east,0,5,6
8559,CP-AP-r001:S-P05-S10:GS04:p0009,east,0,6,2
8560,CP-AP-r001:S-P05-S10:GS04:p0010,east,0,6,6
8561,CP-AP-r001:S-P05-S10:GS04:p0011,east,0,6,5
8562,CP-AP-r001:S-P05-S10:GS04:p0012,east,0,6,6
8563,CP-AP-r001:S-P05-S10:GS05:p0001,east,0,5,3
8564,CP-AP-r001:S-P05-S10:GS05:p0002,east,0,5,6
8565,CP-AP-r001:S-P05-S10:GS05:p0003,east,0,4,0
8566,CP-AP-r001:S-P05-S10:GS05:p0004,east,0,7,6
8567,CP-AP-r001:S-P05-S10:GS05:p0005,east,0,6,2
8568,CP-AP-r001:S-P05-S10:GS05:p0006,east,0,6,6
8569,CP-AP-r001:S-P05-S10:GS05:p0007,east,0,7,6
8570,CP-AP-r001:S-P05-S10:GS05:p0008,east,0,6,2
8571,CP-AP-r001:S-P05-S10:GS05:p0009,east,0,6,6
8572,CP-AP-r001:S-P05-S10:GS05:p0010,east,0,7,5
8573,CP-AP-r001:S-P05-S10:GS05:p0011,east,0,6,6
8574,CP-AP-r001:S-P05-S10:GS06:p0001,east,0,7,0
8575,CP-AP-r001:S-P05-S10:GS06:p0002,east,0,6,3
8576,CP-AP-r001:S-P05-S10:GS06:p0003,east,0,7,0
8577,CP-AP-r001:S-P05-S10:GS06:p0004,east,0,6,6
8578,CP-AP-r001:S-P05-S10:GS06:p0005,east,0,6,2
8579,CP-AP-r001:S-P05-S10:GS06:p0006,east,0,7,0
8580,CP-AP-r001:S-P05-S10:GS06:p0007,east,0,6,6
8581,CP-AP-r001:S-P05-S10:GS06:p0008,east,0,6,2
8582,CP-AP-r001:S-P05-S10:GS06:p0009,east,0,6,6
8583,CP-AP-r001:S-P05-S10:GS06:p0010,east,0,6,0
8584,CP-AP-r001:S-P05-S10:GS06:p0011,east,0,7,5
8585,CP-AP-r001:S-P05-S10:GS07:p0001,west,8,0,5
8586,CP-AP-r001:S-P05-S10:GS07:p0002,west,7,0,0
8587,CP-AP-r001:S-P05-S10:GS07:p0003,west,8,0,6
8588,CP-AP-r001:S-P05-S10:GS07:p0004,west,8,0,1
8589,CP-AP-r001:S-P05-S10:GS07:p0005,west,7,0,5
8590,CP-AP-r001:S-P05-S10:GS07:p0006,west,7,0,0
8591,CP-AP-r001:S-P05-S10:GS07:p0007,west,10,0,6
8592,CP-AP-r001:S-P05-S10:GS07:p0008,west,8,0,2
8593,CP-AP-r001:S-P05-S10:GS07:p0009,west,7,0,6
8594,CP-AP-r001:S-P05-S10:GS07:p0010,west,7,0,0
8595,CP-AP-r001:S-P05-S10:GS07:p0011,west,9,0,6
8596,CP-AP-r001:S-P05-S10:GS07:p0012,west,9,0,3
8597,CP-AP-r001:S-P05-S10:GS08:p0001,west,8,0,5
8598,CP-AP-r001:S-P05-S10:GS08:p0002,west,5,0,0
8599,CP-AP-r001:S-P05-S10:GS08:p0003,west,8,0,6
8600,CP-AP-r001:S-P05-S10:GS08:p0004,west,8,0,1
8601,CP-AP-r001:S-P05-S10:GS08:p0005,west,7,0,5
8602,CP-AP-r001:S-P05-S10:GS08:p0006,west,8,0,0
8603,CP-AP-r001:S-P05-S10:GS08:p0007,west,8,0,6
8604,CP-AP-r001:S-P05-S10:GS08:p0008,west,8,0,2
8605,CP-AP-r001:S-P05-S10:GS08:p0009,west,8,0,6
8606,CP-AP-r001:S-P05-S10:GS08:p0010,west,8,0,0
8607,CP-AP-r001:S-P05-S10:GS08:p0011,west,8,0,6
8608,CP-AP-r001:S-P05-S10:GS08:p0012,west,8,0,3
8609,CP-AP-r001:S-P05-S10:GS09:p0001,west,10,0,6
8610,CP-AP-r001:S-P05-S10:GS09:p0002,west,8,0,5
8611,CP-AP-r001:S-P05-S10:GS09:p0003,west,8,0,6
8612,CP-AP-r001:S-P05-S10:GS09:p0004,west,8,0,1
8613,CP-AP-r001:S-P05-S10:GS09:p0005,west,9,0,6
8614,CP-AP-r001:S-P05-S10:GS09:p0006,west,8,0,5
8615,CP-AP-r001:S-P05-S10:GS09:p0007,west,7,0,0
8616,CP-AP-r001:S-P05-S10:GS09:p0008,west,8,0,6
8617,CP-AP-r001:S-P05-S10:GS09:p0009,west,8,0,2
8618,CP-AP-r001:S-P05-S10:GS09:p0010,west,9,0,6
8619,CP-AP-r001:S-P05-S10:GS09:p0011,west,8,0,6
8620,CP-AP-r001:S-P05-S10:GS09:p0012,west,6,0,0
8621,CP-AP-r001:S-P05-S10:GS09:p0013,west,8,0,6
8622,CP-AP-r001:S-P05-S10:GS09:p0014,west,8,0,3
8623,CP-AP-r001:S-P05-S10:GS10:p0001,east,0,10,3
8624,CP-AP-r001:S-P05-S10:GS10:p0002,east,0,7,6
8625,CP-AP-r001:S-P05-S10:GS10:p0003,east,0,7,0
8626,CP-AP-r001:S-P05-S10:GS10:p0004,east,0,7,6
8627,CP-AP-r001:S-P05-S10:GS10:p0005,east,0,11,2
8628,CP-AP-r001:S-P05-S10:GS10:p0006,east,0,8,6
8629,CP-AP-r001:S-P05-S10:GS10:p0007,east,0,7,0
8630,CP-AP-r001:S-P05-S10:GS10:p0008,east,0,7,6
8631,CP-AP-r001:S-P05-S10:GS10:p0009,east,0,5,6
8632,CP-AP-r001:S-P05-S10:GS10:p0010,east,0,10,2
8633,CP-AP-r001:S-P05-S10:GS10:p0011,east,0,8,6
8634,CP-AP-r001:S-P05-S10:GS10:p0012,east,0,8,5
8635,CP-AP-r001:S-P05-S10:GS10:p0013,east,0,5,6
8636,CP-AP-r001:S-P05-S10:GS11:p0001,east,0,7,3
8637,CP-AP-r001:S-P05-S10:GS11:p0002,east,0,7,6
8638,CP-AP-r001:S-P05-S10:GS11:p0003,east,0,9,0
8639,CP-AP-r001:S-P05-S10:GS11:p0004,east,0,8,6
8640,CP-AP-r001:S-P05-S10:GS11:p0005,east,0,7,2
8641,CP-AP-r001:S-P05-S10:GS11:p0006,east,0,7,6
8642,CP-AP-r001:S-P05-S10:GS11:p0007,east,0,9,0
8643,CP-AP-r001:S-P05-S10:GS11:p0008,east,0,9,6
8644,CP-AP-r001:S-P05-S10:GS11:p0009,east,0,8,2
8645,CP-AP-r001:S-P05-S10:GS11:p0010,east,0,7,6
8646,CP-AP-r001:S-P05-S10:GS11:p0011,east,0,9,0
8647,CP-AP-r001:S-P05-S10:GS11:p0012,east,0,8,5
8648,CP-AP-r001:S-P05-S10:GS12:p0001,east,0,7,3
8649,CP-AP-r001:S-P05-S10:GS12:p0002,east,0,8,6
8650,CP-AP-r001:S-P05-S10:GS12:p0003,east,0,8,0
8651,CP-AP-r001:S-P05-S10:GS12:p0004,east,0,8,6
8652,CP-AP-r001:S-P05-S10:GS12:p0005,east,0,8,2
8653,CP-AP-r001:S-P05-S10:GS12:p0006,east,0,8,6
8654,CP-AP-r001:S-P05-S10:GS12:p0007,east,0,8,0
8655,CP-AP-r001:S-P05-S10:GS12:p0008,east,0,9,6
8656,CP-AP-r001:S-P05-S10:GS12:p0009,east,0,8,2
8657,CP-AP-r001:S-P05-S10:GS12:p0010,east,0,7,6
8658,CP-AP-r001:S-P05-S10:GS12:p0011,east,0,8,0
8659,CP-AP-r001:S-P05-S10:GS12:p0012,east,0,8,5
8660,CP-AP-r001:S-P05-S11:GS01:p0001,west,7,0,6
8661,CP-AP-r001:S-P05-S11:GS01:p0002,west,7,0,0
8662,CP-AP-r001:S-P05-S11:GS01:p0003,west,7,0,2
8663,CP-AP-r001:S-P05-S11:GS01:p0004,west,7,0,6
8664,CP-AP-r001:S-P05-S11:GS01:p0005,west,7,0,0
8665,CP-AP-r001:S-P05-S11:GS01:p0006,west,6,0,3
8666,CP-AP-r001:S-P05-S11:GS01:p0007,west,7,0,0
8667,CP-AP-r001:S-P05-S11:GS01:p0008,west,7,0,6
8668,CP-AP-r001:S-P05-S11:GS01:p0009,west,7,0,1
8669,CP-AP-r001:S-P05-S11:GS01:p0010,west,6,0,4
8670,CP-AP-r001:S-P05-S11:GS01:p0011,west,6,0,0
8671,CP-AP-r001:S-P05-S11:GS02:p0001,west,7,0,6
8672,CP-AP-r001:S-P05-S11:GS02:p0002,west,6,0,6
8673,CP-AP-r001:S-P05-S11:GS02:p0003,west,7,0,2
8674,CP-AP-r001:S-P05-S11:GS02:p0004,west,7,0,6
8675,CP-AP-r001:S-P05-S11:GS02:p0005,west,4,0,0
8676,CP-AP-r001:S-P05-S11:GS02:p0006,west,5,0,6
8677,CP-AP-r001:S-P05-S11:GS02:p0007,west,8,0,3
8678,CP-AP-r001:S-P05-S11:GS02:p0008,west,6,0,6
8679,CP-AP-r001:S-P05-S11:GS02:p0009,west,8,0,1
8680,CP-AP-r001:S-P05-S11:GS02:p0010,west,6,0,6
8681,CP-AP-r001:S-P05-S11:GS02:p0011,west,7,0,4
8682,CP-AP-r001:S-P05-S11:GS03:p0001,west,7,0,6
8683,CP-AP-r001:S-P05-S11:GS03:p0002,west,6,0,6
8684,CP-AP-r001:S-P05-S11:GS03:p0003,west,6,0,6
8685,CP-AP-r001:S-P05-S11:GS03:p0004,west,7,0,2
8686,CP-AP-r001:S-P05-S11:GS03:p0005,west,7,0,6
8687,CP-AP-r001:S-P05-S11:GS03:p0006,west,5,0,6
8688,CP-AP-r001:S-P05-S11:GS03:p0007,west,6,0,6
8689,CP-AP-r001:S-P05-S11:GS03:p0008,west,7,0,3
8690,CP-AP-r001:S-P05-S11:GS03:p0009,west,7,0,6
8691,CP-AP-r001:S-P05-S11:GS03:p0010,west,6,0,6
8692,CP-AP-r001:S-P05-S11:GS03:p0011,west,7,0,4
8693,CP-AP-r001:S-P05-S11:GS04:p0001,east,0,7,2
8694,CP-AP-r001:S-P05-S11:GS04:p0002,east,0,7,6
8695,CP-AP-r001:S-P05-S11:GS04:p0003,east,0,6,5
8696,CP-AP-r001:S-P05-S11:GS04:p0004,east,0,7,6
8697,CP-AP-r001:S-P05-S11:GS04:p0005,east,0,7,1
8698,CP-AP-r001:S-P05-S11:GS04:p0006,east,0,7,6
8699,CP-AP-r001:S-P05-S11:GS04:p0007,east,0,6,5
8700,CP-AP-r001:S-P05-S11:GS04:p0008,east,0,7,6
8701,CP-AP-r001:S-P05-S11:GS04:p0009,east,0,8,0
8702,CP-AP-r001:S-P05-S11:GS04:p0010,east,0,6,6
8703,CP-AP-r001:S-P05-S11:GS04:p0011,east,0,6,5
8704,CP-AP-r001:S-P05-S11:GS04:p0012,east,0,7,6
8705,CP-AP-r001:S-P05-S11:GS05:p0001,east,0,7,2
8706,CP-AP-r001:S-P05-S11:GS05:p0002,east,0,7,6
8707,CP-AP-r001:S-P05-S11:GS05:p0003,east,0,7,5
8708,CP-AP-r001:S-P05-S11:GS05:p0004,east,0,7,1
8709,CP-AP-r001:S-P05-S11:GS05:p0005,east,0,7,6
8710,CP-AP-r001:S-P05-S11:GS05:p0006,east,0,6,5
8711,CP-AP-r001:S-P05-S11:GS05:p0007,east,0,7,6
8712,CP-AP-r001:S-P05-S11:GS05:p0008,east,0,7,0
8713,CP-AP-r001:S-P05-S11:GS05:p0009,east,0,7,6
8714,CP-AP-r001:S-P05-S11:GS05:p0010,east,0,6,5
8715,CP-AP-r001:S-P05-S11:GS05:p0011,east,0,8,6
8716,CP-AP-r001:S-P05-S11:GS06:p0001,east,0,7,2
8717,CP-AP-r001:S-P05-S11:GS06:p0002,east,0,4,6
8718,CP-AP-r001:S-P05-S11:GS06:p0003,east,0,5,0
8719,CP-AP-r001:S-P05-S11:GS06:p0004,east,0,8,5
8720,CP-AP-r001:S-P05-S11:GS06:p0005,east,0,7,1
8721,CP-AP-r001:S-P05-S11:GS06:p0006,east,0,6,6
8722,CP-AP-r001:S-P05-S11:GS06:p0007,east,0,6,0
8723,CP-AP-r001:S-P05-S11:GS06:p0008,east,0,7,5
8724,CP-AP-r001:S-P05-S11:GS06:p0009,east,0,7,0
8725,CP-AP-r001:S-P05-S11:GS06:p0010,east,0,7,6
8726,CP-AP-r001:S-P05-S11:GS06:p0011,east,0,7,5
8727,CP-AP-r001:S-P05-S11:GS07:p0001,west,8,0,6
8728,CP-AP-r001:S-P05-S11:GS07:p0002,west,8,0,0
8729,CP-AP-r001:S-P05-S11:GS07:p0003,west,8,0,6
8730,CP-AP-r001:S-P05-S11:GS07:p0004,west,9,0,2
8731,CP-AP-r001:S-P05-S11:GS07:p0005,west,10,0,6
8732,CP-AP-r001:S-P05-S11:GS07:p0006,west,8,0,0
8733,CP-AP-r001:S-P05-S11:GS07:p0007,west,8,0,6
8734,CP-AP-r001:S-P05-S11:GS07:p0008,west,9,0,3
8735,CP-AP-r001:S-P05-S11:GS07:p0009,west,10,0,6
8736,CP-AP-r001:S-P05-S11:GS07:p0010,west,8,0,1
8737,CP-AP-r001:S-P05-S11:GS07:p0011,west,5,0,6
8738,CP-AP-r001:S-P05-S11:GS07:p0012,west,7,0,4
8739,CP-AP-r001:S-P05-S11:GS07:p0013,west,8,0,0
8740,CP-AP-r001:S-P05-S11:GS08:p0001,west,9,0,6
8741,CP-AP-r001:S-P05-S11:GS08:p0002,west,9,0,0
8742,CP-AP-r001:S-P05-S11:GS08:p0003,west,7,0,6
8743,CP-AP-r001:S-P05-S11:GS08:p0004,west,7,0,2
8744,CP-AP-r001:S-P05-S11:GS08:p0005,west,8,0,6
8745,CP-AP-r001:S-P05-S11:GS08:p0006,west,9,0,0
8746,CP-AP-r001:S-P05-S11:GS08:p0007,west,7,0,6
8747,CP-AP-r001:S-P05-S11:GS08:p0008,west,7,0,3
8748,CP-AP-r001:S-P05-S11:GS08:p0009,west,8,0,6
8749,CP-AP-r001:S-P05-S11:GS08:p0010,west,8,0,1
8750,CP-AP-r001:S-P05-S11:GS08:p0011,west,8,0,6
8751,CP-AP-r001:S-P05-S11:GS08:p0012,west,8,0,4
8752,CP-AP-r001:S-P05-S11:GS09:p0001,west,7,0,6
8753,CP-AP-r001:S-P05-S11:GS09:p0002,west,7,0,6
8754,CP-AP-r001:S-P05-S11:GS09:p0003,west,7,0,0
8755,CP-AP-r001:S-P05-S11:GS09:p0004,west,7,0,6
8756,CP-AP-r001:S-P05-S11:GS09:p0005,west,8,0,2
8757,CP-AP-r001:S-P05-S11:GS09:p0006,west,7,0,6
8758,CP-AP-r001:S-P05-S11:GS09:p0007,west,8,0,0
8759,CP-AP-r001:S-P05-S11:GS09:p0008,west,7,0,6
8760,CP-AP-r001:S-P05-S11:GS09:p0009,west,6,0,3
8761,CP-AP-r001:S-P05-S11:GS09:p0010,west,7,0,6
8762,CP-AP-r001:S-P05-S11:GS09:p0011,west,9,0,1
8763,CP-AP-r001:S-P05-S11:GS09:p0012,west,7,0,6
8764,CP-AP-r001:S-P05-S11:GS09:p0013,west,8,0,4
8765,CP-AP-r001:S-P05-S11:GS10:p0001,east,0,10,2
8766,CP-AP-r001:S-P05-S11:GS10:p0002,east,0,8,6
8767,CP-AP-r001:S-P05-S11:GS10:p0003,east,0,7,0
8768,CP-AP-r001:S-P05-S11:GS10:p0004,east,0,8,5
8769,CP-AP-r001:S-P05-S11:GS10:p0005,east,0,7,6
8770,CP-AP-r001:S-P05-S11:GS10:p0006,east,0,9,1
8771,CP-AP-r001:S-P05-S11:GS10:p0007,east,0,8,6
8772,CP-AP-r001:S-P05-S11:GS10:p0008,east,0,8,5
8773,CP-AP-r001:S-P05-S11:GS10:p0009,east,0,8,6
8774,CP-AP-r001:S-P05-S11:GS10:p0010,east,0,8,0
8775,CP-AP-r001:S-P05-S11:GS10:p0011,east,0,8,6
8776,CP-AP-r001:S-P05-S11:GS10:p0012,east,0,6,5
8777,CP-AP-r001:S-P05-S11:GS10:p0013,east,0,8,5
8778,CP-AP-r001:S-P05-S11:GS10:p0014,east,0,8,6
8779,CP-AP-r001:S-P05-S11:GS11:p0001,east,0,8,2
8780,CP-AP-r001:S-P05-S11:GS11:p0002,east,0,8,6
8781,CP-AP-r001:S-P05-S11:GS11:p0003,east,0,8,0
8782,CP-AP-r001:S-P05-S11:GS11:p0004,east,0,9,5
8783,CP-AP-r001:S-P05-S11:GS11:p0005,east,0,11,1
8784,CP-AP-r001:S-P05-S11:GS11:p0006,east,0,8,6
8785,CP-AP-r001:S-P05-S11:GS11:p0007,east,0,5,0
8786,CP-AP-r001:S-P05-S11:GS11:p0008,east,0,7,5
8787,CP-AP-r001:S-P05-S11:GS11:p0009,east,0,10,0
8788,CP-AP-r001:S-P05-S11:GS11:p0010,east,0,8,6
8789,CP-AP-r001:S-P05-S11:GS11:p0011,east,0,5,0
8790,CP-AP-r001:S-P05-S11:GS11:p0012,east,0,8,5
8791,CP-AP-r001:S-P05-S11:GS11:p0013,east,0,8,6
8792,CP-AP-r001:S-P05-S11:GS12:p0001,east,0,8,2
8793,CP-AP-r001:S-P05-S11:GS12:p0002,east,0,10,6
8794,CP-AP-r001:S-P05-S11:GS12:p0003,east,0,7,0
8795,CP-AP-r001:S-P05-S11:GS12:p0004,east,0,7,5
8796,CP-AP-r001:S-P05-S11:GS12:p0005,east,0,8,1
8797,CP-AP-r001:S-P05-S11:GS12:p0006,east,0,8,6
8798,CP-AP-r001:S-P05-S11:GS12:p0007,east,0,7,0
8799,CP-AP-r001:S-P05-S11:GS12:p0008,east,0,8,5
8800,CP-AP-r001:S-P05-S11:GS12:p0009,east,0,8,0
8801,CP-AP-r001:S-P05-S11:GS12:p0010,east,0,8,6
8802,CP-AP-r001:S-P05-S11:GS12:p0011,east,0,8,0
8803,CP-AP-r001:S-P05-S11:GS12:p0012,east,0,9,5
8804,CP-AP-r001:S-P05-S12:GS01:p0001,west,6,0,6
8805,CP-AP-r001:S-P05-S12:GS01:p0002,west,6,0,0
8806,CP-AP-r001:S-P05-S12:GS01:p0003,west,7,0,3
8807,CP-AP-r001:S-P05-S12:GS01:p0004,west,6,0,6
8808,CP-AP-r001:S-P05-S12:GS01:p0005,west,6,0,0
8809,CP-AP-r001:S-P05-S12:GS01:p0006,west,7,0,3
8810,CP-AP-r001:S-P05-S12:GS01:p0007,west,6,0,0
8811,CP-AP-r001:S-P05-S12:GS01:p0008,west,6,0,6
8812,CP-AP-r001:S-P05-S12:GS01:p0009,west,6,0,1
8813,CP-AP-r001:S-P05-S12:GS01:p0010,west,7,0,4
8814,CP-AP-r001:S-P05-S12:GS01:p0011,west,4,0,0
8815,CP-AP-r001:S-P05-S12:GS02:p0001,west,6,0,6
8816,CP-AP-r001:S-P05-S12:GS02:p0002,west,7,0,0
8817,CP-AP-r001:S-P05-S12:GS02:p0003,west,7,0,6
8818,CP-AP-r001:S-P05-S12:GS02:p0004,west,6,0,3
8819,CP-AP-r001:S-P05-S12:GS02:p0005,west,6,0,6
8820,CP-AP-r001:S-P05-S12:GS02:p0006,west,5,0,0
8821,CP-AP-r001:S-P05-S12:GS02:p0007,west,5,0,6
8822,CP-AP-r001:S-P05-S12:GS02:p0008,west,7,0,3
8823,CP-AP-r001:S-P05-S12:GS02:p0009,west,4,0,6
8824,CP-AP-r001:S-P05-S12:GS02:p0010,west,6,0,1
8825,CP-AP-r001:S-P05-S12:GS02:p0011,west,4,0,6
8826,CP-AP-r001:S-P05-S12:GS02:p0012,west,7,0,4
8827,CP-AP-r001:S-P05-S12:GS03:p0001,west,7,0,6
8828,CP-AP-r001:S-P05-S12:GS03:p0002,west,6,0,6
8829,CP-AP-r001:S-P05-S12:GS03:p0003,west,7,0,6
8830,CP-AP-r001:S-P05-S12:GS03:p0004,west,6,0,3
8831,CP-AP-r001:S-P05-S12:GS03:p0005,west,7,0,6
8832,CP-AP-r001:S-P05-S12:GS03:p0006,west,4,0,6
8833,CP-AP-r001:S-P05-S12:GS03:p0007,west,7,0,6
8834,CP-AP-r001:S-P05-S12:GS03:p0008,west,6,0,3
8835,CP-AP-r001:S-P05-S12:GS03:p0009,west,6,0,6
8836,CP-AP-r001:S-P05-S12:GS03:p0010,west,7,0,6
8837,CP-AP-r001:S-P05-S12:GS03:p0011,west,6,0,4
8838,CP-AP-r001:S-P05-S12:GS04:p0001,east,0,6,2
8839,CP-AP-r001:S-P05-S12:GS04:p0002,east,0,6,6
8840,CP-AP-r001:S-P05-S12:GS04:p0003,east,0,6,5
8841,CP-AP-r001:S-P05-S12:GS04:p0004,east,0,6,6
8842,CP-AP-r001:S-P05-S12:GS04:p0005,east,0,7,1
8843,CP-AP-r001:S-P05-S12:GS04:p0006,east,0,6,6
8844,CP-AP-r001:S-P05-S12:GS04:p0007,east,0,7,5
8845,CP-AP-r001:S-P05-S12:GS04:p0008,east,0,6,6
8846,CP-AP-r001:S-P05-S12:GS04:p0009,east,0,8,0
8847,CP-AP-r001:S-P05-S12:GS04:p0010,east,0,6,6
8848,CP-AP-r001:S-P05-S12:GS04:p0011,east,0,7,5
8849,CP-AP-r001:S-P05-S12:GS04:p0012,east,0,6,6
8850,CP-AP-r001:S-P05-S12:GS05:p0001,east,0,6,2
8851,CP-AP-r001:S-P05-S12:GS05:p0002,east,0,6,6
8852,CP-AP-r001:S-P05-S12:GS05:p0003,east,0,7,5
8853,CP-AP-r001:S-P05-S12:GS05:p0004,east,0,6,6
8854,CP-AP-r001:S-P05-S12:GS05:p0005,east,0,6,1
8855,CP-AP-r001:S-P05-S12:GS05:p0006,east,0,6,6
8856,CP-AP-r001:S-P05-S12:GS05:p0007,east,0,7,5
8857,CP-AP-r001:S-P05-S12:GS05:p0008,east,0,4,6
8858,CP-AP-r001:S-P05-S12:GS05:p0009,east,0,6,0
8859,CP-AP-r001:S-P05-S12:GS05:p0010,east,0,6,6
8860,CP-AP-r001:S-P05-S12:GS05:p0011,east,0,6,5
8861,CP-AP-r001:S-P05-S12:GS05:p0012,east,0,6,6
8862,CP-AP-r001:S-P05-S12:GS06:p0001,east,0,6,2
8863,CP-AP-r001:S-P05-S12:GS06:p0002,east,0,6,6
8864,CP-AP-r001:S-P05-S12:GS06:p0003,east,0,6,0
8865,CP-AP-r001:S-P05-S12:GS06:p0004,east,0,7,5
8866,CP-AP-r001:S-P05-S12:GS06:p0005,east,0,5,1
8867,CP-AP-r001:S-P05-S12:GS06:p0006,east,0,5,6
8868,CP-AP-r001:S-P05-S12:GS06:p0007,east,0,4,0
8869,CP-AP-r001:S-P05-S12:GS06:p0008,east,0,7,5
8870,CP-AP-r001:S-P05-S12:GS06:p0009,east,0,6,0
8871,CP-AP-r001:S-P05-S12:GS06:p0010,east,0,6,6
8872,CP-AP-r001:S-P05-S12:GS06:p0011,east,0,7,5
8873,CP-AP-r001:S-P05-S12:GS07:p0001,west,7,0,6
8874,CP-AP-r001:S-P05-S12:GS07:p0002,west,7,0,0
8875,CP-AP-r001:S-P05-S12:GS07:p0003,west,9,0,6
8876,CP-AP-r001:S-P05-S12:GS07:p0004,west,9,0,3
8877,CP-AP-r001:S-P05-S12:GS07:p0005,west,9,0,6
8878,CP-AP-r001:S-P05-S12:GS07:p0006,west,7,0,0
8879,CP-AP-r001:S-P05-S12:GS07:p0007,west,8,0,6
8880,CP-AP-r001:S-P05-S12:GS07:p0008,west,8,0,3
8881,CP-AP-r001:S-P05-S12:GS07:p0009,west,10,0,6
8882,CP-AP-r001:S-P05-S12:GS07:p0010,west,7,0,1
8883,CP-AP-r001:S-P05-S12:GS07:p0011,west,6,0,6
8884,CP-AP-r001:S-P05-S12:GS07:p0012,west,7,0,4
8885,CP-AP-r001:S-P05-S12:GS07:p0013,west,5,0,0
8886,CP-AP-r001:S-P05-S12:GS08:p0001,west,9,0,6
8887,CP-AP-r001:S-P05-S12:GS08:p0002,west,8,0,0
8888,CP-AP-r001:S-P05-S12:GS08:p0003,west,8,0,6
8889,CP-AP-r001:S-P05-S12:GS08:p0004,west,8,0,3
8890,CP-AP-r001:S-P05-S12:GS08:p0005,west,8,0,6
8891,CP-AP-r001:S-P05-S12:GS08:p0006,west,7,0,0
8892,CP-AP-r001:S-P05-S12:GS08:p0007,west,8,0,6
8893,CP-AP-r001:S-P05-S12:GS08:p0008,west,8,0,3
8894,CP-AP-r001:S-P05-S12:GS08:p0009,west,7,0,6
8895,CP-AP-r001:S-P05-S12:GS08:p0010,west,7,0,1
8896,CP-AP-r001:S-P05-S12:GS08:p0011,west,10,0,6
8897,CP-AP-r001:S-P05-S12:GS08:p0012,west,8,0,4
8898,CP-AP-r001:S-P05-S12:GS09:p0001,west,9,0,6
8899,CP-AP-r001:S-P05-S12:GS09:p0002,west,8,0,6
8900,CP-AP-r001:S-P05-S12:GS09:p0003,west,6,0,0
8901,CP-AP-r001:S-P05-S12:GS09:p0004,west,8,0,6
8902,CP-AP-r001:S-P05-S12:GS09:p0005,west,8,0,3
8903,CP-AP-r001:S-P05-S12:GS09:p0006,west,8,0,6
8904,CP-AP-r001:S-P05-S12:GS09:p0007,west,7,0,0
8905,CP-AP-r001:S-P05-S12:GS09:p0008,west,8,0,6
8906,CP-AP-r001:S-P05-S12:GS09:p0009,west,8,0,3
8907,CP-AP-r001:S-P05-S12:GS09:p0010,west,7,0,6
8908,CP-AP-r001:S-P05-S12:GS09:p0011,west,8,0,1
8909,CP-AP-r001:S-P05-S12:GS09:p0012,west,8,0,6
8910,CP-AP-r001:S-P05-S12:GS09:p0013,west,8,0,4
8911,CP-AP-r001:S-P05-S12:GS10:p0001,east,0,10,2
8912,CP-AP-r001:S-P05-S12:GS10:p0002,east,0,8,6
8913,CP-AP-r001:S-P05-S12:GS10:p0003,east,0,8,5
8914,CP-AP-r001:S-P05-S12:GS10:p0004,east,0,5,6
8915,CP-AP-r001:S-P05-S12:GS10:p0005,east,0,10,1
8916,CP-AP-r001:S-P05-S12:GS10:p0006,east,0,8,6
8917,CP-AP-r001:S-P05-S12:GS10:p0007,east,0,8,5
8918,CP-AP-r001:S-P05-S12:GS10:p0008,east,0,8,6
8919,CP-AP-r001:S-P05-S12:GS10:p0009,east,0,10,0
8920,CP-AP-r001:S-P05-S12:GS10:p0010,east,0,8,6
8921,CP-AP-r001:S-P05-S12:GS10:p0011,east,0,5,5
8922,CP-AP-r001:S-P05-S12:GS10:p0012,east,0,8,5
8923,CP-AP-r001:S-P05-S12:GS10:p0013,east,0,8,6
8924,CP-AP-r001:S-P05-S12:GS11:p0001,east,0,7,2
8925,CP-AP-r001:S-P05-S12:GS11:p0002,east,0,7,6
8926,CP-AP-r001:S-P05-S12:GS11:p0003,east,0,9,0
8927,CP-AP-r001:S-P05-S12:GS11:p0004,east,0,8,5
8928,CP-AP-r001:S-P05-S12:GS11:p0005,east,0,11,1
8929,CP-AP-r001:S-P05-S12:GS11:p0006,east,0,7,6
8930,CP-AP-r001:S-P05-S12:GS11:p0007,east,0,6,0
8931,CP-AP-r001:S-P05-S12:GS11:p0008,east,0,7,5
8932,CP-AP-r001:S-P05-S12:GS11:p0009,east,0,10,0
8933,CP-AP-r001:S-P05-S12:GS11:p0010,east,0,8,6
8934,CP-AP-r001:S-P05-S12:GS11:p0011,east,0,7,0
8935,CP-AP-r001:S-P05-S12:GS11:p0012,east,0,8,5
8936,CP-AP-r001:S-P05-S12:GS11:p0013,east,0,6,6
8937,CP-AP-r001:S-P05-S12:GS12:p0001,east,0,8,2
8938,CP-AP-r001:S-P05-S12:GS12:p0002,east,0,7,6
8939,CP-AP-r001:S-P05-S12:GS12:p0003,east,0,8,0
8940,CP-AP-r001:S-P05-S12:GS12:p0004,east,0,8,5
8941,CP-AP-r001:S-P05-S12:GS12:p0005,east,0,7,1
8942,CP-AP-r001:S-P05-S12:GS12:p0006,east,0,7,6
8943,CP-AP-r001:S-P05-S12:GS12:p0007,east,0,9,0
8944,CP-AP-r001:S-P05-S12:GS12:p0008,east,0,8,5
8945,CP-AP-r001:S-P05-S12:GS12:p0009,east,0,7,0
8946,CP-AP-r001:S-P05-S12:GS12:p0010,east,0,7,6
8947,CP-AP-r001:S-P05-S12:GS12:p0011,east,0,9,0
8948,CP-AP-r001:S-P05-S12:GS12:p0012,east,0,9,5
8949,CP-AP-r001:S-P06-S01:GS01:p0001,west,7,0,6
8950,CP-AP-r001:S-P06-S01:GS01:p0002,west,7,0,1
8951,CP-AP-r001:S-P06-S01:GS01:p0003,west,10,0,4
8952,CP-AP-r001:S-P06-S01:GS01:p0004,west,6,0,0
8953,CP-AP-r001:S-P06-S01:GS01:p0005,west,7,0,6
8954,CP-AP-r001:S-P06-S01:GS01:p0006,west,7,0,1
8955,CP-AP-r001:S-P06-S01:GS01:p0007,west,8,0,5
8956,CP-AP-r001:S-P06-S01:GS01:p0008,west,8,0,0
8957,CP-AP-r001:S-P06-S01:GS01:p0009,west,7,0,6
8958,CP-AP-r001:S-P06-S01:GS01:p0010,west,7,0,1
8959,CP-AP-r001:S-P06-S01:GS01:p0011,west,8,0,6
8960,CP-AP-r001:S-P06-S01:GS01:p0012,west,7,0,0
8961,CP-AP-r001:S-P06-S01:GS02:p0001,west,5,0,6
8962,CP-AP-r001:S-P06-S01:GS02:p0002,west,8,0,1
8963,CP-AP-r001:S-P06-S01:GS02:p0003,west,7,0,6
8964,CP-AP-r001:S-P06-S01:GS02:p0004,west,8,0,4
8965,CP-AP-r001:S-P06-S01:GS02:p0005,west,7,0,6
8966,CP-AP-r001:S-P06-S01:GS02:p0006,west,7,0,1
8967,CP-AP-r001:S-P06-S01:GS02:p0007,west,8,0,5
8968,CP-AP-r001:S-P06-S01:GS02:p0008,west,7,0,6
8969,CP-AP-r001:S-P06-S01:GS02:p0009,west,7,0,1
8970,CP-AP-r001:S-P06-S01:GS02:p0010,west,9,0,6
8971,CP-AP-r001:S-P06-S01:GS02:p0011,west,7,0,0
8972,CP-AP-r001:S-P06-S01:GS03:p0001,west,7,0,6
8973,CP-AP-r001:S-P06-S01:GS03:p0002,west,8,0,6
8974,CP-AP-r001:S-P06-S01:GS03:p0003,west,7,0,4
8975,CP-AP-r001:S-P06-S01:GS03:p0004,west,7,0,6
8976,CP-AP-r001:S-P06-S01:GS03:p0005,west,4,0,1
8977,CP-AP-r001:S-P06-S01:GS03:p0006,west,7,0,6
8978,CP-AP-r001:S-P06-S01:GS03:p0007,west,10,0,5
8979,CP-AP-r001:S-P06-S01:GS03:p0008,west,7,0,6
8980,CP-AP-r001:S-P06-S01:GS03:p0009,west,5,0,1
8981,CP-AP-r001:S-P06-S01:GS03:p0010,west,6,0,6
8982,CP-AP-r001:S-P06-S01:GS03:p0011,west,8,0,6
8983,CP-AP-r001:S-P06-S01:GS04:p0001,east,0,8,0
8984,CP-AP-r001:S-P06-S01:GS04:p0002,east,0,6,6
8985,CP-AP-r001:S-P06-S01:GS04:p0003,east,0,8,5
8986,CP-AP-r001:S-P06-S01:GS04:p0004,east,0,7,6
8987,CP-AP-r001:S-P06-S01:GS04:p0005,east,0,6,0
8988,CP-AP-r001:S-P06-S01:GS04:p0006,east,0,5,6
8989,CP-AP-r001:S-P06-S01:GS04:p0007,east,0,8,4
8990,CP-AP-r001:S-P06-S01:GS04:p0008,east,0,7,6
8991,CP-AP-r001:S-P06-S01:GS04:p0009,east,0,7,0
8992,CP-AP-r001:S-P06-S01:GS04:p0010,east,0,7,6
8993,CP-AP-r001:S-P06-S01:GS04:p0011,east,0,8,3
8994,CP-AP-r001:S-P06-S01:GS04:p0012,east,0,7,6
8995,CP-AP-r001:S-P06-S01:GS05:p0001,east,0,7,0
8996,CP-AP-r001:S-P06-S01:GS05:p0002,east,0,7,6
8997,CP-AP-r001:S-P06-S01:GS05:p0003,east,0,8,5
8998,CP-AP-r001:S-P06-S01:GS05:p0004,east,0,8,6
8999,CP-AP-r001:S-P06-S01:GS05:p0005,east,0,7,0
9000,CP-AP-r001:S-P06-S01:GS05:p0006,east,0,7,6
9001,CP-AP-r001:S-P06-S01:GS05:p0007,east,0,8,4
9002,CP-AP-r001:S-P06-S01:GS05:p0008,east,0,7,6
9003,CP-AP-r001:S-P06-S01:GS05:p0009,east,0,8,0
9004,CP-AP-r001:S-P06-S01:GS05:p0010,east,0,7,6
9005,CP-AP-r001:S-P06-S01:GS05:p0011,east,0,8,3
9006,CP-AP-r001:S-P06-S01:GS05:p0012,east,0,7,6
9007,CP-AP-r001:S-P06-S01:GS06:p0001,east,0,7,0
9008,CP-AP-r001:S-P06-S01:GS06:p0002,east,0,7,6
9009,CP-AP-r001:S-P06-S01:GS06:p0003,east,0,8,5
9010,CP-AP-r001:S-P06-S01:GS06:p0004,east,0,7,0
9011,CP-AP-r001:S-P06-S01:GS06:p0005,east,0,7,6
9012,CP-AP-r001:S-P06-S01:GS06:p0006,east,0,8,4
9013,CP-AP-r001:S-P06-S01:GS06:p0007,east,0,7,6
9014,CP-AP-r001:S-P06-S01:GS06:p0008,east,0,7,0
9015,CP-AP-r001:S-P06-S01:GS06:p0009,east,0,7,6
9016,CP-AP-r001:S-P06-S01:GS06:p0010,east,0,9,3
9017,CP-AP-r001:S-P06-S01:GS06:p0011,east,0,6,6
9018,CP-AP-r001:S-P06-S01:GS07:p0001,west,10,0,6
9019,CP-AP-r001:S-P06-S01:GS07:p0002,west,8,0,1
9020,CP-AP-r001:S-P06-S01:GS07:p0003,west,8,0,6
9021,CP-AP-r001:S-P06-S01:GS07:p0004,west,8,0,4
9022,CP-AP-r001:S-P06-S01:GS07:p0005,west,8,0,0
9023,CP-AP-r001:S-P06-S01:GS07:p0006,west,10,0,6
9024,CP-AP-r001:S-P06-S01:GS07:p0007,west,8,0,1
9025,CP-AP-r001:S-P06-S01:GS07:p0008,west,9,0,6
9026,CP-AP-r001:S-P06-S01:GS07:p0009,west,8,0,5
9027,CP-AP-r001:S-P06-S01:GS07:p0010,west,8,0,0
9028,CP-AP-r001:S-P06-S01:GS07:p0011,west,9,0,6
9029,CP-AP-r001:S-P06-S01:GS07:p0012,west,8,0,1
9030,CP-AP-r001:S-P06-S01:GS07:p0013,west,8,0,6
9031,CP-AP-r001:S-P06-S01:GS07:p0014,west,8,0,0
9032,CP-AP-r001:S-P06-S01:GS08:p0001,west,8,0,6
9033,CP-AP-r001:S-P06-S01:GS08:p0002,west,8,0,1
9034,CP-AP-r001:S-P06-S01:GS08:p0003,west,9,0,6
9035,CP-AP-r001:S-P06-S01:GS08:p0004,west,10,0,4
9036,CP-AP-r001:S-P06-S01:GS08:p0005,west,8,0,6
9037,CP-AP-r001:S-P06-S01:GS08:p0006,west,8,0,1
9038,CP-AP-r001:S-P06-S01:GS08:p0007,west,9,0,6
9039,CP-AP-r001:S-P06-S01:GS08:p0008,west,10,0,5
9040,CP-AP-r001:S-P06-S01:GS08:p0009,west,10,0,6
9041,CP-AP-r001:S-P06-S01:GS08:p0010,west,8,0,1
9042,CP-AP-r001:S-P06-S01:GS08:p0011,west,8,0,6
9043,CP-AP-r001:S-P06-S01:GS08:p0012,west,8,0,6
9044,CP-AP-r001:S-P06-S01:GS09:p0001,west,7,0,6
9045,CP-AP-r001:S-P06-S01:GS09:p0002,west,9,0,1
9046,CP-AP-r001:S-P06-S01:GS09:p0003,west,8,0,6
9047,CP-AP-r001:S-P06-S01:GS09:p0004,west,9,0,4
9048,CP-AP-r001:S-P06-S01:GS09:p0005,west,8,0,6
9049,CP-AP-r001:S-P06-S01:GS09:p0006,west,10,0,1
9050,CP-AP-r001:S-P06-S01:GS09:p0007,west,8,0,6
9051,CP-AP-r001:S-P06-S01:GS09:p0008,west,9,0,5
9052,CP-AP-r001:S-P06-S01:GS09:p0009,west,8,0,6
9053,CP-AP-r001:S-P06-S01:GS09:p0010,west,8,0,1
9054,CP-AP-r001:S-P06-S01:GS09:p0011,west,8,0,6
9055,CP-AP-r001:S-P06-S01:GS09:p0012,west,10,0,6
9056,CP-AP-r001:S-P06-S01:GS10:p0001,east,0,9,0
9057,CP-AP-r001:S-P06-S01:GS10:p0002,east,0,8,6
9058,CP-AP-r001:S-P06-S01:GS10:p0003,east,0,6,5
9059,CP-AP-r001:S-P06-S01:GS10:p0004,east,0,8,5
9060,CP-AP-r001:S-P06-S01:GS10:p0005,east,0,10,6
9061,CP-AP-r001:S-P06-S01:GS10:p0006,east,0,8,0
9062,CP-AP-r001:S-P06-S01:GS10:p0007,east,0,7,6
9063,CP-AP-r001:S-P06-S01:GS10:p0008,east,0,6,6
9064,CP-AP-r001:S-P06-S01:GS10:p0009,east,0,8,4
9065,CP-AP-r001:S-P06-S01:GS10:p0010,east,0,10,6
9066,CP-AP-r001:S-P06-S01:GS10:p0011,east,0,7,6
9067,CP-AP-r001:S-P06-S01:GS10:p0012,east,0,8,6
9068,CP-AP-r001:S-P06-S01:GS10:p0013,east,0,8,3
9069,CP-AP-r001:S-P06-S01:GS10:p0014,east,0,9,6
9070,CP-AP-r001:S-P06-S01:GS11:p0001,east,0,10,0
9071,CP-AP-r001:S-P06-S01:GS11:p0002,east,0,8,6
9072,CP-AP-r001:S-P06-S01:GS11:p0003,east,0,8,0
9073,CP-AP-r001:S-P06-S01:GS11:p0004,east,0,8,5
9074,CP-AP-r001:S-P06-S01:GS11:p0005,east,0,9,6
9075,CP-AP-r001:S-P06-S01:GS11:p0006,east,0,9,0
9076,CP-AP-r001:S-P06-S01:GS11:p0007,east,0,8,6
9077,CP-AP-r001:S-P06-S01:GS11:p0008,east,0,8,4
9078,CP-AP-r001:S-P06-S01:GS11:p0009,east,0,8,6
9079,CP-AP-r001:S-P06-S01:GS11:p0010,east,0,8,0
9080,CP-AP-r001:S-P06-S01:GS11:p0011,east,0,8,6
9081,CP-AP-r001:S-P06-S01:GS11:p0012,east,0,8,3
9082,CP-AP-r001:S-P06-S01:GS11:p0013,east,0,8,6
9083,CP-AP-r001:S-P06-S01:GS12:p0001,east,0,9,0
9084,CP-AP-r001:S-P06-S01:GS12:p0002,east,0,8,6
9085,CP-AP-r001:S-P06-S01:GS12:p0003,east,0,10,0
9086,CP-AP-r001:S-P06-S01:GS12:p0004,east,0,10,5
9087,CP-AP-r001:S-P06-S01:GS12:p0005,east,0,10,0
9088,CP-AP-r001:S-P06-S01:GS12:p0006,east,0,8,6
9089,CP-AP-r001:S-P06-S01:GS12:p0007,east,0,9,0
9090,CP-AP-r001:S-P06-S01:GS12:p0008,east,0,8,4
9091,CP-AP-r001:S-P06-S01:GS12:p0009,east,0,10,0
9092,CP-AP-r001:S-P06-S01:GS12:p0010,east,0,8,6
9093,CP-AP-r001:S-P06-S01:GS12:p0011,east,0,9,0
9094,CP-AP-r001:S-P06-S01:GS12:p0012,east,0,8,3
9095,CP-AP-r001:S-P06-S01:GS12:p0013,east,0,8,6
9096,CP-AP-r001:S-P06-S02:GS01:p0001,west,6,0,6
9097,CP-AP-r001:S-P06-S02:GS01:p0002,west,6,0,1
9098,CP-AP-r001:S-P06-S02:GS01:p0003,west,10,0,4
9099,CP-AP-r001:S-P06-S02:GS01:p0004,west,4,0,0
9100,CP-AP-r001:S-P06-S02:GS01:p0005,west,6,0,6
9101,CP-AP-r001:S-P06-S02:GS01:p0006,west,6,0,1
9102,CP-AP-r001:S-P06-S02:GS01:p0007,west,8,0,5
9103,CP-AP-r001:S-P06-S02:GS01:p0008,west,6,0,0
9104,CP-AP-r001:S-P06-S02:GS01:p0009,west,6,0,6
9105,CP-AP-r001:S-P06-S02:GS01:p0010,west,6,0,1
9106,CP-AP-r001:S-P06-S02:GS01:p0011,west,8,0,6
9107,CP-AP-r001:S-P06-S02:GS01:p0012,west,6,0,0
9108,CP-AP-r001:S-P06-S02:GS02:p0001,west,4,0,6
9109,CP-AP-r001:S-P06-S02:GS02:p0002,west,6,0,1
9110,CP-AP-r001:S-P06-S02:GS02:p0003,west,7,0,6
9111,CP-AP-r001:S-P06-S02:GS02:p0004,west,8,0,4
9112,CP-AP-r001:S-P06-S02:GS02:p0005,west,6,0,6
9113,CP-AP-r001:S-P06-S02:GS02:p0006,west,6,0,1
9114,CP-AP-r001:S-P06-S02:GS02:p0007,west,8,0,5
9115,CP-AP-r001:S-P06-S02:GS02:p0008,west,6,0,6
9116,CP-AP-r001:S-P06-S02:GS02:p0009,west,6,0,1
9117,CP-AP-r001:S-P06-S02:GS02:p0010,west,9,0,6
9118,CP-AP-r001:S-P06-S02:GS02:p0011,west,4,0,0
9119,CP-AP-r001:S-P06-S02:GS03:p0001,west,6,0,6
9120,CP-AP-r001:S-P06-S02:GS03:p0002,west,8,0,6
9121,CP-AP-r001:S-P06-S02:GS03:p0003,west,6,0,4
9122,CP-AP-r001:S-P06-S02:GS03:p0004,west,6,0,6
9123,CP-AP-r001:S-P06-S02:GS03:p0005,west,6,0,1
9124,CP-AP-r001:S-P06-S02:GS03:p0006,west,8,0,6
9125,CP-AP-r001:S-P06-S02:GS03:p0007,west,9,0,5
9126,CP-AP-r001:S-P06-S02:GS03:p0008,west,5,0,6
9127,CP-AP-r001:S-P06-S02:GS03:p0009,west,5,0,1
9128,CP-AP-r001:S-P06-S02:GS03:p0010,west,7,0,6
9129,CP-AP-r001:S-P06-S02:GS03:p0011,west,8,0,6
9130,CP-AP-r001:S-P06-S02:GS04:p0001,east,0,8,0
9131,CP-AP-r001:S-P06-S02:GS04:p0002,east,0,6,6
9132,CP-AP-r001:S-P06-S02:GS04:p0003,east,0,8,5
9133,CP-AP-r001:S-P06-S02:GS04:p0004,east,0,6,6
9134,CP-AP-r001:S-P06-S02:GS04:p0005,east,0,6,0
9135,CP-AP-r001:S-P06-S02:GS04:p0006,east,0,4,6
9136,CP-AP-r001:S-P06-S02:GS04:p0007,east,0,8,4
9137,CP-AP-r001:S-P06-S02:GS04:p0008,east,0,6,6
9138,CP-AP-r001:S-P06-S02:GS04:p0009,east,0,7,0
9139,CP-AP-r001:S-P06-S02:GS04:p0010,east,0,6,6
9140,CP-AP-r001:S-P06-S02:GS04:p0011,east,0,8,3
9141,CP-AP-r001:S-P06-S02:GS04:p0012,east,0,6,6
9142,CP-AP-r001:S-P06-S02:GS05:p0001,east,0,6,0
9143,CP-AP-r001:S-P06-S02:GS05:p0002,east,0,6,6
9144,CP-AP-r001:S-P06-S02:GS05:p0003,east,0,8,5
9145,CP-AP-r001:S-P06-S02:GS05:p0004,east,0,6,6
9146,CP-AP-r001:S-P06-S02:GS05:p0005,east,0,6,0
9147,CP-AP-r001:S-P06-S02:GS05:p0006,east,0,6,6
9148,CP-AP-r001:S-P06-S02:GS05:p0007,east,0,8,4
9149,CP-AP-r001:S-P06-S02:GS05:p0008,east,0,6,6
9150,CP-AP-r001:S-P06-S02:GS05:p0009,east,0,7,0
9151,CP-AP-r001:S-P06-S02:GS05:p0010,east,0,6,6
9152,CP-AP-r001:S-P06-S02:GS05:p0011,east,0,8,3
9153,CP-AP-r001:S-P06-S02:GS05:p0012,east,0,6,6
9154,CP-AP-r001:S-P06-S02:GS06:p0001,east,0,6,0
9155,CP-AP-r001:S-P06-S02:GS06:p0002,east,0,6,6
9156,CP-AP-r001:S-P06-S02:GS06:p0003,east,0,8,5
9157,CP-AP-r001:S-P06-S02:GS06:p0004,east,0,6,0
9158,CP-AP-r001:S-P06-S02:GS06:p0005,east,0,6,6
9159,CP-AP-r001:S-P06-S02:GS06:p0006,east,0,8,4
9160,CP-AP-r001:S-P06-S02:GS06:p0007,east,0,6,6
9161,CP-AP-r001:S-P06-S02:GS06:p0008,east,0,6,0
9162,CP-AP-r001:S-P06-S02:GS06:p0009,east,0,6,6
9163,CP-AP-r001:S-P06-S02:GS06:p0010,east,0,9,3
9164,CP-AP-r001:S-P06-S02:GS06:p0011,east,0,4,6
9165,CP-AP-r001:S-P06-S02:GS07:p0001,west,11,0,6
9166,CP-AP-r001:S-P06-S02:GS07:p0002,west,7,0,1
9167,CP-AP-r001:S-P06-S02:GS07:p0003,west,9,0,6
9168,CP-AP-r001:S-P06-S02:GS07:p0004,west,8,0,4
9169,CP-AP-r001:S-P06-S02:GS07:p0005,west,4,0,0
9170,CP-AP-r001:S-P06-S02:GS07:p0006,west,10,0,6
9171,CP-AP-r001:S-P06-S02:GS07:p0007,west,8,0,1
9172,CP-AP-r001:S-P06-S02:GS07:p0008,west,10,0,6
9173,CP-AP-r001:S-P06-S02:GS07:p0009,west,8,0,5
9174,CP-AP-r001:S-P06-S02:GS07:p0010,west,6,0,0
9175,CP-AP-r001:S-P06-S02:GS07:p0011,west,10,0,6
9176,CP-AP-r001:S-P06-S02:GS07:p0012,west,8,0,1
9177,CP-AP-r001:S-P06-S02:GS07:p0013,west,8,0,6
9178,CP-AP-r001:S-P06-S02:GS07:p0014,west,8,0,0
9179,CP-AP-r001:S-P06-S02:GS08:p0001,west,7,0,6
9180,CP-AP-r001:S-P06-S02:GS08:p0002,west,7,0,1
9181,CP-AP-r001:S-P06-S02:GS08:p0003,west,10,0,6
9182,CP-AP-r001:S-P06-S02:GS08:p0004,west,10,0,4
9183,CP-AP-r001:S-P06-S02:GS08:p0005,west,7,0,6
9184,CP-AP-r001:S-P06-S02:GS08:p0006,west,7,0,1
9185,CP-AP-r001:S-P06-S02:GS08:p0007,west,10,0,6
9186,CP-AP-r001:S-P06-S02:GS08:p0008,west,10,0,5
9187,CP-AP-r001:S-P06-S02:GS08:p0009,west,10,0,6
9188,CP-AP-r001:S-P06-S02:GS08:p0010,west,7,0,1
9189,CP-AP-r001:S-P06-S02:GS08:p0011,west,9,0,6
9190,CP-AP-r001:S-P06-S02:GS08:p0012,west,8,0,6
9191,CP-AP-r001:S-P06-S02:GS09:p0001,west,7,0,6
9192,CP-AP-r001:S-P06-S02:GS09:p0002,west,8,0,1
9193,CP-AP-r001:S-P06-S02:GS09:p0003,west,8,0,6
9194,CP-AP-r001:S-P06-S02:GS09:p0004,west,8,0,4
9195,CP-AP-r001:S-P06-S02:GS09:p0005,west,8,0,6
9196,CP-AP-r001:S-P06-S02:GS09:p0006,west,8,0,1
9197,CP-AP-r001:S-P06-S02:GS09:p0007,west,8,0,6
9198,CP-AP-r001:S-P06-S02:GS09:p0008,west,9,0,5
9199,CP-AP-r001:S-P06-S02:GS09:p0009,west,7,0,6
9200,CP-AP-r001:S-P06-S02:GS09:p0010,west,7,0,1
9201,CP-AP-r001:S-P06-S02:GS09:p0011,west,9,0,6
9202,CP-AP-r001:S-P06-S02:GS09:p0012,west,10,0,6
9203,CP-AP-r001:S-P06-S02:GS10:p0001,east,0,10,0
9204,CP-AP-r001:S-P06-S02:GS10:p0002,east,0,8,6
9205,CP-AP-r001:S-P06-S02:GS10:p0003,east,0,5,5
9206,CP-AP-r001:S-P06-S02:GS10:p0004,east,0,8,5
9207,CP-AP-r001:S-P06-S02:GS10:p0005,east,0,9,6
9208,CP-AP-r001:S-P06-S02:GS10:p0006,east,0,9,0
9209,CP-AP-r001:S-P06-S02:GS10:p0007,east,0,7,6
9210,CP-AP-r001:S-P06-S02:GS10:p0008,east,0,5,6
9211,CP-AP-r001:S-P06-S02:GS10:p0009,east,0,8,4
9212,CP-AP-r001:S-P06-S02:GS10:p0010,east,0,9,6
9213,CP-AP-r001:S-P06-S02:GS10:p0011,east,0,7,6
9214,CP-AP-r001:S-P06-S02:GS10:p0012,east,0,8,6
9215,CP-AP-r001:S-P06-S02:GS10:p0013,east,0,8,3
9216,CP-AP-r001:S-P06-S02:GS10:p0014,east,0,8,6
9217,CP-AP-r001:S-P06-S02:GS11:p0001,east,0,10,0
9218,CP-AP-r001:S-P06-S02:GS11:p0002,east,0,8,6
9219,CP-AP-r001:S-P06-S02:GS11:p0003,east,0,10,0
9220,CP-AP-r001:S-P06-S02:GS11:p0004,east,0,8,5
9221,CP-AP-r001:S-P06-S02:GS11:p0005,east,0,6,6
9222,CP-AP-r001:S-P06-S02:GS11:p0006,east,0,10,0
9223,CP-AP-r001:S-P06-S02:GS11:p0007,east,0,8,6
9224,CP-AP-r001:S-P06-S02:GS11:p0008,east,0,8,4
9225,CP-AP-r001:S-P06-S02:GS11:p0009,east,0,8,6
9226,CP-AP-r001:S-P06-S02:GS11:p0010,east,0,9,0
9227,CP-AP-r001:S-P06-S02:GS11:p0011,east,0,8,6
9228,CP-AP-r001:S-P06-S02:GS11:p0012,east,0,8,3
9229,CP-AP-r001:S-P06-S02:GS11:p0013,east,0,8,6
9230,CP-AP-r001:S-P06-S02:GS12:p0001,east,0,7,0
9231,CP-AP-r001:S-P06-S02:GS12:p0002,east,0,7,6
9232,CP-AP-r001:S-P06-S02:GS12:p0003,east,0,10,0
9233,CP-AP-r001:S-P06-S02:GS12:p0004,east,0,10,5
9234,CP-AP-r001:S-P06-S02:GS12:p0005,east,0,9,0
9235,CP-AP-r001:S-P06-S02:GS12:p0006,east,0,7,6
9236,CP-AP-r001:S-P06-S02:GS12:p0007,east,0,10,0
9237,CP-AP-r001:S-P06-S02:GS12:p0008,east,0,8,4
9238,CP-AP-r001:S-P06-S02:GS12:p0009,east,0,11,0
9239,CP-AP-r001:S-P06-S02:GS12:p0010,east,0,7,6
9240,CP-AP-r001:S-P06-S02:GS12:p0011,east,0,10,0
9241,CP-AP-r001:S-P06-S02:GS12:p0012,east,0,8,3
9242,CP-AP-r001:S-P06-S02:GS12:p0013,east,0,4,6
9243,CP-AP-r001:S-P06-S03:GS01:p0001,west,7,0,6
9244,CP-AP-r001:S-P06-S03:GS01:p0002,west,7,0,1
9245,CP-AP-r001:S-P06-S03:GS01:p0003,west,8,0,6
9246,CP-AP-r001:S-P06-S03:GS01:p0004,west,7,0,0
9247,CP-AP-r001:S-P06-S03:GS01:p0005,west,8,0,6
9248,CP-AP-r001:S-P06-S03:GS01:p0006,west,6,0,2
9249,CP-AP-r001:S-P06-S03:GS01:p0007,west,8,0,6
9250,CP-AP-r001:S-P06-S03:GS01:p0008,west,7,0,0
9251,CP-AP-r001:S-P06-S03:GS01:p0009,west,6,0,6
9252,CP-AP-r001:S-P06-S03:GS01:p0010,west,6,0,3
9253,CP-AP-r001:S-P06-S03:GS01:p0011,west,8,0,6
9254,CP-AP-r001:S-P06-S03:GS01:p0012,west,7,0,0
9255,CP-AP-r001:S-P06-S03:GS02:p0001,west,7,0,6
9256,CP-AP-r001:S-P06-S03:GS02:p0002,west,7,0,1
9257,CP-AP-r001:S-P06-S03:GS02:p0003,west,8,0,6
9258,CP-AP-r001:S-P06-S03:GS02:p0004,west,7,0,0
9259,CP-AP-r001:S-P06-S03:GS02:p0005,west,7,0,6
9260,CP-AP-r001:S-P06-S03:GS02:p0006,west,7,0,2
9261,CP-AP-r001:S-P06-S03:GS02:p0007,west,8,0,6
9262,CP-AP-r001:S-P06-S03:GS02:p0008,west,6,0,0
9263,CP-AP-r001:S-P06-S03:GS02:p0009,west,7,0,6
9264,CP-AP-r001:S-P06-S03:GS02:p0010,west,7,0,3
9265,CP-AP-r001:S-P06-S03:GS02:p0011,west,8,0,6
9266,CP-AP-r001:S-P06-S03:GS02:p0012,west,7,0,0
9267,CP-AP-r001:S-P06-S03:GS03:p0001,west,7,0,6
9268,CP-AP-r001:S-P06-S03:GS03:p0002,west,5,0,1
9269,CP-AP-r001:S-P06-S03:GS03:p0003,west,6,0,6
9270,CP-AP-r001:S-P06-S03:GS03:p0004,west,8,0,6
9271,CP-AP-r001:S-P06-S03:GS03:p0005,west,6,0,6
9272,CP-AP-r001:S-P06-S03:GS03:p0006,west,8,0,2
9273,CP-AP-r001:S-P06-S03:GS03:p0007,west,7,0,6
9274,CP-AP-r001:S-P06-S03:GS03:p0008,west,8,0,6
9275,CP-AP-r001:S-P06-S03:GS03:p0009,west,7,0,6
9276,CP-AP-r001:S-P06-S03:GS03:p0010,west,7,0,3
9277,CP-AP-r001:S-P06-S03:GS03:p0011,west,8,0,6
9278,CP-AP-r001:S-P06-S03:GS03:p0012,west,6,0,0
9279,CP-AP-r001:S-P06-S03:GS04:p0001,east,0,7,0
9280,CP-AP-r001:S-P06-S03:GS04:p0002,east,0,7,6
9281,CP-AP-r001:S-P06-S03:GS04:p0003,east,0,8,3
9282,CP-AP-r001:S-P06-S03:GS04:p0004,east,0,7,6
9283,CP-AP-r001:S-P06-S03:GS04:p0005,east,0,7,6
9284,CP-AP-r001:S-P06-S03:GS04:p0006,east,0,8,3
9285,CP-AP-r001:S-P06-S03:GS04:p0007,east,0,7,6
9286,CP-AP-r001:S-P06-S03:GS04:p0008,east,0,7,6
9287,CP-AP-r001:S-P06-S03:GS04:p0009,east,0,4,6
9288,CP-AP-r001:S-P06-S03:GS04:p0010,east,0,6,2
9289,CP-AP-r001:S-P06-S03:GS04:p0011,east,0,10,6
9290,CP-AP-r001:S-P06-S03:GS05:p0001,east,0,8,0
9291,CP-AP-r001:S-P06-S03:GS05:p0002,east,0,7,6
9292,CP-AP-r001:S-P06-S03:GS05:p0003,east,0,8,3
9293,CP-AP-r001:S-P06-S03:GS05:p0004,east,0,7,6
9294,CP-AP-r001:S-P06-S03:GS05:p0005,east,0,8,0
9295,CP-AP-r001:S-P06-S03:GS05:p0006,east,0,6,6
9296,CP-AP-r001:S-P06-S03:GS05:p0007,east,0,8,3
9297,CP-AP-r001:S-P06-S03:GS05:p0008,east,0,7,6
9298,CP-AP-r001:S-P06-S03:GS05:p0009,east,0,6,0
9299,CP-AP-r001:S-P06-S03:GS05:p0010,east,0,5,6
9300,CP-AP-r001:S-P06-S03:GS05:p0011,east,0,8,2
9301,CP-AP-r001:S-P06-S03:GS05:p0012,east,0,7,6
9302,CP-AP-r001:S-P06-S03:GS06:p0001,east,0,7,0
9303,CP-AP-r001:S-P06-S03:GS06:p0002,east,0,7,6
9304,CP-AP-r001:S-P06-S03:GS06:p0003,east,0,10,3
9305,CP-AP-r001:S-P06-S03:GS06:p0004,east,0,6,6
9306,CP-AP-r001:S-P06-S03:GS06:p0005,east,0,7,0
9307,CP-AP-r001:S-P06-S03:GS06:p0006,east,0,7,6
9308,CP-AP-r001:S-P06-S03:GS06:p0007,east,0,8,3
9309,CP-AP-r001:S-P06-S03:GS06:p0008,east,0,8,6
9310,CP-AP-r001:S-P06-S03:GS06:p0009,east,0,7,0
9311,CP-AP-r001:S-P06-S03:GS06:p0010,east,0,7,6
9312,CP-AP-r001:S-P06-S03:GS06:p0011,east,0,8,2
9313,CP-AP-r001:S-P06-S03:GS06:p0012,east,0,7,6
9314,CP-AP-r001:S-P06-S03:GS07:p0001,west,9,0,6
9315,CP-AP-r001:S-P06-S03:GS07:p0002,west,8,0,1
9316,CP-AP-r001:S-P06-S03:GS07:p0003,west,8,0,6
9317,CP-AP-r001:S-P06-S03:GS07:p0004,west,8,0,0
9318,CP-AP-r001:S-P06-S03:GS07:p0005,west,7,0,6
9319,CP-AP-r001:S-P06-S03:GS07:p0006,west,8,0,2
9320,CP-AP-r001:S-P06-S03:GS07:p0007,west,8,0,6
9321,CP-AP-r001:S-P06-S03:GS07:p0008,west,8,0,0
9322,CP-AP-r001:S-P06-S03:GS07:p0009,west,7,0,6
9323,CP-AP-r001:S-P06-S03:GS07:p0010,west,7,0,3
9324,CP-AP-r001:S-P06-S03:GS07:p0011,west,7,0,0
9325,CP-AP-r001:S-P06-S03:GS07:p0012,west,8,0,6
9326,CP-AP-r001:S-P06-S03:GS07:p0013,west,10,0,0
9327,CP-AP-r001:S-P06-S03:GS08:p0001,west,10,0,6
9328,CP-AP-r001:S-P06-S03:GS08:p0002,west,8,0,1
9329,CP-AP-r001:S-P06-S03:GS08:p0003,west,9,0,6
9330,CP-AP-r001:S-P06-S03:GS08:p0004,west,8,0,6
9331,CP-AP-r001:S-P06-S03:GS08:p0005,west,10,0,6
9332,CP-AP-r001:S-P06-S03:GS08:p0006,west,8,0,2
9333,CP-AP-r001:S-P06-S03:GS08:p0007,west,9,0,6
9334,CP-AP-r001:S-P06-S03:GS08:p0008,west,8,0,6
9335,CP-AP-r001:S-P06-S03:GS08:p0009,west,8,0,0
9336,CP-AP-r001:S-P06-S03:GS08:p0010,west,10,0,6
9337,CP-AP-r001:S-P06-S03:GS08:p0011,west,8,0,3
9338,CP-AP-r001:S-P06-S03:GS08:p0012,west,9,0,6
9339,CP-AP-r001:S-P06-S03:GS08:p0013,west,8,0,6
9340,CP-AP-r001:S-P06-S03:GS08:p0014,west,6,0,0
9341,CP-AP-r001:S-P06-S03:GS09:p0001,west,8,0,6
9342,CP-AP-r001:S-P06-S03:GS09:p0002,west,9,0,1
9343,CP-AP-r001:S-P06-S03:GS09:p0003,west,8,0,6
9344,CP-AP-r001:S-P06-S03:GS09:p0004,west,10,0,6
9345,CP-AP-r001:S-P06-S03:GS09:p0005,west,8,0,6
9346,CP-AP-r001:S-P06-S03:GS09:p0006,west,8,0,2
9347,CP-AP-r001:S-P06-S03:GS09:p0007,west,9,0,6
9348,CP-AP-r001:S-P06-S03:GS09:p0008,west,10,0,6
9349,CP-AP-r001:S-P06-S03:GS09:p0009,west,8,0,6
9350,CP-AP-r001:S-P06-S03:GS09:p0010,west,8,0,3
9351,CP-AP-r001:S-P06-S03:GS09:p0011,west,9,0,6
9352,CP-AP-r001:S-P06-S03:GS09:p0012,west,10,0,6
9353,CP-AP-r001:S-P06-S03:GS10:p0001,east,0,7,6
9354,CP-AP-r001:S-P06-S03:GS10:p0002,east,0,8,6
9355,CP-AP-r001:S-P06-S03:GS10:p0003,east,0,8,3
9356,CP-AP-r001:S-P06-S03:GS10:p0004,east,0,9,6
9357,CP-AP-r001:S-P06-S03:GS10:p0005,east,0,8,6
9358,CP-AP-r001:S-P06-S03:GS10:p0006,east,0,9,6
9359,CP-AP-r001:S-P06-S03:GS10:p0007,east,0,8,3
9360,CP-AP-r001:S-P06-S03:GS10:p0008,east,0,9,6
9361,CP-AP-r001:S-P06-S03:GS10:p0009,east,0,8,6
9362,CP-AP-r001:S-P06-S03:GS10:p0010,east,0,10,6
9363,CP-AP-r001:S-P06-S03:GS10:p0011,east,0,8,2
9364,CP-AP-r001:S-P06-S03:GS10:p0012,east,0,10,6
9365,CP-AP-r001:S-P06-S03:GS11:p0001,east,0,8,0
9366,CP-AP-r001:S-P06-S03:GS11:p0002,east,0,8,6
9367,CP-AP-r001:S-P06-S03:GS11:p0003,east,0,8,3
9368,CP-AP-r001:S-P06-S03:GS11:p0004,east,0,8,6
9369,CP-AP-r001:S-P06-S03:GS11:p0005,east,0,8,0
9370,CP-AP-r001:S-P06-S03:GS11:p0006,east,0,8,6
9371,CP-AP-r001:S-P06-S03:GS11:p0007,east,0,7,6
9372,CP-AP-r001:S-P06-S03:GS11:p0008,east,0,8,3
9373,CP-AP-r001:S-P06-S03:GS11:p0009,east,0,10,6
9374,CP-AP-r001:S-P06-S03:GS11:p0010,east,0,9,0
9375,CP-AP-r001:S-P06-S03:GS11:p0011,east,0,7,6
9376,CP-AP-r001:S-P06-S03:GS11:p0012,east,0,6,6
9377,CP-AP-r001:S-P06-S03:GS11:p0013,east,0,8,2
9378,CP-AP-r001:S-P06-S03:GS11:p0014,east,0,10,6
9379,CP-AP-r001:S-P06-S03:GS12:p0001,east,0,10,0
9380,CP-AP-r001:S-P06-S03:GS12:p0002,east,0,8,6
9381,CP-AP-r001:S-P06-S03:GS12:p0003,east,0,8,0
9382,CP-AP-r001:S-P06-S03:GS12:p0004,east,0,8,3
9383,CP-AP-r001:S-P06-S03:GS12:p0005,east,0,8,6
9384,CP-AP-r001:S-P06-S03:GS12:p0006,east,0,10,0
9385,CP-AP-r001:S-P06-S03:GS12:p0007,east,0,8,6
9386,CP-AP-r001:S-P06-S03:GS12:p0008,east,0,8,0
9387,CP-AP-r001:S-P06-S03:GS12:p0009,east,0,8,3
9388,CP-AP-r001:S-P06-S03:GS12:p0010,east,0,9,6
9389,CP-AP-r001:S-P06-S03:GS12:p0011,east,0,9,0
9390,CP-AP-r001:S-P06-S03:GS12:p0012,east,0,8,6
9391,CP-AP-r001:S-P06-S03:GS12:p0013,east,0,8,2
9392,CP-AP-r001:S-P06-S03:GS12:p0014,east,0,8,6
9393,CP-AP-r001:S-P06-S04:GS01:p0001,west,6,0,6
9394,CP-AP-r001:S-P06-S04:GS01:p0002,west,6,0,1
9395,CP-AP-r001:S-P06-S04:GS01:p0003,west,8,0,6
9396,CP-AP-r001:S-P06-S04:GS01:p0004,west,6,0,0
9397,CP-AP-r001:S-P06-S04:GS01:p0005,west,7,0,6
9398,CP-AP-r001:S-P06-S04:GS01:p0006,west,6,0,2
9399,CP-AP-r001:S-P06-S04:GS01:p0007,west,8,0,6
9400,CP-AP-r001:S-P06-S04:GS01:p0008,west,6,0,0
9401,CP-AP-r001:S-P06-S04:GS01:p0009,west,6,0,6
9402,CP-AP-r001:S-P06-S04:GS01:p0010,west,5,0,3
9403,CP-AP-r001:S-P06-S04:GS01:p0011,west,8,0,6
9404,CP-AP-r001:S-P06-S04:GS01:p0012,west,6,0,0
9405,CP-AP-r001:S-P06-S04:GS02:p0001,west,6,0,6
9406,CP-AP-r001:S-P06-S04:GS02:p0002,west,6,0,1
9407,CP-AP-r001:S-P06-S04:GS02:p0003,west,8,0,6
9408,CP-AP-r001:S-P06-S04:GS02:p0004,west,6,0,0
9409,CP-AP-r001:S-P06-S04:GS02:p0005,west,6,0,6
9410,CP-AP-r001:S-P06-S04:GS02:p0006,west,6,0,2
9411,CP-AP-r001:S-P06-S04:GS02:p0007,west,8,0,6
9412,CP-AP-r001:S-P06-S04:GS02:p0008,west,4,0,0
9413,CP-AP-r001:S-P06-S04:GS02:p0009,west,6,0,6
9414,CP-AP-r001:S-P06-S04:GS02:p0010,west,6,0,3
9415,CP-AP-r001:S-P06-S04:GS02:p0011,west,8,0,6
9416,CP-AP-r001:S-P06-S04:GS02:p0012,west,6,0,0
9417,CP-AP-r001:S-P06-S04:GS03:p0001,west,5,0,6
9418,CP-AP-r001:S-P06-S04:GS03:p0002,west,5,0,1
9419,CP-AP-r001:S-P06-S04:GS03:p0003,west,7,0,6
9420,CP-AP-r001:S-P06-S04:GS03:p0004,west,8,0,6
9421,CP-AP-r001:S-P06-S04:GS03:p0005,west,5,0,6
9422,CP-AP-r001:S-P06-S04:GS03:p0006,west,6,0,2
9423,CP-AP-r001:S-P06-S04:GS03:p0007,west,8,0,6
9424,CP-AP-r001:S-P06-S04:GS03:p0008,west,6,0,6
9425,CP-AP-r001:S-P06-S04:GS03:p0009,west,6,0,3
9426,CP-AP-r001:S-P06-S04:GS03:p0010,west,8,0,6
9427,CP-AP-r001:S-P06-S04:GS03:p0011,west,6,0,0
9428,CP-AP-r001:S-P06-S04:GS04:p0001,east,0,7,0
9429,CP-AP-r001:S-P06-S04:GS04:p0002,east,0,6,6
9430,CP-AP-r001:S-P06-S04:GS04:p0003,east,0,8,3
9431,CP-AP-r001:S-P06-S04:GS04:p0004,east,0,6,6
9432,CP-AP-r001:S-P06-S04:GS04:p0005,east,0,6,6
9433,CP-AP-r001:S-P06-S04:GS04:p0006,east,0,8,2
9434,CP-AP-r001:S-P06-S04:GS04:p0007,east,0,6,6
9435,CP-AP-r001:S-P06-S04:GS04:p0008,east,0,6,6
9436,CP-AP-r001:S-P06-S04:GS04:p0009,east,0,6,6
9437,CP-AP-r001:S-P06-S04:GS04:p0010,east,0,7,1
9438,CP-AP-r001:S-P06-S04:GS04:p0011,east,0,9,6
9439,CP-AP-r001:S-P06-S04:GS05:p0001,east,0,7,0
9440,CP-AP-r001:S-P06-S04:GS05:p0002,east,0,6,6
9441,CP-AP-r001:S-P06-S04:GS05:p0003,east,0,8,3
9442,CP-AP-r001:S-P06-S04:GS05:p0004,east,0,6,6
9443,CP-AP-r001:S-P06-S04:GS05:p0005,east,0,8,0
9444,CP-AP-r001:S-P06-S04:GS05:p0006,east,0,6,6
9445,CP-AP-r001:S-P06-S04:GS05:p0007,east,0,8,2
9446,CP-AP-r001:S-P06-S04:GS05:p0008,east,0,6,6
9447,CP-AP-r001:S-P06-S04:GS05:p0009,east,0,6,0
9448,CP-AP-r001:S-P06-S04:GS05:p0010,east,0,4,6
9449,CP-AP-r001:S-P06-S04:GS05:p0011,east,0,8,1
9450,CP-AP-r001:S-P06-S04:GS05:p0012,east,0,6,6
9451,CP-AP-r001:S-P06-S04:GS06:p0001,east,0,6,0
9452,CP-AP-r001:S-P06-S04:GS06:p0002,east,0,6,6
9453,CP-AP-r001:S-P06-S04:GS06:p0003,east,0,10,3
9454,CP-AP-r001:S-P06-S04:GS06:p0004,east,0,4,6
9455,CP-AP-r001:S-P06-S04:GS06:p0005,east,0,6,0
9456,CP-AP-r001:S-P06-S04:GS06:p0006,east,0,6,6
9457,CP-AP-r001:S-P06-S04:GS06:p0007,east,0,8,2
9458,CP-AP-r001:S-P06-S04:GS06:p0008,east,0,6,6
9459,CP-AP-r001:S-P06-S04:GS06:p0009,east,0,6,0
9460,CP-AP-r001:S-P06-S04:GS06:p0010,east,0,6,6
9461,CP-AP-r001:S-P06-S04:GS06:p0011,east,0,8,1
9462,CP-AP-r001:S-P06-S04:GS06:p0012,east,0,6,6
9463,CP-AP-r001:S-P06-S04:GS07:p0001,west,10,0,6
9464,CP-AP-r001:S-P06-S04:GS07:p0002,west,8,0,1
9465,CP-AP-r001:S-P06-S04:GS07:p0003,west,8,0,6
9466,CP-AP-r001:S-P06-S04:GS07:p0004,west,8,0,0
9467,CP-AP-r001:S-P06-S04:GS07:p0005,west,8,0,6
9468,CP-AP-r001:S-P06-S04:GS07:p0006,west,8,0,2
9469,CP-AP-r001:S-P06-S04:GS07:p0007,west,7,0,0
9470,CP-AP-r001:S-P06-S04:GS07:p0008,west,8,0,6
9471,CP-AP-r001:S-P06-S04:GS07:p0009,west,8,0,0
9472,CP-AP-r001:S-P06-S04:GS07:p0010,west,9,0,6
9473,CP-AP-r001:S-P06-S04:GS07:p0011,west,8,0,3
9474,CP-AP-r001:S-P06-S04:GS07:p0012,west,6,0,0
9475,CP-AP-r001:S-P06-S04:GS07:p0013,west,8,0,6
9476,CP-AP-r001:S-P06-S04:GS07:p0014,west,9,0,0
9477,CP-AP-r001:S-P06-S04:GS08:p0001,west,9,0,6
9478,CP-AP-r001:S-P06-S04:GS08:p0002,west,7,0,1
9479,CP-AP-r001:S-P06-S04:GS08:p0003,west,10,0,6
9480,CP-AP-r001:S-P06-S04:GS08:p0004,west,8,0,6
9481,CP-AP-r001:S-P06-S04:GS08:p0005,west,10,0,6
9482,CP-AP-r001:S-P06-S04:GS08:p0006,west,7,0,2
9483,CP-AP-r001:S-P06-S04:GS08:p0007,west,10,0,6
9484,CP-AP-r001:S-P06-S04:GS08:p0008,west,8,0,6
9485,CP-AP-r001:S-P06-S04:GS08:p0009,west,5,0,0
9486,CP-AP-r001:S-P06-S04:GS08:p0010,west,10,0,6
9487,CP-AP-r001:S-P06-S04:GS08:p0011,west,8,0,3
9488,CP-AP-r001:S-P06-S04:GS08:p0012,west,8,0,6
9489,CP-AP-r001:S-P06-S04:GS08:p0013,west,5,0,0
9490,CP-AP-r001:S-P06-S04:GS09:p0001,west,7,0,6
9491,CP-AP-r001:S-P06-S04:GS09:p0002,west,7,0,1
9492,CP-AP-r001:S-P06-S04:GS09:p0003,west,9,0,6
9493,CP-AP-r001:S-P06-S04:GS09:p0004,west,10,0,6
9494,CP-AP-r001:S-P06-S04:GS09:p0005,west,7,0,6
9495,CP-AP-r001:S-P06-S04:GS09:p0006,west,7,0,2
9496,CP-AP-r001:S-P06-S04:GS09:p0007,west,10,0,6
9497,CP-AP-r001:S-P06-S04:GS09:p0008,west,10,0,6
9498,CP-AP-r001:S-P06-S04:GS09:p0009,west,7,0,6
9499,CP-AP-r001:S-P06-S04:GS09:p0010,west,7,0,3
9500,CP-AP-r001:S-P06-S04:GS09:p0011,west,10,0,6
9501,CP-AP-r001:S-P06-S04:GS09:p0012,west,9,0,6
9502,CP-AP-r001:S-P06-S04:GS10:p0001,east,0,7,6
9503,CP-AP-r001:S-P06-S04:GS10:p0002,east,0,7,6
9504,CP-AP-r001:S-P06-S04:GS10:p0003,east,0,8,3
9505,CP-AP-r001:S-P06-S04:GS10:p0004,east,0,8,6
9506,CP-AP-r001:S-P06-S04:GS10:p0005,east,0,8,6
9507,CP-AP-r001:S-P06-S04:GS10:p0006,east,0,8,6
9508,CP-AP-r001:S-P06-S04:GS10:p0007,east,0,8,2
9509,CP-AP-r001:S-P06-S04:GS10:p0008,east,0,8,6
9510,CP-AP-r001:S-P06-S04:GS10:p0009,east,0,8,6
9511,CP-AP-r001:S-P06-S04:GS10:p0010,east,0,7,6
9512,CP-AP-r001:S-P06-S04:GS10:p0011,east,0,8,1
9513,CP-AP-r001:S-P06-S04:GS10:p0012,east,0,10,6
9514,CP-AP-r001:S-P06-S04:GS11:p0001,east,0,9,0
9515,CP-AP-r001:S-P06-S04:GS11:p0002,east,0,8,6
9516,CP-AP-r001:S-P06-S04:GS11:p0003,east,0,8,3
9517,CP-AP-r001:S-P06-S04:GS11:p0004,east,0,8,6
9518,CP-AP-r001:S-P06-S04:GS11:p0005,east,0,10,0
9519,CP-AP-r001:S-P06-S04:GS11:p0006,east,0,8,6
9520,CP-AP-r001:S-P06-S04:GS11:p0007,east,0,5,6
9521,CP-AP-r001:S-P06-S04:GS11:p0008,east,0,8,2
9522,CP-AP-r001:S-P06-S04:GS11:p0009,east,0,9,6
9523,CP-AP-r001:S-P06-S04:GS11:p0010,east,0,7,6
9524,CP-AP-r001:S-P06-S04:GS11:p0011,east,0,5,6
9525,CP-AP-r001:S-P06-S04:GS11:p0012,east,0,8,1
9526,CP-AP-r001:S-P06-S04:GS11:p0013,east,0,9,6
9527,CP-AP-r001:S-P06-S04:GS12:p0001,east,0,10,0
9528,CP-AP-r001:S-P06-S04:GS12:p0002,east,0,7,6
9529,CP-AP-r001:S-P06-S04:GS12:p0003,east,0,9,0
9530,CP-AP-r001:S-P06-S04:GS12:p0004,east,0,8,3
9531,CP-AP-r001:S-P06-S04:GS12:p0005,east,0,5,6
9532,CP-AP-r001:S-P06-S04:GS12:p0006,east,0,10,0
9533,CP-AP-r001:S-P06-S04:GS12:p0007,east,0,8,6
9534,CP-AP-r001:S-P06-S04:GS12:p0008,east,0,10,0
9535,CP-AP-r001:S-P06-S04:GS12:p0009,east,0,8,2
9536,CP-AP-r001:S-P06-S04:GS12:p0010,east,0,7,6
9537,CP-AP-r001:S-P06-S04:GS12:p0011,east,0,10,0
9538,CP-AP-r001:S-P06-S04:GS12:p0012,east,0,8,6
9539,CP-AP-r001:S-P06-S04:GS12:p0013,east,0,8,1
9540,CP-AP-r001:S-P06-S04:GS12:p0014,east,0,8,6
9541,CP-AP-r001:S-P06-S05:GS01:p0001,west,7,0,6
9542,CP-AP-r001:S-P06-S05:GS01:p0002,west,6,0,3
9543,CP-AP-r001:S-P06-S05:GS01:p0003,west,8,0,6
9544,CP-AP-r001:S-P06-S05:GS01:p0004,west,7,0,0
9545,CP-AP-r001:S-P06-S05:GS01:p0005,west,6,0,6
9546,CP-AP-r001:S-P06-S05:GS01:p0006,west,5,0,3
9547,CP-AP-r001:S-P06-S05:GS01:p0007,west,8,0,6
9548,CP-AP-r001:S-P06-S05:GS01:p0008,west,7,0,0
9549,CP-AP-r001:S-P06-S05:GS01:p0009,west,7,0,4
9550,CP-AP-r001:S-P06-S05:GS01:p0010,west,8,0,6
9551,CP-AP-r001:S-P06-S05:GS01:p0011,west,7,0,0
9552,CP-AP-r001:S-P06-S05:GS02:p0001,west,7,0,6
9553,CP-AP-r001:S-P06-S05:GS02:p0002,west,7,0,3
9554,CP-AP-r001:S-P06-S05:GS02:p0003,west,8,0,6
9555,CP-AP-r001:S-P06-S05:GS02:p0004,west,7,0,0
9556,CP-AP-r001:S-P06-S05:GS02:p0005,west,7,0,6
9557,CP-AP-r001:S-P06-S05:GS02:p0006,west,7,0,3
9558,CP-AP-r001:S-P06-S05:GS02:p0007,west,8,0,6
9559,CP-AP-r001:S-P06-S05:GS02:p0008,west,7,0,0
9560,CP-AP-r001:S-P06-S05:GS02:p0009,west,8,0,6
9561,CP-AP-r001:S-P06-S05:GS02:p0010,west,6,0,4
9562,CP-AP-r001:S-P06-S05:GS02:p0011,west,8,0,6
9563,CP-AP-r001:S-P06-S05:GS02:p0012,west,7,0,0
9564,CP-AP-r001:S-P06-S05:GS03:p0001,west,7,0,6
9565,CP-AP-r001:S-P06-S05:GS03:p0002,west,7,0,3
9566,CP-AP-r001:S-P06-S05:GS03:p0003,west,8,0,6
9567,CP-AP-r001:S-P06-S05:GS03:p0004,west,7,0,6
9568,CP-AP-r001:S-P06-S05:GS03:p0005,west,7,0,3
9569,CP-AP-r001:S-P06-S05:GS03:p0006,west,10,0,6
9570,CP-AP-r001:S-P06-S05:GS03:p0007,west,7,0,0
9571,CP-AP-r001:S-P06-S05:GS03:p0008,west,7,0,6
9572,CP-AP-r001:S-P06-S05:GS03:p0009,west,7,0,4
9573,CP-AP-r001:S-P06-S05:GS03:p0010,west,8,0,6
9574,CP-AP-r001:S-P06-S05:GS03:p0011,west,8,0,0
9575,CP-AP-r001:S-P06-S05:GS04:p0001,east,0,7,6
9576,CP-AP-r001:S-P06-S05:GS04:p0002,east,0,4,6
9577,CP-AP-r001:S-P06-S05:GS04:p0003,east,0,7,2
9578,CP-AP-r001:S-P06-S05:GS04:p0004,east,0,10,6
9579,CP-AP-r001:S-P06-S05:GS04:p0005,east,0,6,5
9580,CP-AP-r001:S-P06-S05:GS04:p0006,east,0,5,6
9581,CP-AP-r001:S-P06-S05:GS04:p0007,east,0,7,1
9582,CP-AP-r001:S-P06-S05:GS04:p0008,east,0,8,6
9583,CP-AP-r001:S-P06-S05:GS04:p0009,east,0,7,4
9584,CP-AP-r001:S-P06-S05:GS04:p0010,east,0,7,6
9585,CP-AP-r001:S-P06-S05:GS04:p0011,east,0,8,6
9586,CP-AP-r001:S-P06-S05:GS05:p0001,east,0,6,0
9587,CP-AP-r001:S-P06-S05:GS05:p0002,east,0,5,6
9588,CP-AP-r001:S-P06-S05:GS05:p0003,east,0,8,2
9589,CP-AP-r001:S-P06-S05:GS05:p0004,east,0,7,6
9590,CP-AP-r001:S-P06-S05:GS05:p0005,east,0,7,0
9591,CP-AP-r001:S-P06-S05:GS05:p0006,east,0,7,5
9592,CP-AP-r001:S-P06-S05:GS05:p0007,east,0,8,1
9593,CP-AP-r001:S-P06-S05:GS05:p0008,east,0,7,6
9594,CP-AP-r001:S-P06-S05:GS05:p0009,east,0,7,4
9595,CP-AP-r001:S-P06-S05:GS05:p0010,east,0,8,1
9596,CP-AP-r001:S-P06-S05:GS05:p0011,east,0,7,6
9597,CP-AP-r001:S-P06-S05:GS06:p0001,east,0,7,0
9598,CP-AP-r001:S-P06-S05:GS06:p0002,east,0,7,6
9599,CP-AP-r001:S-P06-S05:GS06:p0003,east,0,8,2
9600,CP-AP-r001:S-P06-S05:GS06:p0004,east,0,7,6
9601,CP-AP-r001:S-P06-S05:GS06:p0005,east,0,8,0
9602,CP-AP-r001:S-P06-S05:GS06:p0006,east,0,7,5
9603,CP-AP-r001:S-P06-S05:GS06:p0007,east,0,8,1
9604,CP-AP-r001:S-P06-S05:GS06:p0008,east,0,7,6
9605,CP-AP-r001:S-P06-S05:GS06:p0009,east,0,7,0
9606,CP-AP-r001:S-P06-S05:GS06:p0010,east,0,6,4
9607,CP-AP-r001:S-P06-S05:GS06:p0011,east,0,8,1
9608,CP-AP-r001:S-P06-S05:GS06:p0012,east,0,7,6
9609,CP-AP-r001:S-P06-S05:GS07:p0001,west,8,0,6
9610,CP-AP-r001:S-P06-S05:GS07:p0002,west,7,0,3
9611,CP-AP-r001:S-P06-S05:GS07:p0003,west,7,0,0
9612,CP-AP-r001:S-P06-S05:GS07:p0004,west,8,0,6
9613,CP-AP-r001:S-P06-S05:GS07:p0005,west,10,0,0
9614,CP-AP-r001:S-P06-S05:GS07:p0006,west,7,0,3
9615,CP-AP-r001:S-P06-S05:GS07:p0007,west,7,0,0
9616,CP-AP-r001:S-P06-S05:GS07:p0008,west,8,0,6
9617,CP-AP-r001:S-P06-S05:GS07:p0009,west,9,0,0
9618,CP-AP-r001:S-P06-S05:GS07:p0010,west,7,0,4
9619,CP-AP-r001:S-P06-S05:GS07:p0011,west,9,0,0
9620,CP-AP-r001:S-P06-S05:GS07:p0012,west,8,0,6
9621,CP-AP-r001:S-P06-S05:GS07:p0013,west,9,0,0
9622,CP-AP-r001:S-P06-S05:GS08:p0001,west,10,0,6
9623,CP-AP-r001:S-P06-S05:GS08:p0002,west,8,0,3
9624,CP-AP-r001:S-P06-S05:GS08:p0003,west,9,0,6
9625,CP-AP-r001:S-P06-S05:GS08:p0004,west,8,0,6
9626,CP-AP-r001:S-P06-S05:GS08:p0005,west,8,0,0
9627,CP-AP-r001:S-P06-S05:GS08:p0006,west,9,0,6
9628,CP-AP-r001:S-P06-S05:GS08:p0007,west,8,0,3
9629,CP-AP-r001:S-P06-S05:GS08:p0008,west,8,0,6
9630,CP-AP-r001:S-P06-S05:GS08:p0009,west,8,0,0
9631,CP-AP-r001:S-P06-S05:GS08:p0010,west,8,0,6
9632,CP-AP-r001:S-P06-S05:GS08:p0011,west,8,0,4
9633,CP-AP-r001:S-P06-S05:GS08:p0012,west,7,0,0
9634,CP-AP-r001:S-P06-S05:GS08:p0013,west,8,0,6
9635,CP-AP-r001:S-P06-S05:GS08:p0014,west,9,0,0
9636,CP-AP-r001:S-P06-S05:GS09:p0001,west,8,0,6
9637,CP-AP-r001:S-P06-S05:GS09:p0002,west,8,0,3
9638,CP-AP-r001:S-P06-S05:GS09:p0003,west,9,0,6
9639,CP-AP-r001:S-P06-S05:GS09:p0004,west,10,0,6
9640,CP-AP-r001:S-P06-S05:GS09:p0005,west,11,0,6
9641,CP-AP-r001:S-P06-S05:GS09:p0006,west,8,0,3
9642,CP-AP-r001:S-P06-S05:GS09:p0007,west,7,0,6
9643,CP-AP-r001:S-P06-S05:GS09:p0008,west,8,0,6
9644,CP-AP-r001:S-P06-S05:GS09:p0009,west,10,0,6
9645,CP-AP-r001:S-P06-S05:GS09:p0010,west,8,0,4
9646,CP-AP-r001:S-P06-S05:GS09:p0011,west,8,0,5
9647,CP-AP-r001:S-P06-S05:GS09:p0012,west,8,0,6
9648,CP-AP-r001:S-P06-S05:GS09:p0013,west,8,0,0
9649,CP-AP-r001:S-P06-S05:GS10:p0001,east,0,8,6
9650,CP-AP-r001:S-P06-S05:GS10:p0002,east,0,10,6
9651,CP-AP-r001:S-P06-S05:GS10:p0003,east,0,8,2
9652,CP-AP-r001:S-P06-S05:GS10:p0004,east,0,10,6
9653,CP-AP-r001:S-P06-S05:GS10:p0005,east,0,8,5
9654,CP-AP-r001:S-P06-S05:GS10:p0006,east,0,8,6
9655,CP-AP-r001:S-P06-S05:GS10:p0007,east,0,8,1
9656,CP-AP-r001:S-P06-S05:GS10:p0008,east,0,10,6
9657,CP-AP-r001:S-P06-S05:GS10:p0009,east,0,8,4
9658,CP-AP-r001:S-P06-S05:GS10:p0010,east,0,8,6
9659,CP-AP-r001:S-P06-S05:GS10:p0011,east,0,9,1
9660,CP-AP-r001:S-P06-S05:GS10:p0012,east,0,10,6
9661,CP-AP-r001:S-P06-S05:GS11:p0001,east,0,8,0
9662,CP-AP-r001:S-P06-S05:GS11:p0002,east,0,7,6
9663,CP-AP-r001:S-P06-S05:GS11:p0003,east,0,6,6
9664,CP-AP-r001:S-P06-S05:GS11:p0004,east,0,8,2
9665,CP-AP-r001:S-P06-S05:GS11:p0005,east,0,10,6
9666,CP-AP-r001:S-P06-S05:GS11:p0006,east,0,7,5
9667,CP-AP-r001:S-P06-S05:GS11:p0007,east,0,8,6
9668,CP-AP-r001:S-P06-S05:GS11:p0008,east,0,8,1
9669,CP-AP-r001:S-P06-S05:GS11:p0009,east,0,9,6
9670,CP-AP-r001:S-P06-S05:GS11:p0010,east,0,9,4
9671,CP-AP-r001:S-P06-S05:GS11:p0011,east,0,9,6
9672,CP-AP-r001:S-P06-S05:GS11:p0012,east,0,8,1
9673,CP-AP-r001:S-P06-S05:GS11:p0013,east,0,8,6
9674,CP-AP-r001:S-P06-S05:GS12:p0001,east,0,9,0
9675,CP-AP-r001:S-P06-S05:GS12:p0002,east,0,8,6
9676,CP-AP-r001:S-P06-S05:GS12:p0003,east,0,8,2
9677,CP-AP-r001:S-P06-S05:GS12:p0004,east,0,8,6
9678,CP-AP-r001:S-P06-S05:GS12:p0005,east,0,7,0
9679,CP-AP-r001:S-P06-S05:GS12:p0006,east,0,8,5
9680,CP-AP-r001:S-P06-S05:GS12:p0007,east,0,8,1
9681,CP-AP-r001:S-P06-S05:GS12:p0008,east,0,8,6
9682,CP-AP-r001:S-P06-S05:GS12:p0009,east,0,7,0
9683,CP-AP-r001:S-P06-S05:GS12:p0010,east,0,7,4
9684,CP-AP-r001:S-P06-S05:GS12:p0011,east,0,7,6
9685,CP-AP-r001:S-P06-S05:GS12:p0012,east,0,8,1
9686,CP-AP-r001:S-P06-S05:GS12:p0013,east,0,10,6
9687,CP-AP-r001:S-P06-S06:GS01:p0001,west,7,0,6
9688,CP-AP-r001:S-P06-S06:GS01:p0002,west,6,0,3
9689,CP-AP-r001:S-P06-S06:GS01:p0003,west,8,0,6
9690,CP-AP-r001:S-P06-S06:GS01:p0004,west,6,0,0
9691,CP-AP-r001:S-P06-S06:GS01:p0005,west,6,0,6
9692,CP-AP-r001:S-P06-S06:GS01:p0006,west,4,0,3
9693,CP-AP-r001:S-P06-S06:GS01:p0007,west,8,0,6
9694,CP-AP-r001:S-P06-S06:GS01:p0008,west,6,0,0
9695,CP-AP-r001:S-P06-S06:GS01:p0009,west,7,0,4
9696,CP-AP-r001:S-P06-S06:GS01:p0010,west,8,0,6
9697,CP-AP-r001:S-P06-S06:GS01:p0011,west,6,0,0
9698,CP-AP-r001:S-P06-S06:GS02:p0001,west,6,0,6
9699,CP-AP-r001:S-P06-S06:GS02:p0002,west,6,0,3
9700,CP-AP-r001:S-P06-S06:GS02:p0003,west,8,0,6
9701,CP-AP-r001:S-P06-S06:GS02:p0004,west,6,0,0
9702,CP-AP-r001:S-P06-S06:GS02:p0005,west,6,0,6
9703,CP-AP-r001:S-P06-S06:GS02:p0006,west,6,0,3
9704,CP-AP-r001:S-P06-S06:GS02:p0007,west,8,0,6
9705,CP-AP-r001:S-P06-S06:GS02:p0008,west,6,0,0
9706,CP-AP-r001:S-P06-S06:GS02:p0009,west,8,0,6
9707,CP-AP-r001:S-P06-S06:GS02:p0010,west,6,0,4
9708,CP-AP-r001:S-P06-S06:GS02:p0011,west,8,0,6
9709,CP-AP-r001:S-P06-S06:GS02:p0012,west,6,0,0
9710,CP-AP-r001:S-P06-S06:GS03:p0001,west,6,0,6
9711,CP-AP-r001:S-P06-S06:GS03:p0002,west,6,0,3
9712,CP-AP-r001:S-P06-S06:GS03:p0003,west,8,0,6
9713,CP-AP-r001:S-P06-S06:GS03:p0004,west,6,0,0
9714,CP-AP-r001:S-P06-S06:GS03:p0005,west,6,0,6
9715,CP-AP-r001:S-P06-S06:GS03:p0006,west,6,0,3
9716,CP-AP-r001:S-P06-S06:GS03:p0007,west,10,0,6
9717,CP-AP-r001:S-P06-S06:GS03:p0008,west,4,0,0
9718,CP-AP-r001:S-P06-S06:GS03:p0009,west,6,0,6
9719,CP-AP-r001:S-P06-S06:GS03:p0010,west,6,0,4
9720,CP-AP-r001:S-P06-S06:GS03:p0011,west,8,0,6
9721,CP-AP-r001:S-P06-S06:GS03:p0012,west,6,0,0
9722,CP-AP-r001:S-P06-S06:GS04:p0001,east,0,6,6
9723,CP-AP-r001:S-P06-S06:GS04:p0002,east,0,6,6
9724,CP-AP-r001:S-P06-S06:GS04:p0003,east,0,8,2
9725,CP-AP-r001:S-P06-S06:GS04:p0004,east,0,9,6
9726,CP-AP-r001:S-P06-S06:GS04:p0005,east,0,5,5
9727,CP-AP-r001:S-P06-S06:GS04:p0006,east,0,5,6
9728,CP-AP-r001:S-P06-S06:GS04:p0007,east,0,7,1
9729,CP-AP-r001:S-P06-S06:GS04:p0008,east,0,8,6
9730,CP-AP-r001:S-P06-S06:GS04:p0009,east,0,6,4
9731,CP-AP-r001:S-P06-S06:GS04:p0010,east,0,6,6
9732,CP-AP-r001:S-P06-S06:GS04:p0011,east,0,8,6
9733,CP-AP-r001:S-P06-S06:GS05:p0001,east,0,6,0
9734,CP-AP-r001:S-P06-S06:GS05:p0002,east,0,4,6
9735,CP-AP-r001:S-P06-S06:GS05:p0003,east,0,8,2
9736,CP-AP-r001:S-P06-S06:GS05:p0004,east,0,6,6
9737,CP-AP-r001:S-P06-S06:GS05:p0005,east,0,7,0
9738,CP-AP-r001:S-P06-S06:GS05:p0006,east,0,6,5
9739,CP-AP-r001:S-P06-S06:GS05:p0007,east,0,8,1
9740,CP-AP-r001:S-P06-S06:GS05:p0008,east,0,6,6
9741,CP-AP-r001:S-P06-S06:GS05:p0009,east,0,6,4
9742,CP-AP-r001:S-P06-S06:GS05:p0010,east,0,8,1
9743,CP-AP-r001:S-P06-S06:GS05:p0011,east,0,6,6
9744,CP-AP-r001:S-P06-S06:GS06:p0001,east,0,6,0
9745,CP-AP-r001:S-P06-S06:GS06:p0002,east,0,6,6
9746,CP-AP-r001:S-P06-S06:GS06:p0003,east,0,8,2
9747,CP-AP-r001:S-P06-S06:GS06:p0004,east,0,6,6
9748,CP-AP-r001:S-P06-S06:GS06:p0005,east,0,7,0
9749,CP-AP-r001:S-P06-S06:GS06:p0006,east,0,6,5
9750,CP-AP-r001:S-P06-S06:GS06:p0007,east,0,8,1
9751,CP-AP-r001:S-P06-S06:GS06:p0008,east,0,6,6
9752,CP-AP-r001:S-P06-S06:GS06:p0009,east,0,7,0
9753,CP-AP-r001:S-P06-S06:GS06:p0010,east,0,5,4
9754,CP-AP-r001:S-P06-S06:GS06:p0011,east,0,8,1
9755,CP-AP-r001:S-P06-S06:GS06:p0012,east,0,6,6
9756,CP-AP-r001:S-P06-S06:GS07:p0001,west,9,0,6
9757,CP-AP-r001:S-P06-S06:GS07:p0002,west,8,0,3
9758,CP-AP-r001:S-P06-S06:GS07:p0003,west,5,0,0
9759,CP-AP-r001:S-P06-S06:GS07:p0004,west,8,0,6
9760,CP-AP-r001:S-P06-S06:GS07:p0005,west,9,0,0
9761,CP-AP-r001:S-P06-S06:GS07:p0006,west,7,0,3
9762,CP-AP-r001:S-P06-S06:GS07:p0007,west,6,0,0
9763,CP-AP-r001:S-P06-S06:GS07:p0008,west,8,0,6
9764,CP-AP-r001:S-P06-S06:GS07:p0009,west,8,0,0
9765,CP-AP-r001:S-P06-S06:GS07:p0010,west,7,0,4
9766,CP-AP-r001:S-P06-S06:GS07:p0011,west,8,0,0
9767,CP-AP-r001:S-P06-S06:GS07:p0012,west,8,0,6
9768,CP-AP-r001:S-P06-S06:GS07:p0013,west,8,0,0
9769,CP-AP-r001:S-P06-S06:GS08:p0001,west,10,0,6
9770,CP-AP-r001:S-P06-S06:GS08:p0002,west,8,0,3
9771,CP-AP-r001:S-P06-S06:GS08:p0003,west,10,0,6
9772,CP-AP-r001:S-P06-S06:GS08:p0004,west,8,0,6
9773,CP-AP-r001:S-P06-S06:GS08:p0005,west,6,0,0
9774,CP-AP-r001:S-P06-S06:GS08:p0006,west,10,0,6
9775,CP-AP-r001:S-P06-S06:GS08:p0007,west,8,0,3
9776,CP-AP-r001:S-P06-S06:GS08:p0008,west,8,0,6
9777,CP-AP-r001:S-P06-S06:GS08:p0009,west,8,0,0
9778,CP-AP-r001:S-P06-S06:GS08:p0010,west,9,0,6
9779,CP-AP-r001:S-P06-S06:GS08:p0011,west,8,0,4
9780,CP-AP-r001:S-P06-S06:GS08:p0012,west,6,0,0
9781,CP-AP-r001:S-P06-S06:GS08:p0013,west,8,0,6
9782,CP-AP-r001:S-P06-S06:GS08:p0014,west,8,0,0
9783,CP-AP-r001:S-P06-S06:GS09:p0001,west,7,0,6
9784,CP-AP-r001:S-P06-S06:GS09:p0002,west,7,0,3
9785,CP-AP-r001:S-P06-S06:GS09:p0003,west,10,0,6
9786,CP-AP-r001:S-P06-S06:GS09:p0004,west,9,0,6
9787,CP-AP-r001:S-P06-S06:GS09:p0005,west,10,0,6
9788,CP-AP-r001:S-P06-S06:GS09:p0006,west,7,0,3
9789,CP-AP-r001:S-P06-S06:GS09:p0007,west,8,0,6
9790,CP-AP-r001:S-P06-S06:GS09:p0008,west,8,0,6
9791,CP-AP-r001:S-P06-S06:GS09:p0009,west,10,0,6
9792,CP-AP-r001:S-P06-S06:GS09:p0010,west,7,0,4
9793,CP-AP-r001:S-P06-S06:GS09:p0011,west,10,0,5
9794,CP-AP-r001:S-P06-S06:GS09:p0012,west,8,0,6
9795,CP-AP-r001:S-P06-S06:GS09:p0013,west,6,0,0
9796,CP-AP-r001:S-P06-S06:GS10:p0001,east,0,8,6
9797,CP-AP-r001:S-P06-S06:GS10:p0002,east,0,7,6
9798,CP-AP-r001:S-P06-S06:GS10:p0003,east,0,8,2
9799,CP-AP-r001:S-P06-S06:GS10:p0004,east,0,10,6
9800,CP-AP-r001:S-P06-S06:GS10:p0005,east,0,7,5
9801,CP-AP-r001:S-P06-S06:GS10:p0006,east,0,7,6
9802,CP-AP-r001:S-P06-S06:GS10:p0007,east,0,9,1
9803,CP-AP-r001:S-P06-S06:GS10:p0008,east,0,10,6
9804,CP-AP-r001:S-P06-S06:GS10:p0009,east,0,7,4
9805,CP-AP-r001:S-P06-S06:GS10:p0010,east,0,7,6
9806,CP-AP-r001:S-P06-S06:GS10:p0011,east,0,10,1
9807,CP-AP-r001:S-P06-S06:GS10:p0012,east,0,10,6
9808,CP-AP-r001:S-P06-S06:GS11:p0001,east,0,7,6
9809,CP-AP-r001:S-P06-S06:GS11:p0002,east,0,5,6
9810,CP-AP-r001:S-P06-S06:GS11:p0003,east,0,8,2
9811,CP-AP-r001:S-P06-S06:GS11:p0004,east,0,9,6
9812,CP-AP-r001:S-P06-S06:GS11:p0005,east,0,7,5
9813,CP-AP-r001:S-P06-S06:GS11:p0006,east,0,8,6
9814,CP-AP-r001:S-P06-S06:GS11:p0007,east,0,8,1
9815,CP-AP-r001:S-P06-S06:GS11:p0008,east,0,8,6
9816,CP-AP-r001:S-P06-S06:GS11:p0009,east,0,9,4
9817,CP-AP-r001:S-P06-S06:GS11:p0010,east,0,8,6
9818,CP-AP-r001:S-P06-S06:GS11:p0011,east,0,8,1
9819,CP-AP-r001:S-P06-S06:GS11:p0012,east,0,8,6
9820,CP-AP-r001:S-P06-S06:GS12:p0001,east,0,10,0
9821,CP-AP-r001:S-P06-S06:GS12:p0002,east,0,8,6
9822,CP-AP-r001:S-P06-S06:GS12:p0003,east,0,8,2
9823,CP-AP-r001:S-P06-S06:GS12:p0004,east,0,8,6
9824,CP-AP-r001:S-P06-S06:GS12:p0005,east,0,8,0
9825,CP-AP-r001:S-P06-S06:GS12:p0006,east,0,8,5
9826,CP-AP-r001:S-P06-S06:GS12:p0007,east,0,8,1
9827,CP-AP-r001:S-P06-S06:GS12:p0008,east,0,8,6
9828,CP-AP-r001:S-P06-S06:GS12:p0009,east,0,9,0
9829,CP-AP-r001:S-P06-S06:GS12:p0010,east,0,8,4
9830,CP-AP-r001:S-P06-S06:GS12:p0011,east,0,6,6
9831,CP-AP-r001:S-P06-S06:GS12:p0012,east,0,8,1
9832,CP-AP-r001:S-P06-S06:GS12:p0013,east,0,9,6
9833,CP-AP-r001:S-P06-S07:GS01:p0001,west,7,0,6
9834,CP-AP-r001:S-P06-S07:GS01:p0002,west,7,0,4
9835,CP-AP-r001:S-P06-S07:GS01:p0003,west,8,0,6
9836,CP-AP-r001:S-P06-S07:GS01:p0004,west,7,0,0
9837,CP-AP-r001:S-P06-S07:GS01:p0005,west,7,0,5
9838,CP-AP-r001:S-P06-S07:GS01:p0006,west,8,0,6
9839,CP-AP-r001:S-P06-S07:GS01:p0007,west,7,0,1
9840,CP-AP-r001:S-P06-S07:GS01:p0008,west,7,0,5
9841,CP-AP-r001:S-P06-S07:GS01:p0009,west,5,0,0
9842,CP-AP-r001:S-P06-S07:GS01:p0010,west,6,0,6
9843,CP-AP-r001:S-P06-S07:GS01:p0011,west,9,0,1
9844,CP-AP-r001:S-P06-S07:GS02:p0001,west,8,0,6
9845,CP-AP-r001:S-P06-S07:GS02:p0002,west,6,0,4
9846,CP-AP-r001:S-P06-S07:GS02:p0003,west,8,0,6
9847,CP-AP-r001:S-P06-S07:GS02:p0004,west,7,0,0
9848,CP-AP-r001:S-P06-S07:GS02:p0005,west,6,0,6
9849,CP-AP-r001:S-P06-S07:GS02:p0006,west,5,0,5
9850,CP-AP-r001:S-P06-S07:GS02:p0007,west,8,0,6
9851,CP-AP-r001:S-P06-S07:GS02:p0008,west,7,0,1
9852,CP-AP-r001:S-P06-S07:GS02:p0009,west,7,0,6
9853,CP-AP-r001:S-P06-S07:GS02:p0010,west,6,0,5
9854,CP-AP-r001:S-P06-S07:GS02:p0011,west,8,0,6
9855,CP-AP-r001:S-P06-S07:GS02:p0012,west,7,0,1
9856,CP-AP-r001:S-P06-S07:GS03:p0001,west,7,0,6
9857,CP-AP-r001:S-P06-S07:GS03:p0002,west,7,0,4
9858,CP-AP-r001:S-P06-S07:GS03:p0003,west,8,0,6
9859,CP-AP-r001:S-P06-S07:GS03:p0004,west,7,0,0
9860,CP-AP-r001:S-P06-S07:GS03:p0005,west,7,0,6
9861,CP-AP-r001:S-P06-S07:GS03:p0006,west,7,0,5
9862,CP-AP-r001:S-P06-S07:GS03:p0007,west,8,0,6
9863,CP-AP-r001:S-P06-S07:GS03:p0008,west,7,0,1
9864,CP-AP-r001:S-P06-S07:GS03:p0009,west,7,0,6
9865,CP-AP-r001:S-P06-S07:GS03:p0010,west,7,0,5
9866,CP-AP-r001:S-P06-S07:GS03:p0011,west,8,0,6
9867,CP-AP-r001:S-P06-S07:GS03:p0012,west,7,0,1
9868,CP-AP-r001:S-P06-S07:GS04:p0001,east,0,7,5
9869,CP-AP-r001:S-P06-S07:GS04:p0002,east,0,8,6
9870,CP-AP-r001:S-P06-S07:GS04:p0003,east,0,7,1
9871,CP-AP-r001:S-P06-S07:GS04:p0004,east,0,8,6
9872,CP-AP-r001:S-P06-S07:GS04:p0005,east,0,7,4
9873,CP-AP-r001:S-P06-S07:GS04:p0006,east,0,7,6
9874,CP-AP-r001:S-P06-S07:GS04:p0007,east,0,8,6
9875,CP-AP-r001:S-P06-S07:GS04:p0008,east,0,7,6
9876,CP-AP-r001:S-P06-S07:GS04:p0009,east,0,7,3
9877,CP-AP-r001:S-P06-S07:GS04:p0010,east,0,7,6
9878,CP-AP-r001:S-P06-S07:GS04:p0011,east,0,10,6
9879,CP-AP-r001:S-P06-S07:GS04:p0012,east,0,6,6
9880,CP-AP-r001:S-P06-S07:GS05:p0001,east,0,7,5
9881,CP-AP-r001:S-P06-S07:GS05:p0002,east,0,8,1
9882,CP-AP-r001:S-P06-S07:GS05:p0003,east,0,7,6
9883,CP-AP-r001:S-P06-S07:GS05:p0004,east,0,7,4
9884,CP-AP-r001:S-P06-S07:GS05:p0005,east,0,4,6
9885,CP-AP-r001:S-P06-S07:GS05:p0006,east,0,6,0
9886,CP-AP-r001:S-P06-S07:GS05:p0007,east,0,10,6
9887,CP-AP-r001:S-P06-S07:GS05:p0008,east,0,6,3
9888,CP-AP-r001:S-P06-S07:GS05:p0009,east,0,6,6
9889,CP-AP-r001:S-P06-S07:GS05:p0010,east,0,7,0
9890,CP-AP-r001:S-P06-S07:GS05:p0011,east,0,8,6
9891,CP-AP-r001:S-P06-S07:GS06:p0001,east,0,8,0
9892,CP-AP-r001:S-P06-S07:GS06:p0002,east,0,6,5
9893,CP-AP-r001:S-P06-S07:GS06:p0003,east,0,8,1
9894,CP-AP-r001:S-P06-S07:GS06:p0004,east,0,7,6
9895,CP-AP-r001:S-P06-S07:GS06:p0005,east,0,6,0
9896,CP-AP-r001:S-P06-S07:GS06:p0006,east,0,5,4
9897,CP-AP-r001:S-P06-S07:GS06:p0007,east,0,8,0
9898,CP-AP-r001:S-P06-S07:GS06:p0008,east,0,7,6
9899,CP-AP-r001:S-P06-S07:GS06:p0009,east,0,7,0
9900,CP-AP-r001:S-P06-S07:GS06:p0010,east,0,7,3
9901,CP-AP-r001:S-P06-S07:GS06:p0011,east,0,8,0
9902,CP-AP-r001:S-P06-S07:GS06:p0012,east,0,7,6
9903,CP-AP-r001:S-P06-S07:GS07:p0001,west,7,0,4
9904,CP-AP-r001:S-P06-S07:GS07:p0002,west,9,0,0
9905,CP-AP-r001:S-P06-S07:GS07:p0003,west,8,0,6
9906,CP-AP-r001:S-P06-S07:GS07:p0004,west,9,0,0
9907,CP-AP-r001:S-P06-S07:GS07:p0005,west,9,0,5
9908,CP-AP-r001:S-P06-S07:GS07:p0006,west,9,0,0
9909,CP-AP-r001:S-P06-S07:GS07:p0007,west,8,0,6
9910,CP-AP-r001:S-P06-S07:GS07:p0008,west,8,0,1
9911,CP-AP-r001:S-P06-S07:GS07:p0009,west,8,0,5
9912,CP-AP-r001:S-P06-S07:GS07:p0010,west,9,0,0
9913,CP-AP-r001:S-P06-S07:GS07:p0011,west,8,0,6
9914,CP-AP-r001:S-P06-S07:GS07:p0012,west,10,0,1
9915,CP-AP-r001:S-P06-S07:GS08:p0001,west,7,0,6
9916,CP-AP-r001:S-P06-S07:GS08:p0002,west,8,0,4
9917,CP-AP-r001:S-P06-S07:GS08:p0003,west,8,0,6
9918,CP-AP-r001:S-P06-S07:GS08:p0004,west,8,0,0
9919,CP-AP-r001:S-P06-S07:GS08:p0005,west,7,0,6
9920,CP-AP-r001:S-P06-S07:GS08:p0006,west,7,0,5
9921,CP-AP-r001:S-P06-S07:GS08:p0007,west,8,0,0
9922,CP-AP-r001:S-P06-S07:GS08:p0008,west,8,0,6
9923,CP-AP-r001:S-P06-S07:GS08:p0009,west,10,0,1
9924,CP-AP-r001:S-P06-S07:GS08:p0010,west,7,0,5
9925,CP-AP-r001:S-P06-S07:GS08:p0011,west,8,0,0
9926,CP-AP-r001:S-P06-S07:GS08:p0012,west,8,0,6
9927,CP-AP-r001:S-P06-S07:GS08:p0013,west,9,0,1
9928,CP-AP-r001:S-P06-S07:GS09:p0001,west,10,0,6
9929,CP-AP-r001:S-P06-S07:GS09:p0002,west,8,0,4
9930,CP-AP-r001:S-P06-S07:GS09:p0003,west,8,0,6
9931,CP-AP-r001:S-P06-S07:GS09:p0004,west,8,0,6
9932,CP-AP-r001:S-P06-S07:GS09:p0005,west,8,0,0
9933,CP-AP-r001:S-P06-S07:GS09:p0006,west,10,0,6
9934,CP-AP-r001:S-P06-S07:GS09:p0007,west,8,0,5
9935,CP-AP-r001:S-P06-S07:GS09:p0008,west,8,0,6
9936,CP-AP-r001:S-P06-S07:GS09:p0009,west,6,0,1
9937,CP-AP-r001:S-P06-S07:GS09:p0010,west,9,0,6
9938,CP-AP-r001:S-P06-S07:GS09:p0011,west,8,0,5
9939,CP-AP-r001:S-P06-S07:GS09:p0012,west,8,0,6
9940,CP-AP-r001:S-P06-S07:GS09:p0013,west,8,0,1
9941,CP-AP-r001:S-P06-S07:GS10:p0001,east,0,8,5
9942,CP-AP-r001:S-P06-S07:GS10:p0002,east,0,8,6
9943,CP-AP-r001:S-P06-S07:GS10:p0003,east,0,9,1
9944,CP-AP-r001:S-P06-S07:GS10:p0004,east,0,10,6
9945,CP-AP-r001:S-P06-S07:GS10:p0005,east,0,9,4
9946,CP-AP-r001:S-P06-S07:GS10:p0006,east,0,8,6
9947,CP-AP-r001:S-P06-S07:GS10:p0007,east,0,9,0
9948,CP-AP-r001:S-P06-S07:GS10:p0008,east,0,10,6
9949,CP-AP-r001:S-P06-S07:GS10:p0009,east,0,10,3
9950,CP-AP-r001:S-P06-S07:GS10:p0010,east,0,8,6
9951,CP-AP-r001:S-P06-S07:GS10:p0011,east,0,7,0
9952,CP-AP-r001:S-P06-S07:GS10:p0012,east,0,8,6
9953,CP-AP-r001:S-P06-S07:GS11:p0001,east,0,8,5
9954,CP-AP-r001:S-P06-S07:GS11:p0002,east,0,9,6
9955,CP-AP-r001:S-P06-S07:GS11:p0003,east,0,8,1
9956,CP-AP-r001:S-P06-S07:GS11:p0004,east,0,9,6
9957,CP-AP-r001:S-P06-S07:GS11:p0005,east,0,8,4
9958,CP-AP-r001:S-P06-S07:GS11:p0006,east,0,9,6
9959,CP-AP-r001:S-P06-S07:GS11:p0007,east,0,8,0
9960,CP-AP-r001:S-P06-S07:GS11:p0008,east,0,10,6
9961,CP-AP-r001:S-P06-S07:GS11:p0009,east,0,8,3
9962,CP-AP-r001:S-P06-S07:GS11:p0010,east,0,8,6
9963,CP-AP-r001:S-P06-S07:GS11:p0011,east,0,8,0
9964,CP-AP-r001:S-P06-S07:GS11:p0012,east,0,10,6
9965,CP-AP-r001:S-P06-S07:GS12:p0001,east,0,8,0
9966,CP-AP-r001:S-P06-S07:GS12:p0002,east,0,8,5
9967,CP-AP-r001:S-P06-S07:GS12:p0003,east,0,7,6
9968,CP-AP-r001:S-P06-S07:GS12:p0004,east,0,8,1
9969,CP-AP-r001:S-P06-S07:GS12:p0005,east,0,10,6
9970,CP-AP-r001:S-P06-S07:GS12:p0006,east,0,7,4
9971,CP-AP-r001:S-P06-S07:GS12:p0007,east,0,6,6
9972,CP-AP-r001:S-P06-S07:GS12:p0008,east,0,8,0
9973,CP-AP-r001:S-P06-S07:GS12:p0009,east,0,10,6
9974,CP-AP-r001:S-P06-S07:GS12:p0010,east,0,7,3
9975,CP-AP-r001:S-P06-S07:GS12:p0011,east,0,9,6
9976,CP-AP-r001:S-P06-S07:GS12:p0012,east,0,8,0
9977,CP-AP-r001:S-P06-S07:GS12:p0013,east,0,9,6
9978,CP-AP-r001:S-P06-S08:GS01:p0001,west,6,0,4
9979,CP-AP-r001:S-P06-S08:GS01:p0002,west,8,0,6
9980,CP-AP-r001:S-P06-S08:GS01:p0003,west,6,0,0
9981,CP-AP-r001:S-P06-S08:GS01:p0004,west,6,0,5
9982,CP-AP-r001:S-P06-S08:GS01:p0005,west,6,0,0
9983,CP-AP-r001:S-P06-S08:GS01:p0006,west,9,0,6
9984,CP-AP-r001:S-P06-S08:GS01:p0007,west,7,0,1
9985,CP-AP-r001:S-P06-S08:GS01:p0008,west,6,0,5
9986,CP-AP-r001:S-P06-S08:GS01:p0009,west,5,0,0
9987,CP-AP-r001:S-P06-S08:GS01:p0010,west,7,0,6
9988,CP-AP-r001:S-P06-S08:GS01:p0011,west,8,0,2
9989,CP-AP-r001:S-P06-S08:GS02:p0001,west,7,0,6
9990,CP-AP-r001:S-P06-S08:GS02:p0002,west,6,0,4
9991,CP-AP-r001:S-P06-S08:GS02:p0003,west,8,0,6
9992,CP-AP-r001:S-P06-S08:GS02:p0004,west,6,0,0
9993,CP-AP-r001:S-P06-S08:GS02:p0005,west,6,0,6
9994,CP-AP-r001:S-P06-S08:GS02:p0006,west,4,0,5
9995,CP-AP-r001:S-P06-S08:GS02:p0007,west,8,0,6
9996,CP-AP-r001:S-P06-S08:GS02:p0008,west,6,0,1
9997,CP-AP-r001:S-P06-S08:GS02:p0009,west,7,0,6
9998,CP-AP-r001:S-P06-S08:GS02:p0010,west,5,0,5
9999,CP-AP-r001:S-P06-S08:GS02:p0011,west,8,0,6
10000,CP-AP-r001:S-P06-S08:GS02:p0012,west,6,0,2
10001,CP-AP-r001:S-P06-S08:GS03:p0001,west,6,0,6
10002,CP-AP-r001:S-P06-S08:GS03:p0002,west,6,0,4
10003,CP-AP-r001:S-P06-S08:GS03:p0003,west,8,0,6
10004,CP-AP-r001:S-P06-S08:GS03:p0004,west,5,0,0
10005,CP-AP-r001:S-P06-S08:GS03:p0005,west,6,0,6
10006,CP-AP-r001:S-P06-S08:GS03:p0006,west,6,0,5
10007,CP-AP-r001:S-P06-S08:GS03:p0007,west,8,0,6
10008,CP-AP-r001:S-P06-S08:GS03:p0008,west,6,0,1
10009,CP-AP-r001:S-P06-S08:GS03:p0009,west,7,0,6
10010,CP-AP-r001:S-P06-S08:GS03:p0010,west,6,0,5
10011,CP-AP-r001:S-P06-S08:GS03:p0011,west,8,0,6
10012,CP-AP-r001:S-P06-S08:GS03:p0012,west,6,0,2
10013,CP-AP-r001:S-P06-S08:GS04:p0001,east,0,6,4
10014,CP-AP-r001:S-P06-S08:GS04:p0002,east,0,6,6
10015,CP-AP-r001:S-P06-S08:GS04:p0003,east,0,8,6
10016,CP-AP-r001:S-P06-S08:GS04:p0004,east,0,6,4
10017,CP-AP-r001:S-P06-S08:GS04:p0005,east,0,6,6
10018,CP-AP-r001:S-P06-S08:GS04:p0006,east,0,8,6
10019,CP-AP-r001:S-P06-S08:GS04:p0007,east,0,6,6
10020,CP-AP-r001:S-P06-S08:GS04:p0008,east,0,6,3
10021,CP-AP-r001:S-P06-S08:GS04:p0009,east,0,6,6
10022,CP-AP-r001:S-P06-S08:GS04:p0010,east,0,10,6
10023,CP-AP-r001:S-P06-S08:GS04:p0011,east,0,4,6
10024,CP-AP-r001:S-P06-S08:GS05:p0001,east,0,6,4
10025,CP-AP-r001:S-P06-S08:GS05:p0002,east,0,8,1
10026,CP-AP-r001:S-P06-S08:GS05:p0003,east,0,6,6
10027,CP-AP-r001:S-P06-S08:GS05:p0004,east,0,6,4
10028,CP-AP-r001:S-P06-S08:GS05:p0005,east,0,6,6
10029,CP-AP-r001:S-P06-S08:GS05:p0006,east,0,7,0
10030,CP-AP-r001:S-P06-S08:GS05:p0007,east,0,9,6
10031,CP-AP-r001:S-P06-S08:GS05:p0008,east,0,4,3
10032,CP-AP-r001:S-P06-S08:GS05:p0009,east,0,5,6
10033,CP-AP-r001:S-P06-S08:GS05:p0010,east,0,7,0
10034,CP-AP-r001:S-P06-S08:GS05:p0011,east,0,8,6
10035,CP-AP-r001:S-P06-S08:GS06:p0001,east,0,8,0
10036,CP-AP-r001:S-P06-S08:GS06:p0002,east,0,6,4
10037,CP-AP-r001:S-P06-S08:GS06:p0003,east,0,8,1
10038,CP-AP-r001:S-P06-S08:GS06:p0004,east,0,6,6
10039,CP-AP-r001:S-P06-S08:GS06:p0005,east,0,6,0
10040,CP-AP-r001:S-P06-S08:GS06:p0006,east,0,4,4
10041,CP-AP-r001:S-P06-S08:GS06:p0007,east,0,8,0
10042,CP-AP-r001:S-P06-S08:GS06:p0008,east,0,6,6
10043,CP-AP-r001:S-P06-S08:GS06:p0009,east,0,6,3
10044,CP-AP-r001:S-P06-S08:GS06:p0010,east,0,8,0
10045,CP-AP-r001:S-P06-S08:GS06:p0011,east,0,6,6
10046,CP-AP-r001:S-P06-S08:GS07:p0001,west,7,0,4
10047,CP-AP-r001:S-P06-S08:GS07:p0002,west,8,0,0
10048,CP-AP-r001:S-P06-S08:GS07:p0003,west,8,0,6
10049,CP-AP-r001:S-P06-S08:GS07:p0004,west,8,0,0
10050,CP-AP-r001:S-P06-S08:GS07:p0005,west,8,0,5
10051,CP-AP-r001:S-P06-S08:GS07:p0006,west,8,0,0
10052,CP-AP-r001:S-P06-S08:GS07:p0007,west,8,0,6
10053,CP-AP-r001:S-P06-S08:GS07:p0008,west,8,0,1
10054,CP-AP-r001:S-P06-S08:GS07:p0009,west,8,0,5
10055,CP-AP-r001:S-P06-S08:GS07:p0010,west,7,0,0
10056,CP-AP-r001:S-P06-S08:GS07:p0011,west,9,0,6
10057,CP-AP-r001:S-P06-S08:GS07:p0012,west,10,0,2
10058,CP-AP-r001:S-P06-S08:GS08:p0001,west,8,0,6
10059,CP-AP-r001:S-P06-S08:GS08:p0002,west,8,0,4
10060,CP-AP-r001:S-P06-S08:GS08:p0003,west,7,0,0
10061,CP-AP-r001:S-P06-S08:GS08:p0004,west,8,0,6
10062,CP-AP-r001:S-P06-S08:GS08:p0005,west,7,0,0
10063,CP-AP-r001:S-P06-S08:GS08:p0006,west,9,0,6
10064,CP-AP-r001:S-P06-S08:GS08:p0007,west,8,0,5
10065,CP-AP-r001:S-P06-S08:GS08:p0008,west,7,0,0
10066,CP-AP-r001:S-P06-S08:GS08:p0009,west,8,0,6
10067,CP-AP-r001:S-P06-S08:GS08:p0010,west,9,0,1
10068,CP-AP-r001:S-P06-S08:GS08:p0011,west,7,0,5
10069,CP-AP-r001:S-P06-S08:GS08:p0012,west,7,0,0
10070,CP-AP-r001:S-P06-S08:GS08:p0013,west,8,0,6
10071,CP-AP-r001:S-P06-S08:GS08:p0014,west,8,0,2
10072,CP-AP-r001:S-P06-S08:GS09:p0001,west,10,0,6
10073,CP-AP-r001:S-P06-S08:GS09:p0002,west,7,0,4
10074,CP-AP-r001:S-P06-S08:GS09:p0003,west,10,0,5
10075,CP-AP-r001:S-P06-S08:GS09:p0004,west,8,0,6
10076,CP-AP-r001:S-P06-S08:GS09:p0005,west,5,0,0
10077,CP-AP-r001:S-P06-S08:GS09:p0006,west,10,0,6
10078,CP-AP-r001:S-P06-S08:GS09:p0007,west,8,0,5
10079,CP-AP-r001:S-P06-S08:GS09:p0008,west,8,0,6
10080,CP-AP-r001:S-P06-S08:GS09:p0009,west,6,0,1
10081,CP-AP-r001:S-P06-S08:GS09:p0010,west,10,0,6
10082,CP-AP-r001:S-P06-S08:GS09:p0011,west,8,0,5
10083,CP-AP-r001:S-P06-S08:GS09:p0012,west,8,0,6
10084,CP-AP-r001:S-P06-S08:GS09:p0013,west,8,0,2
10085,CP-AP-r001:S-P06-S08:GS10:p0001,east,0,7,4
10086,CP-AP-r001:S-P06-S08:GS10:p0002,east,0,7,6
10087,CP-AP-r001:S-P06-S08:GS10:p0003,east,0,10,1
10088,CP-AP-r001:S-P06-S08:GS10:p0004,east,0,10,6
10089,CP-AP-r001:S-P06-S08:GS10:p0005,east,0,8,4
10090,CP-AP-r001:S-P06-S08:GS10:p0006,east,0,7,6
10091,CP-AP-r001:S-P06-S08:GS10:p0007,east,0,10,0
10092,CP-AP-r001:S-P06-S08:GS10:p0008,east,0,9,6
10093,CP-AP-r001:S-P06-S08:GS10:p0009,east,0,10,3
10094,CP-AP-r001:S-P06-S08:GS10:p0010,east,0,7,6
10095,CP-AP-r001:S-P06-S08:GS10:p0011,east,0,8,0
10096,CP-AP-r001:S-P06-S08:GS10:p0012,east,0,8,6
10097,CP-AP-r001:S-P06-S08:GS10:p0013,east,0,6,6
10098,CP-AP-r001:S-P06-S08:GS11:p0001,east,0,8,4
10099,CP-AP-r001:S-P06-S08:GS11:p0002,east,0,8,6
10100,CP-AP-r001:S-P06-S08:GS11:p0003,east,0,8,1
10101,CP-AP-r001:S-P06-S08:GS11:p0004,east,0,9,6
10102,CP-AP-r001:S-P06-S08:GS11:p0005,east,0,8,4
10103,CP-AP-r001:S-P06-S08:GS11:p0006,east,0,7,6
10104,CP-AP-r001:S-P06-S08:GS11:p0007,east,0,8,0
10105,CP-AP-r001:S-P06-S08:GS11:p0008,east,0,10,6
10106,CP-AP-r001:S-P06-S08:GS11:p0009,east,0,7,3
10107,CP-AP-r001:S-P06-S08:GS11:p0010,east,0,7,6
10108,CP-AP-r001:S-P06-S08:GS11:p0011,east,0,10,0
10109,CP-AP-r001:S-P06-S08:GS11:p0012,east,0,10,6
10110,CP-AP-r001:S-P06-S08:GS12:p0001,east,0,9,0
10111,CP-AP-r001:S-P06-S08:GS12:p0002,east,0,8,4
10112,CP-AP-r001:S-P06-S08:GS12:p0003,east,0,5,6
10113,CP-AP-r001:S-P06-S08:GS12:p0004,east,0,8,1
10114,CP-AP-r001:S-P06-S08:GS12:p0005,east,0,9,6
10115,CP-AP-r001:S-P06-S08:GS12:p0006,east,0,7,4
10116,CP-AP-r001:S-P06-S08:GS12:p0007,east,0,5,6
10117,CP-AP-r001:S-P06-S08:GS12:p0008,east,0,8,0
10118,CP-AP-r001:S-P06-S08:GS12:p0009,east,0,9,6
10119,CP-AP-r001:S-P06-S08:GS12:p0010,east,0,7,3
10120,CP-AP-r001:S-P06-S08:GS12:p0011,east,0,8,6
10121,CP-AP-r001:S-P06-S08:GS12:p0012,east,0,8,0
10122,CP-AP-r001:S-P06-S08:GS12:p0013,east,0,8,6
10123,CP-AP-r001:S-P06-S09:GS01:p0001,west,7,0,5
10124,CP-AP-r001:S-P06-S09:GS01:p0002,west,4,0,0
10125,CP-AP-r001:S-P06-S09:GS01:p0003,west,6,0,6
10126,CP-AP-r001:S-P06-S09:GS01:p0004,west,10,0,1
10127,CP-AP-r001:S-P06-S09:GS01:p0005,west,5,0,5
10128,CP-AP-r001:S-P06-S09:GS01:p0006,west,7,0,0
10129,CP-AP-r001:S-P06-S09:GS01:p0007,west,7,0,6
10130,CP-AP-r001:S-P06-S09:GS01:p0008,west,8,0,2
10131,CP-AP-r001:S-P06-S09:GS01:p0009,west,7,0,6
10132,CP-AP-r001:S-P06-S09:GS01:p0010,west,7,0,0
10133,CP-AP-r001:S-P06-S09:GS01:p0011,west,8,0,3
10134,CP-AP-r001:S-P06-S09:GS02:p0001,west,7,0,6
10135,CP-AP-r001:S-P06-S09:GS02:p0002,west,5,0,5
10136,CP-AP-r001:S-P06-S09:GS02:p0003,west,8,0,6
10137,CP-AP-r001:S-P06-S09:GS02:p0004,west,7,0,1
10138,CP-AP-r001:S-P06-S09:GS02:p0005,west,7,0,5
10139,CP-AP-r001:S-P06-S09:GS02:p0006,west,8,0,6
10140,CP-AP-r001:S-P06-S09:GS02:p0007,west,7,0,2
10141,CP-AP-r001:S-P06-S09:GS02:p0008,west,7,0,6
10142,CP-AP-r001:S-P06-S09:GS02:p0009,west,4,0,0
10143,CP-AP-r001:S-P06-S09:GS02:p0010,west,8,0,6
10144,CP-AP-r001:S-P06-S09:GS02:p0011,west,9,0,3
10145,CP-AP-r001:S-P06-S09:GS03:p0001,west,7,0,6
10146,CP-AP-r001:S-P06-S09:GS03:p0002,west,7,0,5
10147,CP-AP-r001:S-P06-S09:GS03:p0003,west,8,0,6
10148,CP-AP-r001:S-P06-S09:GS03:p0004,west,7,0,1
10149,CP-AP-r001:S-P06-S09:GS03:p0005,west,8,0,6
10150,CP-AP-r001:S-P06-S09:GS03:p0006,west,6,0,5
10151,CP-AP-r001:S-P06-S09:GS03:p0007,west,8,0,6
10152,CP-AP-r001:S-P06-S09:GS03:p0008,west,7,0,2
10153,CP-AP-r001:S-P06-S09:GS03:p0009,west,6,0,6
10154,CP-AP-r001:S-P06-S09:GS03:p0010,west,5,0,6
10155,CP-AP-r001:S-P06-S09:GS03:p0011,west,8,0,6
10156,CP-AP-r001:S-P06-S09:GS03:p0012,west,7,0,3
10157,CP-AP-r001:S-P06-S09:GS04:p0001,east,0,7,3
10158,CP-AP-r001:S-P06-S09:GS04:p0002,east,0,7,6
10159,CP-AP-r001:S-P06-S09:GS04:p0003,east,0,10,6
10160,CP-AP-r001:S-P06-S09:GS04:p0004,east,0,6,6
10161,CP-AP-r001:S-P06-S09:GS04:p0005,east,0,7,2
10162,CP-AP-r001:S-P06-S09:GS04:p0006,east,0,7,6
10163,CP-AP-r001:S-P06-S09:GS04:p0007,east,0,8,6
10164,CP-AP-r001:S-P06-S09:GS04:p0008,east,0,8,6
10165,CP-AP-r001:S-P06-S09:GS04:p0009,east,0,7,2
10166,CP-AP-r001:S-P06-S09:GS04:p0010,east,0,7,6
10167,CP-AP-r001:S-P06-S09:GS04:p0011,east,0,8,5
10168,CP-AP-r001:S-P06-S09:GS04:p0012,east,0,7,6
10169,CP-AP-r001:S-P06-S09:GS05:p0001,east,0,6,3
10170,CP-AP-r001:S-P06-S09:GS05:p0002,east,0,6,6
10171,CP-AP-r001:S-P06-S09:GS05:p0003,east,0,7,0
10172,CP-AP-r001:S-P06-S09:GS05:p0004,east,0,8,6
10173,CP-AP-r001:S-P06-S09:GS05:p0005,east,0,7,2
10174,CP-AP-r001:S-P06-S09:GS05:p0006,east,0,7,6
10175,CP-AP-r001:S-P06-S09:GS05:p0007,east,0,8,6
10176,CP-AP-r001:S-P06-S09:GS05:p0008,east,0,7,2
10177,CP-AP-r001:S-P06-S09:GS05:p0009,east,0,7,6
10178,CP-AP-r001:S-P06-S09:GS05:p0010,east,0,8,5
10179,CP-AP-r001:S-P06-S09:GS05:p0011,east,0,7,6
10180,CP-AP-r001:S-P06-S09:GS06:p0001,east,0,7,0
10181,CP-AP-r001:S-P06-S09:GS06:p0002,east,0,7,3
10182,CP-AP-r001:S-P06-S09:GS06:p0003,east,0,8,0
10183,CP-AP-r001:S-P06-S09:GS06:p0004,east,0,7,6
10184,CP-AP-r001:S-P06-S09:GS06:p0005,east,0,7,2
10185,CP-AP-r001:S-P06-S09:GS06:p0006,east,0,8,0
10186,CP-AP-r001:S-P06-S09:GS06:p0007,east,0,7,6
10187,CP-AP-r001:S-P06-S09:GS06:p0008,east,0,7,2
10188,CP-AP-r001:S-P06-S09:GS06:p0009,east,0,4,6
10189,CP-AP-r001:S-P06-S09:GS06:p0010,east,0,6,0
10190,CP-AP-r001:S-P06-S09:GS06:p0011,east,0,9,5
10191,CP-AP-r001:S-P06-S09:GS07:p0001,west,8,0,5
10192,CP-AP-r001:S-P06-S09:GS07:p0002,west,9,0,0
10193,CP-AP-r001:S-P06-S09:GS07:p0003,west,8,0,6
10194,CP-AP-r001:S-P06-S09:GS07:p0004,west,10,0,1
10195,CP-AP-r001:S-P06-S09:GS07:p0005,west,8,0,5
10196,CP-AP-r001:S-P06-S09:GS07:p0006,west,8,0,0
10197,CP-AP-r001:S-P06-S09:GS07:p0007,west,9,0,6
10198,CP-AP-r001:S-P06-S09:GS07:p0008,west,10,0,2
10199,CP-AP-r001:S-P06-S09:GS07:p0009,west,8,0,6
10200,CP-AP-r001:S-P06-S09:GS07:p0010,west,8,0,0
10201,CP-AP-r001:S-P06-S09:GS07:p0011,west,9,0,6
10202,CP-AP-r001:S-P06-S09:GS07:p0012,west,10,0,3
10203,CP-AP-r001:S-P06-S09:GS08:p0001,west,7,0,5
10204,CP-AP-r001:S-P06-S09:GS08:p0002,west,7,0,0
10205,CP-AP-r001:S-P06-S09:GS08:p0003,west,8,0,6
10206,CP-AP-r001:S-P06-S09:GS08:p0004,west,10,0,1
10207,CP-AP-r001:S-P06-S09:GS08:p0005,west,7,0,5
10208,CP-AP-r001:S-P06-S09:GS08:p0006,west,9,0,0
10209,CP-AP-r001:S-P06-S09:GS08:p0007,west,8,0,6
10210,CP-AP-r001:S-P06-S09:GS08:p0008,west,9,0,2
10211,CP-AP-r001:S-P06-S09:GS08:p0009,west,8,0,6
10212,CP-AP-r001:S-P06-S09:GS08:p0010,west,10,0,0
10213,CP-AP-r001:S-P06-S09:GS08:p0011,west,8,0,6
10214,CP-AP-r001:S-P06-S09:GS08:p0012,west,9,0,3
10215,CP-AP-r001:S-P06-S09:GS09:p0001,west,9,0,6
10216,CP-AP-r001:S-P06-S09:GS09:p0002,west,8,0,5
10217,CP-AP-r001:S-P06-S09:GS09:p0003,west,8,0,6
10218,CP-AP-r001:S-P06-S09:GS09:p0004,west,8,0,1
10219,CP-AP-r001:S-P06-S09:GS09:p0005,west,9,0,6
10220,CP-AP-r001:S-P06-S09:GS09:p0006,west,8,0,5
10221,CP-AP-r001:S-P06-S09:GS09:p0007,west,6,0,0
10222,CP-AP-r001:S-P06-S09:GS09:p0008,west,8,0,6
10223,CP-AP-r001:S-P06-S09:GS09:p0009,west,9,0,2
10224,CP-AP-r001:S-P06-S09:GS09:p0010,west,7,0,6
10225,CP-AP-r001:S-P06-S09:GS09:p0011,west,7,0,6
10226,CP-AP-r001:S-P06-S09:GS09:p0012,west,7,0,0
10227,CP-AP-r001:S-P06-S09:GS09:p0013,west,8,0,6
10228,CP-AP-r001:S-P06-S09:GS09:p0014,west,10,0,3
10229,CP-AP-r001:S-P06-S09:GS10:p0001,east,0,11,3
10230,CP-AP-r001:S-P06-S09:GS10:p0002,east,0,8,6
10231,CP-AP-r001:S-P06-S09:GS10:p0003,east,0,7,0
10232,CP-AP-r001:S-P06-S09:GS10:p0004,east,0,8,6
10233,CP-AP-r001:S-P06-S09:GS10:p0005,east,0,10,2
10234,CP-AP-r001:S-P06-S09:GS10:p0006,east,0,8,6
10235,CP-AP-r001:S-P06-S09:GS10:p0007,east,0,8,0
10236,CP-AP-r001:S-P06-S09:GS10:p0008,east,0,8,6
10237,CP-AP-r001:S-P06-S09:GS10:p0009,east,0,8,6
10238,CP-AP-r001:S-P06-S09:GS10:p0010,east,0,9,2
10239,CP-AP-r001:S-P06-S09:GS10:p0011,east,0,8,6
10240,CP-AP-r001:S-P06-S09:GS10:p0012,east,0,8,5
10241,CP-AP-r001:S-P06-S09:GS10:p0013,east,0,7,6
10242,CP-AP-r001:S-P06-S09:GS11:p0001,east,0,8,3
10243,CP-AP-r001:S-P06-S09:GS11:p0002,east,0,8,6
10244,CP-AP-r001:S-P06-S09:GS11:p0003,east,0,8,0
10245,CP-AP-r001:S-P06-S09:GS11:p0004,east,0,10,6
10246,CP-AP-r001:S-P06-S09:GS11:p0005,east,0,8,2
10247,CP-AP-r001:S-P06-S09:GS11:p0006,east,0,8,6
10248,CP-AP-r001:S-P06-S09:GS11:p0007,east,0,9,0
10249,CP-AP-r001:S-P06-S09:GS11:p0008,east,0,10,6
10250,CP-AP-r001:S-P06-S09:GS11:p0009,east,0,10,2
10251,CP-AP-r001:S-P06-S09:GS11:p0010,east,0,8,6
10252,CP-AP-r001:S-P06-S09:GS11:p0011,east,0,9,0
10253,CP-AP-r001:S-P06-S09:GS11:p0012,east,0,9,5
10254,CP-AP-r001:S-P06-S09:GS12:p0001,east,0,7,3
10255,CP-AP-r001:S-P06-S09:GS12:p0002,east,0,9,6
10256,CP-AP-r001:S-P06-S09:GS12:p0003,east,0,8,0
10257,CP-AP-r001:S-P06-S09:GS12:p0004,east,0,9,6
10258,CP-AP-r001:S-P06-S09:GS12:p0005,east,0,9,2
10259,CP-AP-r001:S-P06-S09:GS12:p0006,east,0,9,6
10260,CP-AP-r001:S-P06-S09:GS12:p0007,east,0,8,0
10261,CP-AP-r001:S-P06-S09:GS12:p0008,east,0,8,6
10262,CP-AP-r001:S-P06-S09:GS12:p0009,east,0,8,2
10263,CP-AP-r001:S-P06-S09:GS12:p0010,east,0,9,6
10264,CP-AP-r001:S-P06-S09:GS12:p0011,east,0,8,0
10265,CP-AP-r001:S-P06-S09:GS12:p0012,east,0,10,5
10266,CP-AP-r001:S-P06-S10:GS01:p0001,west,7,0,5
10267,CP-AP-r001:S-P06-S10:GS01:p0002,west,5,0,0
10268,CP-AP-r001:S-P06-S10:GS01:p0003,west,7,0,6
10269,CP-AP-r001:S-P06-S10:GS01:p0004,west,9,0,1
10270,CP-AP-r001:S-P06-S10:GS01:p0005,west,4,0,6
10271,CP-AP-r001:S-P06-S10:GS01:p0006,west,6,0,0
10272,CP-AP-r001:S-P06-S10:GS01:p0007,west,7,0,6
10273,CP-AP-r001:S-P06-S10:GS01:p0008,west,8,0,2
10274,CP-AP-r001:S-P06-S10:GS01:p0009,west,6,0,6
10275,CP-AP-r001:S-P06-S10:GS01:p0010,west,6,0,0
10276,CP-AP-r001:S-P06-S10:GS01:p0011,west,8,0,3
10277,CP-AP-r001:S-P06-S10:GS02:p0001,west,7,0,6
10278,CP-AP-r001:S-P06-S10:GS02:p0002,west,4,0,5
10279,CP-AP-r001:S-P06-S10:GS02:p0003,west,8,0,6
10280,CP-AP-r001:S-P06-S10:GS02:p0004,west,6,0,1
10281,CP-AP-r001:S-P06-S10:GS02:p0005,west,7,0,6
10282,CP-AP-r001:S-P06-S10:GS02:p0006,west,8,0,6
10283,CP-AP-r001:S-P06-S10:GS02:p0007,west,6,0,2
10284,CP-AP-r001:S-P06-S10:GS02:p0008,west,6,0,6
10285,CP-AP-r001:S-P06-S10:GS02:p0009,west,6,0,0
10286,CP-AP-r001:S-P06-S10:GS02:p0010,west,9,0,6
10287,CP-AP-r001:S-P06-S10:GS02:p0011,west,8,0,3
10288,CP-AP-r001:S-P06-S10:GS03:p0001,west,6,0,6
10289,CP-AP-r001:S-P06-S10:GS03:p0002,west,6,0,5
10290,CP-AP-r001:S-P06-S10:GS03:p0003,west,8,0,6
10291,CP-AP-r001:S-P06-S10:GS03:p0004,west,6,0,1
10292,CP-AP-r001:S-P06-S10:GS03:p0005,west,8,0,6
10293,CP-AP-r001:S-P06-S10:GS03:p0006,west,6,0,6
10294,CP-AP-r001:S-P06-S10:GS03:p0007,west,8,0,6
10295,CP-AP-r001:S-P06-S10:GS03:p0008,west,6,0,2
10296,CP-AP-r001:S-P06-S10:GS03:p0009,west,6,0,6
10297,CP-AP-r001:S-P06-S10:GS03:p0010,west,4,0,6
10298,CP-AP-r001:S-P06-S10:GS03:p0011,west,8,0,6
10299,CP-AP-r001:S-P06-S10:GS03:p0012,west,6,0,3
10300,CP-AP-r001:S-P06-S10:GS04:p0001,east,0,6,3
10301,CP-AP-r001:S-P06-S10:GS04:p0002,east,0,6,6
10302,CP-AP-r001:S-P06-S10:GS04:p0003,east,0,10,6
10303,CP-AP-r001:S-P06-S10:GS04:p0004,east,0,4,6
10304,CP-AP-r001:S-P06-S10:GS04:p0005,east,0,6,2
10305,CP-AP-r001:S-P06-S10:GS04:p0006,east,0,6,6
10306,CP-AP-r001:S-P06-S10:GS04:p0007,east,0,8,6
10307,CP-AP-r001:S-P06-S10:GS04:p0008,east,0,6,6
10308,CP-AP-r001:S-P06-S10:GS04:p0009,east,0,6,2
10309,CP-AP-r001:S-P06-S10:GS04:p0010,east,0,6,6
10310,CP-AP-r001:S-P06-S10:GS04:p0011,east,0,8,5
10311,CP-AP-r001:S-P06-S10:GS04:p0012,east,0,6,6
10312,CP-AP-r001:S-P06-S10:GS05:p0001,east,0,4,3
10313,CP-AP-r001:S-P06-S10:GS05:p0002,east,0,5,6
10314,CP-AP-r001:S-P06-S10:GS05:p0003,east,0,7,0
10315,CP-AP-r001:S-P06-S10:GS05:p0004,east,0,8,6
10316,CP-AP-r001:S-P06-S10:GS05:p0005,east,0,6,2
10317,CP-AP-r001:S-P06-S10:GS05:p0006,east,0,6,6
10318,CP-AP-r001:S-P06-S10:GS05:p0007,east,0,8,6
10319,CP-AP-r001:S-P06-S10:GS05:p0008,east,0,6,2
10320,CP-AP-r001:S-P06-S10:GS05:p0009,east,0,6,6
10321,CP-AP-r001:S-P06-S10:GS05:p0010,east,0,8,5
10322,CP-AP-r001:S-P06-S10:GS05:p0011,east,0,6,6
10323,CP-AP-r001:S-P06-S10:GS06:p0001,east,0,6,0
10324,CP-AP-r001:S-P06-S10:GS06:p0002,east,0,6,3
10325,CP-AP-r001:S-P06-S10:GS06:p0003,east,0,8,0
10326,CP-AP-r001:S-P06-S10:GS06:p0004,east,0,6,6
10327,CP-AP-r001:S-P06-S10:GS06:p0005,east,0,6,2
10328,CP-AP-r001:S-P06-S10:GS06:p0006,east,0,6,6
10329,CP-AP-r001:S-P06-S10:GS06:p0007,east,0,9,0
10330,CP-AP-r001:S-P06-S10:GS06:p0008,east,0,6,6
10331,CP-AP-r001:S-P06-S10:GS06:p0009,east,0,6,2
10332,CP-AP-r001:S-P06-S10:GS06:p0010,east,0,5,6
10333,CP-AP-r001:S-P06-S10:GS06:p0011,east,0,7,0
10334,CP-AP-r001:S-P06-S10:GS06:p0012,east,0,8,5
10335,CP-AP-r001:S-P06-S10:GS07:p0001,west,8,0,5
10336,CP-AP-r001:S-P06-S10:GS07:p0002,west,7,0,0
10337,CP-AP-r001:S-P06-S10:GS07:p0003,west,8,0,6
10338,CP-AP-r001:S-P06-S10:GS07:p0004,west,10,0,1
10339,CP-AP-r001:S-P06-S10:GS07:p0005,west,7,0,6
10340,CP-AP-r001:S-P06-S10:GS07:p0006,west,7,0,0
10341,CP-AP-r001:S-P06-S10:GS07:p0007,west,10,0,6
10342,CP-AP-r001:S-P06-S10:GS07:p0008,west,10,0,2
10343,CP-AP-r001:S-P06-S10:GS07:p0009,west,7,0,6
10344,CP-AP-r001:S-P06-S10:GS07:p0010,west,7,0,0
10345,CP-AP-r001:S-P06-S10:GS07:p0011,west,10,0,6
10346,CP-AP-r001:S-P06-S10:GS07:p0012,west,10,0,3
10347,CP-AP-r001:S-P06-S10:GS08:p0001,west,7,0,5
10348,CP-AP-r001:S-P06-S10:GS08:p0002,west,6,0,0
10349,CP-AP-r001:S-P06-S10:GS08:p0003,west,8,0,6
10350,CP-AP-r001:S-P06-S10:GS08:p0004,west,8,0,1
10351,CP-AP-r001:S-P06-S10:GS08:p0005,west,7,0,6
10352,CP-AP-r001:S-P06-S10:GS08:p0006,west,8,0,0
10353,CP-AP-r001:S-P06-S10:GS08:p0007,west,8,0,6
10354,CP-AP-r001:S-P06-S10:GS08:p0008,west,8,0,2
10355,CP-AP-r001:S-P06-S10:GS08:p0009,west,8,0,6
10356,CP-AP-r001:S-P06-S10:GS08:p0010,west,8,0,0
10357,CP-AP-r001:S-P06-S10:GS08:p0011,west,8,0,6
10358,CP-AP-r001:S-P06-S10:GS08:p0012,west,9,0,3
10359,CP-AP-r001:S-P06-S10:GS09:p0001,west,10,0,6
10360,CP-AP-r001:S-P06-S10:GS09:p0002,west,8,0,5
10361,CP-AP-r001:S-P06-S10:GS09:p0003,west,8,0,6
10362,CP-AP-r001:S-P06-S10:GS09:p0004,west,8,0,1
10363,CP-AP-r001:S-P06-S10:GS09:p0005,west,10,0,6
10364,CP-AP-r001:S-P06-S10:GS09:p0006,west,8,0,6
10365,CP-AP-r001:S-P06-S10:GS09:p0007,west,6,0,0
10366,CP-AP-r001:S-P06-S10:GS09:p0008,west,8,0,6
10367,CP-AP-r001:S-P06-S10:GS09:p0009,west,8,0,2
10368,CP-AP-r001:S-P06-S10:GS09:p0010,west,9,0,6
10369,CP-AP-r001:S-P06-S10:GS09:p0011,west,8,0,6
10370,CP-AP-r001:S-P06-S10:GS09:p0012,west,6,0,0
10371,CP-AP-r001:S-P06-S10:GS09:p0013,west,8,0,6
10372,CP-AP-r001:S-P06-S10:GS09:p0014,west,9,0,3
10373,CP-AP-r001:S-P06-S10:GS10:p0001,east,0,10,3
10374,CP-AP-r001:S-P06-S10:GS10:p0002,east,0,7,6
10375,CP-AP-r001:S-P06-S10:GS10:p0003,east,0,8,0
10376,CP-AP-r001:S-P06-S10:GS10:p0004,east,0,8,6
10377,CP-AP-r001:S-P06-S10:GS10:p0005,east,0,10,2
10378,CP-AP-r001:S-P06-S10:GS10:p0006,east,0,7,6
10379,CP-AP-r001:S-P06-S10:GS10:p0007,east,0,10,0
10380,CP-AP-r001:S-P06-S10:GS10:p0008,east,0,8,6
10381,CP-AP-r001:S-P06-S10:GS10:p0009,east,0,6,6
10382,CP-AP-r001:S-P06-S10:GS10:p0010,east,0,10,2
10383,CP-AP-r001:S-P06-S10:GS10:p0011,east,0,8,6
10384,CP-AP-r001:S-P06-S10:GS10:p0012,east,0,8,5
10385,CP-AP-r001:S-P06-S10:GS10:p0013,east,0,7,6
10386,CP-AP-r001:S-P06-S10:GS11:p0001,east,0,7,3
10387,CP-AP-r001:S-P06-S10:GS11:p0002,east,0,7,6
10388,CP-AP-r001:S-P06-S10:GS11:p0003,east,0,10,0
10389,CP-AP-r001:S-P06-S10:GS11:p0004,east,0,10,6
10390,CP-AP-r001:S-P06-S10:GS11:p0005,east,0,7,2
10391,CP-AP-r001:S-P06-S10:GS11:p0006,east,0,7,6
10392,CP-AP-r001:S-P06-S10:GS11:p0007,east,0,10,0
10393,CP-AP-r001:S-P06-S10:GS11:p0008,east,0,10,6
10394,CP-AP-r001:S-P06-S10:GS11:p0009,east,0,9,2
10395,CP-AP-r001:S-P06-S10:GS11:p0010,east,0,7,6
10396,CP-AP-r001:S-P06-S10:GS11:p0011,east,0,10,0
10397,CP-AP-r001:S-P06-S10:GS11:p0012,east,0,8,5
10398,CP-AP-r001:S-P06-S10:GS12:p0001,east,0,7,3
10399,CP-AP-r001:S-P06-S10:GS12:p0002,east,0,8,6
10400,CP-AP-r001:S-P06-S10:GS12:p0003,east,0,8,0
10401,CP-AP-r001:S-P06-S10:GS12:p0004,east,0,8,6
10402,CP-AP-r001:S-P06-S10:GS12:p0005,east,0,8,2
10403,CP-AP-r001:S-P06-S10:GS12:p0006,east,0,8,6
10404,CP-AP-r001:S-P06-S10:GS12:p0007,east,0,8,0
10405,CP-AP-r001:S-P06-S10:GS12:p0008,east,0,8,6
10406,CP-AP-r001:S-P06-S10:GS12:p0009,east,0,8,2
10407,CP-AP-r001:S-P06-S10:GS12:p0010,east,0,7,6
10408,CP-AP-r001:S-P06-S10:GS12:p0011,east,0,9,0
10409,CP-AP-r001:S-P06-S10:GS12:p0012,east,0,10,5
10410,CP-AP-r001:S-P06-S11:GS01:p0001,west,7,0,6
10411,CP-AP-r001:S-P06-S11:GS01:p0002,west,7,0,0
10412,CP-AP-r001:S-P06-S11:GS01:p0003,west,8,0,3
10413,CP-AP-r001:S-P06-S11:GS01:p0004,west,7,0,6
10414,CP-AP-r001:S-P06-S11:GS01:p0005,west,7,0,0
10415,CP-AP-r001:S-P06-S11:GS01:p0006,west,8,0,4
10416,CP-AP-r001:S-P06-S11:GS01:p0007,west,7,0,0
10417,CP-AP-r001:S-P06-S11:GS01:p0008,west,7,0,6
10418,CP-AP-r001:S-P06-S11:GS01:p0009,west,7,0,1
10419,CP-AP-r001:S-P06-S11:GS01:p0010,west,9,0,4
10420,CP-AP-r001:S-P06-S11:GS01:p0011,west,6,0,0
10421,CP-AP-r001:S-P06-S11:GS02:p0001,west,7,0,6
10422,CP-AP-r001:S-P06-S11:GS02:p0002,west,5,0,0
10423,CP-AP-r001:S-P06-S11:GS02:p0003,west,8,0,6
10424,CP-AP-r001:S-P06-S11:GS02:p0004,west,7,0,3
10425,CP-AP-r001:S-P06-S11:GS02:p0005,west,7,0,6
10426,CP-AP-r001:S-P06-S11:GS02:p0006,west,5,0,0
10427,CP-AP-r001:S-P06-S11:GS02:p0007,west,6,0,6
10428,CP-AP-r001:S-P06-S11:GS02:p0008,west,8,0,4
10429,CP-AP-r001:S-P06-S11:GS02:p0009,west,6,0,6
10430,CP-AP-r001:S-P06-S11:GS02:p0010,west,8,0,1
10431,CP-AP-r001:S-P06-S11:GS02:p0011,west,7,0,6
10432,CP-AP-r001:S-P06-S11:GS02:p0012,west,8,0,4
10433,CP-AP-r001:S-P06-S11:GS03:p0001,west,6,0,6
10434,CP-AP-r001:S-P06-S11:GS03:p0002,west,5,0,6
10435,CP-AP-r001:S-P06-S11:GS03:p0003,west,8,0,6
10436,CP-AP-r001:S-P06-S11:GS03:p0004,west,7,0,3
10437,CP-AP-r001:S-P06-S11:GS03:p0005,west,7,0,6
10438,CP-AP-r001:S-P06-S11:GS03:p0006,west,6,0,6
10439,CP-AP-r001:S-P06-S11:GS03:p0007,west,8,0,6
10440,CP-AP-r001:S-P06-S11:GS03:p0008,west,7,0,4
10441,CP-AP-r001:S-P06-S11:GS03:p0009,west,7,0,6
10442,CP-AP-r001:S-P06-S11:GS03:p0010,west,8,0,6
10443,CP-AP-r001:S-P06-S11:GS03:p0011,west,7,0,4
10444,CP-AP-r001:S-P06-S11:GS04:p0001,east,0,7,2
10445,CP-AP-r001:S-P06-S11:GS04:p0002,east,0,7,6
10446,CP-AP-r001:S-P06-S11:GS04:p0003,east,0,8,5
10447,CP-AP-r001:S-P06-S11:GS04:p0004,east,0,7,6
10448,CP-AP-r001:S-P06-S11:GS04:p0005,east,0,7,1
10449,CP-AP-r001:S-P06-S11:GS04:p0006,east,0,7,6
10450,CP-AP-r001:S-P06-S11:GS04:p0007,east,0,8,5
10451,CP-AP-r001:S-P06-S11:GS04:p0008,east,0,7,6
10452,CP-AP-r001:S-P06-S11:GS04:p0009,east,0,8,0
10453,CP-AP-r001:S-P06-S11:GS04:p0010,east,0,6,6
10454,CP-AP-r001:S-P06-S11:GS04:p0011,east,0,8,5
10455,CP-AP-r001:S-P06-S11:GS04:p0012,east,0,7,6
10456,CP-AP-r001:S-P06-S11:GS05:p0001,east,0,7,2
10457,CP-AP-r001:S-P06-S11:GS05:p0002,east,0,7,6
10458,CP-AP-r001:S-P06-S11:GS05:p0003,east,0,8,5
10459,CP-AP-r001:S-P06-S11:GS05:p0004,east,0,7,6
10460,CP-AP-r001:S-P06-S11:GS05:p0005,east,0,7,1
10461,CP-AP-r001:S-P06-S11:GS05:p0006,east,0,7,6
10462,CP-AP-r001:S-P06-S11:GS05:p0007,east,0,10,5
10463,CP-AP-r001:S-P06-S11:GS05:p0008,east,0,6,6
10464,CP-AP-r001:S-P06-S11:GS05:p0009,east,0,7,0
10465,CP-AP-r001:S-P06-S11:GS05:p0010,east,0,7,6
10466,CP-AP-r001:S-P06-S11:GS05:p0011,east,0,8,5
10467,CP-AP-r001:S-P06-S11:GS05:p0012,east,0,8,6
10468,CP-AP-r001:S-P06-S11:GS06:p0001,east,0,7,2
10469,CP-AP-r001:S-P06-S11:GS06:p0002,east,0,4,6
10470,CP-AP-r001:S-P06-S11:GS06:p0003,east,0,6,0
10471,CP-AP-r001:S-P06-S11:GS06:p0004,east,0,10,5
10472,CP-AP-r001:S-P06-S11:GS06:p0005,east,0,5,1
10473,CP-AP-r001:S-P06-S11:GS06:p0006,east,0,7,6
10474,CP-AP-r001:S-P06-S11:GS06:p0007,east,0,7,0
10475,CP-AP-r001:S-P06-S11:GS06:p0008,east,0,8,5
10476,CP-AP-r001:S-P06-S11:GS06:p0009,east,0,7,0
10477,CP-AP-r001:S-P06-S11:GS06:p0010,east,0,7,6
10478,CP-AP-r001:S-P06-S11:GS06:p0011,east,0,8,5
10479,CP-AP-r001:S-P06-S11:GS07:p0001,west,8,0,6
10480,CP-AP-r001:S-P06-S11:GS07:p0002,west,8,0,0
10481,CP-AP-r001:S-P06-S11:GS07:p0003,west,9,0,6
10482,CP-AP-r001:S-P06-S11:GS07:p0004,west,10,0,3
10483,CP-AP-r001:S-P06-S11:GS07:p0005,west,10,0,6
10484,CP-AP-r001:S-P06-S11:GS07:p0006,west,8,0,0
10485,CP-AP-r001:S-P06-S11:GS07:p0007,west,9,0,6
10486,CP-AP-r001:S-P06-S11:GS07:p0008,west,8,0,4
10487,CP-AP-r001:S-P06-S11:GS07:p0009,west,10,0,6
10488,CP-AP-r001:S-P06-S11:GS07:p0010,west,8,0,1
10489,CP-AP-r001:S-P06-S11:GS07:p0011,west,9,0,6
10490,CP-AP-r001:S-P06-S11:GS07:p0012,west,8,0,4
10491,CP-AP-r001:S-P06-S11:GS07:p0013,west,8,0,0
10492,CP-AP-r001:S-P06-S11:GS08:p0001,west,8,0,6
10493,CP-AP-r001:S-P06-S11:GS08:p0002,west,10,0,0
10494,CP-AP-r001:S-P06-S11:GS08:p0003,west,8,0,6
10495,CP-AP-r001:S-P06-S11:GS08:p0004,west,8,0,3
10496,CP-AP-r001:S-P06-S11:GS08:p0005,west,8,0,6
10497,CP-AP-r001:S-P06-S11:GS08:p0006,west,9,0,0
10498,CP-AP-r001:S-P06-S11:GS08:p0007,west,8,0,6
10499,CP-AP-r001:S-P06-S11:GS08:p0008,west,10,0,4
10500,CP-AP-r001:S-P06-S11:GS08:p0009,west,8,0,6
10501,CP-AP-r001:S-P06-S11:GS08:p0010,west,8,0,1
10502,CP-AP-r001:S-P06-S11:GS08:p0011,west,9,0,6
10503,CP-AP-r001:S-P06-S11:GS08:p0012,west,10,0,4
10504,CP-AP-r001:S-P06-S11:GS09:p0001,west,7,0,6
10505,CP-AP-r001:S-P06-S11:GS09:p0002,west,7,0,6
10506,CP-AP-r001:S-P06-S11:GS09:p0003,west,8,0,0
10507,CP-AP-r001:S-P06-S11:GS09:p0004,west,8,0,6
10508,CP-AP-r001:S-P06-S11:GS09:p0005,west,10,0,3
10509,CP-AP-r001:S-P06-S11:GS09:p0006,west,7,0,6
10510,CP-AP-r001:S-P06-S11:GS09:p0007,west,8,0,0
10511,CP-AP-r001:S-P06-S11:GS09:p0008,west,8,0,6
10512,CP-AP-r001:S-P06-S11:GS09:p0009,west,9,0,4
10513,CP-AP-r001:S-P06-S11:GS09:p0010,west,7,0,6
10514,CP-AP-r001:S-P06-S11:GS09:p0011,west,9,0,1
10515,CP-AP-r001:S-P06-S11:GS09:p0012,west,8,0,6
10516,CP-AP-r001:S-P06-S11:GS09:p0013,west,9,0,4
10517,CP-AP-r001:S-P06-S11:GS10:p0001,east,0,10,2
10518,CP-AP-r001:S-P06-S11:GS10:p0002,east,0,8,6
10519,CP-AP-r001:S-P06-S11:GS10:p0003,east,0,8,5
10520,CP-AP-r001:S-P06-S11:GS10:p0004,east,0,6,6
10521,CP-AP-r001:S-P06-S11:GS10:p0005,east,0,9,1
10522,CP-AP-r001:S-P06-S11:GS10:p0006,east,0,8,6
10523,CP-AP-r001:S-P06-S11:GS10:p0007,east,0,8,5
10524,CP-AP-r001:S-P06-S11:GS10:p0008,east,0,8,6
10525,CP-AP-r001:S-P06-S11:GS10:p0009,east,0,8,0
10526,CP-AP-r001:S-P06-S11:GS10:p0010,east,0,8,6
10527,CP-AP-r001:S-P06-S11:GS10:p0011,east,0,7,5
10528,CP-AP-r001:S-P06-S11:GS10:p0012,east,0,8,5
10529,CP-AP-r001:S-P06-S11:GS10:p0013,east,0,10,6
10530,CP-AP-r001:S-P06-S11:GS11:p0001,east,0,9,2
10531,CP-AP-r001:S-P06-S11:GS11:p0002,east,0,8,6
10532,CP-AP-r001:S-P06-S11:GS11:p0003,east,0,9,0
10533,CP-AP-r001:S-P06-S11:GS11:p0004,east,0,10,5
10534,CP-AP-r001:S-P06-S11:GS11:p0005,east,0,10,1
10535,CP-AP-r001:S-P06-S11:GS11:p0006,east,0,8,6
10536,CP-AP-r001:S-P06-S11:GS11:p0007,east,0,7,0
10537,CP-AP-r001:S-P06-S11:GS11:p0008,east,0,8,5
10538,CP-AP-r001:S-P06-S11:GS11:p0009,east,0,8,6
10539,CP-AP-r001:S-P06-S11:GS11:p0010,east,0,10,0
10540,CP-AP-r001:S-P06-S11:GS11:p0011,east,0,8,6
10541,CP-AP-r001:S-P06-S11:GS11:p0012,east,0,8,0
10542,CP-AP-r001:S-P06-S11:GS11:p0013,east,0,8,5
10543,CP-AP-r001:S-P06-S11:GS11:p0014,east,0,9,6
10544,CP-AP-r001:S-P06-S11:GS12:p0001,east,0,8,2
10545,CP-AP-r001:S-P06-S11:GS12:p0002,east,0,9,6
10546,CP-AP-r001:S-P06-S11:GS12:p0003,east,0,8,0
10547,CP-AP-r001:S-P06-S11:GS12:p0004,east,0,10,5
10548,CP-AP-r001:S-P06-S11:GS12:p0005,east,0,8,1
10549,CP-AP-r001:S-P06-S11:GS12:p0006,east,0,8,6
10550,CP-AP-r001:S-P06-S11:GS12:p0007,east,0,9,0
10551,CP-AP-r001:S-P06-S11:GS12:p0008,east,0,10,5
10552,CP-AP-r001:S-P06-S11:GS12:p0009,east,0,8,0
10553,CP-AP-r001:S-P06-S11:GS12:p0010,east,0,8,6
10554,CP-AP-r001:S-P06-S11:GS12:p0011,east,0,9,0
10555,CP-AP-r001:S-P06-S11:GS12:p0012,east,0,10,5
10556,CP-AP-r001:S-P06-S12:GS01:p0001,west,6,0,6
10557,CP-AP-r001:S-P06-S12:GS01:p0002,west,6,0,0
10558,CP-AP-r001:S-P06-S12:GS01:p0003,west,8,0,3
10559,CP-AP-r001:S-P06-S12:GS01:p0004,west,6,0,6
10560,CP-AP-r001:S-P06-S12:GS01:p0005,west,6,0,0
10561,CP-AP-r001:S-P06-S12:GS01:p0006,west,8,0,4
10562,CP-AP-r001:S-P06-S12:GS01:p0007,west,6,0,0
10563,CP-AP-r001:S-P06-S12:GS01:p0008,west,6,0,6
10564,CP-AP-r001:S-P06-S12:GS01:p0009,west,6,0,1
10565,CP-AP-r001:S-P06-S12:GS01:p0010,west,9,0,4
10566,CP-AP-r001:S-P06-S12:GS01:p0011,west,4,0,0
10567,CP-AP-r001:S-P06-S12:GS02:p0001,west,6,0,6
10568,CP-AP-r001:S-P06-S12:GS02:p0002,west,6,0,0
10569,CP-AP-r001:S-P06-S12:GS02:p0003,west,9,0,6
10570,CP-AP-r001:S-P06-S12:GS02:p0004,west,7,0,3
10571,CP-AP-r001:S-P06-S12:GS02:p0005,west,5,0,6
10572,CP-AP-r001:S-P06-S12:GS02:p0006,west,5,0,0
10573,CP-AP-r001:S-P06-S12:GS02:p0007,west,7,0,6
10574,CP-AP-r001:S-P06-S12:GS02:p0008,west,8,0,4
10575,CP-AP-r001:S-P06-S12:GS02:p0009,west,5,0,6
10576,CP-AP-r001:S-P06-S12:GS02:p0010,west,6,0,1
10577,CP-AP-r001:S-P06-S12:GS02:p0011,west,7,0,6
10578,CP-AP-r001:S-P06-S12:GS02:p0012,west,8,0,4
10579,CP-AP-r001:S-P06-S12:GS03:p0001,west,6,0,6
10580,CP-AP-r001:S-P06-S12:GS03:p0002,west,4,0,6
10581,CP-AP-r001:S-P06-S12:GS03:p0003,west,8,0,6
10582,CP-AP-r001:S-P06-S12:GS03:p0004,west,6,0,3
10583,CP-AP-r001:S-P06-S12:GS03:p0005,west,7,0,6
10584,CP-AP-r001:S-P06-S12:GS03:p0006,west,5,0,6
10585,CP-AP-r001:S-P06-S12:GS03:p0007,west,8,0,6
10586,CP-AP-r001:S-P06-S12:GS03:p0008,west,6,0,4
10587,CP-AP-r001:S-P06-S12:GS03:p0009,west,6,0,6
10588,CP-AP-r001:S-P06-S12:GS03:p0010,west,8,0,6
10589,CP-AP-r001:S-P06-S12:GS03:p0011,west,6,0,4
10590,CP-AP-r001:S-P06-S12:GS04:p0001,east,0,6,2
10591,CP-AP-r001:S-P06-S12:GS04:p0002,east,0,6,6
10592,CP-AP-r001:S-P06-S12:GS04:p0003,east,0,8,5
10593,CP-AP-r001:S-P06-S12:GS04:p0004,east,0,6,6
10594,CP-AP-r001:S-P06-S12:GS04:p0005,east,0,7,1
10595,CP-AP-r001:S-P06-S12:GS04:p0006,east,0,6,6
10596,CP-AP-r001:S-P06-S12:GS04:p0007,east,0,8,5
10597,CP-AP-r001:S-P06-S12:GS04:p0008,east,0,6,6
10598,CP-AP-r001:S-P06-S12:GS04:p0009,east,0,8,0
10599,CP-AP-r001:S-P06-S12:GS04:p0010,east,0,6,6
10600,CP-AP-r001:S-P06-S12:GS04:p0011,east,0,8,5
10601,CP-AP-r001:S-P06-S12:GS04:p0012,east,0,6,6
10602,CP-AP-r001:S-P06-S12:GS05:p0001,east,0,6,2
10603,CP-AP-r001:S-P06-S12:GS05:p0002,east,0,6,6
10604,CP-AP-r001:S-P06-S12:GS05:p0003,east,0,8,5
10605,CP-AP-r001:S-P06-S12:GS05:p0004,east,0,6,6
10606,CP-AP-r001:S-P06-S12:GS05:p0005,east,0,6,1
10607,CP-AP-r001:S-P06-S12:GS05:p0006,east,0,6,6
10608,CP-AP-r001:S-P06-S12:GS05:p0007,east,0,10,5
10609,CP-AP-r001:S-P06-S12:GS05:p0008,east,0,4,6
10610,CP-AP-r001:S-P06-S12:GS05:p0009,east,0,6,0
10611,CP-AP-r001:S-P06-S12:GS05:p0010,east,0,6,6
10612,CP-AP-r001:S-P06-S12:GS05:p0011,east,0,8,5
10613,CP-AP-r001:S-P06-S12:GS05:p0012,east,0,6,6
10614,CP-AP-r001:S-P06-S12:GS06:p0001,east,0,6,2
10615,CP-AP-r001:S-P06-S12:GS06:p0002,east,0,5,6
10616,CP-AP-r001:S-P06-S12:GS06:p0003,east,0,7,0
10617,CP-AP-r001:S-P06-S12:GS06:p0004,east,0,9,5
10618,CP-AP-r001:S-P06-S12:GS06:p0005,east,0,4,1
10619,CP-AP-r001:S-P06-S12:GS06:p0006,east,0,6,6
10620,CP-AP-r001:S-P06-S12:GS06:p0007,east,0,7,0
10621,CP-AP-r001:S-P06-S12:GS06:p0008,east,0,8,5
10622,CP-AP-r001:S-P06-S12:GS06:p0009,east,0,6,0
10623,CP-AP-r001:S-P06-S12:GS06:p0010,east,0,6,6
10624,CP-AP-r001:S-P06-S12:GS06:p0011,east,0,8,5
10625,CP-AP-r001:S-P06-S12:GS07:p0001,west,7,0,6
10626,CP-AP-r001:S-P06-S12:GS07:p0002,west,7,0,0
10627,CP-AP-r001:S-P06-S12:GS07:p0003,west,10,0,6
10628,CP-AP-r001:S-P06-S12:GS07:p0004,west,10,0,3
10629,CP-AP-r001:S-P06-S12:GS07:p0005,west,9,0,6
10630,CP-AP-r001:S-P06-S12:GS07:p0006,west,7,0,0
10631,CP-AP-r001:S-P06-S12:GS07:p0007,west,10,0,6
10632,CP-AP-r001:S-P06-S12:GS07:p0008,west,8,0,4
10633,CP-AP-r001:S-P06-S12:GS07:p0009,west,11,0,6
10634,CP-AP-r001:S-P06-S12:GS07:p0010,west,7,0,1
10635,CP-AP-r001:S-P06-S12:GS07:p0011,west,10,0,6
10636,CP-AP-r001:S-P06-S12:GS07:p0012,west,8,0,4
10637,CP-AP-r001:S-P06-S12:GS07:p0013,west,4,0,0
10638,CP-AP-r001:S-P06-S12:GS08:p0001,west,8,0,6
10639,CP-AP-r001:S-P06-S12:GS08:p0002,west,8,0,0
10640,CP-AP-r001:S-P06-S12:GS08:p0003,west,8,0,6
10641,CP-AP-r001:S-P06-S12:GS08:p0004,west,8,0,3
10642,CP-AP-r001:S-P06-S12:GS08:p0005,west,7,0,6
10643,CP-AP-r001:S-P06-S12:GS08:p0006,west,7,0,0
10644,CP-AP-r001:S-P06-S12:GS08:p0007,west,9,0,6
10645,CP-AP-r001:S-P06-S12:GS08:p0008,west,10,0,4
10646,CP-AP-r001:S-P06-S12:GS08:p0009,west,7,0,6
10647,CP-AP-r001:S-P06-S12:GS08:p0010,west,7,0,1
10648,CP-AP-r001:S-P06-S12:GS08:p0011,west,10,0,6
10649,CP-AP-r001:S-P06-S12:GS08:p0012,west,10,0,4
10650,CP-AP-r001:S-P06-S12:GS09:p0001,west,9,0,6
10651,CP-AP-r001:S-P06-S12:GS09:p0002,west,8,0,6
10652,CP-AP-r001:S-P06-S12:GS09:p0003,west,7,0,0
10653,CP-AP-r001:S-P06-S12:GS09:p0004,west,8,0,6
10654,CP-AP-r001:S-P06-S12:GS09:p0005,west,9,0,3
10655,CP-AP-r001:S-P06-S12:GS09:p0006,west,7,0,6
10656,CP-AP-r001:S-P06-S12:GS09:p0007,west,7,0,0
10657,CP-AP-r001:S-P06-S12:GS09:p0008,west,8,0,6
10658,CP-AP-r001:S-P06-S12:GS09:p0009,west,8,0,4
10659,CP-AP-r001:S-P06-S12:GS09:p0010,west,7,0,6
10660,CP-AP-r001:S-P06-S12:GS09:p0011,west,9,0,1
10661,CP-AP-r001:S-P06-S12:GS09:p0012,west,8,0,6
10662,CP-AP-r001:S-P06-S12:GS09:p0013,west,8,0,4
10663,CP-AP-r001:S-P06-S12:GS10:p0001,east,0,10,2
10664,CP-AP-r001:S-P06-S12:GS10:p0002,east,0,8,6
10665,CP-AP-r001:S-P06-S12:GS10:p0003,east,0,8,5
10666,CP-AP-r001:S-P06-S12:GS10:p0004,east,0,6,6
10667,CP-AP-r001:S-P06-S12:GS10:p0005,east,0,10,1
10668,CP-AP-r001:S-P06-S12:GS10:p0006,east,0,8,6
10669,CP-AP-r001:S-P06-S12:GS10:p0007,east,0,8,5
10670,CP-AP-r001:S-P06-S12:GS10:p0008,east,0,8,6
10671,CP-AP-r001:S-P06-S12:GS10:p0009,east,0,10,0
10672,CP-AP-r001:S-P06-S12:GS10:p0010,east,0,8,6
10673,CP-AP-r001:S-P06-S12:GS10:p0011,east,0,5,5
10674,CP-AP-r001:S-P06-S12:GS10:p0012,east,0,8,5
10675,CP-AP-r001:S-P06-S12:GS10:p0013,east,0,9,6
10676,CP-AP-r001:S-P06-S12:GS11:p0001,east,0,8,2
10677,CP-AP-r001:S-P06-S12:GS11:p0002,east,0,7,6
10678,CP-AP-r001:S-P06-S12:GS11:p0003,east,0,10,0
10679,CP-AP-r001:S-P06-S12:GS11:p0004,east,0,9,5
10680,CP-AP-r001:S-P06-S12:GS11:p0005,east,0,10,1
10681,CP-AP-r001:S-P06-S12:GS11:p0006,east,0,7,6
10682,CP-AP-r001:S-P06-S12:GS11:p0007,east,0,8,0
10683,CP-AP-r001:S-P06-S12:GS11:p0008,east,0,8,5
10684,CP-AP-r001:S-P06-S12:GS11:p0009,east,0,5,6
10685,CP-AP-r001:S-P06-S12:GS11:p0010,east,0,10,0
10686,CP-AP-r001:S-P06-S12:GS11:p0011,east,0,8,6
10687,CP-AP-r001:S-P06-S12:GS11:p0012,east,0,10,0
10688,CP-AP-r001:S-P06-S12:GS11:p0013,east,0,8,5
10689,CP-AP-r001:S-P06-S12:GS11:p0014,east,0,7,6
10690,CP-AP-r001:S-P06-S12:GS12:p0001,east,0,8,2
10691,CP-AP-r001:S-P06-S12:GS12:p0002,east,0,7,6
10692,CP-AP-r001:S-P06-S12:GS12:p0003,east,0,8,0
10693,CP-AP-r001:S-P06-S12:GS12:p0004,east,0,10,5
10694,CP-AP-r001:S-P06-S12:GS12:p0005,east,0,7,1
10695,CP-AP-r001:S-P06-S12:GS12:p0006,east,0,7,6
10696,CP-AP-r001:S-P06-S12:GS12:p0007,east,0,10,0
10697,CP-AP-r001:S-P06-S12:GS12:p0008,east,0,10,5
10698,CP-AP-r001:S-P06-S12:GS12:p0009,east,0,7,0
10699,CP-AP-r001:S-P06-S12:GS12:p0010,east,0,7,6
10700,CP-AP-r001:S-P06-S12:GS12:p0011,east,0,10,0
10701,CP-AP-r001:S-P06-S12:GS12:p0012,east,0,10,5
10702,CP-AP-r001:S-P07-S01:GS01:p0001,west,8,0,0
10703,CP-AP-r001:S-P07-S01:GS01:p0002,west,7,0,6
10704,CP-AP-r001:S-P07-S01:GS01:p0003,west,7,0,1
10705,CP-AP-r001:S-P07-S01:GS01:p0004,west,8,0,4
10706,CP-AP-r001:S-P07-S01:GS01:p0005,west,6,0,0
10707,CP-AP-r001:S-P07-S01:GS01:p0006,west,7,0,6
10708,CP-AP-r001:S-P07-S01:GS01:p0007,west,7,0,1
10709,CP-AP-r001:S-P07-S01:GS01:p0008,west,8,0,5
10710,CP-AP-r001:S-P07-S01:GS01:p0009,west,7,0,0
10711,CP-AP-r001:S-P07-S01:GS01:p0010,west,7,0,6
10712,CP-AP-r001:S-P07-S01:GS01:p0011,west,7,0,1
10713,CP-AP-r001:S-P07-S01:GS01:p0012,west,8,0,6
10714,CP-AP-r001:S-P07-S01:GS01:p0013,west,7,0,0
10715,CP-AP-r001:S-P07-S01:GS02:p0001,west,7,0,6
10716,CP-AP-r001:S-P07-S01:GS02:p0002,west,7,0,1
10717,CP-AP-r001:S-P07-S01:GS02:p0003,west,7,0,6
10718,CP-AP-r001:S-P07-S01:GS02:p0004,west,8,0,4
10719,CP-AP-r001:S-P07-S01:GS02:p0005,west,7,0,6
10720,CP-AP-r001:S-P07-S01:GS02:p0006,west,7,0,1
10721,CP-AP-r001:S-P07-S01:GS02:p0007,west,8,0,5
10722,CP-AP-r001:S-P07-S01:GS02:p0008,west,8,0,0
10723,CP-AP-r001:S-P07-S01:GS02:p0009,west,7,0,6
10724,CP-AP-r001:S-P07-S01:GS02:p0010,west,7,0,1
10725,CP-AP-r001:S-P07-S01:GS02:p0011,west,10,0,6
10726,CP-AP-r001:S-P07-S01:GS02:p0012,west,7,0,0
10727,CP-AP-r001:S-P07-S01:GS03:p0001,west,7,0,6
10728,CP-AP-r001:S-P07-S01:GS03:p0002,west,8,0,6
10729,CP-AP-r001:S-P07-S01:GS03:p0003,west,7,0,4
10730,CP-AP-r001:S-P07-S01:GS03:p0004,west,7,0,6
10731,CP-AP-r001:S-P07-S01:GS03:p0005,west,5,0,1
10732,CP-AP-r001:S-P07-S01:GS03:p0006,west,6,0,6
10733,CP-AP-r001:S-P07-S01:GS03:p0007,west,10,0,5
10734,CP-AP-r001:S-P07-S01:GS03:p0008,west,5,0,6
10735,CP-AP-r001:S-P07-S01:GS03:p0009,west,6,0,1
10736,CP-AP-r001:S-P07-S01:GS03:p0010,west,7,0,6
10737,CP-AP-r001:S-P07-S01:GS03:p0011,west,8,0,6
10738,CP-AP-r001:S-P07-S01:GS04:p0001,east,0,8,0
10739,CP-AP-r001:S-P07-S01:GS04:p0002,east,0,6,6
10740,CP-AP-r001:S-P07-S01:GS04:p0003,east,0,8,5
10741,CP-AP-r001:S-P07-S01:GS04:p0004,east,0,7,6
10742,CP-AP-r001:S-P07-S01:GS04:p0005,east,0,6,0
10743,CP-AP-r001:S-P07-S01:GS04:p0006,east,0,5,6
10744,CP-AP-r001:S-P07-S01:GS04:p0007,east,0,8,4
10745,CP-AP-r001:S-P07-S01:GS04:p0008,east,0,7,6
10746,CP-AP-r001:S-P07-S01:GS04:p0009,east,0,7,0
10747,CP-AP-r001:S-P07-S01:GS04:p0010,east,0,7,6
10748,CP-AP-r001:S-P07-S01:GS04:p0011,east,0,8,3
10749,CP-AP-r001:S-P07-S01:GS04:p0012,east,0,7,6
10750,CP-AP-r001:S-P07-S01:GS05:p0001,east,0,7,0
10751,CP-AP-r001:S-P07-S01:GS05:p0002,east,0,7,6
10752,CP-AP-r001:S-P07-S01:GS05:p0003,east,0,8,5
10753,CP-AP-r001:S-P07-S01:GS05:p0004,east,0,7,6
10754,CP-AP-r001:S-P07-S01:GS05:p0005,east,0,7,0
10755,CP-AP-r001:S-P07-S01:GS05:p0006,east,0,7,6
10756,CP-AP-r001:S-P07-S01:GS05:p0007,east,0,8,4
10757,CP-AP-r001:S-P07-S01:GS05:p0008,east,0,7,6
10758,CP-AP-r001:S-P07-S01:GS05:p0009,east,0,8,0
10759,CP-AP-r001:S-P07-S01:GS05:p0010,east,0,6,6
10760,CP-AP-r001:S-P07-S01:GS05:p0011,east,0,8,3
10761,CP-AP-r001:S-P07-S01:GS05:p0012,east,0,7,6
10762,CP-AP-r001:S-P07-S01:GS06:p0001,east,0,7,0
10763,CP-AP-r001:S-P07-S01:GS06:p0002,east,0,7,6
10764,CP-AP-r001:S-P07-S01:GS06:p0003,east,0,8,5
10765,CP-AP-r001:S-P07-S01:GS06:p0004,east,0,7,0
10766,CP-AP-r001:S-P07-S01:GS06:p0005,east,0,7,6
10767,CP-AP-r001:S-P07-S01:GS06:p0006,east,0,9,4
10768,CP-AP-r001:S-P07-S01:GS06:p0007,east,0,8,6
10769,CP-AP-r001:S-P07-S01:GS06:p0008,east,0,7,0
10770,CP-AP-r001:S-P07-S01:GS06:p0009,east,0,7,6
10771,CP-AP-r001:S-P07-S01:GS06:p0010,east,0,8,3
10772,CP-AP-r001:S-P07-S01:GS06:p0011,east,0,7,6
10773,CP-AP-r001:S-P07-S01:GS07:p0001,west,10,0,6
10774,CP-AP-r001:S-P07-S01:GS07:p0002,west,8,0,1
10775,CP-AP-r001:S-P07-S01:GS07:p0003,west,8,0,6
10776,CP-AP-r001:S-P07-S01:GS07:p0004,west,8,0,4
10777,CP-AP-r001:S-P07-S01:GS07:p0005,west,8,0,0
10778,CP-AP-r001:S-P07-S01:GS07:p0006,west,10,0,6
10779,CP-AP-r001:S-P07-S01:GS07:p0007,west,8,0,1
10780,CP-AP-r001:S-P07-S01:GS07:p0008,west,9,0,6
10781,CP-AP-r001:S-P07-S01:GS07:p0009,west,8,0,5
10782,CP-AP-r001:S-P07-S01:GS07:p0010,west,6,0,0
10783,CP-AP-r001:S-P07-S01:GS07:p0011,west,9,0,6
10784,CP-AP-r001:S-P07-S01:GS07:p0012,west,8,0,1
10785,CP-AP-r001:S-P07-S01:GS07:p0013,west,8,0,6
10786,CP-AP-r001:S-P07-S01:GS07:p0014,west,8,0,0
10787,CP-AP-r001:S-P07-S01:GS08:p0001,west,8,0,6
10788,CP-AP-r001:S-P07-S01:GS08:p0002,west,8,0,1
10789,CP-AP-r001:S-P07-S01:GS08:p0003,west,9,0,6
10790,CP-AP-r001:S-P07-S01:GS08:p0004,west,10,0,4
10791,CP-AP-r001:S-P07-S01:GS08:p0005,west,9,0,6
10792,CP-AP-r001:S-P07-S01:GS08:p0006,west,8,0,1
10793,CP-AP-r001:S-P07-S01:GS08:p0007,west,9,0,6
10794,CP-AP-r001:S-P07-S01:GS08:p0008,west,10,0,5
10795,CP-AP-r001:S-P07-S01:GS08:p0009,west,10,0,6
10796,CP-AP-r001:S-P07-S01:GS08:p0010,west,8,0,1
10797,CP-AP-r001:S-P07-S01:GS08:p0011,west,7,0,6
10798,CP-AP-r001:S-P07-S01:GS08:p0012,west,8,0,6
10799,CP-AP-r001:S-P07-S01:GS09:p0001,west,8,0,6
10800,CP-AP-r001:S-P07-S01:GS09:p0002,west,9,0,1
10801,CP-AP-r001:S-P07-S01:GS09:p0003,west,8,0,6
10802,CP-AP-r001:S-P07-S01:GS09:p0004,west,9,0,4
10803,CP-AP-r001:S-P07-S01:GS09:p0005,west,8,0,6
10804,CP-AP-r001:S-P07-S01:GS09:p0006,west,8,0,1
10805,CP-AP-r001:S-P07-S01:GS09:p0007,west,8,0,6
10806,CP-AP-r001:S-P07-S01:GS09:p0008,west,10,0,5
10807,CP-AP-r001:S-P07-S01:GS09:p0009,west,8,0,6
10808,CP-AP-r001:S-P07-S01:GS09:p0010,west,8,0,1
10809,CP-AP-r001:S-P07-S01:GS09:p0011,west,8,0,6
10810,CP-AP-r001:S-P07-S01:GS09:p0012,west,10,0,6
10811,CP-AP-r001:S-P07-S01:GS10:p0001,east,0,8,0
10812,CP-AP-r001:S-P07-S01:GS10:p0002,east,0,8,6
10813,CP-AP-r001:S-P07-S01:GS10:p0003,east,0,5,5
10814,CP-AP-r001:S-P07-S01:GS10:p0004,east,0,8,5
10815,CP-AP-r001:S-P07-S01:GS10:p0005,east,0,10,6
10816,CP-AP-r001:S-P07-S01:GS10:p0006,east,0,7,6
10817,CP-AP-r001:S-P07-S01:GS10:p0007,east,0,6,6
10818,CP-AP-r001:S-P07-S01:GS10:p0008,east,0,8,4
10819,CP-AP-r001:S-P07-S01:GS10:p0009,east,0,8,6
10820,CP-AP-r001:S-P07-S01:GS10:p0010,east,0,7,6
10821,CP-AP-r001:S-P07-S01:GS10:p0011,east,0,9,6
10822,CP-AP-r001:S-P07-S01:GS10:p0012,east,0,8,3
10823,CP-AP-r001:S-P07-S01:GS10:p0013,east,0,9,6
10824,CP-AP-r001:S-P07-S01:GS11:p0001,east,0,10,0
10825,CP-AP-r001:S-P07-S01:GS11:p0002,east,0,8,6
10826,CP-AP-r001:S-P07-S01:GS11:p0003,east,0,8,0
10827,CP-AP-r001:S-P07-S01:GS11:p0004,east,0,8,5
10828,CP-AP-r001:S-P07-S01:GS11:p0005,east,0,7,6
10829,CP-AP-r001:S-P07-S01:GS11:p0006,east,0,9,0
10830,CP-AP-r001:S-P07-S01:GS11:p0007,east,0,8,6
10831,CP-AP-r001:S-P07-S01:GS11:p0008,east,0,8,4
10832,CP-AP-r001:S-P07-S01:GS11:p0009,east,0,8,6
10833,CP-AP-r001:S-P07-S01:GS11:p0010,east,0,7,0
10834,CP-AP-r001:S-P07-S01:GS11:p0011,east,0,8,6
10835,CP-AP-r001:S-P07-S01:GS11:p0012,east,0,8,3
10836,CP-AP-r001:S-P07-S01:GS11:p0013,east,0,9,6
10837,CP-AP-r001:S-P07-S01:GS12:p0001,east,0,8,0
10838,CP-AP-r001:S-P07-S01:GS12:p0002,east,0,8,6
10839,CP-AP-r001:S-P07-S01:GS12:p0003,east,0,9,0
10840,CP-AP-r001:S-P07-S01:GS12:p0004,east,0,10,5
10841,CP-AP-r001:S-P07-S01:GS12:p0005,east,0,10,0
10842,CP-AP-r001:S-P07-S01:GS12:p0006,east,0,8,6
10843,CP-AP-r001:S-P07-S01:GS12:p0007,east,0,9,0
10844,CP-AP-r001:S-P07-S01:GS12:p0008,east,0,8,4
10845,CP-AP-r001:S-P07-S01:GS12:p0009,east,0,10,0
10846,CP-AP-r001:S-P07-S01:GS12:p0010,east,0,8,6
10847,CP-AP-r001:S-P07-S01:GS12:p0011,east,0,8,0
10848,CP-AP-r001:S-P07-S01:GS12:p0012,east,0,8,3
10849,CP-AP-r001:S-P07-S01:GS12:p0013,east,0,8,6
10850,CP-AP-r001:S-P07-S02:GS01:p0001,west,7,0,0
10851,CP-AP-r001:S-P07-S02:GS01:p0002,west,6,0,6
10852,CP-AP-r001:S-P07-S02:GS01:p0003,west,6,0,1
10853,CP-AP-r001:S-P07-S02:GS01:p0004,west,8,0,4
10854,CP-AP-r001:S-P07-S02:GS01:p0005,west,5,0,0
10855,CP-AP-r001:S-P07-S02:GS01:p0006,west,6,0,6
10856,CP-AP-r001:S-P07-S02:GS01:p0007,west,6,0,1
10857,CP-AP-r001:S-P07-S02:GS01:p0008,west,8,0,5
10858,CP-AP-r001:S-P07-S02:GS01:p0009,west,6,0,0
10859,CP-AP-r001:S-P07-S02:GS01:p0010,west,6,0,6
10860,CP-AP-r001:S-P07-S02:GS01:p0011,west,6,0,2
10861,CP-AP-r001:S-P07-S02:GS01:p0012,west,8,0,6
10862,CP-AP-r001:S-P07-S02:GS01:p0013,west,6,0,0
10863,CP-AP-r001:S-P07-S02:GS02:p0001,west,6,0,6
10864,CP-AP-r001:S-P07-S02:GS02:p0002,west,6,0,1
10865,CP-AP-r001:S-P07-S02:GS02:p0003,west,8,0,4
10866,CP-AP-r001:S-P07-S02:GS02:p0004,west,6,0,6
10867,CP-AP-r001:S-P07-S02:GS02:p0005,west,6,0,1
10868,CP-AP-r001:S-P07-S02:GS02:p0006,west,8,0,5
10869,CP-AP-r001:S-P07-S02:GS02:p0007,west,7,0,0
10870,CP-AP-r001:S-P07-S02:GS02:p0008,west,6,0,6
10871,CP-AP-r001:S-P07-S02:GS02:p0009,west,6,0,2
10872,CP-AP-r001:S-P07-S02:GS02:p0010,west,10,0,6
10873,CP-AP-r001:S-P07-S02:GS02:p0011,west,6,0,0
10874,CP-AP-r001:S-P07-S02:GS03:p0001,west,6,0,6
10875,CP-AP-r001:S-P07-S02:GS03:p0002,west,8,0,6
10876,CP-AP-r001:S-P07-S02:GS03:p0003,west,6,0,4
10877,CP-AP-r001:S-P07-S02:GS03:p0004,west,6,0,6
10878,CP-AP-r001:S-P07-S02:GS03:p0005,west,7,0,1
10879,CP-AP-r001:S-P07-S02:GS03:p0006,west,7,0,6
10880,CP-AP-r001:S-P07-S02:GS03:p0007,west,9,0,5
10881,CP-AP-r001:S-P07-S02:GS03:p0008,west,4,0,6
10882,CP-AP-r001:S-P07-S02:GS03:p0009,west,6,0,2
10883,CP-AP-r001:S-P07-S02:GS03:p0010,west,7,0,6
10884,CP-AP-r001:S-P07-S02:GS03:p0011,west,8,0,6
10885,CP-AP-r001:S-P07-S02:GS04:p0001,east,0,8,0
10886,CP-AP-r001:S-P07-S02:GS04:p0002,east,0,6,6
10887,CP-AP-r001:S-P07-S02:GS04:p0003,east,0,8,4
10888,CP-AP-r001:S-P07-S02:GS04:p0004,east,0,6,6
10889,CP-AP-r001:S-P07-S02:GS04:p0005,east,0,6,0
10890,CP-AP-r001:S-P07-S02:GS04:p0006,east,0,4,6
10891,CP-AP-r001:S-P07-S02:GS04:p0007,east,0,8,3
10892,CP-AP-r001:S-P07-S02:GS04:p0008,east,0,6,6
10893,CP-AP-r001:S-P07-S02:GS04:p0009,east,0,7,6
10894,CP-AP-r001:S-P07-S02:GS04:p0010,east,0,8,3
10895,CP-AP-r001:S-P07-S02:GS04:p0011,east,0,6,6
10896,CP-AP-r001:S-P07-S02:GS05:p0001,east,0,6,0
10897,CP-AP-r001:S-P07-S02:GS05:p0002,east,0,6,6
10898,CP-AP-r001:S-P07-S02:GS05:p0003,east,0,8,4
10899,CP-AP-r001:S-P07-S02:GS05:p0004,east,0,6,6
10900,CP-AP-r001:S-P07-S02:GS05:p0005,east,0,6,0
10901,CP-AP-r001:S-P07-S02:GS05:p0006,east,0,6,6
10902,CP-AP-r001:S-P07-S02:GS05:p0007,east,0,8,3
10903,CP-AP-r001:S-P07-S02:GS05:p0008,east,0,6,6
10904,CP-AP-r001:S-P07-S02:GS05:p0009,east,0,7,0
10905,CP-AP-r001:S-P07-S02:GS05:p0010,east,0,6,6
10906,CP-AP-r001:S-P07-S02:GS05:p0011,east,0,8,3
10907,CP-AP-r001:S-P07-S02:GS05:p0012,east,0,6,6
10908,CP-AP-r001:S-P07-S02:GS06:p0001,east,0,6,0
10909,CP-AP-r001:S-P07-S02:GS06:p0002,east,0,6,6
10910,CP-AP-r001:S-P07-S02:GS06:p0003,east,0,8,4
10911,CP-AP-r001:S-P07-S02:GS06:p0004,east,0,6,0
10912,CP-AP-r001:S-P07-S02:GS06:p0005,east,0,6,6
10913,CP-AP-r001:S-P07-S02:GS06:p0006,east,0,9,3
10914,CP-AP-r001:S-P07-S02:GS06:p0007,east,0,6,6
10915,CP-AP-r001:S-P07-S02:GS06:p0008,east,0,6,0
10916,CP-AP-r001:S-P07-S02:GS06:p0009,east,0,6,6
10917,CP-AP-r001:S-P07-S02:GS06:p0010,east,0,8,3
10918,CP-AP-r001:S-P07-S02:GS06:p0011,east,0,6,6
10919,CP-AP-r001:S-P07-S02:GS07:p0001,west,10,0,6
10920,CP-AP-r001:S-P07-S02:GS07:p0002,west,7,0,1
10921,CP-AP-r001:S-P07-S02:GS07:p0003,west,10,0,6
10922,CP-AP-r001:S-P07-S02:GS07:p0004,west,8,0,4
10923,CP-AP-r001:S-P07-S02:GS07:p0005,west,6,0,0
10924,CP-AP-r001:S-P07-S02:GS07:p0006,west,10,0,6
10925,CP-AP-r001:S-P07-S02:GS07:p0007,west,8,0,1
10926,CP-AP-r001:S-P07-S02:GS07:p0008,west,8,0,5
10927,CP-AP-r001:S-P07-S02:GS07:p0009,west,7,0,0
10928,CP-AP-r001:S-P07-S02:GS07:p0010,west,10,0,6
10929,CP-AP-r001:S-P07-S02:GS07:p0011,west,8,0,2
10930,CP-AP-r001:S-P07-S02:GS07:p0012,west,8,0,6
10931,CP-AP-r001:S-P07-S02:GS07:p0013,west,9,0,0
10932,CP-AP-r001:S-P07-S02:GS08:p0001,west,7,0,6
10933,CP-AP-r001:S-P07-S02:GS08:p0002,west,7,0,1
10934,CP-AP-r001:S-P07-S02:GS08:p0003,west,10,0,6
10935,CP-AP-r001:S-P07-S02:GS08:p0004,west,10,0,4
10936,CP-AP-r001:S-P07-S02:GS08:p0005,west,8,0,6
10937,CP-AP-r001:S-P07-S02:GS08:p0006,west,7,0,1
10938,CP-AP-r001:S-P07-S02:GS08:p0007,west,10,0,6
10939,CP-AP-r001:S-P07-S02:GS08:p0008,west,9,0,5
10940,CP-AP-r001:S-P07-S02:GS08:p0009,west,10,0,6
10941,CP-AP-r001:S-P07-S02:GS08:p0010,west,7,0,2
10942,CP-AP-r001:S-P07-S02:GS08:p0011,west,8,0,6
10943,CP-AP-r001:S-P07-S02:GS08:p0012,west,8,0,6
10944,CP-AP-r001:S-P07-S02:GS08:p0013,west,8,0,0
10945,CP-AP-r001:S-P07-S02:GS09:p0001,west,8,0,6
10946,CP-AP-r001:S-P07-S02:GS09:p0002,west,9,0,1
10947,CP-AP-r001:S-P07-S02:GS09:p0003,west,8,0,6
10948,CP-AP-r001:S-P07-S02:GS09:p0004,west,8,0,4
10949,CP-AP-r001:S-P07-S02:GS09:p0005,west,8,0,6
10950,CP-AP-r001:S-P07-S02:GS09:p0006,west,7,0,1
10951,CP-AP-r001:S-P07-S02:GS09:p0007,west,8,0,6
10952,CP-AP-r001:S-P07-S02:GS09:p0008,west,10,0,5
10953,CP-AP-r001:S-P07-S02:GS09:p0009,west,7,0,6
10954,CP-AP-r001:S-P07-S02:GS09:p0010,west,7,0,2
10955,CP-AP-r001:S-P07-S02:GS09:p0011,west,10,0,6
10956,CP-AP-r001:S-P07-S02:GS09:p0012,west,10,0,6
10957,CP-AP-r001:S-P07-S02:GS10:p0001,east,0,9,0
10958,CP-AP-r001:S-P07-S02:GS10:p0002,east,0,8,6
10959,CP-AP-r001:S-P07-S02:GS10:p0003,east,0,5,5
10960,CP-AP-r001:S-P07-S02:GS10:p0004,east,0,8,4
10961,CP-AP-r001:S-P07-S02:GS10:p0005,east,0,10,6
10962,CP-AP-r001:S-P07-S02:GS10:p0006,east,0,7,6
10963,CP-AP-r001:S-P07-S02:GS10:p0007,east,0,6,6
10964,CP-AP-r001:S-P07-S02:GS10:p0008,east,0,8,3
10965,CP-AP-r001:S-P07-S02:GS10:p0009,east,0,8,6
10966,CP-AP-r001:S-P07-S02:GS10:p0010,east,0,7,6
10967,CP-AP-r001:S-P07-S02:GS10:p0011,east,0,9,6
10968,CP-AP-r001:S-P07-S02:GS10:p0012,east,0,8,3
10969,CP-AP-r001:S-P07-S02:GS10:p0013,east,0,8,6
10970,CP-AP-r001:S-P07-S02:GS11:p0001,east,0,10,0
10971,CP-AP-r001:S-P07-S02:GS11:p0002,east,0,8,6
10972,CP-AP-r001:S-P07-S02:GS11:p0003,east,0,10,0
10973,CP-AP-r001:S-P07-S02:GS11:p0004,east,0,8,4
10974,CP-AP-r001:S-P07-S02:GS11:p0005,east,0,6,6
10975,CP-AP-r001:S-P07-S02:GS11:p0006,east,0,10,0
10976,CP-AP-r001:S-P07-S02:GS11:p0007,east,0,8,6
10977,CP-AP-r001:S-P07-S02:GS11:p0008,east,0,8,3
10978,CP-AP-r001:S-P07-S02:GS11:p0009,east,0,9,6
10979,CP-AP-r001:S-P07-S02:GS11:p0010,east,0,8,0
10980,CP-AP-r001:S-P07-S02:GS11:p0011,east,0,8,6
10981,CP-AP-r001:S-P07-S02:GS11:p0012,east,0,8,6
10982,CP-AP-r001:S-P07-S02:GS11:p0013,east,0,8,3
10983,CP-AP-r001:S-P07-S02:GS11:p0014,east,0,10,6
10984,CP-AP-r001:S-P07-S02:GS12:p0001,east,0,7,0
10985,CP-AP-r001:S-P07-S02:GS12:p0002,east,0,7,6
10986,CP-AP-r001:S-P07-S02:GS12:p0003,east,0,10,0
10987,CP-AP-r001:S-P07-S02:GS12:p0004,east,0,9,4
10988,CP-AP-r001:S-P07-S02:GS12:p0005,east,0,8,0
10989,CP-AP-r001:S-P07-S02:GS12:p0006,east,0,7,6
10990,CP-AP-r001:S-P07-S02:GS12:p0007,east,0,10,0
10991,CP-AP-r001:S-P07-S02:GS12:p0008,east,0,8,3
10992,CP-AP-r001:S-P07-S02:GS12:p0009,east,0,10,0
10993,CP-AP-r001:S-P07-S02:GS12:p0010,east,0,7,6
10994,CP-AP-r001:S-P07-S02:GS12:p0011,east,0,10,0
10995,CP-AP-r001:S-P07-S02:GS12:p0012,east,0,8,3
10996,CP-AP-r001:S-P07-S02:GS12:p0013,east,0,7,6
10997,CP-AP-r001:S-P07-S03:GS01:p0001,west,4,0,0
10998,CP-AP-r001:S-P07-S03:GS01:p0002,west,7,0,6
10999,CP-AP-r001:S-P07-S03:GS01:p0003,west,7,0,1
11000,CP-AP-r001:S-P07-S03:GS01:p0004,west,8,0,6
11001,CP-AP-r001:S-P07-S03:GS01:p0005,west,7,0,0
11002,CP-AP-r001:S-P07-S03:GS01:p0006,west,8,0,6
11003,CP-AP-r001:S-P07-S03:GS01:p0007,west,6,0,2
11004,CP-AP-r001:S-P07-S03:GS01:p0008,west,8,0,6
11005,CP-AP-r001:S-P07-S03:GS01:p0009,west,7,0,0
11006,CP-AP-r001:S-P07-S03:GS01:p0010,west,6,0,6
11007,CP-AP-r001:S-P07-S03:GS01:p0011,west,5,0,3
11008,CP-AP-r001:S-P07-S03:GS01:p0012,west,8,0,6
11009,CP-AP-r001:S-P07-S03:GS01:p0013,west,7,0,0
11010,CP-AP-r001:S-P07-S03:GS02:p0001,west,7,0,6
11011,CP-AP-r001:S-P07-S03:GS02:p0002,west,7,0,1
11012,CP-AP-r001:S-P07-S03:GS02:p0003,west,10,0,6
11013,CP-AP-r001:S-P07-S03:GS02:p0004,west,7,0,0
11014,CP-AP-r001:S-P07-S03:GS02:p0005,west,7,0,6
11015,CP-AP-r001:S-P07-S03:GS02:p0006,west,7,0,2
11016,CP-AP-r001:S-P07-S03:GS02:p0007,west,8,0,6
11017,CP-AP-r001:S-P07-S03:GS02:p0008,west,7,0,0
11018,CP-AP-r001:S-P07-S03:GS02:p0009,west,7,0,6
11019,CP-AP-r001:S-P07-S03:GS02:p0010,west,7,0,3
11020,CP-AP-r001:S-P07-S03:GS02:p0011,west,8,0,6
11021,CP-AP-r001:S-P07-S03:GS02:p0012,west,7,0,0
11022,CP-AP-r001:S-P07-S03:GS03:p0001,west,6,0,6
11023,CP-AP-r001:S-P07-S03:GS03:p0002,west,6,0,1
11024,CP-AP-r001:S-P07-S03:GS03:p0003,west,7,0,6
11025,CP-AP-r001:S-P07-S03:GS03:p0004,west,8,0,6
11026,CP-AP-r001:S-P07-S03:GS03:p0005,west,7,0,6
11027,CP-AP-r001:S-P07-S03:GS03:p0006,west,7,0,2
11028,CP-AP-r001:S-P07-S03:GS03:p0007,west,8,0,6
11029,CP-AP-r001:S-P07-S03:GS03:p0008,west,7,0,6
11030,CP-AP-r001:S-P07-S03:GS03:p0009,west,7,0,3
11031,CP-AP-r001:S-P07-S03:GS03:p0010,west,8,0,6
11032,CP-AP-r001:S-P07-S03:GS03:p0011,west,8,0,0
11033,CP-AP-r001:S-P07-S03:GS04:p0001,east,0,7,0
11034,CP-AP-r001:S-P07-S03:GS04:p0002,east,0,7,6
11035,CP-AP-r001:S-P07-S03:GS04:p0003,east,0,8,3
11036,CP-AP-r001:S-P07-S03:GS04:p0004,east,0,7,6
11037,CP-AP-r001:S-P07-S03:GS04:p0005,east,0,7,6
11038,CP-AP-r001:S-P07-S03:GS04:p0006,east,0,8,2
11039,CP-AP-r001:S-P07-S03:GS04:p0007,east,0,7,6
11040,CP-AP-r001:S-P07-S03:GS04:p0008,east,0,7,6
11041,CP-AP-r001:S-P07-S03:GS04:p0009,east,0,5,6
11042,CP-AP-r001:S-P07-S03:GS04:p0010,east,0,6,1
11043,CP-AP-r001:S-P07-S03:GS04:p0011,east,0,9,6
11044,CP-AP-r001:S-P07-S03:GS05:p0001,east,0,8,0
11045,CP-AP-r001:S-P07-S03:GS05:p0002,east,0,6,6
11046,CP-AP-r001:S-P07-S03:GS05:p0003,east,0,8,3
11047,CP-AP-r001:S-P07-S03:GS05:p0004,east,0,7,6
11048,CP-AP-r001:S-P07-S03:GS05:p0005,east,0,7,0
11049,CP-AP-r001:S-P07-S03:GS05:p0006,east,0,6,6
11050,CP-AP-r001:S-P07-S03:GS05:p0007,east,0,8,2
11051,CP-AP-r001:S-P07-S03:GS05:p0008,east,0,7,6
11052,CP-AP-r001:S-P07-S03:GS05:p0009,east,0,6,0
11053,CP-AP-r001:S-P07-S03:GS05:p0010,east,0,5,6
11054,CP-AP-r001:S-P07-S03:GS05:p0011,east,0,8,1
11055,CP-AP-r001:S-P07-S03:GS05:p0012,east,0,7,6
11056,CP-AP-r001:S-P07-S03:GS06:p0001,east,0,7,0
11057,CP-AP-r001:S-P07-S03:GS06:p0002,east,0,7,6
11058,CP-AP-r001:S-P07-S03:GS06:p0003,east,0,8,3
11059,CP-AP-r001:S-P07-S03:GS06:p0004,east,0,7,6
11060,CP-AP-r001:S-P07-S03:GS06:p0005,east,0,7,0
11061,CP-AP-r001:S-P07-S03:GS06:p0006,east,0,7,6
11062,CP-AP-r001:S-P07-S03:GS06:p0007,east,0,8,2
11063,CP-AP-r001:S-P07-S03:GS06:p0008,east,0,7,6
11064,CP-AP-r001:S-P07-S03:GS06:p0009,east,0,7,0
11065,CP-AP-r001:S-P07-S03:GS06:p0010,east,0,7,6
11066,CP-AP-r001:S-P07-S03:GS06:p0011,east,0,8,1
11067,CP-AP-r001:S-P07-S03:GS06:p0012,east,0,7,6
11068,CP-AP-r001:S-P07-S03:GS07:p0001,west,4,0,0
11069,CP-AP-r001:S-P07-S03:GS07:p0002,west,9,0,6
11070,CP-AP-r001:S-P07-S03:GS07:p0003,west,8,0,1
11071,CP-AP-r001:S-P07-S03:GS07:p0004,west,8,0,6
11072,CP-AP-r001:S-P07-S03:GS07:p0005,west,8,0,0
11073,CP-AP-r001:S-P07-S03:GS07:p0006,west,8,0,6
11074,CP-AP-r001:S-P07-S03:GS07:p0007,west,8,0,2
11075,CP-AP-r001:S-P07-S03:GS07:p0008,west,5,0,0
11076,CP-AP-r001:S-P07-S03:GS07:p0009,west,8,0,6
11077,CP-AP-r001:S-P07-S03:GS07:p0010,west,10,0,0
11078,CP-AP-r001:S-P07-S03:GS07:p0011,west,7,0,6
11079,CP-AP-r001:S-P07-S03:GS07:p0012,west,7,0,3
11080,CP-AP-r001:S-P07-S03:GS07:p0013,west,6,0,0
11081,CP-AP-r001:S-P07-S03:GS07:p0014,west,8,0,6
11082,CP-AP-r001:S-P07-S03:GS07:p0015,west,8,0,0
11083,CP-AP-r001:S-P07-S03:GS08:p0001,west,9,0,6
11084,CP-AP-r001:S-P07-S03:GS08:p0002,west,8,0,1
11085,CP-AP-r001:S-P07-S03:GS08:p0003,west,8,0,6
11086,CP-AP-r001:S-P07-S03:GS08:p0004,west,8,0,6
11087,CP-AP-r001:S-P07-S03:GS08:p0005,west,10,0,6
11088,CP-AP-r001:S-P07-S03:GS08:p0006,west,8,0,2
11089,CP-AP-r001:S-P07-S03:GS08:p0007,west,8,0,6
11090,CP-AP-r001:S-P07-S03:GS08:p0008,west,8,0,6
11091,CP-AP-r001:S-P07-S03:GS08:p0009,west,7,0,0
11092,CP-AP-r001:S-P07-S03:GS08:p0010,west,9,0,6
11093,CP-AP-r001:S-P07-S03:GS08:p0011,west,8,0,3
11094,CP-AP-r001:S-P07-S03:GS08:p0012,west,8,0,6
11095,CP-AP-r001:S-P07-S03:GS08:p0013,west,7,0,0
11096,CP-AP-r001:S-P07-S03:GS09:p0001,west,8,0,6
11097,CP-AP-r001:S-P07-S03:GS09:p0002,west,8,0,1
11098,CP-AP-r001:S-P07-S03:GS09:p0003,west,8,0,6
11099,CP-AP-r001:S-P07-S03:GS09:p0004,west,10,0,6
11100,CP-AP-r001:S-P07-S03:GS09:p0005,west,9,0,6
11101,CP-AP-r001:S-P07-S03:GS09:p0006,west,8,0,2
11102,CP-AP-r001:S-P07-S03:GS09:p0007,west,9,0,6
11103,CP-AP-r001:S-P07-S03:GS09:p0008,west,10,0,6
11104,CP-AP-r001:S-P07-S03:GS09:p0009,west,10,0,6
11105,CP-AP-r001:S-P07-S03:GS09:p0010,west,8,0,3
11106,CP-AP-r001:S-P07-S03:GS09:p0011,west,9,0,6
11107,CP-AP-r001:S-P07-S03:GS09:p0012,west,9,0,6
11108,CP-AP-r001:S-P07-S03:GS10:p0001,east,0,7,6
11109,CP-AP-r001:S-P07-S03:GS10:p0002,east,0,9,6
11110,CP-AP-r001:S-P07-S03:GS10:p0003,east,0,8,3
11111,CP-AP-r001:S-P07-S03:GS10:p0004,east,0,9,6
11112,CP-AP-r001:S-P07-S03:GS10:p0005,east,0,9,6
11113,CP-AP-r001:S-P07-S03:GS10:p0006,east,0,9,6
11114,CP-AP-r001:S-P07-S03:GS10:p0007,east,0,8,2
11115,CP-AP-r001:S-P07-S03:GS10:p0008,east,0,8,6
11116,CP-AP-r001:S-P07-S03:GS10:p0009,east,0,8,6
11117,CP-AP-r001:S-P07-S03:GS10:p0010,east,0,8,6
11118,CP-AP-r001:S-P07-S03:GS10:p0011,east,0,8,1
11119,CP-AP-r001:S-P07-S03:GS10:p0012,east,0,10,6
11120,CP-AP-r001:S-P07-S03:GS11:p0001,east,0,7,0
11121,CP-AP-r001:S-P07-S03:GS11:p0002,east,0,8,6
11122,CP-AP-r001:S-P07-S03:GS11:p0003,east,0,8,3
11123,CP-AP-r001:S-P07-S03:GS11:p0004,east,0,8,6
11124,CP-AP-r001:S-P07-S03:GS11:p0005,east,0,7,0
11125,CP-AP-r001:S-P07-S03:GS11:p0006,east,0,7,6
11126,CP-AP-r001:S-P07-S03:GS11:p0007,east,0,5,6
11127,CP-AP-r001:S-P07-S03:GS11:p0008,east,0,8,2
11128,CP-AP-r001:S-P07-S03:GS11:p0009,east,0,10,6
11129,CP-AP-r001:S-P07-S03:GS11:p0010,east,0,7,6
11130,CP-AP-r001:S-P07-S03:GS11:p0011,east,0,7,6
11131,CP-AP-r001:S-P07-S03:GS11:p0012,east,0,8,1
11132,CP-AP-r001:S-P07-S03:GS11:p0013,east,0,8,6
11133,CP-AP-r001:S-P07-S03:GS12:p0001,east,0,10,0
11134,CP-AP-r001:S-P07-S03:GS12:p0002,east,0,8,6
11135,CP-AP-r001:S-P07-S03:GS12:p0003,east,0,9,0
11136,CP-AP-r001:S-P07-S03:GS12:p0004,east,0,8,3
11137,CP-AP-r001:S-P07-S03:GS12:p0005,east,0,8,6
11138,CP-AP-r001:S-P07-S03:GS12:p0006,east,0,10,0
11139,CP-AP-r001:S-P07-S03:GS12:p0007,east,0,8,6
11140,CP-AP-r001:S-P07-S03:GS12:p0008,east,0,9,0
11141,CP-AP-r001:S-P07-S03:GS12:p0009,east,0,8,2
11142,CP-AP-r001:S-P07-S03:GS12:p0010,east,0,7,6
11143,CP-AP-r001:S-P07-S03:GS12:p0011,east,0,9,0
11144,CP-AP-r001:S-P07-S03:GS12:p0012,east,0,8,6
11145,CP-AP-r001:S-P07-S03:GS12:p0013,east,0,8,1
11146,CP-AP-r001:S-P07-S03:GS12:p0014,east,0,8,6
11147,CP-AP-r001:S-P07-S04:GS01:p0001,west,4,0,0
11148,CP-AP-r001:S-P07-S04:GS01:p0002,west,6,0,6
11149,CP-AP-r001:S-P07-S04:GS01:p0003,west,6,0,2
11150,CP-AP-r001:S-P07-S04:GS01:p0004,west,8,0,6
11151,CP-AP-r001:S-P07-S04:GS01:p0005,west,6,0,0
11152,CP-AP-r001:S-P07-S04:GS01:p0006,west,7,0,6
11153,CP-AP-r001:S-P07-S04:GS01:p0007,west,6,0,3
11154,CP-AP-r001:S-P07-S04:GS01:p0008,west,8,0,6
11155,CP-AP-r001:S-P07-S04:GS01:p0009,west,6,0,0
11156,CP-AP-r001:S-P07-S04:GS01:p0010,west,6,0,6
11157,CP-AP-r001:S-P07-S04:GS01:p0011,west,4,0,3
11158,CP-AP-r001:S-P07-S04:GS01:p0012,west,8,0,6
11159,CP-AP-r001:S-P07-S04:GS01:p0013,west,6,0,0
11160,CP-AP-r001:S-P07-S04:GS02:p0001,west,4,0,0
11161,CP-AP-r001:S-P07-S04:GS02:p0002,west,6,0,6
11162,CP-AP-r001:S-P07-S04:GS02:p0003,west,6,0,2
11163,CP-AP-r001:S-P07-S04:GS02:p0004,west,10,0,6
11164,CP-AP-r001:S-P07-S04:GS02:p0005,west,6,0,0
11165,CP-AP-r001:S-P07-S04:GS02:p0006,west,6,0,6
11166,CP-AP-r001:S-P07-S04:GS02:p0007,west,6,0,3
11167,CP-AP-r001:S-P07-S04:GS02:p0008,west,8,0,6
11168,CP-AP-r001:S-P07-S04:GS02:p0009,west,6,0,0
11169,CP-AP-r001:S-P07-S04:GS02:p0010,west,6,0,6
11170,CP-AP-r001:S-P07-S04:GS02:p0011,west,6,0,3
11171,CP-AP-r001:S-P07-S04:GS02:p0012,west,8,0,6
11172,CP-AP-r001:S-P07-S04:GS02:p0013,west,6,0,0
11173,CP-AP-r001:S-P07-S04:GS03:p0001,west,4,0,6
11174,CP-AP-r001:S-P07-S04:GS03:p0002,west,6,0,2
11175,CP-AP-r001:S-P07-S04:GS03:p0003,west,7,0,6
11176,CP-AP-r001:S-P07-S04:GS03:p0004,west,8,0,6
11177,CP-AP-r001:S-P07-S04:GS03:p0005,west,6,0,6
11178,CP-AP-r001:S-P07-S04:GS03:p0006,west,6,0,3
11179,CP-AP-r001:S-P07-S04:GS03:p0007,west,8,0,6
11180,CP-AP-r001:S-P07-S04:GS03:p0008,west,6,0,6
11181,CP-AP-r001:S-P07-S04:GS03:p0009,west,6,0,3
11182,CP-AP-r001:S-P07-S04:GS03:p0010,west,8,0,6
11183,CP-AP-r001:S-P07-S04:GS03:p0011,west,7,0,0
11184,CP-AP-r001:S-P07-S04:GS04:p0001,east,0,7,0
11185,CP-AP-r001:S-P07-S04:GS04:p0002,east,0,6,6
11186,CP-AP-r001:S-P07-S04:GS04:p0003,east,0,8,3
11187,CP-AP-r001:S-P07-S04:GS04:p0004,east,0,6,6
11188,CP-AP-r001:S-P07-S04:GS04:p0005,east,0,6,6
11189,CP-AP-r001:S-P07-S04:GS04:p0006,east,0,8,6
11190,CP-AP-r001:S-P07-S04:GS04:p0007,east,0,9,2
11191,CP-AP-r001:S-P07-S04:GS04:p0008,east,0,6,6
11192,CP-AP-r001:S-P07-S04:GS04:p0009,east,0,6,6
11193,CP-AP-r001:S-P07-S04:GS04:p0010,east,0,7,6
11194,CP-AP-r001:S-P07-S04:GS04:p0011,east,0,7,1
11195,CP-AP-r001:S-P07-S04:GS04:p0012,east,0,8,6
11196,CP-AP-r001:S-P07-S04:GS05:p0001,east,0,7,0
11197,CP-AP-r001:S-P07-S04:GS05:p0002,east,0,6,6
11198,CP-AP-r001:S-P07-S04:GS05:p0003,east,0,8,3
11199,CP-AP-r001:S-P07-S04:GS05:p0004,east,0,6,6
11200,CP-AP-r001:S-P07-S04:GS05:p0005,east,0,7,0
11201,CP-AP-r001:S-P07-S04:GS05:p0006,east,0,5,6
11202,CP-AP-r001:S-P07-S04:GS05:p0007,east,0,8,2
11203,CP-AP-r001:S-P07-S04:GS05:p0008,east,0,6,6
11204,CP-AP-r001:S-P07-S04:GS05:p0009,east,0,7,0
11205,CP-AP-r001:S-P07-S04:GS05:p0010,east,0,4,6
11206,CP-AP-r001:S-P07-S04:GS05:p0011,east,0,8,1
11207,CP-AP-r001:S-P07-S04:GS05:p0012,east,0,6,6
11208,CP-AP-r001:S-P07-S04:GS06:p0001,east,0,6,0
11209,CP-AP-r001:S-P07-S04:GS06:p0002,east,0,6,6
11210,CP-AP-r001:S-P07-S04:GS06:p0003,east,0,8,3
11211,CP-AP-r001:S-P07-S04:GS06:p0004,east,0,6,6
11212,CP-AP-r001:S-P07-S04:GS06:p0005,east,0,6,0
11213,CP-AP-r001:S-P07-S04:GS06:p0006,east,0,6,6
11214,CP-AP-r001:S-P07-S04:GS06:p0007,east,0,8,2
11215,CP-AP-r001:S-P07-S04:GS06:p0008,east,0,6,6
11216,CP-AP-r001:S-P07-S04:GS06:p0009,east,0,6,0
11217,CP-AP-r001:S-P07-S04:GS06:p0010,east,0,6,6
11218,CP-AP-r001:S-P07-S04:GS06:p0011,east,0,8,1
11219,CP-AP-r001:S-P07-S04:GS06:p0012,east,0,6,6
11220,CP-AP-r001:S-P07-S04:GS07:p0001,west,4,0,0
11221,CP-AP-r001:S-P07-S04:GS07:p0002,west,10,0,6
11222,CP-AP-r001:S-P07-S04:GS07:p0003,west,8,0,2
11223,CP-AP-r001:S-P07-S04:GS07:p0004,west,8,0,6
11224,CP-AP-r001:S-P07-S04:GS07:p0005,west,9,0,0
11225,CP-AP-r001:S-P07-S04:GS07:p0006,west,9,0,6
11226,CP-AP-r001:S-P07-S04:GS07:p0007,west,8,0,3
11227,CP-AP-r001:S-P07-S04:GS07:p0008,west,7,0,0
11228,CP-AP-r001:S-P07-S04:GS07:p0009,west,8,0,6
11229,CP-AP-r001:S-P07-S04:GS07:p0010,west,10,0,0
11230,CP-AP-r001:S-P07-S04:GS07:p0011,west,9,0,6
11231,CP-AP-r001:S-P07-S04:GS07:p0012,west,7,0,3
11232,CP-AP-r001:S-P07-S04:GS07:p0013,west,6,0,0
11233,CP-AP-r001:S-P07-S04:GS07:p0014,west,8,0,6
11234,CP-AP-r001:S-P07-S04:GS07:p0015,west,8,0,0
11235,CP-AP-r001:S-P07-S04:GS08:p0001,west,9,0,6
11236,CP-AP-r001:S-P07-S04:GS08:p0002,west,7,0,2
11237,CP-AP-r001:S-P07-S04:GS08:p0003,west,9,0,6
11238,CP-AP-r001:S-P07-S04:GS08:p0004,west,8,0,6
11239,CP-AP-r001:S-P07-S04:GS08:p0005,west,10,0,6
11240,CP-AP-r001:S-P07-S04:GS08:p0006,west,7,0,3
11241,CP-AP-r001:S-P07-S04:GS08:p0007,west,10,0,6
11242,CP-AP-r001:S-P07-S04:GS08:p0008,west,8,0,6
11243,CP-AP-r001:S-P07-S04:GS08:p0009,west,6,0,0
11244,CP-AP-r001:S-P07-S04:GS08:p0010,west,10,0,6
11245,CP-AP-r001:S-P07-S04:GS08:p0011,west,8,0,3
11246,CP-AP-r001:S-P07-S04:GS08:p0012,west,8,0,6
11247,CP-AP-r001:S-P07-S04:GS08:p0013,west,8,0,0
11248,CP-AP-r001:S-P07-S04:GS09:p0001,west,7,0,6
11249,CP-AP-r001:S-P07-S04:GS09:p0002,west,7,0,2
11250,CP-AP-r001:S-P07-S04:GS09:p0003,west,9,0,6
11251,CP-AP-r001:S-P07-S04:GS09:p0004,west,10,0,6
11252,CP-AP-r001:S-P07-S04:GS09:p0005,west,7,0,6
11253,CP-AP-r001:S-P07-S04:GS09:p0006,west,7,0,3
11254,CP-AP-r001:S-P07-S04:GS09:p0007,west,10,0,6
11255,CP-AP-r001:S-P07-S04:GS09:p0008,west,10,0,6
11256,CP-AP-r001:S-P07-S04:GS09:p0009,west,9,0,6
11257,CP-AP-r001:S-P07-S04:GS09:p0010,west,7,0,3
11258,CP-AP-r001:S-P07-S04:GS09:p0011,west,10,0,6
11259,CP-AP-r001:S-P07-S04:GS09:p0012,west,8,0,6
11260,CP-AP-r001:S-P07-S04:GS10:p0001,east,0,7,6
11261,CP-AP-r001:S-P07-S04:GS10:p0002,east,0,9,6
11262,CP-AP-r001:S-P07-S04:GS10:p0003,east,0,8,3
11263,CP-AP-r001:S-P07-S04:GS10:p0004,east,0,8,6
11264,CP-AP-r001:S-P07-S04:GS10:p0005,east,0,8,6
11265,CP-AP-r001:S-P07-S04:GS10:p0006,east,0,9,6
11266,CP-AP-r001:S-P07-S04:GS10:p0007,east,0,8,2
11267,CP-AP-r001:S-P07-S04:GS10:p0008,east,0,8,6
11268,CP-AP-r001:S-P07-S04:GS10:p0009,east,0,8,6
11269,CP-AP-r001:S-P07-S04:GS10:p0010,east,0,7,6
11270,CP-AP-r001:S-P07-S04:GS10:p0011,east,0,8,1
11271,CP-AP-r001:S-P07-S04:GS10:p0012,east,0,10,6
11272,CP-AP-r001:S-P07-S04:GS11:p0001,east,0,8,0
11273,CP-AP-r001:S-P07-S04:GS11:p0002,east,0,8,6
11274,CP-AP-r001:S-P07-S04:GS11:p0003,east,0,8,6
11275,CP-AP-r001:S-P07-S04:GS11:p0004,east,0,8,3
11276,CP-AP-r001:S-P07-S04:GS11:p0005,east,0,9,6
11277,CP-AP-r001:S-P07-S04:GS11:p0006,east,0,9,0
11278,CP-AP-r001:S-P07-S04:GS11:p0007,east,0,7,6
11279,CP-AP-r001:S-P07-S04:GS11:p0008,east,0,6,6
11280,CP-AP-r001:S-P07-S04:GS11:p0009,east,0,8,2
11281,CP-AP-r001:S-P07-S04:GS11:p0010,east,0,10,6
11282,CP-AP-r001:S-P07-S04:GS11:p0011,east,0,7,6
11283,CP-AP-r001:S-P07-S04:GS11:p0012,east,0,7,6
11284,CP-AP-r001:S-P07-S04:GS11:p0013,east,0,8,1
11285,CP-AP-r001:S-P07-S04:GS11:p0014,east,0,8,6
11286,CP-AP-r001:S-P07-S04:GS12:p0001,east,0,10,0
11287,CP-AP-r001:S-P07-S04:GS12:p0002,east,0,7,6
11288,CP-AP-r001:S-P07-S04:GS12:p0003,east,0,10,0
11289,CP-AP-r001:S-P07-S04:GS12:p0004,east,0,8,3
11290,CP-AP-r001:S-P07-S04:GS12:p0005,east,0,6,6
11291,CP-AP-r001:S-P07-S04:GS12:p0006,east,0,10,0
11292,CP-AP-r001:S-P07-S04:GS12:p0007,east,0,8,6
11293,CP-AP-r001:S-P07-S04:GS12:p0008,east,0,10,0
11294,CP-AP-r001:S-P07-S04:GS12:p0009,east,0,8,2
11295,CP-AP-r001:S-P07-S04:GS12:p0010,east,0,6,6
11296,CP-AP-r001:S-P07-S04:GS12:p0011,east,0,10,0
11297,CP-AP-r001:S-P07-S04:GS12:p0012,east,0,8,6
11298,CP-AP-r001:S-P07-S04:GS12:p0013,east,0,8,1
11299,CP-AP-r001:S-P07-S04:GS12:p0014,east,0,9,6
11300,CP-AP-r001:S-P07-S05:GS01:p0002,west,6,0,6
11301,CP-AP-r001:S-P07-S05:GS01:p0003,west,5,0,3
11302,CP-AP-r001:S-P07-S05:GS01:p0004,west,8,0,6
11303,CP-AP-r001:S-P07-S05:GS01:p0005,west,7,0,0
11304,CP-AP-r001:S-P07-S05:GS01:p0006,west,7,0,6
11305,CP-AP-r001:S-P07-S05:GS01:p0007,west,6,0,4
11306,CP-AP-r001:S-P07-S05:GS01:p0008,west,8,0,6
11307,CP-AP-r001:S-P07-S05:GS01:p0009,west,7,0,0
11308,CP-AP-r001:S-P07-S05:GS01:p0010,west,7,0,5
11309,CP-AP-r001:S-P07-S05:GS01:p0011,west,8,0,6
11310,CP-AP-r001:S-P07-S05:GS01:p0012,west,7,0,0
11311,CP-AP-r001:S-P07-S05:GS02:p0002,west,7,0,6
11312,CP-AP-r001:S-P07-S05:GS02:p0003,west,7,0,3
11313,CP-AP-r001:S-P07-S05:GS02:p0004,west,8,0,6
11314,CP-AP-r001:S-P07-S05:GS02:p0005,west,7,0,0
11315,CP-AP-r001:S-P07-S05:GS02:p0006,west,7,0,6
11316,CP-AP-r001:S-P07-S05:GS02:p0007,west,7,0,4
11317,CP-AP-r001:S-P07-S05:GS02:p0008,west,8,0,6
11318,CP-AP-r001:S-P07-S05:GS02:p0009,west,7,0,0
11319,CP-AP-r001:S-P07-S05:GS02:p0010,west,8,0,6
11320,CP-AP-r001:S-P07-S05:GS02:p0011,west,6,0,5
11321,CP-AP-r001:S-P07-S05:GS02:p0012,west,8,0,6
11322,CP-AP-r001:S-P07-S05:GS02:p0013,west,7,0,0
11323,CP-AP-r001:S-P07-S05:GS03:p0001,west,7,0,6
11324,CP-AP-r001:S-P07-S05:GS03:p0002,west,7,0,3
11325,CP-AP-r001:S-P07-S05:GS03:p0003,west,8,0,6
11326,CP-AP-r001:S-P07-S05:GS03:p0004,west,8,0,0
11327,CP-AP-r001:S-P07-S05:GS03:p0005,west,7,0,6
11328,CP-AP-r001:S-P07-S05:GS03:p0006,west,7,0,4
11329,CP-AP-r001:S-P07-S05:GS03:p0007,west,10,0,6
11330,CP-AP-r001:S-P07-S05:GS03:p0008,west,7,0,0
11331,CP-AP-r001:S-P07-S05:GS03:p0009,west,7,0,6
11332,CP-AP-r001:S-P07-S05:GS03:p0010,west,7,0,5
11333,CP-AP-r001:S-P07-S05:GS03:p0011,west,8,0,6
11334,CP-AP-r001:S-P07-S05:GS03:p0012,west,7,0,0
11335,CP-AP-r001:S-P07-S05:GS04:p0001,east,0,7,6
11336,CP-AP-r001:S-P07-S05:GS04:p0002,east,0,5,6
11337,CP-AP-r001:S-P07-S05:GS04:p0003,east,0,6,2
11338,CP-AP-r001:S-P07-S05:GS04:p0004,east,0,10,6
11339,CP-AP-r001:S-P07-S05:GS04:p0005,east,0,5,5
11340,CP-AP-r001:S-P07-S05:GS04:p0006,east,0,6,6
11341,CP-AP-r001:S-P07-S05:GS04:p0007,east,0,7,1
11342,CP-AP-r001:S-P07-S05:GS04:p0008,east,0,8,6
11343,CP-AP-r001:S-P07-S05:GS04:p0009,east,0,7,4
11344,CP-AP-r001:S-P07-S05:GS04:p0010,east,0,7,6
11345,CP-AP-r001:S-P07-S05:GS04:p0011,east,0,8,6
11346,CP-AP-r001:S-P07-S05:GS05:p0001,east,0,6,0
11347,CP-AP-r001:S-P07-S05:GS05:p0002,east,0,5,6
11348,CP-AP-r001:S-P07-S05:GS05:p0003,east,0,8,2
11349,CP-AP-r001:S-P07-S05:GS05:p0004,east,0,7,6
11350,CP-AP-r001:S-P07-S05:GS05:p0005,east,0,7,0
11351,CP-AP-r001:S-P07-S05:GS05:p0006,east,0,7,5
11352,CP-AP-r001:S-P07-S05:GS05:p0007,east,0,8,1
11353,CP-AP-r001:S-P07-S05:GS05:p0008,east,0,7,6
11354,CP-AP-r001:S-P07-S05:GS05:p0009,east,0,7,4
11355,CP-AP-r001:S-P07-S05:GS05:p0010,east,0,6,6
11356,CP-AP-r001:S-P07-S05:GS05:p0011,east,0,8,1
11357,CP-AP-r001:S-P07-S05:GS05:p0012,east,0,8,6
11358,CP-AP-r001:S-P07-S05:GS06:p0001,east,0,7,0
11359,CP-AP-r001:S-P07-S05:GS06:p0002,east,0,7,6
11360,CP-AP-r001:S-P07-S05:GS06:p0003,east,0,8,2
11361,CP-AP-r001:S-P07-S05:GS06:p0004,east,0,7,6
11362,CP-AP-r001:S-P07-S05:GS06:p0005,east,0,8,0
11363,CP-AP-r001:S-P07-S05:GS06:p0006,east,0,6,5
11364,CP-AP-r001:S-P07-S05:GS06:p0007,east,0,8,1
11365,CP-AP-r001:S-P07-S05:GS06:p0008,east,0,7,6
11366,CP-AP-r001:S-P07-S05:GS06:p0009,east,0,6,0
11367,CP-AP-r001:S-P07-S05:GS06:p0010,east,0,5,4
11368,CP-AP-r001:S-P07-S05:GS06:p0011,east,0,8,1
11369,CP-AP-r001:S-P07-S05:GS06:p0012,east,0,7,6
11370,CP-AP-r001:S-P07-S05:GS07:p0002,west,7,0,6
11371,CP-AP-r001:S-P07-S05:GS07:p0003,west,7,0,3
11372,CP-AP-r001:S-P07-S05:GS07:p0004,west,6,0,0
11373,CP-AP-r001:S-P07-S05:GS07:p0005,west,8,0,6
11374,CP-AP-r001:S-P07-S05:GS07:p0006,west,9,0,0
11375,CP-AP-r001:S-P07-S05:GS07:p0007,west,7,0,4
11376,CP-AP-r001:S-P07-S05:GS07:p0008,west,8,0,0
11377,CP-AP-r001:S-P07-S05:GS07:p0009,west,8,0,6
11378,CP-AP-r001:S-P07-S05:GS07:p0010,west,9,0,0
11379,CP-AP-r001:S-P07-S05:GS07:p0011,west,7,0,5
11380,CP-AP-r001:S-P07-S05:GS07:p0012,west,9,0,0
11381,CP-AP-r001:S-P07-S05:GS07:p0013,west,8,0,6
11382,CP-AP-r001:S-P07-S05:GS07:p0014,west,9,0,0
11383,CP-AP-r001:S-P07-S05:GS08:p0002,west,10,0,6
11384,CP-AP-r001:S-P07-S05:GS08:p0003,west,8,0,3
11385,CP-AP-r001:S-P07-S05:GS08:p0004,west,9,0,6
11386,CP-AP-r001:S-P07-S05:GS08:p0005,west,8,0,6
11387,CP-AP-r001:S-P07-S05:GS08:p0006,west,6,0,0
11388,CP-AP-r001:S-P07-S05:GS08:p0007,west,9,0,6
11389,CP-AP-r001:S-P07-S05:GS08:p0008,west,8,0,4
11390,CP-AP-r001:S-P07-S05:GS08:p0009,west,8,0,6
11391,CP-AP-r001:S-P07-S05:GS08:p0010,west,8,0,0
11392,CP-AP-r001:S-P07-S05:GS08:p0011,west,9,0,6
11393,CP-AP-r001:S-P07-S05:GS08:p0012,west,8,0,5
11394,CP-AP-r001:S-P07-S05:GS08:p0013,west,5,0,0
11395,CP-AP-r001:S-P07-S05:GS08:p0014,west,8,0,6
11396,CP-AP-r001:S-P07-S05:GS08:p0015,west,10,0,0
11397,CP-AP-r001:S-P07-S05:GS09:p0001,west,9,0,6
11398,CP-AP-r001:S-P07-S05:GS09:p0002,west,8,0,3
11399,CP-AP-r001:S-P07-S05:GS09:p0003,west,9,0,6
11400,CP-AP-r001:S-P07-S05:GS09:p0004,west,10,0,6
11401,CP-AP-r001:S-P07-S05:GS09:p0005,west,10,0,6
11402,CP-AP-r001:S-P07-S05:GS09:p0006,west,8,0,4
11403,CP-AP-r001:S-P07-S05:GS09:p0007,west,7,0,6
11404,CP-AP-r001:S-P07-S05:GS09:p0008,west,8,0,6
11405,CP-AP-r001:S-P07-S05:GS09:p0009,west,10,0,6
11406,CP-AP-r001:S-P07-S05:GS09:p0010,west,8,0,5
11407,CP-AP-r001:S-P07-S05:GS09:p0011,west,8,0,5
11408,CP-AP-r001:S-P07-S05:GS09:p0012,west,8,0,6
11409,CP-AP-r001:S-P07-S05:GS09:p0013,west,7,0,0
11410,CP-AP-r001:S-P07-S05:GS10:p0001,east,0,8,6
11411,CP-AP-r001:S-P07-S05:GS10:p0002,east,0,8,6
11412,CP-AP-r001:S-P07-S05:GS10:p0003,east,0,8,2
11413,CP-AP-r001:S-P07-S05:GS10:p0004,east,0,10,6
11414,CP-AP-r001:S-P07-S05:GS10:p0005,east,0,8,5
11415,CP-AP-r001:S-P07-S05:GS10:p0006,east,0,8,6
11416,CP-AP-r001:S-P07-S05:GS10:p0007,east,0,8,1
11417,CP-AP-r001:S-P07-S05:GS10:p0008,east,0,10,6
11418,CP-AP-r001:S-P07-S05:GS10:p0009,east,0,8,4
11419,CP-AP-r001:S-P07-S05:GS10:p0010,east,0,8,6
11420,CP-AP-r001:S-P07-S05:GS10:p0011,east,0,10,1
11421,CP-AP-r001:S-P07-S05:GS10:p0012,east,0,10,6
11422,CP-AP-r001:S-P07-S05:GS11:p0001,east,0,7,6
11423,CP-AP-r001:S-P07-S05:GS11:p0002,east,0,7,6
11424,CP-AP-r001:S-P07-S05:GS11:p0003,east,0,8,2
11425,CP-AP-r001:S-P07-S05:GS11:p0004,east,0,8,6
11426,CP-AP-r001:S-P07-S05:GS11:p0005,east,0,7,5
11427,CP-AP-r001:S-P07-S05:GS11:p0006,east,0,9,6
11428,CP-AP-r001:S-P07-S05:GS11:p0007,east,0,8,1
11429,CP-AP-r001:S-P07-S05:GS11:p0008,east,0,9,6
11430,CP-AP-r001:S-P07-S05:GS11:p0009,east,0,8,4
11431,CP-AP-r001:S-P07-S05:GS11:p0010,east,0,10,6
11432,CP-AP-r001:S-P07-S05:GS11:p0011,east,0,8,1
11433,CP-AP-r001:S-P07-S05:GS11:p0012,east,0,9,6
11434,CP-AP-r001:S-P07-S05:GS12:p0001,east,0,9,0
11435,CP-AP-r001:S-P07-S05:GS12:p0002,east,0,8,6
11436,CP-AP-r001:S-P07-S05:GS12:p0003,east,0,8,2
11437,CP-AP-r001:S-P07-S05:GS12:p0004,east,0,8,6
11438,CP-AP-r001:S-P07-S05:GS12:p0005,east,0,7,0
11439,CP-AP-r001:S-P07-S05:GS12:p0006,east,0,8,5
11440,CP-AP-r001:S-P07-S05:GS12:p0007,east,0,7,6
11441,CP-AP-r001:S-P07-S05:GS12:p0008,east,0,8,1
11442,CP-AP-r001:S-P07-S05:GS12:p0009,east,0,9,6
11443,CP-AP-r001:S-P07-S05:GS12:p0010,east,0,7,0
11444,CP-AP-r001:S-P07-S05:GS12:p0011,east,0,7,4
11445,CP-AP-r001:S-P07-S05:GS12:p0012,east,0,6,6
11446,CP-AP-r001:S-P07-S05:GS12:p0013,east,0,8,1
11447,CP-AP-r001:S-P07-S05:GS12:p0014,east,0,9,6
11448,CP-AP-r001:S-P07-S06:GS01:p0002,west,6,0,6
11449,CP-AP-r001:S-P07-S06:GS01:p0003,west,4,0,3
11450,CP-AP-r001:S-P07-S06:GS01:p0004,west,8,0,6
11451,CP-AP-r001:S-P07-S06:GS01:p0005,west,6,0,0
11452,CP-AP-r001:S-P07-S06:GS01:p0006,west,7,0,6
11453,CP-AP-r001:S-P07-S06:GS01:p0007,west,5,0,4
11454,CP-AP-r001:S-P07-S06:GS01:p0008,west,8,0,6
11455,CP-AP-r001:S-P07-S06:GS01:p0009,west,6,0,0
11456,CP-AP-r001:S-P07-S06:GS01:p0010,west,6,0,5
11457,CP-AP-r001:S-P07-S06:GS01:p0011,west,8,0,6
11458,CP-AP-r001:S-P07-S06:GS01:p0012,west,6,0,0
11459,CP-AP-r001:S-P07-S06:GS02:p0002,west,6,0,6
11460,CP-AP-r001:S-P07-S06:GS02:p0003,west,6,0,3
11461,CP-AP-r001:S-P07-S06:GS02:p0004,west,8,0,6
11462,CP-AP-r001:S-P07-S06:GS02:p0005,west,6,0,0
11463,CP-AP-r001:S-P07-S06:GS02:p0006,west,6,0,6
11464,CP-AP-r001:S-P07-S06:GS02:p0007,west,6,0,4
11465,CP-AP-r001:S-P07-S06:GS02:p0008,west,8,0,6
11466,CP-AP-r001:S-P07-S06:GS02:p0009,west,6,0,0
11467,CP-AP-r001:S-P07-S06:GS02:p0010,west,8,0,6
11468,CP-AP-r001:S-P07-S06:GS02:p0011,west,6,0,5
11469,CP-AP-r001:S-P07-S06:GS02:p0012,west,8,0,6
11470,CP-AP-r001:S-P07-S06:GS02:p0013,west,6,0,0
11471,CP-AP-r001:S-P07-S06:GS03:p0001,west,6,0,6
11472,CP-AP-r001:S-P07-S06:GS03:p0002,west,6,0,3
11473,CP-AP-r001:S-P07-S06:GS03:p0003,west,8,0,6
11474,CP-AP-r001:S-P07-S06:GS03:p0004,west,7,0,0
11475,CP-AP-r001:S-P07-S06:GS03:p0005,west,6,0,6
11476,CP-AP-r001:S-P07-S06:GS03:p0006,west,6,0,4
11477,CP-AP-r001:S-P07-S06:GS03:p0007,west,10,0,6
11478,CP-AP-r001:S-P07-S06:GS03:p0008,west,6,0,0
11479,CP-AP-r001:S-P07-S06:GS03:p0009,west,6,0,6
11480,CP-AP-r001:S-P07-S06:GS03:p0010,west,6,0,5
11481,CP-AP-r001:S-P07-S06:GS03:p0011,west,8,0,6
11482,CP-AP-r001:S-P07-S06:GS03:p0012,west,6,0,0
11483,CP-AP-r001:S-P07-S06:GS04:p0001,east,0,6,6
11484,CP-AP-r001:S-P07-S06:GS04:p0002,east,0,7,6
11485,CP-AP-r001:S-P07-S06:GS04:p0003,east,0,7,1
11486,CP-AP-r001:S-P07-S06:GS04:p0004,east,0,9,6
11487,CP-AP-r001:S-P07-S06:GS04:p0005,east,0,4,5
11488,CP-AP-r001:S-P07-S06:GS04:p0006,east,0,6,6
11489,CP-AP-r001:S-P07-S06:GS04:p0007,east,0,7,1
11490,CP-AP-r001:S-P07-S06:GS04:p0008,east,0,8,6
11491,CP-AP-r001:S-P07-S06:GS04:p0009,east,0,6,4
11492,CP-AP-r001:S-P07-S06:GS04:p0010,east,0,6,6
11493,CP-AP-r001:S-P07-S06:GS04:p0011,east,0,8,6
11494,CP-AP-r001:S-P07-S06:GS05:p0001,east,0,6,0
11495,CP-AP-r001:S-P07-S06:GS05:p0002,east,0,4,6
11496,CP-AP-r001:S-P07-S06:GS05:p0003,east,0,8,1
11497,CP-AP-r001:S-P07-S06:GS05:p0004,east,0,6,6
11498,CP-AP-r001:S-P07-S06:GS05:p0005,east,0,7,5
11499,CP-AP-r001:S-P07-S06:GS05:p0006,east,0,8,1
11500,CP-AP-r001:S-P07-S06:GS05:p0007,east,0,6,6
11501,CP-AP-r001:S-P07-S06:GS05:p0008,east,0,6,4
11502,CP-AP-r001:S-P07-S06:GS05:p0009,east,0,7,6
11503,CP-AP-r001:S-P07-S06:GS05:p0010,east,0,9,1
11504,CP-AP-r001:S-P07-S06:GS05:p0011,east,0,8,6
11505,CP-AP-r001:S-P07-S06:GS06:p0001,east,0,6,0
11506,CP-AP-r001:S-P07-S06:GS06:p0002,east,0,6,6
11507,CP-AP-r001:S-P07-S06:GS06:p0003,east,0,8,1
11508,CP-AP-r001:S-P07-S06:GS06:p0004,east,0,6,6
11509,CP-AP-r001:S-P07-S06:GS06:p0005,east,0,7,0
11510,CP-AP-r001:S-P07-S06:GS06:p0006,east,0,6,5
11511,CP-AP-r001:S-P07-S06:GS06:p0007,east,0,8,1
11512,CP-AP-r001:S-P07-S06:GS06:p0008,east,0,6,6
11513,CP-AP-r001:S-P07-S06:GS06:p0009,east,0,6,0
11514,CP-AP-r001:S-P07-S06:GS06:p0010,east,0,4,4
11515,CP-AP-r001:S-P07-S06:GS06:p0011,east,0,8,1
11516,CP-AP-r001:S-P07-S06:GS06:p0012,east,0,6,6
11517,CP-AP-r001:S-P07-S06:GS07:p0002,west,9,0,6
11518,CP-AP-r001:S-P07-S06:GS07:p0003,west,7,0,3
11519,CP-AP-r001:S-P07-S06:GS07:p0004,west,6,0,0
11520,CP-AP-r001:S-P07-S06:GS07:p0005,west,8,0,6
11521,CP-AP-r001:S-P07-S06:GS07:p0006,west,9,0,0
11522,CP-AP-r001:S-P07-S06:GS07:p0007,west,7,0,4
11523,CP-AP-r001:S-P07-S06:GS07:p0008,west,8,0,0
11524,CP-AP-r001:S-P07-S06:GS07:p0009,west,8,0,6
11525,CP-AP-r001:S-P07-S06:GS07:p0010,west,8,0,0
11526,CP-AP-r001:S-P07-S06:GS07:p0011,west,7,0,5
11527,CP-AP-r001:S-P07-S06:GS07:p0012,west,9,0,0
11528,CP-AP-r001:S-P07-S06:GS07:p0013,west,8,0,6
11529,CP-AP-r001:S-P07-S06:GS07:p0014,west,8,0,0
11530,CP-AP-r001:S-P07-S06:GS08:p0002,west,10,0,6
11531,CP-AP-r001:S-P07-S06:GS08:p0003,west,8,0,3
11532,CP-AP-r001:S-P07-S06:GS08:p0004,west,8,0,6
11533,CP-AP-r001:S-P07-S06:GS08:p0005,west,7,0,0
11534,CP-AP-r001:S-P07-S06:GS08:p0006,west,10,0,6
11535,CP-AP-r001:S-P07-S06:GS08:p0007,west,8,0,4
11536,CP-AP-r001:S-P07-S06:GS08:p0008,west,8,0,6
11537,CP-AP-r001:S-P07-S06:GS08:p0009,west,9,0,0
11538,CP-AP-r001:S-P07-S06:GS08:p0010,west,10,0,6
11539,CP-AP-r001:S-P07-S06:GS08:p0011,west,8,0,5
11540,CP-AP-r001:S-P07-S06:GS08:p0012,west,5,0,0
11541,CP-AP-r001:S-P07-S06:GS08:p0013,west,8,0,6
11542,CP-AP-r001:S-P07-S06:GS08:p0014,west,10,0,0
11543,CP-AP-r001:S-P07-S06:GS09:p0001,west,8,0,6
11544,CP-AP-r001:S-P07-S06:GS09:p0002,west,7,0,3
11545,CP-AP-r001:S-P07-S06:GS09:p0003,west,10,0,6
11546,CP-AP-r001:S-P07-S06:GS09:p0004,west,9,0,6
11547,CP-AP-r001:S-P07-S06:GS09:p0005,west,10,0,6
11548,CP-AP-r001:S-P07-S06:GS09:p0006,west,7,0,4
11549,CP-AP-r001:S-P07-S06:GS09:p0007,west,8,0,6
11550,CP-AP-r001:S-P07-S06:GS09:p0008,west,8,0,6
11551,CP-AP-r001:S-P07-S06:GS09:p0009,west,7,0,0
11552,CP-AP-r001:S-P07-S06:GS09:p0010,west,10,0,6
11553,CP-AP-r001:S-P07-S06:GS09:p0011,west,7,0,5
11554,CP-AP-r001:S-P07-S06:GS09:p0012,west,10,0,5
11555,CP-AP-r001:S-P07-S06:GS09:p0013,west,8,0,6
11556,CP-AP-r001:S-P07-S06:GS09:p0014,west,6,0,0
11557,CP-AP-r001:S-P07-S06:GS10:p0001,east,0,8,6
11558,CP-AP-r001:S-P07-S06:GS10:p0002,east,0,7,6
11559,CP-AP-r001:S-P07-S06:GS10:p0003,east,0,8,1
11560,CP-AP-r001:S-P07-S06:GS10:p0004,east,0,10,6
11561,CP-AP-r001:S-P07-S06:GS10:p0005,east,0,7,5
11562,CP-AP-r001:S-P07-S06:GS10:p0006,east,0,7,6
11563,CP-AP-r001:S-P07-S06:GS10:p0007,east,0,10,1
11564,CP-AP-r001:S-P07-S06:GS10:p0008,east,0,10,6
11565,CP-AP-r001:S-P07-S06:GS10:p0009,east,0,7,4
11566,CP-AP-r001:S-P07-S06:GS10:p0010,east,0,7,6
11567,CP-AP-r001:S-P07-S06:GS10:p0011,east,0,10,1
11568,CP-AP-r001:S-P07-S06:GS10:p0012,east,0,10,6
11569,CP-AP-r001:S-P07-S06:GS11:p0001,east,0,7,6
11570,CP-AP-r001:S-P07-S06:GS11:p0002,east,0,7,6
11571,CP-AP-r001:S-P07-S06:GS11:p0003,east,0,8,1
11572,CP-AP-r001:S-P07-S06:GS11:p0004,east,0,8,6
11573,CP-AP-r001:S-P07-S06:GS11:p0005,east,0,7,5
11574,CP-AP-r001:S-P07-S06:GS11:p0006,east,0,9,6
11575,CP-AP-r001:S-P07-S06:GS11:p0007,east,0,8,1
11576,CP-AP-r001:S-P07-S06:GS11:p0008,east,0,8,6
11577,CP-AP-r001:S-P07-S06:GS11:p0009,east,0,8,4
11578,CP-AP-r001:S-P07-S06:GS11:p0010,east,0,9,6
11579,CP-AP-r001:S-P07-S06:GS11:p0011,east,0,8,1
11580,CP-AP-r001:S-P07-S06:GS11:p0012,east,0,9,6
11581,CP-AP-r001:S-P07-S06:GS12:p0001,east,0,10,0
11582,CP-AP-r001:S-P07-S06:GS12:p0002,east,0,8,6
11583,CP-AP-r001:S-P07-S06:GS12:p0003,east,0,8,1
11584,CP-AP-r001:S-P07-S06:GS12:p0004,east,0,9,6
11585,CP-AP-r001:S-P07-S06:GS12:p0005,east,0,8,0
11586,CP-AP-r001:S-P07-S06:GS12:p0006,east,0,8,5
11587,CP-AP-r001:S-P07-S06:GS12:p0007,east,0,7,6
11588,CP-AP-r001:S-P07-S06:GS12:p0008,east,0,8,1
11589,CP-AP-r001:S-P07-S06:GS12:p0009,east,0,9,6
11590,CP-AP-r001:S-P07-S06:GS12:p0010,east,0,9,0
11591,CP-AP-r001:S-P07-S06:GS12:p0011,east,0,7,4
11592,CP-AP-r001:S-P07-S06:GS12:p0012,east,0,6,6
11593,CP-AP-r001:S-P07-S06:GS12:p0013,east,0,8,1
11594,CP-AP-r001:S-P07-S06:GS12:p0014,east,0,9,6
11595,CP-AP-r001:S-P07-S07:GS01:p0002,west,7,0,4
11596,CP-AP-r001:S-P07-S07:GS01:p0003,west,8,0,6
11597,CP-AP-r001:S-P07-S07:GS01:p0004,west,7,0,0
11598,CP-AP-r001:S-P07-S07:GS01:p0005,west,7,0,5
11599,CP-AP-r001:S-P07-S07:GS01:p0006,west,5,0,0
11600,CP-AP-r001:S-P07-S07:GS01:p0007,west,8,0,6
11601,CP-AP-r001:S-P07-S07:GS01:p0008,west,10,0,1
11602,CP-AP-r001:S-P07-S07:GS01:p0009,west,6,0,5
11603,CP-AP-r001:S-P07-S07:GS01:p0010,west,6,0,0
11604,CP-AP-r001:S-P07-S07:GS01:p0011,west,6,0,6
11605,CP-AP-r001:S-P07-S07:GS01:p0012,west,8,0,2
11606,CP-AP-r001:S-P07-S07:GS02:p0002,west,8,0,6
11607,CP-AP-r001:S-P07-S07:GS02:p0003,west,6,0,4
11608,CP-AP-r001:S-P07-S07:GS02:p0004,west,8,0,6
11609,CP-AP-r001:S-P07-S07:GS02:p0005,west,7,0,0
11610,CP-AP-r001:S-P07-S07:GS02:p0006,west,6,0,6
11611,CP-AP-r001:S-P07-S07:GS02:p0007,west,5,0,5
11612,CP-AP-r001:S-P07-S07:GS02:p0008,west,8,0,6
11613,CP-AP-r001:S-P07-S07:GS02:p0009,west,7,0,1
11614,CP-AP-r001:S-P07-S07:GS02:p0010,west,7,0,6
11615,CP-AP-r001:S-P07-S07:GS02:p0011,west,7,0,5
11616,CP-AP-r001:S-P07-S07:GS02:p0012,west,8,0,6
11617,CP-AP-r001:S-P07-S07:GS02:p0013,west,7,0,2
11618,CP-AP-r001:S-P07-S07:GS03:p0002,west,7,0,6
11619,CP-AP-r001:S-P07-S07:GS03:p0003,west,7,0,4
11620,CP-AP-r001:S-P07-S07:GS03:p0004,west,8,0,6
11621,CP-AP-r001:S-P07-S07:GS03:p0005,west,7,0,0
11622,CP-AP-r001:S-P07-S07:GS03:p0006,west,7,0,6
11623,CP-AP-r001:S-P07-S07:GS03:p0007,west,7,0,5
11624,CP-AP-r001:S-P07-S07:GS03:p0008,west,8,0,6
11625,CP-AP-r001:S-P07-S07:GS03:p0009,west,7,0,1
11626,CP-AP-r001:S-P07-S07:GS03:p0010,west,7,0,6
11627,CP-AP-r001:S-P07-S07:GS03:p0011,west,7,0,5
11628,CP-AP-r001:S-P07-S07:GS03:p0012,west,8,0,6
11629,CP-AP-r001:S-P07-S07:GS03:p0013,west,7,0,2
11630,CP-AP-r001:S-P07-S07:GS04:p0001,east,0,7,4
11631,CP-AP-r001:S-P07-S07:GS04:p0002,east,0,7,6
11632,CP-AP-r001:S-P07-S07:GS04:p0003,east,0,8,6
11633,CP-AP-r001:S-P07-S07:GS04:p0004,east,0,7,4
11634,CP-AP-r001:S-P07-S07:GS04:p0005,east,0,7,6
11635,CP-AP-r001:S-P07-S07:GS04:p0006,east,0,8,6
11636,CP-AP-r001:S-P07-S07:GS04:p0007,east,0,8,6
11637,CP-AP-r001:S-P07-S07:GS04:p0008,east,0,7,3
11638,CP-AP-r001:S-P07-S07:GS04:p0009,east,0,7,6
11639,CP-AP-r001:S-P07-S07:GS04:p0010,east,0,9,6
11640,CP-AP-r001:S-P07-S07:GS04:p0011,east,0,7,6
11641,CP-AP-r001:S-P07-S07:GS05:p0001,east,0,7,4
11642,CP-AP-r001:S-P07-S07:GS05:p0002,east,0,8,1
11643,CP-AP-r001:S-P07-S07:GS05:p0003,east,0,7,6
11644,CP-AP-r001:S-P07-S07:GS05:p0004,east,0,8,4
11645,CP-AP-r001:S-P07-S07:GS05:p0005,east,0,6,6
11646,CP-AP-r001:S-P07-S07:GS05:p0006,east,0,6,0
11647,CP-AP-r001:S-P07-S07:GS05:p0007,east,0,9,6
11648,CP-AP-r001:S-P07-S07:GS05:p0008,east,0,5,3
11649,CP-AP-r001:S-P07-S07:GS05:p0009,east,0,7,6
11650,CP-AP-r001:S-P07-S07:GS05:p0010,east,0,7,0
11651,CP-AP-r001:S-P07-S07:GS05:p0011,east,0,8,6
11652,CP-AP-r001:S-P07-S07:GS06:p0001,east,0,6,0
11653,CP-AP-r001:S-P07-S07:GS06:p0002,east,0,5,4
11654,CP-AP-r001:S-P07-S07:GS06:p0003,east,0,8,1
11655,CP-AP-r001:S-P07-S07:GS06:p0004,east,0,7,6
11656,CP-AP-r001:S-P07-S07:GS06:p0005,east,0,7,0
11657,CP-AP-r001:S-P07-S07:GS06:p0006,east,0,6,4
11658,CP-AP-r001:S-P07-S07:GS06:p0007,east,0,8,0
11659,CP-AP-r001:S-P07-S07:GS06:p0008,east,0,7,6
11660,CP-AP-r001:S-P07-S07:GS06:p0009,east,0,7,3
11661,CP-AP-r001:S-P07-S07:GS06:p0010,east,0,8,0
11662,CP-AP-r001:S-P07-S07:GS06:p0011,east,0,7,6
11663,CP-AP-r001:S-P07-S07:GS07:p0002,west,7,0,4
11664,CP-AP-r001:S-P07-S07:GS07:p0003,west,9,0,0
11665,CP-AP-r001:S-P07-S07:GS07:p0004,west,8,0,6
11666,CP-AP-r001:S-P07-S07:GS07:p0005,west,9,0,0
11667,CP-AP-r001:S-P07-S07:GS07:p0006,west,8,0,5
11668,CP-AP-r001:S-P07-S07:GS07:p0007,west,10,0,0
11669,CP-AP-r001:S-P07-S07:GS07:p0008,west,8,0,6
11670,CP-AP-r001:S-P07-S07:GS07:p0009,west,10,0,1
11671,CP-AP-r001:S-P07-S07:GS07:p0010,west,8,0,5
11672,CP-AP-r001:S-P07-S07:GS07:p0011,west,8,0,0
11673,CP-AP-r001:S-P07-S07:GS07:p0012,west,8,0,6
11674,CP-AP-r001:S-P07-S07:GS07:p0013,west,10,0,2
11675,CP-AP-r001:S-P07-S07:GS08:p0002,west,8,0,6
11676,CP-AP-r001:S-P07-S07:GS08:p0003,west,8,0,4
11677,CP-AP-r001:S-P07-S07:GS08:p0004,west,5,0,0
11678,CP-AP-r001:S-P07-S07:GS08:p0005,west,8,0,6
11679,CP-AP-r001:S-P07-S07:GS08:p0006,west,10,0,0
11680,CP-AP-r001:S-P07-S07:GS08:p0007,west,8,0,6
11681,CP-AP-r001:S-P07-S07:GS08:p0008,west,7,0,5
11682,CP-AP-r001:S-P07-S07:GS08:p0009,west,6,0,0
11683,CP-AP-r001:S-P07-S07:GS08:p0010,west,8,0,6
11684,CP-AP-r001:S-P07-S07:GS08:p0011,west,8,0,1
11685,CP-AP-r001:S-P07-S07:GS08:p0012,west,7,0,5
11686,CP-AP-r001:S-P07-S07:GS08:p0013,west,8,0,0
11687,CP-AP-r001:S-P07-S07:GS08:p0014,west,8,0,6
11688,CP-AP-r001:S-P07-S07:GS08:p0015,west,9,0,2
11689,CP-AP-r001:S-P07-S07:GS09:p0001,west,10,0,6
11690,CP-AP-r001:S-P07-S07:GS09:p0002,west,8,0,4
11691,CP-AP-r001:S-P07-S07:GS09:p0003,west,8,0,5
11692,CP-AP-r001:S-P07-S07:GS09:p0004,west,8,0,6
11693,CP-AP-r001:S-P07-S07:GS09:p0005,west,7,0,0
11694,CP-AP-r001:S-P07-S07:GS09:p0006,west,9,0,6
11695,CP-AP-r001:S-P07-S07:GS09:p0007,west,8,0,5
11696,CP-AP-r001:S-P07-S07:GS09:p0008,west,8,0,6
11697,CP-AP-r001:S-P07-S07:GS09:p0009,west,7,0,1
11698,CP-AP-r001:S-P07-S07:GS09:p0010,west,8,0,6
11699,CP-AP-r001:S-P07-S07:GS09:p0011,west,8,0,5
11700,CP-AP-r001:S-P07-S07:GS09:p0012,west,8,0,6
11701,CP-AP-r001:S-P07-S07:GS09:p0013,west,8,0,2
11702,CP-AP-r001:S-P07-S07:GS10:p0001,east,0,8,4
11703,CP-AP-r001:S-P07-S07:GS10:p0002,east,0,8,6
11704,CP-AP-r001:S-P07-S07:GS10:p0003,east,0,9,1
11705,CP-AP-r001:S-P07-S07:GS10:p0004,east,0,10,6
11706,CP-AP-r001:S-P07-S07:GS10:p0005,east,0,10,4
11707,CP-AP-r001:S-P07-S07:GS10:p0006,east,0,8,6
11708,CP-AP-r001:S-P07-S07:GS10:p0007,east,0,9,0
11709,CP-AP-r001:S-P07-S07:GS10:p0008,east,0,8,6
11710,CP-AP-r001:S-P07-S07:GS10:p0009,east,0,10,3
11711,CP-AP-r001:S-P07-S07:GS10:p0010,east,0,8,6
11712,CP-AP-r001:S-P07-S07:GS10:p0011,east,0,8,0
11713,CP-AP-r001:S-P07-S07:GS10:p0012,east,0,8,6
11714,CP-AP-r001:S-P07-S07:GS10:p0013,east,0,9,6
11715,CP-AP-r001:S-P07-S07:GS11:p0001,east,0,9,4
11716,CP-AP-r001:S-P07-S07:GS11:p0002,east,0,9,6
11717,CP-AP-r001:S-P07-S07:GS11:p0003,east,0,8,1
11718,CP-AP-r001:S-P07-S07:GS11:p0004,east,0,8,6
11719,CP-AP-r001:S-P07-S07:GS11:p0005,east,0,8,4
11720,CP-AP-r001:S-P07-S07:GS11:p0006,east,0,8,6
11721,CP-AP-r001:S-P07-S07:GS11:p0007,east,0,8,0
11722,CP-AP-r001:S-P07-S07:GS11:p0008,east,0,10,6
11723,CP-AP-r001:S-P07-S07:GS11:p0009,east,0,8,3
11724,CP-AP-r001:S-P07-S07:GS11:p0010,east,0,8,6
11725,CP-AP-r001:S-P07-S07:GS11:p0011,east,0,9,0
11726,CP-AP-r001:S-P07-S07:GS11:p0012,east,0,10,6
11727,CP-AP-r001:S-P07-S07:GS12:p0001,east,0,7,0
11728,CP-AP-r001:S-P07-S07:GS12:p0002,east,0,7,4
11729,CP-AP-r001:S-P07-S07:GS12:p0003,east,0,5,6
11730,CP-AP-r001:S-P07-S07:GS12:p0004,east,0,8,1
11731,CP-AP-r001:S-P07-S07:GS12:p0005,east,0,9,6
11732,CP-AP-r001:S-P07-S07:GS12:p0006,east,0,7,4
11733,CP-AP-r001:S-P07-S07:GS12:p0007,east,0,8,6
11734,CP-AP-r001:S-P07-S07:GS12:p0008,east,0,8,0
11735,CP-AP-r001:S-P07-S07:GS12:p0009,east,0,9,6
11736,CP-AP-r001:S-P07-S07:GS12:p0010,east,0,7,3
11737,CP-AP-r001:S-P07-S07:GS12:p0011,east,0,9,6
11738,CP-AP-r001:S-P07-S07:GS12:p0012,east,0,8,0
11739,CP-AP-r001:S-P07-S07:GS12:p0013,east,0,9,6
11740,CP-AP-r001:S-P07-S08:GS01:p0002,west,6,0,5
11741,CP-AP-r001:S-P07-S08:GS01:p0003,west,8,0,6
11742,CP-AP-r001:S-P07-S08:GS01:p0004,west,6,0,0
11743,CP-AP-r001:S-P07-S08:GS01:p0005,west,6,0,5
11744,CP-AP-r001:S-P07-S08:GS01:p0006,west,7,0,0
11745,CP-AP-r001:S-P07-S08:GS01:p0007,west,9,0,6
11746,CP-AP-r001:S-P07-S08:GS01:p0008,west,9,0,1
11747,CP-AP-r001:S-P07-S08:GS01:p0009,west,5,0,5
11748,CP-AP-r001:S-P07-S08:GS01:p0010,west,7,0,0
11749,CP-AP-r001:S-P07-S08:GS01:p0011,west,7,0,6
11750,CP-AP-r001:S-P07-S08:GS01:p0012,west,8,0,2
11751,CP-AP-r001:S-P07-S08:GS02:p0002,west,8,0,6
11752,CP-AP-r001:S-P07-S08:GS02:p0003,west,6,0,5
11753,CP-AP-r001:S-P07-S08:GS02:p0004,west,8,0,6
11754,CP-AP-r001:S-P07-S08:GS02:p0005,west,6,0,0
11755,CP-AP-r001:S-P07-S08:GS02:p0006,west,6,0,6
11756,CP-AP-r001:S-P07-S08:GS02:p0007,west,4,0,5
11757,CP-AP-r001:S-P07-S08:GS02:p0008,west,8,0,6
11758,CP-AP-r001:S-P07-S08:GS02:p0009,west,6,0,1
11759,CP-AP-r001:S-P07-S08:GS02:p0010,west,7,0,6
11760,CP-AP-r001:S-P07-S08:GS02:p0011,west,6,0,5
11761,CP-AP-r001:S-P07-S08:GS02:p0012,west,8,0,6
11762,CP-AP-r001:S-P07-S08:GS02:p0013,west,6,0,2
11763,CP-AP-r001:S-P07-S08:GS03:p0002,west,6,0,6
11764,CP-AP-r001:S-P07-S08:GS03:p0003,west,6,0,5
11765,CP-AP-r001:S-P07-S08:GS03:p0004,west,8,0,6
11766,CP-AP-r001:S-P07-S08:GS03:p0005,west,6,0,0
11767,CP-AP-r001:S-P07-S08:GS03:p0006,west,6,0,6
11768,CP-AP-r001:S-P07-S08:GS03:p0007,west,6,0,5
11769,CP-AP-r001:S-P07-S08:GS03:p0008,west,8,0,6
11770,CP-AP-r001:S-P07-S08:GS03:p0009,west,6,0,1
11771,CP-AP-r001:S-P07-S08:GS03:p0010,west,7,0,6
11772,CP-AP-r001:S-P07-S08:GS03:p0011,west,6,0,5
11773,CP-AP-r001:S-P07-S08:GS03:p0012,west,8,0,6
11774,CP-AP-r001:S-P07-S08:GS03:p0013,west,6,0,2
11775,CP-AP-r001:S-P07-S08:GS04:p0001,east,0,6,4
11776,CP-AP-r001:S-P07-S08:GS04:p0002,east,0,6,6
11777,CP-AP-r001:S-P07-S08:GS04:p0003,east,0,8,6
11778,CP-AP-r001:S-P07-S08:GS04:p0004,east,0,6,4
11779,CP-AP-r001:S-P07-S08:GS04:p0005,east,0,6,6
11780,CP-AP-r001:S-P07-S08:GS04:p0006,east,0,8,6
11781,CP-AP-r001:S-P07-S08:GS04:p0007,east,0,7,6
11782,CP-AP-r001:S-P07-S08:GS04:p0008,east,0,6,3
11783,CP-AP-r001:S-P07-S08:GS04:p0009,east,0,6,6
11784,CP-AP-r001:S-P07-S08:GS04:p0010,east,0,9,6
11785,CP-AP-r001:S-P07-S08:GS04:p0011,east,0,6,6
11786,CP-AP-r001:S-P07-S08:GS05:p0001,east,0,6,4
11787,CP-AP-r001:S-P07-S08:GS05:p0002,east,0,7,6
11788,CP-AP-r001:S-P07-S08:GS05:p0003,east,0,9,1
11789,CP-AP-r001:S-P07-S08:GS05:p0004,east,0,6,6
11790,CP-AP-r001:S-P07-S08:GS05:p0005,east,0,6,4
11791,CP-AP-r001:S-P07-S08:GS05:p0006,east,0,7,6
11792,CP-AP-r001:S-P07-S08:GS05:p0007,east,0,7,0
11793,CP-AP-r001:S-P07-S08:GS05:p0008,east,0,8,6
11794,CP-AP-r001:S-P07-S08:GS05:p0009,east,0,4,3
11795,CP-AP-r001:S-P07-S08:GS05:p0010,east,0,7,6
11796,CP-AP-r001:S-P07-S08:GS05:p0011,east,0,7,0
11797,CP-AP-r001:S-P07-S08:GS05:p0012,east,0,8,6
11798,CP-AP-r001:S-P07-S08:GS06:p0001,east,0,6,0
11799,CP-AP-r001:S-P07-S08:GS06:p0002,east,0,4,4
11800,CP-AP-r001:S-P07-S08:GS06:p0003,east,0,8,1
11801,CP-AP-r001:S-P07-S08:GS06:p0004,east,0,6,6
11802,CP-AP-r001:S-P07-S08:GS06:p0005,east,0,7,0
11803,CP-AP-r001:S-P07-S08:GS06:p0006,east,0,5,4
11804,CP-AP-r001:S-P07-S08:GS06:p0007,east,0,8,0
11805,CP-AP-r001:S-P07-S08:GS06:p0008,east,0,6,6
11806,CP-AP-r001:S-P07-S08:GS06:p0009,east,0,6,3
11807,CP-AP-r001:S-P07-S08:GS06:p0010,east,0,8,0
11808,CP-AP-r001:S-P07-S08:GS06:p0011,east,0,6,6
11809,CP-AP-r001:S-P07-S08:GS07:p0002,west,7,0,5
11810,CP-AP-r001:S-P07-S08:GS07:p0003,west,9,0,0
11811,CP-AP-r001:S-P07-S08:GS07:p0004,west,8,0,6
11812,CP-AP-r001:S-P07-S08:GS07:p0005,west,8,0,0
11813,CP-AP-r001:S-P07-S08:GS07:p0006,west,8,0,5
11814,CP-AP-r001:S-P07-S08:GS07:p0007,west,9,0,0
11815,CP-AP-r001:S-P07-S08:GS07:p0008,west,8,0,6
11816,CP-AP-r001:S-P07-S08:GS07:p0009,west,10,0,1
11817,CP-AP-r001:S-P07-S08:GS07:p0010,west,7,0,5
11818,CP-AP-r001:S-P07-S08:GS07:p0011,west,7,0,0
11819,CP-AP-r001:S-P07-S08:GS07:p0012,west,9,0,6
11820,CP-AP-r001:S-P07-S08:GS07:p0013,west,10,0,2
11821,CP-AP-r001:S-P07-S08:GS08:p0002,west,9,0,6
11822,CP-AP-r001:S-P07-S08:GS08:p0003,west,8,0,5
11823,CP-AP-r001:S-P07-S08:GS08:p0004,west,6,0,0
11824,CP-AP-r001:S-P07-S08:GS08:p0005,west,8,0,6
11825,CP-AP-r001:S-P07-S08:GS08:p0006,west,10,0,0
11826,CP-AP-r001:S-P07-S08:GS08:p0007,west,9,0,6
11827,CP-AP-r001:S-P07-S08:GS08:p0008,west,7,0,5
11828,CP-AP-r001:S-P07-S08:GS08:p0009,west,6,0,0
11829,CP-AP-r001:S-P07-S08:GS08:p0010,west,8,0,6
11830,CP-AP-r001:S-P07-S08:GS08:p0011,west,8,0,1
11831,CP-AP-r001:S-P07-S08:GS08:p0012,west,7,0,5
11832,CP-AP-r001:S-P07-S08:GS08:p0013,west,9,0,0
11833,CP-AP-r001:S-P07-S08:GS08:p0014,west,8,0,6
11834,CP-AP-r001:S-P07-S08:GS08:p0015,west,8,0,2
11835,CP-AP-r001:S-P07-S08:GS09:p0001,west,10,0,6
11836,CP-AP-r001:S-P07-S08:GS09:p0002,west,7,0,5
11837,CP-AP-r001:S-P07-S08:GS09:p0003,west,10,0,5
11838,CP-AP-r001:S-P07-S08:GS09:p0004,west,8,0,6
11839,CP-AP-r001:S-P07-S08:GS09:p0005,west,6,0,0
11840,CP-AP-r001:S-P07-S08:GS09:p0006,west,10,0,6
11841,CP-AP-r001:S-P07-S08:GS09:p0007,west,8,0,5
11842,CP-AP-r001:S-P07-S08:GS09:p0008,west,8,0,6
11843,CP-AP-r001:S-P07-S08:GS09:p0009,west,8,0,1
11844,CP-AP-r001:S-P07-S08:GS09:p0010,west,9,0,6
11845,CP-AP-r001:S-P07-S08:GS09:p0011,west,8,0,5
11846,CP-AP-r001:S-P07-S08:GS09:p0012,west,8,0,6
11847,CP-AP-r001:S-P07-S08:GS09:p0013,west,9,0,2
11848,CP-AP-r001:S-P07-S08:GS10:p0001,east,0,7,4
11849,CP-AP-r001:S-P07-S08:GS10:p0002,east,0,7,6
11850,CP-AP-r001:S-P07-S08:GS10:p0003,east,0,10,1
11851,CP-AP-r001:S-P07-S08:GS10:p0004,east,0,10,6
11852,CP-AP-r001:S-P07-S08:GS10:p0005,east,0,9,4
11853,CP-AP-r001:S-P07-S08:GS10:p0006,east,0,7,6
11854,CP-AP-r001:S-P07-S08:GS10:p0007,east,0,10,0
11855,CP-AP-r001:S-P07-S08:GS10:p0008,east,0,8,6
11856,CP-AP-r001:S-P07-S08:GS10:p0009,east,0,11,3
11857,CP-AP-r001:S-P07-S08:GS10:p0010,east,0,7,6
11858,CP-AP-r001:S-P07-S08:GS10:p0011,east,0,9,0
11859,CP-AP-r001:S-P07-S08:GS10:p0012,east,0,8,6
11860,CP-AP-r001:S-P07-S08:GS10:p0013,east,0,7,6
11861,CP-AP-r001:S-P07-S08:GS11:p0001,east,0,8,4
11862,CP-AP-r001:S-P07-S08:GS11:p0002,east,0,9,6
11863,CP-AP-r001:S-P07-S08:GS11:p0003,east,0,8,1
11864,CP-AP-r001:S-P07-S08:GS11:p0004,east,0,8,6
11865,CP-AP-r001:S-P07-S08:GS11:p0005,east,0,7,4
11866,CP-AP-r001:S-P07-S08:GS11:p0006,east,0,7,6
11867,CP-AP-r001:S-P07-S08:GS11:p0007,east,0,9,0
11868,CP-AP-r001:S-P07-S08:GS11:p0008,east,0,10,6
11869,CP-AP-r001:S-P07-S08:GS11:p0009,east,0,7,3
11870,CP-AP-r001:S-P07-S08:GS11:p0010,east,0,7,6
11871,CP-AP-r001:S-P07-S08:GS11:p0011,east,0,10,0
11872,CP-AP-r001:S-P07-S08:GS11:p0012,east,0,10,6
11873,CP-AP-r001:S-P07-S08:GS12:p0001,east,0,9,0
11874,CP-AP-r001:S-P07-S08:GS12:p0002,east,0,7,4
11875,CP-AP-r001:S-P07-S08:GS12:p0003,east,0,6,6
11876,CP-AP-r001:S-P07-S08:GS12:p0004,east,0,8,1
11877,CP-AP-r001:S-P07-S08:GS12:p0005,east,0,9,6
11878,CP-AP-r001:S-P07-S08:GS12:p0006,east,0,7,4
11879,CP-AP-r001:S-P07-S08:GS12:p0007,east,0,8,6
11880,CP-AP-r001:S-P07-S08:GS12:p0008,east,0,8,0
11881,CP-AP-r001:S-P07-S08:GS12:p0009,east,0,8,6
11882,CP-AP-r001:S-P07-S08:GS12:p0010,east,0,7,3
11883,CP-AP-r001:S-P07-S08:GS12:p0011,east,0,9,6
11884,CP-AP-r001:S-P07-S08:GS12:p0012,east,0,8,0
11885,CP-AP-r001:S-P07-S08:GS12:p0013,east,0,8,6
11886,CP-AP-r001:S-P07-S09:GS01:p0002,west,7,0,5
11887,CP-AP-r001:S-P07-S09:GS01:p0003,west,6,0,0
11888,CP-AP-r001:S-P07-S09:GS01:p0004,west,6,0,6
11889,CP-AP-r001:S-P07-S09:GS01:p0005,west,8,0,2
11890,CP-AP-r001:S-P07-S09:GS01:p0006,west,6,0,6
11891,CP-AP-r001:S-P07-S09:GS01:p0007,west,7,0,0
11892,CP-AP-r001:S-P07-S09:GS01:p0008,west,7,0,6
11893,CP-AP-r001:S-P07-S09:GS01:p0009,west,8,0,2
11894,CP-AP-r001:S-P07-S09:GS01:p0010,west,7,0,6
11895,CP-AP-r001:S-P07-S09:GS01:p0011,west,7,0,0
11896,CP-AP-r001:S-P07-S09:GS01:p0012,west,8,0,3
11897,CP-AP-r001:S-P07-S09:GS02:p0002,west,7,0,6
11898,CP-AP-r001:S-P07-S09:GS02:p0003,west,7,0,5
11899,CP-AP-r001:S-P07-S09:GS02:p0004,west,8,0,6
11900,CP-AP-r001:S-P07-S09:GS02:p0005,west,7,0,2
11901,CP-AP-r001:S-P07-S09:GS02:p0006,west,7,0,6
11902,CP-AP-r001:S-P07-S09:GS02:p0007,west,8,0,6
11903,CP-AP-r001:S-P07-S09:GS02:p0008,west,7,0,2
11904,CP-AP-r001:S-P07-S09:GS02:p0009,west,7,0,6
11905,CP-AP-r001:S-P07-S09:GS02:p0010,west,5,0,0
11906,CP-AP-r001:S-P07-S09:GS02:p0011,west,6,0,6
11907,CP-AP-r001:S-P07-S09:GS02:p0012,west,10,0,3
11908,CP-AP-r001:S-P07-S09:GS03:p0002,west,7,0,6
11909,CP-AP-r001:S-P07-S09:GS03:p0003,west,7,0,5
11910,CP-AP-r001:S-P07-S09:GS03:p0004,west,8,0,6
11911,CP-AP-r001:S-P07-S09:GS03:p0005,west,7,0,2
11912,CP-AP-r001:S-P07-S09:GS03:p0006,west,8,0,6
11913,CP-AP-r001:S-P07-S09:GS03:p0007,west,6,0,6
11914,CP-AP-r001:S-P07-S09:GS03:p0008,west,8,0,6
11915,CP-AP-r001:S-P07-S09:GS03:p0009,west,7,0,2
11916,CP-AP-r001:S-P07-S09:GS03:p0010,west,6,0,6
11917,CP-AP-r001:S-P07-S09:GS03:p0011,west,5,0,6
11918,CP-AP-r001:S-P07-S09:GS03:p0012,west,8,0,6
11919,CP-AP-r001:S-P07-S09:GS03:p0013,west,7,0,3
11920,CP-AP-r001:S-P07-S09:GS04:p0002,east,0,7,3
11921,CP-AP-r001:S-P07-S09:GS04:p0003,east,0,7,6
11922,CP-AP-r001:S-P07-S09:GS04:p0004,east,0,10,6
11923,CP-AP-r001:S-P07-S09:GS04:p0005,east,0,7,6
11924,CP-AP-r001:S-P07-S09:GS04:p0006,east,0,7,2
11925,CP-AP-r001:S-P07-S09:GS04:p0007,east,0,7,6
11926,CP-AP-r001:S-P07-S09:GS04:p0008,east,0,8,6
11927,CP-AP-r001:S-P07-S09:GS04:p0009,east,0,7,6
11928,CP-AP-r001:S-P07-S09:GS04:p0010,east,0,7,2
11929,CP-AP-r001:S-P07-S09:GS04:p0011,east,0,7,6
11930,CP-AP-r001:S-P07-S09:GS04:p0012,east,0,8,5
11931,CP-AP-r001:S-P07-S09:GS04:p0013,east,0,7,6
11932,CP-AP-r001:S-P07-S09:GS05:p0001,east,0,5,3
11933,CP-AP-r001:S-P07-S09:GS05:p0002,east,0,6,6
11934,CP-AP-r001:S-P07-S09:GS05:p0003,east,0,7,0
11935,CP-AP-r001:S-P07-S09:GS05:p0004,east,0,8,6
11936,CP-AP-r001:S-P07-S09:GS05:p0005,east,0,7,2
11937,CP-AP-r001:S-P07-S09:GS05:p0006,east,0,7,6
11938,CP-AP-r001:S-P07-S09:GS05:p0007,east,0,8,6
11939,CP-AP-r001:S-P07-S09:GS05:p0008,east,0,7,2
11940,CP-AP-r001:S-P07-S09:GS05:p0009,east,0,7,6
11941,CP-AP-r001:S-P07-S09:GS05:p0010,east,0,9,5
11942,CP-AP-r001:S-P07-S09:GS05:p0011,east,0,8,6
11943,CP-AP-r001:S-P07-S09:GS06:p0001,east,0,7,3
11944,CP-AP-r001:S-P07-S09:GS06:p0002,east,0,8,0
11945,CP-AP-r001:S-P07-S09:GS06:p0003,east,0,7,6
11946,CP-AP-r001:S-P07-S09:GS06:p0004,east,0,7,2
11947,CP-AP-r001:S-P07-S09:GS06:p0005,east,0,5,6
11948,CP-AP-r001:S-P07-S09:GS06:p0006,east,0,8,0
11949,CP-AP-r001:S-P07-S09:GS06:p0007,east,0,9,6
11950,CP-AP-r001:S-P07-S09:GS06:p0008,east,0,7,2
11951,CP-AP-r001:S-P07-S09:GS06:p0009,east,0,6,6
11952,CP-AP-r001:S-P07-S09:GS06:p0010,east,0,6,0
11953,CP-AP-r001:S-P07-S09:GS06:p0011,east,0,8,5
11954,CP-AP-r001:S-P07-S09:GS07:p0002,west,8,0,5
11955,CP-AP-r001:S-P07-S09:GS07:p0003,west,8,0,0
11956,CP-AP-r001:S-P07-S09:GS07:p0004,west,8,0,6
11957,CP-AP-r001:S-P07-S09:GS07:p0005,west,10,0,2
11958,CP-AP-r001:S-P07-S09:GS07:p0006,west,8,0,6
11959,CP-AP-r001:S-P07-S09:GS07:p0007,west,8,0,0
11960,CP-AP-r001:S-P07-S09:GS07:p0008,west,9,0,6
11961,CP-AP-r001:S-P07-S09:GS07:p0009,west,10,0,2
11962,CP-AP-r001:S-P07-S09:GS07:p0010,west,8,0,6
11963,CP-AP-r001:S-P07-S09:GS07:p0011,west,8,0,0
11964,CP-AP-r001:S-P07-S09:GS07:p0012,west,9,0,6
11965,CP-AP-r001:S-P07-S09:GS07:p0013,west,10,0,3
11966,CP-AP-r001:S-P07-S09:GS08:p0002,west,7,0,5
11967,CP-AP-r001:S-P07-S09:GS08:p0003,west,8,0,0
11968,CP-AP-r001:S-P07-S09:GS08:p0004,west,8,0,6
11969,CP-AP-r001:S-P07-S09:GS08:p0005,west,9,0,2
11970,CP-AP-r001:S-P07-S09:GS08:p0006,west,8,0,6
11971,CP-AP-r001:S-P07-S09:GS08:p0007,west,9,0,0
11972,CP-AP-r001:S-P07-S09:GS08:p0008,west,8,0,6
11973,CP-AP-r001:S-P07-S09:GS08:p0009,west,9,0,2
11974,CP-AP-r001:S-P07-S09:GS08:p0010,west,8,0,6
11975,CP-AP-r001:S-P07-S09:GS08:p0011,west,8,0,0
11976,CP-AP-r001:S-P07-S09:GS08:p0012,west,8,0,6
11977,CP-AP-r001:S-P07-S09:GS08:p0013,west,10,0,3
11978,CP-AP-r001:S-P07-S09:GS09:p0002,west,9,0,6
11979,CP-AP-r001:S-P07-S09:GS09:p0003,west,8,0,5
11980,CP-AP-r001:S-P07-S09:GS09:p0004,west,8,0,6
11981,CP-AP-r001:S-P07-S09:GS09:p0005,west,8,0,2
11982,CP-AP-r001:S-P07-S09:GS09:p0006,west,9,0,6
11983,CP-AP-r001:S-P07-S09:GS09:p0007,west,8,0,6
11984,CP-AP-r001:S-P07-S09:GS09:p0008,west,5,0,0
11985,CP-AP-r001:S-P07-S09:GS09:p0009,west,8,0,6
11986,CP-AP-r001:S-P07-S09:GS09:p0010,west,10,0,2
11987,CP-AP-r001:S-P07-S09:GS09:p0011,west,9,0,6
11988,CP-AP-r001:S-P07-S09:GS09:p0012,west,7,0,6
11989,CP-AP-r001:S-P07-S09:GS09:p0013,west,6,0,0
11990,CP-AP-r001:S-P07-S09:GS09:p0014,west,8,0,6
11991,CP-AP-r001:S-P07-S09:GS09:p0015,west,8,0,3
11992,CP-AP-r001:S-P07-S09:GS10:p0001,east,0,10,3
11993,CP-AP-r001:S-P07-S09:GS10:p0002,east,0,8,6
11994,CP-AP-r001:S-P07-S09:GS10:p0003,east,0,7,0
11995,CP-AP-r001:S-P07-S09:GS10:p0004,east,0,8,6
11996,CP-AP-r001:S-P07-S09:GS10:p0005,east,0,10,6
11997,CP-AP-r001:S-P07-S09:GS10:p0006,east,0,10,2
11998,CP-AP-r001:S-P07-S09:GS10:p0007,east,0,8,6
11999,CP-AP-r001:S-P07-S09:GS10:p0008,east,0,8,0
12000,CP-AP-r001:S-P07-S09:GS10:p0009,east,0,8,6
12001,CP-AP-r001:S-P07-S09:GS10:p0010,east,0,7,6
12002,CP-AP-r001:S-P07-S09:GS10:p0011,east,0,9,2
12003,CP-AP-r001:S-P07-S09:GS10:p0012,east,0,8,6
12004,CP-AP-r001:S-P07-S09:GS10:p0013,east,0,8,5
12005,CP-AP-r001:S-P07-S09:GS10:p0014,east,0,8,6
12006,CP-AP-r001:S-P07-S09:GS11:p0001,east,0,8,3
12007,CP-AP-r001:S-P07-S09:GS11:p0002,east,0,8,6
12008,CP-AP-r001:S-P07-S09:GS11:p0003,east,0,9,0
12009,CP-AP-r001:S-P07-S09:GS11:p0004,east,0,10,6
12010,CP-AP-r001:S-P07-S09:GS11:p0005,east,0,8,2
12011,CP-AP-r001:S-P07-S09:GS11:p0006,east,0,8,6
12012,CP-AP-r001:S-P07-S09:GS11:p0007,east,0,9,0
12013,CP-AP-r001:S-P07-S09:GS11:p0008,east,0,10,6
12014,CP-AP-r001:S-P07-S09:GS11:p0009,east,0,10,2
12015,CP-AP-r001:S-P07-S09:GS11:p0010,east,0,8,6
12016,CP-AP-r001:S-P07-S09:GS11:p0011,east,0,9,0
12017,CP-AP-r001:S-P07-S09:GS11:p0012,east,0,8,5
12018,CP-AP-r001:S-P07-S09:GS12:p0001,east,0,7,3
12019,CP-AP-r001:S-P07-S09:GS12:p0002,east,0,9,6
12020,CP-AP-r001:S-P07-S09:GS12:p0003,east,0,8,0
12021,CP-AP-r001:S-P07-S09:GS12:p0004,east,0,9,6
12022,CP-AP-r001:S-P07-S09:GS12:p0005,east,0,8,2
12023,CP-AP-r001:S-P07-S09:GS12:p0006,east,0,10,6
12024,CP-AP-r001:S-P07-S09:GS12:p0007,east,0,8,0
12025,CP-AP-r001:S-P07-S09:GS12:p0008,east,0,9,6
12026,CP-AP-r001:S-P07-S09:GS12:p0009,east,0,8,2
12027,CP-AP-r001:S-P07-S09:GS12:p0010,east,0,8,6
12028,CP-AP-r001:S-P07-S09:GS12:p0011,east,0,8,0
12029,CP-AP-r001:S-P07-S09:GS12:p0012,east,0,10,5
12030,CP-AP-r001:S-P07-S10:GS01:p0002,west,5,0,5
12031,CP-AP-r001:S-P07-S10:GS01:p0003,west,7,0,0
12032,CP-AP-r001:S-P07-S10:GS01:p0004,west,7,0,6
12033,CP-AP-r001:S-P07-S10:GS01:p0005,west,8,0,2
12034,CP-AP-r001:S-P07-S10:GS01:p0006,west,5,0,6
12035,CP-AP-r001:S-P07-S10:GS01:p0007,west,6,0,0
12036,CP-AP-r001:S-P07-S10:GS01:p0008,west,7,0,6
12037,CP-AP-r001:S-P07-S10:GS01:p0009,west,8,0,2
12038,CP-AP-r001:S-P07-S10:GS01:p0010,west,6,0,6
12039,CP-AP-r001:S-P07-S10:GS01:p0011,west,6,0,0
12040,CP-AP-r001:S-P07-S10:GS01:p0012,west,8,0,3
12041,CP-AP-r001:S-P07-S10:GS01:p0013,west,4,0,0
12042,CP-AP-r001:S-P07-S10:GS02:p0002,west,7,0,6
12043,CP-AP-r001:S-P07-S10:GS02:p0003,west,6,0,5
12044,CP-AP-r001:S-P07-S10:GS02:p0004,west,8,0,6
12045,CP-AP-r001:S-P07-S10:GS02:p0005,west,6,0,2
12046,CP-AP-r001:S-P07-S10:GS02:p0006,west,6,0,6
12047,CP-AP-r001:S-P07-S10:GS02:p0007,west,8,0,6
12048,CP-AP-r001:S-P07-S10:GS02:p0008,west,6,0,2
12049,CP-AP-r001:S-P07-S10:GS02:p0009,west,6,0,6
12050,CP-AP-r001:S-P07-S10:GS02:p0010,west,7,0,0
12051,CP-AP-r001:S-P07-S10:GS02:p0011,west,7,0,6
12052,CP-AP-r001:S-P07-S10:GS02:p0012,west,9,0,3
12053,CP-AP-r001:S-P07-S10:GS03:p0002,west,7,0,6
12054,CP-AP-r001:S-P07-S10:GS03:p0003,west,6,0,5
12055,CP-AP-r001:S-P07-S10:GS03:p0004,west,8,0,6
12056,CP-AP-r001:S-P07-S10:GS03:p0005,west,6,0,2
12057,CP-AP-r001:S-P07-S10:GS03:p0006,west,8,0,6
12058,CP-AP-r001:S-P07-S10:GS03:p0007,west,6,0,6
12059,CP-AP-r001:S-P07-S10:GS03:p0008,west,8,0,6
12060,CP-AP-r001:S-P07-S10:GS03:p0009,west,6,0,2
12061,CP-AP-r001:S-P07-S10:GS03:p0010,west,6,0,6
12062,CP-AP-r001:S-P07-S10:GS03:p0011,west,4,0,6
12063,CP-AP-r001:S-P07-S10:GS03:p0012,west,8,0,6
12064,CP-AP-r001:S-P07-S10:GS03:p0013,west,6,0,3
12065,CP-AP-r001:S-P07-S10:GS04:p0002,east,0,6,3
12066,CP-AP-r001:S-P07-S10:GS04:p0003,east,0,6,6
12067,CP-AP-r001:S-P07-S10:GS04:p0004,east,0,10,6
12068,CP-AP-r001:S-P07-S10:GS04:p0005,east,0,6,6
12069,CP-AP-r001:S-P07-S10:GS04:p0006,east,0,6,2
12070,CP-AP-r001:S-P07-S10:GS04:p0007,east,0,6,6
12071,CP-AP-r001:S-P07-S10:GS04:p0008,east,0,8,6
12072,CP-AP-r001:S-P07-S10:GS04:p0009,east,0,6,6
12073,CP-AP-r001:S-P07-S10:GS04:p0010,east,0,6,1
12074,CP-AP-r001:S-P07-S10:GS04:p0011,east,0,6,6
12075,CP-AP-r001:S-P07-S10:GS04:p0012,east,0,8,5
12076,CP-AP-r001:S-P07-S10:GS04:p0013,east,0,6,6
12077,CP-AP-r001:S-P07-S10:GS05:p0001,east,0,4,3
12078,CP-AP-r001:S-P07-S10:GS05:p0002,east,0,6,6
12079,CP-AP-r001:S-P07-S10:GS05:p0003,east,0,7,0
12080,CP-AP-r001:S-P07-S10:GS05:p0004,east,0,8,6
12081,CP-AP-r001:S-P07-S10:GS05:p0005,east,0,6,2
12082,CP-AP-r001:S-P07-S10:GS05:p0006,east,0,6,6
12083,CP-AP-r001:S-P07-S10:GS05:p0007,east,0,8,6
12084,CP-AP-r001:S-P07-S10:GS05:p0008,east,0,6,1
12085,CP-AP-r001:S-P07-S10:GS05:p0009,east,0,6,6
12086,CP-AP-r001:S-P07-S10:GS05:p0010,east,0,9,5
12087,CP-AP-r001:S-P07-S10:GS05:p0011,east,0,7,6
12088,CP-AP-r001:S-P07-S10:GS06:p0001,east,0,7,3
12089,CP-AP-r001:S-P07-S10:GS06:p0002,east,0,8,0
12090,CP-AP-r001:S-P07-S10:GS06:p0003,east,0,6,6
12091,CP-AP-r001:S-P07-S10:GS06:p0004,east,0,6,2
12092,CP-AP-r001:S-P07-S10:GS06:p0005,east,0,7,6
12093,CP-AP-r001:S-P07-S10:GS06:p0006,east,0,9,0
12094,CP-AP-r001:S-P07-S10:GS06:p0007,east,0,8,6
12095,CP-AP-r001:S-P07-S10:GS06:p0008,east,0,5,1
12096,CP-AP-r001:S-P07-S10:GS06:p0009,east,0,7,6
12097,CP-AP-r001:S-P07-S10:GS06:p0010,east,0,7,0
12098,CP-AP-r001:S-P07-S10:GS06:p0011,east,0,8,5
12099,CP-AP-r001:S-P07-S10:GS07:p0002,west,7,0,5
12100,CP-AP-r001:S-P07-S10:GS07:p0003,west,7,0,0
12101,CP-AP-r001:S-P07-S10:GS07:p0004,west,9,0,6
12102,CP-AP-r001:S-P07-S10:GS07:p0005,west,10,0,2
12103,CP-AP-r001:S-P07-S10:GS07:p0006,west,7,0,6
12104,CP-AP-r001:S-P07-S10:GS07:p0007,west,7,0,0
12105,CP-AP-r001:S-P07-S10:GS07:p0008,west,10,0,6
12106,CP-AP-r001:S-P07-S10:GS07:p0009,west,10,0,2
12107,CP-AP-r001:S-P07-S10:GS07:p0010,west,7,0,6
12108,CP-AP-r001:S-P07-S10:GS07:p0011,west,7,0,0
12109,CP-AP-r001:S-P07-S10:GS07:p0012,west,10,0,6
12110,CP-AP-r001:S-P07-S10:GS07:p0013,west,9,0,3
12111,CP-AP-r001:S-P07-S10:GS08:p0002,west,7,0,5
12112,CP-AP-r001:S-P07-S10:GS08:p0003,west,8,0,0
12113,CP-AP-r001:S-P07-S10:GS08:p0004,west,8,0,6
12114,CP-AP-r001:S-P07-S10:GS08:p0005,west,8,0,2
12115,CP-AP-r001:S-P07-S10:GS08:p0006,west,8,0,6
12116,CP-AP-r001:S-P07-S10:GS08:p0007,west,9,0,0
12117,CP-AP-r001:S-P07-S10:GS08:p0008,west,8,0,6
12118,CP-AP-r001:S-P07-S10:GS08:p0009,west,8,0,2
12119,CP-AP-r001:S-P07-S10:GS08:p0010,west,8,0,6
12120,CP-AP-r001:S-P07-S10:GS08:p0011,west,7,0,0
12121,CP-AP-r001:S-P07-S10:GS08:p0012,west,8,0,6
12122,CP-AP-r001:S-P07-S10:GS08:p0013,west,10,0,3
12123,CP-AP-r001:S-P07-S10:GS09:p0002,west,10,0,6
12124,CP-AP-r001:S-P07-S10:GS09:p0003,west,8,0,5
12125,CP-AP-r001:S-P07-S10:GS09:p0004,west,8,0,6
12126,CP-AP-r001:S-P07-S10:GS09:p0005,west,9,0,2
12127,CP-AP-r001:S-P07-S10:GS09:p0006,west,10,0,6
12128,CP-AP-r001:S-P07-S10:GS09:p0007,west,8,0,6
12129,CP-AP-r001:S-P07-S10:GS09:p0008,west,5,0,0
12130,CP-AP-r001:S-P07-S10:GS09:p0009,west,8,0,6
12131,CP-AP-r001:S-P07-S10:GS09:p0010,west,10,0,2
12132,CP-AP-r001:S-P07-S10:GS09:p0011,west,7,0,6
12133,CP-AP-r001:S-P07-S10:GS09:p0012,west,6,0,0
12134,CP-AP-r001:S-P07-S10:GS09:p0013,west,8,0,6
12135,CP-AP-r001:S-P07-S10:GS09:p0014,west,8,0,3
12136,CP-AP-r001:S-P07-S10:GS10:p0001,east,0,11,3
12137,CP-AP-r001:S-P07-S10:GS10:p0002,east,0,7,6
12138,CP-AP-r001:S-P07-S10:GS10:p0003,east,0,8,0
12139,CP-AP-r001:S-P07-S10:GS10:p0004,east,0,8,6
12140,CP-AP-r001:S-P07-S10:GS10:p0005,east,0,7,6
12141,CP-AP-r001:S-P07-S10:GS10:p0006,east,0,10,2
12142,CP-AP-r001:S-P07-S10:GS10:p0007,east,0,7,6
12143,CP-AP-r001:S-P07-S10:GS10:p0008,east,0,10,0
12144,CP-AP-r001:S-P07-S10:GS10:p0009,east,0,8,6
12145,CP-AP-r001:S-P07-S10:GS10:p0010,east,0,6,6
12146,CP-AP-r001:S-P07-S10:GS10:p0011,east,0,10,1
12147,CP-AP-r001:S-P07-S10:GS10:p0012,east,0,8,6
12148,CP-AP-r001:S-P07-S10:GS10:p0013,east,0,8,5
12149,CP-AP-r001:S-P07-S10:GS10:p0014,east,0,9,6
12150,CP-AP-r001:S-P07-S10:GS11:p0001,east,0,7,3
12151,CP-AP-r001:S-P07-S10:GS11:p0002,east,0,7,6
12152,CP-AP-r001:S-P07-S10:GS11:p0003,east,0,10,0
12153,CP-AP-r001:S-P07-S10:GS11:p0004,east,0,10,6
12154,CP-AP-r001:S-P07-S10:GS11:p0005,east,0,7,2
12155,CP-AP-r001:S-P07-S10:GS11:p0006,east,0,7,6
12156,CP-AP-r001:S-P07-S10:GS11:p0007,east,0,10,0
12157,CP-AP-r001:S-P07-S10:GS11:p0008,east,0,10,6
12158,CP-AP-r001:S-P07-S10:GS11:p0009,east,0,9,1
12159,CP-AP-r001:S-P07-S10:GS11:p0010,east,0,7,6
12160,CP-AP-r001:S-P07-S10:GS11:p0011,east,0,10,0
12161,CP-AP-r001:S-P07-S10:GS11:p0012,east,0,8,5
12162,CP-AP-r001:S-P07-S10:GS12:p0001,east,0,7,3
12163,CP-AP-r001:S-P07-S10:GS12:p0002,east,0,9,6
12164,CP-AP-r001:S-P07-S10:GS12:p0003,east,0,8,0
12165,CP-AP-r001:S-P07-S10:GS12:p0004,east,0,8,6
12166,CP-AP-r001:S-P07-S10:GS12:p0005,east,0,8,2
12167,CP-AP-r001:S-P07-S10:GS12:p0006,east,0,9,6
12168,CP-AP-r001:S-P07-S10:GS12:p0007,east,0,8,0
12169,CP-AP-r001:S-P07-S10:GS12:p0008,east,0,9,6
12170,CP-AP-r001:S-P07-S10:GS12:p0009,east,0,7,1
12171,CP-AP-r001:S-P07-S10:GS12:p0010,east,0,7,6
12172,CP-AP-r001:S-P07-S10:GS12:p0011,east,0,9,0
12173,CP-AP-r001:S-P07-S10:GS12:p0012,east,0,10,5
12174,CP-AP-r001:S-P07-S11:GS01:p0002,west,7,0,6
12175,CP-AP-r001:S-P07-S11:GS01:p0003,west,7,0,0
12176,CP-AP-r001:S-P07-S11:GS01:p0004,west,8,0,3
12177,CP-AP-r001:S-P07-S11:GS01:p0005,west,7,0,6
12178,CP-AP-r001:S-P07-S11:GS01:p0006,west,7,0,0
12179,CP-AP-r001:S-P07-S11:GS01:p0007,west,10,0,4
12180,CP-AP-r001:S-P07-S11:GS01:p0008,west,8,0,0
12181,CP-AP-r001:S-P07-S11:GS01:p0009,west,7,0,6
12182,CP-AP-r001:S-P07-S11:GS01:p0010,west,7,0,1
12183,CP-AP-r001:S-P07-S11:GS01:p0011,west,8,0,4
12184,CP-AP-r001:S-P07-S11:GS01:p0012,west,6,0,0
12185,CP-AP-r001:S-P07-S11:GS02:p0002,west,7,0,6
12186,CP-AP-r001:S-P07-S11:GS02:p0003,west,5,0,0
12187,CP-AP-r001:S-P07-S11:GS02:p0004,west,7,0,6
12188,CP-AP-r001:S-P07-S11:GS02:p0005,west,10,0,3
12189,CP-AP-r001:S-P07-S11:GS02:p0006,west,6,0,6
12190,CP-AP-r001:S-P07-S11:GS02:p0007,west,6,0,0
12191,CP-AP-r001:S-P07-S11:GS02:p0008,west,6,0,6
12192,CP-AP-r001:S-P07-S11:GS02:p0009,west,8,0,4
12193,CP-AP-r001:S-P07-S11:GS02:p0010,west,7,0,6
12194,CP-AP-r001:S-P07-S11:GS02:p0011,west,7,0,1
12195,CP-AP-r001:S-P07-S11:GS02:p0012,west,8,0,4
12196,CP-AP-r001:S-P07-S11:GS03:p0002,west,6,0,6
12197,CP-AP-r001:S-P07-S11:GS03:p0003,west,5,0,6
12198,CP-AP-r001:S-P07-S11:GS03:p0004,west,8,0,6
12199,CP-AP-r001:S-P07-S11:GS03:p0005,west,7,0,3
12200,CP-AP-r001:S-P07-S11:GS03:p0006,west,7,0,6
12201,CP-AP-r001:S-P07-S11:GS03:p0007,west,7,0,6
12202,CP-AP-r001:S-P07-S11:GS03:p0008,west,8,0,6
12203,CP-AP-r001:S-P07-S11:GS03:p0009,west,7,0,4
12204,CP-AP-r001:S-P07-S11:GS03:p0010,west,7,0,6
12205,CP-AP-r001:S-P07-S11:GS03:p0011,west,8,0,6
12206,CP-AP-r001:S-P07-S11:GS03:p0012,west,7,0,4
12207,CP-AP-r001:S-P07-S11:GS04:p0002,east,0,7,2
12208,CP-AP-r001:S-P07-S11:GS04:p0003,east,0,7,6
12209,CP-AP-r001:S-P07-S11:GS04:p0004,east,0,8,5
12210,CP-AP-r001:S-P07-S11:GS04:p0005,east,0,7,6
12211,CP-AP-r001:S-P07-S11:GS04:p0006,east,0,8,1
12212,CP-AP-r001:S-P07-S11:GS04:p0007,east,0,7,6
12213,CP-AP-r001:S-P07-S11:GS04:p0008,east,0,8,5
12214,CP-AP-r001:S-P07-S11:GS04:p0009,east,0,7,6
12215,CP-AP-r001:S-P07-S11:GS04:p0010,east,0,7,0
12216,CP-AP-r001:S-P07-S11:GS04:p0011,east,0,6,6
12217,CP-AP-r001:S-P07-S11:GS04:p0012,east,0,8,4
12218,CP-AP-r001:S-P07-S11:GS04:p0013,east,0,7,6
12219,CP-AP-r001:S-P07-S11:GS05:p0001,east,0,7,2
12220,CP-AP-r001:S-P07-S11:GS05:p0002,east,0,7,6
12221,CP-AP-r001:S-P07-S11:GS05:p0003,east,0,8,5
12222,CP-AP-r001:S-P07-S11:GS05:p0004,east,0,8,6
12223,CP-AP-r001:S-P07-S11:GS05:p0005,east,0,7,1
12224,CP-AP-r001:S-P07-S11:GS05:p0006,east,0,7,6
12225,CP-AP-r001:S-P07-S11:GS05:p0007,east,0,9,5
12226,CP-AP-r001:S-P07-S11:GS05:p0008,east,0,7,6
12227,CP-AP-r001:S-P07-S11:GS05:p0009,east,0,7,0
12228,CP-AP-r001:S-P07-S11:GS05:p0010,east,0,7,6
12229,CP-AP-r001:S-P07-S11:GS05:p0011,east,0,8,4
12230,CP-AP-r001:S-P07-S11:GS05:p0012,east,0,7,6
12231,CP-AP-r001:S-P07-S11:GS06:p0001,east,0,7,2
12232,CP-AP-r001:S-P07-S11:GS06:p0002,east,0,6,6
12233,CP-AP-r001:S-P07-S11:GS06:p0003,east,0,6,0
12234,CP-AP-r001:S-P07-S11:GS06:p0004,east,0,8,5
12235,CP-AP-r001:S-P07-S11:GS06:p0005,east,0,6,1
12236,CP-AP-r001:S-P07-S11:GS06:p0006,east,0,7,6
12237,CP-AP-r001:S-P07-S11:GS06:p0007,east,0,7,0
12238,CP-AP-r001:S-P07-S11:GS06:p0008,east,0,8,5
12239,CP-AP-r001:S-P07-S11:GS06:p0009,east,0,7,0
12240,CP-AP-r001:S-P07-S11:GS06:p0010,east,0,7,6
12241,CP-AP-r001:S-P07-S11:GS06:p0011,east,0,8,4
12242,CP-AP-r001:S-P07-S11:GS07:p0002,west,8,0,6
12243,CP-AP-r001:S-P07-S11:GS07:p0003,west,8,0,0
12244,CP-AP-r001:S-P07-S11:GS07:p0004,west,9,0,6
12245,CP-AP-r001:S-P07-S11:GS07:p0005,west,10,0,3
12246,CP-AP-r001:S-P07-S11:GS07:p0006,west,10,0,6
12247,CP-AP-r001:S-P07-S11:GS07:p0007,west,8,0,0
12248,CP-AP-r001:S-P07-S11:GS07:p0008,west,8,0,6
12249,CP-AP-r001:S-P07-S11:GS07:p0009,west,8,0,4
12250,CP-AP-r001:S-P07-S11:GS07:p0010,west,10,0,6
12251,CP-AP-r001:S-P07-S11:GS07:p0011,west,8,0,1
12252,CP-AP-r001:S-P07-S11:GS07:p0012,west,8,0,6
12253,CP-AP-r001:S-P07-S11:GS07:p0013,west,8,0,4
12254,CP-AP-r001:S-P07-S11:GS07:p0014,west,7,0,0
12255,CP-AP-r001:S-P07-S11:GS08:p0002,west,8,0,6
12256,CP-AP-r001:S-P07-S11:GS08:p0003,west,9,0,0
12257,CP-AP-r001:S-P07-S11:GS08:p0004,west,8,0,6
12258,CP-AP-r001:S-P07-S11:GS08:p0005,west,10,0,3
12259,CP-AP-r001:S-P07-S11:GS08:p0006,west,8,0,6
12260,CP-AP-r001:S-P07-S11:GS08:p0007,west,8,0,0
12261,CP-AP-r001:S-P07-S11:GS08:p0008,west,8,0,6
12262,CP-AP-r001:S-P07-S11:GS08:p0009,west,10,0,4
12263,CP-AP-r001:S-P07-S11:GS08:p0010,west,8,0,6
12264,CP-AP-r001:S-P07-S11:GS08:p0011,west,8,0,1
12265,CP-AP-r001:S-P07-S11:GS08:p0012,west,9,0,6
12266,CP-AP-r001:S-P07-S11:GS08:p0013,west,10,0,4
12267,CP-AP-r001:S-P07-S11:GS09:p0002,west,8,0,6
12268,CP-AP-r001:S-P07-S11:GS09:p0003,west,7,0,6
12269,CP-AP-r001:S-P07-S11:GS09:p0004,west,6,0,0
12270,CP-AP-r001:S-P07-S11:GS09:p0005,west,8,0,6
12271,CP-AP-r001:S-P07-S11:GS09:p0006,west,8,0,3
12272,CP-AP-r001:S-P07-S11:GS09:p0007,west,7,0,6
12273,CP-AP-r001:S-P07-S11:GS09:p0008,west,8,0,0
12274,CP-AP-r001:S-P07-S11:GS09:p0009,west,8,0,6
12275,CP-AP-r001:S-P07-S11:GS09:p0010,west,9,0,4
12276,CP-AP-r001:S-P07-S11:GS09:p0011,west,9,0,6
12277,CP-AP-r001:S-P07-S11:GS09:p0012,west,9,0,1
12278,CP-AP-r001:S-P07-S11:GS09:p0013,west,8,0,6
12279,CP-AP-r001:S-P07-S11:GS09:p0014,west,8,0,4
12280,CP-AP-r001:S-P07-S11:GS10:p0002,east,0,9,2
12281,CP-AP-r001:S-P07-S11:GS10:p0003,east,0,8,6
12282,CP-AP-r001:S-P07-S11:GS10:p0004,east,0,8,5
12283,CP-AP-r001:S-P07-S11:GS10:p0005,east,0,8,6
12284,CP-AP-r001:S-P07-S11:GS10:p0006,east,0,7,1
12285,CP-AP-r001:S-P07-S11:GS10:p0007,east,0,8,6
12286,CP-AP-r001:S-P07-S11:GS10:p0008,east,0,8,5
12287,CP-AP-r001:S-P07-S11:GS10:p0009,east,0,8,6
12288,CP-AP-r001:S-P07-S11:GS10:p0010,east,0,8,0
12289,CP-AP-r001:S-P07-S11:GS10:p0011,east,0,7,6
12290,CP-AP-r001:S-P07-S11:GS10:p0012,east,0,5,5
12291,CP-AP-r001:S-P07-S11:GS10:p0013,east,0,8,4
12292,CP-AP-r001:S-P07-S11:GS10:p0014,east,0,10,6
12293,CP-AP-r001:S-P07-S11:GS11:p0001,east,0,10,2
12294,CP-AP-r001:S-P07-S11:GS11:p0002,east,0,8,6
12295,CP-AP-r001:S-P07-S11:GS11:p0003,east,0,9,0
12296,CP-AP-r001:S-P07-S11:GS11:p0004,east,0,8,5
12297,CP-AP-r001:S-P07-S11:GS11:p0005,east,0,10,1
12298,CP-AP-r001:S-P07-S11:GS11:p0006,east,0,8,6
12299,CP-AP-r001:S-P07-S11:GS11:p0007,east,0,9,0
12300,CP-AP-r001:S-P07-S11:GS11:p0008,east,0,8,5
12301,CP-AP-r001:S-P07-S11:GS11:p0009,east,0,9,6
12302,CP-AP-r001:S-P07-S11:GS11:p0010,east,0,10,0
12303,CP-AP-r001:S-P07-S11:GS11:p0011,east,0,8,6
12304,CP-AP-r001:S-P07-S11:GS11:p0012,east,0,9,0
12305,CP-AP-r001:S-P07-S11:GS11:p0013,east,0,8,4
12306,CP-AP-r001:S-P07-S11:GS11:p0014,east,0,7,6
12307,CP-AP-r001:S-P07-S11:GS12:p0001,east,0,8,2
12308,CP-AP-r001:S-P07-S11:GS12:p0002,east,0,8,6
12309,CP-AP-r001:S-P07-S11:GS12:p0003,east,0,8,0
12310,CP-AP-r001:S-P07-S11:GS12:p0004,east,0,10,5
12311,CP-AP-r001:S-P07-S11:GS12:p0005,east,0,8,1
12312,CP-AP-r001:S-P07-S11:GS12:p0006,east,0,8,6
12313,CP-AP-r001:S-P07-S11:GS12:p0007,east,0,9,0
12314,CP-AP-r001:S-P07-S11:GS12:p0008,east,0,10,5
12315,CP-AP-r001:S-P07-S11:GS12:p0009,east,0,8,0
12316,CP-AP-r001:S-P07-S11:GS12:p0010,east,0,8,6
12317,CP-AP-r001:S-P07-S11:GS12:p0011,east,0,9,0
12318,CP-AP-r001:S-P07-S11:GS12:p0012,east,0,10,4
12319,CP-AP-r001:S-P07-S12:GS01:p0002,west,6,0,6
12320,CP-AP-r001:S-P07-S12:GS01:p0003,west,6,0,0
12321,CP-AP-r001:S-P07-S12:GS01:p0004,west,8,0,3
12322,CP-AP-r001:S-P07-S12:GS01:p0005,west,6,0,6
12323,CP-AP-r001:S-P07-S12:GS01:p0006,west,6,0,0
12324,CP-AP-r001:S-P07-S12:GS01:p0007,west,10,0,4
12325,CP-AP-r001:S-P07-S12:GS01:p0008,west,6,0,0
12326,CP-AP-r001:S-P07-S12:GS01:p0009,west,6,0,6
12327,CP-AP-r001:S-P07-S12:GS01:p0010,west,6,0,1
12328,CP-AP-r001:S-P07-S12:GS01:p0011,west,8,0,5
12329,CP-AP-r001:S-P07-S12:GS01:p0012,west,5,0,0
12330,CP-AP-r001:S-P07-S12:GS02:p0002,west,6,0,6
12331,CP-AP-r001:S-P07-S12:GS02:p0003,west,7,0,0
12332,CP-AP-r001:S-P07-S12:GS02:p0004,west,8,0,6
12333,CP-AP-r001:S-P07-S12:GS02:p0005,west,9,0,3
12334,CP-AP-r001:S-P07-S12:GS02:p0006,west,4,0,6
12335,CP-AP-r001:S-P07-S12:GS02:p0007,west,7,0,0
12336,CP-AP-r001:S-P07-S12:GS02:p0008,west,7,0,6
12337,CP-AP-r001:S-P07-S12:GS02:p0009,west,8,0,4
12338,CP-AP-r001:S-P07-S12:GS02:p0010,west,6,0,6
12339,CP-AP-r001:S-P07-S12:GS02:p0011,west,6,0,1
12340,CP-AP-r001:S-P07-S12:GS02:p0012,west,8,0,5
12341,CP-AP-r001:S-P07-S12:GS03:p0002,west,6,0,6
12342,CP-AP-r001:S-P07-S12:GS03:p0003,west,4,0,6
12343,CP-AP-r001:S-P07-S12:GS03:p0004,west,8,0,6
12344,CP-AP-r001:S-P07-S12:GS03:p0005,west,6,0,3
12345,CP-AP-r001:S-P07-S12:GS03:p0006,west,7,0,6
12346,CP-AP-r001:S-P07-S12:GS03:p0007,west,6,0,6
12347,CP-AP-r001:S-P07-S12:GS03:p0008,west,8,0,6
12348,CP-AP-r001:S-P07-S12:GS03:p0009,west,6,0,4
12349,CP-AP-r001:S-P07-S12:GS03:p0010,west,6,0,6
12350,CP-AP-r001:S-P07-S12:GS03:p0011,west,8,0,6
12351,CP-AP-r001:S-P07-S12:GS03:p0012,west,6,0,5
12352,CP-AP-r001:S-P07-S12:GS04:p0002,east,0,6,2
12353,CP-AP-r001:S-P07-S12:GS04:p0003,east,0,6,6
12354,CP-AP-r001:S-P07-S12:GS04:p0004,east,0,8,5
12355,CP-AP-r001:S-P07-S12:GS04:p0005,east,0,6,6
12356,CP-AP-r001:S-P07-S12:GS04:p0006,east,0,7,1
12357,CP-AP-r001:S-P07-S12:GS04:p0007,east,0,6,6
12358,CP-AP-r001:S-P07-S12:GS04:p0008,east,0,8,5
12359,CP-AP-r001:S-P07-S12:GS04:p0009,east,0,6,6
12360,CP-AP-r001:S-P07-S12:GS04:p0010,east,0,7,0
12361,CP-AP-r001:S-P07-S12:GS04:p0011,east,0,5,6
12362,CP-AP-r001:S-P07-S12:GS04:p0012,east,0,8,4
12363,CP-AP-r001:S-P07-S12:GS04:p0013,east,0,6,6
12364,CP-AP-r001:S-P07-S12:GS05:p0001,east,0,6,2
12365,CP-AP-r001:S-P07-S12:GS05:p0002,east,0,6,6
12366,CP-AP-r001:S-P07-S12:GS05:p0003,east,0,8,5
12367,CP-AP-r001:S-P07-S12:GS05:p0004,east,0,7,6
12368,CP-AP-r001:S-P07-S12:GS05:p0005,east,0,6,1
12369,CP-AP-r001:S-P07-S12:GS05:p0006,east,0,6,6
12370,CP-AP-r001:S-P07-S12:GS05:p0007,east,0,9,5
12371,CP-AP-r001:S-P07-S12:GS05:p0008,east,0,6,6
12372,CP-AP-r001:S-P07-S12:GS05:p0009,east,0,6,0
12373,CP-AP-r001:S-P07-S12:GS05:p0010,east,0,6,6
12374,CP-AP-r001:S-P07-S12:GS05:p0011,east,0,8,4
12375,CP-AP-r001:S-P07-S12:GS05:p0012,east,0,6,6
12376,CP-AP-r001:S-P07-S12:GS06:p0001,east,0,5,2
12377,CP-AP-r001:S-P07-S12:GS06:p0002,east,0,7,6
12378,CP-AP-r001:S-P07-S12:GS06:p0003,east,0,7,0
12379,CP-AP-r001:S-P07-S12:GS06:p0004,east,0,8,5
12380,CP-AP-r001:S-P07-S12:GS06:p0005,east,0,5,1
12381,CP-AP-r001:S-P07-S12:GS06:p0006,east,0,6,6
12382,CP-AP-r001:S-P07-S12:GS06:p0007,east,0,7,0
12383,CP-AP-r001:S-P07-S12:GS06:p0008,east,0,8,5
12384,CP-AP-r001:S-P07-S12:GS06:p0009,east,0,6,0
12385,CP-AP-r001:S-P07-S12:GS06:p0010,east,0,6,6
12386,CP-AP-r001:S-P07-S12:GS06:p0011,east,0,8,4
12387,CP-AP-r001:S-P07-S12:GS06:p0012,east,0,7,6
12388,CP-AP-r001:S-P07-S12:GS07:p0002,west,7,0,6
12389,CP-AP-r001:S-P07-S12:GS07:p0003,west,7,0,0
12390,CP-AP-r001:S-P07-S12:GS07:p0004,west,10,0,6
12391,CP-AP-r001:S-P07-S12:GS07:p0005,west,9,0,3
12392,CP-AP-r001:S-P07-S12:GS07:p0006,west,9,0,6
12393,CP-AP-r001:S-P07-S12:GS07:p0007,west,7,0,0
12394,CP-AP-r001:S-P07-S12:GS07:p0008,west,9,0,6
12395,CP-AP-r001:S-P07-S12:GS07:p0009,west,8,0,4
12396,CP-AP-r001:S-P07-S12:GS07:p0010,west,10,0,6
12397,CP-AP-r001:S-P07-S12:GS07:p0011,west,7,0,1
12398,CP-AP-r001:S-P07-S12:GS07:p0012,west,10,0,6
12399,CP-AP-r001:S-P07-S12:GS07:p0013,west,8,0,5
12400,CP-AP-r001:S-P07-S12:GS07:p0014,west,6,0,0
12401,CP-AP-r001:S-P07-S12:GS08:p0002,west,8,0,6
12402,CP-AP-r001:S-P07-S12:GS08:p0003,west,8,0,0
12403,CP-AP-r001:S-P07-S12:GS08:p0004,west,8,0,6
12404,CP-AP-r001:S-P07-S12:GS08:p0005,west,10,0,3
12405,CP-AP-r001:S-P07-S12:GS08:p0006,west,7,0,6
12406,CP-AP-r001:S-P07-S12:GS08:p0007,west,7,0,0
12407,CP-AP-r001:S-P07-S12:GS08:p0008,west,9,0,6
12408,CP-AP-r001:S-P07-S12:GS08:p0009,west,10,0,4
12409,CP-AP-r001:S-P07-S12:GS08:p0010,west,7,0,6
12410,CP-AP-r001:S-P07-S12:GS08:p0011,west,7,0,1
12411,CP-AP-r001:S-P07-S12:GS08:p0012,west,10,0,6
12412,CP-AP-r001:S-P07-S12:GS08:p0013,west,10,0,5
12413,CP-AP-r001:S-P07-S12:GS09:p0002,west,9,0,6
12414,CP-AP-r001:S-P07-S12:GS09:p0003,west,7,0,6
12415,CP-AP-r001:S-P07-S12:GS09:p0004,west,6,0,0
12416,CP-AP-r001:S-P07-S12:GS09:p0005,west,8,0,6
12417,CP-AP-r001:S-P07-S12:GS09:p0006,west,8,0,3
12418,CP-AP-r001:S-P07-S12:GS09:p0007,west,7,0,6
12419,CP-AP-r001:S-P07-S12:GS09:p0008,west,9,0,0
12420,CP-AP-r001:S-P07-S12:GS09:p0009,west,8,0,6
12421,CP-AP-r001:S-P07-S12:GS09:p0010,west,8,0,4
12422,CP-AP-r001:S-P07-S12:GS09:p0011,west,9,0,6
12423,CP-AP-r001:S-P07-S12:GS09:p0012,west,9,0,1
12424,CP-AP-r001:S-P07-S12:GS09:p0013,west,8,0,6
12425,CP-AP-r001:S-P07-S12:GS09:p0014,west,8,0,5
12426,CP-AP-r001:S-P07-S12:GS10:p0002,east,0,10,2
12427,CP-AP-r001:S-P07-S12:GS10:p0003,east,0,8,6
12428,CP-AP-r001:S-P07-S12:GS10:p0004,east,0,8,5
12429,CP-AP-r001:S-P07-S12:GS10:p0005,east,0,9,6
12430,CP-AP-r001:S-P07-S12:GS10:p0006,east,0,8,1
12431,CP-AP-r001:S-P07-S12:GS10:p0007,east,0,8,6
12432,CP-AP-r001:S-P07-S12:GS10:p0008,east,0,8,5
12433,CP-AP-r001:S-P07-S12:GS10:p0009,east,0,9,6
12434,CP-AP-r001:S-P07-S12:GS10:p0010,east,0,9,0
12435,CP-AP-r001:S-P07-S12:GS10:p0011,east,0,8,6
12436,CP-AP-r001:S-P07-S12:GS10:p0012,east,0,5,5
12437,CP-AP-r001:S-P07-S12:GS10:p0013,east,0,8,4
12438,CP-AP-r001:S-P07-S12:GS10:p0014,east,0,10,6
12439,CP-AP-r001:S-P07-S12:GS11:p0001,east,0,9,2
12440,CP-AP-r001:S-P07-S12:GS11:p0002,east,0,7,6
12441,CP-AP-r001:S-P07-S12:GS11:p0003,east,0,10,0
12442,CP-AP-r001:S-P07-S12:GS11:p0004,east,0,8,5
12443,CP-AP-r001:S-P07-S12:GS11:p0005,east,0,10,1
12444,CP-AP-r001:S-P07-S12:GS11:p0006,east,0,7,6
12445,CP-AP-r001:S-P07-S12:GS11:p0007,east,0,10,0
12446,CP-AP-r001:S-P07-S12:GS11:p0008,east,0,8,5
12447,CP-AP-r001:S-P07-S12:GS11:p0009,east,0,7,6
12448,CP-AP-r001:S-P07-S12:GS11:p0010,east,0,10,0
12449,CP-AP-r001:S-P07-S12:GS11:p0011,east,0,8,6
12450,CP-AP-r001:S-P07-S12:GS11:p0012,east,0,10,0
12451,CP-AP-r001:S-P07-S12:GS11:p0013,east,0,8,4
12452,CP-AP-r001:S-P07-S12:GS11:p0014,east,0,6,6
12453,CP-AP-r001:S-P07-S12:GS12:p0001,east,0,7,2
12454,CP-AP-r001:S-P07-S12:GS12:p0002,east,0,7,6
12455,CP-AP-r001:S-P07-S12:GS12:p0003,east,0,9,0
12456,CP-AP-r001:S-P07-S12:GS12:p0004,east,0,10,5
12457,CP-AP-r001:S-P07-S12:GS12:p0005,east,0,7,1
12458,CP-AP-r001:S-P07-S12:GS12:p0006,east,0,7,6
12459,CP-AP-r001:S-P07-S12:GS12:p0007,east,0,10,0
12460,CP-AP-r001:S-P07-S12:GS12:p0008,east,0,10,5
12461,CP-AP-r001:S-P07-S12:GS12:p0009,east,0,7,0
12462,CP-AP-r001:S-P07-S12:GS12:p0010,east,0,7,6
12463,CP-AP-r001:S-P07-S12:GS12:p0011,east,0,10,0
12464,CP-AP-r001:S-P07-S12:GS12:p0012,east,0,9,4
