source_group,geometry_id,replicate_id,epoch_utc,contact_id,pass_id,satellite_id,site_id,antenna_id,start_utc,end_utc,start_seconds,end_seconds,duration_seconds,start_tick,end_tick,duration_tick,crosses_horizon,scope,access_settings_hash
CP-SOURCE-r008,A-U,r008,2026-12-27T00:00:00Z,CP-AU-r008:S-P01-S07:GS04:p0001,CP-AU-r008:S-P01-S07:GS04:p0001,S-P01-S07,GS04,GS04-A1,2026-12-26T23:00:00.000000Z,2026-12-26T23:01:40.562513Z,-3600.000000,-3499.437487,100.562513,-3600000000,-3499437487,100562513,False,outside_horizon_padding,f15eacfea5f4fdf5ab36674c369deeac90ef1324f43cba80f9c6dc879aa792d5
CP-SOURCE-r008,A-U,r008,2026-12-27T00:00:00Z,CP-AU-r008:S-P01-S07:GS05:p0001,CP-AU-r008:S-P01-S07:GS05:p0001,S-P01-S07,GS05,GS05-A1,2026-12-26T23:00:00.000000Z,2026-12-26T23:04:06.394188Z,-3600.000000,-3353.605812,246.394188,-3600000000,-3353605812,246394188,False,outside_horizon_padding,f15eacfea5f4fdf5ab36674c369deeac90ef1324f43cba80f9c6dc879aa792d5
CP-SOURCE-r008,A-U,r008,2026-12-27T00:00:00Z,CP-AU-r008:S-P01-S07:GS06:p0001,CP-AU-r008:S-P01-S07:GS06:p0001,S-P01-S07,GS06,GS06-A1,2026-12-26T23:00:00.000000Z,2026-12-26T23:05:57.727369Z,-3600.000000,-3242.272631,357.727369,-3600000000,-3242272631,357727369,False,outside_horizon_padding,f15eacfea5f4fdf5ab36674c369deeac90ef1324f43cba80f9c6dc879aa792d5
CP-SOURCE-r008,A-U,r008,2026-12-27T00:00:00Z,CP-AU-r008:S-P01-S07:GS10:p0001,CP-AU-r008:S-P01-S07:GS10:p0001,S-P01-S07,GS10,GS10-A1,2026-12-26T23:00:00.000000Z,2026-12-26T23:02:08.202869Z,-3600.000000,-3471.797131,128.202869,-3600000000,-3471797131,128202869,False,outside_horizon_padding,f15eacfea5f4fdf5ab36674c369deeac90ef1324f43cba80f9c6dc879aa792d5
CP-SOURCE-r008,A-U,r008,2026-12-27T00:00:00Z,CP-AU-r008:S-P01-S07:GS11:p0001,CP-AU-r008:S-P01-S07:GS11:p0001,S-P01-S07,GS11,GS11-A1,2026-12-26T23:00:00.000000Z,2026-12-26T23:03:57.552822Z,-3600.000000,-3362.447178,237.552822,-3600000000,-3362447178,237552822,False,outside_horizon_padding,f15eacfea5f4fdf5ab36674c369deeac90ef1324f43cba80f9c6dc879aa792d5
CP-SOURCE-r008,A-U,r008,2026-12-27T00:00:00Z,CP-AU-r008:S-P01-S07:GS12:p0001,CP-AU-r008:S-P01-S07:GS12:p0001,S-P01-S07,GS12,GS12-A1,2026-12-26T23:00:00.000000Z,2026-12-26T23:05:27.594759Z,-3600.000000,-3272.405241,327.594759,-3600000000,-3272405241,327594759,False,outside_horizon_padding,f15eacfea5f4fdf5ab36674c369deeac90ef1324f43cba80f9c6dc879aa792d5
CP-SOURCE-r008,A-U,r008,2026-12-27T00:00:00Z,CP-AU-r008:S-P03-S03:GS01:p0001,CP-AU-r008:S-P03-S03:GS01:p0001,S-P03-S03,GS01,GS01-A1,2026-12-26T23:00:00.000000Z,2026-12-26T23:07:04.152519Z,-3600.000000,-3175.847481,424.152519,-3600000000,-3175847481,424152519,False,outside_horizon_padding,f15eacfea5f4fdf5ab36674c369deeac90ef1324f43cba80f9c6dc879aa792d5
CP-SOURCE-r008,A-U,r008,2026-12-27T00:00:00Z,CP-AU-r008:S-P03-S03:GS02:p0001,CP-AU-r008:S-P03-S03:GS02:p0001,S-P03-S03,GS02,GS02-A1,2026-12-26T23:00:00.000000Z,2026-12-26T23:08:27.154694Z,-3600.000000,-3092.845306,507.154694,-3600000000,-3092845306,507154694,False,outside_horizon_padding,f15eacfea5f4fdf5ab36674c369deeac90ef1324f43cba80f9c6dc879aa792d5
CP-SOURCE-r008,A-U,r008,2026-12-27T00:00:00Z,CP-AU-r008:S-P03-S04:GS03:p0001,CP-AU-r008:S-P03-S04:GS03:p0001,S-P03-S04,GS03,GS03-A1,2026-12-26T23:00:00.000000Z,2026-12-26T23:00:46.978874Z,-3600.000000,-3553.021126,46.978874,-3600000000,-3553021126,46978874,False,outside_horizon_padding,f15eacfea5f4fdf5ab36674c369deeac90ef1324f43cba80f9c6dc879aa792d5
CP-SOURCE-r008,A-U,r008,2026-12-27T00:00:00Z,CP-AU-r008:S-P03-S04:GS04:p0001,CP-AU-r008:S-P03-S04:GS04:p0001,S-P03-S04,GS04,GS04-A1,2026-12-26T23:00:00.000000Z,2026-12-26T23:01:43.745176Z,-3600.000000,-3496.254824,103.745176,-3600000000,-3496254824,103745176,False,outside_horizon_padding,f15eacfea5f4fdf5ab36674c369deeac90ef1324f43cba80f9c6dc879aa792d5
CP-SOURCE-r008,A-U,r008,2026-12-27T00:00:00Z,CP-AU-r008:S-P03-S04:GS05:p0001,CP-AU-r008:S-P03-S04:GS05:p0001,S-P03-S04,GS05,GS05-A1,2026-12-26T23:00:00.000000Z,2026-12-26T23:02:28.164446Z,-3600.000000,-3451.835554,148.164446,-3600000000,-3451835554,148164446,False,outside_horizon_padding,f15eacfea5f4fdf5ab36674c369deeac90ef1324f43cba80f9c6dc879aa792d5
CP-SOURCE-r008,A-U,r008,2026-12-27T00:00:00Z,CP-AU-r008:S-P03-S04:GS06:p0001,CP-AU-r008:S-P03-S04:GS06:p0001,S-P03-S04,GS06,GS06-A1,2026-12-26T23:00:00.000000Z,2026-12-26T23:02:58.669038Z,-3600.000000,-3421.330962,178.669038,-3600000000,-3421330962,178669038,False,outside_horizon_padding,f15eacfea5f4fdf5ab36674c369deeac90ef1324f43cba80f9c6dc879aa792d5
CP-SOURCE-r008,A-U,r008,2026-12-27T00:00:00Z,CP-AU-r008:S-P03-S04:GS08:p0001,CP-AU-r008:S-P03-S04:GS08:p0001,S-P03-S04,GS08,GS08-A1,2026-12-26T23:00:00.000000Z,2026-12-26T23:00:14.992462Z,-3600.000000,-3585.007538,14.992462,-3600000000,-3585007538,14992462,False,outside_horizon_padding,f15eacfea5f4fdf5ab36674c369deeac90ef1324f43cba80f9c6dc879aa792d5
CP-SOURCE-r008,A-U,r008,2026-12-27T00:00:00Z,CP-AU-r008:S-P03-S04:GS09:p0001,CP-AU-r008:S-P03-S04:GS09:p0001,S-P03-S04,GS09,GS09-A1,2026-12-26T23:00:00.000000Z,2026-12-26T23:01:35.013649Z,-3600.000000,-3504.986351,95.013649,-3600000000,-3504986351,95013649,False,outside_horizon_padding,f15eacfea5f4fdf5ab36674c369deeac90ef1324f43cba80f9c6dc879aa792d5
CP-SOURCE-r008,A-U,r008,2026-12-27T00:00:00Z,CP-AU-r008:S-P03-S04:GS10:p0001,CP-AU-r008:S-P03-S04:GS10:p0001,S-P03-S04,GS10,GS10-A1,2026-12-26T23:00:00.000000Z,2026-12-26T23:02:40.543825Z,-3600.000000,-3439.456175,160.543825,-3600000000,-3439456175,160543825,False,outside_horizon_padding,f15eacfea5f4fdf5ab36674c369deeac90ef1324f43cba80f9c6dc879aa792d5
CP-SOURCE-r008,A-U,r008,2026-12-27T00:00:00Z,CP-AU-r008:S-P03-S04:GS11:p0001,CP-AU-r008:S-P03-S04:GS11:p0001,S-P03-S04,GS11,GS11-A1,2026-12-26T23:00:00.000000Z,2026-12-26T23:03:35.610525Z,-3600.000000,-3384.389475,215.610525,-3600000000,-3384389475,215610525,False,outside_horizon_padding,f15eacfea5f4fdf5ab36674c369deeac90ef1324f43cba80f9c6dc879aa792d5
CP-SOURCE-r008,A-U,r008,2026-12-27T00:00:00Z,CP-AU-r008:S-P03-S04:GS12:p0001,CP-AU-r008:S-P03-S04:GS12:p0001,S-P03-S04,GS12,GS12-A1,2026-12-26T23:00:00.000000Z,2026-12-26T23:04:21.735273Z,-3600.000000,-3338.264727,261.735273,-3600000000,-3338264727,261735273,False,outside_horizon_padding,f15eacfea5f4fdf5ab36674c369deeac90ef1324f43cba80f9c6dc879aa792d5
CP-SOURCE-r008,A-U,r008,2026-12-27T00:00:00Z,CP-AU-r008:S-P07-S07:GS01:p0001,CP-AU-r008:S-P07-S07:GS01:p0001,S-P07-S07,GS01,GS01-A1,2026-12-26T23:00:00.000000Z,2026-12-26T23:02:10.141367Z,-3600.000000,-3469.858633,130.141367,-3600000000,-3469858633,130141367,False,outside_horizon_padding,f15eacfea5f4fdf5ab36674c369deeac90ef1324f43cba80f9c6dc879aa792d5
CP-SOURCE-r008,A-U,r008,2026-12-27T00:00:00Z,CP-AU-r008:S-P07-S07:GS02:p0001,CP-AU-r008:S-P07-S07:GS02:p0001,S-P07-S07,GS02,GS02-A1,2026-12-26T23:00:00.000000Z,2026-12-26T23:02:17.223004Z,-3600.000000,-3462.776996,137.223004,-3600000000,-3462776996,137223004,False,outside_horizon_padding,f15eacfea5f4fdf5ab36674c369deeac90ef1324f43cba80f9c6dc879aa792d5
CP-SOURCE-r008,A-U,r008,2026-12-27T00:00:00Z,CP-AU-r008:S-P07-S07:GS03:p0001,CP-AU-r008:S-P07-S07:GS03:p0001,S-P07-S07,GS03,GS03-A1,2026-12-26T23:00:00.000000Z,2026-12-26T23:01:17.547333Z,-3600.000000,-3522.452667,77.547333,-3600000000,-3522452667,77547333,False,outside_horizon_padding,f15eacfea5f4fdf5ab36674c369deeac90ef1324f43cba80f9c6dc879aa792d5
CP-SOURCE-r008,A-U,r008,2026-12-27T00:00:00Z,CP-AU-r008:S-P07-S07:GS07:p0001,CP-AU-r008:S-P07-S07:GS07:p0001,S-P07-S07,GS07,GS07-A1,2026-12-26T23:00:00.000000Z,2026-12-26T23:00:53.119956Z,-3600.000000,-3546.880044,53.119956,-3600000000,-3546880044,53119956,False,outside_horizon_padding,f15eacfea5f4fdf5ab36674c369deeac90ef1324f43cba80f9c6dc879aa792d5
CP-SOURCE-r008,A-U,r008,2026-12-27T00:00:00Z,CP-AU-r008:S-P07-S07:GS08:p0001,CP-AU-r008:S-P07-S07:GS08:p0001,S-P07-S07,GS08,GS08-A1,2026-12-26T23:00:00.000000Z,2026-12-26T23:00:38.744029Z,-3600.000000,-3561.255971,38.744029,-3600000000,-3561255971,38744029,False,outside_horizon_padding,f15eacfea5f4fdf5ab36674c369deeac90ef1324f43cba80f9c6dc879aa792d5
CP-SOURCE-r008,A-U,r008,2026-12-27T00:00:00Z,CP-AU-r008:S-P03-S03:GS03:p0001,CP-AU-r008:S-P03-S03:GS03:p0001,S-P03-S03,GS03,GS03-A1,2026-12-26T23:00:13.727613Z,2026-12-26T23:09:32.663305Z,-3586.272387,-3027.336695,558.935692,-3586272387,-3027336695,558935692,False,outside_horizon_padding,f15eacfea5f4fdf5ab36674c369deeac90ef1324f43cba80f9c6dc879aa792d5
CP-SOURCE-r008,A-U,r008,2026-12-27T00:00:00Z,CP-AU-r008:S-P03-S03:GS07:p0001,CP-AU-r008:S-P03-S03:GS07:p0001,S-P03-S03,GS07,GS07-A1,2026-12-26T23:00:17.451603Z,2026-12-26T23:07:35.507606Z,-3582.548397,-3144.492394,438.056003,-3582548397,-3144492394,438056003,False,outside_horizon_padding,f15eacfea5f4fdf5ab36674c369deeac90ef1324f43cba80f9c6dc879aa792d5
CP-SOURCE-r008,A-U,r008,2026-12-27T00:00:00Z,CP-AU-r008:S-P03-S03:GS08:p0001,CP-AU-r008:S-P03-S03:GS08:p0001,S-P03-S03,GS08,GS08-A1,2026-12-26T23:00:29.270823Z,2026-12-26T23:09:09.549691Z,-3570.729177,-3050.450309,520.278868,-3570729177,-3050450309,520278868,False,outside_horizon_padding,f15eacfea5f4fdf5ab36674c369deeac90ef1324f43cba80f9c6dc879aa792d5
CP-SOURCE-r008,A-U,r008,2026-12-27T00:00:00Z,CP-AU-r008:S-P03-S03:GS09:p0001,CP-AU-r008:S-P03-S03:GS09:p0001,S-P03-S03,GS09,GS09-A1,2026-12-26T23:01:08.312995Z,2026-12-26T23:10:23.724277Z,-3531.687005,-2976.275723,555.411282,-3531687005,-2976275723,555411282,False,outside_horizon_padding,f15eacfea5f4fdf5ab36674c369deeac90ef1324f43cba80f9c6dc879aa792d5
CP-SOURCE-r008,A-U,r008,2026-12-27T00:00:00Z,CP-AU-r008:S-P03-S03:GS04:p0001,CP-AU-r008:S-P03-S03:GS04:p0001,S-P03-S03,GS04,GS04-A1,2026-12-26T23:01:27.553355Z,2026-12-26T23:10:24.996492Z,-3512.446645,-2975.003508,537.443137,-3512446645,-2975003508,537443137,False,outside_horizon_padding,f15eacfea5f4fdf5ab36674c369deeac90ef1324f43cba80f9c6dc879aa792d5
CP-SOURCE-r008,A-U,r008,2026-12-27T00:00:00Z,CP-AU-r008:S-P07-S06:GS07:p0001,CP-AU-r008:S-P07-S06:GS07:p0001,S-P07-S06,GS07,GS07-A1,2026-12-26T23:01:57.032373Z,2026-12-26T23:09:17.789855Z,-3482.967627,-3042.210145,440.757482,-3482967627,-3042210145,440757482,False,outside_horizon_padding,f15eacfea5f4fdf5ab36674c369deeac90ef1324f43cba80f9c6dc879aa792d5
CP-SOURCE-r008,A-U,r008,2026-12-27T00:00:00Z,CP-AU-r008:S-P03-S03:GS10:p0001,CP-AU-r008:S-P03-S03:GS10:p0001,S-P03-S03,GS10,GS10-A1,2026-12-26T23:02:08.130580Z,2026-12-26T23:11:25.241687Z,-3471.869420,-2914.758313,557.111107,-3471869420,-2914758313,557111107,False,outside_horizon_padding,f15eacfea5f4fdf5ab36674c369deeac90ef1324f43cba80f9c6dc879aa792d5
CP-SOURCE-r008,A-U,r008,2026-12-27T00:00:00Z,CP-AU-r008:S-P07-S06:GS01:p0001,CP-AU-r008:S-P07-S06:GS01:p0001,S-P07-S06,GS01,GS01-A1,2026-12-26T23:02:28.809172Z,2026-12-26T23:10:40.928134Z,-3451.190828,-2959.071866,492.118962,-3451190828,-2959071866,492118962,False,outside_horizon_padding,f15eacfea5f4fdf5ab36674c369deeac90ef1324f43cba80f9c6dc879aa792d5
CP-SOURCE-r008,A-U,r008,2026-12-27T00:00:00Z,CP-AU-r008:S-P01-S06:GS08:p0001,CP-AU-r008:S-P01-S06:GS08:p0001,S-P01-S06,GS08,GS08-A1,2026-12-26T23:03:01.999443Z,2026-12-26T23:06:31.436656Z,-3418.000557,-3208.563344,209.437213,-3418000557,-3208563344,209437213,False,outside_horizon_padding,f15eacfea5f4fdf5ab36674c369deeac90ef1324f43cba80f9c6dc879aa792d5
CP-SOURCE-r008,A-U,r008,2026-12-27T00:00:00Z,CP-AU-r008:S-P03-S03:GS05:p0001,CP-AU-r008:S-P03-S03:GS05:p0001,S-P03-S03,GS05,GS05-A1,2026-12-26T23:03:03.193808Z,2026-12-26T23:11:04.883470Z,-3416.806192,-2935.116530,481.689662,-3416806192,-2935116530,481689662,False,outside_horizon_padding,f15eacfea5f4fdf5ab36674c369deeac90ef1324f43cba80f9c6dc879aa792d5
CP-SOURCE-r008,A-U,r008,2026-12-27T00:00:00Z,CP-AU-r008:S-P01-S06:GS09:p0001,CP-AU-r008:S-P01-S06:GS09:p0001,S-P01-S06,GS09,GS09-A1,2026-12-26T23:03:07.418620Z,2026-12-26T23:09:09.655150Z,-3412.581380,-3050.344850,362.236530,-3412581380,-3050344850,362236530,False,outside_horizon_padding,f15eacfea5f4fdf5ab36674c369deeac90ef1324f43cba80f9c6dc879aa792d5
CP-SOURCE-r008,A-U,r008,2026-12-27T00:00:00Z,CP-AU-r008:S-P03-S03:GS11:p0001,CP-AU-r008:S-P03-S03:GS11:p0001,S-P03-S03,GS11,GS11-A1,2026-12-26T23:03:26.539680Z,2026-12-26T23:12:17.057579Z,-3393.460320,-2862.942421,530.517899,-3393460320,-2862942421,530517899,False,outside_horizon_padding,f15eacfea5f4fdf5ab36674c369deeac90ef1324f43cba80f9c6dc879aa792d5
CP-SOURCE-r008,A-U,r008,2026-12-27T00:00:00Z,CP-AU-r008:S-P01-S06:GS10:p0001,CP-AU-r008:S-P01-S06:GS10:p0001,S-P01-S06,GS10,GS10-A1,2026-12-26T23:03:36.715734Z,2026-12-26T23:11:13.462054Z,-3383.284266,-2926.537946,456.746320,-3383284266,-2926537946,456746320,False,outside_horizon_padding,f15eacfea5f4fdf5ab36674c369deeac90ef1324f43cba80f9c6dc879aa792d5
CP-SOURCE-r008,A-U,r008,2026-12-27T00:00:00Z,CP-AU-r008:S-P07-S06:GS08:p0001,CP-AU-r008:S-P07-S06:GS08:p0001,S-P07-S06,GS08,GS08-A1,2026-12-26T23:04:14.708932Z,2026-12-26T23:08:39.294411Z,-3345.291068,-3080.705589,264.585479,-3345291068,-3080705589,264585479,False,outside_horizon_padding,f15eacfea5f4fdf5ab36674c369deeac90ef1324f43cba80f9c6dc879aa792d5
CP-SOURCE-r008,A-U,r008,2026-12-27T00:00:00Z,CP-AU-r008:S-P01-S06:GS11:p0001,CP-AU-r008:S-P01-S06:GS11:p0001,S-P01-S06,GS11,GS11-A1,2026-12-26T23:04:17.288252Z,2026-12-26T23:12:55.693942Z,-3342.711748,-2824.306058,518.405690,-3342711748,-2824306058,518405690,False,outside_horizon_padding,f15eacfea5f4fdf5ab36674c369deeac90ef1324f43cba80f9c6dc879aa792d5
CP-SOURCE-r008,A-U,r008,2026-12-27T00:00:00Z,CP-AU-r008:S-P07-S06:GS02:p0001,CP-AU-r008:S-P07-S06:GS02:p0001,S-P07-S06,GS02,GS02-A1,2026-12-26T23:04:21.381754Z,2026-12-26T23:10:32.485724Z,-3338.618246,-2967.514276,371.103970,-3338618246,-2967514276,371103970,False,outside_horizon_padding,f15eacfea5f4fdf5ab36674c369deeac90ef1324f43cba80f9c6dc879aa792d5
CP-SOURCE-r008,A-U,r008,2026-12-27T00:00:00Z,CP-AU-r008:S-P03-S03:GS12:p0001,CP-AU-r008:S-P03-S03:GS12:p0001,S-P03-S03,GS12,GS12-A1,2026-12-26T23:05:03.411686Z,2026-12-26T23:13:00.019140Z,-3296.588314,-2819.980860,476.607454,-3296588314,-2819980860,476607454,False,outside_horizon_padding,f15eacfea5f4fdf5ab36674c369deeac90ef1324f43cba80f9c6dc879aa792d5
CP-SOURCE-r008,A-U,r008,2026-12-27T00:00:00Z,CP-AU-r008:S-P03-S03:GS06:p0001,CP-AU-r008:S-P03-S03:GS06:p0001,S-P03-S03,GS06,GS06-A1,2026-12-26T23:05:05.054370Z,2026-12-26T23:11:28.950066Z,-3294.945630,-2911.049934,383.895696,-3294945630,-2911049934,383895696,False,outside_horizon_padding,f15eacfea5f4fdf5ab36674c369deeac90ef1324f43cba80f9c6dc879aa792d5
CP-SOURCE-r008,A-U,r008,2026-12-27T00:00:00Z,CP-AU-r008:S-P01-S06:GS12:p0001,CP-AU-r008:S-P01-S06:GS12:p0001,S-P01-S06,GS12,GS12-A1,2026-12-26T23:05:06.768502Z,2026-12-26T23:14:19.241387Z,-3293.231498,-2740.758613,552.472885,-3293231498,-2740758613,552472885,False,outside_horizon_padding,f15eacfea5f4fdf5ab36674c369deeac90ef1324f43cba80f9c6dc879aa792d5
CP-SOURCE-r008,A-U,r008,2026-12-27T00:00:00Z,CP-AU-r008:S-P01-S06:GS04:p0001,CP-AU-r008:S-P01-S06:GS04:p0001,S-P01-S06,GS04,GS04-A1,2026-12-26T23:05:15.602220Z,2026-12-26T23:11:01.938994Z,-3284.397780,-2938.061006,346.336774,-3284397780,-2938061006,346336774,False,outside_horizon_padding,f15eacfea5f4fdf5ab36674c369deeac90ef1324f43cba80f9c6dc879aa792d5
CP-SOURCE-r008,A-U,r008,2026-12-27T00:00:00Z,CP-AU-r008:S-P01-S06:GS05:p0001,CP-AU-r008:S-P01-S06:GS05:p0001,S-P01-S06,GS05,GS05-A1,2026-12-26T23:05:33.667428Z,2026-12-26T23:13:13.067917Z,-3266.332572,-2806.932083,459.400489,-3266332572,-2806932083,459400489,False,outside_horizon_padding,f15eacfea5f4fdf5ab36674c369deeac90ef1324f43cba80f9c6dc879aa792d5
CP-SOURCE-r008,A-U,r008,2026-12-27T00:00:00Z,CP-AU-r008:S-P01-S06:GS03:p0001,CP-AU-r008:S-P01-S06:GS03:p0001,S-P01-S06,GS03,GS03-A1,2026-12-26T23:05:59.340953Z,2026-12-26T23:07:37.493523Z,-3240.659047,-3142.506477,98.152570,-3240659047,-3142506477,98152570,False,outside_horizon_padding,f15eacfea5f4fdf5ab36674c369deeac90ef1324f43cba80f9c6dc879aa792d5
CP-SOURCE-r008,A-U,r008,2026-12-27T00:00:00Z,CP-AU-r008:S-P01-S06:GS06:p0001,CP-AU-r008:S-P01-S06:GS06:p0001,S-P01-S06,GS06,GS06-A1,2026-12-26T23:06:09.900986Z,2026-12-26T23:14:55.369099Z,-3230.099014,-2704.630901,525.468113,-3230099014,-2704630901,525468113,False,outside_horizon_padding,f15eacfea5f4fdf5ab36674c369deeac90ef1324f43cba80f9c6dc879aa792d5
CP-SOURCE-r008,A-U,r008,2026-12-27T00:00:00Z,CP-AU-r008:S-P03-S02:GS01:p0001,CP-AU-r008:S-P03-S02:GS01:p0001,S-P03-S02,GS01,GS01-A1,2026-12-26T23:07:24.441450Z,2026-12-26T23:16:00.186359Z,-3155.558550,-2639.813641,515.744909,-3155558550,-2639813641,515744909,False,outside_horizon_padding,f15eacfea5f4fdf5ab36674c369deeac90ef1324f43cba80f9c6dc879aa792d5
CP-SOURCE-r008,A-U,r008,2026-12-27T00:00:00Z,CP-AU-r008:S-P03-S02:GS02:p0001,CP-AU-r008:S-P03-S02:GS02:p0001,S-P03-S02,GS02,GS02-A1,2026-12-26T23:08:01.477262Z,2026-12-26T23:17:16.162427Z,-3118.522738,-2563.837573,554.685165,-3118522738,-2563837573,554685165,False,outside_horizon_padding,f15eacfea5f4fdf5ab36674c369deeac90ef1324f43cba80f9c6dc879aa792d5
CP-SOURCE-r008,A-U,r008,2026-12-27T00:00:00Z,CP-AU-r008:S-P03-S02:GS07:p0001,CP-AU-r008:S-P03-S02:GS07:p0001,S-P03-S02,GS07,GS07-A1,2026-12-26T23:08:41.833621Z,2026-12-26T23:16:36.050869Z,-3078.166379,-2603.949131,474.217248,-3078166379,-2603949131,474217248,False,outside_horizon_padding,f15eacfea5f4fdf5ab36674c369deeac90ef1324f43cba80f9c6dc879aa792d5
CP-SOURCE-r008,A-U,r008,2026-12-27T00:00:00Z,CP-AU-r008:S-P03-S02:GS03:p0001,CP-AU-r008:S-P03-S02:GS03:p0001,S-P03-S02,GS03,GS03-A1,2026-12-26T23:09:01.590951Z,2026-12-26T23:18:16.718801Z,-3058.409049,-2503.281199,555.127850,-3058409049,-2503281199,555127850,False,outside_horizon_padding,f15eacfea5f4fdf5ab36674c369deeac90ef1324f43cba80f9c6dc879aa792d5
CP-SOURCE-r008,A-U,r008,2026-12-27T00:00:00Z,CP-AU-r008:S-P03-S02:GS08:p0001,CP-AU-r008:S-P03-S02:GS08:p0001,S-P03-S02,GS08,GS08-A1,2026-12-26T23:09:04.562756Z,2026-12-26T23:18:01.709078Z,-3055.437244,-2518.290922,537.146322,-3055437244,-2518290922,537146322,False,outside_horizon_padding,f15eacfea5f4fdf5ab36674c369deeac90ef1324f43cba80f9c6dc879aa792d5
CP-SOURCE-r008,A-U,r008,2026-12-27T00:00:00Z,CP-AU-r008:S-P03-S02:GS09:p0001,CP-AU-r008:S-P03-S02:GS09:p0001,S-P03-S02,GS09,GS09-A1,2026-12-26T23:09:51.407337Z,2026-12-26T23:19:10.873242Z,-3008.592663,-2449.126758,559.465905,-3008592663,-2449126758,559465905,False,outside_horizon_padding,f15eacfea5f4fdf5ab36674c369deeac90ef1324f43cba80f9c6dc879aa792d5
CP-SOURCE-r008,A-U,r008,2026-12-27T00:00:00Z,CP-AU-r008:S-P03-S02:GS04:p0001,CP-AU-r008:S-P03-S02:GS04:p0001,S-P03-S02,GS04,GS04-A1,2026-12-26T23:10:22.960005Z,2026-12-26T23:19:04.711751Z,-2977.039995,-2455.288249,521.751746,-2977039995,-2455288249,521751746,False,outside_horizon_padding,f15eacfea5f4fdf5ab36674c369deeac90ef1324f43cba80f9c6dc879aa792d5
CP-SOURCE-r008,A-U,r008,2026-12-27T00:00:00Z,CP-AU-r008:S-P03-S02:GS10:p0001,CP-AU-r008:S-P03-S02:GS10:p0001,S-P03-S02,GS10,GS10-A1,2026-12-26T23:10:57.948555Z,2026-12-26T23:20:08.734328Z,-2942.051445,-2391.265672,550.785773,-2942051445,-2391265672,550785773,False,outside_horizon_padding,f15eacfea5f4fdf5ab36674c369deeac90ef1324f43cba80f9c6dc879aa792d5
CP-SOURCE-r008,A-U,r008,2026-12-27T00:00:00Z,CP-AU-r008:S-P07-S05:GS07:p0001,CP-AU-r008:S-P07-S05:GS07:p0001,S-P07-S05,GS07,GS07-A1,2026-12-26T23:11:02.094757Z,2026-12-26T23:17:36.805879Z,-2937.905243,-2543.194121,394.711122,-2937905243,-2543194121,394711122,False,outside_horizon_padding,f15eacfea5f4fdf5ab36674c369deeac90ef1324f43cba80f9c6dc879aa792d5
CP-SOURCE-r008,A-U,r008,2026-12-27T00:00:00Z,CP-AU-r008:S-P01-S05:GS08:p0001,CP-AU-r008:S-P01-S05:GS08:p0001,S-P01-S05,GS08,GS08-A1,2026-12-26T23:11:23.047173Z,2026-12-26T23:15:57.817298Z,-2916.952827,-2642.182702,274.770125,-2916952827,-2642182702,274770125,False,outside_horizon_padding,f15eacfea5f4fdf5ab36674c369deeac90ef1324f43cba80f9c6dc879aa792d5
CP-SOURCE-r008,A-U,r008,2026-12-27T00:00:00Z,CP-AU-r008:S-P07-S05:GS01:p0001,CP-AU-r008:S-P07-S05:GS01:p0001,S-P07-S05,GS01,GS01-A1,2026-12-26T23:11:28.148102Z,2026-12-26T23:19:07.379480Z,-2911.851898,-2452.620520,459.231378,-2911851898,-2452620520,459231378,False,outside_horizon_padding,f15eacfea5f4fdf5ab36674c369deeac90ef1324f43cba80f9c6dc879aa792d5
CP-SOURCE-r008,A-U,r008,2026-12-27T00:00:00Z,CP-AU-r008:S-P01-S05:GS09:p0001,CP-AU-r008:S-P01-S05:GS09:p0001,S-P01-S05,GS09,GS09-A1,2026-12-26T23:11:40.242933Z,2026-12-26T23:18:20.519183Z,-2899.757067,-2499.480817,400.276250,-2899757067,-2499480817,400276250,False,outside_horizon_padding,f15eacfea5f4fdf5ab36674c369deeac90ef1324f43cba80f9c6dc879aa792d5
CP-SOURCE-r008,A-U,r008,2026-12-27T00:00:00Z,CP-AU-r008:S-P03-S02:GS05:p0001,CP-AU-r008:S-P03-S02:GS05:p0001,S-P03-S02,GS05,GS05-A1,2026-12-26T23:12:07.078535Z,2026-12-26T23:19:39.697958Z,-2872.921465,-2420.302042,452.619423,-2872921465,-2420302042,452619423,False,outside_horizon_padding,f15eacfea5f4fdf5ab36674c369deeac90ef1324f43cba80f9c6dc879aa792d5
CP-SOURCE-r008,A-U,r008,2026-12-27T00:00:00Z,CP-AU-r008:S-P01-S05:GS10:p0001,CP-AU-r008:S-P01-S05:GS10:p0001,S-P01-S05,GS10,GS10-A1,2026-12-26T23:12:14.105733Z,2026-12-26T23:20:16.060270Z,-2865.894267,-2383.939730,481.954537,-2865894267,-2383939730,481954537,False,outside_horizon_padding,f15eacfea5f4fdf5ab36674c369deeac90ef1324f43cba80f9c6dc879aa792d5
CP-SOURCE-r008,A-U,r008,2026-12-27T00:00:00Z,CP-AU-r008:S-P03-S02:GS11:p0001,CP-AU-r008:S-P03-S02:GS11:p0001,S-P03-S02,GS11,GS11-A1,2026-12-26T23:12:22.832595Z,2026-12-26T23:20:57.407922Z,-2857.167405,-2342.592078,514.575327,-2857167405,-2342592078,514575327,False,outside_horizon_padding,f15eacfea5f4fdf5ab36674c369deeac90ef1324f43cba80f9c6dc879aa792d5
CP-SOURCE-r008,A-U,r008,2026-12-27T00:00:00Z,CP-AU-r008:S-P01-S05:GS11:p0001,CP-AU-r008:S-P01-S05:GS11:p0001,S-P01-S05,GS11,GS11-A1,2026-12-26T23:12:57.928242Z,2026-12-26T23:21:51.501819Z,-2822.071758,-2288.498181,533.573577,-2822071758,-2288498181,533573577,False,outside_horizon_padding,f15eacfea5f4fdf5ab36674c369deeac90ef1324f43cba80f9c6dc879aa792d5
CP-SOURCE-r008,A-U,r008,2026-12-27T00:00:00Z,CP-AU-r008:S-P07-S05:GS02:p0001,CP-AU-r008:S-P07-S05:GS02:p0001,S-P07-S05,GS02,GS02-A1,2026-12-26T23:13:40.472899Z,2026-12-26T23:18:37.140234Z,-2779.527101,-2482.859766,296.667335,-2779527101,-2482859766,296667335,False,outside_horizon_padding,f15eacfea5f4fdf5ab36674c369deeac90ef1324f43cba80f9c6dc879aa792d5
CP-SOURCE-r008,A-U,r008,2026-12-27T00:00:00Z,CP-AU-r008:S-P01-S05:GS04:p0001,CP-AU-r008:S-P01-S05:GS04:p0001,S-P01-S05,GS04,GS04-A1,2026-12-26T23:13:43.199819Z,2026-12-26T23:20:16.719024Z,-2776.800181,-2383.280976,393.519205,-2776800181,-2383280976,393519205,False,outside_horizon_padding,f15eacfea5f4fdf5ab36674c369deeac90ef1324f43cba80f9c6dc879aa792d5
CP-SOURCE-r008,A-U,r008,2026-12-27T00:00:00Z,CP-AU-r008:S-P01-S05:GS03:p0001,CP-AU-r008:S-P01-S05:GS03:p0001,S-P01-S05,GS03,GS03-A1,2026-12-26T23:13:49.336196Z,2026-12-26T23:17:34.043984Z,-2770.663804,-2545.956016,224.707788,-2770663804,-2545956016,224707788,False,outside_horizon_padding,f15eacfea5f4fdf5ab36674c369deeac90ef1324f43cba80f9c6dc879aa792d5
CP-SOURCE-r008,A-U,r008,2026-12-27T00:00:00Z,CP-AU-r008:S-P01-S05:GS12:p0001,CP-AU-r008:S-P01-S05:GS12:p0001,S-P01-S05,GS12,GS12-A1,2026-12-26T23:13:50.552277Z,2026-12-26T23:23:08.595419Z,-2769.447723,-2211.404581,558.043142,-2769447723,-2211404581,558043142,False,outside_horizon_padding,f15eacfea5f4fdf5ab36674c369deeac90ef1324f43cba80f9c6dc879aa792d5
CP-SOURCE-r008,A-U,r008,2026-12-27T00:00:00Z,CP-AU-r008:S-P03-S02:GS12:p0001,CP-AU-r008:S-P03-S02:GS12:p0001,S-P03-S02,GS12,GS12-A1,2026-12-26T23:14:06.585672Z,2026-12-26T23:21:37.050622Z,-2753.414328,-2302.949378,450.464950,-2753414328,-2302949378,450464950,False,outside_horizon_padding,f15eacfea5f4fdf5ab36674c369deeac90ef1324f43cba80f9c6dc879aa792d5
CP-SOURCE-r008,A-U,r008,2026-12-27T00:00:00Z,CP-AU-r008:S-P01-S05:GS05:p0001,CP-AU-r008:S-P01-S05:GS05:p0001,S-P01-S05,GS05,GS05-A1,2026-12-26T23:14:08.975412Z,2026-12-26T23:22:16.246013Z,-2751.024588,-2263.753987,487.270601,-2751024588,-2263753987,487270601,False,outside_horizon_padding,f15eacfea5f4fdf5ab36674c369deeac90ef1324f43cba80f9c6dc879aa792d5
CP-SOURCE-r008,A-U,r008,2026-12-27T00:00:00Z,CP-AU-r008:S-P07-S05:GS08:p0001,CP-AU-r008:S-P07-S05:GS08:p0001,S-P07-S05,GS08,GS08-A1,2026-12-26T23:14:09.690474Z,2026-12-26T23:16:06.188275Z,-2750.309526,-2633.811725,116.497801,-2750309526,-2633811725,116497801,False,outside_horizon_padding,f15eacfea5f4fdf5ab36674c369deeac90ef1324f43cba80f9c6dc879aa792d5
CP-SOURCE-r008,A-U,r008,2026-12-27T00:00:00Z,CP-AU-r008:S-P03-S02:GS06:p0001,CP-AU-r008:S-P03-S02:GS06:p0001,S-P03-S02,GS06,GS06-A1,2026-12-26T23:14:21.110552Z,2026-12-26T23:19:55.512925Z,-2738.889448,-2404.487075,334.402373,-2738889448,-2404487075,334402373,False,outside_horizon_padding,f15eacfea5f4fdf5ab36674c369deeac90ef1324f43cba80f9c6dc879aa792d5
CP-SOURCE-r008,A-U,r008,2026-12-27T00:00:00Z,CP-AU-r008:S-P01-S05:GS06:p0001,CP-AU-r008:S-P01-S05:GS06:p0001,S-P01-S05,GS06,GS06-A1,2026-12-26T23:14:49.989859Z,2026-12-26T23:23:50.222002Z,-2710.010141,-2169.777998,540.232143,-2710010141,-2169777998,540232143,False,outside_horizon_padding,f15eacfea5f4fdf5ab36674c369deeac90ef1324f43cba80f9c6dc879aa792d5
CP-SOURCE-r008,A-U,r008,2026-12-27T00:00:00Z,CP-AU-r008:S-P03-S01:GS01:p0001,CP-AU-r008:S-P03-S01:GS01:p0001,S-P03-S01,GS01,GS01-A1,2026-12-26T23:15:58.734336Z,2026-12-26T23:24:53.338861Z,-2641.265664,-2106.661139,534.604525,-2641265664,-2106661139,534604525,False,outside_horizon_padding,f15eacfea5f4fdf5ab36674c369deeac90ef1324f43cba80f9c6dc879aa792d5
CP-SOURCE-r008,A-U,r008,2026-12-27T00:00:00Z,CP-AU-r008:S-P03-S01:GS02:p0001,CP-AU-r008:S-P03-S01:GS02:p0001,S-P03-S01,GS02,GS02-A1,2026-12-26T23:16:44.415946Z,2026-12-26T23:26:03.271023Z,-2595.584054,-2036.728977,558.855077,-2595584054,-2036728977,558855077,False,outside_horizon_padding,f15eacfea5f4fdf5ab36674c369deeac90ef1324f43cba80f9c6dc879aa792d5
CP-SOURCE-r008,A-U,r008,2026-12-27T00:00:00Z,CP-AU-r008:S-P03-S01:GS07:p0001,CP-AU-r008:S-P03-S01:GS07:p0001,S-P03-S01,GS07,GS07-A1,2026-12-26T23:17:10.703987Z,2026-12-26T23:25:32.973827Z,-2569.296013,-2067.026173,502.269840,-2569296013,-2067026173,502269840,False,outside_horizon_padding,f15eacfea5f4fdf5ab36674c369deeac90ef1324f43cba80f9c6dc879aa792d5
CP-SOURCE-r008,A-U,r008,2026-12-27T00:00:00Z,CP-AU-r008:S-P03-S01:GS08:p0001,CP-AU-r008:S-P03-S01:GS08:p0001,S-P03-S01,GS08,GS08-A1,2026-12-26T23:17:42.827334Z,2026-12-26T23:26:51.855061Z,-2537.172666,-1988.144939,549.027727,-2537172666,-1988144939,549027727,False,outside_horizon_padding,f15eacfea5f4fdf5ab36674c369deeac90ef1324f43cba80f9c6dc879aa792d5
CP-SOURCE-r008,A-U,r008,2026-12-27T00:00:00Z,CP-AU-r008:S-P03-S01:GS03:p0001,CP-AU-r008:S-P03-S01:GS03:p0001,S-P03-S01,GS03,GS03-A1,2026-12-26T23:17:52.103597Z,2026-12-26T23:26:59.217266Z,-2527.896403,-1980.782734,547.113669,-2527896403,-1980782734,547113669,False,outside_horizon_padding,f15eacfea5f4fdf5ab36674c369deeac90ef1324f43cba80f9c6dc879aa792d5
CP-SOURCE-r008,A-U,r008,2026-12-27T00:00:00Z,CP-AU-r008:S-P03-S01:GS09:p0001,CP-AU-r008:S-P03-S01:GS09:p0001,S-P03-S01,GS09,GS09-A1,2026-12-26T23:18:36.957476Z,2026-12-26T23:27:56.623724Z,-2483.042524,-1923.376276,559.666248,-2483042524,-1923376276,559666248,False,outside_horizon_padding,f15eacfea5f4fdf5ab36674c369deeac90ef1324f43cba80f9c6dc879aa792d5
CP-SOURCE-r008,A-U,r008,2026-12-27T00:00:00Z,CP-AU-r008:S-P03-S01:GS04:p0001,CP-AU-r008:S-P03-S01:GS04:p0001,S-P03-S01,GS04,GS04-A1,2026-12-26T23:19:21.191641Z,2026-12-26T23:27:42.830329Z,-2438.808359,-1937.169671,501.638688,-2438808359,-1937169671,501638688,False,outside_horizon_padding,f15eacfea5f4fdf5ab36674c369deeac90ef1324f43cba80f9c6dc879aa792d5
CP-SOURCE-r008,A-U,r008,2026-12-27T00:00:00Z,CP-AU-r008:S-P03-S01:GS10:p0001,CP-AU-r008:S-P03-S01:GS10:p0001,S-P03-S01,GS10,GS10-A1,2026-12-26T23:19:50.060260Z,2026-12-26T23:28:51.087643Z,-2409.939740,-1868.912357,541.027383,-2409939740,-1868912357,541027383,False,outside_horizon_padding,f15eacfea5f4fdf5ab36674c369deeac90ef1324f43cba80f9c6dc879aa792d5
CP-SOURCE-r008,A-U,r008,2026-12-27T00:00:00Z,CP-AU-r008:S-P01-S04:GS08:p0001,CP-AU-r008:S-P01-S04:GS08:p0001,S-P01-S04,GS08,GS08-A1,2026-12-26T23:19:50.287414Z,2026-12-26T23:25:16.682650Z,-2409.712586,-2083.317350,326.395236,-2409712586,-2083317350,326395236,False,outside_horizon_padding,f15eacfea5f4fdf5ab36674c369deeac90ef1324f43cba80f9c6dc879aa792d5
CP-SOURCE-r008,A-U,r008,2026-12-27T00:00:00Z,CP-AU-r008:S-P01-S04:GS07:p0001,CP-AU-r008:S-P01-S04:GS07:p0001,S-P01-S04,GS07,GS07-A1,2026-12-26T23:20:03.426085Z,2026-12-26T23:22:16.864414Z,-2396.573915,-2263.135586,133.438329,-2396573915,-2263135586,133438329,False,outside_horizon_padding,f15eacfea5f4fdf5ab36674c369deeac90ef1324f43cba80f9c6dc879aa792d5
CP-SOURCE-r008,A-U,r008,2026-12-27T00:00:00Z,CP-AU-r008:S-P07-S04:GS07:p0001,CP-AU-r008:S-P07-S04:GS07:p0001,S-P07-S04,GS07,GS07-A1,2026-12-26T23:20:14.341487Z,2026-12-26T23:25:47.830432Z,-2385.658513,-2052.169568,333.488945,-2385658513,-2052169568,333488945,False,outside_horizon_padding,f15eacfea5f4fdf5ab36674c369deeac90ef1324f43cba80f9c6dc879aa792d5
CP-SOURCE-r008,A-U,r008,2026-12-27T00:00:00Z,CP-AU-r008:S-P01-S04:GS09:p0001,CP-AU-r008:S-P01-S04:GS09:p0001,S-P01-S04,GS09,GS09-A1,2026-12-26T23:20:14.985542Z,2026-12-26T23:27:28.139654Z,-2385.014458,-1951.860346,433.154112,-2385014458,-1951860346,433154112,False,outside_horizon_padding,f15eacfea5f4fdf5ab36674c369deeac90ef1324f43cba80f9c6dc879aa792d5
CP-SOURCE-r008,A-U,r008,2026-12-27T00:00:00Z,CP-AU-r008:S-P07-S04:GS01:p0001,CP-AU-r008:S-P07-S04:GS01:p0001,S-P07-S04,GS01,GS01-A1,2026-12-26T23:20:32.121158Z,2026-12-26T23:27:28.435100Z,-2367.878842,-1951.564900,416.313942,-2367878842,-1951564900,416313942,False,outside_horizon_padding,f15eacfea5f4fdf5ab36674c369deeac90ef1324f43cba80f9c6dc879aa792d5
CP-SOURCE-r008,A-U,r008,2026-12-27T00:00:00Z,CP-AU-r008:S-P01-S04:GS10:p0001,CP-AU-r008:S-P01-S04:GS10:p0001,S-P01-S04,GS10,GS10-A1,2026-12-26T23:20:52.712541Z,2026-12-26T23:29:16.162253Z,-2347.287459,-1843.837747,503.449712,-2347287459,-1843837747,503449712,False,outside_horizon_padding,f15eacfea5f4fdf5ab36674c369deeac90ef1324f43cba80f9c6dc879aa792d5
CP-SOURCE-r008,A-U,r008,2026-12-27T00:00:00Z,CP-AU-r008:S-P03-S01:GS05:p0001,CP-AU-r008:S-P03-S01:GS05:p0001,S-P03-S01,GS05,GS05-A1,2026-12-26T23:21:14.573819Z,2026-12-26T23:28:12.256707Z,-2325.426181,-1907.743293,417.682888,-2325426181,-1907743293,417682888,False,outside_horizon_padding,f15eacfea5f4fdf5ab36674c369deeac90ef1324f43cba80f9c6dc879aa792d5
CP-SOURCE-r008,A-U,r008,2026-12-27T00:00:00Z,CP-AU-r008:S-P03-S01:GS11:p0001,CP-AU-r008:S-P03-S01:GS11:p0001,S-P03-S01,GS11,GS11-A1,2026-12-26T23:21:21.481331Z,2026-12-26T23:29:36.643516Z,-2318.518669,-1823.356484,495.162185,-2318518669,-1823356484,495162185,False,outside_horizon_padding,f15eacfea5f4fdf5ab36674c369deeac90ef1324f43cba80f9c6dc879aa792d5
CP-SOURCE-r008,A-U,r008,2026-12-27T00:00:00Z,CP-AU-r008:S-P01-S04:GS11:p0001,CP-AU-r008:S-P01-S04:GS11:p0001,S-P01-S04,GS11,GS11-A1,2026-12-26T23:21:39.659540Z,2026-12-26T23:30:45.015246Z,-2300.340460,-1754.984754,545.355706,-2300340460,-1754984754,545355706,False,outside_horizon_padding,f15eacfea5f4fdf5ab36674c369deeac90ef1324f43cba80f9c6dc879aa792d5
CP-SOURCE-r008,A-U,r008,2026-12-27T00:00:00Z,CP-AU-r008:S-P01-S04:GS03:p0001,CP-AU-r008:S-P01-S04:GS03:p0001,S-P01-S04,GS03,GS03-A1,2026-12-26T23:22:04.569375Z,2026-12-26T23:27:03.851048Z,-2275.430625,-1976.148952,299.281673,-2275430625,-1976148952,299281673,False,outside_horizon_padding,f15eacfea5f4fdf5ab36674c369deeac90ef1324f43cba80f9c6dc879aa792d5
CP-SOURCE-r008,A-U,r008,2026-12-27T00:00:00Z,CP-AU-r008:S-P01-S04:GS04:p0001,CP-AU-r008:S-P01-S04:GS04:p0001,S-P01-S04,GS04,GS04-A1,2026-12-26T23:22:14.216245Z,2026-12-26T23:29:26.662258Z,-2265.783755,-1833.337742,432.446013,-2265783755,-1833337742,432446013,False,outside_horizon_padding,f15eacfea5f4fdf5ab36674c369deeac90ef1324f43cba80f9c6dc879aa792d5
CP-SOURCE-r008,A-U,r008,2026-12-27T00:00:00Z,CP-AU-r008:S-P01-S04:GS12:p0001,CP-AU-r008:S-P01-S04:GS12:p0001,S-P01-S04,GS12,GS12-A1,2026-12-26T23:22:35.553346Z,2026-12-26T23:31:55.621389Z,-2244.446654,-1684.378611,560.068043,-2244446654,-1684378611,560068043,False,outside_horizon_padding,f15eacfea5f4fdf5ab36674c369deeac90ef1324f43cba80f9c6dc879aa792d5
CP-SOURCE-r008,A-U,r008,2026-12-27T00:00:00Z,CP-AU-r008:S-P01-S04:GS05:p0001,CP-AU-r008:S-P01-S04:GS05:p0001,S-P01-S04,GS05,GS05-A1,2026-12-26T23:22:46.124728Z,2026-12-26T23:31:16.283253Z,-2233.875272,-1723.716747,510.158525,-2233875272,-1723716747,510158525,False,outside_horizon_padding,f15eacfea5f4fdf5ab36674c369deeac90ef1324f43cba80f9c6dc879aa792d5
CP-SOURCE-r008,A-U,r008,2026-12-27T00:00:00Z,CP-AU-r008:S-P03-S01:GS12:p0001,CP-AU-r008:S-P03-S01:GS12:p0001,S-P03-S01,GS12,GS12-A1,2026-12-26T23:23:12.483874Z,2026-12-26T23:30:12.663665Z,-2207.516126,-1787.336335,420.179791,-2207516126,-1787336335,420179791,False,outside_horizon_padding,f15eacfea5f4fdf5ab36674c369deeac90ef1324f43cba80f9c6dc879aa792d5
CP-SOURCE-r008,A-U,r008,2026-12-27T00:00:00Z,CP-AU-r008:S-P07-S04:GS02:p0001,CP-AU-r008:S-P07-S04:GS02:p0001,S-P07-S04,GS02,GS02-A1,2026-12-26T23:23:22.017529Z,2026-12-26T23:26:18.688041Z,-2197.982471,-2021.311959,176.670512,-2197982471,-2021311959,176670512,False,outside_horizon_padding,f15eacfea5f4fdf5ab36674c369deeac90ef1324f43cba80f9c6dc879aa792d5
CP-SOURCE-r008,A-U,r008,2026-12-27T00:00:00Z,CP-AU-r008:S-P01-S04:GS06:p0001,CP-AU-r008:S-P01-S04:GS06:p0001,S-P01-S04,GS06,GS06-A1,2026-12-26T23:23:31.601150Z,2026-12-26T23:32:42.381147Z,-2188.398850,-1637.618853,550.779997,-2188398850,-1637618853,550779997,False,outside_horizon_padding,f15eacfea5f4fdf5ab36674c369deeac90ef1324f43cba80f9c6dc879aa792d5
CP-SOURCE-r008,A-U,r008,2026-12-27T00:00:00Z,CP-AU-r008:S-P03-S01:GS06:p0001,CP-AU-r008:S-P03-S01:GS06:p0001,S-P03-S01,GS06,GS06-A1,2026-12-26T23:23:44.432540Z,2026-12-26T23:28:16.271798Z,-2175.567460,-1903.728202,271.839258,-2175567460,-1903728202,271839258,False,outside_horizon_padding,f15eacfea5f4fdf5ab36674c369deeac90ef1324f43cba80f9c6dc879aa792d5
CP-SOURCE-r008,A-U,r008,2026-12-27T00:00:00Z,CP-AU-r008:S-P03-S12:GS01:p0001,CP-AU-r008:S-P03-S12:GS01:p0001,S-P03-S12,GS01,GS01-A1,2026-12-26T23:24:36.325469Z,2026-12-26T23:33:44.076697Z,-2123.674531,-1575.923303,547.751228,-2123674531,-1575923303,547751228,False,outside_horizon_padding,f15eacfea5f4fdf5ab36674c369deeac90ef1324f43cba80f9c6dc879aa792d5
CP-SOURCE-r008,A-U,r008,2026-12-27T00:00:00Z,CP-AU-r008:S-P03-S12:GS02:p0001,CP-AU-r008:S-P03-S12:GS02:p0001,S-P03-S12,GS02,GS02-A1,2026-12-26T23:25:30.092517Z,2026-12-26T23:34:48.651885Z,-2069.907483,-1511.348115,558.559368,-2069907483,-1511348115,558559368,False,outside_horizon_padding,f15eacfea5f4fdf5ab36674c369deeac90ef1324f43cba80f9c6dc879aa792d5
CP-SOURCE-r008,A-U,r008,2026-12-27T00:00:00Z,CP-AU-r008:S-P03-S12:GS07:p0001,CP-AU-r008:S-P03-S12:GS07:p0001,S-P03-S12,GS07,GS07-A1,2026-12-26T23:25:43.310110Z,2026-12-26T23:34:27.059377Z,-2056.689890,-1532.940623,523.749267,-2056689890,-1532940623,523749267,False,outside_horizon_padding,f15eacfea5f4fdf5ab36674c369deeac90ef1324f43cba80f9c6dc879aa792d5
CP-SOURCE-r008,A-U,r008,2026-12-27T00:00:00Z,CP-AU-r008:S-P03-S12:GS08:p0001,CP-AU-r008:S-P03-S12:GS08:p0001,S-P03-S12,GS08,GS08-A1,2026-12-26T23:26:23.819766Z,2026-12-26T23:35:40.267680Z,-2016.180234,-1459.732320,556.447914,-2016180234,-1459732320,556447914,False,outside_horizon_padding,f15eacfea5f4fdf5ab36674c369deeac90ef1324f43cba80f9c6dc879aa792d5
CP-SOURCE-r008,A-U,r008,2026-12-27T00:00:00Z,CP-AU-r008:S-P03-S12:GS03:p0001,CP-AU-r008:S-P03-S12:GS03:p0001,S-P03-S12,GS03,GS03-A1,2026-12-26T23:26:45.283794Z,2026-12-26T23:35:40.191859Z,-1994.716206,-1459.808141,534.908065,-1994716206,-1459808141,534908065,False,outside_horizon_padding,f15eacfea5f4fdf5ab36674c369deeac90ef1324f43cba80f9c6dc879aa792d5
CP-SOURCE-r008,A-U,r008,2026-12-27T00:00:00Z,CP-AU-r008:S-P03-S12:GS09:p0001,CP-AU-r008:S-P03-S12:GS09:p0001,S-P03-S12,GS09,GS09-A1,2026-12-26T23:27:24.877489Z,2026-12-26T23:36:41.096586Z,-1955.122511,-1398.903414,556.219097,-1955122511,-1398903414,556219097,False,outside_horizon_padding,f15eacfea5f4fdf5ab36674c369deeac90ef1324f43cba80f9c6dc879aa792d5
CP-SOURCE-r008,A-U,r008,2026-12-27T00:00:00Z,CP-AU-r008:S-P01-S03:GS07:p0001,CP-AU-r008:S-P01-S03:GS07:p0001,S-P01-S03,GS07,GS07-A1,2026-12-26T23:28:12.984313Z,2026-12-26T23:31:55.804795Z,-1907.015687,-1684.195205,222.820482,-1907015687,-1684195205,222820482,False,outside_horizon_padding,f15eacfea5f4fdf5ab36674c369deeac90ef1324f43cba80f9c6dc879aa792d5
CP-SOURCE-r008,A-U,r008,2026-12-27T00:00:00Z,CP-AU-r008:S-P01-S03:GS08:p0001,CP-AU-r008:S-P01-S03:GS08:p0001,S-P01-S03,GS08,GS08-A1,2026-12-26T23:28:21.077186Z,2026-12-26T23:34:30.669205Z,-1898.922814,-1529.330795,369.592019,-1898922814,-1529330795,369592019,False,outside_horizon_padding,f15eacfea5f4fdf5ab36674c369deeac90ef1324f43cba80f9c6dc879aa792d5
CP-SOURCE-r008,A-U,r008,2026-12-27T00:00:00Z,CP-AU-r008:S-P03-S12:GS04:p0001,CP-AU-r008:S-P03-S12:GS04:p0001,S-P03-S12,GS04,GS04-A1,2026-12-26T23:28:22.424116Z,2026-12-26T23:36:19.221320Z,-1897.575884,-1420.778680,476.797204,-1897575884,-1420778680,476797204,False,outside_horizon_padding,f15eacfea5f4fdf5ab36674c369deeac90ef1324f43cba80f9c6dc879aa792d5
CP-SOURCE-r008,A-U,r008,2026-12-27T00:00:00Z,CP-AU-r008:S-P03-S12:GS10:p0001,CP-AU-r008:S-P03-S12:GS10:p0001,S-P03-S12,GS10,GS10-A1,2026-12-26T23:28:44.463450Z,2026-12-26T23:37:32.335085Z,-1875.536550,-1347.664915,527.871635,-1875536550,-1347664915,527871635,False,outside_horizon_padding,f15eacfea5f4fdf5ab36674c369deeac90ef1324f43cba80f9c6dc879aa792d5
CP-SOURCE-r008,A-U,r008,2026-12-27T00:00:00Z,CP-AU-r008:S-P01-S03:GS09:p0001,CP-AU-r008:S-P01-S03:GS09:p0001,S-P01-S03,GS09,GS09-A1,2026-12-26T23:28:51.275698Z,2026-12-26T23:36:32.898815Z,-1868.724302,-1407.101185,461.623117,-1868724302,-1407101185,461623117,False,outside_horizon_padding,f15eacfea5f4fdf5ab36674c369deeac90ef1324f43cba80f9c6dc879aa792d5
CP-SOURCE-r008,A-U,r008,2026-12-27T00:00:00Z,CP-AU-r008:S-P01-S03:GS10:p0001,CP-AU-r008:S-P01-S03:GS10:p0001,S-P01-S03,GS10,GS10-A1,2026-12-26T23:29:32.454137Z,2026-12-26T23:38:13.874327Z,-1827.545863,-1306.125673,521.420190,-1827545863,-1306125673,521420190,False,outside_horizon_padding,f15eacfea5f4fdf5ab36674c369deeac90ef1324f43cba80f9c6dc879aa792d5
CP-SOURCE-r008,A-U,r008,2026-12-27T00:00:00Z,CP-AU-r008:S-P07-S03:GS07:p0001,CP-AU-r008:S-P07-S03:GS07:p0001,S-P07-S03,GS07,GS07-A1,2026-12-26T23:29:39.614396Z,2026-12-26T23:33:45.048644Z,-1820.385604,-1574.951356,245.434248,-1820385604,-1574951356,245434248,False,outside_horizon_padding,f15eacfea5f4fdf5ab36674c369deeac90ef1324f43cba80f9c6dc879aa792d5
CP-SOURCE-r008,A-U,r008,2026-12-27T00:00:00Z,CP-AU-r008:S-P07-S03:GS01:p0001,CP-AU-r008:S-P07-S03:GS01:p0001,S-P07-S03,GS01,GS01-A1,2026-12-26T23:29:42.719792Z,2026-12-26T23:35:42.143431Z,-1817.280208,-1457.856569,359.423639,-1817280208,-1457856569,359423639,False,outside_horizon_padding,f15eacfea5f4fdf5ab36674c369deeac90ef1324f43cba80f9c6dc879aa792d5
CP-SOURCE-r008,A-U,r008,2026-12-27T00:00:00Z,CP-AU-r008:S-P01-S03:GS11:p0001,CP-AU-r008:S-P01-S03:GS11:p0001,S-P01-S03,GS11,GS11-A1,2026-12-26T23:30:22.500647Z,2026-12-26T23:39:36.245601Z,-1777.499353,-1223.754399,553.744954,-1777499353,-1223754399,553744954,False,outside_horizon_padding,f15eacfea5f4fdf5ab36674c369deeac90ef1324f43cba80f9c6dc879aa792d5
CP-SOURCE-r008,A-U,r008,2026-12-27T00:00:00Z,CP-AU-r008:S-P03-S12:GS11:p0001,CP-AU-r008:S-P03-S12:GS11:p0001,S-P03-S12,GS11,GS11-A1,2026-12-26T23:30:22.567528Z,2026-12-26T23:38:14.708615Z,-1777.432472,-1305.291385,472.141087,-1777432472,-1305291385,472141087,False,outside_horizon_padding,f15eacfea5f4fdf5ab36674c369deeac90ef1324f43cba80f9c6dc879aa792d5
CP-SOURCE-r008,A-U,r008,2026-12-27T00:00:00Z,CP-AU-r008:S-P03-S12:GS05:p0001,CP-AU-r008:S-P03-S12:GS05:p0001,S-P03-S12,GS05,GS05-A1,2026-12-26T23:30:26.324138Z,2026-12-26T23:36:41.954705Z,-1773.675862,-1398.045295,375.630567,-1773675862,-1398045295,375630567,False,outside_horizon_padding,f15eacfea5f4fdf5ab36674c369deeac90ef1324f43cba80f9c6dc879aa792d5
CP-SOURCE-r008,A-U,r008,2026-12-27T00:00:00Z,CP-AU-r008:S-P01-S03:GS03:p0001,CP-AU-r008:S-P01-S03:GS03:p0001,S-P01-S03,GS03,GS03-A1,2026-12-26T23:30:28.161538Z,2026-12-26T23:36:23.821908Z,-1771.838462,-1416.178092,355.660370,-1771838462,-1416178092,355660370,False,outside_horizon_padding,f15eacfea5f4fdf5ab36674c369deeac90ef1324f43cba80f9c6dc879aa792d5
CP-SOURCE-r008,A-U,r008,2026-12-27T00:00:00Z,CP-AU-r008:S-P01-S03:GS04:p0001,CP-AU-r008:S-P01-S03:GS04:p0001,S-P01-S03,GS04,GS04-A1,2026-12-26T23:30:47.795064Z,2026-12-26T23:38:32.664908Z,-1752.204936,-1287.335092,464.869844,-1752204936,-1287335092,464869844,False,outside_horizon_padding,f15eacfea5f4fdf5ab36674c369deeac90ef1324f43cba80f9c6dc879aa792d5
CP-SOURCE-r008,A-U,r008,2026-12-27T00:00:00Z,CP-AU-r008:S-P01-S03:GS02:p0001,CP-AU-r008:S-P01-S03:GS02:p0001,S-P01-S03,GS02,GS02-A1,2026-12-26T23:31:00.472632Z,2026-12-26T23:33:11.569499Z,-1739.527368,-1608.430501,131.096867,-1739527368,-1608430501,131096867,False,outside_horizon_padding,f15eacfea5f4fdf5ab36674c369deeac90ef1324f43cba80f9c6dc879aa792d5
CP-SOURCE-r008,A-U,r008,2026-12-27T00:00:00Z,CP-AU-r008:S-P01-S03:GS12:p0001,CP-AU-r008:S-P01-S03:GS12:p0001,S-P01-S03,GS12,GS12-A1,2026-12-26T23:31:21.870934Z,2026-12-26T23:40:40.253131Z,-1718.129066,-1159.746869,558.382197,-1718129066,-1159746869,558382197,False,outside_horizon_padding,f15eacfea5f4fdf5ab36674c369deeac90ef1324f43cba80f9c6dc879aa792d5
CP-SOURCE-r008,A-U,r008,2026-12-27T00:00:00Z,CP-AU-r008:S-P01-S03:GS05:p0001,CP-AU-r008:S-P01-S03:GS05:p0001,S-P01-S03,GS05,GS05-A1,2026-12-26T23:31:24.932577Z,2026-12-26T23:40:13.407567Z,-1715.067423,-1186.592433,528.474990,-1715067423,-1186592433,528474990,False,outside_horizon_padding,f15eacfea5f4fdf5ab36674c369deeac90ef1324f43cba80f9c6dc879aa792d5
CP-SOURCE-r008,A-U,r008,2026-12-27T00:00:00Z,CP-AU-r008:S-P01-S03:GS06:p0001,CP-AU-r008:S-P01-S03:GS06:p0001,S-P01-S03,GS06,GS06-A1,2026-12-26T23:32:14.739916Z,2026-12-26T23:41:31.890958Z,-1665.260084,-1108.109042,557.151042,-1665260084,-1108109042,557151042,False,outside_horizon_padding,f15eacfea5f4fdf5ab36674c369deeac90ef1324f43cba80f9c6dc879aa792d5
CP-SOURCE-r008,A-U,r008,2026-12-27T00:00:00Z,CP-AU-r008:S-P03-S12:GS12:p0001,CP-AU-r008:S-P03-S12:GS12:p0001,S-P03-S12,GS12,GS12-A1,2026-12-26T23:32:21.396361Z,2026-12-26T23:38:46.582905Z,-1658.603639,-1273.417095,385.186544,-1658603639,-1273417095,385186544,False,outside_horizon_padding,f15eacfea5f4fdf5ab36674c369deeac90ef1324f43cba80f9c6dc879aa792d5
CP-SOURCE-r008,A-U,r008,2026-12-27T00:00:00Z,CP-AU-r008:S-P03-S11:GS01:p0001,CP-AU-r008:S-P03-S11:GS01:p0001,S-P03-S11,GS01,GS01-A1,2026-12-26T23:33:16.934776Z,2026-12-26T23:42:32.723174Z,-1603.065224,-1047.276826,555.788398,-1603065224,-1047276826,555788398,False,outside_horizon_padding,f15eacfea5f4fdf5ab36674c369deeac90ef1324f43cba80f9c6dc879aa792d5
CP-SOURCE-r008,A-U,r008,2026-12-27T00:00:00Z,CP-AU-r008:S-P03-S12:GS06:p0001,CP-AU-r008:S-P03-S12:GS06:p0001,S-P03-S12,GS06,GS06-A1,2026-12-26T23:33:21.020302Z,2026-12-26T23:36:25.256564Z,-1598.979698,-1414.743436,184.236262,-1598979698,-1414743436,184236262,False,outside_horizon_padding,f15eacfea5f4fdf5ab36674c369deeac90ef1324f43cba80f9c6dc879aa792d5
CP-SOURCE-r008,A-U,r008,2026-12-27T00:00:00Z,CP-AU-r008:S-P03-S11:GS02:p0001,CP-AU-r008:S-P03-S11:GS02:p0001,S-P03-S11,GS02,GS02-A1,2026-12-26T23:34:18.438766Z,2026-12-26T23:43:32.419621Z,-1541.561234,-987.580379,553.980855,-1541561234,-987580379,553980855,False,outside_horizon_padding,f15eacfea5f4fdf5ab36674c369deeac90ef1324f43cba80f9c6dc879aa792d5
CP-SOURCE-r008,A-U,r008,2026-12-27T00:00:00Z,CP-AU-r008:S-P03-S11:GS07:p0001,CP-AU-r008:S-P03-S11:GS07:p0001,S-P03-S11,GS07,GS07-A1,2026-12-26T23:34:19.165010Z,2026-12-26T23:43:18.827528Z,-1540.834990,-1001.172472,539.662518,-1540834990,-1001172472,539662518,False,outside_horizon_padding,f15eacfea5f4fdf5ab36674c369deeac90ef1324f43cba80f9c6dc879aa792d5
CP-SOURCE-r008,A-U,r008,2026-12-27T00:00:00Z,CP-AU-r008:S-P03-S11:GS08:p0001,CP-AU-r008:S-P03-S11:GS08:p0001,S-P03-S11,GS08,GS08-A1,2026-12-26T23:35:07.369067Z,2026-12-26T23:44:27.151428Z,-1492.630933,-932.848572,559.782361,-1492630933,-932848572,559782361,False,outside_horizon_padding,f15eacfea5f4fdf5ab36674c369deeac90ef1324f43cba80f9c6dc879aa792d5
CP-SOURCE-r008,A-U,r008,2026-12-27T00:00:00Z,CP-AU-r008:S-P03-S11:GS03:p0001,CP-AU-r008:S-P03-S11:GS03:p0001,S-P03-S11,GS03,GS03-A1,2026-12-26T23:35:41.195440Z,2026-12-26T23:44:19.622784Z,-1458.804560,-940.377216,518.427344,-1458804560,-940377216,518427344,False,outside_horizon_padding,f15eacfea5f4fdf5ab36674c369deeac90ef1324f43cba80f9c6dc879aa792d5
CP-SOURCE-r008,A-U,r008,2026-12-27T00:00:00Z,CP-AU-r008:S-P03-S11:GS09:p0001,CP-AU-r008:S-P03-S11:GS09:p0001,S-P03-S11,GS09,GS09-A1,2026-12-26T23:36:15.113822Z,2026-12-26T23:45:24.377670Z,-1424.886178,-875.622330,549.263848,-1424886178,-875622330,549263848,False,outside_horizon_padding,f15eacfea5f4fdf5ab36674c369deeac90ef1324f43cba80f9c6dc879aa792d5
CP-SOURCE-r008,A-U,r008,2026-12-27T00:00:00Z,CP-AU-r008:S-P01-S02:GS07:p0001,CP-AU-r008:S-P01-S02:GS07:p0001,S-P01-S02,GS07,GS07-A1,2026-12-26T23:36:35.507587Z,2026-12-26T23:41:20.470109Z,-1404.492413,-1119.529891,284.962522,-1404492413,-1119529891,284962522,False,outside_horizon_padding,f15eacfea5f4fdf5ab36674c369deeac90ef1324f43cba80f9c6dc879aa792d5
CP-SOURCE-r008,A-U,r008,2026-12-27T00:00:00Z,CP-AU-r008:S-P01-S02:GS08:p0001,CP-AU-r008:S-P01-S02:GS08:p0001,S-P01-S02,GS08,GS08-A1,2026-12-26T23:36:54.287287Z,2026-12-26T23:43:40.905305Z,-1385.712713,-979.094695,406.618018,-1385712713,-979094695,406618018,False,outside_horizon_padding,f15eacfea5f4fdf5ab36674c369deeac90ef1324f43cba80f9c6dc879aa792d5
CP-SOURCE-r008,A-U,r008,2026-12-27T00:00:00Z,CP-AU-r008:S-P03-S11:GS04:p0001,CP-AU-r008:S-P03-S11:GS04:p0001,S-P03-S11,GS04,GS04-A1,2026-12-26T23:37:26.931108Z,2026-12-26T23:44:53.657375Z,-1353.068892,-906.342625,446.726267,-1353068892,-906342625,446726267,False,outside_horizon_padding,f15eacfea5f4fdf5ab36674c369deeac90ef1324f43cba80f9c6dc879aa792d5
CP-SOURCE-r008,A-U,r008,2026-12-27T00:00:00Z,CP-AU-r008:S-P01-S02:GS09:p0001,CP-AU-r008:S-P01-S02:GS09:p0001,S-P01-S02,GS09,GS09-A1,2026-12-26T23:37:28.895436Z,2026-12-26T23:45:35.032198Z,-1351.104564,-864.967802,486.136762,-1351104564,-864967802,486136762,False,outside_horizon_padding,f15eacfea5f4fdf5ab36674c369deeac90ef1324f43cba80f9c6dc879aa792d5
CP-SOURCE-r008,A-U,r008,2026-12-27T00:00:00Z,CP-AU-r008:S-P03-S11:GS10:p0001,CP-AU-r008:S-P03-S11:GS10:p0001,S-P03-S11,GS10,GS10-A1,2026-12-26T23:37:41.181131Z,2026-12-26T23:46:12.485022Z,-1338.818869,-827.514978,511.303891,-1338818869,-827514978,511303891,False,outside_horizon_padding,f15eacfea5f4fdf5ab36674c369deeac90ef1324f43cba80f9c6dc879aa792d5
CP-SOURCE-r008,A-U,r008,2026-12-27T00:00:00Z,CP-AU-r008:S-P01-S02:GS10:p0001,CP-AU-r008:S-P01-S02:GS10:p0001,S-P01-S02,GS10,GS10-A1,2026-12-26T23:38:13.292393Z,2026-12-26T23:47:09.262365Z,-1306.707607,-770.737635,535.969972,-1306707607,-770737635,535969972,False,outside_horizon_padding,f15eacfea5f4fdf5ab36674c369deeac90ef1324f43cba80f9c6dc879aa792d5
CP-SOURCE-r008,A-U,r008,2026-12-27T00:00:00Z,CP-AU-r008:S-P01-S02:GS03:p0001,CP-AU-r008:S-P01-S02:GS03:p0001,S-P01-S02,GS03,GS03-A1,2026-12-26T23:38:56.472537Z,2026-12-26T23:45:37.627513Z,-1263.527463,-862.372487,401.154976,-1263527463,-862372487,401154976,False,outside_horizon_padding,f15eacfea5f4fdf5ab36674c369deeac90ef1324f43cba80f9c6dc879aa792d5
CP-SOURCE-r008,A-U,r008,2026-12-27T00:00:00Z,CP-AU-r008:S-P01-S02:GS02:p0001,CP-AU-r008:S-P01-S02:GS02:p0001,S-P01-S02,GS02,GS02-A1,2026-12-26T23:38:58.999471Z,2026-12-26T23:42:59.312364Z,-1261.000529,-1020.687636,240.312893,-1261000529,-1020687636,240312893,False,outside_horizon_padding,f15eacfea5f4fdf5ab36674c369deeac90ef1324f43cba80f9c6dc879aa792d5
CP-SOURCE-r008,A-U,r008,2026-12-27T00:00:00Z,CP-AU-r008:S-P07-S02:GS01:p0001,CP-AU-r008:S-P07-S02:GS01:p0001,S-P07-S02,GS01,GS01-A1,2026-12-26T23:39:04.412691Z,2026-12-26T23:43:44.074932Z,-1255.587309,-975.925068,279.662241,-1255587309,-975925068,279662241,False,outside_horizon_padding,f15eacfea5f4fdf5ab36674c369deeac90ef1324f43cba80f9c6dc879aa792d5
CP-SOURCE-r008,A-U,r008,2026-12-27T00:00:00Z,CP-AU-r008:S-P01-S02:GS11:p0001,CP-AU-r008:S-P01-S02:GS11:p0001,S-P01-S02,GS11,GS11-A1,2026-12-26T23:39:06.500249Z,2026-12-26T23:48:25.179607Z,-1253.499751,-694.820393,558.679358,-1253499751,-694820393,558679358,False,outside_horizon_padding,f15eacfea5f4fdf5ab36674c369deeac90ef1324f43cba80f9c6dc879aa792d5
CP-SOURCE-r008,A-U,r008,2026-12-27T00:00:00Z,CP-AU-r008:S-P01-S02:GS04:p0001,CP-AU-r008:S-P01-S02:GS04:p0001,S-P01-S02,GS04,GS04-A1,2026-12-26T23:39:23.456743Z,2026-12-26T23:47:35.250049Z,-1236.543257,-744.749951,491.793306,-1236543257,-744749951,491793306,False,outside_horizon_padding,f15eacfea5f4fdf5ab36674c369deeac90ef1324f43cba80f9c6dc879aa792d5
CP-SOURCE-r008,A-U,r008,2026-12-27T00:00:00Z,CP-AU-r008:S-P03-S11:GS11:p0001,CP-AU-r008:S-P03-S11:GS11:p0001,S-P03-S11,GS11,GS11-A1,2026-12-26T23:39:26.221153Z,2026-12-26T23:46:51.496761Z,-1233.778847,-788.503239,445.275608,-1233778847,-788503239,445275608,False,outside_horizon_padding,f15eacfea5f4fdf5ab36674c369deeac90ef1324f43cba80f9c6dc879aa792d5
CP-SOURCE-r008,A-U,r008,2026-12-27T00:00:00Z,CP-AU-r008:S-P03-S11:GS05:p0001,CP-AU-r008:S-P03-S11:GS05:p0001,S-P03-S11,GS05,GS05-A1,2026-12-26T23:39:43.493070Z,2026-12-26T23:45:07.668532Z,-1216.506930,-892.331468,324.175462,-1216506930,-892331468,324175462,False,outside_horizon_padding,f15eacfea5f4fdf5ab36674c369deeac90ef1324f43cba80f9c6dc879aa792d5
CP-SOURCE-r008,A-U,r008,2026-12-27T00:00:00Z,CP-AU-r008:S-P07-S02:GS07:p0001,CP-AU-r008:S-P07-S02:GS07:p0001,S-P07-S02,GS07,GS07-A1,2026-12-26T23:39:57.897641Z,2026-12-26T23:40:48.506078Z,-1202.102359,-1151.493922,50.608437,-1202102359,-1151493922,50608437,False,outside_horizon_padding,f15eacfea5f4fdf5ab36674c369deeac90ef1324f43cba80f9c6dc879aa792d5
CP-SOURCE-r008,A-U,r008,2026-12-27T00:00:00Z,CP-AU-r008:S-P01-S02:GS05:p0001,CP-AU-r008:S-P01-S02:GS05:p0001,S-P01-S02,GS05,GS05-A1,2026-12-26T23:40:05.300503Z,2026-12-26T23:49:07.764558Z,-1194.699497,-652.235442,542.464055,-1194699497,-652235442,542464055,False,outside_horizon_padding,f15eacfea5f4fdf5ab36674c369deeac90ef1324f43cba80f9c6dc879aa792d5
CP-SOURCE-r008,A-U,r008,2026-12-27T00:00:00Z,CP-AU-r008:S-P01-S02:GS12:p0001,CP-AU-r008:S-P01-S02:GS12:p0001,S-P01-S02,GS12,GS12-A1,2026-12-26T23:40:09.641071Z,2026-12-26T23:49:22.389843Z,-1190.358929,-637.610157,552.748772,-1190358929,-637610157,552748772,False,outside_horizon_padding,f15eacfea5f4fdf5ab36674c369deeac90ef1324f43cba80f9c6dc879aa792d5
CP-SOURCE-r008,A-U,r008,2026-12-27T00:00:00Z,CP-AU-r008:S-P01-S02:GS06:p0001,CP-AU-r008:S-P01-S02:GS06:p0001,S-P01-S02,GS06,GS06-A1,2026-12-26T23:40:59.453739Z,2026-12-26T23:50:18.751164Z,-1140.546261,-581.248836,559.297425,-1140546261,-581248836,559297425,False,outside_horizon_padding,f15eacfea5f4fdf5ab36674c369deeac90ef1324f43cba80f9c6dc879aa792d5
CP-SOURCE-r008,A-U,r008,2026-12-27T00:00:00Z,CP-AU-r008:S-P03-S11:GS12:p0001,CP-AU-r008:S-P03-S11:GS12:p0001,S-P03-S11,GS12,GS12-A1,2026-12-26T23:41:33.804874Z,2026-12-26T23:47:18.337876Z,-1106.195126,-761.662124,344.533002,-1106195126,-761662124,344533002,False,outside_horizon_padding,f15eacfea5f4fdf5ab36674c369deeac90ef1324f43cba80f9c6dc879aa792d5
CP-SOURCE-r008,A-U,r008,2026-12-27T00:00:00Z,CP-AU-r008:S-P04-S10:GS06:p0001,CP-AU-r008:S-P04-S10:GS06:p0001,S-P04-S10,GS06,GS06-A1,2026-12-26T23:41:36.791043Z,2026-12-26T23:42:50.768593Z,-1103.208957,-1029.231407,73.977550,-1103208957,-1029231407,73977550,False,outside_horizon_padding,f15eacfea5f4fdf5ab36674c369deeac90ef1324f43cba80f9c6dc879aa792d5
CP-SOURCE-r008,A-U,r008,2026-12-27T00:00:00Z,CP-AU-r008:S-P03-S10:GS01:p0001,CP-AU-r008:S-P03-S10:GS01:p0001,S-P03-S10,GS01,GS01-A1,2026-12-26T23:42:00.379368Z,2026-12-26T23:51:19.506447Z,-1079.620632,-520.493553,559.127079,-1079620632,-520493553,559127079,False,outside_horizon_padding,f15eacfea5f4fdf5ab36674c369deeac90ef1324f43cba80f9c6dc879aa792d5
CP-SOURCE-r008,A-U,r008,2026-12-27T00:00:00Z,CP-AU-r008:S-P03-S10:GS07:p0001,CP-AU-r008:S-P03-S10:GS07:p0001,S-P03-S10,GS07,GS07-A1,2026-12-26T23:42:57.941946Z,2026-12-26T23:52:08.640156Z,-1022.058054,-471.359844,550.698210,-1022058054,-471359844,550698210,False,outside_horizon_padding,f15eacfea5f4fdf5ab36674c369deeac90ef1324f43cba80f9c6dc879aa792d5
CP-SOURCE-r008,A-U,r008,2026-12-27T00:00:00Z,CP-AU-r008:S-P03-S10:GS02:p0001,CP-AU-r008:S-P03-S10:GS02:p0001,S-P03-S10,GS02,GS02-A1,2026-12-26T23:43:09.434330Z,2026-12-26T23:52:14.640457Z,-1010.565670,-465.359543,545.206127,-1010565670,-465359543,545206127,False,outside_horizon_padding,f15eacfea5f4fdf5ab36674c369deeac90ef1324f43cba80f9c6dc879aa792d5
CP-SOURCE-r008,A-U,r008,2026-12-27T00:00:00Z,CP-AU-r008:S-P03-S10:GS08:p0001,CP-AU-r008:S-P03-S10:GS08:p0001,S-P03-S10,GS08,GS08-A1,2026-12-26T23:43:53.355972Z,2026-12-26T23:53:12.661466Z,-966.644028,-407.338534,559.305494,-966644028,-407338534,559305494,False,outside_horizon_padding,f15eacfea5f4fdf5ab36674c369deeac90ef1324f43cba80f9c6dc879aa792d5
CP-SOURCE-r008,A-U,r008,2026-12-27T00:00:00Z,CP-AU-r008:S-P03-S10:GS03:p0001,CP-AU-r008:S-P03-S10:GS03:p0001,S-P03-S10,GS03,GS03-A1,2026-12-26T23:44:39.957964Z,2026-12-26T23:52:57.439316Z,-920.042036,-422.560684,497.481352,-920042036,-422560684,497481352,False,outside_horizon_padding,f15eacfea5f4fdf5ab36674c369deeac90ef1324f43cba80f9c6dc879aa792d5
CP-SOURCE-r008,A-U,r008,2026-12-27T00:00:00Z,CP-AU-r008:S-P01-S01:GS07:p0001,CP-AU-r008:S-P01-S01:GS07:p0001,S-P01-S01,GS07,GS07-A1,2026-12-26T23:45:03.522815Z,2026-12-26T23:50:38.318808Z,-896.477185,-561.681192,334.795993,-896477185,-561681192,334795993,False,outside_horizon_padding,f15eacfea5f4fdf5ab36674c369deeac90ef1324f43cba80f9c6dc879aa792d5
CP-SOURCE-r008,A-U,r008,2026-12-27T00:00:00Z,CP-AU-r008:S-P03-S10:GS09:p0001,CP-AU-r008:S-P03-S10:GS09:p0001,S-P03-S10,GS09,GS09-A1,2026-12-26T23:45:07.642441Z,2026-12-26T23:54:06.528235Z,-892.357559,-353.471765,538.885794,-892357559,-353471765,538885794,False,outside_horizon_padding,f15eacfea5f4fdf5ab36674c369deeac90ef1324f43cba80f9c6dc879aa792d5
CP-SOURCE-r008,A-U,r008,2026-12-27T00:00:00Z,CP-AU-r008:S-P01-S01:GS08:p0001,CP-AU-r008:S-P01-S01:GS08:p0001,S-P01-S01,GS08,GS08-A1,2026-12-26T23:45:29.333108Z,2026-12-26T23:52:47.982079Z,-870.666892,-432.017921,438.648971,-870666892,-432017921,438648971,False,outside_horizon_padding,f15eacfea5f4fdf5ab36674c369deeac90ef1324f43cba80f9c6dc879aa792d5
CP-SOURCE-r008,A-U,r008,2026-12-27T00:00:00Z,CP-AU-r008:S-P01-S01:GS09:p0001,CP-AU-r008:S-P01-S01:GS09:p0001,S-P01-S01,GS09,GS09-A1,2026-12-26T23:46:07.713346Z,2026-12-26T23:54:34.692104Z,-832.286654,-325.307896,506.978758,-832286654,-325307896,506978758,False,outside_horizon_padding,f15eacfea5f4fdf5ab36674c369deeac90ef1324f43cba80f9c6dc879aa792d5
CP-SOURCE-r008,A-U,r008,2026-12-27T00:00:00Z,CP-AU-r008:S-P03-S10:GS04:p0001,CP-AU-r008:S-P03-S10:GS04:p0001,S-P03-S10,GS04,GS04-A1,2026-12-26T23:46:35.142396Z,2026-12-26T23:53:25.750968Z,-804.857604,-394.249032,410.608572,-804857604,-394249032,410608572,False,outside_horizon_padding,f15eacfea5f4fdf5ab36674c369deeac90ef1324f43cba80f9c6dc879aa792d5
CP-SOURCE-r008,A-U,r008,2026-12-27T00:00:00Z,CP-AU-r008:S-P03-S10:GS10:p0001,CP-AU-r008:S-P03-S10:GS10:p0001,S-P03-S10,GS10,GS10-A1,2026-12-26T23:46:40.266173Z,2026-12-26T23:54:51.513181Z,-799.733827,-308.486819,491.247008,-799733827,-308486819,491247008,False,outside_horizon_padding,f15eacfea5f4fdf5ab36674c369deeac90ef1324f43cba80f9c6dc879aa792d5
CP-SOURCE-r008,A-U,r008,2026-12-27T00:00:00Z,CP-AU-r008:S-P01-S01:GS10:p0001,CP-AU-r008:S-P01-S01:GS10:p0001,S-P01-S01,GS10,GS10-A1,2026-12-26T23:46:55.223146Z,2026-12-26T23:56:02.359200Z,-784.776854,-237.640800,547.136054,-784776854,-237640800,547136054,False,outside_horizon_padding,f15eacfea5f4fdf5ab36674c369deeac90ef1324f43cba80f9c6dc879aa792d5
CP-SOURCE-r008,A-U,r008,2026-12-27T00:00:00Z,CP-AU-r008:S-P01-S01:GS02:p0001,CP-AU-r008:S-P01-S01:GS02:p0001,S-P01-S01,GS02,GS02-A1,2026-12-26T23:47:16.249212Z,2026-12-26T23:52:26.832208Z,-763.750788,-453.167792,310.582996,-763750788,-453167792,310582996,False,outside_horizon_padding,f15eacfea5f4fdf5ab36674c369deeac90ef1324f43cba80f9c6dc879aa792d5
CP-SOURCE-r008,A-U,r008,2026-12-27T00:00:00Z,CP-AU-r008:S-P01-S01:GS03:p0001,CP-AU-r008:S-P01-S01:GS03:p0001,S-P01-S01,GS03,GS03-A1,2026-12-26T23:47:28.004579Z,2026-12-26T23:54:46.801210Z,-751.995421,-313.198790,438.796631,-751995421,-313198790,438796631,False,outside_horizon_padding,f15eacfea5f4fdf5ab36674c369deeac90ef1324f43cba80f9c6dc879aa792d5
CP-SOURCE-r008,A-U,r008,2026-12-27T00:00:00Z,CP-AU-r008:S-P01-S01:GS11:p0001,CP-AU-r008:S-P01-S01:GS11:p0001,S-P01-S01,GS11,GS11-A1,2026-12-26T23:47:51.732192Z,2026-12-26T23:57:11.775493Z,-728.267808,-168.224507,560.043301,-728267808,-168224507,560043301,False,outside_horizon_padding,f15eacfea5f4fdf5ab36674c369deeac90ef1324f43cba80f9c6dc879aa792d5
CP-SOURCE-r008,A-U,r008,2026-12-27T00:00:00Z,CP-AU-r008:S-P01-S01:GS04:p0001,CP-AU-r008:S-P01-S01:GS04:p0001,S-P01-S01,GS04,GS04-A1,2026-12-26T23:48:00.918609Z,2026-12-26T23:56:34.742502Z,-719.081391,-205.257498,513.823893,-719081391,-205257498,513823893,False,outside_horizon_padding,f15eacfea5f4fdf5ab36674c369deeac90ef1324f43cba80f9c6dc879aa792d5
CP-SOURCE-r008,A-U,r008,2026-12-27T00:00:00Z,CP-AU-r008:S-P03-S10:GS11:p0001,CP-AU-r008:S-P03-S10:GS11:p0001,S-P03-S10,GS11,GS11-A1,2026-12-26T23:48:32.642165Z,2026-12-26T23:55:26.826545Z,-687.357835,-273.173455,414.184380,-687357835,-273173455,414184380,False,outside_horizon_padding,f15eacfea5f4fdf5ab36674c369deeac90ef1324f43cba80f9c6dc879aa792d5
CP-SOURCE-r008,A-U,r008,2026-12-27T00:00:00Z,CP-AU-r008:S-P01-S01:GS05:p0001,CP-AU-r008:S-P01-S01:GS05:p0001,S-P01-S01,GS05,GS05-A1,2026-12-26T23:48:47.188422Z,2026-12-26T23:57:59.439417Z,-672.811578,-120.560583,552.250995,-672811578,-120560583,552250995,False,outside_horizon_padding,f15eacfea5f4fdf5ab36674c369deeac90ef1324f43cba80f9c6dc879aa792d5
CP-SOURCE-r008,A-U,r008,2026-12-27T00:00:00Z,CP-AU-r008:S-P04-S09:GS06:p0001,CP-AU-r008:S-P04-S09:GS06:p0001,S-P04-S09,GS06,GS06-A1,2026-12-26T23:48:47.330490Z,2026-12-26T23:53:02.973402Z,-672.669510,-417.026598,255.642912,-672669510,-417026598,255642912,False,outside_horizon_padding,f15eacfea5f4fdf5ab36674c369deeac90ef1324f43cba80f9c6dc879aa792d5
CP-SOURCE-r008,A-U,r008,2026-12-27T00:00:00Z,CP-AU-r008:S-P07-S01:GS01:p0001,CP-AU-r008:S-P07-S01:GS01:p0001,S-P07-S01,GS01,GS01-A1,2026-12-26T23:48:54.869912Z,2026-12-26T23:51:16.593831Z,-665.130088,-523.406169,141.723919,-665130088,-523406169,141723919,False,outside_horizon_padding,f15eacfea5f4fdf5ab36674c369deeac90ef1324f43cba80f9c6dc879aa792d5
CP-SOURCE-r008,A-U,r008,2026-12-27T00:00:00Z,CP-AU-r008:S-P01-S01:GS12:p0001,CP-AU-r008:S-P01-S01:GS12:p0001,S-P01-S01,GS12,GS12-A1,2026-12-26T23:48:59.046381Z,2026-12-26T23:58:01.883869Z,-660.953619,-118.116131,542.837488,-660953619,-118116131,542837488,False,outside_horizon_padding,f15eacfea5f4fdf5ab36674c369deeac90ef1324f43cba80f9c6dc879aa792d5
CP-SOURCE-r008,A-U,r008,2026-12-27T00:00:00Z,CP-AU-r008:S-P03-S10:GS05:p0001,CP-AU-r008:S-P03-S10:GS05:p0001,S-P03-S10,GS05,GS05-A1,2026-12-26T23:49:08.560337Z,2026-12-26T23:53:26.951783Z,-651.439663,-393.048217,258.391446,-651439663,-393048217,258391446,False,outside_horizon_padding,f15eacfea5f4fdf5ab36674c369deeac90ef1324f43cba80f9c6dc879aa792d5
CP-SOURCE-r008,A-U,r008,2026-12-27T00:00:00Z,CP-AU-r008:S-P01-S01:GS06:p0001,CP-AU-r008:S-P01-S01:GS06:p0001,S-P01-S01,GS06,GS06-A1,2026-12-26T23:49:45.835438Z,2026-12-26T23:59:02.914187Z,-614.164562,-57.085813,557.078749,-614164562,-57085813,557078749,False,outside_horizon_padding,f15eacfea5f4fdf5ab36674c369deeac90ef1324f43cba80f9c6dc879aa792d5
CP-SOURCE-r008,A-U,r008,2026-12-27T00:00:00Z,CP-AU-r008:S-P03-S09:GS01:p0001,CP-AU-r008:S-P03-S09:GS01:p0001,S-P03-S09,GS01,GS01-A1,2026-12-26T23:50:46.545528Z,2026-12-27T00:00:04.586657Z,-553.454472,4.586657,558.041129,-553454472,4586657,558041129,True,crosses_horizon,f15eacfea5f4fdf5ab36674c369deeac90ef1324f43cba80f9c6dc879aa792d5
CP-SOURCE-r008,A-U,r008,2026-12-27T00:00:00Z,CP-AU-r008:S-P03-S10:GS12:p0001,CP-AU-r008:S-P03-S10:GS12:p0001,S-P03-S10,GS12,GS12-A1,2026-12-26T23:50:50.577559Z,2026-12-26T23:55:47.062655Z,-549.422441,-252.937345,296.485096,-549422441,-252937345,296485096,False,outside_horizon_padding,f15eacfea5f4fdf5ab36674c369deeac90ef1324f43cba80f9c6dc879aa792d5
CP-SOURCE-r008,A-U,r008,2026-12-27T00:00:00Z,CP-AU-r008:S-P03-S09:GS07:p0001,CP-AU-r008:S-P03-S09:GS07:p0001,S-P03-S09,GS07,GS07-A1,2026-12-26T23:51:39.410852Z,2026-12-27T00:00:56.760680Z,-500.589148,56.760680,557.349828,-500589148,56760680,557349828,True,crosses_horizon,f15eacfea5f4fdf5ab36674c369deeac90ef1324f43cba80f9c6dc879aa792d5
CP-SOURCE-r008,A-U,r008,2026-12-27T00:00:00Z,CP-AU-r008:S-P03-S09:GS02:p0001,CP-AU-r008:S-P03-S09:GS02:p0001,S-P03-S09,GS02,GS02-A1,2026-12-26T23:52:03.106160Z,2026-12-27T00:00:55.336325Z,-476.893840,55.336325,532.230165,-476893840,55336325,532230165,True,crosses_horizon,f15eacfea5f4fdf5ab36674c369deeac90ef1324f43cba80f9c6dc879aa792d5
CP-SOURCE-r008,A-U,r008,2026-12-27T00:00:00Z,CP-AU-r008:S-P03-S09:GS08:p0001,CP-AU-r008:S-P03-S09:GS08:p0001,S-P03-S09,GS08,GS08-A1,2026-12-26T23:52:41.700782Z,2026-12-27T00:01:56.912127Z,-438.299218,116.912127,555.211345,-438299218,116912127,555211345,True,crosses_horizon,f15eacfea5f4fdf5ab36674c369deeac90ef1324f43cba80f9c6dc879aa792d5
CP-SOURCE-r008,A-U,r008,2026-12-27T00:00:00Z,CP-AU-r008:S-P01-S12:GS07:p0001,CP-AU-r008:S-P01-S12:GS07:p0001,S-P01-S12,GS07,GS07-A1,2026-12-26T23:53:34.813965Z,2026-12-26T23:59:51.561401Z,-385.186035,-8.438599,376.747436,-385186035,-8438599,376747436,False,outside_horizon_padding,f15eacfea5f4fdf5ab36674c369deeac90ef1324f43cba80f9c6dc879aa792d5
CP-SOURCE-r008,A-U,r008,2026-12-27T00:00:00Z,CP-AU-r008:S-P03-S09:GS03:p0001,CP-AU-r008:S-P03-S09:GS03:p0001,S-P03-S09,GS03,GS03-A1,2026-12-26T23:53:41.762444Z,2026-12-27T00:01:33.495505Z,-378.237556,93.495505,471.733061,-378237556,93495505,471733061,True,crosses_horizon,f15eacfea5f4fdf5ab36674c369deeac90ef1324f43cba80f9c6dc879aa792d5
CP-SOURCE-r008,A-U,r008,2026-12-27T00:00:00Z,CP-AU-r008:S-P03-S09:GS09:p0001,CP-AU-r008:S-P03-S09:GS09:p0001,S-P03-S09,GS09,GS09-A1,2026-12-26T23:54:02.464350Z,2026-12-27T00:02:47.576338Z,-357.535650,167.576338,525.111988,-357535650,167576338,525111988,True,crosses_horizon,f15eacfea5f4fdf5ab36674c369deeac90ef1324f43cba80f9c6dc879aa792d5
CP-SOURCE-r008,A-U,r008,2026-12-27T00:00:00Z,CP-AU-r008:S-P01-S12:GS08:p0001,CP-AU-r008:S-P01-S12:GS08:p0001,S-P01-S12,GS08,GS08-A1,2026-12-26T23:54:05.879093Z,2026-12-27T00:01:52.248534Z,-354.120907,112.248534,466.369441,-354120907,112248534,466369441,True,crosses_horizon,f15eacfea5f4fdf5ab36674c369deeac90ef1324f43cba80f9c6dc879aa792d5
CP-SOURCE-r008,A-U,r008,2026-12-27T00:00:00Z,CP-AU-r008:S-P01-S12:GS09:p0001,CP-AU-r008:S-P01-S12:GS09:p0001,S-P01-S12,GS09,GS09-A1,2026-12-26T23:54:47.656225Z,2026-12-27T00:03:31.977758Z,-312.343775,211.977758,524.321533,-312343775,211977758,524321533,True,crosses_horizon,f15eacfea5f4fdf5ab36674c369deeac90ef1324f43cba80f9c6dc879aa792d5
CP-SOURCE-r008,A-U,r008,2026-12-27T00:00:00Z,CP-AU-r008:S-P01-S12:GS10:p0001,CP-AU-r008:S-P01-S12:GS10:p0001,S-P01-S12,GS10,GS10-A1,2026-12-26T23:55:38.271049Z,2026-12-27T00:04:53.174139Z,-261.728951,293.174139,554.903090,-261728951,293174139,554903090,True,crosses_horizon,f15eacfea5f4fdf5ab36674c369deeac90ef1324f43cba80f9c6dc879aa792d5
CP-SOURCE-r008,A-U,r008,2026-12-27T00:00:00Z,CP-AU-r008:S-P01-S12:GS02:p0001,CP-AU-r008:S-P01-S12:GS02:p0001,S-P01-S12,GS02,GS02-A1,2026-12-26T23:55:40.872985Z,2026-12-27T00:01:45.504886Z,-259.127015,105.504886,364.631901,-259127015,105504886,364631901,True,crosses_horizon,f15eacfea5f4fdf5ab36674c369deeac90ef1324f43cba80f9c6dc879aa792d5
CP-SOURCE-r008,A-U,r008,2026-12-27T00:00:00Z,CP-AU-r008:S-P03-S09:GS10:p0001,CP-AU-r008:S-P03-S09:GS10:p0001,S-P03-S09,GS10,GS10-A1,2026-12-26T23:55:41.808201Z,2026-12-27T00:03:29.355137Z,-258.191799,209.355137,467.546936,-258191799,209355137,467546936,True,crosses_horizon,f15eacfea5f4fdf5ab36674c369deeac90ef1324f43cba80f9c6dc879aa792d5
CP-SOURCE-r008,A-U,r008,2026-12-27T00:00:00Z,CP-AU-r008:S-P03-S09:GS04:p0001,CP-AU-r008:S-P03-S09:GS04:p0001,S-P03-S09,GS04,GS04-A1,2026-12-26T23:55:47.769821Z,2026-12-27T00:01:54.829380Z,-252.230179,114.829380,367.059559,-252230179,114829380,367059559,True,crosses_horizon,f15eacfea5f4fdf5ab36674c369deeac90ef1324f43cba80f9c6dc879aa792d5
CP-SOURCE-r008,A-U,r008,2026-12-27T00:00:00Z,CP-AU-r008:S-P01-S12:GS03:p0001,CP-AU-r008:S-P01-S12:GS03:p0001,S-P01-S12,GS03,GS03-A1,2026-12-26T23:56:01.991231Z,2026-12-27T00:03:52.150435Z,-238.008769,232.150435,470.159204,-238008769,232150435,470159204,True,crosses_horizon,f15eacfea5f4fdf5ab36674c369deeac90ef1324f43cba80f9c6dc879aa792d5
CP-SOURCE-r008,A-U,r008,2026-12-27T00:00:00Z,CP-AU-r008:S-P01-S12:GS01:p0001,CP-AU-r008:S-P01-S12:GS01:p0001,S-P01-S12,GS01,GS01-A1,2026-12-26T23:56:05.033127Z,2026-12-26T23:58:42.165217Z,-234.966873,-77.834783,157.132090,-234966873,-77834783,157132090,False,outside_horizon_padding,f15eacfea5f4fdf5ab36674c369deeac90ef1324f43cba80f9c6dc879aa792d5
CP-SOURCE-r008,A-U,r008,2026-12-27T00:00:00Z,CP-AU-r008:S-P01-S12:GS11:p0001,CP-AU-r008:S-P01-S12:GS11:p0001,S-P01-S12,GS11,GS11-A1,2026-12-26T23:56:38.302917Z,2026-12-27T00:05:55.961592Z,-201.697083,355.961592,557.658675,-201697083,355961592,557658675,True,crosses_horizon,f15eacfea5f4fdf5ab36674c369deeac90ef1324f43cba80f9c6dc879aa792d5
CP-SOURCE-r008,A-U,r008,2026-12-27T00:00:00Z,CP-AU-r008:S-P01-S12:GS04:p0001,CP-AU-r008:S-P01-S12:GS04:p0001,S-P01-S12,GS04,GS04-A1,2026-12-26T23:56:40.015727Z,2026-12-27T00:05:31.354459Z,-199.984273,331.354459,531.338732,-199984273,331354459,531338732,True,crosses_horizon,f15eacfea5f4fdf5ab36674c369deeac90ef1324f43cba80f9c6dc879aa792d5
CP-SOURCE-r008,A-U,r008,2026-12-27T00:00:00Z,CP-AU-r008:S-P04-S08:GS06:p0001,CP-AU-r008:S-P04-S08:GS06:p0001,S-P04-S08,GS06,GS06-A1,2026-12-26T23:56:45.090789Z,2026-12-27T00:02:28.596541Z,-194.909211,148.596541,343.505752,-194909211,148596541,343505752,True,crosses_horizon,f15eacfea5f4fdf5ab36674c369deeac90ef1324f43cba80f9c6dc879aa792d5
CP-SOURCE-r008,A-U,r008,2026-12-27T00:00:00Z,CP-AU-r008:S-P01-S12:GS05:p0001,CP-AU-r008:S-P01-S12:GS05:p0001,S-P01-S12,GS05,GS05-A1,2026-12-26T23:57:30.609321Z,2026-12-27T00:06:48.468149Z,-149.390679,408.468149,557.858828,-149390679,408468149,557858828,True,crosses_horizon,f15eacfea5f4fdf5ab36674c369deeac90ef1324f43cba80f9c6dc879aa792d5
CP-SOURCE-r008,A-U,r008,2026-12-27T00:00:00Z,CP-AU-r008:S-P03-S09:GS11:p0001,CP-AU-r008:S-P03-S09:GS11:p0001,S-P03-S09,GS11,GS11-A1,2026-12-26T23:57:42.147996Z,2026-12-27T00:04:00.394523Z,-137.852004,240.394523,378.246527,-137852004,240394523,378246527,True,crosses_horizon,f15eacfea5f4fdf5ab36674c369deeac90ef1324f43cba80f9c6dc879aa792d5
CP-SOURCE-r008,A-U,r008,2026-12-27T00:00:00Z,CP-AU-r008:S-P01-S12:GS12:p0001,CP-AU-r008:S-P01-S12:GS12:p0001,S-P01-S12,GS12,GS12-A1,2026-12-26T23:57:50.331307Z,2026-12-27T00:06:38.525810Z,-129.668693,398.525810,528.194503,-129668693,398525810,528194503,True,crosses_horizon,f15eacfea5f4fdf5ab36674c369deeac90ef1324f43cba80f9c6dc879aa792d5
CP-SOURCE-r008,A-U,r008,2026-12-27T00:00:00Z,CP-AU-r008:S-P01-S12:GS06:p0001,CP-AU-r008:S-P01-S12:GS06:p0001,S-P01-S12,GS06,GS06-A1,2026-12-26T23:58:34.030141Z,2026-12-27T00:07:44.280771Z,-85.969859,464.280771,550.250630,-85969859,464280771,550250630,True,crosses_horizon,f15eacfea5f4fdf5ab36674c369deeac90ef1324f43cba80f9c6dc879aa792d5
CP-SOURCE-r008,A-U,r008,2026-12-27T00:00:00Z,CP-AU-r008:S-P04-S08:GS12:p0001,CP-AU-r008:S-P04-S08:GS12:p0001,S-P04-S08,GS12,GS12-A1,2026-12-26T23:58:48.025618Z,2026-12-27T00:02:26.392188Z,-71.974382,146.392188,218.366570,-71974382,146392188,218366570,True,crosses_horizon,f15eacfea5f4fdf5ab36674c369deeac90ef1324f43cba80f9c6dc879aa792d5
CP-SOURCE-r008,A-U,r008,2026-12-27T00:00:00Z,CP-AU-r008:S-P03-S09:GS05:p0001,CP-AU-r008:S-P03-S09:GS05:p0001,S-P03-S09,GS05,GS05-A1,2026-12-26T23:58:49.308986Z,2026-12-27T00:01:32.049480Z,-70.691014,92.049480,162.740494,-70691014,92049480,162740494,True,crosses_horizon,f15eacfea5f4fdf5ab36674c369deeac90ef1324f43cba80f9c6dc879aa792d5
CP-SOURCE-r008,A-U,r008,2026-12-27T00:00:00Z,CP-AU-r008:S-P03-S08:GS01:p0001,CP-AU-r008:S-P03-S08:GS01:p0001,S-P03-S08,GS01,GS01-A1,2026-12-26T23:59:35.374277Z,2026-12-27T00:08:48.069349Z,-24.625723,528.069349,552.695072,-24625723,528069349,552695072,True,crosses_horizon,f15eacfea5f4fdf5ab36674c369deeac90ef1324f43cba80f9c6dc879aa792d5
CP-SOURCE-r008,A-U,r008,2026-12-27T00:00:00Z,CP-AU-r008:S-P03-S11:GS01:p0013,CP-AU-r008:S-P03-S11:GS01:p0013,S-P03-S11,GS01,GS01-A1,2026-12-29T23:52:44.244762Z,2026-12-30T00:00:00.675020Z,258764.244762,259200.675020,436.430258,258764244762,259200675020,436430258,True,crosses_horizon,f15eacfea5f4fdf5ab36674c369deeac90ef1324f43cba80f9c6dc879aa792d5
CP-SOURCE-r008,A-U,r008,2026-12-27T00:00:00Z,CP-AU-r008:S-P03-S11:GS07:p0014,CP-AU-r008:S-P03-S11:GS07:p0014,S-P03-S11,GS07,GS07-A1,2026-12-29T23:52:55.823456Z,2026-12-30T00:01:21.441325Z,258775.823456,259281.441325,505.617869,258775823456,259281441325,505617869,True,crosses_horizon,f15eacfea5f4fdf5ab36674c369deeac90ef1324f43cba80f9c6dc879aa792d5
CP-SOURCE-r008,A-U,r008,2026-12-27T00:00:00Z,CP-AU-r008:S-P01-S02:GS07:p0015,CP-AU-r008:S-P01-S02:GS07:p0015,S-P01-S02,GS07,GS07-A1,2026-12-29T23:53:22.699618Z,2026-12-30T00:02:22.485158Z,258802.699618,259342.485158,539.785540,258802699618,259342485158,539785540,True,crosses_horizon,f15eacfea5f4fdf5ab36674c369deeac90ef1324f43cba80f9c6dc879aa792d5
CP-SOURCE-r008,A-U,r008,2026-12-27T00:00:00Z,CP-AU-r008:S-P01-S02:GS08:p0014,CP-AU-r008:S-P01-S02:GS08:p0014,S-P01-S02,GS08,GS08-A1,2026-12-29T23:54:16.874086Z,2026-12-30T00:03:36.356590Z,258856.874086,259416.356590,559.482504,258856874086,259416356590,559482504,True,crosses_horizon,f15eacfea5f4fdf5ab36674c369deeac90ef1324f43cba80f9c6dc879aa792d5
CP-SOURCE-r008,A-U,r008,2026-12-27T00:00:00Z,CP-AU-r008:S-P01-S02:GS01:p0013,CP-AU-r008:S-P01-S02:GS01:p0013,S-P01-S02,GS01,GS01-A1,2026-12-29T23:54:31.424262Z,2026-12-30T00:02:50.576018Z,258871.424262,259370.576018,499.151756,258871424262,259370576018,499151756,True,crosses_horizon,f15eacfea5f4fdf5ab36674c369deeac90ef1324f43cba80f9c6dc879aa792d5
CP-SOURCE-r008,A-U,r008,2026-12-27T00:00:00Z,CP-AU-r008:S-P03-S11:GS08:p0014,CP-AU-r008:S-P03-S11:GS08:p0014,S-P03-S11,GS08,GS08-A1,2026-12-29T23:54:43.035489Z,2026-12-30T00:01:59.466908Z,258883.035489,259319.466908,436.431419,258883035489,259319466908,436431419,True,crosses_horizon,f15eacfea5f4fdf5ab36674c369deeac90ef1324f43cba80f9c6dc879aa792d5
CP-SOURCE-r008,A-U,r008,2026-12-27T00:00:00Z,CP-AU-r008:S-P04-S10:GS04:p0013,CP-AU-r008:S-P04-S10:GS04:p0013,S-P04-S10,GS04,GS04-A1,2026-12-29T23:54:47.850021Z,2026-12-30T00:01:38.746855Z,258887.850021,259298.746855,410.896834,258887850021,259298746855,410896834,True,crosses_horizon,f15eacfea5f4fdf5ab36674c369deeac90ef1324f43cba80f9c6dc879aa792d5
CP-SOURCE-r008,A-U,r008,2026-12-27T00:00:00Z,CP-AU-r008:S-P04-S10:GS05:p0012,CP-AU-r008:S-P04-S10:GS05:p0012,S-P04-S10,GS05,GS05-A1,2026-12-29T23:54:50.745069Z,2026-12-30T00:03:21.355405Z,258890.745069,259401.355405,510.610336,258890745069,259401355405,510610336,True,crosses_horizon,f15eacfea5f4fdf5ab36674c369deeac90ef1324f43cba80f9c6dc879aa792d5
CP-SOURCE-r008,A-U,r008,2026-12-27T00:00:00Z,CP-AU-r008:S-P03-S11:GS02:p0013,CP-AU-r008:S-P03-S11:GS02:p0013,S-P03-S11,GS02,GS02-A1,2026-12-29T23:55:05.302164Z,2026-12-30T00:00:11.506462Z,258905.302164,259211.506462,306.204298,258905302164,259211506462,306204298,True,crosses_horizon,f15eacfea5f4fdf5ab36674c369deeac90ef1324f43cba80f9c6dc879aa792d5
CP-SOURCE-r008,A-U,r008,2026-12-27T00:00:00Z,CP-AU-r008:S-P01-S02:GS02:p0012,CP-AU-r008:S-P01-S02:GS02:p0012,S-P01-S02,GS02,GS02-A1,2026-12-29T23:55:14.622601Z,2026-12-30T00:04:20.588497Z,258914.622601,259460.588497,545.965896,258914622601,259460588497,545965896,True,crosses_horizon,f15eacfea5f4fdf5ab36674c369deeac90ef1324f43cba80f9c6dc879aa792d5
CP-SOURCE-r008,A-U,r008,2026-12-27T00:00:00Z,CP-AU-r008:S-P01-S02:GS09:p0014,CP-AU-r008:S-P01-S02:GS09:p0014,S-P01-S02,GS09,GS09-A1,2026-12-29T23:55:21.237755Z,2026-12-30T00:04:31.346295Z,258921.237755,259471.346295,550.108540,258921237755,259471346295,550108540,True,crosses_horizon,f15eacfea5f4fdf5ab36674c369deeac90ef1324f43cba80f9c6dc879aa792d5
CP-SOURCE-r008,A-U,r008,2026-12-27T00:00:00Z,CP-AU-r008:S-P04-S10:GS06:p0013,CP-AU-r008:S-P04-S10:GS06:p0013,S-P04-S10,GS06,GS06-A1,2026-12-29T23:55:25.563823Z,2026-12-30T00:04:38.653808Z,258925.563823,259478.653808,553.089985,258925563823,259478653808,553089985,True,crosses_horizon,f15eacfea5f4fdf5ab36674c369deeac90ef1324f43cba80f9c6dc879aa792d5
CP-SOURCE-r008,A-U,r008,2026-12-27T00:00:00Z,CP-AU-r008:S-P04-S10:GS11:p0013,CP-AU-r008:S-P04-S10:GS11:p0013,S-P04-S10,GS11,GS11-A1,2026-12-29T23:56:09.437265Z,2026-12-30T00:03:56.455395Z,258969.437265,259436.455395,467.018130,258969437265,259436455395,467018130,True,crosses_horizon,f15eacfea5f4fdf5ab36674c369deeac90ef1324f43cba80f9c6dc879aa792d5
CP-SOURCE-r008,A-U,r008,2026-12-27T00:00:00Z,CP-AU-r008:S-P01-S02:GS03:p0013,CP-AU-r008:S-P01-S02:GS03:p0013,S-P01-S02,GS03,GS03-A1,2026-12-29T23:56:10.125870Z,2026-12-30T00:05:29.192765Z,258970.125870,259529.192765,559.066895,258970125870,259529192765,559066895,True,crosses_horizon,f15eacfea5f4fdf5ab36674c369deeac90ef1324f43cba80f9c6dc879aa792d5
CP-SOURCE-r008,A-U,r008,2026-12-27T00:00:00Z,CP-AU-r008:S-P04-S10:GS12:p0013,CP-AU-r008:S-P04-S10:GS12:p0013,S-P04-S10,GS12,GS12-A1,2026-12-29T23:56:29.734462Z,2026-12-30T00:05:23.655663Z,258989.734462,259523.655663,533.921201,258989734462,259523655663,533921201,True,crosses_horizon,f15eacfea5f4fdf5ab36674c369deeac90ef1324f43cba80f9c6dc879aa792d5
CP-SOURCE-r008,A-U,r008,2026-12-27T00:00:00Z,CP-AU-r008:S-P04-S10:GS10:p0014,CP-AU-r008:S-P04-S10:GS10:p0014,S-P04-S10,GS10,GS10-A1,2026-12-29T23:56:29.764320Z,2026-12-30T00:01:55.475521Z,258989.764320,259315.475521,325.711201,258989764320,259315475521,325711201,True,crosses_horizon,f15eacfea5f4fdf5ab36674c369deeac90ef1324f43cba80f9c6dc879aa792d5
CP-SOURCE-r008,A-U,r008,2026-12-27T00:00:00Z,CP-AU-r008:S-P01-S02:GS10:p0015,CP-AU-r008:S-P01-S02:GS10:p0015,S-P01-S02,GS10,GS10-A1,2026-12-29T23:56:39.468026Z,2026-12-30T00:05:04.551015Z,258999.468026,259504.551015,505.082989,258999468026,259504551015,505082989,True,crosses_horizon,f15eacfea5f4fdf5ab36674c369deeac90ef1324f43cba80f9c6dc879aa792d5
CP-SOURCE-r008,A-U,r008,2026-12-27T00:00:00Z,CP-AU-r008:S-P03-S11:GS09:p0015,CP-AU-r008:S-P03-S11:GS09:p0015,S-P03-S11,GS09,GS09-A1,2026-12-29T23:56:53.467382Z,2026-12-30T00:02:24.675384Z,259013.467382,259344.675384,331.208002,259013467382,259344675384,331208002,True,crosses_horizon,f15eacfea5f4fdf5ab36674c369deeac90ef1324f43cba80f9c6dc879aa792d5
CP-SOURCE-r008,A-U,r008,2026-12-27T00:00:00Z,CP-AU-r008:S-P01-S02:GS04:p0014,CP-AU-r008:S-P01-S02:GS04:p0014,S-P01-S02,GS04,GS04-A1,2026-12-29T23:57:19.459079Z,2026-12-30T00:06:15.908345Z,259039.459079,259575.908345,536.449266,259039459079,259575908345,536449266,True,crosses_horizon,f15eacfea5f4fdf5ab36674c369deeac90ef1324f43cba80f9c6dc879aa792d5
CP-SOURCE-r008,A-U,r008,2026-12-27T00:00:00Z,CP-AU-r008:S-P01-S02:GS11:p0016,CP-AU-r008:S-P01-S02:GS11:p0016,S-P01-S02,GS11,GS11-A1,2026-12-29T23:58:20.851359Z,2026-12-30T00:05:07.437996Z,259100.851359,259507.437996,406.586637,259100851359,259507437996,406586637,True,crosses_horizon,f15eacfea5f4fdf5ab36674c369deeac90ef1324f43cba80f9c6dc879aa792d5
CP-SOURCE-r008,A-U,r008,2026-12-27T00:00:00Z,CP-AU-r008:S-P01-S02:GS05:p0014,CP-AU-r008:S-P01-S02:GS05:p0014,S-P01-S02,GS05,GS05-A1,2026-12-29T23:58:48.241927Z,2026-12-30T00:06:36.120573Z,259128.241927,259596.120573,467.878646,259128241927,259596120573,467878646,True,crosses_horizon,f15eacfea5f4fdf5ab36674c369deeac90ef1324f43cba80f9c6dc879aa792d5
CP-SOURCE-r008,A-U,r008,2026-12-27T00:00:00Z,CP-AU-r008:S-P02-S01:GS12:p0013,CP-AU-r008:S-P02-S01:GS12:p0013,S-P02-S01,GS12,GS12-A1,2026-12-29T23:58:52.552633Z,2026-12-30T00:03:12.312329Z,259132.552633,259392.312329,259.759696,259132552633,259392312329,259759696,True,crosses_horizon,f15eacfea5f4fdf5ab36674c369deeac90ef1324f43cba80f9c6dc879aa792d5
CP-SOURCE-r008,A-U,r008,2026-12-27T00:00:00Z,CP-AU-r008:S-P03-S11:GS10:p0016,CP-AU-r008:S-P03-S11:GS10:p0016,S-P03-S11,GS10,GS10-A1,2026-12-29T23:59:49.876339Z,2026-12-30T00:02:14.451240Z,259189.876339,259334.451240,144.574901,259189876339,259334451240,144574901,True,crosses_horizon,f15eacfea5f4fdf5ab36674c369deeac90ef1324f43cba80f9c6dc879aa792d5
CP-SOURCE-r008,A-U,r008,2026-12-27T00:00:00Z,CP-AU-r008:S-P01-S02:GS06:p0012,CP-AU-r008:S-P01-S02:GS06:p0012,S-P01-S02,GS06,GS06-A1,2026-12-30T00:00:55.013730Z,2026-12-30T00:06:12.230872Z,259255.013730,259572.230872,317.217142,259255013730,259572230872,317217142,False,outside_horizon_padding,f15eacfea5f4fdf5ab36674c369deeac90ef1324f43cba80f9c6dc879aa792d5
CP-SOURCE-r008,A-U,r008,2026-12-27T00:00:00Z,CP-AU-r008:S-P01-S02:GS12:p0014,CP-AU-r008:S-P01-S02:GS12:p0014,S-P01-S02,GS12,GS12-A1,2026-12-30T00:01:10.093456Z,2026-12-30T00:03:56.005120Z,259270.093456,259436.005120,165.911664,259270093456,259436005120,165911664,False,outside_horizon_padding,f15eacfea5f4fdf5ab36674c369deeac90ef1324f43cba80f9c6dc879aa792d5
CP-SOURCE-r008,A-U,r008,2026-12-27T00:00:00Z,CP-AU-r008:S-P03-S10:GS01:p0013,CP-AU-r008:S-P03-S10:GS01:p0013,S-P03-S10,GS01,GS01-A1,2026-12-30T00:01:53.705151Z,2026-12-30T00:08:31.976141Z,259313.705151,259711.976141,398.270990,259313705151,259711976141,398270990,False,outside_horizon_padding,f15eacfea5f4fdf5ab36674c369deeac90ef1324f43cba80f9c6dc879aa792d5
CP-SOURCE-r008,A-U,r008,2026-12-27T00:00:00Z,CP-AU-r008:S-P03-S10:GS07:p0014,CP-AU-r008:S-P03-S10:GS07:p0014,S-P03-S10,GS07,GS07-A1,2026-12-30T00:01:55.646808Z,2026-12-30T00:10:00.146525Z,259315.646808,259800.146525,484.499717,259315646808,259800146525,484499717,False,outside_horizon_padding,f15eacfea5f4fdf5ab36674c369deeac90ef1324f43cba80f9c6dc879aa792d5
CP-SOURCE-r008,A-U,r008,2026-12-27T00:00:00Z,CP-AU-r008:S-P01-S01:GS07:p0015,CP-AU-r008:S-P01-S01:GS07:p0015,S-P01-S01,GS07,GS07-A1,2026-12-30T00:02:04.957084Z,2026-12-30T00:11:14.863880Z,259324.957084,259874.863880,549.906796,259324957084,259874863880,549906796,False,outside_horizon_padding,f15eacfea5f4fdf5ab36674c369deeac90ef1324f43cba80f9c6dc879aa792d5
CP-SOURCE-r008,A-U,r008,2026-12-27T00:00:00Z,CP-AU-r008:S-P01-S01:GS08:p0014,CP-AU-r008:S-P01-S01:GS08:p0014,S-P01-S01,GS08,GS08-A1,2026-12-30T00:03:02.498581Z,2026-12-30T00:12:22.196751Z,259382.498581,259942.196751,559.698170,259382498581,259942196751,559698170,False,outside_horizon_padding,f15eacfea5f4fdf5ab36674c369deeac90ef1324f43cba80f9c6dc879aa792d5
CP-SOURCE-r008,A-U,r008,2026-12-27T00:00:00Z,CP-AU-r008:S-P04-S09:GS04:p0013,CP-AU-r008:S-P04-S09:GS04:p0013,S-P04-S09,GS04,GS04-A1,2026-12-30T00:03:08.190267Z,2026-12-30T00:10:43.303362Z,259388.190267,259843.303362,455.113095,259388190267,259843303362,455113095,False,outside_horizon_padding,f15eacfea5f4fdf5ab36674c369deeac90ef1324f43cba80f9c6dc879aa792d5
CP-SOURCE-r008,A-U,r008,2026-12-27T00:00:00Z,CP-AU-r008:S-P01-S01:GS01:p0012,CP-AU-r008:S-P01-S01:GS01:p0012,S-P01-S01,GS01,GS01-A1,2026-12-30T00:03:09.391201Z,2026-12-30T00:11:49.143918Z,259389.391201,259909.143918,519.752717,259389391201,259909143918,519752717,False,outside_horizon_padding,f15eacfea5f4fdf5ab36674c369deeac90ef1324f43cba80f9c6dc879aa792d5
CP-SOURCE-r008,A-U,r008,2026-12-27T00:00:00Z,CP-AU-r008:S-P04-S09:GS05:p0012,CP-AU-r008:S-P04-S09:GS05:p0012,S-P04-S09,GS05,GS05-A1,2026-12-30T00:03:24.177903Z,2026-12-30T00:12:15.058893Z,259404.177903,259935.058893,530.880990,259404177903,259935058893,530880990,False,outside_horizon_padding,f15eacfea5f4fdf5ab36674c369deeac90ef1324f43cba80f9c6dc879aa792d5
CP-SOURCE-r008,A-U,r008,2026-12-27T00:00:00Z,CP-AU-r008:S-P04-S09:GS03:p0013,CP-AU-r008:S-P04-S09:GS03:p0013,S-P04-S09,GS03,GS03-A1,2026-12-30T00:03:41.590215Z,2026-12-30T00:08:28.182332Z,259421.590215,259708.182332,286.592117,259421590215,259708182332,286592117,False,outside_horizon_padding,f15eacfea5f4fdf5ab36674c369deeac90ef1324f43cba80f9c6dc879aa792d5
CP-SOURCE-r008,A-U,r008,2026-12-27T00:00:00Z,CP-AU-r008:S-P03-S10:GS08:p0014,CP-AU-r008:S-P03-S10:GS08:p0014,S-P03-S10,GS08,GS08-A1,2026-12-30T00:03:50.336402Z,2026-12-30T00:10:34.346737Z,259430.336402,259834.346737,404.010335,259430336402,259834346737,404010335,False,outside_horizon_padding,f15eacfea5f4fdf5ab36674c369deeac90ef1324f43cba80f9c6dc879aa792d5
CP-SOURCE-r008,A-U,r008,2026-12-27T00:00:00Z,CP-AU-r008:S-P01-S01:GS02:p0013,CP-AU-r008:S-P01-S01:GS02:p0013,S-P01-S01,GS02,GS02-A1,2026-12-30T00:03:56.973361Z,2026-12-30T00:13:11.421272Z,259436.973361,259991.421272,554.447911,259436973361,259991421272,554447911,False,outside_horizon_padding,f15eacfea5f4fdf5ab36674c369deeac90ef1324f43cba80f9c6dc879aa792d5
CP-SOURCE-r008,A-U,r008,2026-12-27T00:00:00Z,CP-AU-r008:S-P04-S09:GS06:p0013,CP-AU-r008:S-P04-S09:GS06:p0013,S-P04-S09,GS06,GS06-A1,2026-12-30T00:04:07.828206Z,2026-12-30T00:13:26.105645Z,259447.828206,260006.105645,558.277439,259447828206,260006105645,558277439,False,outside_horizon_padding,f15eacfea5f4fdf5ab36674c369deeac90ef1324f43cba80f9c6dc879aa792d5
CP-SOURCE-r008,A-U,r008,2026-12-27T00:00:00Z,CP-AU-r008:S-P01-S01:GS09:p0014,CP-AU-r008:S-P01-S01:GS09:p0014,S-P01-S01,GS09,GS09-A1,2026-12-30T00:04:11.192164Z,2026-12-30T00:13:09.958144Z,259451.192164,259989.958144,538.765980,259451192164,259989958144,538765980,False,outside_horizon_padding,f15eacfea5f4fdf5ab36674c369deeac90ef1324f43cba80f9c6dc879aa792d5
CP-SOURCE-r008,A-U,r008,2026-12-27T00:00:00Z,CP-AU-r008:S-P03-S10:GS02:p0012,CP-AU-r008:S-P03-S10:GS02:p0012,S-P03-S10,GS02,GS02-A1,2026-12-30T00:04:33.718343Z,2026-12-30T00:08:27.924960Z,259473.718343,259707.924960,234.206617,259473718343,259707924960,234206617,False,outside_horizon_padding,f15eacfea5f4fdf5ab36674c369deeac90ef1324f43cba80f9c6dc879aa792d5
CP-SOURCE-r008,A-U,r008,2026-12-27T00:00:00Z,CP-AU-r008:S-P04-S09:GS11:p0013,CP-AU-r008:S-P04-S09:GS11:p0013,S-P04-S09,GS11,GS11-A1,2026-12-30T00:04:37.324474Z,2026-12-30T00:12:54.051182Z,259477.324474,259974.051182,496.726708,259477324474,259974051182,496726708,False,outside_horizon_padding,f15eacfea5f4fdf5ab36674c369deeac90ef1324f43cba80f9c6dc879aa792d5
CP-SOURCE-r008,A-U,r008,2026-12-27T00:00:00Z,CP-AU-r008:S-P04-S09:GS10:p0014,CP-AU-r008:S-P04-S09:GS10:p0014,S-P04-S09,GS10,GS10-A1,2026-12-30T00:04:39.663582Z,2026-12-30T00:11:08.711181Z,259479.663582,259868.711181,389.047599,259479663582,259868711181,389047599,False,outside_horizon_padding,f15eacfea5f4fdf5ab36674c369deeac90ef1324f43cba80f9c6dc879aa792d5
CP-SOURCE-r008,A-U,r008,2026-12-27T00:00:00Z,CP-AU-r008:S-P01-S01:GS03:p0013,CP-AU-r008:S-P01-S01:GS03:p0013,S-P01-S01,GS03,GS03-A1,2026-12-30T00:04:57.047966Z,2026-12-30T00:14:12.476814Z,259497.047966,260052.476814,555.428848,259497047966,260052476814,555428848,False,outside_horizon_padding,f15eacfea5f4fdf5ab36674c369deeac90ef1324f43cba80f9c6dc879aa792d5
CP-SOURCE-r008,A-U,r008,2026-12-27T00:00:00Z,CP-AU-r008:S-P04-S09:GS12:p0013,CP-AU-r008:S-P04-S09:GS12:p0013,S-P04-S09,GS12,GS12-A1,2026-12-30T00:05:07.319230Z,2026-12-30T00:14:14.157250Z,259507.319230,260054.157250,546.838020,259507319230,260054157250,546838020,False,outside_horizon_padding,f15eacfea5f4fdf5ab36674c369deeac90ef1324f43cba80f9c6dc879aa792d5
CP-SOURCE-r008,A-U,r008,2026-12-27T00:00:00Z,CP-AU-r008:S-P01-S01:GS10:p0015,CP-AU-r008:S-P01-S01:GS10:p0015,S-P01-S01,GS10,GS10-A1,2026-12-30T00:05:36.042235Z,2026-12-30T00:13:33.915478Z,259536.042235,260013.915478,477.873243,259536042235,260013915478,477873243,False,outside_horizon_padding,f15eacfea5f4fdf5ab36674c369deeac90ef1324f43cba80f9c6dc879aa792d5
CP-SOURCE-r008,A-U,r008,2026-12-27T00:00:00Z,CP-AU-r008:S-P03-S10:GS09:p0015,CP-AU-r008:S-P03-S10:GS09:p0015,S-P03-S10,GS09,GS09-A1,2026-12-30T00:06:11.780046Z,2026-12-30T00:10:52.289918Z,259571.780046,259852.289918,280.509872,259571780046,259852289918,280509872,False,outside_horizon_padding,f15eacfea5f4fdf5ab36674c369deeac90ef1324f43cba80f9c6dc879aa792d5
CP-SOURCE-r008,A-U,r008,2026-12-27T00:00:00Z,CP-AU-r008:S-P01-S01:GS04:p0014,CP-AU-r008:S-P01-S01:GS04:p0014,S-P01-S01,GS04,GS04-A1,2026-12-30T00:06:12.323623Z,2026-12-30T00:14:50.633876Z,259572.323623,260090.633876,518.310253,259572323623,260090633876,518310253,False,outside_horizon_padding,f15eacfea5f4fdf5ab36674c369deeac90ef1324f43cba80f9c6dc879aa792d5
CP-SOURCE-r008,A-U,r008,2026-12-27T00:00:00Z,CP-AU-r008:S-P04-S09:GS09:p0015,CP-AU-r008:S-P04-S09:GS09:p0015,S-P04-S09,GS09,GS09-A1,2026-12-30T00:06:23.773373Z,2026-12-30T00:07:48.003618Z,259583.773373,259668.003618,84.230245,259583773373,259668003618,84230245,False,outside_horizon_padding,f15eacfea5f4fdf5ab36674c369deeac90ef1324f43cba80f9c6dc879aa792d5
CP-SOURCE-r008,A-U,r008,2026-12-27T00:00:00Z,CP-AU-r008:S-P02-S12:GS12:p0013,CP-AU-r008:S-P02-S12:GS12:p0013,S-P02-S12,GS12,GS12-A1,2026-12-30T00:07:18.641347Z,2026-12-30T00:12:32.709670Z,259638.641347,259952.709670,314.068323,259638641347,259952709670,314068323,False,outside_horizon_padding,f15eacfea5f4fdf5ab36674c369deeac90ef1324f43cba80f9c6dc879aa792d5
CP-SOURCE-r008,A-U,r008,2026-12-27T00:00:00Z,CP-AU-r008:S-P01-S01:GS11:p0015,CP-AU-r008:S-P01-S01:GS11:p0015,S-P01-S01,GS11,GS11-A1,2026-12-30T00:07:31.120743Z,2026-12-30T00:13:20.736610Z,259651.120743,260000.736610,349.615867,259651120743,260000736610,349615867,False,outside_horizon_padding,f15eacfea5f4fdf5ab36674c369deeac90ef1324f43cba80f9c6dc879aa792d5
CP-SOURCE-r008,A-U,r008,2026-12-27T00:00:00Z,CP-AU-r008:S-P02-S12:GS11:p0014,CP-AU-r008:S-P02-S12:GS11:p0014,S-P02-S12,GS11,GS11-A1,2026-12-30T00:07:42.236972Z,2026-12-30T00:09:21.376937Z,259662.236972,259761.376937,99.139965,259662236972,259761376937,99139965,False,outside_horizon_padding,f15eacfea5f4fdf5ab36674c369deeac90ef1324f43cba80f9c6dc879aa792d5
CP-SOURCE-r008,A-U,r008,2026-12-27T00:00:00Z,CP-AU-r008:S-P01-S01:GS05:p0014,CP-AU-r008:S-P01-S01:GS05:p0014,S-P01-S01,GS05,GS05-A1,2026-12-30T00:07:51.010626Z,2026-12-30T00:14:58.669393Z,259671.010626,260098.669393,427.658767,259671010626,260098669393,427658767,False,outside_horizon_padding,f15eacfea5f4fdf5ab36674c369deeac90ef1324f43cba80f9c6dc879aa792d5
CP-SOURCE-r008,A-U,r008,2026-12-27T00:00:00Z,CP-AU-r008:S-P01-S01:GS06:p0012,CP-AU-r008:S-P01-S01:GS06:p0012,S-P01-S01,GS06,GS06-A1,2026-12-30T00:10:28.507943Z,2026-12-30T00:14:02.098444Z,259828.507943,260042.098444,213.590501,259828507943,260042098444,213590501,False,outside_horizon_padding,f15eacfea5f4fdf5ab36674c369deeac90ef1324f43cba80f9c6dc879aa792d5
CP-SOURCE-r008,A-U,r008,2026-12-27T00:00:00Z,CP-AU-r008:S-P01-S12:GS07:p0014,CP-AU-r008:S-P01-S12:GS07:p0014,S-P01-S12,GS07,GS07-A1,2026-12-30T00:10:48.347730Z,2026-12-30T00:20:04.953587Z,259848.347730,260404.953587,556.605857,259848347730,260404953587,556605857,False,outside_horizon_padding,f15eacfea5f4fdf5ab36674c369deeac90ef1324f43cba80f9c6dc879aa792d5
CP-SOURCE-r008,A-U,r008,2026-12-27T00:00:00Z,CP-AU-r008:S-P03-S09:GS07:p0014,CP-AU-r008:S-P03-S09:GS07:p0014,S-P03-S09,GS07,GS07-A1,2026-12-30T00:10:57.958274Z,2026-12-30T00:18:37.641680Z,259857.958274,260317.641680,459.683406,259857958274,260317641680,459683406,False,outside_horizon_padding,f15eacfea5f4fdf5ab36674c369deeac90ef1324f43cba80f9c6dc879aa792d5
CP-SOURCE-r008,A-U,r008,2026-12-27T00:00:00Z,CP-AU-r008:S-P03-S09:GS01:p0013,CP-AU-r008:S-P03-S09:GS01:p0013,S-P03-S09,GS01,GS01-A1,2026-12-30T00:11:07.883878Z,2026-12-30T00:16:59.973133Z,259867.883878,260219.973133,352.089255,259867883878,260219973133,352089255,False,outside_horizon_padding,f15eacfea5f4fdf5ab36674c369deeac90ef1324f43cba80f9c6dc879aa792d5
CP-SOURCE-r008,A-U,r008,2026-12-27T00:00:00Z,CP-AU-r008:S-P04-S08:GS04:p0012,CP-AU-r008:S-P04-S08:GS04:p0012,S-P04-S08,GS04,GS04-A1,2026-12-30T00:11:34.086338Z,2026-12-30T00:19:43.061692Z,259894.086338,260383.061692,488.975354,259894086338,260383061692,488975354,False,outside_horizon_padding,f15eacfea5f4fdf5ab36674c369deeac90ef1324f43cba80f9c6dc879aa792d5
CP-SOURCE-r008,A-U,r008,2026-12-27T00:00:00Z,CP-AU-r008:S-P04-S08:GS03:p0013,CP-AU-r008:S-P04-S08:GS03:p0013,S-P04-S08,GS03,GS03-A1,2026-12-30T00:11:44.607585Z,2026-12-30T00:17:48.784014Z,259904.607585,260268.784014,364.176429,259904607585,260268784014,364176429,False,outside_horizon_padding,f15eacfea5f4fdf5ab36674c369deeac90ef1324f43cba80f9c6dc879aa792d5
CP-SOURCE-r008,A-U,r008,2026-12-27T00:00:00Z,CP-AU-r008:S-P01-S12:GS01:p0012,CP-AU-r008:S-P01-S12:GS01:p0012,S-P01-S12,GS01,GS01-A1,2026-12-30T00:11:48.961561Z,2026-12-30T00:20:44.876829Z,259908.961561,260444.876829,535.915268,259908961561,260444876829,535915268,False,outside_horizon_padding,f15eacfea5f4fdf5ab36674c369deeac90ef1324f43cba80f9c6dc879aa792d5
CP-SOURCE-r008,A-U,r008,2026-12-27T00:00:00Z,CP-AU-r008:S-P01-S12:GS08:p0014,CP-AU-r008:S-P01-S12:GS08:p0014,S-P01-S12,GS08,GS08-A1,2026-12-30T00:11:49.503806Z,2026-12-30T00:21:05.595649Z,259909.503806,260465.595649,556.091843,259909503806,260465595649,556091843,False,outside_horizon_padding,f15eacfea5f4fdf5ab36674c369deeac90ef1324f43cba80f9c6dc879aa792d5
CP-SOURCE-r008,A-U,r008,2026-12-27T00:00:00Z,CP-AU-r008:S-P04-S08:GS05:p0012,CP-AU-r008:S-P04-S08:GS05:p0012,S-P04-S08,GS05,GS05-A1,2026-12-30T00:12:00.998146Z,2026-12-30T00:21:06.251059Z,259920.998146,260466.251059,545.252913,259920998146,260466251059,545252913,False,outside_horizon_padding,f15eacfea5f4fdf5ab36674c369deeac90ef1324f43cba80f9c6dc879aa792d5
CP-SOURCE-r008,A-U,r008,2026-12-27T00:00:00Z,CP-AU-r008:S-P01-S12:GS02:p0014,CP-AU-r008:S-P01-S12:GS02:p0014,S-P01-S12,GS02,GS02-A1,2026-12-30T00:12:40.871126Z,2026-12-30T00:21:59.608578Z,259960.871126,260519.608578,558.737452,259960871126,260519608578,558737452,False,outside_horizon_padding,f15eacfea5f4fdf5ab36674c369deeac90ef1324f43cba80f9c6dc879aa792d5
CP-SOURCE-r008,A-U,r008,2026-12-27T00:00:00Z,CP-AU-r008:S-P04-S08:GS06:p0012,CP-AU-r008:S-P04-S08:GS06:p0012,S-P04-S08,GS06,GS06-A1,2026-12-30T00:12:52.861160Z,2026-12-30T00:22:11.789762Z,259972.861160,260531.789762,558.928602,259972861160,260531789762,558928602,False,outside_horizon_padding,f15eacfea5f4fdf5ab36674c369deeac90ef1324f43cba80f9c6dc879aa792d5
CP-SOURCE-r008,A-U,r008,2026-12-27T00:00:00Z,CP-AU-r008:S-P04-S08:GS10:p0014,CP-AU-r008:S-P04-S08:GS10:p0014,S-P04-S08,GS10,GS10-A1,2026-12-30T00:12:57.935640Z,2026-12-30T00:20:14.378985Z,259977.935640,260414.378985,436.443345,259977935640,260414378985,436443345,False,outside_horizon_padding,f15eacfea5f4fdf5ab36674c369deeac90ef1324f43cba80f9c6dc879aa792d5
CP-SOURCE-r008,A-U,r008,2026-12-27T00:00:00Z,CP-AU-r008:S-P03-S09:GS08:p0014,CP-AU-r008:S-P03-S09:GS08:p0014,S-P03-S09,GS08,GS08-A1,2026-12-30T00:13:00.841032Z,2026-12-30T00:19:07.347668Z,259980.841032,260347.347668,366.506636,259980841032,260347347668,366506636,False,outside_horizon_padding,f15eacfea5f4fdf5ab36674c369deeac90ef1324f43cba80f9c6dc879aa792d5
CP-SOURCE-r008,A-U,r008,2026-12-27T00:00:00Z,CP-AU-r008:S-P01-S12:GS09:p0015,CP-AU-r008:S-P01-S12:GS09:p0015,S-P01-S12,GS09,GS09-A1,2026-12-30T00:13:03.120080Z,2026-12-30T00:21:45.632740Z,259983.120080,260505.632740,522.512660,259983120080,260505632740,522512660,False,outside_horizon_padding,f15eacfea5f4fdf5ab36674c369deeac90ef1324f43cba80f9c6dc879aa792d5
CP-SOURCE-r008,A-U,r008,2026-12-27T00:00:00Z,CP-AU-r008:S-P04-S08:GS11:p0013,CP-AU-r008:S-P04-S08:GS11:p0013,S-P04-S08,GS11,GS11-A1,2026-12-30T00:13:09.094008Z,2026-12-30T00:21:48.659169Z,259989.094008,260508.659169,519.565161,259989094008,260508659169,519565161,False,outside_horizon_padding,f15eacfea5f4fdf5ab36674c369deeac90ef1324f43cba80f9c6dc879aa792d5
CP-SOURCE-r008,A-U,r008,2026-12-27T00:00:00Z,CP-AU-r008:S-P04-S08:GS09:p0014,CP-AU-r008:S-P04-S08:GS09:p0014,S-P04-S08,GS09,GS09-A1,2026-12-30T00:13:39.985626Z,2026-12-30T00:17:53.533720Z,260019.985626,260273.533720,253.548094,260019985626,260273533720,253548094,False,outside_horizon_padding,f15eacfea5f4fdf5ab36674c369deeac90ef1324f43cba80f9c6dc879aa792d5
CP-SOURCE-r008,A-U,r008,2026-12-27T00:00:00Z,CP-AU-r008:S-P01-S12:GS03:p0013,CP-AU-r008:S-P01-S12:GS03:p0013,S-P01-S12,GS03,GS03-A1,2026-12-30T00:13:45.842694Z,2026-12-30T00:22:52.918747Z,260025.842694,260572.918747,547.076053,260025842694,260572918747,547076053,False,outside_horizon_padding,f15eacfea5f4fdf5ab36674c369deeac90ef1324f43cba80f9c6dc879aa792d5
CP-SOURCE-r008,A-U,r008,2026-12-27T00:00:00Z,CP-AU-r008:S-P04-S08:GS12:p0014,CP-AU-r008:S-P04-S08:GS12:p0014,S-P04-S08,GS12,GS12-A1,2026-12-30T00:13:47.685619Z,2026-12-30T00:23:02.865211Z,260027.685619,260582.865211,555.179592,260027685619,260582865211,555179592,False,outside_horizon_padding,f15eacfea5f4fdf5ab36674c369deeac90ef1324f43cba80f9c6dc879aa792d5
CP-SOURCE-r008,A-U,r008,2026-12-27T00:00:00Z,CP-AU-r008:S-P03-S09:GS02:p0012,CP-AU-r008:S-P03-S09:GS02:p0012,S-P03-S09,GS02,GS02-A1,2026-12-30T00:14:24.601936Z,2026-12-30T00:16:23.380266Z,260064.601936,260183.380266,118.778330,260064601936,260183380266,118778330,False,outside_horizon_padding,f15eacfea5f4fdf5ab36674c369deeac90ef1324f43cba80f9c6dc879aa792d5
CP-SOURCE-r008,A-U,r008,2026-12-27T00:00:00Z,CP-AU-r008:S-P01-S12:GS10:p0015,CP-AU-r008:S-P01-S12:GS10:p0015,S-P01-S12,GS10,GS10-A1,2026-12-30T00:14:36.123827Z,2026-12-30T00:21:58.902986Z,260076.123827,260518.902986,442.779159,260076123827,260518902986,442779159,False,outside_horizon_padding,f15eacfea5f4fdf5ab36674c369deeac90ef1324f43cba80f9c6dc879aa792d5
CP-SOURCE-r008,A-U,r008,2026-12-27T00:00:00Z,CP-AU-r008:S-P01-S12:GS04:p0014,CP-AU-r008:S-P01-S12:GS04:p0014,S-P01-S12,GS04,GS04-A1,2026-12-30T00:15:08.001692Z,2026-12-30T00:23:21.701940Z,260108.001692,260601.701940,493.700248,260108001692,260601701940,493700248,False,outside_horizon_padding,f15eacfea5f4fdf5ab36674c369deeac90ef1324f43cba80f9c6dc879aa792d5
CP-SOURCE-r008,A-U,r008,2026-12-27T00:00:00Z,CP-AU-r008:S-P03-S09:GS09:p0016,CP-AU-r008:S-P03-S09:GS09:p0016,S-P03-S09,GS09,GS09-A1,2026-12-30T00:15:37.238595Z,2026-12-30T00:19:14.084443Z,260137.238595,260354.084443,216.845848,260137238595,260354084443,216845848,False,outside_horizon_padding,f15eacfea5f4fdf5ab36674c369deeac90ef1324f43cba80f9c6dc879aa792d5
CP-SOURCE-r008,A-U,r008,2026-12-27T00:00:00Z,CP-AU-r008:S-P02-S11:GS11:p0013,CP-AU-r008:S-P02-S11:GS11:p0013,S-P02-S11,GS11,GS11-A1,2026-12-30T00:15:44.256388Z,2026-12-30T00:19:08.224544Z,260144.256388,260348.224544,203.968156,260144256388,260348224544,203968156,False,outside_horizon_padding,f15eacfea5f4fdf5ab36674c369deeac90ef1324f43cba80f9c6dc879aa792d5
CP-SOURCE-r008,A-U,r008,2026-12-27T00:00:00Z,CP-AU-r008:S-P02-S11:GS12:p0013,CP-AU-r008:S-P02-S11:GS12:p0013,S-P02-S11,GS12,GS12-A1,2026-12-30T00:15:48.717161Z,2026-12-30T00:21:47.792911Z,260148.717161,260507.792911,359.075750,260148717161,260507792911,359075750,False,outside_horizon_padding,f15eacfea5f4fdf5ab36674c369deeac90ef1324f43cba80f9c6dc879aa792d5
CP-SOURCE-r008,A-U,r008,2026-12-27T00:00:00Z,CP-AU-r008:S-P01-S12:GS11:p0015,CP-AU-r008:S-P01-S12:GS11:p0015,S-P01-S12,GS11,GS11-A1,2026-12-30T00:16:52.382030Z,2026-12-30T00:21:22.260013Z,260212.382030,260482.260013,269.877983,260212382030,260482260013,269877983,False,outside_horizon_padding,f15eacfea5f4fdf5ab36674c369deeac90ef1324f43cba80f9c6dc879aa792d5
CP-SOURCE-r008,A-U,r008,2026-12-27T00:00:00Z,CP-AU-r008:S-P01-S12:GS05:p0013,CP-AU-r008:S-P01-S12:GS05:p0013,S-P01-S12,GS05,GS05-A1,2026-12-30T00:16:59.785560Z,2026-12-30T00:23:14.481901Z,260219.785560,260594.481901,374.696341,260219785560,260594481901,374696341,False,outside_horizon_padding,f15eacfea5f4fdf5ab36674c369deeac90ef1324f43cba80f9c6dc879aa792d5
CP-SOURCE-r008,A-U,r008,2026-12-27T00:00:00Z,CP-AU-r008:S-P02-S11:GS06:p0013,CP-AU-r008:S-P02-S11:GS06:p0013,S-P02-S11,GS06,GS06-A1,2026-12-30T00:18:48.162486Z,2026-12-30T00:20:07.748822Z,260328.162486,260407.748822,79.586336,260328162486,260407748822,79586336,False,outside_horizon_padding,f15eacfea5f4fdf5ab36674c369deeac90ef1324f43cba80f9c6dc879aa792d5
CP-SOURCE-r008,A-U,r008,2026-12-27T00:00:00Z,CP-AU-r008:S-P01-S11:GS07:p0014,CP-AU-r008:S-P01-S11:GS07:p0014,S-P01-S11,GS07,GS07-A1,2026-12-30T00:19:32.931587Z,2026-12-30T00:28:52.727889Z,260372.931587,260932.727889,559.796302,260372931587,260932727889,559796302,False,outside_horizon_padding,f15eacfea5f4fdf5ab36674c369deeac90ef1324f43cba80f9c6dc879aa792d5
CP-SOURCE-r008,A-U,r008,2026-12-27T00:00:00Z,CP-AU-r008:S-P04-S07:GS03:p0013,CP-AU-r008:S-P04-S07:GS03:p0013,S-P04-S07,GS03,GS03-A1,2026-12-30T00:19:58.916546Z,2026-12-30T00:26:58.782331Z,260398.916546,260818.782331,419.865785,260398916546,260818782331,419865785,False,outside_horizon_padding,f15eacfea5f4fdf5ab36674c369deeac90ef1324f43cba80f9c6dc879aa792d5
CP-SOURCE-r008,A-U,r008,2026-12-27T00:00:00Z,CP-AU-r008:S-P03-S08:GS07:p0014,CP-AU-r008:S-P03-S08:GS07:p0014,S-P03-S08,GS07,GS07-A1,2026-12-30T00:20:02.915868Z,2026-12-30T00:27:13.789021Z,260402.915868,260833.789021,430.873153,260402915868,260833789021,430873153,False,outside_horizon_padding,f15eacfea5f4fdf5ab36674c369deeac90ef1324f43cba80f9c6dc879aa792d5
CP-SOURCE-r008,A-U,r008,2026-12-27T00:00:00Z,CP-AU-r008:S-P04-S07:GS04:p0012,CP-AU-r008:S-P04-S07:GS04:p0012,S-P04-S07,GS04,GS04-A1,2026-12-30T00:20:04.411796Z,2026-12-30T00:28:39.188595Z,260404.411796,260919.188595,514.776799,260404411796,260919188595,514776799,False,outside_horizon_padding,f15eacfea5f4fdf5ab36674c369deeac90ef1324f43cba80f9c6dc879aa792d5
CP-SOURCE-r008,A-U,r008,2026-12-27T00:00:00Z,CP-AU-r008:S-P03-S08:GS01:p0012,CP-AU-r008:S-P03-S08:GS01:p0012,S-P03-S08,GS01,GS01-A1,2026-12-30T00:20:28.403078Z,2026-12-30T00:25:23.078733Z,260428.403078,260723.078733,294.675655,260428403078,260723078733,294675655,False,outside_horizon_padding,f15eacfea5f4fdf5ab36674c369deeac90ef1324f43cba80f9c6dc879aa792d5
CP-SOURCE-r008,A-U,r008,2026-12-27T00:00:00Z,CP-AU-r008:S-P01-S11:GS01:p0012,CP-AU-r008:S-P01-S11:GS01:p0012,S-P01-S11,GS01,GS01-A1,2026-12-30T00:20:30.067940Z,2026-12-30T00:29:37.887704Z,260430.067940,260977.887704,547.819764,260430067940,260977887704,547819764,False,outside_horizon_padding,f15eacfea5f4fdf5ab36674c369deeac90ef1324f43cba80f9c6dc879aa792d5
CP-SOURCE-r008,A-U,r008,2026-12-27T00:00:00Z,CP-AU-r008:S-P01-S11:GS08:p0014,CP-AU-r008:S-P01-S11:GS08:p0014,S-P01-S11,GS08,GS08-A1,2026-12-30T00:20:38.046559Z,2026-12-30T00:29:46.430656Z,260438.046559,260986.430656,548.384097,260438046559,260986430656,548384097,False,outside_horizon_padding,f15eacfea5f4fdf5ab36674c369deeac90ef1324f43cba80f9c6dc879aa792d5
CP-SOURCE-r008,A-U,r008,2026-12-27T00:00:00Z,CP-AU-r008:S-P04-S07:GS05:p0012,CP-AU-r008:S-P04-S07:GS05:p0012,S-P04-S07,GS05,GS05-A1,2026-12-30T00:20:40.897454Z,2026-12-30T00:29:55.282667Z,260440.897454,260995.282667,554.385213,260440897454,260995282667,554385213,False,outside_horizon_padding,f15eacfea5f4fdf5ab36674c369deeac90ef1324f43cba80f9c6dc879aa792d5
CP-SOURCE-r008,A-U,r008,2026-12-27T00:00:00Z,CP-AU-r008:S-P04-S07:GS02:p0013,CP-AU-r008:S-P04-S07:GS02:p0013,S-P04-S07,GS02,GS02-A1,2026-12-30T00:21:04.514910Z,2026-12-30T00:24:13.045748Z,260464.514910,260653.045748,188.530838,260464514910,260653045748,188530838,False,outside_horizon_padding,f15eacfea5f4fdf5ab36674c369deeac90ef1324f43cba80f9c6dc879aa792d5
CP-SOURCE-r008,A-U,r008,2026-12-27T00:00:00Z,CP-AU-r008:S-P04-S07:GS10:p0013,CP-AU-r008:S-P04-S07:GS10:p0013,S-P04-S07,GS10,GS10-A1,2026-12-30T00:21:22.044441Z,2026-12-30T00:29:15.046304Z,260482.044441,260955.046304,473.001863,260482044441,260955046304,473001863,False,outside_horizon_padding,f15eacfea5f4fdf5ab36674c369deeac90ef1324f43cba80f9c6dc879aa792d5
CP-SOURCE-r008,A-U,r008,2026-12-27T00:00:00Z,CP-AU-r008:S-P01-S11:GS02:p0013,CP-AU-r008:S-P01-S11:GS02:p0013,S-P01-S11,GS02,GS02-A1,2026-12-30T00:21:26.385281Z,2026-12-30T00:30:45.126490Z,260486.385281,261045.126490,558.741209,260486385281,261045126490,558741209,False,outside_horizon_padding,f15eacfea5f4fdf5ab36674c369deeac90ef1324f43cba80f9c6dc879aa792d5
CP-SOURCE-r008,A-U,r008,2026-12-27T00:00:00Z,CP-AU-r008:S-P04-S07:GS09:p0014,CP-AU-r008:S-P04-S07:GS09:p0014,S-P04-S07,GS09,GS09-A1,2026-12-30T00:21:38.599907Z,2026-12-30T00:27:17.416661Z,260498.599907,260837.416661,338.816754,260498599907,260837416661,338816754,False,outside_horizon_padding,f15eacfea5f4fdf5ab36674c369deeac90ef1324f43cba80f9c6dc879aa792d5
CP-SOURCE-r008,A-U,r008,2026-12-27T00:00:00Z,CP-AU-r008:S-P04-S07:GS06:p0013,CP-AU-r008:S-P04-S07:GS06:p0013,S-P04-S07,GS06,GS06-A1,2026-12-30T00:21:40.583335Z,2026-12-30T00:30:55.832559Z,260500.583335,261055.832559,555.249224,260500583335,261055832559,555249224,False,outside_horizon_padding,f15eacfea5f4fdf5ab36674c369deeac90ef1324f43cba80f9c6dc879aa792d5
CP-SOURCE-r008,A-U,r008,2026-12-27T00:00:00Z,CP-AU-r008:S-P04-S07:GS11:p0013,CP-AU-r008:S-P04-S07:GS11:p0013,S-P04-S07,GS11,GS11-A1,2026-12-30T00:21:44.210086Z,2026-12-30T00:30:40.845324Z,260504.210086,261040.845324,536.635238,260504210086,261040845324,536635238,False,outside_horizon_padding,f15eacfea5f4fdf5ab36674c369deeac90ef1324f43cba80f9c6dc879aa792d5
CP-SOURCE-r008,A-U,r008,2026-12-27T00:00:00Z,CP-AU-r008:S-P01-S11:GS09:p0016,CP-AU-r008:S-P01-S11:GS09:p0016,S-P01-S11,GS09,GS09-A1,2026-12-30T00:21:57.392100Z,2026-12-30T00:30:18.034657Z,260517.392100,261018.034657,500.642557,260517392100,261018034657,500642557,False,outside_horizon_padding,f15eacfea5f4fdf5ab36674c369deeac90ef1324f43cba80f9c6dc879aa792d5
CP-SOURCE-r008,A-U,r008,2026-12-27T00:00:00Z,CP-AU-r008:S-P03-S08:GS08:p0015,CP-AU-r008:S-P03-S08:GS08:p0015,S-P03-S08,GS08,GS08-A1,2026-12-30T00:22:15.174194Z,2026-12-30T00:27:37.852024Z,260535.174194,260857.852024,322.677830,260535174194,260857852024,322677830,False,outside_horizon_padding,f15eacfea5f4fdf5ab36674c369deeac90ef1324f43cba80f9c6dc879aa792d5
CP-SOURCE-r008,A-U,r008,2026-12-27T00:00:00Z,CP-AU-r008:S-P04-S07:GS12:p0014,CP-AU-r008:S-P04-S07:GS12:p0014,S-P04-S07,GS12,GS12-A1,2026-12-30T00:22:30.648930Z,2026-12-30T00:31:49.999156Z,260550.648930,261109.999156,559.350226,260550648930,261109999156,559350226,False,outside_horizon_padding,f15eacfea5f4fdf5ab36674c369deeac90ef1324f43cba80f9c6dc879aa792d5
CP-SOURCE-r008,A-U,r008,2026-12-27T00:00:00Z,CP-AU-r008:S-P01-S11:GS03:p0014,CP-AU-r008:S-P01-S11:GS03:p0014,S-P01-S11,GS03,GS03-A1,2026-12-30T00:22:36.744445Z,2026-12-30T00:31:30.330515Z,260556.744445,261090.330515,533.586070,260556744445,261090330515,533586070,False,outside_horizon_padding,f15eacfea5f4fdf5ab36674c369deeac90ef1324f43cba80f9c6dc879aa792d5
CP-SOURCE-r008,A-U,r008,2026-12-27T00:00:00Z,CP-AU-r008:S-P01-S11:GS10:p0015,CP-AU-r008:S-P01-S11:GS10:p0015,S-P01-S11,GS10,GS10-A1,2026-12-30T00:23:40.928753Z,2026-12-30T00:30:18.329737Z,260620.928753,261018.329737,397.400984,260620928753,261018329737,397400984,False,outside_horizon_padding,f15eacfea5f4fdf5ab36674c369deeac90ef1324f43cba80f9c6dc879aa792d5
CP-SOURCE-r008,A-U,r008,2026-12-27T00:00:00Z,CP-AU-r008:S-P02-S10:GS11:p0013,CP-AU-r008:S-P02-S10:GS11:p0013,S-P02-S10,GS11,GS11-A1,2026-12-30T00:24:04.747071Z,2026-12-30T00:28:35.298788Z,260644.747071,260915.298788,270.551717,260644747071,260915298788,270551717,False,outside_horizon_padding,f15eacfea5f4fdf5ab36674c369deeac90ef1324f43cba80f9c6dc879aa792d5
CP-SOURCE-r008,A-U,r008,2026-12-27T00:00:00Z,CP-AU-r008:S-P01-S11:GS04:p0014,CP-AU-r008:S-P01-S11:GS04:p0014,S-P01-S11,GS04,GS04-A1,2026-12-30T00:24:07.159471Z,2026-12-30T00:31:48.487295Z,260647.159471,261108.487295,461.327824,260647159471,261108487295,461327824,False,outside_horizon_padding,f15eacfea5f4fdf5ab36674c369deeac90ef1324f43cba80f9c6dc879aa792d5
CP-SOURCE-r008,A-U,r008,2026-12-27T00:00:00Z,CP-AU-r008:S-P02-S10:GS12:p0013,CP-AU-r008:S-P02-S10:GS12:p0013,S-P02-S10,GS12,GS12-A1,2026-12-30T00:24:21.418797Z,2026-12-30T00:30:58.921715Z,260661.418797,261058.921715,397.502918,260661418797,261058921715,397502918,False,outside_horizon_padding,f15eacfea5f4fdf5ab36674c369deeac90ef1324f43cba80f9c6dc879aa792d5
CP-SOURCE-r008,A-U,r008,2026-12-27T00:00:00Z,CP-AU-r008:S-P03-S08:GS09:p0016,CP-AU-r008:S-P03-S08:GS09:p0016,S-P03-S08,GS09,GS09-A1,2026-12-30T00:25:18.523526Z,2026-12-30T00:27:21.364222Z,260718.523526,260841.364222,122.840696,260718523526,260841364222,122840696,False,outside_horizon_padding,f15eacfea5f4fdf5ab36674c369deeac90ef1324f43cba80f9c6dc879aa792d5
CP-SOURCE-r008,A-U,r008,2026-12-27T00:00:00Z,CP-AU-r008:S-P01-S11:GS05:p0012,CP-AU-r008:S-P01-S11:GS05:p0012,S-P01-S11,GS05,GS05-A1,2026-12-30T00:26:18.132251Z,2026-12-30T00:31:20.032590Z,260778.132251,261080.032590,301.900339,260778132251,261080032590,301900339,False,outside_horizon_padding,f15eacfea5f4fdf5ab36674c369deeac90ef1324f43cba80f9c6dc879aa792d5
CP-SOURCE-r008,A-U,r008,2026-12-27T00:00:00Z,CP-AU-r008:S-P02-S10:GS06:p0012,CP-AU-r008:S-P02-S10:GS06:p0012,S-P02-S10,GS06,GS06-A1,2026-12-30T00:26:32.610701Z,2026-12-30T00:30:10.008574Z,260792.610701,261010.008574,217.397873,260792610701,261010008574,217397873,False,outside_horizon_padding,f15eacfea5f4fdf5ab36674c369deeac90ef1324f43cba80f9c6dc879aa792d5
CP-SOURCE-r008,A-U,r008,2026-12-27T00:00:00Z,CP-AU-r008:S-P01-S11:GS11:p0014,CP-AU-r008:S-P01-S11:GS11:p0014,S-P01-S11,GS11,GS11-A1,2026-12-30T00:26:43.482962Z,2026-12-30T00:28:53.188997Z,260803.482962,260933.188997,129.706035,260803482962,260933188997,129706035,False,outside_horizon_padding,f15eacfea5f4fdf5ab36674c369deeac90ef1324f43cba80f9c6dc879aa792d5
CP-SOURCE-r008,A-U,r008,2026-12-27T00:00:00Z,CP-AU-r008:S-P01-S10:GS07:p0014,CP-AU-r008:S-P01-S10:GS07:p0014,S-P01-S10,GS07,GS07-A1,2026-12-30T00:28:18.797580Z,2026-12-30T00:37:38.130760Z,260898.797580,261458.130760,559.333180,260898797580,261458130760,559333180,False,outside_horizon_padding,f15eacfea5f4fdf5ab36674c369deeac90ef1324f43cba80f9c6dc879aa792d5
CP-SOURCE-r008,A-U,r008,2026-12-27T00:00:00Z,CP-AU-r008:S-P04-S06:GS03:p0012,CP-AU-r008:S-P04-S06:GS03:p0012,S-P04-S06,GS03,GS03-A1,2026-12-30T00:28:20.384036Z,2026-12-30T00:36:02.346297Z,260900.384036,261362.346297,461.962261,260900384036,261362346297,461962261,False,outside_horizon_padding,f15eacfea5f4fdf5ab36674c369deeac90ef1324f43cba80f9c6dc879aa792d5
CP-SOURCE-r008,A-U,r008,2026-12-27T00:00:00Z,CP-AU-r008:S-P04-S06:GS04:p0012,CP-AU-r008:S-P04-S06:GS04:p0012,S-P04-S06,GS04,GS04-A1,2026-12-30T00:28:38.490676Z,2026-12-30T00:37:32.403541Z,260918.490676,261452.403541,533.912865,260918490676,261452403541,533912865,False,outside_horizon_padding,f15eacfea5f4fdf5ab36674c369deeac90ef1324f43cba80f9c6dc879aa792d5
CP-SOURCE-r008,A-U,r008,2026-12-27T00:00:00Z,CP-AU-r008:S-P04-S06:GS02:p0013,CP-AU-r008:S-P04-S06:GS02:p0013,S-P04-S06,GS02,GS02-A1,2026-12-30T00:28:48.793293Z,2026-12-30T00:33:51.853350Z,260928.793293,261231.853350,303.060057,260928793293,261231853350,303060057,False,outside_horizon_padding,f15eacfea5f4fdf5ab36674c369deeac90ef1324f43cba80f9c6dc879aa792d5
CP-SOURCE-r008,A-U,r008,2026-12-27T00:00:00Z,CP-AU-r008:S-P03-S07:GS07:p0014,CP-AU-r008:S-P03-S07:GS07:p0014,S-P03-S07,GS07,GS07-A1,2026-12-30T00:29:10.767276Z,2026-12-30T00:35:48.358371Z,260950.767276,261348.358371,397.591095,260950767276,261348358371,397591095,False,outside_horizon_padding,f15eacfea5f4fdf5ab36674c369deeac90ef1324f43cba80f9c6dc879aa792d5
CP-SOURCE-r008,A-U,r008,2026-12-27T00:00:00Z,CP-AU-r008:S-P01-S10:GS01:p0013,CP-AU-r008:S-P01-S10:GS01:p0013,S-P01-S10,GS01,GS01-A1,2026-12-30T00:29:12.696954Z,2026-12-30T00:38:28.239383Z,260952.696954,261508.239383,555.542429,260952696954,261508239383,555542429,False,outside_horizon_padding,f15eacfea5f4fdf5ab36674c369deeac90ef1324f43cba80f9c6dc879aa792d5
CP-SOURCE-r008,A-U,r008,2026-12-27T00:00:00Z,CP-AU-r008:S-P04-S06:GS05:p0012,CP-AU-r008:S-P04-S06:GS05:p0012,S-P04-S06,GS05,GS05-A1,2026-12-30T00:29:23.674184Z,2026-12-30T00:38:42.400385Z,260963.674184,261522.400385,558.726201,260963674184,261522400385,558726201,False,outside_horizon_padding,f15eacfea5f4fdf5ab36674c369deeac90ef1324f43cba80f9c6dc879aa792d5
CP-SOURCE-r008,A-U,r008,2026-12-27T00:00:00Z,CP-AU-r008:S-P01-S10:GS08:p0014,CP-AU-r008:S-P01-S10:GS08:p0014,S-P01-S10,GS08,GS08-A1,2026-12-30T00:29:28.337717Z,2026-12-30T00:38:24.528027Z,260968.337717,261504.528027,536.190310,260968337717,261504528027,536190310,False,outside_horizon_padding,f15eacfea5f4fdf5ab36674c369deeac90ef1324f43cba80f9c6dc879aa792d5
CP-SOURCE-r008,A-U,r008,2026-12-27T00:00:00Z,CP-AU-r008:S-P04-S06:GS09:p0014,CP-AU-r008:S-P04-S06:GS09:p0014,S-P04-S06,GS09,GS09-A1,2026-12-30T00:29:50.318698Z,2026-12-30T00:36:28.976618Z,260990.318698,261388.976618,398.657920,260990318698,261388976618,398657920,False,outside_horizon_padding,f15eacfea5f4fdf5ab36674c369deeac90ef1324f43cba80f9c6dc879aa792d5
CP-SOURCE-r008,A-U,r008,2026-12-27T00:00:00Z,CP-AU-r008:S-P04-S06:GS10:p0013,CP-AU-r008:S-P04-S06:GS10:p0013,S-P04-S06,GS10,GS10-A1,2026-12-30T00:29:50.689063Z,2026-12-30T00:38:12.045037Z,260990.689063,261492.045037,501.355974,260990689063,261492045037,501355974,False,outside_horizon_padding,f15eacfea5f4fdf5ab36674c369deeac90ef1324f43cba80f9c6dc879aa792d5
CP-SOURCE-r008,A-U,r008,2026-12-27T00:00:00Z,CP-AU-r008:S-P03-S07:GS01:p0013,CP-AU-r008:S-P03-S07:GS01:p0013,S-P03-S07,GS01,GS01-A1,2026-12-30T00:29:59.249016Z,2026-12-30T00:33:37.339465Z,260999.249016,261217.339465,218.090449,260999249016,261217339465,218090449,False,outside_horizon_padding,f15eacfea5f4fdf5ab36674c369deeac90ef1324f43cba80f9c6dc879aa792d5
CP-SOURCE-r008,A-U,r008,2026-12-27T00:00:00Z,CP-AU-r008:S-P01-S10:GS02:p0013,CP-AU-r008:S-P01-S10:GS02:p0013,S-P01-S10,GS02,GS02-A1,2026-12-30T00:30:13.634306Z,2026-12-30T00:39:27.903707Z,261013.634306,261567.903707,554.269401,261013634306,261567903707,554269401,False,outside_horizon_padding,f15eacfea5f4fdf5ab36674c369deeac90ef1324f43cba80f9c6dc879aa792d5
CP-SOURCE-r008,A-U,r008,2026-12-27T00:00:00Z,CP-AU-r008:S-P04-S06:GS11:p0013,CP-AU-r008:S-P04-S06:GS11:p0013,S-P04-S06,GS11,GS11-A1,2026-12-30T00:30:22.318162Z,2026-12-30T00:39:31.000726Z,261022.318162,261571.000726,548.682564,261022318162,261571000726,548682564,False,outside_horizon_padding,f15eacfea5f4fdf5ab36674c369deeac90ef1324f43cba80f9c6dc879aa792d5
CP-SOURCE-r008,A-U,r008,2026-12-27T00:00:00Z,CP-AU-r008:S-P04-S06:GS06:p0014,CP-AU-r008:S-P04-S06:GS06:p0014,S-P04-S06,GS06,GS06-A1,2026-12-30T00:30:30.964983Z,2026-12-30T00:39:38.309633Z,261030.964983,261578.309633,547.344650,261030964983,261578309633,547344650,False,outside_horizon_padding,f15eacfea5f4fdf5ab36674c369deeac90ef1324f43cba80f9c6dc879aa792d5
CP-SOURCE-r008,A-U,r008,2026-12-27T00:00:00Z,CP-AU-r008:S-P01-S10:GS09:p0016,CP-AU-r008:S-P01-S10:GS09:p0016,S-P01-S10,GS09,GS09-A1,2026-12-30T00:30:54.539502Z,2026-12-30T00:38:46.664416Z,261054.539502,261526.664416,472.124914,261054539502,261526664416,472124914,False,outside_horizon_padding,f15eacfea5f4fdf5ab36674c369deeac90ef1324f43cba80f9c6dc879aa792d5
CP-SOURCE-r008,A-U,r008,2026-12-27T00:00:00Z,CP-AU-r008:S-P04-S06:GS08:p0015,CP-AU-r008:S-P04-S06:GS08:p0015,S-P04-S06,GS08,GS08-A1,2026-12-30T00:31:14.042607Z,2026-12-30T00:33:28.261253Z,261074.042607,261208.261253,134.218646,261074042607,261208261253,134218646,False,outside_horizon_padding,f15eacfea5f4fdf5ab36674c369deeac90ef1324f43cba80f9c6dc879aa792d5
CP-SOURCE-r008,A-U,r008,2026-12-27T00:00:00Z,CP-AU-r008:S-P04-S06:GS12:p0014,CP-AU-r008:S-P04-S06:GS12:p0014,S-P04-S06,GS12,GS12-A1,2026-12-30T00:31:16.080158Z,2026-12-30T00:40:35.723704Z,261076.080158,261635.723704,559.643546,261076080158,261635723704,559643546,False,outside_horizon_padding,f15eacfea5f4fdf5ab36674c369deeac90ef1324f43cba80f9c6dc879aa792d5
CP-SOURCE-r008,A-U,r008,2026-12-27T00:00:00Z,CP-AU-r008:S-P01-S10:GS03:p0014,CP-AU-r008:S-P01-S10:GS03:p0014,S-P01-S10,GS03,GS03-A1,2026-12-30T00:31:30.082667Z,2026-12-30T00:40:04.425347Z,261090.082667,261604.425347,514.342680,261090082667,261604425347,514342680,False,outside_horizon_padding,f15eacfea5f4fdf5ab36674c369deeac90ef1324f43cba80f9c6dc879aa792d5
CP-SOURCE-r008,A-U,r008,2026-12-27T00:00:00Z,CP-AU-r008:S-P03-S07:GS08:p0015,CP-AU-r008:S-P03-S07:GS08:p0015,S-P03-S07,GS08,GS08-A1,2026-12-30T00:31:34.541118Z,2026-12-30T00:36:04.655289Z,261094.541118,261364.655289,270.114171,261094541118,261364655289,270114171,False,outside_horizon_padding,f15eacfea5f4fdf5ab36674c369deeac90ef1324f43cba80f9c6dc879aa792d5
CP-SOURCE-r008,A-U,r008,2026-12-27T00:00:00Z,CP-AU-r008:S-P02-S09:GS11:p0013,CP-AU-r008:S-P02-S09:GS11:p0013,S-P02-S09,GS11,GS11-A1,2026-12-30T00:32:31.721385Z,2026-12-30T00:37:54.569922Z,261151.721385,261474.569922,322.848537,261151721385,261474569922,322848537,False,outside_horizon_padding,f15eacfea5f4fdf5ab36674c369deeac90ef1324f43cba80f9c6dc879aa792d5
CP-SOURCE-r008,A-U,r008,2026-12-27T00:00:00Z,CP-AU-r008:S-P02-S09:GS10:p0014,CP-AU-r008:S-P02-S09:GS10:p0014,S-P02-S09,GS10,GS10-A1,2026-12-30T00:32:47.140613Z,2026-12-30T00:34:52.084931Z,261167.140613,261292.084931,124.944318,261167140613,261292084931,124944318,False,outside_horizon_padding,f15eacfea5f4fdf5ab36674c369deeac90ef1324f43cba80f9c6dc879aa792d5
CP-SOURCE-r008,A-U,r008,2026-12-27T00:00:00Z,CP-AU-r008:S-P01-S10:GS10:p0014,CP-AU-r008:S-P01-S10:GS10:p0014,S-P01-S10,GS10,GS10-A1,2026-12-30T00:32:52.731360Z,2026-12-30T00:38:29.950979Z,261172.731360,261509.950979,337.219619,261172731360,261509950979,337219619,False,outside_horizon_padding,f15eacfea5f4fdf5ab36674c369deeac90ef1324f43cba80f9c6dc879aa792d5
CP-SOURCE-r008,A-U,r008,2026-12-27T00:00:00Z,CP-AU-r008:S-P02-S09:GS12:p0013,CP-AU-r008:S-P02-S09:GS12:p0013,S-P02-S09,GS12,GS12-A1,2026-12-30T00:32:56.067952Z,2026-12-30T00:40:06.778673Z,261176.067952,261606.778673,430.710721,261176067952,261606778673,430710721,False,outside_horizon_padding,f15eacfea5f4fdf5ab36674c369deeac90ef1324f43cba80f9c6dc879aa792d5
CP-SOURCE-r008,A-U,r008,2026-12-27T00:00:00Z,CP-AU-r008:S-P01-S10:GS04:p0014,CP-AU-r008:S-P01-S10:GS04:p0014,S-P01-S10,GS04,GS04-A1,2026-12-30T00:33:10.863219Z,2026-12-30T00:40:09.964843Z,261190.863219,261609.964843,419.101624,261190863219,261609964843,419101624,False,outside_horizon_padding,f15eacfea5f4fdf5ab36674c369deeac90ef1324f43cba80f9c6dc879aa792d5
CP-SOURCE-r008,A-U,r008,2026-12-27T00:00:00Z,CP-AU-r008:S-P02-S09:GS06:p0012,CP-AU-r008:S-P02-S09:GS06:p0012,S-P02-S09,GS06,GS06-A1,2026-12-30T00:34:46.900676Z,2026-12-30T00:39:40.920880Z,261286.900676,261580.920880,294.020204,261286900676,261580920880,294020204,False,outside_horizon_padding,f15eacfea5f4fdf5ab36674c369deeac90ef1324f43cba80f9c6dc879aa792d5
CP-SOURCE-r008,A-U,r008,2026-12-27T00:00:00Z,CP-AU-r008:S-P01-S10:GS05:p0012,CP-AU-r008:S-P01-S10:GS05:p0012,S-P01-S10,GS05,GS05-A1,2026-12-30T00:35:57.393253Z,2026-12-30T00:39:04.016556Z,261357.393253,261544.016556,186.623303,261357393253,261544016556,186623303,False,outside_horizon_padding,f15eacfea5f4fdf5ab36674c369deeac90ef1324f43cba80f9c6dc879aa792d5
CP-SOURCE-r008,A-U,r008,2026-12-27T00:00:00Z,CP-AU-r008:S-P04-S05:GS03:p0013,CP-AU-r008:S-P04-S05:GS03:p0013,S-P04-S05,GS03,GS03-A1,2026-12-30T00:36:47.152789Z,2026-12-30T00:45:01.374484Z,261407.152789,261901.374484,494.221695,261407152789,261901374484,494221695,False,outside_horizon_padding,f15eacfea5f4fdf5ab36674c369deeac90ef1324f43cba80f9c6dc879aa792d5
CP-SOURCE-r008,A-U,r008,2026-12-27T00:00:00Z,CP-AU-r008:S-P04-S05:GS02:p0013,CP-AU-r008:S-P04-S05:GS02:p0013,S-P04-S05,GS02,GS02-A1,2026-12-30T00:36:54.397312Z,2026-12-30T00:43:09.990738Z,261414.397312,261789.990738,375.593426,261414397312,261789990738,375593426,False,outside_horizon_padding,f15eacfea5f4fdf5ab36674c369deeac90ef1324f43cba80f9c6dc879aa792d5
CP-SOURCE-r008,A-U,r008,2026-12-27T00:00:00Z,CP-AU-r008:S-P01-S09:GS07:p0014,CP-AU-r008:S-P01-S09:GS07:p0014,S-P01-S09,GS07,GS07-A1,2026-12-30T00:37:06.069634Z,2026-12-30T00:46:21.073805Z,261426.069634,261981.073805,555.004171,261426069634,261981073805,555004171,False,outside_horizon_padding,f15eacfea5f4fdf5ab36674c369deeac90ef1324f43cba80f9c6dc879aa792d5
CP-SOURCE-r008,A-U,r008,2026-12-27T00:00:00Z,CP-AU-r008:S-P04-S05:GS04:p0012,CP-AU-r008:S-P04-S05:GS04:p0012,S-P04-S05,GS04,GS04-A1,2026-12-30T00:37:15.890642Z,2026-12-30T00:46:23.180098Z,261435.890642,261983.180098,547.289456,261435890642,261983180098,547289456,False,outside_horizon_padding,f15eacfea5f4fdf5ab36674c369deeac90ef1324f43cba80f9c6dc879aa792d5
CP-SOURCE-r008,A-U,r008,2026-12-27T00:00:00Z,CP-AU-r008:S-P01-S09:GS01:p0014,CP-AU-r008:S-P01-S09:GS01:p0014,S-P01-S09,GS01,GS01-A1,2026-12-30T00:37:56.882401Z,2026-12-30T00:47:15.943784Z,261476.882401,262035.943784,559.061383,261476882401,262035943784,559061383,False,outside_horizon_padding,f15eacfea5f4fdf5ab36674c369deeac90ef1324f43cba80f9c6dc879aa792d5
CP-SOURCE-r008,A-U,r008,2026-12-27T00:00:00Z,CP-AU-r008:S-P04-S05:GS05:p0013,CP-AU-r008:S-P04-S05:GS05:p0013,S-P04-S05,GS05,GS05-A1,2026-12-30T00:38:09.200952Z,2026-12-30T00:47:27.778032Z,261489.200952,262047.778032,558.577080,261489200952,262047778032,558577080,False,outside_horizon_padding,f15eacfea5f4fdf5ab36674c369deeac90ef1324f43cba80f9c6dc879aa792d5
CP-SOURCE-r008,A-U,r008,2026-12-27T00:00:00Z,CP-AU-r008:S-P04-S05:GS09:p0013,CP-AU-r008:S-P04-S05:GS09:p0013,S-P04-S05,GS09,GS09-A1,2026-12-30T00:38:09.790262Z,2026-12-30T00:45:33.595244Z,261489.790262,261933.595244,443.804982,261489790262,261933595244,443804982,False,outside_horizon_padding,f15eacfea5f4fdf5ab36674c369deeac90ef1324f43cba80f9c6dc879aa792d5
CP-SOURCE-r008,A-U,r008,2026-12-27T00:00:00Z,CP-AU-r008:S-P01-S09:GS08:p0015,CP-AU-r008:S-P01-S09:GS08:p0015,S-P01-S09,GS08,GS08-A1,2026-12-30T00:38:20.661750Z,2026-12-30T00:46:59.635374Z,261500.661750,262019.635374,518.973624,261500661750,262019635374,518973624,False,outside_horizon_padding,f15eacfea5f4fdf5ab36674c369deeac90ef1324f43cba80f9c6dc879aa792d5
CP-SOURCE-r008,A-U,r008,2026-12-27T00:00:00Z,CP-AU-r008:S-P03-S06:GS07:p0014,CP-AU-r008:S-P03-S06:GS07:p0014,S-P03-S06,GS07,GS07-A1,2026-12-30T00:38:21.911701Z,2026-12-30T00:44:20.962289Z,261501.911701,261860.962289,359.050588,261501911701,261860962289,359050588,False,outside_horizon_padding,f15eacfea5f4fdf5ab36674c369deeac90ef1324f43cba80f9c6dc879aa792d5
CP-SOURCE-r008,A-U,r008,2026-12-27T00:00:00Z,CP-AU-r008:S-P04-S05:GS10:p0013,CP-AU-r008:S-P04-S05:GS10:p0013,S-P04-S05,GS10,GS10-A1,2026-12-30T00:38:23.101099Z,2026-12-30T00:47:06.176311Z,261503.101099,262026.176311,523.075212,261503101099,262026176311,523075212,False,outside_horizon_padding,f15eacfea5f4fdf5ab36674c369deeac90ef1324f43cba80f9c6dc879aa792d5
CP-SOURCE-r008,A-U,r008,2026-12-27T00:00:00Z,CP-AU-r008:S-P04-S05:GS08:p0015,CP-AU-r008:S-P04-S05:GS08:p0015,S-P04-S05,GS08,GS08-A1,2026-12-30T00:38:46.106233Z,2026-12-30T00:43:18.074803Z,261526.106233,261798.074803,271.968570,261526106233,261798074803,271968570,False,outside_horizon_padding,f15eacfea5f4fdf5ab36674c369deeac90ef1324f43cba80f9c6dc879aa792d5
CP-SOURCE-r008,A-U,r008,2026-12-27T00:00:00Z,CP-AU-r008:S-P01-S09:GS02:p0013,CP-AU-r008:S-P01-S09:GS02:p0013,S-P01-S09,GS02,GS02-A1,2026-12-30T00:39:02.792662Z,2026-12-30T00:48:07.810466Z,261542.792662,262087.810466,545.017804,261542792662,262087810466,545017804,False,outside_horizon_padding,f15eacfea5f4fdf5ab36674c369deeac90ef1324f43cba80f9c6dc879aa792d5
CP-SOURCE-r008,A-U,r008,2026-12-27T00:00:00Z,CP-AU-r008:S-P04-S05:GS11:p0014,CP-AU-r008:S-P04-S05:GS11:p0014,S-P04-S05,GS11,GS11-A1,2026-12-30T00:39:03.169102Z,2026-12-30T00:48:19.408280Z,261543.169102,262099.408280,556.239178,261543169102,262099408280,556239178,False,outside_horizon_padding,f15eacfea5f4fdf5ab36674c369deeac90ef1324f43cba80f9c6dc879aa792d5
CP-SOURCE-r008,A-U,r008,2026-12-27T00:00:00Z,CP-AU-r008:S-P04-S05:GS06:p0014,CP-AU-r008:S-P04-S05:GS06:p0014,S-P04-S05,GS06,GS06-A1,2026-12-30T00:39:24.023685Z,2026-12-30T00:48:19.252039Z,261564.023685,262099.252039,535.228354,261564023685,262099252039,535228354,False,outside_horizon_padding,f15eacfea5f4fdf5ab36674c369deeac90ef1324f43cba80f9c6dc879aa792d5
CP-SOURCE-r008,A-U,r008,2026-12-27T00:00:00Z,CP-AU-r008:S-P01-S09:GS09:p0016,CP-AU-r008:S-P01-S09:GS09:p0016,S-P01-S09,GS09,GS09-A1,2026-12-30T00:39:55.370823Z,2026-12-30T00:47:10.748314Z,261595.370823,262030.748314,435.377491,261595370823,262030748314,435377491,False,outside_horizon_padding,f15eacfea5f4fdf5ab36674c369deeac90ef1324f43cba80f9c6dc879aa792d5
CP-SOURCE-r008,A-U,r008,2026-12-27T00:00:00Z,CP-AU-r008:S-P03-S06:GS01:p0013,CP-AU-r008:S-P03-S06:GS01:p0013,S-P03-S06,GS01,GS01-A1,2026-12-30T00:40:01.207638Z,2026-12-30T00:41:21.995392Z,261601.207638,261681.995392,80.787754,261601207638,261681995392,80787754,False,outside_horizon_padding,f15eacfea5f4fdf5ab36674c369deeac90ef1324f43cba80f9c6dc879aa792d5
CP-SOURCE-r008,A-U,r008,2026-12-27T00:00:00Z,CP-AU-r008:S-P04-S05:GS12:p0016,CP-AU-r008:S-P04-S05:GS12:p0016,S-P04-S05,GS12,GS12-A1,2026-12-30T00:40:03.892384Z,2026-12-30T00:49:20.160580Z,261603.892384,262160.160580,556.268196,261603892384,262160160580,556268196,False,outside_horizon_padding,f15eacfea5f4fdf5ab36674c369deeac90ef1324f43cba80f9c6dc879aa792d5
CP-SOURCE-r008,A-U,r008,2026-12-27T00:00:00Z,CP-AU-r008:S-P01-S09:GS03:p0014,CP-AU-r008:S-P01-S09:GS03:p0014,S-P01-S09,GS03,GS03-A1,2026-12-30T00:40:26.336051Z,2026-12-30T00:48:34.768395Z,261626.336051,262114.768395,488.432344,261626336051,262114768395,488432344,False,outside_horizon_padding,f15eacfea5f4fdf5ab36674c369deeac90ef1324f43cba80f9c6dc879aa792d5
CP-SOURCE-r008,A-U,r008,2026-12-27T00:00:00Z,CP-AU-r008:S-P02-S08:GS10:p0013,CP-AU-r008:S-P02-S08:GS10:p0013,S-P02-S08,GS10,GS10-A1,2026-12-30T00:40:55.091911Z,2026-12-30T00:44:32.765312Z,261655.091911,261872.765312,217.673401,261655091911,261872765312,217673401,False,outside_horizon_padding,f15eacfea5f4fdf5ab36674c369deeac90ef1324f43cba80f9c6dc879aa792d5
CP-SOURCE-r008,A-U,r008,2026-12-27T00:00:00Z,CP-AU-r008:S-P03-S06:GS08:p0016,CP-AU-r008:S-P03-S06:GS08:p0016,S-P03-S06,GS08,GS08-A1,2026-12-30T00:41:01.830028Z,2026-12-30T00:44:24.859092Z,261661.830028,261864.859092,203.029064,261661830028,261864859092,203029064,False,outside_horizon_padding,f15eacfea5f4fdf5ab36674c369deeac90ef1324f43cba80f9c6dc879aa792d5
CP-SOURCE-r008,A-U,r008,2026-12-27T00:00:00Z,CP-AU-r008:S-P02-S08:GS11:p0013,CP-AU-r008:S-P02-S08:GS11:p0013,S-P02-S08,GS11,GS11-A1,2026-12-30T00:41:02.347432Z,2026-12-30T00:47:08.859757Z,261662.347432,262028.859757,366.512325,261662347432,262028859757,366512325,False,outside_horizon_padding,f15eacfea5f4fdf5ab36674c369deeac90ef1324f43cba80f9c6dc879aa792d5
CP-SOURCE-r008,A-U,r008,2026-12-27T00:00:00Z,CP-AU-r008:S-P02-S08:GS12:p0014,CP-AU-r008:S-P02-S08:GS12:p0014,S-P02-S08,GS12,GS12-A1,2026-12-30T00:41:32.280395Z,2026-12-30T00:49:11.759262Z,261692.280395,262151.759262,459.478867,261692280395,262151759262,459478867,False,outside_horizon_padding,f15eacfea5f4fdf5ab36674c369deeac90ef1324f43cba80f9c6dc879aa792d5
CP-SOURCE-r008,A-U,r008,2026-12-27T00:00:00Z,CP-AU-r008:S-P01-S09:GS10:p0015,CP-AU-r008:S-P01-S09:GS10:p0015,S-P01-S09,GS10,GS10-A1,2026-12-30T00:42:17.026158Z,2026-12-30T00:46:28.301082Z,261737.026158,261988.301082,251.274924,261737026158,261988301082,251274924,False,outside_horizon_padding,f15eacfea5f4fdf5ab36674c369deeac90ef1324f43cba80f9c6dc879aa792d5
CP-SOURCE-r008,A-U,r008,2026-12-27T00:00:00Z,CP-AU-r008:S-P01-S09:GS04:p0013,CP-AU-r008:S-P01-S09:GS04:p0013,S-P01-S09,GS04,GS04-A1,2026-12-30T00:42:21.025231Z,2026-12-30T00:48:24.262276Z,261741.025231,262104.262276,363.237045,261741025231,262104262276,363237045,False,outside_horizon_padding,f15eacfea5f4fdf5ab36674c369deeac90ef1324f43cba80f9c6dc879aa792d5
CP-SOURCE-r008,A-U,r008,2026-12-27T00:00:00Z,CP-AU-r008:S-P02-S08:GS06:p0012,CP-AU-r008:S-P02-S08:GS06:p0012,S-P02-S08,GS06,GS06-A1,2026-12-30T00:43:10.044301Z,2026-12-30T00:49:01.500422Z,261790.044301,262141.500422,351.456121,261790044301,262141500422,351456121,False,outside_horizon_padding,f15eacfea5f4fdf5ab36674c369deeac90ef1324f43cba80f9c6dc879aa792d5
CP-SOURCE-r008,A-U,r008,2026-12-27T00:00:00Z,CP-AU-r008:S-P02-S08:GS05:p0013,CP-AU-r008:S-P02-S08:GS05:p0013,S-P02-S08,GS05,GS05-A1,2026-12-30T00:43:46.624773Z,2026-12-30T00:45:44.521251Z,261826.624773,261944.521251,117.896478,261826624773,261944521251,117896478,False,outside_horizon_padding,f15eacfea5f4fdf5ab36674c369deeac90ef1324f43cba80f9c6dc879aa792d5
CP-SOURCE-r008,A-U,r008,2026-12-27T00:00:00Z,CP-AU-r008:S-P04-S04:GS02:p0013,CP-AU-r008:S-P04-S04:GS02:p0013,S-P04-S04,GS02,GS02-A1,2026-12-30T00:45:10.214789Z,2026-12-30T00:52:18.609659Z,261910.214789,262338.609659,428.394870,261910214789,262338609659,428394870,False,outside_horizon_padding,f15eacfea5f4fdf5ab36674c369deeac90ef1324f43cba80f9c6dc879aa792d5
CP-SOURCE-r008,A-U,r008,2026-12-27T00:00:00Z,CP-AU-r008:S-P04-S04:GS03:p0013,CP-AU-r008:S-P04-S04:GS03:p0013,S-P04-S04,GS03,GS03-A1,2026-12-30T00:45:18.203710Z,2026-12-30T00:53:56.927352Z,261918.203710,262436.927352,518.723642,261918203710,262436927352,518723642,False,outside_horizon_padding,f15eacfea5f4fdf5ab36674c369deeac90ef1324f43cba80f9c6dc879aa792d5
CP-SOURCE-r008,A-U,r008,2026-12-27T00:00:00Z,CP-AU-r008:S-P01-S08:GS07:p0014,CP-AU-r008:S-P01-S08:GS07:p0014,S-P01-S08,GS07,GS07-A1,2026-12-30T00:45:54.913061Z,2026-12-30T00:55:01.424689Z,261954.913061,262501.424689,546.511628,261954913061,262501424689,546511628,False,outside_horizon_padding,f15eacfea5f4fdf5ab36674c369deeac90ef1324f43cba80f9c6dc879aa792d5
CP-SOURCE-r008,A-U,r008,2026-12-27T00:00:00Z,CP-AU-r008:S-P04-S04:GS04:p0012,CP-AU-r008:S-P04-S04:GS04:p0012,S-P04-S04,GS04,GS04-A1,2026-12-30T00:45:56.326233Z,2026-12-30T00:55:11.847611Z,261956.326233,262511.847611,555.521378,261956326233,262511847611,555521378,False,outside_horizon_padding,f15eacfea5f4fdf5ab36674c369deeac90ef1324f43cba80f9c6dc879aa792d5
CP-SOURCE-r008,A-U,r008,2026-12-27T00:00:00Z,CP-AU-r008:S-P04-S04:GS01:p0013,CP-AU-r008:S-P04-S04:GS01:p0013,S-P04-S04,GS01,GS01-A1,2026-12-30T00:46:06.545405Z,2026-12-30T00:49:41.794385Z,261966.545405,262181.794385,215.248980,261966545405,262181794385,215248980,False,outside_horizon_padding,f15eacfea5f4fdf5ab36674c369deeac90ef1324f43cba80f9c6dc879aa792d5
CP-SOURCE-r008,A-U,r008,2026-12-27T00:00:00Z,CP-AU-r008:S-P04-S04:GS09:p0013,CP-AU-r008:S-P04-S04:GS09:p0013,S-P04-S04,GS09,GS09-A1,2026-12-30T00:46:34.800590Z,2026-12-30T00:54:33.516986Z,261994.800590,262473.516986,478.716396,261994800590,262473516986,478716396,False,outside_horizon_padding,f15eacfea5f4fdf5ab36674c369deeac90ef1324f43cba80f9c6dc879aa792d5
CP-SOURCE-r008,A-U,r008,2026-12-27T00:00:00Z,CP-AU-r008:S-P01-S08:GS01:p0013,CP-AU-r008:S-P01-S08:GS01:p0013,S-P01-S08,GS01,GS01-A1,2026-12-30T00:46:42.701996Z,2026-12-30T00:56:00.969487Z,262002.701996,262560.969487,558.267491,262002701996,262560969487,558267491,False,outside_horizon_padding,f15eacfea5f4fdf5ab36674c369deeac90ef1324f43cba80f9c6dc879aa792d5
CP-SOURCE-r008,A-U,r008,2026-12-27T00:00:00Z,CP-AU-r008:S-P04-S04:GS08:p0015,CP-AU-r008:S-P04-S04:GS08:p0015,S-P04-S04,GS08,GS08-A1,2026-12-30T00:46:47.842764Z,2026-12-30T00:52:38.975786Z,262007.842764,262358.975786,351.133022,262007842764,262358975786,351133022,False,outside_horizon_padding,f15eacfea5f4fdf5ab36674c369deeac90ef1324f43cba80f9c6dc879aa792d5
CP-SOURCE-r008,A-U,r008,2026-12-27T00:00:00Z,CP-AU-r008:S-P04-S04:GS05:p0014,CP-AU-r008:S-P04-S04:GS05:p0014,S-P04-S04,GS05,GS05-A1,2026-12-30T00:46:57.408052Z,2026-12-30T00:56:11.531787Z,262017.408052,262571.531787,554.123735,262017408052,262571531787,554123735,False,outside_horizon_padding,f15eacfea5f4fdf5ab36674c369deeac90ef1324f43cba80f9c6dc879aa792d5
CP-SOURCE-r008,A-U,r008,2026-12-27T00:00:00Z,CP-AU-r008:S-P04-S04:GS10:p0013,CP-AU-r008:S-P04-S04:GS10:p0013,S-P04-S04,GS10,GS10-A1,2026-12-30T00:46:58.784519Z,2026-12-30T00:55:57.968071Z,262018.784519,262557.968071,539.183552,262018784519,262557968071,539183552,False,outside_horizon_padding,f15eacfea5f4fdf5ab36674c369deeac90ef1324f43cba80f9c6dc879aa792d5
CP-SOURCE-r008,A-U,r008,2026-12-27T00:00:00Z,CP-AU-r008:S-P01-S08:GS08:p0016,CP-AU-r008:S-P01-S08:GS08:p0016,S-P01-S08,GS08,GS08-A1,2026-12-30T00:47:15.410737Z,2026-12-30T00:55:31.393969Z,262035.410737,262531.393969,495.983232,262035410737,262531393969,495983232,False,outside_horizon_padding,f15eacfea5f4fdf5ab36674c369deeac90ef1324f43cba80f9c6dc879aa792d5
CP-SOURCE-r008,A-U,r008,2026-12-27T00:00:00Z,CP-AU-r008:S-P03-S05:GS07:p0014,CP-AU-r008:S-P03-S05:GS07:p0014,S-P03-S05,GS07,GS07-A1,2026-12-30T00:47:37.044170Z,2026-12-30T00:52:50.909857Z,262057.044170,262370.909857,313.865687,262057044170,262370909857,313865687,False,outside_horizon_padding,f15eacfea5f4fdf5ab36674c369deeac90ef1324f43cba80f9c6dc879aa792d5
CP-SOURCE-r008,A-U,r008,2026-12-27T00:00:00Z,CP-AU-r008:S-P04-S04:GS11:p0014,CP-AU-r008:S-P04-S04:GS11:p0014,S-P04-S04,GS11,GS11-A1,2026-12-30T00:47:46.589807Z,2026-12-30T00:57:06.274991Z,262066.589807,262626.274991,559.685184,262066589807,262626274991,559685184,False,outside_horizon_padding,f15eacfea5f4fdf5ab36674c369deeac90ef1324f43cba80f9c6dc879aa792d5
CP-SOURCE-r008,A-U,r008,2026-12-27T00:00:00Z,CP-AU-r008:S-P01-S08:GS02:p0014,CP-AU-r008:S-P01-S08:GS02:p0014,S-P01-S08,GS02,GS02-A1,2026-12-30T00:47:54.110442Z,2026-12-30T00:56:44.643096Z,262074.110442,262604.643096,530.532654,262074110442,262604643096,530532654,False,outside_horizon_padding,f15eacfea5f4fdf5ab36674c369deeac90ef1324f43cba80f9c6dc879aa792d5
CP-SOURCE-r008,A-U,r008,2026-12-27T00:00:00Z,CP-AU-r008:S-P04-S04:GS06:p0014,CP-AU-r008:S-P04-S04:GS06:p0014,S-P04-S04,GS06,GS06-A1,2026-12-30T00:48:19.823400Z,2026-12-30T00:56:58.642289Z,262099.823400,262618.642289,518.818889,262099823400,262618642289,518818889,False,outside_horizon_padding,f15eacfea5f4fdf5ab36674c369deeac90ef1324f43cba80f9c6dc879aa792d5
CP-SOURCE-r008,A-U,r008,2026-12-27T00:00:00Z,CP-AU-r008:S-P04-S04:GS12:p0016,CP-AU-r008:S-P04-S04:GS12:p0016,S-P04-S04,GS12,GS12-A1,2026-12-30T00:48:54.031891Z,2026-12-30T00:58:03.395996Z,262134.031891,262683.395996,549.364105,262134031891,262683395996,549364105,False,outside_horizon_padding,f15eacfea5f4fdf5ab36674c369deeac90ef1324f43cba80f9c6dc879aa792d5
CP-SOURCE-r008,A-U,r008,2026-12-27T00:00:00Z,CP-AU-r008:S-P01-S08:GS09:p0015,CP-AU-r008:S-P01-S08:GS09:p0015,S-P01-S08,GS09,GS09-A1,2026-12-30T00:49:01.232304Z,2026-12-30T00:55:28.968740Z,262141.232304,262528.968740,387.736436,262141232304,262528968740,387736436,False,outside_horizon_padding,f15eacfea5f4fdf5ab36674c369deeac90ef1324f43cba80f9c6dc879aa792d5
CP-SOURCE-r008,A-U,r008,2026-12-27T00:00:00Z,CP-AU-r008:S-P02-S07:GS10:p0013,CP-AU-r008:S-P02-S07:GS10:p0013,S-P02-S07,GS10,GS10-A1,2026-12-30T00:49:17.142951Z,2026-12-30T00:53:58.039531Z,262157.142951,262438.039531,280.896580,262157142951,262438039531,280896580,False,outside_horizon_padding,f15eacfea5f4fdf5ab36674c369deeac90ef1324f43cba80f9c6dc879aa792d5
CP-SOURCE-r008,A-U,r008,2026-12-27T00:00:00Z,CP-AU-r008:S-P01-S08:GS03:p0014,CP-AU-r008:S-P01-S08:GS03:p0014,S-P01-S08,GS03,GS03-A1,2026-12-30T00:49:26.225643Z,2026-12-30T00:57:00.680053Z,262166.225643,262620.680053,454.454410,262166225643,262620680053,454454410,False,outside_horizon_padding,f15eacfea5f4fdf5ab36674c369deeac90ef1324f43cba80f9c6dc879aa792d5
CP-SOURCE-r008,A-U,r008,2026-12-27T00:00:00Z,CP-AU-r008:S-P02-S07:GS11:p0013,CP-AU-r008:S-P02-S07:GS11:p0013,S-P02-S07,GS11,GS11-A1,2026-12-30T00:49:35.442361Z,2026-12-30T00:56:19.353533Z,262175.442361,262579.353533,403.911172,262175442361,262579353533,403911172,False,outside_horizon_padding,f15eacfea5f4fdf5ab36674c369deeac90ef1324f43cba80f9c6dc879aa792d5
CP-SOURCE-r008,A-U,r008,2026-12-27T00:00:00Z,CP-AU-r008:S-P02-S07:GS12:p0015,CP-AU-r008:S-P02-S07:GS12:p0015,S-P02-S07,GS12,GS12-A1,2026-12-30T00:50:09.830217Z,2026-12-30T00:58:14.105417Z,262209.830217,262694.105417,484.275200,262209830217,262694105417,484275200,False,outside_horizon_padding,f15eacfea5f4fdf5ab36674c369deeac90ef1324f43cba80f9c6dc879aa792d5
CP-SOURCE-r008,A-U,r008,2026-12-27T00:00:00Z,CP-AU-r008:S-P03-S05:GS08:p0016,CP-AU-r008:S-P03-S05:GS08:p0016,S-P03-S05,GS08,GS08-A1,2026-12-30T00:50:49.572744Z,2026-12-30T00:52:25.917458Z,262249.572744,262345.917458,96.344714,262249572744,262345917458,96344714,False,outside_horizon_padding,f15eacfea5f4fdf5ab36674c369deeac90ef1324f43cba80f9c6dc879aa792d5
CP-SOURCE-r008,A-U,r008,2026-12-27T00:00:00Z,CP-AU-r008:S-P02-S07:GS06:p0013,CP-AU-r008:S-P02-S07:GS06:p0013,S-P02-S07,GS06,GS06-A1,2026-12-30T00:51:38.077705Z,2026-12-30T00:58:15.742788Z,262298.077705,262695.742788,397.665083,262298077705,262695742788,397665083,False,outside_horizon_padding,f15eacfea5f4fdf5ab36674c369deeac90ef1324f43cba80f9c6dc879aa792d5
CP-SOURCE-r008,A-U,r008,2026-12-27T00:00:00Z,CP-AU-r008:S-P01-S08:GS04:p0012,CP-AU-r008:S-P01-S08:GS04:p0012,S-P01-S08,GS04,GS04-A1,2026-12-30T00:51:41.854930Z,2026-12-30T00:56:27.207890Z,262301.854930,262587.207890,285.352960,262301854930,262587207890,285352960,False,outside_horizon_padding,f15eacfea5f4fdf5ab36674c369deeac90ef1324f43cba80f9c6dc879aa792d5
CP-SOURCE-r008,A-U,r008,2026-12-27T00:00:00Z,CP-AU-r008:S-P02-S07:GS05:p0012,CP-AU-r008:S-P02-S07:GS05:p0012,S-P02-S07,GS05,GS05-A1,2026-12-30T00:51:42.021243Z,2026-12-30T00:55:35.557424Z,262302.021243,262535.557424,233.536181,262302021243,262535557424,233536181,False,outside_horizon_padding,f15eacfea5f4fdf5ab36674c369deeac90ef1324f43cba80f9c6dc879aa792d5
CP-SOURCE-r008,A-U,r008,2026-12-27T00:00:00Z,CP-AU-r008:S-P01-S08:GS10:p0014,CP-AU-r008:S-P01-S08:GS10:p0014,S-P01-S08,GS10,GS10-A1,2026-12-30T00:52:25.236939Z,2026-12-30T00:53:41.985703Z,262345.236939,262421.985703,76.748764,262345236939,262421985703,76748764,False,outside_horizon_padding,f15eacfea5f4fdf5ab36674c369deeac90ef1324f43cba80f9c6dc879aa792d5
CP-SOURCE-r008,A-U,r008,2026-12-27T00:00:00Z,CP-AU-r008:S-P04-S03:GS02:p0012,CP-AU-r008:S-P04-S03:GS02:p0012,S-P04-S03,GS02,GS02-A1,2026-12-30T00:53:32.751441Z,2026-12-30T01:00:00.000000Z,262412.751441,262800.000000,387.248559,262412751441,262800000000,387248559,False,outside_horizon_padding,f15eacfea5f4fdf5ab36674c369deeac90ef1324f43cba80f9c6dc879aa792d5
CP-SOURCE-r008,A-U,r008,2026-12-27T00:00:00Z,CP-AU-r008:S-P04-S03:GS03:p0012,CP-AU-r008:S-P04-S03:GS03:p0012,S-P04-S03,GS03,GS03-A1,2026-12-30T00:53:52.913064Z,2026-12-30T01:00:00.000000Z,262432.913064,262800.000000,367.086936,262432913064,262800000000,367086936,False,outside_horizon_padding,f15eacfea5f4fdf5ab36674c369deeac90ef1324f43cba80f9c6dc879aa792d5
CP-SOURCE-r008,A-U,r008,2026-12-27T00:00:00Z,CP-AU-r008:S-P04-S03:GS01:p0013,CP-AU-r008:S-P04-S03:GS01:p0013,S-P04-S03,GS01,GS01-A1,2026-12-30T00:53:56.615840Z,2026-12-30T00:59:14.925934Z,262436.615840,262754.925934,318.310094,262436615840,262754925934,318310094,False,outside_horizon_padding,f15eacfea5f4fdf5ab36674c369deeac90ef1324f43cba80f9c6dc879aa792d5
CP-SOURCE-r008,A-U,r008,2026-12-27T00:00:00Z,CP-AU-r008:S-P04-S03:GS04:p0012,CP-AU-r008:S-P04-S03:GS04:p0012,S-P04-S03,GS04,GS04-A1,2026-12-30T00:54:39.611130Z,2026-12-30T01:00:00.000000Z,262479.611130,262800.000000,320.388870,262479611130,262800000000,320388870,False,outside_horizon_padding,f15eacfea5f4fdf5ab36674c369deeac90ef1324f43cba80f9c6dc879aa792d5
CP-SOURCE-r008,A-U,r008,2026-12-27T00:00:00Z,CP-AU-r008:S-P01-S07:GS07:p0014,CP-AU-r008:S-P01-S07:GS07:p0014,S-P01-S07,GS07,GS07-A1,2026-12-30T00:54:45.550974Z,2026-12-30T01:00:00.000000Z,262485.550974,262800.000000,314.449026,262485550974,262800000000,314449026,False,outside_horizon_padding,f15eacfea5f4fdf5ab36674c369deeac90ef1324f43cba80f9c6dc879aa792d5
CP-SOURCE-r008,A-U,r008,2026-12-27T00:00:00Z,CP-AU-r008:S-P04-S03:GS08:p0014,CP-AU-r008:S-P04-S03:GS08:p0014,S-P04-S03,GS08,GS08-A1,2026-12-30T00:55:01.224981Z,2026-12-30T01:00:00.000000Z,262501.224981,262800.000000,298.775019,262501224981,262800000000,298775019,False,outside_horizon_padding,f15eacfea5f4fdf5ab36674c369deeac90ef1324f43cba80f9c6dc879aa792d5
CP-SOURCE-r008,A-U,r008,2026-12-27T00:00:00Z,CP-AU-r008:S-P04-S03:GS09:p0013,CP-AU-r008:S-P04-S03:GS09:p0013,S-P04-S03,GS09,GS09-A1,2026-12-30T00:55:04.177764Z,2026-12-30T01:00:00.000000Z,262504.177764,262800.000000,295.822236,262504177764,262800000000,295822236,False,outside_horizon_padding,f15eacfea5f4fdf5ab36674c369deeac90ef1324f43cba80f9c6dc879aa792d5
CP-SOURCE-r008,A-U,r008,2026-12-27T00:00:00Z,CP-AU-r008:S-P01-S07:GS01:p0013,CP-AU-r008:S-P01-S07:GS01:p0013,S-P01-S07,GS01,GS01-A1,2026-12-30T00:55:30.283702Z,2026-12-30T01:00:00.000000Z,262530.283702,262800.000000,269.716298,262530283702,262800000000,269716298,False,outside_horizon_padding,f15eacfea5f4fdf5ab36674c369deeac90ef1324f43cba80f9c6dc879aa792d5
CP-SOURCE-r008,A-U,r008,2026-12-27T00:00:00Z,CP-AU-r008:S-P04-S03:GS10:p0014,CP-AU-r008:S-P04-S03:GS10:p0014,S-P04-S03,GS10,GS10-A1,2026-12-30T00:55:37.407791Z,2026-12-30T01:00:00.000000Z,262537.407791,262800.000000,262.592209,262537407791,262800000000,262592209,False,outside_horizon_padding,f15eacfea5f4fdf5ab36674c369deeac90ef1324f43cba80f9c6dc879aa792d5
CP-SOURCE-r008,A-U,r008,2026-12-27T00:00:00Z,CP-AU-r008:S-P04-S03:GS05:p0014,CP-AU-r008:S-P04-S03:GS05:p0014,S-P04-S03,GS05,GS05-A1,2026-12-30T00:55:48.274266Z,2026-12-30T01:00:00.000000Z,262548.274266,262800.000000,251.725734,262548274266,262800000000,251725734,False,outside_horizon_padding,f15eacfea5f4fdf5ab36674c369deeac90ef1324f43cba80f9c6dc879aa792d5
CP-SOURCE-r008,A-U,r008,2026-12-27T00:00:00Z,CP-AU-r008:S-P04-S03:GS07:p0015,CP-AU-r008:S-P04-S03:GS07:p0015,S-P04-S03,GS07,GS07-A1,2026-12-30T00:56:11.715253Z,2026-12-30T00:59:01.138981Z,262571.715253,262741.138981,169.423728,262571715253,262741138981,169423728,False,outside_horizon_padding,f15eacfea5f4fdf5ab36674c369deeac90ef1324f43cba80f9c6dc879aa792d5
CP-SOURCE-r008,A-U,r008,2026-12-27T00:00:00Z,CP-AU-r008:S-P01-S07:GS08:p0016,CP-AU-r008:S-P01-S07:GS08:p0016,S-P01-S07,GS08,GS08-A1,2026-12-30T00:56:13.157504Z,2026-12-30T01:00:00.000000Z,262573.157504,262800.000000,226.842496,262573157504,262800000000,226842496,False,outside_horizon_padding,f15eacfea5f4fdf5ab36674c369deeac90ef1324f43cba80f9c6dc879aa792d5
CP-SOURCE-r008,A-U,r008,2026-12-27T00:00:00Z,CP-AU-r008:S-P04-S03:GS11:p0014,CP-AU-r008:S-P04-S03:GS11:p0014,S-P04-S03,GS11,GS11-A1,2026-12-30T00:56:32.459775Z,2026-12-30T01:00:00.000000Z,262592.459775,262800.000000,207.540225,262592459775,262800000000,207540225,False,outside_horizon_padding,f15eacfea5f4fdf5ab36674c369deeac90ef1324f43cba80f9c6dc879aa792d5
CP-SOURCE-r008,A-U,r008,2026-12-27T00:00:00Z,CP-AU-r008:S-P01-S07:GS02:p0014,CP-AU-r008:S-P01-S07:GS02:p0014,S-P01-S07,GS02,GS02-A1,2026-12-30T00:56:47.937667Z,2026-12-30T01:00:00.000000Z,262607.937667,262800.000000,192.062333,262607937667,262800000000,192062333,False,outside_horizon_padding,f15eacfea5f4fdf5ab36674c369deeac90ef1324f43cba80f9c6dc879aa792d5
CP-SOURCE-r008,A-U,r008,2026-12-27T00:00:00Z,CP-AU-r008:S-P03-S04:GS07:p0014,CP-AU-r008:S-P03-S04:GS07:p0014,S-P03-S04,GS07,GS07-A1,2026-12-30T00:56:57.550113Z,2026-12-30T01:00:00.000000Z,262617.550113,262800.000000,182.449887,262617550113,262800000000,182449887,False,outside_horizon_padding,f15eacfea5f4fdf5ab36674c369deeac90ef1324f43cba80f9c6dc879aa792d5
CP-SOURCE-r008,A-U,r008,2026-12-27T00:00:00Z,CP-AU-r008:S-P04-S03:GS06:p0014,CP-AU-r008:S-P04-S03:GS06:p0014,S-P04-S03,GS06,GS06-A1,2026-12-30T00:57:18.484121Z,2026-12-30T01:00:00.000000Z,262638.484121,262800.000000,161.515879,262638484121,262800000000,161515879,False,outside_horizon_padding,f15eacfea5f4fdf5ab36674c369deeac90ef1324f43cba80f9c6dc879aa792d5
CP-SOURCE-r008,A-U,r008,2026-12-27T00:00:00Z,CP-AU-r008:S-P02-S06:GS10:p0013,CP-AU-r008:S-P02-S06:GS10:p0013,S-P02-S06,GS10,GS10-A1,2026-12-30T00:57:44.917135Z,2026-12-30T01:00:00.000000Z,262664.917135,262800.000000,135.082865,262664917135,262800000000,135082865,False,outside_horizon_padding,f15eacfea5f4fdf5ab36674c369deeac90ef1324f43cba80f9c6dc879aa792d5
CP-SOURCE-r008,A-U,r008,2026-12-27T00:00:00Z,CP-AU-r008:S-P04-S03:GS12:p0016,CP-AU-r008:S-P04-S03:GS12:p0016,S-P04-S03,GS12,GS12-A1,2026-12-30T00:57:46.474928Z,2026-12-30T01:00:00.000000Z,262666.474928,262800.000000,133.525072,262666474928,262800000000,133525072,False,outside_horizon_padding,f15eacfea5f4fdf5ab36674c369deeac90ef1324f43cba80f9c6dc879aa792d5
CP-SOURCE-r008,A-U,r008,2026-12-27T00:00:00Z,CP-AU-r008:S-P02-S06:GS09:p0014,CP-AU-r008:S-P02-S06:GS09:p0014,S-P02-S06,GS09,GS09-A1,2026-12-30T00:57:54.256747Z,2026-12-30T01:00:00.000000Z,262674.256747,262800.000000,125.743253,262674256747,262800000000,125743253,False,outside_horizon_padding,f15eacfea5f4fdf5ab36674c369deeac90ef1324f43cba80f9c6dc879aa792d5
CP-SOURCE-r008,A-U,r008,2026-12-27T00:00:00Z,CP-AU-r008:S-P02-S06:GS11:p0013,CP-AU-r008:S-P02-S06:GS11:p0013,S-P02-S06,GS11,GS11-A1,2026-12-30T00:58:10.398612Z,2026-12-30T01:00:00.000000Z,262690.398612,262800.000000,109.601388,262690398612,262800000000,109601388,False,outside_horizon_padding,f15eacfea5f4fdf5ab36674c369deeac90ef1324f43cba80f9c6dc879aa792d5
CP-SOURCE-r008,A-U,r008,2026-12-27T00:00:00Z,CP-AU-r008:S-P01-S07:GS09:p0014,CP-AU-r008:S-P01-S07:GS09:p0014,S-P01-S07,GS09,GS09-A1,2026-12-30T00:58:14.727916Z,2026-12-30T01:00:00.000000Z,262694.727916,262800.000000,105.272084,262694727916,262800000000,105272084,False,outside_horizon_padding,f15eacfea5f4fdf5ab36674c369deeac90ef1324f43cba80f9c6dc879aa792d5
CP-SOURCE-r008,A-U,r008,2026-12-27T00:00:00Z,CP-AU-r008:S-P01-S07:GS03:p0013,CP-AU-r008:S-P01-S07:GS03:p0013,S-P01-S07,GS03,GS03-A1,2026-12-30T00:58:30.925322Z,2026-12-30T01:00:00.000000Z,262710.925322,262800.000000,89.074678,262710925322,262800000000,89074678,False,outside_horizon_padding,f15eacfea5f4fdf5ab36674c369deeac90ef1324f43cba80f9c6dc879aa792d5
CP-SOURCE-r008,A-U,r008,2026-12-27T00:00:00Z,CP-AU-r008:S-P02-S06:GS12:p0016,CP-AU-r008:S-P02-S06:GS12:p0016,S-P02-S06,GS12,GS12-A1,2026-12-30T00:58:48.581826Z,2026-12-30T01:00:00.000000Z,262728.581826,262800.000000,71.418174,262728581826,262800000000,71418174,False,outside_horizon_padding,f15eacfea5f4fdf5ab36674c369deeac90ef1324f43cba80f9c6dc879aa792d5
CP-SOURCE-r008,A-U,r008,2026-12-27T00:00:00Z,CP-AU-r008:S-P02-S06:GS05:p0012,CP-AU-r008:S-P02-S06:GS05:p0012,S-P02-S06,GS05,GS05-A1,2026-12-30T00:59:58.474554Z,2026-12-30T01:00:00.000000Z,262798.474554,262800.000000,1.525446,262798474554,262800000000,1525446,False,outside_horizon_padding,f15eacfea5f4fdf5ab36674c369deeac90ef1324f43cba80f9c6dc879aa792d5
