source,physical_group,config,config_alias,budget_cpu_seconds,seed,method,r1_job_id,r2_job_id,input_graph_sha256,metadata_sha256,seed_value_ticks,r1_value_ticks,r2_value_ticks,delta_value_ticks,r1_reward_seconds_exact,r2_reward_seconds_exact,delta_reward_seconds_exact,paired_result,r1_gain_ticks,r2_gain_ticks,delta_gain_ticks,r1_gain_seconds_per_actual_cpu_second,r2_gain_seconds_per_actual_cpu_second,delta_gain_seconds_per_actual_cpu_second,r1_actual_cpu_seconds,r2_actual_cpu_seconds,delta_actual_cpu_seconds,r1_feature_cpu_seconds,r2_feature_cpu_seconds,delta_feature_cpu_seconds,r1_scoring_cpu_seconds,r2_scoring_cpu_seconds,delta_scoring_cpu_seconds,r1_trial_cpu_seconds,r2_trial_cpu_seconds,delta_trial_cpu_seconds,r1_trial_count,r2_trial_count,delta_trial_count,r1_mutation_count,r2_mutation_count,delta_mutation_count,r1_actual_added_feature_read_count,r2_actual_added_feature_read_count,delta_actual_added_feature_read_count,r1_negative_raw_proposal_count,r2_negative_raw_proposal_count,delta_negative_raw_proposal_count,r1_accepted_trial_count,r2_accepted_trial_count,delta_accepted_trial_count,r1_rank_commit_count,r2_rank_commit_count,delta_rank_commit_count,r1_program_hash_updates_created,r2_program_hash_updates_created,delta_program_hash_updates_created,r1_representation_hash_updates_created,r2_representation_hash_updates_created,delta_representation_hash_updates_created,r1_soft_cpu_overshoot_seconds,r2_soft_cpu_overshoot_seconds,delta_soft_cpu_overshoot_seconds,r1_trial_status_counts,r1_controller_config_sha256,r1_bank_sha256,r1_raw_output_sha256,r2_trial_status_counts,r2_controller_config_sha256,r2_bank_sha256,r2_raw_output_sha256
CP-AP-r000,r000,gW0340_gE0340_s0150,A,10.0,2,chils,development__CP-AP-r000__A__chils__t10__s2,development_round2__r2__CP-AP-r000__A__chils__t10__s2,d8dab56094477a0f6bb97c26eab22ca23a3cad6b4879bbc6d0a2563921152a4c,9d939ced663b1ce7388c447b2518248192150b1a49a43ea67cc88581d5fb3ab1,784125233240,790247855514,790247855514,0,790247.855514,790247.855514,0.000000,tie,6122622274,6122622274,0,611.4272134220311,611.4446254143247,0.01741199229357652,10.013656801,10.013371644,-0.00028515700000042443,0.0,0.0,0.0,0.0,0.0,0.0,0.0,0.0,0.0,0,0,0,,,,0,0,0,0,0,0,0,0,0,0,0,0,0,0,0,0,0,0,0.013656800999999774,0.01337164399999935,-0.00028515700000042443,{},,,1e4dc90c3259ac576383dbe26c3cada355e9f04c04c3be0e841bbefff6ba410d,{},,,23113dcdbe6a31d3b14e5fe2fbd661b243c09f0a696114df9b652f49f8864a6c
CP-AP-r000,r000,gW0340_gE0340_s0150,A,10.0,2,chils_ils,development__CP-AP-r000__A__chils_ils__t10__s2,development_round2__r2__CP-AP-r000__A__chils_ils__t10__s2,d8dab56094477a0f6bb97c26eab22ca23a3cad6b4879bbc6d0a2563921152a4c,9d939ced663b1ce7388c447b2518248192150b1a49a43ea67cc88581d5fb3ab1,784125233240,792026023822,792026023822,0,792026.023822,792026.023822,0.000000,tie,7900790582,7900790582,0,788.7610099203984,788.9589020826204,0.197892162222001,10.016710363,10.014197902,-0.0025124610000002434,0.0,0.0,0.0,0.0,0.0,0.0,0.0,0.0,0.0,0,0,0,,,,0,0,0,0,0,0,0,0,0,0,0,0,0,0,0,0,0,0,0.016710362999999617,0.014197901999999374,-0.0025124610000002434,{},,,768382074fc429ee344e66c74adc8a2e0d401e3000f230f83af38e256b6b964c,{},,,b9b7f83bf08b06b5456720d1138d891379b82f75796c370bae1430824fc998cd
CP-AP-r000,r000,gW0340_gE0340_s0150,A,10.0,2,cp_sat,development__CP-AP-r000__A__cp_sat__t10__s2,development_round2__r2__CP-AP-r000__A__cp_sat__t10__s2,d8dab56094477a0f6bb97c26eab22ca23a3cad6b4879bbc6d0a2563921152a4c,9d939ced663b1ce7388c447b2518248192150b1a49a43ea67cc88581d5fb3ab1,784125233240,791574384508,791574384508,0,791574.384508,791574.384508,0.000000,tie,7449151268,7449151268,0,743.6755185450618,743.6279520276197,-0.04756651744211556,10.016668671,10.017309392,0.0006407209999998997,0.0,0.0,0.0,0.0,0.0,0.0,0.0,0.0,0.0,0,0,0,,,,0,0,0,0,0,0,0,0,0,0,0,0,0,0,0,0,0,0,0.01666867099999969,0.01730939199999959,0.0006407209999998997,{},,,3f64feb35aeec6d60878d6c0d3d9152d558dc534944f1e1bcf1a3bffaa14f9df,{},,,c6d5418ad4def01fe3a9ad69bf006d20bfdccc0a3e59586c0f4974653efc4d23
CP-AP-r000,r000,gW0340_gE0340_s0150,A,10.0,2,degree,development__CP-AP-r000__A__degree__t10__s2,development_round2__r2__CP-AP-r000__A__degree__t10__s2,d8dab56094477a0f6bb97c26eab22ca23a3cad6b4879bbc6d0a2563921152a4c,9d939ced663b1ce7388c447b2518248192150b1a49a43ea67cc88581d5fb3ab1,784125233240,790652254421,790760267674,108013253,790652.254421,790760.267674,108.013253,win,6527021181,6635034434,108013253,652.2783558776123,663.123854926281,10.845499048668746,10.006496647,10.005724247,-0.0007724000000006725,2.4252893640006143,2.704647747999701,0.2793583839990865,3.336859463999675,3.7096707479999367,0.37281128400026153,9.683413185000012,9.636633863999968,-0.04677932100004334,3594,4036,442,0,0,0,0,0,0,1909,2152,243,339,352,13,21507,24158,2651,0,0,0,0,0,0,0.006496647000000522,0.005724246999999849,-0.0007724000000006725,"{""TimeoutError:Patch feature/ranking CPU deadline reached"": 1, ""TimeoutError:feature_cpu_fraction"": 2, ""complete"": 3591}",,,a54630dc7ec61cd89858f45f7e0ee1588d64a6b2ea08552fe25e174b67bbb6d5,"{""TimeoutError:Patch feature/ranking CPU deadline reached"": 1, ""TimeoutError:feature_cpu_fraction"": 2, ""complete"": 4033}",,,773a7c6ae825be845ac0806bca3cf6efcbc0ae7331314cf4e245e30ace7203d1
CP-AP-r000,r000,gW0340_gE0340_s0150,A,10.0,2,grammar_online,development__CP-AP-r000__A__grammar_online__t10__s2,development_round2__r2__CP-AP-r000__A__grammar_online__t10__s2,d8dab56094477a0f6bb97c26eab22ca23a3cad6b4879bbc6d0a2563921152a4c,9d939ced663b1ce7388c447b2518248192150b1a49a43ea67cc88581d5fb3ab1,784125233240,789575328292,789846142017,270813725,789575.328292,789846.142017,270.813725,win,5450095052,5720908777,270813725,542.89845314275,571.675362494378,28.776909351627992,10.038884842,10.007268376999999,-0.031616465000000815,4.435126141000307,6.2640445529999855,1.8289184119996786,1.0511415999998257,1.6886468429998072,0.6375052429999815,9.737877473999998,9.71796481400005,-0.019912659999947735,2880,2516,-364,359,81,-278,62258,136022,73764,465,279,-186,230,228,-2,7564,6920,-644,359,81,-278,260,68,-192,0.038884841999999864,0.007268376999999049,-0.031616465000000815,"{""TimeoutError:feature_cpu_fraction"": 69, ""complete"": 2811}",,0a12c79acc209e3ccc33fa5f51f99a64ff0d0b6157c7e15e814f30dcb5594ef7,260f62f8d6d338de8965fd38a0c741872ba73ee9a47511788a6d7fe8f1700772,"{""TimeoutError:Patch feature/ranking CPU deadline reached"": 1, ""TimeoutError:feature_cpu_fraction"": 45, ""complete"": 2470}",f34af6971f6d152e007d28f686fedd88293f7c92365363b640741ec96a378ed6,0a12c79acc209e3ccc33fa5f51f99a64ff0d0b6157c7e15e814f30dcb5594ef7,1a80bd1ff897e782039a44d63a5053c935591773d386acec257716d4a6ccef21
CP-AP-r000,r000,gW0340_gE0340_s0150,A,10.0,2,llm_feedback,development__CP-AP-r000__A__llm_feedback__t10__s2,development_round2__r2__CP-AP-r000__A__llm_feedback__t10__s2,d8dab56094477a0f6bb97c26eab22ca23a3cad6b4879bbc6d0a2563921152a4c,9d939ced663b1ce7388c447b2518248192150b1a49a43ea67cc88581d5fb3ab1,784125233240,787357961352,788474955261,1116993909,787357.961352,788474.955261,1116.993909,win,3232728112,4349722021,1116993909,323.0201342559246,434.61579072696384,111.59565647103928,10.007822328000001,10.008200608,0.0003782799999978437,3.2428395979999003,6.649815569000271,3.406975971000371,0.5823822070002107,0.5867281529997066,0.004345945999495893,9.669019738000015,9.645759524999994,-0.02326021300002168,3561,3482,-79,445,112,-333,32675,57066,24391,640,84,-556,119,104,-15,4394,3566,-828,445,112,-333,248,91,-157,0.007822328000001377,0.008200607999999221,0.0003782799999978437,"{""TimeoutError:Patch feature/ranking CPU deadline reached"": 1, ""TimeoutError:feature_cpu_fraction"": 249, ""complete"": 3311}",,7b1b95a69b3173221f79eb3dec2bb82e902204da6561c01748211b0349176005,a25e6f772e5c739579c2c887db88bb91ad4644d20f0d8153f057795d72a3138f,"{""TimeoutError:Patch feature/ranking CPU deadline reached"": 1, ""TimeoutError:feature_cpu_fraction"": 30, ""complete"": 3451}",f34af6971f6d152e007d28f686fedd88293f7c92365363b640741ec96a378ed6,886e2905dd1b64655fc387f30ab79e81b1fd9aeaadc9bc9460085d511465502b,dc7d733f6fec3cd85997b5c4bd83ef6dea9f0573c635bdd2b48630896439809f
CP-AP-r000,r000,gW0340_gE0340_s0150,A,10.0,2,llm_witness,development__CP-AP-r000__A__llm_witness__t10__s2,development_round2__r2__CP-AP-r000__A__llm_witness__t10__s2,d8dab56094477a0f6bb97c26eab22ca23a3cad6b4879bbc6d0a2563921152a4c,9d939ced663b1ce7388c447b2518248192150b1a49a43ea67cc88581d5fb3ab1,784125233240,790083271263,788433517059,-1649754204,790083.271263,788433.517059,-1649.754204,loss,5958038023,4308283819,-1649754204,595.384941372817,430.48308375592046,-164.90185761689648,10.007035128,10.008021178,0.0009860499999998495,6.0351274100003005,6.023307775000008,-0.011819635000292372,1.1566872389996181,0.6778027480000941,-0.478884490999524,9.77088948500001,9.608701554999987,-0.16218793000002307,1727,4012,2285,215,129,-86,109266,67345,-41921,395,56,-339,212,107,-105,4938,4151,-787,215,129,-86,182,95,-87,0.007035128000000057,0.008021177999999907,0.0009860499999998495,"{""TimeoutError:Patch feature/ranking CPU deadline reached"": 1, ""TimeoutError:feature_cpu_fraction"": 87, ""complete"": 1639}",,5f02aeff896b937b60b0682de1c4fc20552a9918d7c7c5837aee993b21a77b8e,9629add472fcddb6213be7f8b2e95bc433720612281c42012fde68ef1088e36d,"{""TimeoutError:Patch feature/ranking CPU deadline reached"": 2, ""TimeoutError:feature_cpu_fraction"": 24, ""complete"": 3986}",f34af6971f6d152e007d28f686fedd88293f7c92365363b640741ec96a378ed6,03c14a7cfa6ef87ceef769f5caed9feeb8961dd59a34e25161acd3f0ffa23a59,4c02f16633334b8791a91ac174ea6927a9d8ee10a829c2da8252e431e98c8378
CP-AP-r000,r000,gW0340_gE0340_s0150,A,10.0,2,witness_base9,development__CP-AP-r000__A__witness_base9__t10__s2,development_round2__r2__CP-AP-r000__A__witness_base9__t10__s2,d8dab56094477a0f6bb97c26eab22ca23a3cad6b4879bbc6d0a2563921152a4c,9d939ced663b1ce7388c447b2518248192150b1a49a43ea67cc88581d5fb3ab1,784125233240,787142118285,790304906136,3162787851,787142.118285,790304.906136,3162.787851,win,3016885045,6179672896,3162787851,301.44567710521676,617.5650153450539,316.1193382398372,10.008055428,10.006513877,-0.0015415510000007515,0.9398372539999905,4.081570525999979,3.141733271999988,0.3042380640000073,2.108192229000082,1.8039541650000745,9.634277223999993,9.630992354000037,-0.0032848699999554754,4482,4052,-430,560,130,-430,0,0,0,143,196,53,111,239,128,4689,9310,4621,560,130,-430,0,0,0,0.008055428000000475,0.006513876999999724,-0.0015415510000007515,"{""TimeoutError:Patch feature/ranking CPU deadline reached"": 1, ""TimeoutError:feature_cpu_fraction"": 3, ""complete"": 4478}",,5f02aeff896b937b60b0682de1c4fc20552a9918d7c7c5837aee993b21a77b8e,87a2776df24302c9c667847ecf7844b5583c0ce03eed3012ae5ec3e77c4174b9,"{""TimeoutError:Patch feature/ranking CPU deadline reached"": 1, ""TimeoutError:feature_cpu_fraction"": 9, ""complete"": 4042}",f34af6971f6d152e007d28f686fedd88293f7c92365363b640741ec96a378ed6,03c14a7cfa6ef87ceef769f5caed9feeb8961dd59a34e25161acd3f0ffa23a59,c0f4e4ed03cb4d14f7e1cd12839441d82787c42cb24374a11f329c428e31672b
CP-AP-r000,r000,gW0340_gE0340_s0150,A,10.0,2,witness_fixed,development__CP-AP-r000__A__witness_fixed__t10__s2,development_round2__r2__CP-AP-r000__A__witness_fixed__t10__s2,d8dab56094477a0f6bb97c26eab22ca23a3cad6b4879bbc6d0a2563921152a4c,9d939ced663b1ce7388c447b2518248192150b1a49a43ea67cc88581d5fb3ab1,784125233240,786990094413,786877568147,-112526266,786990.094413,786877.568147,-112.526266,loss,2864861173,2752334907,-112526266,286.30747497795727,275.06279423910945,-11.24468073884781,10.006239527000002,10.006205727000001,-3.3800000000638875e-05,8.596425218999933,7.788188562000076,-0.8082366569998571,0.5990582740001237,1.0393990499998254,0.4403407759997017,9.832874554000004,9.786959773000008,-0.04591478099999513,703,1342,639,0,0,0,61949,90211,28262,370,819,449,78,73,-5,826,1848,1022,0,0,0,0,0,0,0.006239527000001743,0.0062057270000011044,-3.3800000000638875e-05,"{""TimeoutError:Patch feature/ranking CPU deadline reached"": 33, ""TimeoutError:feature_cpu_fraction"": 321, ""complete"": 349}",,5f02aeff896b937b60b0682de1c4fc20552a9918d7c7c5837aee993b21a77b8e,7cba9ffd255daf468b01dd6e01fa371da84b97e9563b3ced8a0eb5d6b65844dd,"{""TimeoutError:Patch feature/ranking CPU deadline reached"": 1, ""TimeoutError:feature_cpu_fraction"": 755, ""complete"": 586}",f34af6971f6d152e007d28f686fedd88293f7c92365363b640741ec96a378ed6,03c14a7cfa6ef87ceef769f5caed9feeb8961dd59a34e25161acd3f0ffa23a59,855263efedb2132973bdc7f0274e2ec70e46bdebc0644fd97b0dafb78f482f77
CP-AP-r000,r000,gW0340_gE1200_s0150,E,10.0,2,chils,development__CP-AP-r000__E__chils__t10__s2,development_round2__r2__CP-AP-r000__E__chils__t10__s2,18614cd1d55bca385fb29f30d79142348185693aa626cc8018d5de0b66da3604,cab956e2940e088916728e521e086d11eeca6e6127ed5804873efdb2b6dd5d05,728888240783,746454372594,746454372594,0,746454.372594,746454.372594,0.000000,tie,17566131811,17566131811,0,1754.013933810892,1753.943263067481,-0.07067074341106985,10.014818852,10.015222373999999,0.00040352199999915683,0.0,0.0,0.0,0.0,0.0,0.0,0.0,0.0,0.0,0,0,0,,,,0,0,0,0,0,0,0,0,0,0,0,0,0,0,0,0,0,0,0.014818851999999438,0.015222373999998595,0.00040352199999915683,{},,,c1ea501114bec029ccfb510de2732b49a7a1487ef53846493200ef4d1b7e5fe8,{},,,a5c64e6c0ea251c2a9f24500b208d121a8ff30a5ec653afdae472db76e04f636
CP-AP-r000,r000,gW0340_gE1200_s0150,E,10.0,2,chils_ils,development__CP-AP-r000__E__chils_ils__t10__s2,development_round2__r2__CP-AP-r000__E__chils_ils__t10__s2,18614cd1d55bca385fb29f30d79142348185693aa626cc8018d5de0b66da3604,cab956e2940e088916728e521e086d11eeca6e6127ed5804873efdb2b6dd5d05,728888240783,752167378179,752167378179,0,752167.378179,752167.378179,0.000000,tie,23279137396,23279137396,0,2324.6493690881875,2324.0185794152603,-0.6307896729274124,10.014042421000001,10.016760452,0.0027180309999987884,0.0,0.0,0.0,0.0,0.0,0.0,0.0,0.0,0.0,0,0,0,,,,0,0,0,0,0,0,0,0,0,0,0,0,0,0,0,0,0,0,0.01404242100000097,0.01676045199999976,0.0027180309999987884,{},,,d8f9c30e5823a17420ea932e7ad607b7d5f24406ae6c057de08d6d67ab906c7b,{},,,0b85efe0360eee170831140c671157992b92239d226505c7be22f70ce9841652
CP-AP-r000,r000,gW0340_gE1200_s0150,E,10.0,2,cp_sat,development__CP-AP-r000__E__cp_sat__t10__s2,development_round2__r2__CP-AP-r000__E__cp_sat__t10__s2,18614cd1d55bca385fb29f30d79142348185693aa626cc8018d5de0b66da3604,cab956e2940e088916728e521e086d11eeca6e6127ed5804873efdb2b6dd5d05,728888240783,748982542183,748982542183,0,748982.542183,748982.542183,0.000000,tie,20094301400,20094301400,0,2003.1558017132984,2002.8846792198467,-0.27112249345161815,10.031322267999998,10.032680168,0.0013579000000021324,0.0,0.0,0.0,0.0,0.0,0.0,0.0,0.0,0.0,0,0,0,,,,0,0,0,0,0,0,0,0,0,0,0,0,0,0,0,0,0,0,0.03132226799999849,0.03268016800000062,0.0013579000000021324,{},,,564af85df68ccbbbf5ce588f955c973264733520b2f3a68b8b090cf41a06d0b8,{},,,26c75ea798b32046b63c6d28356ae50cb5e0ee0b1d59b6da81e432aa3afee0a9
CP-AP-r000,r000,gW0340_gE1200_s0150,E,10.0,2,degree,development__CP-AP-r000__E__degree__t10__s2,development_round2__r2__CP-AP-r000__E__degree__t10__s2,18614cd1d55bca385fb29f30d79142348185693aa626cc8018d5de0b66da3604,cab956e2940e088916728e521e086d11eeca6e6127ed5804873efdb2b6dd5d05,728888240783,747232953416,747284494277,51540861,747232.953416,747284.494277,51.540861,win,18344712633,18396253494,51540861,1833.1487733139495,1838.5542119447955,5.405438630846106,10.007214307999998,10.005825977,-0.001388330999997578,2.391462630000111,2.6646614159998774,0.27319878599976644,3.029142250000193,3.3855392260005597,0.35639697600036646,9.625803915000024,9.57669503500006,-0.04910887999996305,4573,5099,526,0,0,0,0,0,0,2627,2843,216,396,407,11,27500,30686,3186,0,0,0,0,0,0,0.007214307999998226,0.005825977000000648,-0.001388330999997578,"{""TimeoutError:Patch feature/ranking CPU deadline reached"": 1, ""TimeoutError:feature_cpu_fraction"": 2, ""complete"": 4570}",,,879a8016457895191e7de3c4b06b26ea587b4828ef556896f670595943875a8d,"{""TimeoutError:Patch feature/ranking CPU deadline reached"": 1, ""TimeoutError:feature_cpu_fraction"": 2, ""complete"": 5096}",,,0540a7a9c8da0ba618daf34547f9388debf03be9fae9e8c01dc16a0edc940c3f
CP-AP-r000,r000,gW0340_gE1200_s0150,E,10.0,2,grammar_online,development__CP-AP-r000__E__grammar_online__t10__s2,development_round2__r2__CP-AP-r000__E__grammar_online__t10__s2,18614cd1d55bca385fb29f30d79142348185693aa626cc8018d5de0b66da3604,cab956e2940e088916728e521e086d11eeca6e6127ed5804873efdb2b6dd5d05,728888240783,744145896110,743292349294,-853546816,744145.896110,743292.349294,-853.546816,loss,15257655327,14404108511,-853546816,1524.667705171831,1439.2132561315768,-85.45444904025399,10.007200438,10.008321178000001,0.0011207400000010637,5.467172047000173,5.122668028999808,-0.34450401800036534,2.1538751069999025,0.9268441940001271,-1.2270309129997754,9.761719803000025,9.540118967000021,-0.2216008360000039,1728,5226,3498,215,168,-47,115952,88278,-27674,720,257,-463,341,234,-107,9139,8097,-1042,215,168,-47,159,128,-31,0.00720043799999992,0.008321178000000984,0.0011207400000010637,"{""TimeoutError:Patch feature/ranking CPU deadline reached"": 1, ""TimeoutError:feature_cpu_fraction"": 222, ""complete"": 1505}",,0a12c79acc209e3ccc33fa5f51f99a64ff0d0b6157c7e15e814f30dcb5594ef7,22b24337ec04f40053382e02b5bfd4db524e17e194a0be6f945aced2e525a5e6,"{""TimeoutError:Patch feature/ranking CPU deadline reached"": 1, ""TimeoutError:feature_cpu_fraction"": 34, ""complete"": 5191}",f34af6971f6d152e007d28f686fedd88293f7c92365363b640741ec96a378ed6,0a12c79acc209e3ccc33fa5f51f99a64ff0d0b6157c7e15e814f30dcb5594ef7,66204365a7783b106de77cab9dab17db11158772765d9fa8522622d9ee6728dd
CP-AP-r000,r000,gW0340_gE1200_s0150,E,10.0,2,llm_feedback,development__CP-AP-r000__E__llm_feedback__t10__s2,development_round2__r2__CP-AP-r000__E__llm_feedback__t10__s2,18614cd1d55bca385fb29f30d79142348185693aa626cc8018d5de0b66da3604,cab956e2940e088916728e521e086d11eeca6e6127ed5804873efdb2b6dd5d05,728888240783,743809532450,742767109138,-1042423312,743809.532450,742767.109138,-1042.423312,loss,14921291667,13878868355,-1042423312,1483.7862317030288,1386.194612089594,-97.59161961343464,10.056227338,10.012207689999999,-0.0440196480000008,2.119648009999643,6.2851023500000665,4.165454340000423,0.7444721660004655,0.4603236599999702,-0.2841485060004953,9.691290948,9.60464637199999,-0.08664457600001008,3808,4032,224,475,130,-345,11411,43671,32260,411,94,-317,309,193,-116,8497,4170,-4327,475,130,-345,249,107,-142,0.05622733799999935,0.01220768999999855,-0.0440196480000008,"{""TimeoutError:Patch feature/ranking CPU deadline reached"": 1, ""TimeoutError:feature_cpu_fraction"": 42, ""complete"": 3765}",,7b1b95a69b3173221f79eb3dec2bb82e902204da6561c01748211b0349176005,cbba5a7fa52c6dbcdcf7c427bced552211b532381ffc9b011b01aab330a24ac7,"{""TimeoutError:feature_cpu_fraction"": 38, ""complete"": 3994}",f34af6971f6d152e007d28f686fedd88293f7c92365363b640741ec96a378ed6,886e2905dd1b64655fc387f30ab79e81b1fd9aeaadc9bc9460085d511465502b,704f8861fe87489a2bf0741256e34146e26862dda18f1c78f9f0c5346c1b9a27
CP-AP-r000,r000,gW0340_gE1200_s0150,E,10.0,2,llm_witness,development__CP-AP-r000__E__llm_witness__t10__s2,development_round2__r2__CP-AP-r000__E__llm_witness__t10__s2,18614cd1d55bca385fb29f30d79142348185693aa626cc8018d5de0b66da3604,cab956e2940e088916728e521e086d11eeca6e6127ed5804873efdb2b6dd5d05,728888240783,741107928163,741786652429,678724266,741107.928163,741786.652429,678.724266,win,12219687380,12898411646,678724266,1214.9529197109446,1288.7349753254714,73.78205561452683,10.057745598,10.008583528,-0.0491620699999995,0.9283461379999478,5.834410516000275,4.906064378000327,0.16958008700000377,0.511831254999823,0.3422511679998192,9.651112889000018,9.55419717099997,-0.09691571800004795,4608,4733,125,575,152,-423,1485,49753,48268,7,62,55,202,193,-9,4654,5088,434,575,152,-423,31,95,64,0.05774559800000034,0.00858352800000084,-0.0491620699999995,"{""TimeoutError:feature_cpu_fraction"": 3, ""complete"": 4605}",,5f02aeff896b937b60b0682de1c4fc20552a9918d7c7c5837aee993b21a77b8e,328ef9f8b97143c2ead55ab70cfbdd3ba517876b4b02c15e747f052094f549d3,"{""TimeoutError:Patch feature/ranking CPU deadline reached"": 1, ""TimeoutError:feature_cpu_fraction"": 34, ""complete"": 4698}",f34af6971f6d152e007d28f686fedd88293f7c92365363b640741ec96a378ed6,03c14a7cfa6ef87ceef769f5caed9feeb8961dd59a34e25161acd3f0ffa23a59,b48df2f749b962cf9b86853dad792fcfddec5c786e0012fd25e99f7143beeb84
CP-AP-r000,r000,gW0340_gE1200_s0150,E,10.0,2,witness_base9,development__CP-AP-r000__E__witness_base9__t10__s2,development_round2__r2__CP-AP-r000__E__witness_base9__t10__s2,18614cd1d55bca385fb29f30d79142348185693aa626cc8018d5de0b66da3604,cab956e2940e088916728e521e086d11eeca6e6127ed5804873efdb2b6dd5d05,728888240783,745137686269,741209173067,-3928513202,745137.686269,741209.173067,-3928.513202,loss,16249445486,12320932284,-3928513202,1623.543786193313,1231.3432102319914,-392.2005759613218,10.008627808,10.006091057,-0.002536750999999171,1.7362976469997058,3.772912573999371,2.036614926999665,1.3585468520003445,3.7019821770005614,2.343435325000217,9.663467990000008,9.735476743999973,0.07200875399996498,3945,2122,-1823,493,68,-425,0,0,0,665,338,-327,391,252,-139,12805,16891,4086,493,68,-425,0,0,0,0.008627807999999959,0.006091057000000788,-0.002536750999999171,"{""TimeoutError:Patch feature/ranking CPU deadline reached"": 1, ""TimeoutError:feature_cpu_fraction"": 2, ""complete"": 3942}",,5f02aeff896b937b60b0682de1c4fc20552a9918d7c7c5837aee993b21a77b8e,44863098271f3d0135b364998b10e2e054493c19433ca726723872a30df0d000,"{""TimeoutError:Patch feature/ranking CPU deadline reached"": 1, ""TimeoutError:feature_cpu_fraction"": 12, ""complete"": 2109}",f34af6971f6d152e007d28f686fedd88293f7c92365363b640741ec96a378ed6,03c14a7cfa6ef87ceef769f5caed9feeb8961dd59a34e25161acd3f0ffa23a59,06544638635d74f671e8e8243b097db73ecee1493b6cbb428d3f9c49082522dd
CP-AP-r000,r000,gW0340_gE1200_s0150,E,10.0,2,witness_fixed,development__CP-AP-r000__E__witness_fixed__t10__s2,development_round2__r2__CP-AP-r000__E__witness_fixed__t10__s2,18614cd1d55bca385fb29f30d79142348185693aa626cc8018d5de0b66da3604,cab956e2940e088916728e521e086d11eeca6e6127ed5804873efdb2b6dd5d05,728888240783,740048025322,741981964855,1933939533,740048.025322,741981.964855,1933.939533,win,11159784539,13093724072,1933939533,1115.1886897600252,1308.4860600712304,193.29737031120516,10.007081888,10.006773837,-0.00030805099999930974,8.10657351399997,7.1576706190002435,-0.9489028949997271,0.7461043050000821,1.1811897139997511,0.4350854089996691,9.790438935999997,9.74413083099999,-0.046308105000006705,1013,1798,785,0,0,0,83140,112357,29217,487,817,330,142,182,40,2001,4315,2314,0,0,0,0,0,0,0.007081888000000092,0.006773837000000782,-0.00030805099999930974,"{""TimeoutError:Patch feature/ranking CPU deadline reached"": 2, ""TimeoutError:feature_cpu_fraction"": 392, ""complete"": 619}",,5f02aeff896b937b60b0682de1c4fc20552a9918d7c7c5837aee993b21a77b8e,84aeb4209138740d9faebdd011ce3de655fd8d492a1d4811f9e6a52b93a6a898,"{""TimeoutError:Patch feature/ranking CPU deadline reached"": 1, ""TimeoutError:feature_cpu_fraction"": 450, ""complete"": 1347}",f34af6971f6d152e007d28f686fedd88293f7c92365363b640741ec96a378ed6,03c14a7cfa6ef87ceef769f5caed9feeb8961dd59a34e25161acd3f0ffa23a59,55f939d21056f883697016d1315261ca7d4a4fbd05f0764ec3e69a28329e654d
CP-AP-r000,r000,gW1200_gE0340_s0150,W,10.0,2,chils,development__CP-AP-r000__W__chils__t10__s2,development_round2__r2__CP-AP-r000__W__chils__t10__s2,d060b5a8db775a4bfaf08e9c0d8733e9287e40ada2a9098b4c439483ecb4947e,9929558be2b860b2f60c3cbe6e92a89ca20ed13697d391c6507507669e41c940,728621789339,746504318623,746504318623,0,746504.318623,746504.318623,0.000000,tie,17882529284,17882529284,0,1785.2726011037532,1785.4859463664795,0.21334526272615215,10.016693962,10.015497081000001,-0.0011968809999984842,0.0,0.0,0.0,0.0,0.0,0.0,0.0,0.0,0.0,0,0,0,,,,0,0,0,0,0,0,0,0,0,0,0,0,0,0,0,0,0,0,0.01669396199999973,0.015497081000001245,-0.0011968809999984842,{},,,a6dc19061cc40f4ec38d1c2079a2c70fba7799f591ad5474b5f98cd92db13615,{},,,1547298edd68b9bea466c92966969268d002ecbf5401b0cedc7d4050f17fcef6
CP-AP-r000,r000,gW1200_gE0340_s0150,W,10.0,2,chils_ils,development__CP-AP-r000__W__chils_ils__t10__s2,development_round2__r2__CP-AP-r000__W__chils_ils__t10__s2,d060b5a8db775a4bfaf08e9c0d8733e9287e40ada2a9098b4c439483ecb4947e,9929558be2b860b2f60c3cbe6e92a89ca20ed13697d391c6507507669e41c940,728621789339,753432059304,753432059304,0,753432.059304,753432.059304,0.000000,tie,24810269965,24810269965,0,2476.345600598174,2477.2642548030108,0.9186542048368859,10.018904453,10.015189101,-0.0037153519999986173,0.0,0.0,0.0,0.0,0.0,0.0,0.0,0.0,0.0,0,0,0,,,,0,0,0,0,0,0,0,0,0,0,0,0,0,0,0,0,0,0,0.01890445299999932,0.015189101000000704,-0.0037153519999986173,{},,,177715508e044d69dcea64e4892941144bf18a26ccd238c89e4d66ce7d141095,{},,,5bb32a811ee2c179675d8f3b71de0ea13f8249825e9624e696ad1bb6a5033414
CP-AP-r000,r000,gW1200_gE0340_s0150,W,10.0,2,cp_sat,development__CP-AP-r000__W__cp_sat__t10__s2,development_round2__r2__CP-AP-r000__W__cp_sat__t10__s2,d060b5a8db775a4bfaf08e9c0d8733e9287e40ada2a9098b4c439483ecb4947e,9929558be2b860b2f60c3cbe6e92a89ca20ed13697d391c6507507669e41c940,728621789339,728674212849,728674212849,0,728674.212849,728674.212849,0.000000,tie,52423510,52423510,0,5.226168228613184,5.223689989132931,-0.0024782394802524456,10.030964888,10.03572381,0.004758922000000609,0.0,0.0,0.0,0.0,0.0,0.0,0.0,0.0,0.0,0,0,0,,,,0,0,0,0,0,0,0,0,0,0,0,0,0,0,0,0,0,0,0.030964887999999746,0.035723810000000356,0.004758922000000609,{},,,c95f177ea7d4612739fb21bbad28bf6d7a42f0eb87c19e16cc15142a6b7b7cfc,{},,,38a7bcc735b92ee72b5da248854d206e5b0492e3243091ddc67b25078d75f22e
CP-AP-r000,r000,gW1200_gE0340_s0150,W,10.0,2,degree,development__CP-AP-r000__W__degree__t10__s2,development_round2__r2__CP-AP-r000__W__degree__t10__s2,d060b5a8db775a4bfaf08e9c0d8733e9287e40ada2a9098b4c439483ecb4947e,9929558be2b860b2f60c3cbe6e92a89ca20ed13697d391c6507507669e41c940,728621789339,747159215535,747193288202,34072667,747159.215535,747193.288202,34.072667,win,18537426196,18571498863,34072667,1849.1590360555472,1855.9443023712547,6.785266315707544,10.024787395,10.006495798,-0.018291597000001047,2.375684294999286,2.6747002869997285,0.2990159920004425,3.028257842001115,3.409007447000402,0.3807496049992869,9.643681352999991,9.573038988999992,-0.07064236399999935,4576,5163,587,0,0,0,0,0,0,2575,2922,347,407,417,10,27519,31034,3515,0,0,0,0,0,0,0.0247873950000006,0.006495797999999553,-0.018291597000001047,"{""TimeoutError:feature_cpu_fraction"": 1, ""complete"": 4575}",,,9ae6c0af23edc7863e7efc29e3fcd89311921f1b94f2bf33bc0df81617c7345d,"{""TimeoutError:Patch feature/ranking CPU deadline reached"": 1, ""TimeoutError:feature_cpu_fraction"": 3, ""complete"": 5159}",,,abb994741d140cc3d04251f8c5bce97fd89c335d6d18519ecf295f5fa405479b
CP-AP-r000,r000,gW1200_gE0340_s0150,W,10.0,2,grammar_online,development__CP-AP-r000__W__grammar_online__t10__s2,development_round2__r2__CP-AP-r000__W__grammar_online__t10__s2,d060b5a8db775a4bfaf08e9c0d8733e9287e40ada2a9098b4c439483ecb4947e,9929558be2b860b2f60c3cbe6e92a89ca20ed13697d391c6507507669e41c940,728621789339,743394174786,743477591702,83416916,743394.174786,743477.591702,83.416916,win,14772385447,14855802363,83416916,1475.8695077775865,1484.4560951074686,8.586587329882057,10.009276137999999,10.007572748000001,-0.0017033899999976398,1.9056475389997969,6.156812584999895,4.251165046000098,0.662034580000001,1.9149532780003526,1.2529186980003515,9.659071815999992,9.746663672000011,0.08759185600001906,3817,1775,-2042,477,57,-420,14336,191160,176824,225,305,80,282,285,3,8281,9635,1354,477,57,-420,148,50,-98,0.009276137999998824,0.007572748000001184,-0.0017033899999976398,"{""TimeoutError:Patch feature/ranking CPU deadline reached"": 1, ""TimeoutError:feature_cpu_fraction"": 15, ""complete"": 3801}",,0a12c79acc209e3ccc33fa5f51f99a64ff0d0b6157c7e15e814f30dcb5594ef7,dd63fbdc4cb3d079591c15cc68461a3a087ff6d82af66623bc4540a924d5b549,"{""TimeoutError:feature_cpu_fraction"": 25, ""complete"": 1750}",f34af6971f6d152e007d28f686fedd88293f7c92365363b640741ec96a378ed6,0a12c79acc209e3ccc33fa5f51f99a64ff0d0b6157c7e15e814f30dcb5594ef7,ce54cd0f37fe71baf9652ba03eb6b23e21ed34ba635f7765ff5bdcb35784f1db
CP-AP-r000,r000,gW1200_gE0340_s0150,W,10.0,2,llm_feedback,development__CP-AP-r000__W__llm_feedback__t10__s2,development_round2__r2__CP-AP-r000__W__llm_feedback__t10__s2,d060b5a8db775a4bfaf08e9c0d8733e9287e40ada2a9098b4c439483ecb4947e,9929558be2b860b2f60c3cbe6e92a89ca20ed13697d391c6507507669e41c940,728621789339,742564652861,741248799198,-1315853663,742564.652861,741248.799198,-1315.853663,loss,13942863522,12627009859,-1315853663,1386.1346001016452,1261.6503594320166,-124.48424066962865,10.058809239,10.008327398,-0.05048184099999986,3.0878581519998622,6.435168270999903,3.347310119000041,0.8609525230001556,0.47667168600003773,-0.38428083700011784,9.703424264999974,9.595759594000008,-0.10766467099996646,3776,4109,333,471,132,-339,40855,45400,4545,648,124,-524,303,152,-151,8874,4226,-4648,471,132,-339,259,106,-153,0.058809239000000346,0.008327398000000485,-0.05048184099999986,"{""TimeoutError:feature_cpu_fraction"": 41, ""complete"": 3735}",,7b1b95a69b3173221f79eb3dec2bb82e902204da6561c01748211b0349176005,234b70d76a407c602604b1b18ce8f314649be5f0025af1d9eaac1083a743b3c4,"{""TimeoutError:Patch feature/ranking CPU deadline reached"": 1, ""TimeoutError:feature_cpu_fraction"": 38, ""complete"": 4070}",f34af6971f6d152e007d28f686fedd88293f7c92365363b640741ec96a378ed6,886e2905dd1b64655fc387f30ab79e81b1fd9aeaadc9bc9460085d511465502b,2e6d72c1597c0f7a60229ff62d9cf84428999f3b8bad975ae86be9951e11bf4f
CP-AP-r000,r000,gW1200_gE0340_s0150,W,10.0,2,llm_witness,development__CP-AP-r000__W__llm_witness__t10__s2,development_round2__r2__CP-AP-r000__W__llm_witness__t10__s2,d060b5a8db775a4bfaf08e9c0d8733e9287e40ada2a9098b4c439483ecb4947e,9929558be2b860b2f60c3cbe6e92a89ca20ed13697d391c6507507669e41c940,728621789339,742277567544,742029020384,-248547160,742277.567544,742029.020384,-248.547160,loss,13655778205,13407231045,-248547160,1362.8367547034345,1339.605308627086,-23.231446076348472,10.020112942999999,10.008344217999998,-0.011768725000001368,1.578817662999966,5.932262050000006,4.35344438700004,0.5316095790000834,0.541952062999987,0.010342483999903562,9.64563220900003,9.559864491000006,-0.08576771800002447,4064,4701,637,507,151,-356,6677,52396,45719,278,151,-127,230,188,-42,7372,5076,-2296,507,151,-356,163,103,-60,0.020112942999999106,0.008344217999997738,-0.011768725000001368,"{""TimeoutError:feature_cpu_fraction"": 26, ""complete"": 4038}",,5f02aeff896b937b60b0682de1c4fc20552a9918d7c7c5837aee993b21a77b8e,5901904625f1e7ae00b2db412ac721caf5fbc9500caefc50eaed933790ba0b7a,"{""TimeoutError:Patch feature/ranking CPU deadline reached"": 2, ""TimeoutError:feature_cpu_fraction"": 44, ""complete"": 4655}",f34af6971f6d152e007d28f686fedd88293f7c92365363b640741ec96a378ed6,03c14a7cfa6ef87ceef769f5caed9feeb8961dd59a34e25161acd3f0ffa23a59,19a1268514dd16f7282419e9e84692d742da50d1e041589808008b80cb17e8b3
CP-AP-r000,r000,gW1200_gE0340_s0150,W,10.0,2,witness_base9,development__CP-AP-r000__W__witness_base9__t10__s2,development_round2__r2__CP-AP-r000__W__witness_base9__t10__s2,d060b5a8db775a4bfaf08e9c0d8733e9287e40ada2a9098b4c439483ecb4947e,9929558be2b860b2f60c3cbe6e92a89ca20ed13697d391c6507507669e41c940,728621789339,746012122306,743957167474,-2054954832,746012.122306,743957.167474,-2054.954832,loss,17390332967,15335378135,-2054954832,1735.409384626899,1531.246324659471,-204.16305996742818,10.020882173999999,10.014964861000001,-0.005917312999997648,1.8867378869996516,3.9106512589996165,2.023913371999965,2.128844627000168,2.8200452020003057,0.6912005750001375,9.677397560000031,9.702127382999997,0.024729822999965734,3872,2848,-1024,483,91,-392,0,0,0,731,300,-431,368,309,-59,19392,13004,-6388,483,91,-392,0,0,0,0.0208821739999987,0.01496486100000105,-0.005917312999997648,"{""TimeoutError:feature_cpu_fraction"": 1, ""complete"": 3871}",,5f02aeff896b937b60b0682de1c4fc20552a9918d7c7c5837aee993b21a77b8e,632b89cf54872008064ca1420e4858c9b29a55a2e1dde28d5e30e0622aff2a2b,"{""TimeoutError:feature_cpu_fraction"": 15, ""complete"": 2833}",f34af6971f6d152e007d28f686fedd88293f7c92365363b640741ec96a378ed6,03c14a7cfa6ef87ceef769f5caed9feeb8961dd59a34e25161acd3f0ffa23a59,f2cfa98ee99bce798028491af87bedb79cb439577cef2d64d16bc29e3bac1219
CP-AP-r000,r000,gW1200_gE0340_s0150,W,10.0,2,witness_fixed,development__CP-AP-r000__W__witness_fixed__t10__s2,development_round2__r2__CP-AP-r000__W__witness_fixed__t10__s2,d060b5a8db775a4bfaf08e9c0d8733e9287e40ada2a9098b4c439483ecb4947e,9929558be2b860b2f60c3cbe6e92a89ca20ed13697d391c6507507669e41c940,728621789339,739650097258,740613694810,963597552,739650.097258,740613.694810,963.597552,win,11028307919,11991905471,963597552,1102.0602084793786,1198.3425737709315,96.28236529155288,10.006992208000002,10.007076218,8.40099999983579e-05,8.128078941000137,7.058917456000263,-1.0691614849998734,0.7380722289998729,1.1916114799996866,0.45353925099981374,9.793692429000002,9.740897125000005,-0.052795303999996435,1007,1844,837,0,0,0,81689,114771,33082,485,797,312,152,196,44,1966,4594,2628,0,0,0,0,0,0,0.006992208000001554,0.007076217999999912,8.40099999983579e-05,"{""TimeoutError:Patch feature/ranking CPU deadline reached"": 7, ""TimeoutError:feature_cpu_fraction"": 376, ""complete"": 624}",,5f02aeff896b937b60b0682de1c4fc20552a9918d7c7c5837aee993b21a77b8e,64a48ce4434d74651e2c8c5b046a99c2e990ac724be05077ae7c28c4f732fa86,"{""TimeoutError:Patch feature/ranking CPU deadline reached"": 1, ""TimeoutError:feature_cpu_fraction"": 413, ""complete"": 1430}",f34af6971f6d152e007d28f686fedd88293f7c92365363b640741ec96a378ed6,03c14a7cfa6ef87ceef769f5caed9feeb8961dd59a34e25161acd3f0ffa23a59,1d4fa61951f69910faaeeaa033c442de389a2c7c78def1a5df31631d8794d195
CP-AP-r000,r000,gW1200_gE1200_s0150,J,10.0,2,chils,development__CP-AP-r000__J__chils__t10__s2,development_round2__r2__CP-AP-r000__J__chils__t10__s2,28c13078c28d93800341ded9f40e3940327ceb6dcb78c2472e7d189c324959e0,cf838152f3f00f82d58562c6727758285d8851216b8253329993d7c987ce71ff,639795633117,674005667269,674005667269,0,674005.667269,674005.667269,0.000000,tie,34210034152,34210034152,0,3415.4077334411268,3415.0938299442273,-0.31390349689906993,10.016383642000001,10.017304313,0.0009206709999993734,0.0,0.0,0.0,0.0,0.0,0.0,0.0,0.0,0.0,0,0,0,,,,0,0,0,0,0,0,0,0,0,0,0,0,0,0,0,0,0,0,0.016383642000000975,0.01730431300000035,0.0009206709999993734,{},,,04c6a9f93a465cb3295feb237c3e857de8e5d3c4264c01d46519b229728e56ed,{},,,f15df39528b534606c873d57d4338c6873c69f9114982a4536c1b38c49a037a8
CP-AP-r000,r000,gW1200_gE1200_s0150,J,10.0,2,chils_ils,development__CP-AP-r000__J__chils_ils__t10__s2,development_round2__r2__CP-AP-r000__J__chils_ils__t10__s2,28c13078c28d93800341ded9f40e3940327ceb6dcb78c2472e7d189c324959e0,cf838152f3f00f82d58562c6727758285d8851216b8253329993d7c987ce71ff,639795633117,698030049366,698030049366,0,698030.049366,698030.049366,0.000000,tie,58234416249,58234416249,0,5813.909085494069,5814.028553367715,0.11946787364668117,10.016396093000001,10.016190274,-0.00020581900000138376,0.0,0.0,0.0,0.0,0.0,0.0,0.0,0.0,0.0,0,0,0,,,,0,0,0,0,0,0,0,0,0,0,0,0,0,0,0,0,0,0,0.01639609300000089,0.016190273999999505,-0.00020581900000138376,{},,,d1100d9293ba7fe375de6cc306df612141e03ec43d2712e0180bec5266f452d3,{},,,c2c86d1e64e50a8e7db1a77dc6cf3044880b8e3fe4beaeb53e9588396ed9d9bb
CP-AP-r000,r000,gW1200_gE1200_s0150,J,10.0,2,cp_sat,development__CP-AP-r000__J__cp_sat__t10__s2,development_round2__r2__CP-AP-r000__J__cp_sat__t10__s2,28c13078c28d93800341ded9f40e3940327ceb6dcb78c2472e7d189c324959e0,cf838152f3f00f82d58562c6727758285d8851216b8253329993d7c987ce71ff,639795633117,639795633117,639795633117,0,639795.633117,639795.633117,0.000000,tie,0,0,0,0.0,0.0,0.0,10.022605133999999,10.024490165,0.001885031000000481,0.0,0.0,0.0,0.0,0.0,0.0,0.0,0.0,0.0,0,0,0,,,,0,0,0,0,0,0,0,0,0,0,0,0,0,0,0,0,0,0,0.022605133999999083,0.024490164999999564,0.001885031000000481,{},,,8da851e858ead11168031741a33305dfbb5f800e37ccd710f316a83450c8f1f4,{},,,987eb9bd64597c3ea4636eebc83fffa2d39f84521e0e36b5b76a1f52c88c59d6
CP-AP-r000,r000,gW1200_gE1200_s0150,J,10.0,2,degree,development__CP-AP-r000__J__degree__t10__s2,development_round2__r2__CP-AP-r000__J__degree__t10__s2,28c13078c28d93800341ded9f40e3940327ceb6dcb78c2472e7d189c324959e0,cf838152f3f00f82d58562c6727758285d8851216b8253329993d7c987ce71ff,639795633117,676148706780,677343526488,1194819708,676148.706780,677343.526488,1194.819708,win,36353073663,37547893371,1194819708,3619.983901322029,3752.418582304695,132.43468098266607,10.042330202,10.006317938,-0.036012264000000016,1.6001930349998363,2.2946101769994387,0.6944171419996024,1.7928851960002943,2.599875105000672,0.8069899090003778,9.67448207299998,9.518063361999983,-0.15641871099999705,4320,6274,1954,0,0,0,0,0,0,1322,1947,625,350,385,35,25915,37580,11665,0,0,0,0,0,0,0.04233020200000048,0.006317938000000467,-0.036012264000000016,"{""complete"": 4320}",,,0cd22e236349e90504c711ebc9b4b11504887ba242a59f35dba2f4dfc5fda00e,"{""TimeoutError:Patch feature/ranking CPU deadline reached"": 1, ""TimeoutError:feature_cpu_fraction"": 1, ""complete"": 6272}",,,59749a0a142e73891b7167e464492c67bc94f22116687d0b1892fdcd58fb1514
CP-AP-r000,r000,gW1200_gE1200_s0150,J,10.0,2,grammar_online,development__CP-AP-r000__J__grammar_online__t10__s2,development_round2__r2__CP-AP-r000__J__grammar_online__t10__s2,28c13078c28d93800341ded9f40e3940327ceb6dcb78c2472e7d189c324959e0,cf838152f3f00f82d58562c6727758285d8851216b8253329993d7c987ce71ff,639795633117,669645215511,669849394551,204179040,669645.215511,669849.394551,204.179040,win,29849582394,30053761434,204179040,2982.536497906156,3002.9047263846237,20.368228478467437,10.008119738000001,10.008230088000001,0.00011034999999992579,3.5818049110000048,5.385404281000094,1.803599370000089,0.6990167950002387,1.1125056579999018,0.41348886299966303,9.650004779999987,9.578124269999979,-0.07188051000000861,3711,4383,672,463,141,-322,79133,127191,48058,448,332,-116,258,242,-16,8640,12413,3773,463,141,-322,356,119,-237,0.00811973800000132,0.008230088000001246,0.00011034999999992579,"{""TimeoutError:Patch feature/ranking CPU deadline reached"": 1, ""TimeoutError:feature_cpu_fraction"": 26, ""complete"": 3684}",,0a12c79acc209e3ccc33fa5f51f99a64ff0d0b6157c7e15e814f30dcb5594ef7,5fa53f27622873d922b31eb9f733dd8b4678ac36bae5e2c449b3e42ef1d2d16b,"{""TimeoutError:Patch feature/ranking CPU deadline reached"": 1, ""TimeoutError:feature_cpu_fraction"": 18, ""complete"": 4364}",f34af6971f6d152e007d28f686fedd88293f7c92365363b640741ec96a378ed6,0a12c79acc209e3ccc33fa5f51f99a64ff0d0b6157c7e15e814f30dcb5594ef7,2e8e77de5464a95f83be1fb7ae78a1815834042abc1e480d5c2696f76c398bd2
CP-AP-r000,r000,gW1200_gE1200_s0150,J,10.0,2,llm_feedback,development__CP-AP-r000__J__llm_feedback__t10__s2,development_round2__r2__CP-AP-r000__J__llm_feedback__t10__s2,28c13078c28d93800341ded9f40e3940327ceb6dcb78c2472e7d189c324959e0,cf838152f3f00f82d58562c6727758285d8851216b8253329993d7c987ce71ff,639795633117,672965231072,664966623342,-7998607730,672965.231072,664966.623342,-7998.607730,loss,33169597955,25170990225,-7998607730,3296.4198295835818,2515.0945655720006,-781.3252640115811,10.062309920999999,10.007969708,-0.05434021299999969,1.6467370049997356,6.64362544200006,4.996888437000324,0.9888148440005181,0.5180210019998275,-0.47079384200069063,9.680690869999934,9.641844307000005,-0.038846562999928835,4160,3239,-921,519,104,-415,4284,63415,59131,550,407,-143,289,161,-128,15328,5759,-9569,519,104,-415,118,57,-61,0.06230992099999888,0.007969707999999187,-0.05434021299999969,"{""TimeoutError:feature_cpu_fraction"": 19, ""complete"": 4141}",,7b1b95a69b3173221f79eb3dec2bb82e902204da6561c01748211b0349176005,e3f975d7e2dff7fc32deb567f2122a1aab5f31e94d961a31def1bb8ea823f3de,"{""TimeoutError:Patch feature/ranking CPU deadline reached"": 1, ""TimeoutError:feature_cpu_fraction"": 52, ""complete"": 3186}",f34af6971f6d152e007d28f686fedd88293f7c92365363b640741ec96a378ed6,886e2905dd1b64655fc387f30ab79e81b1fd9aeaadc9bc9460085d511465502b,ae24990af37ac9b25fc16bf4886cddd7b71b3784dc7a2809238c319a757c71ad
CP-AP-r000,r000,gW1200_gE1200_s0150,J,10.0,2,llm_witness,development__CP-AP-r000__J__llm_witness__t10__s2,development_round2__r2__CP-AP-r000__J__llm_witness__t10__s2,28c13078c28d93800341ded9f40e3940327ceb6dcb78c2472e7d189c324959e0,cf838152f3f00f82d58562c6727758285d8851216b8253329993d7c987ce71ff,639795633117,669431419478,660321001243,-9110418235,669431.419478,660321.001243,-9110.418235,loss,29635786361,20525368126,-9110418235,2949.1808311307964,2050.7906631983965,-898.3901679323998,10.048819675,10.008514518,-0.04030515700000059,2.49898673400022,6.058768360000045,3.5597816259998245,0.7322820349998962,0.5015479720000326,-0.23073406299986354,9.660360902999999,9.536544874999992,-0.12381602800000735,4224,4961,737,527,159,-368,19953,48220,28267,568,93,-475,240,123,-117,9808,5924,-3884,527,159,-368,241,104,-137,0.04881967500000073,0.008514518000000137,-0.04030515700000059,"{""TimeoutError:feature_cpu_fraction"": 63, ""complete"": 4161}",,5f02aeff896b937b60b0682de1c4fc20552a9918d7c7c5837aee993b21a77b8e,781021812ca1546266dc618941866c6da453ded19227363d95c0a1d2e3a8418d,"{""TimeoutError:Patch feature/ranking CPU deadline reached"": 1, ""TimeoutError:feature_cpu_fraction"": 41, ""complete"": 4919}",f34af6971f6d152e007d28f686fedd88293f7c92365363b640741ec96a378ed6,03c14a7cfa6ef87ceef769f5caed9feeb8961dd59a34e25161acd3f0ffa23a59,1913483d5c867d6fa21d72c50f781cd601c1afe4118eec707299c55e6994ae8a
CP-AP-r000,r000,gW1200_gE1200_s0150,J,10.0,2,witness_base9,development__CP-AP-r000__J__witness_base9__t10__s2,development_round2__r2__CP-AP-r000__J__witness_base9__t10__s2,28c13078c28d93800341ded9f40e3940327ceb6dcb78c2472e7d189c324959e0,cf838152f3f00f82d58562c6727758285d8851216b8253329993d7c987ce71ff,639795633117,659915337245,672596128537,12680791292,659915.337245,672596.128537,12680.791292,win,20119704128,32800495420,12680791292,1998.405181870596,3276.867657955664,1278.4624760850684,10.067880283,10.009710139000001,-0.0581701439999982,0.9011860980000183,3.857705524999639,2.9565194269996207,0.1440145279999644,3.452812196000667,3.3087976680007025,9.652987498999972,9.742732001000041,0.08974450200006956,5056,1920,-3136,631,61,-570,0,0,0,28,404,376,113,273,160,5230,15262,10032,631,61,-570,0,0,0,0.06788028299999915,0.00971013900000095,-0.0581701439999982,"{""TimeoutError:feature_cpu_fraction"": 1, ""complete"": 5055}",,5f02aeff896b937b60b0682de1c4fc20552a9918d7c7c5837aee993b21a77b8e,08ca12750db8d38ce336a453ef42a04908b0fa37f9fe30df9a3659bdb631976f,"{""TimeoutError:feature_cpu_fraction"": 8, ""complete"": 1912}",f34af6971f6d152e007d28f686fedd88293f7c92365363b640741ec96a378ed6,03c14a7cfa6ef87ceef769f5caed9feeb8961dd59a34e25161acd3f0ffa23a59,2be463f0ce5ff2fa5cab592382b45e838d09e124fc11810370921efd8e23a0ba
CP-AP-r000,r000,gW1200_gE1200_s0150,J,10.0,2,witness_fixed,development__CP-AP-r000__J__witness_fixed__t10__s2,development_round2__r2__CP-AP-r000__J__witness_fixed__t10__s2,28c13078c28d93800341ded9f40e3940327ceb6dcb78c2472e7d189c324959e0,cf838152f3f00f82d58562c6727758285d8851216b8253329993d7c987ce71ff,639795633117,665967114023,668849313561,2882199538,665967.114023,668849.313561,2882.199538,win,26171480906,29053680444,2882199538,2615.1323627885836,2903.363705233737,288.23134244515376,10.007707938,10.006903507,-0.0008044309999988286,7.456197644999716,6.2488820970000845,-1.2073155479996318,0.8488236830004174,1.1234205569999858,0.27459687399956834,9.758772483000005,9.690869113000005,-0.0679033699999998,1403,2546,1143,0,0,0,100984,118292,17308,567,661,94,162,215,53,3847,7908,4061,0,0,0,0,0,0,0.007707937999999359,0.0069035070000005305,-0.0008044309999988286,"{""TimeoutError:feature_cpu_fraction"": 367, ""complete"": 1036}",,5f02aeff896b937b60b0682de1c4fc20552a9918d7c7c5837aee993b21a77b8e,95b4913e99db15a3ff3f46ceac4ee3b76b9cc7c9616cf9ea05a9878e59202d46,"{""TimeoutError:Patch feature/ranking CPU deadline reached"": 1, ""TimeoutError:feature_cpu_fraction"": 129, ""complete"": 2416}",f34af6971f6d152e007d28f686fedd88293f7c92365363b640741ec96a378ed6,03c14a7cfa6ef87ceef769f5caed9feeb8961dd59a34e25161acd3f0ffa23a59,1e61f79a4700ce227dc3fe68bf73c7e44c1646bbc1f51415f9132b6de6d132e8
CP-AP-r001,r001,gW0340_gE0340_s0150,A,10.0,2,chils,development__CP-AP-r001__A__chils__t10__s2,development_round2__r2__CP-AP-r001__A__chils__t10__s2,2194ea611f3762e38f9be5d7d4445eb2b92bde104f73a54589c7acd077b072d5,8ab790a1544785da911f049834d5f8273090f3d3c6942b73a42d3cb76b1cd7ca,782463645516,788746189289,788746189289,0,788746.189289,788746.189289,0.000000,tie,6282543773,6282543773,0,627.3631532974103,627.3172662395863,-0.045887057824160214,10.014205871,10.014938391,0.0007325199999996812,0.0,0.0,0.0,0.0,0.0,0.0,0.0,0.0,0.0,0,0,0,,,,0,0,0,0,0,0,0,0,0,0,0,0,0,0,0,0,0,0,0.014205870999999703,0.014938390999999385,0.0007325199999996812,{},,,ca842f8a61e4d75957518da1d2b7b3bb8f1e5171b390db1ca08a63b209cbf0fe,{},,,54febb207438382e4e01a7b1989bcc4918ec65f278c3baf3c1b4853c09af6095
CP-AP-r001,r001,gW0340_gE0340_s0150,A,10.0,2,chils_ils,development__CP-AP-r001__A__chils_ils__t10__s2,development_round2__r2__CP-AP-r001__A__chils_ils__t10__s2,2194ea611f3762e38f9be5d7d4445eb2b92bde104f73a54589c7acd077b072d5,8ab790a1544785da911f049834d5f8273090f3d3c6942b73a42d3cb76b1cd7ca,782463645516,790381612396,790381612396,0,790381.612396,790381.612396,0.000000,tie,7917966880,7917966880,0,790.5222671319952,790.4378445624494,-0.0844225695458709,10.016121252000001,10.017191022,0.0010697699999990817,0.0,0.0,0.0,0.0,0.0,0.0,0.0,0.0,0.0,0,0,0,,,,0,0,0,0,0,0,0,0,0,0,0,0,0,0,0,0,0,0,0.016121252000001363,0.017191022000000444,0.0010697699999990817,{},,,a6bea64f39e52e03c8aaa940b80e5f722b4be5385691ead095a2cfd8f5e4a96e,{},,,a8c2b82ddd854dca79aeba10587f4c460034ef37f6002e9a3ec8794c293ce53c
CP-AP-r001,r001,gW0340_gE0340_s0150,A,10.0,2,cp_sat,development__CP-AP-r001__A__cp_sat__t10__s2,development_round2__r2__CP-AP-r001__A__cp_sat__t10__s2,2194ea611f3762e38f9be5d7d4445eb2b92bde104f73a54589c7acd077b072d5,8ab790a1544785da911f049834d5f8273090f3d3c6942b73a42d3cb76b1cd7ca,782463645516,789776624872,789776624872,0,789776.624872,789776.624872,0.000000,tie,7312979356,7312979356,0,730.0495062652566,729.9646323511176,-0.08487391413896843,10.017100612,10.018265313,0.0011647010000004343,0.0,0.0,0.0,0.0,0.0,0.0,0.0,0.0,0.0,0,0,0,,,,0,0,0,0,0,0,0,0,0,0,0,0,0,0,0,0,0,0,0.017100612000000126,0.01826531300000056,0.0011647010000004343,{},,,3bcabb0b27627cde1397d7c564970c9f8f81db3ca5195967f8d95978be7205f3,{},,,d5548a55b0eb9a77ecc44ec71bdfeb1140e139dd9ed8dd8653c8156f5a620cf2
CP-AP-r001,r001,gW0340_gE0340_s0150,A,10.0,2,degree,development__CP-AP-r001__A__degree__t10__s2,development_round2__r2__CP-AP-r001__A__degree__t10__s2,2194ea611f3762e38f9be5d7d4445eb2b92bde104f73a54589c7acd077b072d5,8ab790a1544785da911f049834d5f8273090f3d3c6942b73a42d3cb76b1cd7ca,782463645516,788938533016,788956340095,17807079,788938.533016,788956.340095,17.807079,win,6474887500,6492694579,17807079,646.530384369458,648.8636166126945,2.3332322432364383,10.014823211,10.006254646999999,-0.008568564000000833,2.628946196999938,2.747214950000327,0.11826875300038875,3.5925804100004637,3.831777194999459,0.23919678499899533,9.67438800899997,9.638709169000006,-0.035678839999963685,3840,4032,192,0,0,0,0,0,0,2083,2209,126,323,330,7,23008,24142,1134,0,0,0,0,0,0,0.014823210999999503,0.00625464699999867,-0.008568564000000833,"{""TimeoutError:feature_cpu_fraction"": 1, ""complete"": 3839}",,,feb86411740eb3367ad502f46022fce3d396462410cf35dbdbf81e4e83a5e9ab,"{""TimeoutError:Patch feature/ranking CPU deadline reached"": 1, ""TimeoutError:feature_cpu_fraction"": 3, ""complete"": 4028}",,,33b7a574ec4ea4e2d2b6d6e9a4fcc1762d295e3c6153a0b7166826c99e51f159
CP-AP-r001,r001,gW0340_gE0340_s0150,A,10.0,2,grammar_online,development__CP-AP-r001__A__grammar_online__t10__s2,development_round2__r2__CP-AP-r001__A__grammar_online__t10__s2,2194ea611f3762e38f9be5d7d4445eb2b92bde104f73a54589c7acd077b072d5,8ab790a1544785da911f049834d5f8273090f3d3c6942b73a42d3cb76b1cd7ca,782463645516,788905349808,788491498594,-413851214,788905.349808,788491.498594,-413.851214,loss,6441704292,6027853078,-413851214,643.7171841970471,602.2669596344404,-41.45022456260677,10.007041058,10.008606618000002,0.0015655600000012981,3.0621693700001344,5.9535829099999,2.891413539999766,3.1975160909999603,1.1793926860000161,-2.018123404999944,9.756646962999977,9.643695788000025,-0.11295117499995122,2231,3658,1427,278,117,-161,16537,128362,111825,811,174,-637,289,212,-77,12573,7146,-5427,278,117,-161,39,93,54,0.007041058000000433,0.008606618000001731,0.0015655600000012981,"{""TimeoutError:Patch feature/ranking CPU deadline reached"": 1, ""TimeoutError:feature_cpu_fraction"": 57, ""complete"": 2173}",,0a12c79acc209e3ccc33fa5f51f99a64ff0d0b6157c7e15e814f30dcb5594ef7,4cd667d32c60d786cc404167e506c69ac0381f9e40921cec001bf8066bb24733,"{""TimeoutError:Patch feature/ranking CPU deadline reached"": 1, ""TimeoutError:feature_cpu_fraction"": 24, ""complete"": 3633}",f34af6971f6d152e007d28f686fedd88293f7c92365363b640741ec96a378ed6,0a12c79acc209e3ccc33fa5f51f99a64ff0d0b6157c7e15e814f30dcb5594ef7,b22a3c97cff28b3f72302d394e2c171d73b125e1cf81eef71da7bfd1f48db584
CP-AP-r001,r001,gW0340_gE0340_s0150,A,10.0,2,llm_feedback,development__CP-AP-r001__A__llm_feedback__t10__s2,development_round2__r2__CP-AP-r001__A__llm_feedback__t10__s2,2194ea611f3762e38f9be5d7d4445eb2b92bde104f73a54589c7acd077b072d5,8ab790a1544785da911f049834d5f8273090f3d3c6942b73a42d3cb76b1cd7ca,782463645516,786294683462,787915690860,1621007398,786294.683462,787915.690860,1621.007398,win,3831037946,5452045344,1621007398,382.82230773062395,544.7624031634954,161.94009543287137,10.007352938,10.008116038,0.0007631000000003496,1.2923851920000435,6.689476892000151,5.397091700000107,0.2823833419999065,0.5619190829999295,0.27953574100002304,9.63825755299998,9.61890033100001,-0.01935722199996981,4205,3917,-288,525,126,-399,6884,52428,45544,206,127,-79,112,106,-6,4276,4012,-264,525,126,-399,75,96,21,0.007352938000000364,0.008116038000000714,0.0007631000000003496,"{""TimeoutError:Patch feature/ranking CPU deadline reached"": 1, ""TimeoutError:feature_cpu_fraction"": 21, ""complete"": 4183}",,7b1b95a69b3173221f79eb3dec2bb82e902204da6561c01748211b0349176005,6b2aa992b41f7fa103d3ce5c15f905363998741eda4b910e2235b0eaa988e4ea,"{""TimeoutError:Patch feature/ranking CPU deadline reached"": 1, ""TimeoutError:feature_cpu_fraction"": 52, ""complete"": 3864}",f34af6971f6d152e007d28f686fedd88293f7c92365363b640741ec96a378ed6,886e2905dd1b64655fc387f30ab79e81b1fd9aeaadc9bc9460085d511465502b,d621df7ad9bfc08e6b8b9fd103a2c613946d10ea2af4c4cdf39eaf041d67e6ce
CP-AP-r001,r001,gW0340_gE0340_s0150,A,10.0,2,llm_witness,development__CP-AP-r001__A__llm_witness__t10__s2,development_round2__r2__CP-AP-r001__A__llm_witness__t10__s2,2194ea611f3762e38f9be5d7d4445eb2b92bde104f73a54589c7acd077b072d5,8ab790a1544785da911f049834d5f8273090f3d3c6942b73a42d3cb76b1cd7ca,782463645516,786043510239,787187995414,1144485175,786043.510239,787187.995414,1144.485175,win,3579864723,4724349898,1144485175,355.62724637526696,472.0264353904997,116.39918901523275,10.066339853,10.008655329000002,-0.057684523999999016,2.7616302129998664,6.139465069000158,3.3778348560002915,0.5087815650000423,0.709901739999729,0.2011201749996867,9.703349195000005,9.60232019400001,-0.10102900099999523,3872,4047,175,483,130,-353,34230,68103,33873,346,54,-292,81,113,32,5710,4326,-1384,483,130,-353,293,88,-205,0.06633985300000056,0.008655329000001544,-0.057684523999999016,"{""TimeoutError:feature_cpu_fraction"": 84, ""complete"": 3788}",,5f02aeff896b937b60b0682de1c4fc20552a9918d7c7c5837aee993b21a77b8e,a8380cc5015320ffb07d07434df0297d1f7c543835227ea0e3246b64d9144b30,"{""TimeoutError:Patch feature/ranking CPU deadline reached"": 1, ""TimeoutError:feature_cpu_fraction"": 36, ""complete"": 4010}",f34af6971f6d152e007d28f686fedd88293f7c92365363b640741ec96a378ed6,03c14a7cfa6ef87ceef769f5caed9feeb8961dd59a34e25161acd3f0ffa23a59,3f2dccf847e3409d5d251602b44597401614d69323740dabcff98813144167ec
CP-AP-r001,r001,gW0340_gE0340_s0150,A,10.0,2,witness_base9,development__CP-AP-r001__A__witness_base9__t10__s2,development_round2__r2__CP-AP-r001__A__witness_base9__t10__s2,2194ea611f3762e38f9be5d7d4445eb2b92bde104f73a54589c7acd077b072d5,8ab790a1544785da911f049834d5f8273090f3d3c6942b73a42d3cb76b1cd7ca,782463645516,788297658651,788065401786,-232256865,788297.658651,788065.401786,-232.256865,loss,5834013135,5601756270,-232256865,582.3802052040523,559.8557155346974,-22.524489669354885,10.017533362,10.005714176999998,-0.011819185000002008,1.4315871080002354,4.256162726000467,2.8245756180002313,1.2185466439995989,1.1563817659993776,-0.0621648780002213,9.677286925000004,9.514857825000037,-0.1624290999999669,3840,5923,2083,479,191,-288,0,0,0,280,93,-187,212,167,-45,11546,7886,-3660,479,191,-288,0,0,0,0.017533361999999997,0.0057141769999979886,-0.011819185000002008,"{""TimeoutError:feature_cpu_fraction"": 1, ""complete"": 3839}",,5f02aeff896b937b60b0682de1c4fc20552a9918d7c7c5837aee993b21a77b8e,caa914613897aa77929609ea5ce17cd88e70f5fc9cb93ded3c523d2c9a0e476b,"{""TimeoutError:feature_cpu_fraction"": 7, ""complete"": 5916}",f34af6971f6d152e007d28f686fedd88293f7c92365363b640741ec96a378ed6,03c14a7cfa6ef87ceef769f5caed9feeb8961dd59a34e25161acd3f0ffa23a59,947d47b7e4b33bbc43472dbdce7657d49fecf9dac62a0622d4c3f9f84f363fe6
CP-AP-r001,r001,gW0340_gE0340_s0150,A,10.0,2,witness_fixed,development__CP-AP-r001__A__witness_fixed__t10__s2,development_round2__r2__CP-AP-r001__A__witness_fixed__t10__s2,2194ea611f3762e38f9be5d7d4445eb2b92bde104f73a54589c7acd077b072d5,8ab790a1544785da911f049834d5f8273090f3d3c6942b73a42d3cb76b1cd7ca,782463645516,785351016212,785503211647,152195435,785351.016212,785503.211647,152.195435,win,2887370696,3039566131,152195435,288.537195902585,303.76802610255726,15.23083019997226,10.006927138,10.006208257,-0.0007188809999991719,8.5856273110001,7.683755460999881,-0.9018718500002185,0.6089383079998981,1.0375159590000678,0.42857765100016965,9.833353768999995,9.786515051000011,-0.04683871799998407,704,1334,630,0,0,0,62881,90041,27160,373,805,432,73,82,9,845,1927,1082,0,0,0,0,0,0,0.006927137999999999,0.0062082570000008275,-0.0007188809999991719,"{""TimeoutError:Patch feature/ranking CPU deadline reached"": 28, ""TimeoutError:feature_cpu_fraction"": 329, ""complete"": 347}",,5f02aeff896b937b60b0682de1c4fc20552a9918d7c7c5837aee993b21a77b8e,8e666767aba95aee7b6a265b675dd7eedda8dea1e09856551b3579918ffaafe9,"{""TimeoutError:Patch feature/ranking CPU deadline reached"": 1, ""TimeoutError:feature_cpu_fraction"": 723, ""complete"": 610}",f34af6971f6d152e007d28f686fedd88293f7c92365363b640741ec96a378ed6,03c14a7cfa6ef87ceef769f5caed9feeb8961dd59a34e25161acd3f0ffa23a59,036bce92907dd2f3fc61c4484e4bc0530ae66ca4904f812eb24fa30ddb8e3878
CP-AP-r001,r001,gW0340_gE1200_s0150,E,10.0,2,chils,development__CP-AP-r001__E__chils__t10__s2,development_round2__r2__CP-AP-r001__E__chils__t10__s2,4ea69c5e144a506364b77a71766fd72a8dccffcb64abebeb0b5c799213b24360,d37496fc60216ca35bb0e8287a816de9c55adca185b5cbbb066a8796daefb41d,728183041886,746003322095,746003322095,0,746003.322095,746003.322095,0.000000,tie,17820280209,17820280209,0,1779.3914359321313,1779.3632710205327,-0.02816491159851083,10.014817341,10.014975862,0.00015852099999946745,0.0,0.0,0.0,0.0,0.0,0.0,0.0,0.0,0.0,0,0,0,,,,0,0,0,0,0,0,0,0,0,0,0,0,0,0,0,0,0,0,0.014817341000000539,0.014975862000000006,0.00015852099999946745,{},,,0df97e2db0ed39257368db89dd344c9cbfc86bbdfb07b4b71dca3f70e0c909fa,{},,,7845a627f39440818d22c484ff1a8c2de4422dd077b6872670b2951b3794cae0
CP-AP-r001,r001,gW0340_gE1200_s0150,E,10.0,2,chils_ils,development__CP-AP-r001__E__chils_ils__t10__s2,development_round2__r2__CP-AP-r001__E__chils_ils__t10__s2,4ea69c5e144a506364b77a71766fd72a8dccffcb64abebeb0b5c799213b24360,d37496fc60216ca35bb0e8287a816de9c55adca185b5cbbb066a8796daefb41d,728183041886,751296620848,751296620848,0,751296.620848,751296.620848,0.000000,tie,23113578962,23113578962,0,2307.2821696932315,2306.386557930247,-0.8956117629845396,10.017664620999998,10.021554662,0.003890041000001787,0.0,0.0,0.0,0.0,0.0,0.0,0.0,0.0,0.0,0,0,0,,,,0,0,0,0,0,0,0,0,0,0,0,0,0,0,0,0,0,0,0.017664620999997993,0.02155466199999978,0.003890041000001787,{},,,8f12bfc871d0b638012bcece2f3f585f268483e77771d63fb9bbc53e64855c57,{},,,4ca9ef5e6bb243eca335c4b277e2dbbc4fa85e4b4862865970e56eb40729ef88
CP-AP-r001,r001,gW0340_gE1200_s0150,E,10.0,2,cp_sat,development__CP-AP-r001__E__cp_sat__t10__s2,development_round2__r2__CP-AP-r001__E__cp_sat__t10__s2,4ea69c5e144a506364b77a71766fd72a8dccffcb64abebeb0b5c799213b24360,d37496fc60216ca35bb0e8287a816de9c55adca185b5cbbb066a8796daefb41d,728183041886,748737387997,748737387997,0,748737.387997,748737.387997,0.000000,tie,20554346111,20554346111,0,2048.389215517462,2049.783078945999,1.3938634285369107,10.034394808999998,10.027571367,-0.006823441999998181,0.0,0.0,0.0,0.0,0.0,0.0,0.0,0.0,0.0,0,0,0,,,,0,0,0,0,0,0,0,0,0,0,0,0,0,0,0,0,0,0,0.03439480899999836,0.02757136700000018,-0.006823441999998181,{},,,19a64723e7ee3f13e5a0ee54ed560cf1a016bf7f07ba075340f0308390bcfd22,{},,,cacabc45871fa3e7987abe7a2d266c9554d609f8c58133f2b43172a8cfe82753
CP-AP-r001,r001,gW0340_gE1200_s0150,E,10.0,2,degree,development__CP-AP-r001__E__degree__t10__s2,development_round2__r2__CP-AP-r001__E__degree__t10__s2,4ea69c5e144a506364b77a71766fd72a8dccffcb64abebeb0b5c799213b24360,d37496fc60216ca35bb0e8287a816de9c55adca185b5cbbb066a8796daefb41d,728183041886,745965127321,746428958367,463831046,745965.127321,746428.958367,463.831046,win,17782085435,18245916481,463831046,1777.1167368235326,1823.566312016812,46.44957519327929,10.006143697,10.005622697000002,-0.0005209999999991055,2.3376505929995597,2.6667501430007237,0.329099550001164,2.9521223920003568,3.317672450999223,0.36555005899886606,9.629284346000002,9.575363589000018,-0.05392075699998422,4510,5107,597,0,0,0,0,0,0,2514,2885,371,377,389,12,27082,30666,3584,0,0,0,0,0,0,0.006143697000000614,0.005622697000001509,-0.0005209999999991055,"{""TimeoutError:feature_cpu_fraction"": 2, ""complete"": 4508}",,,71515274f1456da69e1519fe46b105392f86624409ac73ae80e06742499ee355,"{""TimeoutError:Patch feature/ranking CPU deadline reached"": 1, ""TimeoutError:feature_cpu_fraction"": 3, ""complete"": 5103}",,,f88c5bc1cff93d13af3fba249964486d8e53f28dc79c7975eeb1c50bd1bec9dc
CP-AP-r001,r001,gW0340_gE1200_s0150,E,10.0,2,grammar_online,development__CP-AP-r001__E__grammar_online__t10__s2,development_round2__r2__CP-AP-r001__E__grammar_online__t10__s2,4ea69c5e144a506364b77a71766fd72a8dccffcb64abebeb0b5c799213b24360,d37496fc60216ca35bb0e8287a816de9c55adca185b5cbbb066a8796daefb41d,728183041886,745325449287,741092380594,-4233068693,745325.449287,741092.380594,-4233.068693,loss,17142407401,12909338708,-4233068693,1712.8254054048725,1290.0271522535552,-422.7982531513174,10.008263158,10.007028678000001,-0.0012344799999990386,2.6920450800003346,6.163214086000137,3.471169005999802,1.556683172999709,2.0957626610001365,0.5390794880004275,9.693567429999995,9.765410260000012,0.07184283000001734,3258,1522,-1736,407,49,-358,24868,213825,188957,712,251,-461,395,232,-163,13764,10827,-2937,407,49,-358,139,38,-101,0.008263158000000104,0.007028678000001065,-0.0012344799999990386,"{""TimeoutError:Patch feature/ranking CPU deadline reached"": 1, ""TimeoutError:feature_cpu_fraction"": 9, ""complete"": 3248}",,0a12c79acc209e3ccc33fa5f51f99a64ff0d0b6157c7e15e814f30dcb5594ef7,726888619c199b0ba6ed67361343c1f9df20ed7be2a2ff02caeef53f9f82c54b,"{""TimeoutError:Patch feature/ranking CPU deadline reached"": 1, ""TimeoutError:feature_cpu_fraction"": 28, ""complete"": 1493}",f34af6971f6d152e007d28f686fedd88293f7c92365363b640741ec96a378ed6,0a12c79acc209e3ccc33fa5f51f99a64ff0d0b6157c7e15e814f30dcb5594ef7,1a8be704420b2ff590980040c6f2e49c6eda4ee757e8682b17193c2d2ca68739
CP-AP-r001,r001,gW0340_gE1200_s0150,E,10.0,2,llm_feedback,development__CP-AP-r001__E__llm_feedback__t10__s2,development_round2__r2__CP-AP-r001__E__llm_feedback__t10__s2,4ea69c5e144a506364b77a71766fd72a8dccffcb64abebeb0b5c799213b24360,d37496fc60216ca35bb0e8287a816de9c55adca185b5cbbb066a8796daefb41d,728183041886,740312172793,741020605459,708432666,740312.172793,741020.605459,708.432666,win,12129130907,12837563573,708432666,1207.2244938772255,1282.5653814515163,75.34088757429069,10.047121284,10.009285888,-0.03783539599999841,2.1277315150000393,7.301696549999784,5.173965034999744,0.5753944149999225,0.7179423540001416,0.14254793900021911,9.662571195999993,9.725698300999998,0.06312710500000485,4096,2079,-2017,511,67,-444,17204,88983,71779,478,448,-30,203,210,7,5976,4791,-1185,511,67,-444,203,42,-161,0.047121283999999264,0.009285888000000853,-0.03783539599999841,"{""TimeoutError:feature_cpu_fraction"": 132, ""complete"": 3964}",,7b1b95a69b3173221f79eb3dec2bb82e902204da6561c01748211b0349176005,7f345efc617288362aa0196f60afdf184f5862cee128077487c4ab06c3d43268,"{""TimeoutError:Patch feature/ranking CPU deadline reached"": 1, ""TimeoutError:feature_cpu_fraction"": 190, ""complete"": 1888}",f34af6971f6d152e007d28f686fedd88293f7c92365363b640741ec96a378ed6,886e2905dd1b64655fc387f30ab79e81b1fd9aeaadc9bc9460085d511465502b,26ec54912d4e62a9bae6e5c7e4802557d8d2f0f980ff27d39b9e773a20bc8335
CP-AP-r001,r001,gW0340_gE1200_s0150,E,10.0,2,llm_witness,development__CP-AP-r001__E__llm_witness__t10__s2,development_round2__r2__CP-AP-r001__E__llm_witness__t10__s2,4ea69c5e144a506364b77a71766fd72a8dccffcb64abebeb0b5c799213b24360,d37496fc60216ca35bb0e8287a816de9c55adca185b5cbbb066a8796daefb41d,728183041886,741215320471,740785920297,-429400174,741215.320471,740785.920297,-429.400174,loss,13032278585,12602878411,-429400174,1295.1138625273043,1259.3210920325382,-35.792770494766174,10.062650831000001,10.007676748,-0.05497408300000117,1.681497417999882,5.936352907999975,4.254855490000093,0.30797827400003486,0.6943733399999681,0.38639506599993323,9.64902474499998,9.612261665000016,-0.03676307999996453,4832,3958,-874,603,127,-476,6416,68632,62216,277,428,151,195,197,2,5556,5036,-520,603,127,-476,166,93,-73,0.0626508310000009,0.0076767479999997335,-0.05497408300000117,"{""TimeoutError:Patch feature/ranking CPU deadline reached"": 2, ""TimeoutError:feature_cpu_fraction"": 20, ""complete"": 4810}",,5f02aeff896b937b60b0682de1c4fc20552a9918d7c7c5837aee993b21a77b8e,2e82474d9f1bd3c523ebcc11ab6752e4599bb2a45b617489f2df2940e21fc3a6,"{""TimeoutError:Patch feature/ranking CPU deadline reached"": 1, ""TimeoutError:feature_cpu_fraction"": 32, ""complete"": 3925}",f34af6971f6d152e007d28f686fedd88293f7c92365363b640741ec96a378ed6,03c14a7cfa6ef87ceef769f5caed9feeb8961dd59a34e25161acd3f0ffa23a59,ec1855c2552d902ff8a9e9fd2c4fd849e4acbbb7ccd8945a4ed9aa707cee87a4
CP-AP-r001,r001,gW0340_gE1200_s0150,E,10.0,2,witness_base9,development__CP-AP-r001__E__witness_base9__t10__s2,development_round2__r2__CP-AP-r001__E__witness_base9__t10__s2,4ea69c5e144a506364b77a71766fd72a8dccffcb64abebeb0b5c799213b24360,d37496fc60216ca35bb0e8287a816de9c55adca185b5cbbb066a8796daefb41d,728183041886,744983028062,742726462269,-2256565793,744983.028062,742726.462269,-2256.565793,loss,16799986176,14543420383,-2256565793,1675.4626616627427,1453.4227443446182,-222.03991731812454,10.027072856,10.006325028000001,-0.020747827999999302,1.7554040080005127,4.121464900999811,2.3660608929992986,1.8878572779992182,1.674178798000156,-0.2136784799990623,9.69447815200001,9.57918319300001,-0.11529495899999986,3584,4883,1299,447,157,-290,0,0,0,735,181,-554,394,271,-123,14568,10085,-4483,447,157,-290,0,0,0,0.0270728560000002,0.0063250280000008985,-0.020747827999999302,"{""TimeoutError:feature_cpu_fraction"": 2, ""complete"": 3582}",,5f02aeff896b937b60b0682de1c4fc20552a9918d7c7c5837aee993b21a77b8e,1f69f22a8451dbc423c8a7f63274f976ea1d65a085d9ae8807e14af728a1ad53,"{""TimeoutError:Patch feature/ranking CPU deadline reached"": 1, ""TimeoutError:feature_cpu_fraction"": 16, ""complete"": 4866}",f34af6971f6d152e007d28f686fedd88293f7c92365363b640741ec96a378ed6,03c14a7cfa6ef87ceef769f5caed9feeb8961dd59a34e25161acd3f0ffa23a59,1037c123fc1ea52d03819683704eb3e12f1b84ac63ed3788a5f72b5bee8cd87d
CP-AP-r001,r001,gW0340_gE1200_s0150,E,10.0,2,witness_fixed,development__CP-AP-r001__E__witness_fixed__t10__s2,development_round2__r2__CP-AP-r001__E__witness_fixed__t10__s2,4ea69c5e144a506364b77a71766fd72a8dccffcb64abebeb0b5c799213b24360,d37496fc60216ca35bb0e8287a816de9c55adca185b5cbbb066a8796daefb41d,728183041886,740451921433,741223418749,771497316,740451.921433,741223.418749,771.497316,win,12268879547,13040376863,771497316,1226.1070781224528,1303.1915869467493,77.08450882429668,10.006368747000002,10.006492516999998,0.00012376999999652583,8.121326236999902,7.0956828180002045,-1.0256434189996977,0.7403837800000959,1.1850855059996968,0.4447017259996009,9.795961186999996,9.743641698999987,-0.05231948800000907,1011,1807,796,0,0,0,82485,113469,30984,481,779,298,155,202,47,2016,4457,2441,0,0,0,0,0,0,0.006368747000001562,0.006492516999998088,0.00012376999999652583,"{""TimeoutError:Patch feature/ranking CPU deadline reached"": 7, ""TimeoutError:feature_cpu_fraction"": 382, ""complete"": 622}",,5f02aeff896b937b60b0682de1c4fc20552a9918d7c7c5837aee993b21a77b8e,8b1f8432928bbe95ab3bc339c70772f4e8c864ea7e1cf4c4cbed96300e7621bb,"{""TimeoutError:Patch feature/ranking CPU deadline reached"": 1, ""TimeoutError:feature_cpu_fraction"": 425, ""complete"": 1381}",f34af6971f6d152e007d28f686fedd88293f7c92365363b640741ec96a378ed6,03c14a7cfa6ef87ceef769f5caed9feeb8961dd59a34e25161acd3f0ffa23a59,946b631680c1beb8d8b2fad8ec48c1fc9861202c961bf05a4c5dc797c4ff83e0
CP-AP-r001,r001,gW1200_gE0340_s0150,W,10.0,2,chils,development__CP-AP-r001__W__chils__t10__s2,development_round2__r2__CP-AP-r001__W__chils__t10__s2,2f192f6895fd041fd16d7f9836ce9107479ef5b0a0176af9ceffed836ab1e28f,a37f23778fa6496085e11760f4f98468d97c6359d32ff3110f126cc82b244e3e,725991335520,743832690735,743832690735,0,743832.690735,743832.690735,0.000000,tie,17841355215,17841355215,0,1781.291098516316,1781.4104299154799,0.11933139916393652,10.015968321999999,10.015297382,-0.0006709399999991206,0.0,0.0,0.0,0.0,0.0,0.0,0.0,0.0,0.0,0,0,0,,,,0,0,0,0,0,0,0,0,0,0,0,0,0,0,0,0,0,0,0.01596832199999909,0.01529738199999997,-0.0006709399999991206,{},,,787116cf3bdf19f6d13cf299034cb4c277c94f69b6ff12419da79662fbc793cc,{},,,046a3b86c6c1b177917d3697297c1f5ea19bbc1f31ce4372b23ff30c277439f7
CP-AP-r001,r001,gW1200_gE0340_s0150,W,10.0,2,chils_ils,development__CP-AP-r001__W__chils_ils__t10__s2,development_round2__r2__CP-AP-r001__W__chils_ils__t10__s2,2f192f6895fd041fd16d7f9836ce9107479ef5b0a0176af9ceffed836ab1e28f,a37f23778fa6496085e11760f4f98468d97c6359d32ff3110f126cc82b244e3e,725991335520,750987613658,750987613658,0,750987.613658,750987.613658,0.000000,tie,24996278138,24996278138,0,2495.022411113755,2494.5664178653633,-0.45599324839145405,10.018458362,10.020289682,0.0018313199999990815,0.0,0.0,0.0,0.0,0.0,0.0,0.0,0.0,0.0,0,0,0,,,,0,0,0,0,0,0,0,0,0,0,0,0,0,0,0,0,0,0,0.018458362000000506,0.020289681999999587,0.0018313199999990815,{},,,ff32e4c3e12338170b496a8ae07c5a2b227c7718cca50619f61eb81457f93aa1,{},,,d2536425069ba874078e072a70109a3d368d5cb6d0cd78f477792b20551c7640
CP-AP-r001,r001,gW1200_gE0340_s0150,W,10.0,2,cp_sat,development__CP-AP-r001__W__cp_sat__t10__s2,development_round2__r2__CP-AP-r001__W__cp_sat__t10__s2,2f192f6895fd041fd16d7f9836ce9107479ef5b0a0176af9ceffed836ab1e28f,a37f23778fa6496085e11760f4f98468d97c6359d32ff3110f126cc82b244e3e,725991335520,725992940500,725992940500,0,725992.940500,725992.940500,0.000000,tie,1604980,1604980,0,0.15993181976722837,0.15993199747827763,1.7771104926556006e-07,10.035401349999999,10.035390199,-1.115099999893232e-05,0.0,0.0,0.0,0.0,0.0,0.0,0.0,0.0,0.0,0,0,0,,,,0,0,0,0,0,0,0,0,0,0,0,0,0,0,0,0,0,0,0.035401349999999,0.03539019900000007,-1.115099999893232e-05,{},,,e31b6d5310f04d5fce10e9ccb57538af07f0504b45be1b84cc76c3acf34b363f,{},,,4ae1ace349b66f181bc02763fb2bbce603eefe4f2d7286f4a96e35642b34c831
CP-AP-r001,r001,gW1200_gE0340_s0150,W,10.0,2,degree,development__CP-AP-r001__W__degree__t10__s2,development_round2__r2__CP-AP-r001__W__degree__t10__s2,2f192f6895fd041fd16d7f9836ce9107479ef5b0a0176af9ceffed836ab1e28f,a37f23778fa6496085e11760f4f98468d97c6359d32ff3110f126cc82b244e3e,725991335520,745083823977,745131958455,48134478,745083.823977,745131.958455,48.134478,win,19092488457,19140622935,48134478,1908.0270239953495,1912.9687779924204,4.941753997070911,10.006403587,10.005716327,-0.0006872599999994122,2.3714444620003805,2.66318710500041,0.2917426430000294,2.9759819779996586,3.358371566999321,0.38238958899966224,9.629781636999969,9.574459222999984,-0.05532241399998483,4507,5149,642,0,0,0,0,0,0,2561,2946,385,420,430,10,27126,30979,3853,0,0,0,0,0,0,0.006403586999999433,0.005716327000000021,-0.0006872599999994122,"{""TimeoutError:Patch feature/ranking CPU deadline reached"": 1, ""TimeoutError:feature_cpu_fraction"": 2, ""complete"": 4504}",,,7e564edb32fb72fc9272ebc233612d9f2aea710401760969683e65d91e8790cc,"{""TimeoutError:Patch feature/ranking CPU deadline reached"": 1, ""TimeoutError:feature_cpu_fraction"": 2, ""complete"": 5146}",,,8582cc6c7f61b7d21c2358ecc02b56aee422f79b5e348239f978f765becf8264
CP-AP-r001,r001,gW1200_gE0340_s0150,W,10.0,2,grammar_online,development__CP-AP-r001__W__grammar_online__t10__s2,development_round2__r2__CP-AP-r001__W__grammar_online__t10__s2,2f192f6895fd041fd16d7f9836ce9107479ef5b0a0176af9ceffed836ab1e28f,a37f23778fa6496085e11760f4f98468d97c6359d32ff3110f126cc82b244e3e,725991335520,740826173689,742044285312,1218111623,740826.173689,742044.285312,1218.111623,win,14834838169,16052949792,1218111623,1482.3944396178758,1604.048369269906,121.65392965203014,10.007348768,10.007771648,0.0004228800000003474,4.050694322000105,5.6201379280002355,1.5694436060001307,1.1736091839998624,1.4860576739997367,0.3124484899998743,9.697343723000001,9.688729674000008,-0.008614048999993074,3127,2752,-375,390,88,-302,59348,148707,89359,850,292,-558,248,283,35,7274,9180,1906,390,88,-302,209,74,-135,0.00734876799999995,0.007771648000000297,0.0004228800000003474,"{""TimeoutError:Patch feature/ranking CPU deadline reached"": 1, ""TimeoutError:feature_cpu_fraction"": 147, ""complete"": 2979}",,0a12c79acc209e3ccc33fa5f51f99a64ff0d0b6157c7e15e814f30dcb5594ef7,4f30f8877efaaa38ea75d85476079c6f76ab53cedf8c9fc44c06de615869172c,"{""TimeoutError:feature_cpu_fraction"": 27, ""complete"": 2725}",f34af6971f6d152e007d28f686fedd88293f7c92365363b640741ec96a378ed6,0a12c79acc209e3ccc33fa5f51f99a64ff0d0b6157c7e15e814f30dcb5594ef7,3cfa8c94e6fa026c11831bab126ae19a10fc06a232d50b8cd1c8e40bee7d4eb7
CP-AP-r001,r001,gW1200_gE0340_s0150,W,10.0,2,llm_feedback,development__CP-AP-r001__W__llm_feedback__t10__s2,development_round2__r2__CP-AP-r001__W__llm_feedback__t10__s2,2f192f6895fd041fd16d7f9836ce9107479ef5b0a0176af9ceffed836ab1e28f,a37f23778fa6496085e11760f4f98468d97c6359d32ff3110f126cc82b244e3e,725991335520,741543939193,738584796110,-2959143083,741543.939193,738584.796110,-2959.143083,loss,15552603673,12593460590,-2959143083,1540.4391257561917,1258.1966260489128,-282.24249970727885,10.096214393,10.009135559,-0.08707883399999972,1.6309823810000665,6.473919590000151,4.842937209000085,0.7049410349999921,0.4745431249997741,-0.23039791000021798,9.726217058000008,9.597955514999981,-0.12826154300002734,4000,4090,90,499,131,-368,8503,44670,36167,527,132,-395,280,189,-91,9184,4213,-4971,499,131,-368,141,112,-29,0.09621439300000034,0.009135559000000626,-0.08707883399999972,"{""TimeoutError:feature_cpu_fraction"": 33, ""complete"": 3967}",,7b1b95a69b3173221f79eb3dec2bb82e902204da6561c01748211b0349176005,fedd2d6e93213244365bda009baa7aa92509c87d430cd52c1ff07131fcece842,"{""TimeoutError:Patch feature/ranking CPU deadline reached"": 1, ""TimeoutError:feature_cpu_fraction"": 48, ""complete"": 4041}",f34af6971f6d152e007d28f686fedd88293f7c92365363b640741ec96a378ed6,886e2905dd1b64655fc387f30ab79e81b1fd9aeaadc9bc9460085d511465502b,c18ce7cf8495ee8ba17e423727e33ecdc20b38976c97ce858fac3d583be06742
CP-AP-r001,r001,gW1200_gE0340_s0150,W,10.0,2,llm_witness,development__CP-AP-r001__W__llm_witness__t10__s2,development_round2__r2__CP-AP-r001__W__llm_witness__t10__s2,2f192f6895fd041fd16d7f9836ce9107479ef5b0a0176af9ceffed836ab1e28f,a37f23778fa6496085e11760f4f98468d97c6359d32ff3110f126cc82b244e3e,725991335520,740988540331,738902889006,-2085651325,740988.540331,738902.889006,-2085.651325,loss,14997204811,12911553486,-2085651325,1498.4878253145937,1290.1763436957938,-208.31148161879997,10.008225998,10.007588148,-0.0006378500000003839,3.7658411879999365,6.694147810999706,2.928306622999769,0.537653722999967,1.2816054220003705,0.7439516990004035,9.631350598000013,9.737223919000021,0.10587332100000779,3986,1807,-2179,498,58,-440,32734,119353,86619,710,393,-317,179,225,46,5255,5099,-156,498,58,-440,311,26,-285,0.008225998000000345,0.007588147999999961,-0.0006378500000003839,"{""TimeoutError:Patch feature/ranking CPU deadline reached"": 1, ""TimeoutError:feature_cpu_fraction"": 204, ""complete"": 3781}",,5f02aeff896b937b60b0682de1c4fc20552a9918d7c7c5837aee993b21a77b8e,7c09045dc3568a9de4306a57bcd90e01c6abde89f91ff5c21dd7acd569fb15b6,"{""TimeoutError:Patch feature/ranking CPU deadline reached"": 2, ""TimeoutError:feature_cpu_fraction"": 202, ""complete"": 1603}",f34af6971f6d152e007d28f686fedd88293f7c92365363b640741ec96a378ed6,03c14a7cfa6ef87ceef769f5caed9feeb8961dd59a34e25161acd3f0ffa23a59,37c37f799e02b31e2a9ec87399b1d4ccdc2bc647f1807fd597053b77e6d1f887
CP-AP-r001,r001,gW1200_gE0340_s0150,W,10.0,2,witness_base9,development__CP-AP-r001__W__witness_base9__t10__s2,development_round2__r2__CP-AP-r001__W__witness_base9__t10__s2,2f192f6895fd041fd16d7f9836ce9107479ef5b0a0176af9ceffed836ab1e28f,a37f23778fa6496085e11760f4f98468d97c6359d32ff3110f126cc82b244e3e,725991335520,742920159314,740886610371,-2033548943,742920.159314,740886.610371,-2033.548943,loss,16928823794,14895274851,-2033548943,1685.508137524486,1488.5225973377976,-196.98554018668858,10.043750853,10.006750906999999,-0.03699994600000167,1.547350585999983,4.379721264000256,2.8323706780002733,1.0860792329999502,0.9815792659996792,-0.10449996700027109,9.676155081000019,9.476014844999991,-0.20014023600002773,4224,6623,2399,527,213,-314,0,0,0,696,86,-610,387,208,-179,13783,9493,-4290,527,213,-314,0,0,0,0.04375085300000059,0.006750906999998918,-0.03699994600000167,"{""TimeoutError:feature_cpu_fraction"": 1, ""complete"": 4223}",,5f02aeff896b937b60b0682de1c4fc20552a9918d7c7c5837aee993b21a77b8e,235cbfa05bd15de572ab5e82c775de5ed91f48ae474cb880d26048196523e24b,"{""TimeoutError:feature_cpu_fraction"": 11, ""complete"": 6612}",f34af6971f6d152e007d28f686fedd88293f7c92365363b640741ec96a378ed6,03c14a7cfa6ef87ceef769f5caed9feeb8961dd59a34e25161acd3f0ffa23a59,d870abf74c34b14112696b1814bff4ee547201dae0624afe3c4aefff3ad1c719
CP-AP-r001,r001,gW1200_gE0340_s0150,W,10.0,2,witness_fixed,development__CP-AP-r001__W__witness_fixed__t10__s2,development_round2__r2__CP-AP-r001__W__witness_fixed__t10__s2,2f192f6895fd041fd16d7f9836ce9107479ef5b0a0176af9ceffed836ab1e28f,a37f23778fa6496085e11760f4f98468d97c6359d32ff3110f126cc82b244e3e,725991335520,737745339831,738500068630,754728799,737745.339831,738500.068630,754.728799,win,11754004311,12508733110,754728799,1174.6203143009031,1250.0421995679128,75.4218852670096,10.006641437999999,10.006648666999999,7.228999999497887e-06,8.186037094999971,7.106207805000089,-1.079829289999882,0.7218028900000374,1.1887070349998465,0.46690414499980915,9.799108218999997,9.744458862999974,-0.05464935600002363,960,1803,843,0,0,0,79203,113307,34104,462,812,350,140,197,57,1885,4391,2506,0,0,0,0,0,0,0.006641437999999056,0.006648666999998554,7.228999999497887e-06,"{""TimeoutError:Patch feature/ranking CPU deadline reached"": 7, ""TimeoutError:feature_cpu_fraction"": 365, ""complete"": 588}",,5f02aeff896b937b60b0682de1c4fc20552a9918d7c7c5837aee993b21a77b8e,8cddff1e693e2a1fdc739428d8c4ef3b507be27c1596bfa3cdd6d584be41e4a9,"{""TimeoutError:Patch feature/ranking CPU deadline reached"": 1, ""TimeoutError:feature_cpu_fraction"": 444, ""complete"": 1358}",f34af6971f6d152e007d28f686fedd88293f7c92365363b640741ec96a378ed6,03c14a7cfa6ef87ceef769f5caed9feeb8961dd59a34e25161acd3f0ffa23a59,a7a432dd7317b110373ac4b9b3c4680d930387d99068ef9331ac432371334c51
CP-AP-r001,r001,gW1200_gE1200_s0150,J,10.0,2,chils,development__CP-AP-r001__J__chils__t10__s2,development_round2__r2__CP-AP-r001__J__chils__t10__s2,cbb0370525ee6aed5a53ebe14a24ad8922b04806185fa45d6fab1e65797063f8,d985d853a028a4034931bb7a24de0904fd7d05e7e21e894535dfe85d02a3034e,638145072209,672870470682,672870470682,0,672870.470682,672870.470682,0.000000,tie,34725398473,34725398473,0,3466.9014098958187,3466.769827015374,-0.131582880444633,10.016263622,10.016643794,0.0003801719999998454,0.0,0.0,0.0,0.0,0.0,0.0,0.0,0.0,0.0,0,0,0,,,,0,0,0,0,0,0,0,0,0,0,0,0,0,0,0,0,0,0,0.01626362200000031,0.016643794000000156,0.0003801719999998454,{},,,3ec1e6f7c2132d443f4313c55660fe852e6a0dd6f87a842189ea470ea214a37c,{},,,f79b79cc660a5e1f260a20c96f25c1ebd84b0fbebee893a036d6bd11c72512db
CP-AP-r001,r001,gW1200_gE1200_s0150,J,10.0,2,chils_ils,development__CP-AP-r001__J__chils_ils__t10__s2,development_round2__r2__CP-AP-r001__J__chils_ils__t10__s2,cbb0370525ee6aed5a53ebe14a24ad8922b04806185fa45d6fab1e65797063f8,d985d853a028a4034931bb7a24de0904fd7d05e7e21e894535dfe85d02a3034e,638145072209,696719239565,696719239565,0,696719.239565,696719.239565,0.000000,tie,58574167356,58574167356,0,5847.539158412436,5847.934039211279,0.3948807988434348,10.016891852999999,10.016215464,-0.0006763889999987782,0.0,0.0,0.0,0.0,0.0,0.0,0.0,0.0,0.0,0,0,0,,,,0,0,0,0,0,0,0,0,0,0,0,0,0,0,0,0,0,0,0.016891852999998846,0.01621546400000007,-0.0006763889999987782,{},,,588ab7aadd33b8d8c6b1673190e38ee75cd0d167847eae3b934a9d42614dcfe5,{},,,bdb62d75f5bd687e7fb049b20f11e9be8fa459d31599cd9b660457ae0a1fa403
CP-AP-r001,r001,gW1200_gE1200_s0150,J,10.0,2,cp_sat,development__CP-AP-r001__J__cp_sat__t10__s2,development_round2__r2__CP-AP-r001__J__cp_sat__t10__s2,cbb0370525ee6aed5a53ebe14a24ad8922b04806185fa45d6fab1e65797063f8,d985d853a028a4034931bb7a24de0904fd7d05e7e21e894535dfe85d02a3034e,638145072209,638145072209,638145072209,0,638145.072209,638145.072209,0.000000,tie,0,0,0,0.0,0.0,0.0,10.021620424,10.022424734,0.0008043099999994752,0.0,0.0,0.0,0.0,0.0,0.0,0.0,0.0,0.0,0,0,0,,,,0,0,0,0,0,0,0,0,0,0,0,0,0,0,0,0,0,0,0.02162042399999997,0.022424733999999447,0.0008043099999994752,{},,,e0ef7a5c3ca14bc3e3f13cd423ac2bb251190274d832dc88559895570311e084,{},,,1b2bd64a47f9f39d87558e65bb55a2febc1d390f354b3a81942cd3664aae2ea9
CP-AP-r001,r001,gW1200_gE1200_s0150,J,10.0,2,degree,development__CP-AP-r001__J__degree__t10__s2,development_round2__r2__CP-AP-r001__J__degree__t10__s2,cbb0370525ee6aed5a53ebe14a24ad8922b04806185fa45d6fab1e65797063f8,d985d853a028a4034931bb7a24de0904fd7d05e7e21e894535dfe85d02a3034e,638145072209,675002082271,677052102443,2050020172,675002.082271,677052.102443,2050.020172,win,36857010062,38907030234,2050020172,3682.3601562258546,3888.1259509685674,205.76579474271298,10.009072578000001,10.006628058,-0.0024445200000009493,1.6782331759996731,2.311551804999547,0.633318628999874,1.869975502000544,2.688762037000191,0.818786534999647,9.625292702999985,9.520642555999961,-0.10465014700002406,4495,6180,1685,0,0,0,0,0,0,1437,1999,562,355,390,35,27012,37122,10110,0,0,0,0,0,0,0.009072578000001386,0.006628058000000436,-0.0024445200000009493,"{""TimeoutError:Patch feature/ranking CPU deadline reached"": 1, ""TimeoutError:feature_cpu_fraction"": 1, ""complete"": 4493}",,,8e455baacd86b024a6f3e7fb04e15c6ae705145e78d69baecd48d985a2793d4d,"{""TimeoutError:feature_cpu_fraction"": 2, ""complete"": 6178}",,,5b6e74d698d4f18c9d1171e9e9ac1ae44ef2573891d32d758f7240636da51246
CP-AP-r001,r001,gW1200_gE1200_s0150,J,10.0,2,grammar_online,development__CP-AP-r001__J__grammar_online__t10__s2,development_round2__r2__CP-AP-r001__J__grammar_online__t10__s2,cbb0370525ee6aed5a53ebe14a24ad8922b04806185fa45d6fab1e65797063f8,d985d853a028a4034931bb7a24de0904fd7d05e7e21e894535dfe85d02a3034e,638145072209,673659573885,660113384981,-13546188904,673659.573885,660113.384981,-13546.188904,loss,35514501676,21968312772,-13546188904,3547.2906252546986,2194.876910950173,-1352.4137143045252,10.011725969999999,10.008904218,-0.0028217519999991225,2.3854025350002033,4.838407916999893,2.4530053819996898,1.8224210579995503,0.6591173370001095,-1.1633037209994408,9.691956229999972,9.426727084000015,-0.26522914599995673,3200,7296,4096,399,235,-164,17283,70931,53648,879,90,-789,341,132,-209,18261,9833,-8428,399,235,-164,90,197,107,0.011725969999998753,0.00890421799999963,-0.0028217519999991225,"{""TimeoutError:feature_cpu_fraction"": 18, ""complete"": 3182}",,0a12c79acc209e3ccc33fa5f51f99a64ff0d0b6157c7e15e814f30dcb5594ef7,4d078a47d93b1dde4c7d5f095ae3b9d7bc058d3b9750f6b608c3c434312c66cb,"{""TimeoutError:feature_cpu_fraction"": 11, ""complete"": 7285}",f34af6971f6d152e007d28f686fedd88293f7c92365363b640741ec96a378ed6,0a12c79acc209e3ccc33fa5f51f99a64ff0d0b6157c7e15e814f30dcb5594ef7,a6a209ef95e58ff614cb62fedcb8c80dd40f953983c939eb345a3e43809fbe52
CP-AP-r001,r001,gW1200_gE1200_s0150,J,10.0,2,llm_feedback,development__CP-AP-r001__J__llm_feedback__t10__s2,development_round2__r2__CP-AP-r001__J__llm_feedback__t10__s2,cbb0370525ee6aed5a53ebe14a24ad8922b04806185fa45d6fab1e65797063f8,d985d853a028a4034931bb7a24de0904fd7d05e7e21e894535dfe85d02a3034e,638145072209,669286593081,662747823193,-6538769888,669286.593081,662747.823193,-6538.769888,loss,31141520872,24602750984,-6538769888,3109.2607657524736,2458.222667331123,-651.0380984213505,10.015731461,10.008349248,-0.007382212999999638,3.996177748999955,6.618282203999805,2.6221044549998505,0.8751194500001197,0.5339316460001975,-0.3411878039999222,9.679396585999982,9.646628301999975,-0.03276828400000653,3168,3127,-41,395,100,-295,113288,63627,-49661,377,305,-72,299,184,-115,9733,5436,-4297,395,100,-295,304,62,-242,0.01573146099999967,0.008349248000000031,-0.007382212999999638,"{""TimeoutError:feature_cpu_fraction"": 20, ""complete"": 3148}",,7b1b95a69b3173221f79eb3dec2bb82e902204da6561c01748211b0349176005,e2bfc390d5986089e4295a210ea3423d4ae4d974137506ba53fad8d8ec2dbc1b,"{""TimeoutError:Patch feature/ranking CPU deadline reached"": 1, ""TimeoutError:feature_cpu_fraction"": 58, ""complete"": 3068}",f34af6971f6d152e007d28f686fedd88293f7c92365363b640741ec96a378ed6,886e2905dd1b64655fc387f30ab79e81b1fd9aeaadc9bc9460085d511465502b,e03e8656874ac603b486cb0bfa1c8db1256e92b388b7e83fe2fdcd3a93b7f9e0
CP-AP-r001,r001,gW1200_gE1200_s0150,J,10.0,2,llm_witness,development__CP-AP-r001__J__llm_witness__t10__s2,development_round2__r2__CP-AP-r001__J__llm_witness__t10__s2,cbb0370525ee6aed5a53ebe14a24ad8922b04806185fa45d6fab1e65797063f8,d985d853a028a4034931bb7a24de0904fd7d05e7e21e894535dfe85d02a3034e,638145072209,665413705866,663429406346,-1984299520,665413.705866,663429.406346,-1984.299520,loss,27268633657,25284334137,-1984299520,2722.2745847799074,2526.6116668075356,-195.66291797237196,10.016856422,10.007210236999999,-0.00964618500000114,1.2023244210000845,6.021438082000104,4.81911366100002,0.298056254999963,0.723429429999886,0.425373174999923,9.605636888000001,9.620685632999953,0.01504874499995168,4800,3659,-1141,599,117,-482,2414,66390,63976,268,195,-73,187,158,-29,8910,5690,-3220,599,117,-482,70,58,-12,0.016856422000000038,0.007210236999998898,-0.00964618500000114,"{""TimeoutError:feature_cpu_fraction"": 8, ""complete"": 4792}",,5f02aeff896b937b60b0682de1c4fc20552a9918d7c7c5837aee993b21a77b8e,f398d9f34c2b1a733b15181cd2e621f2ebd79c161d4890e560165507fc7b6351,"{""TimeoutError:feature_cpu_fraction"": 56, ""complete"": 3603}",f34af6971f6d152e007d28f686fedd88293f7c92365363b640741ec96a378ed6,03c14a7cfa6ef87ceef769f5caed9feeb8961dd59a34e25161acd3f0ffa23a59,e55e630637e15bc81689ed050b2ec90f96a1730ee235a829329ad97a6b74e4b1
CP-AP-r001,r001,gW1200_gE1200_s0150,J,10.0,2,witness_base9,development__CP-AP-r001__J__witness_base9__t10__s2,development_round2__r2__CP-AP-r001__J__witness_base9__t10__s2,cbb0370525ee6aed5a53ebe14a24ad8922b04806185fa45d6fab1e65797063f8,d985d853a028a4034931bb7a24de0904fd7d05e7e21e894535dfe85d02a3034e,638145072209,664071007771,665280961543,1209953772,664071.007771,665280.961543,1209.953772,win,25925935562,27135889334,1209953772,2590.5592268251153,2710.9370245892774,120.37779776416211,10.007852858,10.009782259000001,0.001929401000001718,1.0346953640001666,4.277574995999877,3.24287963199971,0.39842717499964797,1.2078733520000944,0.8094461770004464,9.594193734999996,9.496458533999947,-0.09773520100004873,4956,5799,843,619,187,-432,0,0,0,265,280,15,165,173,8,7463,12073,4610,619,187,-432,0,0,0,0.007852857999999685,0.009782259000001403,0.001929401000001718,"{""TimeoutError:Patch feature/ranking CPU deadline reached"": 1, ""TimeoutError:feature_cpu_fraction"": 3, ""complete"": 4952}",,5f02aeff896b937b60b0682de1c4fc20552a9918d7c7c5837aee993b21a77b8e,8161a2d2faae76b30c5f9b6378abad9eacb880c0a618bf84a1e613bc9ad0e0fc,"{""TimeoutError:Patch feature/ranking CPU deadline reached"": 1, ""TimeoutError:feature_cpu_fraction"": 11, ""complete"": 5787}",f34af6971f6d152e007d28f686fedd88293f7c92365363b640741ec96a378ed6,03c14a7cfa6ef87ceef769f5caed9feeb8961dd59a34e25161acd3f0ffa23a59,4d55e8df7e11942e4465f800769ad157ad868ebb79f5a0d4511764297e37dee6
CP-AP-r001,r001,gW1200_gE1200_s0150,J,10.0,2,witness_fixed,development__CP-AP-r001__J__witness_fixed__t10__s2,development_round2__r2__CP-AP-r001__J__witness_fixed__t10__s2,cbb0370525ee6aed5a53ebe14a24ad8922b04806185fa45d6fab1e65797063f8,d985d853a028a4034931bb7a24de0904fd7d05e7e21e894535dfe85d02a3034e,638145072209,663187162488,665113914329,1926751841,663187.162488,665113.914329,1926.751841,win,25042090279,26968842120,1926751841,2502.4906856637153,2693.79022986917,191.29954420545482,10.006866528,10.011485609000001,0.004619081000001302,7.5290203120002275,6.241064657999659,-1.2879556540005686,0.849761104999893,1.119892718000353,0.27013161300046007,9.758775846999985,9.689612980999977,-0.0691628660000081,1388,2464,1076,0,0,0,100509,115600,15091,563,679,116,173,202,29,3798,7603,3805,0,0,0,0,0,0,0.006866527999999761,0.011485609000001062,0.004619081000001302,"{""TimeoutError:Patch feature/ranking CPU deadline reached"": 4, ""TimeoutError:feature_cpu_fraction"": 362, ""complete"": 1022}",,5f02aeff896b937b60b0682de1c4fc20552a9918d7c7c5837aee993b21a77b8e,7ec990d943407fa62c21ffdaf78625c7051e070c31f57e9b2cc477b56b404c51,"{""TimeoutError:feature_cpu_fraction"": 144, ""complete"": 2320}",f34af6971f6d152e007d28f686fedd88293f7c92365363b640741ec96a378ed6,03c14a7cfa6ef87ceef769f5caed9feeb8961dd59a34e25161acd3f0ffa23a59,19bdb434e0fb0088bff78ba6b2e72f4399bae5b38cff787faaf304d5a6f481e9
CP-AU-r000,r000,gW0340_gE0340_s0150,A,10.0,2,chils,development__CP-AU-r000__A__chils__t10__s2,development_round2__r2__CP-AU-r000__A__chils__t10__s2,5ae4eba4aa84d82660523a854d277ffb9e2f9870dba85254d2978023468b3396,e720a52e980bc01a524939312ed2c41e2370e37172a8e40b52c63d1585d49068,778435283627,789324744892,789324744892,0,789324.744892,789324.744892,0.000000,tie,10889461265,10889461265,0,1087.4078973393948,1087.28864900506,-0.11924833433475095,10.014145834,10.015244135,0.001098300999998969,0.0,0.0,0.0,0.0,0.0,0.0,0.0,0.0,0.0,0,0,0,,,,0,0,0,0,0,0,0,0,0,0,0,0,0,0,0,0,0,0,0.01414583400000069,0.015244134999999659,0.001098300999998969,{},,,0d9b04f309a9f921c9d95cbb91893750435e44a99235d1968291104681881f65,{},,,4c632115abfd9fb4bcf959d7ce5b4e463571c6be4c33f9e89dd5bace5f842c5d
CP-AU-r000,r000,gW0340_gE0340_s0150,A,10.0,2,chils_ils,development__CP-AU-r000__A__chils_ils__t10__s2,development_round2__r2__CP-AU-r000__A__chils_ils__t10__s2,5ae4eba4aa84d82660523a854d277ffb9e2f9870dba85254d2978023468b3396,e720a52e980bc01a524939312ed2c41e2370e37172a8e40b52c63d1585d49068,778435283627,794023285598,794023285598,0,794023.285598,794023.285598,0.000000,tie,15588001971,15588001971,0,1556.5548923509396,1555.6997939760417,-0.8550983748977073,10.014424835,10.019929314999999,0.005504479999999035,0.0,0.0,0.0,0.0,0.0,0.0,0.0,0.0,0.0,0,0,0,,,,0,0,0,0,0,0,0,0,0,0,0,0,0,0,0,0,0,0,0.014424834999999803,0.019929314999998837,0.005504479999999035,{},,,eedb674a5ca8d0a4a00d3f3718f21c3d3aa0b4d6866385a1e262a45cdc033ed9,{},,,f9958a84b463693fe0e4745837d6995647127244143943b5719cfc456e347057
CP-AU-r000,r000,gW0340_gE0340_s0150,A,10.0,2,cp_sat,development__CP-AU-r000__A__cp_sat__t10__s2,development_round2__r2__CP-AU-r000__A__cp_sat__t10__s2,5ae4eba4aa84d82660523a854d277ffb9e2f9870dba85254d2978023468b3396,e720a52e980bc01a524939312ed2c41e2370e37172a8e40b52c63d1585d49068,778435283627,791887242415,791887242415,0,791887.242415,791887.242415,0.000000,tie,13451958788,13451958788,0,1341.1365351844636,1341.2240132812603,0.08747809679677286,10.030267937000001,10.029613737,-0.0006542000000013815,0.0,0.0,0.0,0.0,0.0,0.0,0.0,0.0,0.0,0,0,0,,,,0,0,0,0,0,0,0,0,0,0,0,0,0,0,0,0,0,0,0.03026793700000141,0.02961373700000003,-0.0006542000000013815,{},,,3576b20cbac44f80611e5f19c520ee6af72810ae61717b209c32153fbd39a328,{},,,9bdc7ade08dc828828e9609e28bb36433f7f32a980ec9e9b387b53ad52ce5e8f
CP-AU-r000,r000,gW0340_gE0340_s0150,A,10.0,2,degree,development__CP-AU-r000__A__degree__t10__s2,development_round2__r2__CP-AU-r000__A__degree__t10__s2,5ae4eba4aa84d82660523a854d277ffb9e2f9870dba85254d2978023468b3396,e720a52e980bc01a524939312ed2c41e2370e37172a8e40b52c63d1585d49068,778435283627,790695334714,790644202530,-51132184,790695.334714,790644.202530,-51.132184,loss,12260051087,12208918903,-51132184,1224.5996540460462,1220.0945294867306,-4.505124559315586,10.01147685,10.006535238,-0.004941611999999651,2.2020389249997727,2.637546800000216,0.4355078750004431,2.9499018829999697,3.5875064099996576,0.637604526999688,9.697558027999975,9.642229877999991,-0.05532814999998337,3424,4174,750,0,0,0,0,0,0,1965,2392,427,319,308,-11,20550,25043,4493,0,0,0,0,0,0,0.011476849999999317,0.006535237999999666,-0.004941611999999651,"{""TimeoutError:feature_cpu_fraction"": 1, ""complete"": 3423}",,,145fa871cbdb81ca9a387ec0ad9353b34f9c9b5cab72a01aad2b1409eeb8142b,"{""TimeoutError:Patch feature/ranking CPU deadline reached"": 1, ""TimeoutError:feature_cpu_fraction"": 2, ""complete"": 4171}",,,dd037f42496797be7eaaefa2c0cad6e185e01810149723de3e524656b20b9573
CP-AU-r000,r000,gW0340_gE0340_s0150,A,10.0,2,grammar_online,development__CP-AU-r000__A__grammar_online__t10__s2,development_round2__r2__CP-AU-r000__A__grammar_online__t10__s2,5ae4eba4aa84d82660523a854d277ffb9e2f9870dba85254d2978023468b3396,e720a52e980bc01a524939312ed2c41e2370e37172a8e40b52c63d1585d49068,778435283627,784005001626,787757782004,3752780378,784005.001626,787757.782004,3752.780378,win,5569717999,9322498377,3752780378,556.5710871953795,931.4837279164672,374.9126407210876,10.007199667999998,10.008224618,0.0010249500000014677,6.557546652999549,6.088982821999616,-0.4685638309999334,1.729833047000367,1.6940195890002196,-0.03581345800014746,9.819272256999989,9.710408165999983,-0.10886409100000627,1169,2679,1510,146,86,-60,172227,169854,-2373,725,264,-461,109,196,87,4268,8996,4728,146,86,-60,117,67,-50,0.007199667999998383,0.00822461799999985,0.0010249500000014677,"{""TimeoutError:Patch feature/ranking CPU deadline reached"": 1, ""TimeoutError:feature_cpu_fraction"": 446, ""complete"": 722}",,0a12c79acc209e3ccc33fa5f51f99a64ff0d0b6157c7e15e814f30dcb5594ef7,7a1a0b0c4e1cb828b5fc8f17c80936bf378311f43c43c3b8c7d13f265d63469a,"{""TimeoutError:Patch feature/ranking CPU deadline reached"": 1, ""TimeoutError:feature_cpu_fraction"": 19, ""complete"": 2659}",f34af6971f6d152e007d28f686fedd88293f7c92365363b640741ec96a378ed6,0a12c79acc209e3ccc33fa5f51f99a64ff0d0b6157c7e15e814f30dcb5594ef7,248e32e42cccb6d8f5903d433e4b5030c26a6da8df1ac709ce8ef40bc2f701b3
CP-AU-r000,r000,gW0340_gE0340_s0150,A,10.0,2,llm_feedback,development__CP-AU-r000__A__llm_feedback__t10__s2,development_round2__r2__CP-AU-r000__A__llm_feedback__t10__s2,5ae4eba4aa84d82660523a854d277ffb9e2f9870dba85254d2978023468b3396,e720a52e980bc01a524939312ed2c41e2370e37172a8e40b52c63d1585d49068,778435283627,781737618895,781140062701,-597556194,781737.618895,781140.062701,-597.556194,loss,3302335268,2704779074,-597556194,327.67616642830353,270.25673931107286,-57.41942711723066,10.078045358,10.008183629,-0.0698617290000012,1.4221586499999046,6.6798585369998875,5.257699886999983,0.3091839910000379,0.6019457690002818,0.29276177800024394,9.648395873999993,9.631792392999959,-0.016603481000034392,4736,3389,-1347,591,109,-482,2868,50382,47514,145,161,16,37,24,-13,4912,3391,-1521,591,109,-482,85,89,4,0.07804535800000068,0.00818362899999947,-0.0698617290000012,"{""TimeoutError:Patch feature/ranking CPU deadline reached"": 1, ""TimeoutError:feature_cpu_fraction"": 20, ""complete"": 4715}",,7b1b95a69b3173221f79eb3dec2bb82e902204da6561c01748211b0349176005,b4298c37b01b55dbc9872bb5ac4dcdae18ffb06019589c0d0238a30a74ce5ef3,"{""TimeoutError:Patch feature/ranking CPU deadline reached"": 1, ""TimeoutError:feature_cpu_fraction"": 102, ""complete"": 3286}",f34af6971f6d152e007d28f686fedd88293f7c92365363b640741ec96a378ed6,886e2905dd1b64655fc387f30ab79e81b1fd9aeaadc9bc9460085d511465502b,f68739104a4a24ce1d69d3d15f9c4b262a257bd4b6e430c1dee22e53bf7d9f50
CP-AU-r000,r000,gW0340_gE0340_s0150,A,10.0,2,llm_witness,development__CP-AU-r000__A__llm_witness__t10__s2,development_round2__r2__CP-AU-r000__A__llm_witness__t10__s2,5ae4eba4aa84d82660523a854d277ffb9e2f9870dba85254d2978023468b3396,e720a52e980bc01a524939312ed2c41e2370e37172a8e40b52c63d1585d49068,778435283627,787824490578,784474207150,-3350283428,787824.490578,784474.207150,-3350.283428,loss,9389206951,6038923523,-3350283428,938.2071924705963,603.3958885413174,-334.8113039292789,10.007604958,10.008227828,0.0006228700000008303,2.351032955999777,6.59825320399994,4.247220248000163,0.8187403380003291,1.1451195929999347,0.32637925499960563,9.644682652999983,9.687139290999996,0.042456638000013314,4034,2239,-1795,504,72,-432,15838,105161,89323,378,325,-53,201,96,-105,9057,4494,-4563,504,72,-432,265,40,-225,0.0076049579999999395,0.00822782800000077,0.0006228700000008303,"{""TimeoutError:Patch feature/ranking CPU deadline reached"": 1, ""TimeoutError:feature_cpu_fraction"": 62, ""complete"": 3971}",,5f02aeff896b937b60b0682de1c4fc20552a9918d7c7c5837aee993b21a77b8e,e93ef9d191d877d29f8fc2c76ac026ff16962c686528c15935e74516e460e429,"{""TimeoutError:Patch feature/ranking CPU deadline reached"": 1, ""TimeoutError:feature_cpu_fraction"": 188, ""complete"": 2050}",f34af6971f6d152e007d28f686fedd88293f7c92365363b640741ec96a378ed6,03c14a7cfa6ef87ceef769f5caed9feeb8961dd59a34e25161acd3f0ffa23a59,641252df161e08926d88cf77a317dfbe3c63ef72bb736b2381ca33f0cfdceacf
CP-AU-r000,r000,gW0340_gE0340_s0150,A,10.0,2,witness_base9,development__CP-AU-r000__A__witness_base9__t10__s2,development_round2__r2__CP-AU-r000__A__witness_base9__t10__s2,5ae4eba4aa84d82660523a854d277ffb9e2f9870dba85254d2978023468b3396,e720a52e980bc01a524939312ed2c41e2370e37172a8e40b52c63d1585d49068,778435283627,788141588837,785569890933,-2571697904,788141.588837,785569.890933,-2571.697904,loss,9706305210,7134607306,-2571697904,968.9648895403848,712.6395646525895,-256.3253248877953,10.017189802,10.011522879000001,-0.005666922999999713,2.0992016400000226,4.197669082000185,2.098467442000162,2.314700119000187,1.7440459309996872,-0.5706541880004996,9.705441614000007,9.57654310300001,-0.12889851099999738,3392,4992,1600,423,160,-263,0,0,0,658,128,-530,254,118,-136,13427,9478,-3949,423,160,-263,0,0,0,0.017189802000000753,0.01152287900000104,-0.005666922999999713,"{""TimeoutError:feature_cpu_fraction"": 1, ""complete"": 3391}",,5f02aeff896b937b60b0682de1c4fc20552a9918d7c7c5837aee993b21a77b8e,6e64ccace8ec37a44f3e0bb149ddeeec698bf1fe49360797dbb457d5bad53caf,"{""TimeoutError:feature_cpu_fraction"": 5, ""complete"": 4987}",f34af6971f6d152e007d28f686fedd88293f7c92365363b640741ec96a378ed6,03c14a7cfa6ef87ceef769f5caed9feeb8961dd59a34e25161acd3f0ffa23a59,9f2be247230a951f2d9dfd149cc7f5fc421bac34cb047804badbd3126d670eff
CP-AU-r000,r000,gW0340_gE0340_s0150,A,10.0,2,witness_fixed,development__CP-AU-r000__A__witness_fixed__t10__s2,development_round2__r2__CP-AU-r000__A__witness_fixed__t10__s2,5ae4eba4aa84d82660523a854d277ffb9e2f9870dba85254d2978023468b3396,e720a52e980bc01a524939312ed2c41e2370e37172a8e40b52c63d1585d49068,778435283627,781033948691,782019590407,985641716,781033.948691,782019.590407,985.641716,win,2598665064,3584306780,985641716,259.677661611405,358.1816265425237,98.50396493111874,10.007272277,10.006953217,-0.0003190600000007038,8.412288009000026,7.4361550169999004,-0.9761329920001254,0.6580009179999123,1.106754540000209,0.44875362200029667,9.826314786000003,9.775750813000007,-0.0505639729999956,780,1475,695,0,0,0,70094,98030,27936,395,782,387,40,48,8,1198,2694,1496,0,0,0,0,0,0,0.007272277000000216,0.006953216999999512,-0.0003190600000007038,"{""TimeoutError:Patch feature/ranking CPU deadline reached"": 16, ""TimeoutError:feature_cpu_fraction"": 342, ""complete"": 422}",,5f02aeff896b937b60b0682de1c4fc20552a9918d7c7c5837aee993b21a77b8e,06365d4f7806d8946da4c7a4f2e1cc5f785ef330e0e36156841a816438782001,"{""TimeoutError:Patch feature/ranking CPU deadline reached"": 1, ""TimeoutError:feature_cpu_fraction"": 629, ""complete"": 845}",f34af6971f6d152e007d28f686fedd88293f7c92365363b640741ec96a378ed6,03c14a7cfa6ef87ceef769f5caed9feeb8961dd59a34e25161acd3f0ffa23a59,0d164348abc0d8db040ea98a97528d7fc0242d9871af3fe7698206efdf61bd47
CP-AU-r000,r000,gW0340_gE1200_s0150,E,10.0,2,chils,development__CP-AU-r000__E__chils__t10__s2,development_round2__r2__CP-AU-r000__E__chils__t10__s2,b90888b90287f612b324dd536a318d01f356dea2120a6fc71f9b9f44c2790f90,f885f67a284a096c6a84fb47901650c16cfb372d7f59e390a1565c7d73fe2b62,729702512775,748214476761,748214476761,0,748214.476761,748214.476761,0.000000,tie,18511963986,18511963986,0,1848.2343487390995,1848.3225357838944,0.08818704479497429,10.016026376,10.015548492,-0.0004778839999985962,0.0,0.0,0.0,0.0,0.0,0.0,0.0,0.0,0.0,0,0,0,,,,0,0,0,0,0,0,0,0,0,0,0,0,0,0,0,0,0,0,0.01602637599999923,0.015548492000000635,-0.0004778839999985962,{},,,0c18a3d5d3ca22f5a1ee2d78d4592a2c775f80057fc17e49e9cf309b9958fc60,{},,,d310c40acde0a5b5f7b573a1436895e927a1ca6563667239bab5ddeb875933bd
CP-AU-r000,r000,gW0340_gE1200_s0150,E,10.0,2,chils_ils,development__CP-AU-r000__E__chils_ils__t10__s2,development_round2__r2__CP-AU-r000__E__chils_ils__t10__s2,b90888b90287f612b324dd536a318d01f356dea2120a6fc71f9b9f44c2790f90,f885f67a284a096c6a84fb47901650c16cfb372d7f59e390a1565c7d73fe2b62,729702512775,758444909837,758444909837,0,758444.909837,758444.909837,0.000000,tie,28742397062,28742397062,0,2869.812513875438,2869.95354423185,0.14103035641175501,10.015426765,10.014934604,-0.0004921610000003795,0.0,0.0,0.0,0.0,0.0,0.0,0.0,0.0,0.0,0,0,0,,,,0,0,0,0,0,0,0,0,0,0,0,0,0,0,0,0,0,0,0.015426765000000842,0.014934604000000462,-0.0004921610000003795,{},,,afe85bd5eace7a8c3c4081430a566d977fdac1c460ead5ca9143a19425199fde,{},,,cfb462df02847ca3bfcba714e9df6b6ecd3f2b04c7d92bfaa5a8b0467a2ec9ad
CP-AU-r000,r000,gW0340_gE1200_s0150,E,10.0,2,cp_sat,development__CP-AU-r000__E__cp_sat__t10__s2,development_round2__r2__CP-AU-r000__E__cp_sat__t10__s2,b90888b90287f612b324dd536a318d01f356dea2120a6fc71f9b9f44c2790f90,f885f67a284a096c6a84fb47901650c16cfb372d7f59e390a1565c7d73fe2b62,729702512775,729702512775,729702512775,0,729702.512775,729702.512775,0.000000,tie,0,0,0,0.0,0.0,0.0,10.018819163,10.019020823000002,0.00020166000000187978,0.0,0.0,0.0,0.0,0.0,0.0,0.0,0.0,0.0,0,0,0,,,,0,0,0,0,0,0,0,0,0,0,0,0,0,0,0,0,0,0,0.01881916299999986,0.01902082300000174,0.00020166000000187978,{},,,37a4b45e95ed84834013092cc7268b7f31d54c62b9f2d78549f60fa467526ac3,{},,,561b2fc803a55727cb7f1eca4e2f43d49fa29dbc7d743938c1def37adcdc4b93
CP-AU-r000,r000,gW0340_gE1200_s0150,E,10.0,2,degree,development__CP-AU-r000__E__degree__t10__s2,development_round2__r2__CP-AU-r000__E__degree__t10__s2,b90888b90287f612b324dd536a318d01f356dea2120a6fc71f9b9f44c2790f90,f885f67a284a096c6a84fb47901650c16cfb372d7f59e390a1565c7d73fe2b62,729702512775,750843251362,751838621488,995370126,750843.251362,751838.621488,995.370126,win,21140738587,22136108713,995370126,2112.476480457127,2212.2676516259103,99.79117116878331,10.007561638,10.006071687,-0.0014899509999999339,2.006867601999612,2.5204820789994438,0.5136144769998316,2.4593670640002396,3.0666167970005462,0.6072497330003066,9.644593926999974,9.552246197999997,-0.09234772899997701,4349,5440,1091,0,0,0,0,0,0,2095,2724,629,382,362,-20,26141,32685,6544,0,0,0,0,0,0,0.007561638000000315,0.006071687000000381,-0.0014899509999999339,"{""TimeoutError:Patch feature/ranking CPU deadline reached"": 1, ""TimeoutError:feature_cpu_fraction"": 2, ""complete"": 4346}",,,b8145436c9bb13cd45330d92ffbdd3dc243a788f88262a6fe0d62a2feb0d925d,"{""TimeoutError:Patch feature/ranking CPU deadline reached"": 1, ""TimeoutError:feature_cpu_fraction"": 2, ""complete"": 5437}",,,b86d01b8c32c0e3722ac538ed9b082f8f9dd95a6fd990066dd85a508786e3939
CP-AU-r000,r000,gW0340_gE1200_s0150,E,10.0,2,grammar_online,development__CP-AU-r000__E__grammar_online__t10__s2,development_round2__r2__CP-AU-r000__E__grammar_online__t10__s2,b90888b90287f612b324dd536a318d01f356dea2120a6fc71f9b9f44c2790f90,f885f67a284a096c6a84fb47901650c16cfb372d7f59e390a1565c7d73fe2b62,729702512775,746742896462,745863706658,-879189804,746742.896462,745863.706658,-879.189804,loss,17040383687,16161193883,-879189804,1702.5897222779076,1614.7110118430367,-87.87871043487114,10.008508487999999,10.008722158,0.0002136700000008318,5.081059341999791,5.331623122999894,0.25056378100010335,0.9614572460001934,1.2219686889999593,0.2605114429997658,9.732889066000059,9.605859010999987,-0.12703005500007158,2532,4256,1724,316,137,-179,110952,125771,14819,417,170,-247,282,251,-31,7893,9899,2006,316,137,-179,233,113,-120,0.008508487999998593,0.008722157999999425,0.0002136700000008318,"{""TimeoutError:Patch feature/ranking CPU deadline reached"": 1, ""TimeoutError:feature_cpu_fraction"": 76, ""complete"": 2455}",,0a12c79acc209e3ccc33fa5f51f99a64ff0d0b6157c7e15e814f30dcb5594ef7,8e0145d3531ceea12d34384a98e6edb7c553fba4c676f1a606ded0649890ee71,"{""TimeoutError:feature_cpu_fraction"": 25, ""complete"": 4231}",f34af6971f6d152e007d28f686fedd88293f7c92365363b640741ec96a378ed6,0a12c79acc209e3ccc33fa5f51f99a64ff0d0b6157c7e15e814f30dcb5594ef7,4affc61eacd08fc153412116ce8534c4d71354c0dd9b4fe28fff70a06722b083
CP-AU-r000,r000,gW0340_gE1200_s0150,E,10.0,2,llm_feedback,development__CP-AU-r000__E__llm_feedback__t10__s2,development_round2__r2__CP-AU-r000__E__llm_feedback__t10__s2,b90888b90287f612b324dd536a318d01f356dea2120a6fc71f9b9f44c2790f90,f885f67a284a096c6a84fb47901650c16cfb372d7f59e390a1565c7d73fe2b62,729702512775,747233705742,744164004214,-3069701528,747233.705742,744164.004214,-3069.701528,loss,17531192967,14461491439,-3069701528,1748.845917374943,1444.8622817877988,-303.98363558714397,10.024435425,10.008906469,-0.015528956000000704,2.817678440999728,7.01814854999982,4.200470109000092,0.8653907350003689,0.6293049150002065,-0.23608582000016243,9.66835983299995,9.700400653000035,0.032040820000084125,3680,2480,-1200,459,79,-380,22646,79622,56976,556,226,-330,246,200,-46,10243,5515,-4728,459,79,-380,220,46,-174,0.024435425000000066,0.008906468999999362,-0.015528956000000704,"{""TimeoutError:feature_cpu_fraction"": 103, ""complete"": 3577}",,7b1b95a69b3173221f79eb3dec2bb82e902204da6561c01748211b0349176005,c0650e314ad786305c808932a00820cf76ff848e0113aa30463c9846d23ccb42,"{""TimeoutError:Patch feature/ranking CPU deadline reached"": 1, ""TimeoutError:feature_cpu_fraction"": 53, ""complete"": 2426}",f34af6971f6d152e007d28f686fedd88293f7c92365363b640741ec96a378ed6,886e2905dd1b64655fc387f30ab79e81b1fd9aeaadc9bc9460085d511465502b,cdaf6db56a00d69abdd40850d48c894727d9ef9a6d21e34eab02521256c9ad79
CP-AU-r000,r000,gW0340_gE1200_s0150,E,10.0,2,llm_witness,development__CP-AU-r000__E__llm_witness__t10__s2,development_round2__r2__CP-AU-r000__E__llm_witness__t10__s2,b90888b90287f612b324dd536a318d01f356dea2120a6fc71f9b9f44c2790f90,f885f67a284a096c6a84fb47901650c16cfb372d7f59e390a1565c7d73fe2b62,729702512775,743041670413,742097055555,-944614858,743041.670413,742097.055555,-944.614858,loss,13339157638,12394542780,-944614858,1327.1994832904836,1238.5287207805516,-88.67076250993213,10.050604906,10.007473038,-0.043131867999999685,3.413948575999834,5.854239137000112,2.4402905610002783,0.4413067250001434,0.544924803999979,0.1036180789998356,9.699909982000023,9.573765746000008,-0.12614423600001423,3552,4614,1062,443,148,-295,24252,52920,28668,583,127,-456,192,151,-41,5236,5114,-122,443,148,-295,366,102,-264,0.05060490600000023,0.0074730380000005425,-0.043131867999999685,"{""TimeoutError:feature_cpu_fraction"": 184, ""complete"": 3368}",,5f02aeff896b937b60b0682de1c4fc20552a9918d7c7c5837aee993b21a77b8e,f7c29bebe2b3ffe9b850484c73c0d6aa5d72b5e0ba5404e6cf2d4c434bc6eb81,"{""TimeoutError:Patch feature/ranking CPU deadline reached"": 1, ""TimeoutError:feature_cpu_fraction"": 35, ""complete"": 4578}",f34af6971f6d152e007d28f686fedd88293f7c92365363b640741ec96a378ed6,03c14a7cfa6ef87ceef769f5caed9feeb8961dd59a34e25161acd3f0ffa23a59,2df6b805627b0db23eed2cb1bfb639d4e75879a4ad5fb5fe539191aef9d572f3
CP-AU-r000,r000,gW0340_gE1200_s0150,E,10.0,2,witness_base9,development__CP-AU-r000__E__witness_base9__t10__s2,development_round2__r2__CP-AU-r000__E__witness_base9__t10__s2,b90888b90287f612b324dd536a318d01f356dea2120a6fc71f9b9f44c2790f90,f885f67a284a096c6a84fb47901650c16cfb372d7f59e390a1565c7d73fe2b62,729702512775,744576869145,745447902476,871033331,744576.869145,745447.902476,871.033331,win,14874356370,15745389701,871033331,1486.2288462262293,1573.4890018164915,87.26015559026229,10.008119818,10.006672867,-0.0014469510000001407,0.9224459559998887,3.8476272680004477,2.925181312000559,0.37010537200000654,1.7798323879997195,1.409727015999713,9.653908973000007,9.623218903,-0.030690070000007452,4186,4295,109,523,138,-385,0,0,0,128,428,300,233,275,42,8540,12184,3644,523,138,-385,0,0,0,0.008119818000000834,0.006672867000000693,-0.0014469510000001407,"{""TimeoutError:feature_cpu_fraction"": 3, ""complete"": 4183}",,5f02aeff896b937b60b0682de1c4fc20552a9918d7c7c5837aee993b21a77b8e,cf90e8ddba793ce169713788564e240fc6fc7f32512dea7e361ae0b00a004cbb,"{""TimeoutError:Patch feature/ranking CPU deadline reached"": 1, ""TimeoutError:feature_cpu_fraction"": 10, ""complete"": 4284}",f34af6971f6d152e007d28f686fedd88293f7c92365363b640741ec96a378ed6,03c14a7cfa6ef87ceef769f5caed9feeb8961dd59a34e25161acd3f0ffa23a59,36ace2e73c71c605ffc88b3534ce233f91a38e5b8ac7f6559b5680939253d92f
CP-AU-r000,r000,gW0340_gE1200_s0150,E,10.0,2,witness_fixed,development__CP-AU-r000__E__witness_fixed__t10__s2,development_round2__r2__CP-AU-r000__E__witness_fixed__t10__s2,b90888b90287f612b324dd536a318d01f356dea2120a6fc71f9b9f44c2790f90,f885f67a284a096c6a84fb47901650c16cfb372d7f59e390a1565c7d73fe2b62,729702512775,742372991094,744159581860,1786590766,742372.991094,744159.581860,1786.590766,win,12670478319,14457069085,1786590766,1266.209725530115,1444.6633591008128,178.45363357069783,10.006619017,10.007223478,0.0006044610000000006,7.891691361000248,6.817775956000248,-1.0739154050000002,0.8245629909997161,1.2040248459996177,0.3794618549999016,9.786585767000021,9.725375795000005,-0.06120997200001632,1176,2039,863,0,0,0,94251,118176,23925,537,808,271,149,172,23,2793,5667,2874,0,0,0,0,0,0,0.006619017000000227,0.0072234780000002274,0.0006044610000000006,"{""TimeoutError:Patch feature/ranking CPU deadline reached"": 4, ""TimeoutError:feature_cpu_fraction"": 370, ""complete"": 802}",,5f02aeff896b937b60b0682de1c4fc20552a9918d7c7c5837aee993b21a77b8e,98ed0ffe70cb68d43995ab31ed7f1e885c4b407198ae2863a4454a96e64fab04,"{""TimeoutError:Patch feature/ranking CPU deadline reached"": 1, ""TimeoutError:feature_cpu_fraction"": 312, ""complete"": 1726}",f34af6971f6d152e007d28f686fedd88293f7c92365363b640741ec96a378ed6,03c14a7cfa6ef87ceef769f5caed9feeb8961dd59a34e25161acd3f0ffa23a59,ab3f0d2662458f6c43cdc4051496fd43aaa4a08adc20697f7b5b0d5d4ef8e3e1
CP-AU-r000,r000,gW1200_gE0340_s0150,W,10.0,2,chils,development__CP-AU-r000__W__chils__t10__s2,development_round2__r2__CP-AU-r000__W__chils__t10__s2,a8e8ca205a57b96db614172801e99291b16a073ac97f719f1bfa9c2b16970b2e,79f318876c17c09595fdefba51b25b65b42ae73094211f9143c34a45c8e8d16d,728434428142,748871635178,748871635178,0,748871.635178,748871.635178,0.000000,tie,20437207036,20437207036,0,2040.3097759460215,2040.398788687543,0.08901274152156059,10.016717695,10.016280714,-0.00043698100000000295,0.0,0.0,0.0,0.0,0.0,0.0,0.0,0.0,0.0,0,0,0,,,,0,0,0,0,0,0,0,0,0,0,0,0,0,0,0,0,0,0,0.016717695000000532,0.01628071400000053,-0.00043698100000000295,{},,,05beb014432fe51405d50eebce8862a966aa77c59d729ceee3383e950272b4ae,{},,,832be017fc18e8e4c13ef5a8e613931fa71eb1c41c0ebabc75fa25d50c990f2f
CP-AU-r000,r000,gW1200_gE0340_s0150,W,10.0,2,chils_ils,development__CP-AU-r000__W__chils_ils__t10__s2,development_round2__r2__CP-AU-r000__W__chils_ils__t10__s2,a8e8ca205a57b96db614172801e99291b16a073ac97f719f1bfa9c2b16970b2e,79f318876c17c09595fdefba51b25b65b42ae73094211f9143c34a45c8e8d16d,728434428142,758964629246,758964629246,0,758964.629246,758964.629246,0.000000,tie,30530201104,30530201104,0,3048.619764642223,3047.761035981974,-0.858728660248752,10.014433895,10.017255533999998,0.0028216389999986546,0.0,0.0,0.0,0.0,0.0,0.0,0.0,0.0,0.0,0,0,0,,,,0,0,0,0,0,0,0,0,0,0,0,0,0,0,0,0,0,0,0.014433894999999808,0.017255533999998462,0.0028216389999986546,{},,,931e7e87c11abf177c26abb30f9f0e1ec9a435313f9ce64b15d72ad92b2a06e2,{},,,2f6e26f542500d5f745032e857ffbc2f145cee7cad7b669ff28ab3c97d721349
CP-AU-r000,r000,gW1200_gE0340_s0150,W,10.0,2,cp_sat,development__CP-AU-r000__W__cp_sat__t10__s2,development_round2__r2__CP-AU-r000__W__cp_sat__t10__s2,a8e8ca205a57b96db614172801e99291b16a073ac97f719f1bfa9c2b16970b2e,79f318876c17c09595fdefba51b25b65b42ae73094211f9143c34a45c8e8d16d,728434428142,728434428142,728434428142,0,728434.428142,728434.428142,0.000000,tie,0,0,0,0.0,0.0,0.0,10.018582262,10.022908145,0.004325882999999919,0.0,0.0,0.0,0.0,0.0,0.0,0.0,0.0,0.0,0,0,0,,,,0,0,0,0,0,0,0,0,0,0,0,0,0,0,0,0,0,0,0.018582262000000682,0.0229081450000006,0.004325882999999919,{},,,619ebeac16457d96a8ed4766537f77375517ab855b1938cc4071e3f46a46f81e,{},,,6a88216393efb95bf344442b44585b0ab00c5cb15dccf835c13f376aa99a663c
CP-AU-r000,r000,gW1200_gE0340_s0150,W,10.0,2,degree,development__CP-AU-r000__W__degree__t10__s2,development_round2__r2__CP-AU-r000__W__degree__t10__s2,a8e8ca205a57b96db614172801e99291b16a073ac97f719f1bfa9c2b16970b2e,79f318876c17c09595fdefba51b25b65b42ae73094211f9143c34a45c8e8d16d,728434428142,752157204406,752788748914,631544508,752157.204406,752788.748914,631.544508,win,23722776264,24354320772,631544508,2370.763638485583,2433.7725344371997,63.00889595161682,10.006386077,10.006818808,0.00043273100000007503,2.1538152360005,2.566598498000218,0.41278326199971804,2.573605224999213,3.0859216109996597,0.5123163860004465,9.630858207000001,9.553142865000012,-0.07771534199998875,4646,5580,934,0,0,0,0,0,0,2293,2735,442,393,427,34,27920,33509,5589,0,0,0,0,0,0,0.0063860770000001565,0.006818808000000232,0.00043273100000007503,"{""TimeoutError:Patch feature/ranking CPU deadline reached"": 1, ""TimeoutError:feature_cpu_fraction"": 2, ""complete"": 4643}",,,d42b2be748a0079bf0298c80ec0321d57413be611c6d45e2ed03100adf610d4a,"{""TimeoutError:Patch feature/ranking CPU deadline reached"": 1, ""TimeoutError:feature_cpu_fraction"": 2, ""complete"": 5577}",,,c8c42711531ba7218d1d145e544eee127dd209edef29d056407832a93b622b1d
CP-AU-r000,r000,gW1200_gE0340_s0150,W,10.0,2,grammar_online,development__CP-AU-r000__W__grammar_online__t10__s2,development_round2__r2__CP-AU-r000__W__grammar_online__t10__s2,a8e8ca205a57b96db614172801e99291b16a073ac97f719f1bfa9c2b16970b2e,79f318876c17c09595fdefba51b25b65b42ae73094211f9143c34a45c8e8d16d,728434428142,748424170920,745045216601,-3378954319,748424.170920,745045.216601,-3378.954319,loss,19989742778,16610788459,-3378954319,1994.061565152688,1659.4734150621202,-334.58815009056786,10.024636715,10.009674339,-0.014962375999999722,1.5641314980002536,4.6139343829997195,3.049802884999466,0.7343233189995525,0.7338059960003138,-0.0005173229992386785,9.66503364500003,9.488440001999944,-0.17659364300008562,4224,6326,2102,527,204,-323,8121,67423,59302,391,107,-284,299,177,-122,12910,7751,-5159,527,204,-323,160,172,12,0.024636714999999754,0.009674339000000032,-0.014962375999999722,"{""TimeoutError:feature_cpu_fraction"": 6, ""complete"": 4218}",,0a12c79acc209e3ccc33fa5f51f99a64ff0d0b6157c7e15e814f30dcb5594ef7,3f7aa26ca8cc90a5cca9a1979fb795c019a041f1e39bf4e64247ef56638d8492,"{""TimeoutError:Patch feature/ranking CPU deadline reached"": 1, ""TimeoutError:feature_cpu_fraction"": 29, ""complete"": 6296}",f34af6971f6d152e007d28f686fedd88293f7c92365363b640741ec96a378ed6,0a12c79acc209e3ccc33fa5f51f99a64ff0d0b6157c7e15e814f30dcb5594ef7,60f473afa41ae4a04716b7d1c7c90165444bfd893a96790e3817f69c13317acb
CP-AU-r000,r000,gW1200_gE0340_s0150,W,10.0,2,llm_feedback,development__CP-AU-r000__W__llm_feedback__t10__s2,development_round2__r2__CP-AU-r000__W__llm_feedback__t10__s2,a8e8ca205a57b96db614172801e99291b16a073ac97f719f1bfa9c2b16970b2e,79f318876c17c09595fdefba51b25b65b42ae73094211f9143c34a45c8e8d16d,728434428142,745446630874,742347148471,-3099482403,745446.630874,742347.148471,-3099.482403,loss,17012202732,13912720329,-3099482403,1694.750093577243,1390.066250790223,-304.68384278701996,10.03817778,10.008674277999999,-0.029503502000000736,2.731908709000023,6.303578503000047,3.571669794000024,0.8304286920001707,0.41055679600004197,-0.4198718960001287,9.679564743000041,9.58134030099996,-0.09822444200008107,3840,4387,547,479,141,-338,43323,39148,-4175,442,55,-387,222,143,-79,5848,4617,-1231,479,141,-338,320,116,-204,0.03817777999999983,0.008674277999999092,-0.029503502000000736,"{""TimeoutError:feature_cpu_fraction"": 130, ""complete"": 3710}",,7b1b95a69b3173221f79eb3dec2bb82e902204da6561c01748211b0349176005,59498fbe038311f1bc342a6a2908465e09bba2a32693280d76fb3a4532b2fe0e,"{""TimeoutError:Patch feature/ranking CPU deadline reached"": 1, ""TimeoutError:feature_cpu_fraction"": 33, ""complete"": 4353}",f34af6971f6d152e007d28f686fedd88293f7c92365363b640741ec96a378ed6,886e2905dd1b64655fc387f30ab79e81b1fd9aeaadc9bc9460085d511465502b,5a73e432abac5e4290d2b5d4987c23def1835bc20919b331c13b33eb0c32c2b4
CP-AU-r000,r000,gW1200_gE0340_s0150,W,10.0,2,llm_witness,development__CP-AU-r000__W__llm_witness__t10__s2,development_round2__r2__CP-AU-r000__W__llm_witness__t10__s2,a8e8ca205a57b96db614172801e99291b16a073ac97f719f1bfa9c2b16970b2e,79f318876c17c09595fdefba51b25b65b42ae73094211f9143c34a45c8e8d16d,728434428142,747943427201,743051104061,-4892323140,747943.427201,743051.104061,-4892.323140,loss,19508999059,14616675919,-4892323140,1943.258926104837,1460.4625441004796,-482.7963820043574,10.039320441000001,10.008251138,-0.03106930300000066,2.2814945740000283,5.980803265999972,3.699308691999944,1.2517404769999874,0.5266306630000437,-0.7251098139999437,9.691403231000004,9.560467058000006,-0.1309361729999985,3680,4806,1126,459,154,-305,11003,48207,37204,676,84,-592,324,139,-185,9656,5468,-4188,459,154,-305,190,101,-89,0.03932044100000098,0.008251138000000324,-0.03106930300000066,"{""TimeoutError:feature_cpu_fraction"": 76, ""complete"": 3604}",,5f02aeff896b937b60b0682de1c4fc20552a9918d7c7c5837aee993b21a77b8e,574e7ed9621df72eadf4ebdd5c38566dbe1b7ff12972171e2c0065b012fac870,"{""TimeoutError:Patch feature/ranking CPU deadline reached"": 1, ""TimeoutError:feature_cpu_fraction"": 33, ""complete"": 4772}",f34af6971f6d152e007d28f686fedd88293f7c92365363b640741ec96a378ed6,03c14a7cfa6ef87ceef769f5caed9feeb8961dd59a34e25161acd3f0ffa23a59,ba838af93e638bbb82618b86ec1dc26d3c845ebc1f13ff18a4cd7fd24ae8dfbe
CP-AU-r000,r000,gW1200_gE0340_s0150,W,10.0,2,witness_base9,development__CP-AU-r000__W__witness_base9__t10__s2,development_round2__r2__CP-AU-r000__W__witness_base9__t10__s2,a8e8ca205a57b96db614172801e99291b16a073ac97f719f1bfa9c2b16970b2e,79f318876c17c09595fdefba51b25b65b42ae73094211f9143c34a45c8e8d16d,728434428142,744857081167,743178597792,-1678483375,744857.081167,743178.597792,-1678.483375,loss,16422653025,14744169650,-1678483375,1632.159061564168,1472.0645203695008,-160.09454119466724,10.061919461,10.015980581,-0.04593887999999957,1.32193697399989,4.095227703000177,2.7732907290002866,0.6329798040000334,0.9651235609997386,0.3321437569997052,9.642823926000023,9.537663556000043,-0.10516036999998057,5248,5888,640,655,189,-466,0,0,0,495,64,-431,163,222,59,7436,8822,1386,655,189,-466,0,0,0,0.06191946100000045,0.015980581000000882,-0.04593887999999957,"{""TimeoutError:feature_cpu_fraction"": 10, ""complete"": 5238}",,5f02aeff896b937b60b0682de1c4fc20552a9918d7c7c5837aee993b21a77b8e,a42739f69c60f48b697da601059775cfc2506cd67343caeed0272c22e4759cb9,"{""TimeoutError:feature_cpu_fraction"": 8, ""complete"": 5880}",f34af6971f6d152e007d28f686fedd88293f7c92365363b640741ec96a378ed6,03c14a7cfa6ef87ceef769f5caed9feeb8961dd59a34e25161acd3f0ffa23a59,3b9dee99fe479d91876f54178fbbe99dc4af13d48e294d25664f3c1b43878c43
CP-AU-r000,r000,gW1200_gE0340_s0150,W,10.0,2,witness_fixed,development__CP-AU-r000__W__witness_fixed__t10__s2,development_round2__r2__CP-AU-r000__W__witness_fixed__t10__s2,a8e8ca205a57b96db614172801e99291b16a073ac97f719f1bfa9c2b16970b2e,79f318876c17c09595fdefba51b25b65b42ae73094211f9143c34a45c8e8d16d,728434428142,742331280632,743849734292,1518453660,742331.280632,743849.734292,1518.453660,win,13896852490,15415306150,1518453660,1388.706645757662,1540.5038910317826,151.7972452741204,10.007046868000002,10.006664858,-0.0003820100000009319,7.899743957000553,6.797693595999955,-1.1020503610005985,0.808162373999444,1.2052218839999849,0.39705951000054085,9.78733666600002,9.719540343999997,-0.06779632200002261,1156,2076,920,0,0,0,91445,119314,27869,523,809,286,142,190,48,2767,5785,3018,0,0,0,0,0,0,0.007046868000001538,0.006664858000000606,-0.0003820100000009319,"{""TimeoutError:Patch feature/ranking CPU deadline reached"": 5, ""TimeoutError:feature_cpu_fraction"": 357, ""complete"": 794}",,5f02aeff896b937b60b0682de1c4fc20552a9918d7c7c5837aee993b21a77b8e,b53023c9d1887354bbde4b506729958c156310d52cf6899d13623cecb5049409,"{""TimeoutError:Patch feature/ranking CPU deadline reached"": 1, ""TimeoutError:feature_cpu_fraction"": 311, ""complete"": 1764}",f34af6971f6d152e007d28f686fedd88293f7c92365363b640741ec96a378ed6,03c14a7cfa6ef87ceef769f5caed9feeb8961dd59a34e25161acd3f0ffa23a59,ad2fa60abd23a80004871b6fe02e6a30111486111fa695ccf935548751f2cc0c
CP-AU-r000,r000,gW1200_gE1200_s0150,J,10.0,2,chils,development__CP-AU-r000__J__chils__t10__s2,development_round2__r2__CP-AU-r000__J__chils__t10__s2,c1273c84ccfa5ab9535d370856b5797e74d144a12ed7c051e3d67267d2325ec2,e0adc4b069565eebb700b5903d047e7e8c9c1b0b392b3151f64d763385bd73b3,642564835909,672337584302,672337584302,0,672337.584302,672337.584302,0.000000,tie,29772748393,29772748393,0,2972.064241534288,2972.320143908784,0.2559023744954076,10.017531915,10.016669454,-0.0008624609999987598,0.0,0.0,0.0,0.0,0.0,0.0,0.0,0.0,0.0,0,0,0,,,,0,0,0,0,0,0,0,0,0,0,0,0,0,0,0,0,0,0,0.017531914999999287,0.016669454000000528,-0.0008624609999987598,{},,,87622585352bf572828e2cb8f6dbabb52d9e73e7c275048818da11f8ec21b9f4,{},,,2e2a8af1353137961c9afba9de230db16a97f39fa20cd82fbe8e2840ca9f7988
CP-AU-r000,r000,gW1200_gE1200_s0150,J,10.0,2,chils_ils,development__CP-AU-r000__J__chils_ils__t10__s2,development_round2__r2__CP-AU-r000__J__chils_ils__t10__s2,c1273c84ccfa5ab9535d370856b5797e74d144a12ed7c051e3d67267d2325ec2,e0adc4b069565eebb700b5903d047e7e8c9c1b0b392b3151f64d763385bd73b3,642564835909,700603232459,700603232459,0,700603.232459,700603.232459,0.000000,tie,58038396550,58038396550,0,5793.657605346262,5794.5132271911725,0.8556218449101863,10.017574476,10.016095274000001,-0.001479201999998736,0.0,0.0,0.0,0.0,0.0,0.0,0.0,0.0,0.0,0,0,0,,,,0,0,0,0,0,0,0,0,0,0,0,0,0,0,0,0,0,0,0.01757447600000006,0.016095274000001325,-0.001479201999998736,{},,,db44fcd748f0012a9693cbad09f56a4d898c3eac8961394aac075d87ee773b0c,{},,,4af56f088c07c710fdca538e00db10cc95be6755d8a938c9ef05fca4b4a34330
CP-AU-r000,r000,gW1200_gE1200_s0150,J,10.0,2,cp_sat,development__CP-AU-r000__J__cp_sat__t10__s2,development_round2__r2__CP-AU-r000__J__cp_sat__t10__s2,c1273c84ccfa5ab9535d370856b5797e74d144a12ed7c051e3d67267d2325ec2,e0adc4b069565eebb700b5903d047e7e8c9c1b0b392b3151f64d763385bd73b3,642564835909,642564835909,642564835909,0,642564.835909,642564.835909,0.000000,tie,0,0,0,0.0,0.0,0.0,10.029348317,10.021898564,-0.007449752999999504,0.0,0.0,0.0,0.0,0.0,0.0,0.0,0.0,0.0,0,0,0,,,,0,0,0,0,0,0,0,0,0,0,0,0,0,0,0,0,0,0,0.02934831700000018,0.021898564000000675,-0.007449752999999504,{},,,531a9df31a7bcaf5896c7f4f007b4e031dd780f4603bc6aff5deb315c8853a7a,{},,,0b93d79a9ed1940f25d3089aafa0fa62fb1616b6c0232761cb26a13844f62244
CP-AU-r000,r000,gW1200_gE1200_s0150,J,10.0,2,degree,development__CP-AU-r000__J__degree__t10__s2,development_round2__r2__CP-AU-r000__J__degree__t10__s2,c1273c84ccfa5ab9535d370856b5797e74d144a12ed7c051e3d67267d2325ec2,e0adc4b069565eebb700b5903d047e7e8c9c1b0b392b3151f64d763385bd73b3,642564835909,680127998667,679799328642,-328670025,680127.998667,679799.328642,-328.670025,loss,37563162758,37234492733,-328670025,3736.386291930965,3721.016142891646,-15.370149039319413,10.053340266,10.006538887,-0.0468013789999997,1.4602561100003284,2.1933367609995944,0.733080650999266,1.5913908439996414,2.3728612960006563,0.781470452001015,9.698659928999977,9.521176201999998,-0.17748372699997894,4352,6540,2188,0,0,0,0,0,0,758,1240,482,248,245,-3,26156,39227,13071,0,0,0,0,0,0,0.0533402659999993,0.006538886999999605,-0.0468013789999997,"{""complete"": 4352}",,,0e3ea0c9078ffd0514c31e86620a6a6ab1e1b4405c7dac2c809764b9a738e939,"{""TimeoutError:Patch feature/ranking CPU deadline reached"": 1, ""TimeoutError:feature_cpu_fraction"": 2, ""complete"": 6537}",,,b0c1b23d8c33f07bdba2e46bf57693dfc6209b4886d1b51c1d404d1306d28c5e
CP-AU-r000,r000,gW1200_gE1200_s0150,J,10.0,2,grammar_online,development__CP-AU-r000__J__grammar_online__t10__s2,development_round2__r2__CP-AU-r000__J__grammar_online__t10__s2,c1273c84ccfa5ab9535d370856b5797e74d144a12ed7c051e3d67267d2325ec2,e0adc4b069565eebb700b5903d047e7e8c9c1b0b392b3151f64d763385bd73b3,642564835909,673002954054,670384988360,-2617965694,673002.954054,670384.988360,-2617.965694,loss,30438118145,27820152451,-2617965694,3041.21478798733,2779.669688101702,-261.5450998856282,10.008539438,10.008438258,-0.00010117999999970095,1.9209400520000965,4.843312956999837,2.9223729049997402,0.5586081570000014,0.9183558590003204,0.3597477020003189,9.654096044000015,9.568284155999946,-0.08581188800006956,4185,4977,792,523,160,-363,17876,101635,83759,409,244,-165,198,165,-33,12877,11931,-946,523,160,-363,146,122,-24,0.008539437999999677,0.008438257999999976,-0.00010117999999970095,"{""TimeoutError:Patch feature/ranking CPU deadline reached"": 1, ""TimeoutError:feature_cpu_fraction"": 7, ""complete"": 4177}",,0a12c79acc209e3ccc33fa5f51f99a64ff0d0b6157c7e15e814f30dcb5594ef7,ecf88273a0048fecd82f8a4d7eb0856eafee574dbad0c8dd6bbfc63f94e4aa8f,"{""TimeoutError:Patch feature/ranking CPU deadline reached"": 1, ""TimeoutError:feature_cpu_fraction"": 13, ""complete"": 4963}",f34af6971f6d152e007d28f686fedd88293f7c92365363b640741ec96a378ed6,0a12c79acc209e3ccc33fa5f51f99a64ff0d0b6157c7e15e814f30dcb5594ef7,3ded7d56a6ced287fb891bae534808982a8593fdd2e3b8c58a86d4c22a35c79d
CP-AU-r000,r000,gW1200_gE1200_s0150,J,10.0,2,llm_feedback,development__CP-AU-r000__J__llm_feedback__t10__s2,development_round2__r2__CP-AU-r000__J__llm_feedback__t10__s2,c1273c84ccfa5ab9535d370856b5797e74d144a12ed7c051e3d67267d2325ec2,e0adc4b069565eebb700b5903d047e7e8c9c1b0b392b3151f64d763385bd73b3,642564835909,665568938819,665365672418,-203266401,665568.938819,665365.672418,-203.266401,loss,23004102910,22800836509,-203266401,2292.2619119369947,2277.969183410323,-14.292728526671658,10.03554733,10.009282248,-0.026265082000000106,1.208606123999984,6.410619419999955,5.202013295999971,0.15139124799993836,0.400347587000012,0.24895633900007363,9.629722410999983,9.585201800999997,-0.04452060999998686,4864,4444,-420,607,143,-464,3433,39184,35751,55,114,59,123,119,-4,5006,5052,46,607,143,-464,67,114,47,0.03554732999999999,0.009282247999999882,-0.026265082000000106,"{""TimeoutError:feature_cpu_fraction"": 13, ""complete"": 4851}",,7b1b95a69b3173221f79eb3dec2bb82e902204da6561c01748211b0349176005,6228ed0137f919a46ef5f3d84fc8b2d66ef7330218ee3dc2bfac2fd55864364b,"{""TimeoutError:Patch feature/ranking CPU deadline reached"": 1, ""TimeoutError:feature_cpu_fraction"": 56, ""complete"": 4387}",f34af6971f6d152e007d28f686fedd88293f7c92365363b640741ec96a378ed6,886e2905dd1b64655fc387f30ab79e81b1fd9aeaadc9bc9460085d511465502b,de94f2584057195e71ff40674c49579b38d12f586e95a483e5353f5f2ac37b5c
CP-AU-r000,r000,gW1200_gE1200_s0150,J,10.0,2,llm_witness,development__CP-AU-r000__J__llm_witness__t10__s2,development_round2__r2__CP-AU-r000__J__llm_witness__t10__s2,c1273c84ccfa5ab9535d370856b5797e74d144a12ed7c051e3d67267d2325ec2,e0adc4b069565eebb700b5903d047e7e8c9c1b0b392b3151f64d763385bd73b3,642564835909,680910241916,671964495358,-8945746558,680910.241916,671964.495358,-8945.746558,loss,38345406007,29399659449,-8945746558,3831.56534920859,2935.482224769278,-896.0831244393115,10.007765107,10.01527422,0.0075091129999993456,2.4697259160000895,6.142592820000168,3.6728669040000783,2.6349659910000867,1.0275209869999133,-1.6074450040001733,9.685769748,9.682734602999986,-0.0030351450000143387,2975,2688,-287,371,86,-285,9423,97560,88137,774,193,-581,288,165,-123,18499,8175,-10324,371,86,-285,91,40,-51,0.0077651070000008815,0.015274220000000227,0.0075091129999993456,"{""TimeoutError:Patch feature/ranking CPU deadline reached"": 1, ""TimeoutError:feature_cpu_fraction"": 63, ""complete"": 2911}",,5f02aeff896b937b60b0682de1c4fc20552a9918d7c7c5837aee993b21a77b8e,31916f75dec1aade860087d20a21156a973c91c571dba1aa2bbfb27dcad0e1dc,"{""TimeoutError:feature_cpu_fraction"": 31, ""complete"": 2657}",f34af6971f6d152e007d28f686fedd88293f7c92365363b640741ec96a378ed6,03c14a7cfa6ef87ceef769f5caed9feeb8961dd59a34e25161acd3f0ffa23a59,2b673778316660023c76f39a704408dd1ada7331476d7325c41f98342385df63
CP-AU-r000,r000,gW1200_gE1200_s0150,J,10.0,2,witness_base9,development__CP-AU-r000__J__witness_base9__t10__s2,development_round2__r2__CP-AU-r000__J__witness_base9__t10__s2,c1273c84ccfa5ab9535d370856b5797e74d144a12ed7c051e3d67267d2325ec2,e0adc4b069565eebb700b5903d047e7e8c9c1b0b392b3151f64d763385bd73b3,642564835909,671714116429,667698735268,-4015381161,671714.116429,667698.735268,-4015.381161,loss,29149280520,25133899359,-4015381161,2894.6883809981205,2511.5329569042506,-383.1554240938697,10.069920034,10.007393807000001,-0.06252622699999932,0.9402554579999418,4.260555574999698,3.320300116999756,0.2804424490001852,1.1556130580002564,0.8751706090000712,9.686713574999965,9.509471675000047,-0.17724189999991857,4896,6321,1425,611,203,-408,0,0,0,251,93,-158,183,143,-40,10015,10824,809,611,203,-408,0,0,0,0.0699200340000008,0.007393807000001473,-0.06252622699999932,"{""TimeoutError:feature_cpu_fraction"": 1, ""complete"": 4895}",,5f02aeff896b937b60b0682de1c4fc20552a9918d7c7c5837aee993b21a77b8e,e87ee4cc9fff97641bb7d2d3ec87eddd5d5a2785b49c4967eb61c112a6139137,"{""TimeoutError:Patch feature/ranking CPU deadline reached"": 1, ""TimeoutError:feature_cpu_fraction"": 10, ""complete"": 6310}",f34af6971f6d152e007d28f686fedd88293f7c92365363b640741ec96a378ed6,03c14a7cfa6ef87ceef769f5caed9feeb8961dd59a34e25161acd3f0ffa23a59,fe167ec6b6b68f49c48b6186c40f20622ab3033497d0fc90ba42ed09809cd772
CP-AU-r000,r000,gW1200_gE1200_s0150,J,10.0,2,witness_fixed,development__CP-AU-r000__J__witness_fixed__t10__s2,development_round2__r2__CP-AU-r000__J__witness_fixed__t10__s2,c1273c84ccfa5ab9535d370856b5797e74d144a12ed7c051e3d67267d2325ec2,e0adc4b069565eebb700b5903d047e7e8c9c1b0b392b3151f64d763385bd73b3,642564835909,669071997882,671034758437,1962760555,669071.997882,671034.758437,1962.760555,win,26507161973,28469922528,1962760555,2648.6812134047964,2844.990779595626,196.30956619082966,10.007683007999999,10.007035078000001,-0.0006479299999977428,7.216439183999549,6.101801104000177,-1.1146380799993718,0.9045190670003749,1.0969560859998326,0.19243701899945775,9.754803370999975,9.69180737700001,-0.06299599399996403,1504,2682,1178,0,0,0,109147,115090,5943,571,555,-16,150,169,19,4420,8582,4162,0,0,0,0,0,0,0.007683007999998992,0.007035078000001249,-0.0006479299999977428,"{""TimeoutError:Patch feature/ranking CPU deadline reached"": 1, ""TimeoutError:feature_cpu_fraction"": 379, ""complete"": 1124}",,5f02aeff896b937b60b0682de1c4fc20552a9918d7c7c5837aee993b21a77b8e,2bd5d494225894be482d2462eecfb668aa7870a0a05d536d777caaa8aff440b1,"{""TimeoutError:Patch feature/ranking CPU deadline reached"": 1, ""TimeoutError:feature_cpu_fraction"": 68, ""complete"": 2613}",f34af6971f6d152e007d28f686fedd88293f7c92365363b640741ec96a378ed6,03c14a7cfa6ef87ceef769f5caed9feeb8961dd59a34e25161acd3f0ffa23a59,9e49456258c01bc6e76e2ca2e5ded53f52e6f68ee004ca0215b6a20b4e910e69
CP-AU-r001,r001,gW0340_gE0340_s0150,A,10.0,2,chils,development__CP-AU-r001__A__chils__t10__s2,development_round2__r2__CP-AU-r001__A__chils__t10__s2,964284f9a30ca36edd37c5d0d6983fa29705958bff31f4fba7fd3c850db405ec,10e8d4afd70433dcb9bc3f820237410059b87bd1a0f18a410ab332a251e19e92,776421286888,789864696917,789864696917,0,789864.696917,789864.696917,0.000000,tie,13443410029,13443410029,0,1342.4106146909405,1342.416847831777,0.00623314083631293,10.014380013,10.014333513999999,-4.6499000001531954e-05,0.0,0.0,0.0,0.0,0.0,0.0,0.0,0.0,0.0,0,0,0,,,,0,0,0,0,0,0,0,0,0,0,0,0,0,0,0,0,0,0,0.014380013000000247,0.014333513999998715,-4.6499000001531954e-05,{},,,b4d86f5017cb5c1ebdde56a4ee61af723d9568ef71f57182e366a0ce93bbf434,{},,,3006152793ba773e29930544359277429de3d6aa3707fdb93b60e27fa090f771
CP-AU-r001,r001,gW0340_gE0340_s0150,A,10.0,2,chils_ils,development__CP-AU-r001__A__chils_ils__t10__s2,development_round2__r2__CP-AU-r001__A__chils_ils__t10__s2,964284f9a30ca36edd37c5d0d6983fa29705958bff31f4fba7fd3c850db405ec,10e8d4afd70433dcb9bc3f820237410059b87bd1a0f18a410ab332a251e19e92,776421286888,792956401516,792956401516,0,792956.401516,792956.401516,0.000000,tie,16535114628,16535114628,0,1650.8122423187124,1650.3225160516538,-0.48972626705861944,10.016350863,10.019323173,0.002972310000000533,0.0,0.0,0.0,0.0,0.0,0.0,0.0,0.0,0.0,0,0,0,,,,0,0,0,0,0,0,0,0,0,0,0,0,0,0,0,0,0,0,0.01635086299999955,0.019323173000000082,0.002972310000000533,{},,,e3f62f8367ceb7dd2f8ebf19e8ee0de638c9e2e37171f03ca1a185c4d0bb328b,{},,,5562aef0da9e8f3422bf3696acdac498409ce87fff67082a1f11d191015998e7
CP-AU-r001,r001,gW0340_gE0340_s0150,A,10.0,2,cp_sat,development__CP-AU-r001__A__cp_sat__t10__s2,development_round2__r2__CP-AU-r001__A__cp_sat__t10__s2,964284f9a30ca36edd37c5d0d6983fa29705958bff31f4fba7fd3c850db405ec,10e8d4afd70433dcb9bc3f820237410059b87bd1a0f18a410ab332a251e19e92,776421286888,790336632628,790336632628,0,790336.632628,790336.632628,0.000000,tie,13915345740,13915345740,0,1388.1668250616437,1388.0699340936278,-0.09689096801591825,10.024260405000001,10.024960125000002,0.0006997200000000703,0.0,0.0,0.0,0.0,0.0,0.0,0.0,0.0,0.0,0,0,0,,,,0,0,0,0,0,0,0,0,0,0,0,0,0,0,0,0,0,0,0.024260405000001484,0.024960125000001554,0.0006997200000000703,{},,,b6ae5112664a49be938480fa5cea60508d0dfcb294354740952b2e524bd24c0c,{},,,829ca7bf98df0ff7609643b670290a8fc076e272b52d15d53f28aedced14e8f6
CP-AU-r001,r001,gW0340_gE0340_s0150,A,10.0,2,degree,development__CP-AU-r001__A__degree__t10__s2,development_round2__r2__CP-AU-r001__A__degree__t10__s2,964284f9a30ca36edd37c5d0d6983fa29705958bff31f4fba7fd3c850db405ec,10e8d4afd70433dcb9bc3f820237410059b87bd1a0f18a410ab332a251e19e92,776421286888,790160782098,790284674982,123892884,790160.782098,790284.674982,123.892884,win,13739495210,13863388094,123892884,1372.9581864267896,1385.4207344429537,12.46254801616433,10.007220428,10.006626686999999,-0.0005937410000012022,2.23484956999949,2.6451794330003056,0.41032986300081564,2.992572138000493,3.56334161599998,0.570769477999487,9.696576317999982,9.641955661000067,-0.054620656999915695,3496,4146,650,0,0,0,0,0,0,2039,2431,392,322,334,12,20968,24868,3900,0,0,0,0,0,0,0.007220428000000112,0.00662668699999891,-0.0005937410000012022,"{""TimeoutError:Patch feature/ranking CPU deadline reached"": 1, ""TimeoutError:feature_cpu_fraction"": 2, ""complete"": 3493}",,,233a8e5837805f718857b293ca4347e336f07b6835f7357704434adc816dc545,"{""TimeoutError:Patch feature/ranking CPU deadline reached"": 1, ""TimeoutError:feature_cpu_fraction"": 2, ""complete"": 4143}",,,b437158198116bb24f345b727f7b8556b8c36d0c5a8f7321cca93c7a808d1674
CP-AU-r001,r001,gW0340_gE0340_s0150,A,10.0,2,grammar_online,development__CP-AU-r001__A__grammar_online__t10__s2,development_round2__r2__CP-AU-r001__A__grammar_online__t10__s2,964284f9a30ca36edd37c5d0d6983fa29705958bff31f4fba7fd3c850db405ec,10e8d4afd70433dcb9bc3f820237410059b87bd1a0f18a410ab332a251e19e92,776421286888,789569483567,785277719285,-4291764282,789569.483567,785277.719285,-4291.764282,loss,13148196679,8856432397,-4291764282,1306.5291004278731,884.9124632364175,-421.61663719145554,10.063454901,10.008258178,-0.05519672299999989,1.9426851540001704,5.784407034000096,3.8417218799999255,2.197313806999783,1.225932503999978,-0.9713813029998049,9.754431399000024,9.639048656000016,-0.1153827430000085,3264,3768,504,407,121,-286,3737,122987,119250,420,341,-79,328,158,-170,16425,7914,-8511,407,121,-286,16,98,82,0.06345490100000006,0.008258178000000171,-0.05519672299999989,"{""TimeoutError:feature_cpu_fraction"": 6, ""complete"": 3258}",,0a12c79acc209e3ccc33fa5f51f99a64ff0d0b6157c7e15e814f30dcb5594ef7,efb9b64e4608addc2b7a35c1f7a70d22889ced676d213b02b9e08eedf85efd33,"{""TimeoutError:Patch feature/ranking CPU deadline reached"": 1, ""TimeoutError:feature_cpu_fraction"": 43, ""complete"": 3724}",f34af6971f6d152e007d28f686fedd88293f7c92365363b640741ec96a378ed6,0a12c79acc209e3ccc33fa5f51f99a64ff0d0b6157c7e15e814f30dcb5594ef7,d0e07624c99d8fb19990023fffeaa217c194af0258b5c6af644d1358c538aa88
CP-AU-r001,r001,gW0340_gE0340_s0150,A,10.0,2,llm_feedback,development__CP-AU-r001__A__llm_feedback__t10__s2,development_round2__r2__CP-AU-r001__A__llm_feedback__t10__s2,964284f9a30ca36edd37c5d0d6983fa29705958bff31f4fba7fd3c850db405ec,10e8d4afd70433dcb9bc3f820237410059b87bd1a0f18a410ab332a251e19e92,776421286888,787396158945,781061706681,-6334452264,787396.158945,781061.706681,-6334.452264,loss,10974872057,4640419793,-6334452264,1096.447093071768,463.6416549140535,-632.8054381577145,10.009486208999999,10.008634349,-0.0008518599999991494,2.251866273000223,6.606902185999939,4.355035912999716,2.698324582999937,0.5636134519998892,-2.134711131000048,9.699413651000011,9.634241527000027,-0.06517212399998407,3113,3696,583,389,119,-270,6448,52203,45755,676,135,-541,308,34,-274,20677,3790,-16887,389,119,-270,64,97,33,0.009486208999998524,0.008634348999999375,-0.0008518599999991494,"{""TimeoutError:Patch feature/ranking CPU deadline reached"": 1, ""TimeoutError:feature_cpu_fraction"": 28, ""complete"": 3084}",,7b1b95a69b3173221f79eb3dec2bb82e902204da6561c01748211b0349176005,ca8475be607f2450fee76291c5008032bdba5d20ed1912895e92d39aca73066c,"{""TimeoutError:Patch feature/ranking CPU deadline reached"": 1, ""TimeoutError:feature_cpu_fraction"": 48, ""complete"": 3647}",f34af6971f6d152e007d28f686fedd88293f7c92365363b640741ec96a378ed6,886e2905dd1b64655fc387f30ab79e81b1fd9aeaadc9bc9460085d511465502b,0bce7b259371d482f038e61288020b46063ee2ba15a1af5fc4ff95167bcdedc4
CP-AU-r001,r001,gW0340_gE0340_s0150,A,10.0,2,llm_witness,development__CP-AU-r001__A__llm_witness__t10__s2,development_round2__r2__CP-AU-r001__A__llm_witness__t10__s2,964284f9a30ca36edd37c5d0d6983fa29705958bff31f4fba7fd3c850db405ec,10e8d4afd70433dcb9bc3f820237410059b87bd1a0f18a410ab332a251e19e92,776421286888,782938421919,781708544739,-1229877180,782938.421919,781708.544739,-1229.877180,loss,6517135031,5287257851,-1229877180,651.2390469300412,528.3489562159524,-122.89009071408879,10.007285438,10.007132196999999,-0.00015324100000135843,6.47124426200015,6.180808852000507,-0.2904354099996427,1.1541281829998653,0.8247524399995452,-0.32937574300032013,9.782092897999997,9.625431996000014,-0.15666090199998273,1518,3888,2370,189,125,-64,134388,81882,-52506,439,170,-269,132,71,-61,4608,5039,431,189,125,-64,144,91,-53,0.007285438000000255,0.0071321969999988966,-0.00015324100000135843,"{""TimeoutError:Patch feature/ranking CPU deadline reached"": 1, ""TimeoutError:feature_cpu_fraction"": 134, ""complete"": 1383}",,5f02aeff896b937b60b0682de1c4fc20552a9918d7c7c5837aee993b21a77b8e,af617438dfc3575bf4436f07f42adbd827cef074ccdfa715d95be929fc194ad0,"{""TimeoutError:Patch feature/ranking CPU deadline reached"": 1, ""TimeoutError:feature_cpu_fraction"": 36, ""complete"": 3851}",f34af6971f6d152e007d28f686fedd88293f7c92365363b640741ec96a378ed6,03c14a7cfa6ef87ceef769f5caed9feeb8961dd59a34e25161acd3f0ffa23a59,7012683c96704d7af967a7c2cb22a2fd7a41dec8370b786b2363d6a4373397b2
CP-AU-r001,r001,gW0340_gE0340_s0150,A,10.0,2,witness_base9,development__CP-AU-r001__A__witness_base9__t10__s2,development_round2__r2__CP-AU-r001__A__witness_base9__t10__s2,964284f9a30ca36edd37c5d0d6983fa29705958bff31f4fba7fd3c850db405ec,10e8d4afd70433dcb9bc3f820237410059b87bd1a0f18a410ab332a251e19e92,776421286888,783880682703,784233337301,352654598,783880.682703,784233.337301,352.654598,win,7459395815,7812050413,352654598,740.4424077833718,780.7386758743136,40.29626809094175,10.074241746,10.005973387,-0.06826835900000106,1.1723017479999132,4.272352998000283,3.10005125000037,0.6799526319999332,1.3333667629997898,0.6534141309998567,9.690025252000003,9.517061597999943,-0.17296365400006053,4736,5976,1240,591,192,-399,0,0,0,331,77,-254,78,123,45,6224,10299,4075,591,192,-399,0,0,0,0.07424174600000022,0.005973386999999164,-0.06826835900000106,"{""TimeoutError:feature_cpu_fraction"": 3, ""complete"": 4733}",,5f02aeff896b937b60b0682de1c4fc20552a9918d7c7c5837aee993b21a77b8e,6b65229fbb8ef79ab9213cb36f796f043ee37921bf9ed68fa867cab46e6e708d,"{""TimeoutError:Patch feature/ranking CPU deadline reached"": 1, ""TimeoutError:feature_cpu_fraction"": 9, ""complete"": 5966}",f34af6971f6d152e007d28f686fedd88293f7c92365363b640741ec96a378ed6,03c14a7cfa6ef87ceef769f5caed9feeb8961dd59a34e25161acd3f0ffa23a59,2d68f37c35ce67500c672cd38d566085791f07b927012d7d811d5abb7fe1a7f5
CP-AU-r001,r001,gW0340_gE0340_s0150,A,10.0,2,witness_fixed,development__CP-AU-r001__A__witness_fixed__t10__s2,development_round2__r2__CP-AU-r001__A__witness_fixed__t10__s2,964284f9a30ca36edd37c5d0d6983fa29705958bff31f4fba7fd3c850db405ec,10e8d4afd70433dcb9bc3f820237410059b87bd1a0f18a410ab332a251e19e92,776421286888,779873995620,780676349214,802353594,779873.995620,780676.349214,802.353594,win,3452708732,4255062326,802353594,345.0383533373509,425.2173808173847,80.17902748003382,10.006738957,10.006793038,5.4081000000039126e-05,8.473190097999975,7.443471496000466,-1.0297186019995088,0.6549013060000581,1.0878334109996333,0.43293210499957513,9.82525753399999,9.779229354000007,-0.046028179999982655,776,1463,687,0,0,0,68489,96447,27958,395,784,389,43,60,17,1171,2607,1436,0,0,0,0,0,0,0.006738956999999601,0.00679303799999964,5.4081000000039126e-05,"{""TimeoutError:Patch feature/ranking CPU deadline reached"": 22, ""TimeoutError:feature_cpu_fraction"": 335, ""complete"": 419}",,5f02aeff896b937b60b0682de1c4fc20552a9918d7c7c5837aee993b21a77b8e,cbe47e1577c63d94dfeaae7e6325f849cefdee6f8c92fc07496aeb44a13cfe38,"{""TimeoutError:Patch feature/ranking CPU deadline reached"": 1, ""TimeoutError:feature_cpu_fraction"": 634, ""complete"": 828}",f34af6971f6d152e007d28f686fedd88293f7c92365363b640741ec96a378ed6,03c14a7cfa6ef87ceef769f5caed9feeb8961dd59a34e25161acd3f0ffa23a59,90e6bcffbeee424e7576d14145e12fddf6cf813298511480a2cb0ef2aa827613
CP-AU-r001,r001,gW0340_gE1200_s0150,E,10.0,2,chils,development__CP-AU-r001__E__chils__t10__s2,development_round2__r2__CP-AU-r001__E__chils__t10__s2,3e0dcaa6674d4101e7620a10fd4da04f116350af4e3ef64d6b670d98067631ac,21729570c87c579381f3e1c4b60ea411b331254c9f4cf23d99e4d1a299f1ce79,725905772783,747344880530,747344880530,0,747344.880530,747344.880530,0.000000,tie,21439107747,21439107747,0,2140.4060814876343,2140.567990518581,0.16190903094688167,10.016373964,10.015616342,-0.0007576220000000689,0.0,0.0,0.0,0.0,0.0,0.0,0.0,0.0,0.0,0,0,0,,,,0,0,0,0,0,0,0,0,0,0,0,0,0,0,0,0,0,0,0.016373963999999575,0.015616341999999506,-0.0007576220000000689,{},,,54cf2dd13674998700998f742a6ddc4555e36831bdef375273f2ad6fbd519694,{},,,7da4244dadcf75798a02ac60318eba5cc178baf5c72ecbb8f8bb4f6bf5c14d69
CP-AU-r001,r001,gW0340_gE1200_s0150,E,10.0,2,chils_ils,development__CP-AU-r001__E__chils_ils__t10__s2,development_round2__r2__CP-AU-r001__E__chils_ils__t10__s2,3e0dcaa6674d4101e7620a10fd4da04f116350af4e3ef64d6b670d98067631ac,21729570c87c579381f3e1c4b60ea411b331254c9f4cf23d99e4d1a299f1ce79,725905772783,757865802291,757865802291,0,757865.802291,757865.802291,0.000000,tie,31960029508,31960029508,0,3190.671363201193,3190.787791943445,0.1164287422518111,10.016709924,10.016344424000001,-0.0003654999999991304,0.0,0.0,0.0,0.0,0.0,0.0,0.0,0.0,0.0,0,0,0,,,,0,0,0,0,0,0,0,0,0,0,0,0,0,0,0,0,0,0,0.016709924000000598,0.016344424000001467,-0.0003654999999991304,{},,,c68ecc590d16680a31d272008d46fdcf34478572943a3fcf15c7ea536f053f05,{},,,a1b407dd7792174a3efd3828b11f4e79fd7d0c33ebf34c4dcae70a3176fd7229
CP-AU-r001,r001,gW0340_gE1200_s0150,E,10.0,2,cp_sat,development__CP-AU-r001__E__cp_sat__t10__s2,development_round2__r2__CP-AU-r001__E__cp_sat__t10__s2,3e0dcaa6674d4101e7620a10fd4da04f116350af4e3ef64d6b670d98067631ac,21729570c87c579381f3e1c4b60ea411b331254c9f4cf23d99e4d1a299f1ce79,725905772783,725905772783,725905772783,0,725905.772783,725905.772783,0.000000,tie,0,0,0,0.0,0.0,0.0,10.022157374,10.020360144000001,-0.0017972299999993169,0.0,0.0,0.0,0.0,0.0,0.0,0.0,0.0,0.0,0,0,0,,,,0,0,0,0,0,0,0,0,0,0,0,0,0,0,0,0,0,0,0.02215737400000073,0.020360144000001412,-0.0017972299999993169,{},,,5d61e0c30492fc598f9af1b59e672adcda793ed3362258ffdaa71c7286376a5b,{},,,4131fb8a5fad110c8541d2de6f466beb61080620f07dd1deb3c0678c05a34d48
CP-AU-r001,r001,gW0340_gE1200_s0150,E,10.0,2,degree,development__CP-AU-r001__E__degree__t10__s2,development_round2__r2__CP-AU-r001__E__degree__t10__s2,3e0dcaa6674d4101e7620a10fd4da04f116350af4e3ef64d6b670d98067631ac,21729570c87c579381f3e1c4b60ea411b331254c9f4cf23d99e4d1a299f1ce79,725905772783,750021831921,750613583088,591751167,750021.831921,750613.583088,591.751167,win,24116059138,24707810305,591751167,2407.102167392935,2469.155176261539,62.05300886860378,10.018710242000001,10.006584658,-0.01212558400000141,2.0282522770004103,2.5347121079998547,0.5064598309994444,2.439656813999566,3.1091858050002434,0.6695289910006776,9.649878585999994,9.55932255699999,-0.09055602900000537,4416,5598,1182,0,0,0,0,0,0,2128,2730,602,386,404,18,26528,33600,7072,0,0,0,0,0,0,0.018710242000000932,0.006584657999999521,-0.01212558400000141,"{""TimeoutError:feature_cpu_fraction"": 1, ""complete"": 4415}",,,b6be02a6f0d438569b9836c498e5424c32c5f22343a382fa0eeaa7f27f16bcda,"{""TimeoutError:Patch feature/ranking CPU deadline reached"": 1, ""TimeoutError:feature_cpu_fraction"": 2, ""complete"": 5595}",,,6a7dae3ee3648603753e7b07c86f5afb88994a9344ff39f9c341570a05205e4a
CP-AU-r001,r001,gW0340_gE1200_s0150,E,10.0,2,grammar_online,development__CP-AU-r001__E__grammar_online__t10__s2,development_round2__r2__CP-AU-r001__E__grammar_online__t10__s2,3e0dcaa6674d4101e7620a10fd4da04f116350af4e3ef64d6b670d98067631ac,21729570c87c579381f3e1c4b60ea411b331254c9f4cf23d99e4d1a299f1ce79,725905772783,745366615466,744668918779,-697696687,745366.615466,744668.918779,-697.696687,loss,19460842683,18763145996,-697696687,1944.4121928122076,1874.6984411957692,-69.71375161643844,10.008599388,10.008620898,2.1509999999835827e-05,3.332890920999886,6.046196568000039,2.713305647000153,0.525056520999899,1.8665218700000228,1.3414653490001238,9.685464601999982,9.730953058000026,0.0454884560000437,3338,2115,-1223,417,68,-349,57135,192222,135087,483,253,-230,267,278,11,8104,10339,2235,417,68,-349,346,54,-292,0.008599388000000374,0.00862089800000021,2.1509999999835827e-05,"{""TimeoutError:Patch feature/ranking CPU deadline reached"": 1, ""TimeoutError:feature_cpu_fraction"": 45, ""complete"": 3292}",,0a12c79acc209e3ccc33fa5f51f99a64ff0d0b6157c7e15e814f30dcb5594ef7,7864f15ac9abfcbcbdad630036d81db072ce001865621d3c9138c2a7e4f0ab5f,"{""TimeoutError:Patch feature/ranking CPU deadline reached"": 1, ""TimeoutError:feature_cpu_fraction"": 20, ""complete"": 2094}",f34af6971f6d152e007d28f686fedd88293f7c92365363b640741ec96a378ed6,0a12c79acc209e3ccc33fa5f51f99a64ff0d0b6157c7e15e814f30dcb5594ef7,ff473bc21ff9d04633d9af8ab4dbe2cbb89c8bd4e210b4d4be5858e623393cfe
CP-AU-r001,r001,gW0340_gE1200_s0150,E,10.0,2,llm_feedback,development__CP-AU-r001__E__llm_feedback__t10__s2,development_round2__r2__CP-AU-r001__E__llm_feedback__t10__s2,3e0dcaa6674d4101e7620a10fd4da04f116350af4e3ef64d6b670d98067631ac,21729570c87c579381f3e1c4b60ea411b331254c9f4cf23d99e4d1a299f1ce79,725905772783,748131946159,739617960331,-8513985828,748131.946159,739617.960331,-8513.985828,loss,22226173376,13712187548,-8513985828,2220.8762243852866,1369.2896611852118,-851.5865632000748,10.007839758,10.01408828,0.006248521999999923,3.5136302060004017,6.244159178000029,2.730528971999627,1.2776229489993651,0.37329027000002307,-0.904332678999342,9.684554335000028,9.611952031000015,-0.07260230400001255,3143,4064,921,392,131,-261,47361,45300,-2061,560,118,-442,376,155,-221,12236,4327,-7909,392,131,-261,209,71,-138,0.007839757999999364,0.014088279999999287,0.006248521999999923,"{""TimeoutError:Patch feature/ranking CPU deadline reached"": 1, ""TimeoutError:feature_cpu_fraction"": 30, ""complete"": 3112}",,7b1b95a69b3173221f79eb3dec2bb82e902204da6561c01748211b0349176005,65b3e4126804a028aaec55fad1a7c04497c1421f97ccf839bd6e69f674fa1d47,"{""TimeoutError:feature_cpu_fraction"": 24, ""complete"": 4040}",f34af6971f6d152e007d28f686fedd88293f7c92365363b640741ec96a378ed6,886e2905dd1b64655fc387f30ab79e81b1fd9aeaadc9bc9460085d511465502b,1fdd72ae51a40b2822d18d799303b203025ec9784e301a48e3b87a5733269029
CP-AU-r001,r001,gW0340_gE1200_s0150,E,10.0,2,llm_witness,development__CP-AU-r001__E__llm_witness__t10__s2,development_round2__r2__CP-AU-r001__E__llm_witness__t10__s2,3e0dcaa6674d4101e7620a10fd4da04f116350af4e3ef64d6b670d98067631ac,21729570c87c579381f3e1c4b60ea411b331254c9f4cf23d99e4d1a299f1ce79,725905772783,740527750902,741906251758,1378500856,740527.750902,741906.251758,1378.500856,win,14621978119,16000478975,1378500856,1460.6349968673555,1598.7816851080945,138.146688240739,10.010699558999999,10.007919858,-0.0027797009999996902,3.2887808889999235,5.910409780999997,2.621628892000073,0.5196503480000099,0.7981158190000841,0.27846547100007424,9.655497161999978,9.632298488000004,-0.023198673999974773,3689,3661,-28,461,118,-343,28929,78457,49528,504,260,-244,166,226,60,4835,6270,1435,461,118,-343,331,83,-248,0.01069955899999897,0.00791985799999928,-0.0027797009999996902,"{""TimeoutError:Patch feature/ranking CPU deadline reached"": 3, ""TimeoutError:feature_cpu_fraction"": 58, ""complete"": 3628}",,5f02aeff896b937b60b0682de1c4fc20552a9918d7c7c5837aee993b21a77b8e,d23fc203e8f7a507b62563279736494ac59d4b342ec7988e74d28f34e1084c40,"{""TimeoutError:Patch feature/ranking CPU deadline reached"": 1, ""TimeoutError:feature_cpu_fraction"": 37, ""complete"": 3623}",f34af6971f6d152e007d28f686fedd88293f7c92365363b640741ec96a378ed6,03c14a7cfa6ef87ceef769f5caed9feeb8961dd59a34e25161acd3f0ffa23a59,c5dae7faffa63bc21c692bcb96933d838d2671ad1264f3797dd758645712bd56
CP-AU-r001,r001,gW0340_gE1200_s0150,E,10.0,2,witness_base9,development__CP-AU-r001__E__witness_base9__t10__s2,development_round2__r2__CP-AU-r001__E__witness_base9__t10__s2,3e0dcaa6674d4101e7620a10fd4da04f116350af4e3ef64d6b670d98067631ac,21729570c87c579381f3e1c4b60ea411b331254c9f4cf23d99e4d1a299f1ce79,725905772783,741512377562,743716129419,2203751857,741512.377562,743716.129419,2203.751857,win,15606604779,17810356636,2203751857,1550.7856778042924,1779.7581019773672,228.97242417307478,10.063676111,10.007178288,-0.05649782299999906,1.1689202219998043,3.9617204319999906,2.7928002100001863,0.5206414390002889,1.9360189719999774,1.4153775329996885,9.688588739999975,9.595552263000007,-0.09303647699996809,4608,4627,19,575,149,-426,0,0,0,1017,186,-831,215,272,57,6925,11931,5006,575,149,-426,0,0,0,0.06367611099999948,0.007178288000000421,-0.05649782299999906,"{""TimeoutError:feature_cpu_fraction"": 2, ""complete"": 4606}",,5f02aeff896b937b60b0682de1c4fc20552a9918d7c7c5837aee993b21a77b8e,bd2fffdae36ff1f532ac8f8191f85bb8e12217d5747631b96613f97252ff2021,"{""TimeoutError:Patch feature/ranking CPU deadline reached"": 1, ""TimeoutError:feature_cpu_fraction"": 11, ""complete"": 4615}",f34af6971f6d152e007d28f686fedd88293f7c92365363b640741ec96a378ed6,03c14a7cfa6ef87ceef769f5caed9feeb8961dd59a34e25161acd3f0ffa23a59,b58a0208f17942f7cc22c7591a0ff65031dfa8e3a16c02bd64a29d570e7bd99d
CP-AU-r001,r001,gW0340_gE1200_s0150,E,10.0,2,witness_fixed,development__CP-AU-r001__E__witness_fixed__t10__s2,development_round2__r2__CP-AU-r001__E__witness_fixed__t10__s2,3e0dcaa6674d4101e7620a10fd4da04f116350af4e3ef64d6b670d98067631ac,21729570c87c579381f3e1c4b60ea411b331254c9f4cf23d99e4d1a299f1ce79,725905772783,739834296487,741579637117,1745340630,739834.296487,741579.637117,1745.340630,win,13928523704,15673864334,1745340630,1391.9321157782147,1566.26170901132,174.3295932331052,10.006611347,10.007180948,0.0005696010000004748,7.970639371999701,6.827797628000169,-1.142841743999532,0.8040656760002948,1.1970201259998563,0.39295444999956153,9.786132638000014,9.733589151000015,-0.052543486999999445,1143,2002,859,0,0,0,92019,117448,25429,517,794,277,153,197,44,2712,5476,2764,0,0,0,0,0,0,0.006611346999999768,0.007180948000000242,0.0005696010000004748,"{""TimeoutError:Patch feature/ranking CPU deadline reached"": 5, ""TimeoutError:feature_cpu_fraction"": 357, ""complete"": 781}",,5f02aeff896b937b60b0682de1c4fc20552a9918d7c7c5837aee993b21a77b8e,aedfdc6386f6d1bd0fb322c06f4b307f3d2c8c95c84cda4a7b56c97056d64da7,"{""TimeoutError:Patch feature/ranking CPU deadline reached"": 1, ""TimeoutError:feature_cpu_fraction"": 332, ""complete"": 1669}",f34af6971f6d152e007d28f686fedd88293f7c92365363b640741ec96a378ed6,03c14a7cfa6ef87ceef769f5caed9feeb8961dd59a34e25161acd3f0ffa23a59,5b13231516c5281404b3912d38130a8c3c009c1951c5c2e1da7b3f81ca915db5
CP-AU-r001,r001,gW1200_gE0340_s0150,W,10.0,2,chils,development__CP-AU-r001__W__chils__t10__s2,development_round2__r2__CP-AU-r001__W__chils__t10__s2,a5056f4ff1e7e54c47c364231f738b08264191ad89d3b19b1734d71a42948d1f,ee8ed54e910bba29b07957f06e6f0e8555a53fd13d914c306c4bb71f49953e77,726534758910,748038981408,748038981408,0,748038.981408,748038.981408,0.000000,tie,21504222498,21504222498,0,2147.0859026777157,2147.0857444686285,-0.00015820908731460046,10.015538955,10.015539693,7.379999988899044e-07,0.0,0.0,0.0,0.0,0.0,0.0,0.0,0.0,0.0,0,0,0,,,,0,0,0,0,0,0,0,0,0,0,0,0,0,0,0,0,0,0,0.015538955000000243,0.015539692999999133,7.379999988899044e-07,{},,,9de86ea67a96e2a49764723c4a2cfe1d2f3fc08f2ae9bf878a9244fec45f584c,{},,,743841038a0db64c355192b1e79065d8c8de134ebb7031b931f57f41bd1d6fb4
CP-AU-r001,r001,gW1200_gE0340_s0150,W,10.0,2,chils_ils,development__CP-AU-r001__W__chils_ils__t10__s2,development_round2__r2__CP-AU-r001__W__chils_ils__t10__s2,a5056f4ff1e7e54c47c364231f738b08264191ad89d3b19b1734d71a42948d1f,ee8ed54e910bba29b07957f06e6f0e8555a53fd13d914c306c4bb71f49953e77,726534758910,756624461601,756624461601,0,756624.461601,756624.461601,0.000000,tie,30089702691,30089702691,0,3004.5023745700564,3004.055647878726,-0.44672669133036325,10.014870664,10.016359954,0.0014892900000003095,0.0,0.0,0.0,0.0,0.0,0.0,0.0,0.0,0.0,0,0,0,,,,0,0,0,0,0,0,0,0,0,0,0,0,0,0,0,0,0,0,0.014870664000000033,0.016359954000000343,0.0014892900000003095,{},,,92f2840fd0e7e3fd58da12585023563c447435e7e700d76caea6eca6bd77ce53,{},,,6dd9d248cca4935cd581fd44df0a268cdb73d99b47c73530d3c68831b9049a6b
CP-AU-r001,r001,gW1200_gE0340_s0150,W,10.0,2,cp_sat,development__CP-AU-r001__W__cp_sat__t10__s2,development_round2__r2__CP-AU-r001__W__cp_sat__t10__s2,a5056f4ff1e7e54c47c364231f738b08264191ad89d3b19b1734d71a42948d1f,ee8ed54e910bba29b07957f06e6f0e8555a53fd13d914c306c4bb71f49953e77,726534758910,726534758910,726534758910,0,726534.758910,726534.758910,0.000000,tie,0,0,0,0.0,0.0,0.0,10.016995362000001,10.023003233999999,0.00600787199999786,0.0,0.0,0.0,0.0,0.0,0.0,0.0,0.0,0.0,0,0,0,,,,0,0,0,0,0,0,0,0,0,0,0,0,0,0,0,0,0,0,0.01699536200000118,0.02300323399999904,0.00600787199999786,{},,,0a98dcf615670ce1d7fcbea9c4b35a63b7b91bffe12b5c46c1f8703160b668d5,{},,,5434bb85f4a16fb9db162bc8c80079c29a88b764598d294c9b82d2ad861de059
CP-AU-r001,r001,gW1200_gE0340_s0150,W,10.0,2,degree,development__CP-AU-r001__W__degree__t10__s2,development_round2__r2__CP-AU-r001__W__degree__t10__s2,a5056f4ff1e7e54c47c364231f738b08264191ad89d3b19b1734d71a42948d1f,ee8ed54e910bba29b07957f06e6f0e8555a53fd13d914c306c4bb71f49953e77,726534758910,750183999984,750605953119,421953135,750183.999984,750605.953119,421.953135,win,23649241074,24071194209,421953135,2362.7449552885214,2405.525270162467,42.78031487394606,10.009222968,10.006627038,-0.002595930000000024,2.092022090000422,2.547558507999626,0.4555364179992041,2.545029544999412,3.1117368230002604,0.5667072780008486,9.634189541000028,9.559316649999978,-0.07487289100004979,4512,5519,1007,0,0,0,0,0,0,2292,2840,548,427,445,18,27145,33194,6049,0,0,0,0,0,0,0.009222967999999554,0.00662703799999953,-0.002595930000000024,"{""TimeoutError:feature_cpu_fraction"": 1, ""complete"": 4511}",,,29e9f70d12613f158b44db36d07615eb8168a1b9ddd5b55f42b798bbbcf38535,"{""TimeoutError:Patch feature/ranking CPU deadline reached"": 1, ""TimeoutError:feature_cpu_fraction"": 3, ""complete"": 5515}",,,517ca8ccd24da7900946a55c36d4b7e5a14b8fd11482901af4ed9961ecd70157
CP-AU-r001,r001,gW1200_gE0340_s0150,W,10.0,2,grammar_online,development__CP-AU-r001__W__grammar_online__t10__s2,development_round2__r2__CP-AU-r001__W__grammar_online__t10__s2,a5056f4ff1e7e54c47c364231f738b08264191ad89d3b19b1734d71a42948d1f,ee8ed54e910bba29b07957f06e6f0e8555a53fd13d914c306c4bb71f49953e77,726534758910,747491321581,744360686387,-3130635194,747491.321581,744360.686387,-3130.635194,loss,20956562671,17825927477,-3130635194,2093.635145217401,1781.1085538605068,-312.5265913568942,10.009653648999999,10.008332978,-0.0013206709999984412,2.8705649260001698,4.993274049999821,2.122709123999651,1.4221201779998176,0.8437513110000897,-0.5783688669997279,9.696526931999998,9.53404478200004,-0.16248214999995803,3268,5598,2330,408,180,-228,30907,80841,49934,482,200,-282,325,218,-107,13420,9310,-4110,408,180,-228,177,146,-31,0.009653648999998765,0.008332978000000324,-0.0013206709999984412,"{""TimeoutError:Patch feature/ranking CPU deadline reached"": 1, ""TimeoutError:feature_cpu_fraction"": 50, ""complete"": 3217}",,0a12c79acc209e3ccc33fa5f51f99a64ff0d0b6157c7e15e814f30dcb5594ef7,bea371473dd524959166c118bdf9d98e4e8c853ec7710624eb0481fffe339b77,"{""TimeoutError:Patch feature/ranking CPU deadline reached"": 1, ""TimeoutError:feature_cpu_fraction"": 30, ""complete"": 5567}",f34af6971f6d152e007d28f686fedd88293f7c92365363b640741ec96a378ed6,0a12c79acc209e3ccc33fa5f51f99a64ff0d0b6157c7e15e814f30dcb5594ef7,ae91c1235386962ac662de7ca2dd1bc528d79913bc090d138cf917e2dece40da
CP-AU-r001,r001,gW1200_gE0340_s0150,W,10.0,2,llm_feedback,development__CP-AU-r001__W__llm_feedback__t10__s2,development_round2__r2__CP-AU-r001__W__llm_feedback__t10__s2,a5056f4ff1e7e54c47c364231f738b08264191ad89d3b19b1734d71a42948d1f,ee8ed54e910bba29b07957f06e6f0e8555a53fd13d914c306c4bb71f49953e77,726534758910,744431106034,740882303411,-3548802623,744431.106034,740882.303411,-3548.802623,loss,17896347124,14347544501,-3548802623,1783.3567900257808,1433.5038129211787,-349.85297710460225,10.03520284,10.008724338,-0.026478501999999793,1.9736320429996201,6.386279858999957,4.412647816000337,0.8684458850003435,0.46582257600008636,-0.4026233090002571,9.670431953000017,9.600057336000033,-0.0703746169999846,3904,4128,224,487,133,-354,13640,42503,28863,457,97,-360,278,168,-110,9552,4266,-5286,487,133,-354,289,110,-179,0.03520284000000018,0.008724338000000387,-0.026478501999999793,"{""TimeoutError:feature_cpu_fraction"": 34, ""complete"": 3870}",,7b1b95a69b3173221f79eb3dec2bb82e902204da6561c01748211b0349176005,4b550eb823c7d6e2b95d3c54153cab3a3732716d229dfbb9aa25d718e16035e9,"{""TimeoutError:feature_cpu_fraction"": 38, ""complete"": 4090}",f34af6971f6d152e007d28f686fedd88293f7c92365363b640741ec96a378ed6,886e2905dd1b64655fc387f30ab79e81b1fd9aeaadc9bc9460085d511465502b,4470453d81fa8da92ee81624815d262c9e1200ecb29eea5480db0da2399778d3
CP-AU-r001,r001,gW1200_gE0340_s0150,W,10.0,2,llm_witness,development__CP-AU-r001__W__llm_witness__t10__s2,development_round2__r2__CP-AU-r001__W__llm_witness__t10__s2,a5056f4ff1e7e54c47c364231f738b08264191ad89d3b19b1734d71a42948d1f,ee8ed54e910bba29b07957f06e6f0e8555a53fd13d914c306c4bb71f49953e77,726534758910,745576292324,741500245776,-4076046548,745576.292324,741500.245776,-4076.046548,loss,19041533414,14965486866,-4076046548,1894.9149311291696,1495.2162517007112,-399.6986794284585,10.048753694,10.008911319,-0.039842375000000985,2.5858747109997773,6.145775437000163,3.5599007260003854,1.3489281830000812,0.7519459199998987,-0.5969822630001825,9.706859676000038,9.609411640999994,-0.09744803500004373,3456,3908,452,431,126,-305,20039,74208,54169,412,486,74,346,177,-169,14669,5698,-8971,431,126,-305,144,80,-64,0.04875369400000018,0.008911318999999196,-0.039842375000000985,"{""TimeoutError:Patch feature/ranking CPU deadline reached"": 1, ""TimeoutError:feature_cpu_fraction"": 12, ""complete"": 3443}",,5f02aeff896b937b60b0682de1c4fc20552a9918d7c7c5837aee993b21a77b8e,4330924ee775058150155ea1338b7d1feb79f0ae89e3dd554c8c042f8f15022c,"{""TimeoutError:Patch feature/ranking CPU deadline reached"": 1, ""TimeoutError:feature_cpu_fraction"": 72, ""complete"": 3835}",f34af6971f6d152e007d28f686fedd88293f7c92365363b640741ec96a378ed6,03c14a7cfa6ef87ceef769f5caed9feeb8961dd59a34e25161acd3f0ffa23a59,b090285f808ddd4d0e345ba653ab72897f44b2a620e9f148809057da71d93ed1
CP-AU-r001,r001,gW1200_gE0340_s0150,W,10.0,2,witness_base9,development__CP-AU-r001__W__witness_base9__t10__s2,development_round2__r2__CP-AU-r001__W__witness_base9__t10__s2,a5056f4ff1e7e54c47c364231f738b08264191ad89d3b19b1734d71a42948d1f,ee8ed54e910bba29b07957f06e6f0e8555a53fd13d914c306c4bb71f49953e77,726534758910,743555691210,742113955193,-1441736017,743555.691210,742113.955193,-1441.736017,loss,17020932300,15579196283,-1441736017,1700.6136711071158,1556.8257950236523,-143.78787608346346,10.008700147,10.007026048000002,-0.0016740989999988187,1.131238190999984,4.249838412999437,3.118600221999453,0.5742166899999495,0.9244380130006098,0.35022132300066033,9.64959511100003,9.521813302000014,-0.127781809000016,4297,5931,1634,537,191,-346,0,0,0,190,118,-72,243,188,-55,9352,7932,-1420,537,191,-346,0,0,0,0.008700147000000769,0.00702604800000195,-0.0016740989999988187,"{""TimeoutError:Patch feature/ranking CPU deadline reached"": 1, ""complete"": 4296}",,5f02aeff896b937b60b0682de1c4fc20552a9918d7c7c5837aee993b21a77b8e,17e790394dabb1b527b0c70cc09ed21f95f0dfed259920f0e88ceaf661b559ac,"{""TimeoutError:Patch feature/ranking CPU deadline reached"": 1, ""TimeoutError:feature_cpu_fraction"": 9, ""complete"": 5921}",f34af6971f6d152e007d28f686fedd88293f7c92365363b640741ec96a378ed6,03c14a7cfa6ef87ceef769f5caed9feeb8961dd59a34e25161acd3f0ffa23a59,2d18d99c536eab897c1f76d080f1af8a4843bbaa80deed5e1cf5df8642bca39b
CP-AU-r001,r001,gW1200_gE0340_s0150,W,10.0,2,witness_fixed,development__CP-AU-r001__W__witness_fixed__t10__s2,development_round2__r2__CP-AU-r001__W__witness_fixed__t10__s2,a5056f4ff1e7e54c47c364231f738b08264191ad89d3b19b1734d71a42948d1f,ee8ed54e910bba29b07957f06e6f0e8555a53fd13d914c306c4bb71f49953e77,726534758910,739473491852,742565171713,3091679861,739473.491852,742565.171713,3091.679861,win,12938732942,16030412803,3091679861,1292.986656011957,1601.8621322843146,308.8754762723575,10.006857287999999,10.007361108,0.0005038200000004878,8.023679918000129,6.858459345999817,-1.1652205720003117,0.7901213649997465,1.2130932770001925,0.42297191200044604,9.790958291999978,9.730471253000024,-0.06048703899995367,1116,2044,928,0,0,0,88323,118957,30634,495,777,282,150,192,42,2575,5576,3001,0,0,0,0,0,0,0.006857287999999073,0.007361107999999561,0.0005038200000004878,"{""TimeoutError:Patch feature/ranking CPU deadline reached"": 2, ""TimeoutError:feature_cpu_fraction"": 365, ""complete"": 749}",,5f02aeff896b937b60b0682de1c4fc20552a9918d7c7c5837aee993b21a77b8e,f323a7f7adeecfb9ef34a9f7cb1971900165b132cae260dcaed6632ea2eedf7a,"{""TimeoutError:Patch feature/ranking CPU deadline reached"": 1, ""TimeoutError:feature_cpu_fraction"": 335, ""complete"": 1708}",f34af6971f6d152e007d28f686fedd88293f7c92365363b640741ec96a378ed6,03c14a7cfa6ef87ceef769f5caed9feeb8961dd59a34e25161acd3f0ffa23a59,48481b2a5d30411ca0f8374a6b1e3216ed03ee1b9cc22a9125a30152585db673
CP-AU-r001,r001,gW1200_gE1200_s0150,J,10.0,2,chils,development__CP-AU-r001__J__chils__t10__s2,development_round2__r2__CP-AU-r001__J__chils__t10__s2,d2467c622825d3325eb17cad86635ab35ab12edf232d09405a091a2024eaab78,6e642a6e1e9801b995c4732963caa9d083f0b15744832e0032fc60e17cd867f9,637981893371,670071843178,670071843178,0,670071.843178,670071.843178,0.000000,tie,32089949807,32089949807,0,3202.8934126981753,3203.4166515303077,0.5232388321324477,10.019050175,10.017413686000001,-0.0016364889999991306,0.0,0.0,0.0,0.0,0.0,0.0,0.0,0.0,0.0,0,0,0,,,,0,0,0,0,0,0,0,0,0,0,0,0,0,0,0,0,0,0,0.01905017500000028,0.01741368600000115,-0.0016364889999991306,{},,,96dbf7ba1676d8b2ff753b03aeb2a77fb00b7963bb3f70609ce325e74db4d07c,{},,,f828e910a0983cb8956c73c41c013881e426a28f534ee2cfab0ccaaf80fae4e5
CP-AU-r001,r001,gW1200_gE1200_s0150,J,10.0,2,chils_ils,development__CP-AU-r001__J__chils_ils__t10__s2,development_round2__r2__CP-AU-r001__J__chils_ils__t10__s2,d2467c622825d3325eb17cad86635ab35ab12edf232d09405a091a2024eaab78,6e642a6e1e9801b995c4732963caa9d083f0b15744832e0032fc60e17cd867f9,637981893371,699261275601,699261275601,0,699261.275601,699261.275601,0.000000,tie,61279382230,61279382230,0,6118.654686223077,6118.190174835432,-0.4645113876449633,10.015172513,10.015932894999999,0.0007603819999992822,0.0,0.0,0.0,0.0,0.0,0.0,0.0,0.0,0.0,0,0,0,,,,0,0,0,0,0,0,0,0,0,0,0,0,0,0,0,0,0,0,0.015172512999999554,0.015932894999998837,0.0007603819999992822,{},,,97953a3d4ff4f02d1a09be3e3dbe7647345595eeb53d4d2e0a667854181b3a6b,{},,,bda24dcc885f3c00b11e5e64e023ffbabac5a0b088f2aaeda00ab3e1f47a9715
CP-AU-r001,r001,gW1200_gE1200_s0150,J,10.0,2,cp_sat,development__CP-AU-r001__J__cp_sat__t10__s2,development_round2__r2__CP-AU-r001__J__cp_sat__t10__s2,d2467c622825d3325eb17cad86635ab35ab12edf232d09405a091a2024eaab78,6e642a6e1e9801b995c4732963caa9d083f0b15744832e0032fc60e17cd867f9,637981893371,637981893371,637981893371,0,637981.893371,637981.893371,0.000000,tie,0,0,0,0.0,0.0,0.0,10.025305175,10.025624075,0.0003188999999998998,0.0,0.0,0.0,0.0,0.0,0.0,0.0,0.0,0.0,0,0,0,,,,0,0,0,0,0,0,0,0,0,0,0,0,0,0,0,0,0,0,0.025305174999999736,0.025624074999999635,0.0003188999999998998,{},,,301d7197d2e17e6af0f116a763c64381eaec7c3aeaefc46d85f8dd81143804ec,{},,,83ff01cdf51bde9f13ed933fba4a49a2397f885dbf997549e9d53be6ead6de44
CP-AU-r001,r001,gW1200_gE1200_s0150,J,10.0,2,degree,development__CP-AU-r001__J__degree__t10__s2,development_round2__r2__CP-AU-r001__J__degree__t10__s2,d2467c622825d3325eb17cad86635ab35ab12edf232d09405a091a2024eaab78,6e642a6e1e9801b995c4732963caa9d083f0b15744832e0032fc60e17cd867f9,637981893371,675140990360,676610469641,1469479281,675140.990360,676610.469641,1469.479281,win,37159096989,38628576270,1469479281,3712.812571641239,3860.429436958386,147.6168653171469,10.008341728,10.006289948000001,-0.0020517799999986153,1.4838725900004317,2.169077715999797,0.6852051259993652,1.6139214499997343,2.37294178200027,0.7590203320005355,9.653707159999977,9.521711372000036,-0.13199578799994072,4318,6583,2265,0,0,0,0,0,0,936,1331,395,261,283,22,25946,39497,13551,0,0,0,0,0,0,0.008341727999999549,0.006289948000000933,-0.0020517799999986153,"{""TimeoutError:Patch feature/ranking CPU deadline reached"": 1, ""TimeoutError:feature_cpu_fraction"": 2, ""complete"": 4315}",,,01089217bdd94995e1d6779bcf5072a6e06aabc8c452929826483dd842fff318,"{""TimeoutError:feature_cpu_fraction"": 2, ""complete"": 6581}",,,e4bcc45bdd3d41def32d2e464b5f731391aa516dc0c0e18685a077374bc2ffd8
CP-AU-r001,r001,gW1200_gE1200_s0150,J,10.0,2,grammar_online,development__CP-AU-r001__J__grammar_online__t10__s2,development_round2__r2__CP-AU-r001__J__grammar_online__t10__s2,d2467c622825d3325eb17cad86635ab35ab12edf232d09405a091a2024eaab78,6e642a6e1e9801b995c4732963caa9d083f0b15744832e0032fc60e17cd867f9,637981893371,668764706316,668757644885,-7061431,668764.706316,668757.644885,-7.061431,loss,30782812945,30775751514,-7061431,3070.548693343694,3074.15403911357,3.6053457698760125,10.025183125,10.01112863,-0.01405449499999989,2.8663621630001246,5.250046109999963,2.3836839469998385,0.6882174049999391,1.061598996000193,0.3733815910002539,9.678295889999996,9.566029432999981,-0.1122664570000147,3904,5312,1408,487,171,-316,34994,107540,72546,444,142,-302,219,187,-32,9918,10863,945,487,171,-316,268,138,-130,0.025183124999999862,0.011128629999999973,-0.01405449499999989,"{""TimeoutError:feature_cpu_fraction"": 45, ""complete"": 3859}",,0a12c79acc209e3ccc33fa5f51f99a64ff0d0b6157c7e15e814f30dcb5594ef7,e79f22a6d5538577afcf5e9117a3b6310e80f1b839b0c5982aec46a584952505,"{""TimeoutError:feature_cpu_fraction"": 10, ""complete"": 5302}",f34af6971f6d152e007d28f686fedd88293f7c92365363b640741ec96a378ed6,0a12c79acc209e3ccc33fa5f51f99a64ff0d0b6157c7e15e814f30dcb5594ef7,bd1bd2c949ec8b5a8c30c1b07e08cdb16fedbe3bb18edf4dd5f6d144bec24d04
CP-AU-r001,r001,gW1200_gE1200_s0150,J,10.0,2,llm_feedback,development__CP-AU-r001__J__llm_feedback__t10__s2,development_round2__r2__CP-AU-r001__J__llm_feedback__t10__s2,d2467c622825d3325eb17cad86635ab35ab12edf232d09405a091a2024eaab78,6e642a6e1e9801b995c4732963caa9d083f0b15744832e0032fc60e17cd867f9,637981893371,671090899828,662785610431,-8305289397,671090.899828,662785.610431,-8305.289397,loss,33109006457,24803717060,-8305289397,3293.524626646973,2477.800195648732,-815.724430998241,10.052758127,10.010378199,-0.04237992800000079,3.028716964999755,6.247526880999709,3.2188099159999544,0.7224693820003576,0.37412681700022604,-0.34834256500013155,9.699350754000026,9.586547356000032,-0.1128033979999934,3648,4480,832,455,144,-311,37113,36880,-233,492,292,-200,225,123,-102,11277,5178,-6099,455,144,-311,253,106,-147,0.0527581270000006,0.01037819899999981,-0.04237992800000079,"{""TimeoutError:feature_cpu_fraction"": 19, ""complete"": 3629}",,7b1b95a69b3173221f79eb3dec2bb82e902204da6561c01748211b0349176005,9cfd6e1bf5fb876a71f3932e40d90d3e11623d7c471e632f87a8965045270bc5,"{""TimeoutError:feature_cpu_fraction"": 57, ""complete"": 4423}",f34af6971f6d152e007d28f686fedd88293f7c92365363b640741ec96a378ed6,886e2905dd1b64655fc387f30ab79e81b1fd9aeaadc9bc9460085d511465502b,796ef12be010072b4a4b434ee949518efd1debe206fbf4933b5c663f16c65215
CP-AU-r001,r001,gW1200_gE1200_s0150,J,10.0,2,llm_witness,development__CP-AU-r001__J__llm_witness__t10__s2,development_round2__r2__CP-AU-r001__J__llm_witness__t10__s2,d2467c622825d3325eb17cad86635ab35ab12edf232d09405a091a2024eaab78,6e642a6e1e9801b995c4732963caa9d083f0b15744832e0032fc60e17cd867f9,637981893371,669472379717,659699876303,-9772503414,669472.379717,659699.876303,-9772.503414,loss,31490486346,21717982932,-9772503414,3146.51079523648,2169.936540161006,-976.5742550754737,10.008065567,10.008579758,0.0005141910000006078,5.023532470000009,5.731487422000128,0.7079549520001187,1.143208547000011,0.4490619629999042,-0.6941465840001069,9.715052030999997,9.562105532000025,-0.15294649899997204,2446,4838,2392,305,156,-149,59505,42727,-16778,904,112,-792,230,132,-98,11412,5322,-6090,305,156,-149,174,103,-71,0.008065566999999163,0.00857975799999977,0.0005141910000006078,"{""TimeoutError:Patch feature/ranking CPU deadline reached"": 1, ""TimeoutError:feature_cpu_fraction"": 453, ""complete"": 1992}",,5f02aeff896b937b60b0682de1c4fc20552a9918d7c7c5837aee993b21a77b8e,0048f169283e6f9862ad56c62afc4ef34a502d6e949a0794fcb64eb652536153,"{""TimeoutError:Patch feature/ranking CPU deadline reached"": 1, ""TimeoutError:feature_cpu_fraction"": 36, ""complete"": 4801}",f34af6971f6d152e007d28f686fedd88293f7c92365363b640741ec96a378ed6,03c14a7cfa6ef87ceef769f5caed9feeb8961dd59a34e25161acd3f0ffa23a59,43a8e657a6ed53f5b5a9231554c2e84231c095147adc3e3327361bb902932bcf
CP-AU-r001,r001,gW1200_gE1200_s0150,J,10.0,2,witness_base9,development__CP-AU-r001__J__witness_base9__t10__s2,development_round2__r2__CP-AU-r001__J__witness_base9__t10__s2,d2467c622825d3325eb17cad86635ab35ab12edf232d09405a091a2024eaab78,6e642a6e1e9801b995c4732963caa9d083f0b15744832e0032fc60e17cd867f9,637981893371,681045589160,669106216148,-11939373012,681045.589160,669106.216148,-11939.373012,loss,43063695789,31124322777,-11939373012,4303.0557362953095,3110.117716277099,-1192.9380200182109,10.007701138,10.007442038,-0.00025909999999917943,1.9405248499998407,3.7502158079998855,1.8096909580000449,2.445526186000397,3.196892011999979,0.7513658259995819,9.698317784999983,9.724847849999978,0.026530064999995773,3366,2274,-1092,420,73,-347,0,0,0,770,221,-549,298,199,-99,24150,16628,-7522,420,73,-347,0,0,0,0.00770113799999983,0.00744203800000065,-0.00025909999999917943,"{""TimeoutError:Patch feature/ranking CPU deadline reached"": 1, ""TimeoutError:feature_cpu_fraction"": 3, ""complete"": 3362}",,5f02aeff896b937b60b0682de1c4fc20552a9918d7c7c5837aee993b21a77b8e,50144e9c9489dda44eca4afd763b5bfe13838b358731f37f8e3f7dacd94012f4,"{""TimeoutError:Patch feature/ranking CPU deadline reached"": 1, ""TimeoutError:feature_cpu_fraction"": 11, ""complete"": 2262}",f34af6971f6d152e007d28f686fedd88293f7c92365363b640741ec96a378ed6,03c14a7cfa6ef87ceef769f5caed9feeb8961dd59a34e25161acd3f0ffa23a59,070ada32681540e05947345da9fd17794a2e5d39e88742899855c00e7f06b433
CP-AU-r001,r001,gW1200_gE1200_s0150,J,10.0,2,witness_fixed,development__CP-AU-r001__J__witness_fixed__t10__s2,development_round2__r2__CP-AU-r001__J__witness_fixed__t10__s2,d2467c622825d3325eb17cad86635ab35ab12edf232d09405a091a2024eaab78,6e642a6e1e9801b995c4732963caa9d083f0b15744832e0032fc60e17cd867f9,637981893371,666826927763,669000182966,2173255203,666826.927763,669000.182966,2173.255203,win,28845034392,31018289595,2173255203,2882.1552585404847,3099.3919671045915,217.23670856410664,10.008147308000002,10.007862808,-0.00028450000000113107,7.247717842000319,6.030240799000106,-1.2174770430002129,0.8931009809997436,1.1029309939997884,0.2098300130000449,9.752992239000012,9.682668978999983,-0.07032326000002875,1492,2631,1139,0,0,0,108151,114375,6224,559,580,21,183,196,13,4375,8315,3940,0,0,0,0,0,0,0.00814730800000163,0.007862808000000499,-0.00028450000000113107,"{""TimeoutError:Patch feature/ranking CPU deadline reached"": 2, ""TimeoutError:feature_cpu_fraction"": 381, ""complete"": 1109}",,5f02aeff896b937b60b0682de1c4fc20552a9918d7c7c5837aee993b21a77b8e,6b04e5fb821afdc82fb9613f56c6d15b4f99d2ebfeacbdf357bf154d297adfb7,"{""TimeoutError:Patch feature/ranking CPU deadline reached"": 1, ""TimeoutError:feature_cpu_fraction"": 90, ""complete"": 2540}",f34af6971f6d152e007d28f686fedd88293f7c92365363b640741ec96a378ed6,03c14a7cfa6ef87ceef769f5caed9feeb8961dd59a34e25161acd3f0ffa23a59,ee2dcad940e93aaddb5e84bd1c102ed32ad82fa3b48e5b6f4cfc66ef64f1e9a9
