source_group,geometry_id,replicate_id,epoch_utc,contact_id,pass_id,satellite_id,site_id,antenna_id,start_utc,end_utc,start_seconds,end_seconds,duration_seconds,start_tick,end_tick,duration_tick,crosses_horizon,scope,access_settings_hash
CP-SOURCE-r000,A-P,r000,2026-11-01T00:00:00Z,CP-AP-r000:S-P01-S01:GS06:p0001,CP-AP-r000:S-P01-S01:GS06:p0001,S-P01-S01,GS06,GS06-A1,2026-10-31T23:00:00.000000Z,2026-10-31T23:01:50.719256Z,-3600.000000,-3489.280744,110.719256,-3600000000,-3489280744,110719256,False,outside_horizon_padding,f15eacfea5f4fdf5ab36674c369deeac90ef1324f43cba80f9c6dc879aa792d5
CP-SOURCE-r000,A-P,r000,2026-11-01T00:00:00Z,CP-AP-r000:S-P01-S01:GS12:p0001,CP-AP-r000:S-P01-S01:GS12:p0001,S-P01-S01,GS12,GS12-A1,2026-10-31T23:00:00.000000Z,2026-10-31T23:01:28.804485Z,-3600.000000,-3511.195515,88.804485,-3600000000,-3511195515,88804485,False,outside_horizon_padding,f15eacfea5f4fdf5ab36674c369deeac90ef1324f43cba80f9c6dc879aa792d5
CP-SOURCE-r000,A-P,r000,2026-11-01T00:00:00Z,CP-AP-r000:S-P01-S02:GS06:p0001,CP-AP-r000:S-P01-S02:GS06:p0001,S-P01-S02,GS06,GS06-A1,2026-10-31T23:00:00.000000Z,2026-10-31T23:00:02.071206Z,-3600.000000,-3597.928794,2.071206,-3600000000,-3597928794,2071206,False,outside_horizon_padding,f15eacfea5f4fdf5ab36674c369deeac90ef1324f43cba80f9c6dc879aa792d5
CP-SOURCE-r000,A-P,r000,2026-11-01T00:00:00Z,CP-AP-r000:S-P03-S09:GS01:p0001,CP-AP-r000:S-P03-S09:GS01:p0001,S-P03-S09,GS01,GS01-A1,2026-10-31T23:00:00.000000Z,2026-10-31T23:02:57.711780Z,-3600.000000,-3422.288220,177.711780,-3600000000,-3422288220,177711780,False,outside_horizon_padding,f15eacfea5f4fdf5ab36674c369deeac90ef1324f43cba80f9c6dc879aa792d5
CP-SOURCE-r000,A-P,r000,2026-11-01T00:00:00Z,CP-AP-r000:S-P03-S09:GS02:p0001,CP-AP-r000:S-P03-S09:GS02:p0001,S-P03-S09,GS02,GS02-A1,2026-10-31T23:00:00.000000Z,2026-10-31T23:04:31.129612Z,-3600.000000,-3328.870388,271.129612,-3600000000,-3328870388,271129612,False,outside_horizon_padding,f15eacfea5f4fdf5ab36674c369deeac90ef1324f43cba80f9c6dc879aa792d5
CP-SOURCE-r000,A-P,r000,2026-11-01T00:00:00Z,CP-AP-r000:S-P03-S09:GS03:p0001,CP-AP-r000:S-P03-S09:GS03:p0001,S-P03-S09,GS03,GS03-A1,2026-10-31T23:00:00.000000Z,2026-10-31T23:05:43.375190Z,-3600.000000,-3256.624810,343.375190,-3600000000,-3256624810,343375190,False,outside_horizon_padding,f15eacfea5f4fdf5ab36674c369deeac90ef1324f43cba80f9c6dc879aa792d5
CP-SOURCE-r000,A-P,r000,2026-11-01T00:00:00Z,CP-AP-r000:S-P03-S09:GS04:p0001,CP-AP-r000:S-P03-S09:GS04:p0001,S-P03-S09,GS04,GS04-A1,2026-10-31T23:00:00.000000Z,2026-10-31T23:06:41.203748Z,-3600.000000,-3198.796252,401.203748,-3600000000,-3198796252,401203748,False,outside_horizon_padding,f15eacfea5f4fdf5ab36674c369deeac90ef1324f43cba80f9c6dc879aa792d5
CP-SOURCE-r000,A-P,r000,2026-11-01T00:00:00Z,CP-AP-r000:S-P03-S09:GS05:p0001,CP-AP-r000:S-P03-S09:GS05:p0001,S-P03-S09,GS05,GS05-A1,2026-10-31T23:00:00.000000Z,2026-10-31T23:07:26.716488Z,-3600.000000,-3153.283512,446.716488,-3600000000,-3153283512,446716488,False,outside_horizon_padding,f15eacfea5f4fdf5ab36674c369deeac90ef1324f43cba80f9c6dc879aa792d5
CP-SOURCE-r000,A-P,r000,2026-11-01T00:00:00Z,CP-AP-r000:S-P03-S09:GS07:p0001,CP-AP-r000:S-P03-S09:GS07:p0001,S-P03-S09,GS07,GS07-A1,2026-10-31T23:00:00.000000Z,2026-10-31T23:03:21.684281Z,-3600.000000,-3398.315719,201.684281,-3600000000,-3398315719,201684281,False,outside_horizon_padding,f15eacfea5f4fdf5ab36674c369deeac90ef1324f43cba80f9c6dc879aa792d5
CP-SOURCE-r000,A-P,r000,2026-11-01T00:00:00Z,CP-AP-r000:S-P03-S09:GS08:p0001,CP-AP-r000:S-P03-S09:GS08:p0001,S-P03-S09,GS08,GS08-A1,2026-10-31T23:00:00.000000Z,2026-10-31T23:05:09.281004Z,-3600.000000,-3290.718996,309.281004,-3600000000,-3290718996,309281004,False,outside_horizon_padding,f15eacfea5f4fdf5ab36674c369deeac90ef1324f43cba80f9c6dc879aa792d5
CP-SOURCE-r000,A-P,r000,2026-11-01T00:00:00Z,CP-AP-r000:S-P03-S09:GS09:p0001,CP-AP-r000:S-P03-S09:GS09:p0001,S-P03-S09,GS09,GS09-A1,2026-10-31T23:00:00.000000Z,2026-10-31T23:06:30.705513Z,-3600.000000,-3209.294487,390.705513,-3600000000,-3209294487,390705513,False,outside_horizon_padding,f15eacfea5f4fdf5ab36674c369deeac90ef1324f43cba80f9c6dc879aa792d5
CP-SOURCE-r000,A-P,r000,2026-11-01T00:00:00Z,CP-AP-r000:S-P03-S09:GS10:p0001,CP-AP-r000:S-P03-S09:GS10:p0001,S-P03-S09,GS10,GS10-A1,2026-10-31T23:00:00.000000Z,2026-10-31T23:07:37.242510Z,-3600.000000,-3142.757490,457.242510,-3600000000,-3142757490,457242510,False,outside_horizon_padding,f15eacfea5f4fdf5ab36674c369deeac90ef1324f43cba80f9c6dc879aa792d5
CP-SOURCE-r000,A-P,r000,2026-11-01T00:00:00Z,CP-AP-r000:S-P03-S09:GS11:p0001,CP-AP-r000:S-P03-S09:GS11:p0001,S-P03-S09,GS11,GS11-A1,2026-10-31T23:00:00.000000Z,2026-10-31T23:08:33.172691Z,-3600.000000,-3086.827309,513.172691,-3600000000,-3086827309,513172691,False,outside_horizon_padding,f15eacfea5f4fdf5ab36674c369deeac90ef1324f43cba80f9c6dc879aa792d5
CP-SOURCE-r000,A-P,r000,2026-11-01T00:00:00Z,CP-AP-r000:S-P03-S10:GS01:p0001,CP-AP-r000:S-P03-S10:GS01:p0001,S-P03-S10,GS01,GS01-A1,2026-10-31T23:00:00.000000Z,2026-10-31T23:01:09.074963Z,-3600.000000,-3530.925037,69.074963,-3600000000,-3530925037,69074963,False,outside_horizon_padding,f15eacfea5f4fdf5ab36674c369deeac90ef1324f43cba80f9c6dc879aa792d5
CP-SOURCE-r000,A-P,r000,2026-11-01T00:00:00Z,CP-AP-r000:S-P03-S10:GS02:p0001,CP-AP-r000:S-P03-S10:GS02:p0001,S-P03-S10,GS02,GS02-A1,2026-10-31T23:00:00.000000Z,2026-10-31T23:02:44.507412Z,-3600.000000,-3435.492588,164.507412,-3600000000,-3435492588,164507412,False,outside_horizon_padding,f15eacfea5f4fdf5ab36674c369deeac90ef1324f43cba80f9c6dc879aa792d5
CP-SOURCE-r000,A-P,r000,2026-11-01T00:00:00Z,CP-AP-r000:S-P03-S10:GS03:p0001,CP-AP-r000:S-P03-S10:GS03:p0001,S-P03-S10,GS03,GS03-A1,2026-10-31T23:00:00.000000Z,2026-10-31T23:03:57.952719Z,-3600.000000,-3362.047281,237.952719,-3600000000,-3362047281,237952719,False,outside_horizon_padding,f15eacfea5f4fdf5ab36674c369deeac90ef1324f43cba80f9c6dc879aa792d5
CP-SOURCE-r000,A-P,r000,2026-11-01T00:00:00Z,CP-AP-r000:S-P03-S10:GS04:p0001,CP-AP-r000:S-P03-S10:GS04:p0001,S-P03-S10,GS04,GS04-A1,2026-10-31T23:00:00.000000Z,2026-10-31T23:04:56.697463Z,-3600.000000,-3303.302537,296.697463,-3600000000,-3303302537,296697463,False,outside_horizon_padding,f15eacfea5f4fdf5ab36674c369deeac90ef1324f43cba80f9c6dc879aa792d5
CP-SOURCE-r000,A-P,r000,2026-11-01T00:00:00Z,CP-AP-r000:S-P03-S10:GS05:p0001,CP-AP-r000:S-P03-S10:GS05:p0001,S-P03-S10,GS05,GS05-A1,2026-10-31T23:00:00.000000Z,2026-10-31T23:05:43.079998Z,-3600.000000,-3256.920002,343.079998,-3600000000,-3256920002,343079998,False,outside_horizon_padding,f15eacfea5f4fdf5ab36674c369deeac90ef1324f43cba80f9c6dc879aa792d5
CP-SOURCE-r000,A-P,r000,2026-11-01T00:00:00Z,CP-AP-r000:S-P03-S10:GS06:p0001,CP-AP-r000:S-P03-S10:GS06:p0001,S-P03-S10,GS06,GS06-A1,2026-10-31T23:00:00.000000Z,2026-10-31T23:06:16.149774Z,-3600.000000,-3223.850226,376.149774,-3600000000,-3223850226,376149774,False,outside_horizon_padding,f15eacfea5f4fdf5ab36674c369deeac90ef1324f43cba80f9c6dc879aa792d5
CP-SOURCE-r000,A-P,r000,2026-11-01T00:00:00Z,CP-AP-r000:S-P03-S10:GS07:p0001,CP-AP-r000:S-P03-S10:GS07:p0001,S-P03-S10,GS07,GS07-A1,2026-10-31T23:00:00.000000Z,2026-10-31T23:01:31.508064Z,-3600.000000,-3508.491936,91.508064,-3600000000,-3508491936,91508064,False,outside_horizon_padding,f15eacfea5f4fdf5ab36674c369deeac90ef1324f43cba80f9c6dc879aa792d5
CP-SOURCE-r000,A-P,r000,2026-11-01T00:00:00Z,CP-AP-r000:S-P03-S10:GS08:p0001,CP-AP-r000:S-P03-S10:GS08:p0001,S-P03-S10,GS08,GS08-A1,2026-10-31T23:00:00.000000Z,2026-10-31T23:03:21.908922Z,-3600.000000,-3398.091078,201.908922,-3600000000,-3398091078,201908922,False,outside_horizon_padding,f15eacfea5f4fdf5ab36674c369deeac90ef1324f43cba80f9c6dc879aa792d5
CP-SOURCE-r000,A-P,r000,2026-11-01T00:00:00Z,CP-AP-r000:S-P03-S10:GS09:p0001,CP-AP-r000:S-P03-S10:GS09:p0001,S-P03-S10,GS09,GS09-A1,2026-10-31T23:00:00.000000Z,2026-10-31T23:04:44.676040Z,-3600.000000,-3315.323960,284.676040,-3600000000,-3315323960,284676040,False,outside_horizon_padding,f15eacfea5f4fdf5ab36674c369deeac90ef1324f43cba80f9c6dc879aa792d5
CP-SOURCE-r000,A-P,r000,2026-11-01T00:00:00Z,CP-AP-r000:S-P03-S10:GS10:p0001,CP-AP-r000:S-P03-S10:GS10:p0001,S-P03-S10,GS10,GS10-A1,2026-10-31T23:00:00.000000Z,2026-10-31T23:05:52.086204Z,-3600.000000,-3247.913796,352.086204,-3600000000,-3247913796,352086204,False,outside_horizon_padding,f15eacfea5f4fdf5ab36674c369deeac90ef1324f43cba80f9c6dc879aa792d5
CP-SOURCE-r000,A-P,r000,2026-11-01T00:00:00Z,CP-AP-r000:S-P03-S10:GS11:p0001,CP-AP-r000:S-P03-S10:GS11:p0001,S-P03-S10,GS11,GS11-A1,2026-10-31T23:00:00.000000Z,2026-10-31T23:06:48.691974Z,-3600.000000,-3191.308026,408.691974,-3600000000,-3191308026,408691974,False,outside_horizon_padding,f15eacfea5f4fdf5ab36674c369deeac90ef1324f43cba80f9c6dc879aa792d5
CP-SOURCE-r000,A-P,r000,2026-11-01T00:00:00Z,CP-AP-r000:S-P03-S10:GS12:p0001,CP-AP-r000:S-P03-S10:GS12:p0001,S-P03-S10,GS12,GS12-A1,2026-10-31T23:00:00.000000Z,2026-10-31T23:07:36.313210Z,-3600.000000,-3143.686790,456.313210,-3600000000,-3143686790,456313210,False,outside_horizon_padding,f15eacfea5f4fdf5ab36674c369deeac90ef1324f43cba80f9c6dc879aa792d5
CP-SOURCE-r000,A-P,r000,2026-11-01T00:00:00Z,CP-AP-r000:S-P03-S09:GS06:p0001,CP-AP-r000:S-P03-S09:GS06:p0001,S-P03-S09,GS06,GS06-A1,2026-10-31T23:00:46.281146Z,2026-10-31T23:07:58.685023Z,-3553.718854,-3121.314977,432.403877,-3553718854,-3121314977,432403877,False,outside_horizon_padding,f15eacfea5f4fdf5ab36674c369deeac90ef1324f43cba80f9c6dc879aa792d5
CP-SOURCE-r000,A-P,r000,2026-11-01T00:00:00Z,CP-AP-r000:S-P03-S09:GS12:p0001,CP-AP-r000:S-P03-S09:GS12:p0001,S-P03-S09,GS12,GS12-A1,2026-10-31T23:00:56.713913Z,2026-10-31T23:09:20.177274Z,-3543.286087,-3039.822726,503.463361,-3543286087,-3039822726,503463361,False,outside_horizon_padding,f15eacfea5f4fdf5ab36674c369deeac90ef1324f43cba80f9c6dc879aa792d5
CP-SOURCE-r000,A-P,r000,2026-11-01T00:00:00Z,CP-AP-r000:S-P07-S12:GS07:p0001,CP-AP-r000:S-P07-S12:GS07:p0001,S-P07-S12,GS07,GS07-A1,2026-10-31T23:05:03.224841Z,2026-10-31T23:12:41.501362Z,-3296.775159,-2838.498638,458.276521,-3296775159,-2838498638,458276521,False,outside_horizon_padding,f15eacfea5f4fdf5ab36674c369deeac90ef1324f43cba80f9c6dc879aa792d5
CP-SOURCE-r000,A-P,r000,2026-11-01T00:00:00Z,CP-AP-r000:S-P07-S12:GS01:p0001,CP-AP-r000:S-P07-S12:GS01:p0001,S-P07-S12,GS01,GS01-A1,2026-10-31T23:05:37.349784Z,2026-10-31T23:14:01.717058Z,-3262.650216,-2758.282942,504.367274,-3262650216,-2758282942,504367274,False,outside_horizon_padding,f15eacfea5f4fdf5ab36674c369deeac90ef1324f43cba80f9c6dc879aa792d5
CP-SOURCE-r000,A-P,r000,2026-11-01T00:00:00Z,CP-AP-r000:S-P01-S12:GS09:p0001,CP-AP-r000:S-P01-S12:GS09:p0001,S-P01-S12,GS09,GS09-A1,2026-10-31T23:06:27.813890Z,2026-10-31T23:12:09.125896Z,-3212.186110,-2870.874104,341.312006,-3212186110,-2870874104,341312006,False,outside_horizon_padding,f15eacfea5f4fdf5ab36674c369deeac90ef1324f43cba80f9c6dc879aa792d5
CP-SOURCE-r000,A-P,r000,2026-11-01T00:00:00Z,CP-AP-r000:S-P01-S12:GS08:p0001,CP-AP-r000:S-P01-S12:GS08:p0001,S-P01-S12,GS08,GS08-A1,2026-10-31T23:06:33.072021Z,2026-10-31T23:09:18.829363Z,-3206.927979,-3041.170637,165.757342,-3206927979,-3041170637,165757342,False,outside_horizon_padding,f15eacfea5f4fdf5ab36674c369deeac90ef1324f43cba80f9c6dc879aa792d5
CP-SOURCE-r000,A-P,r000,2026-11-01T00:00:00Z,CP-AP-r000:S-P07-S11:GS07:p0001,CP-AP-r000:S-P07-S11:GS07:p0001,S-P07-S11,GS07,GS07-A1,2026-10-31T23:06:51.370725Z,2026-10-31T23:14:22.286707Z,-3188.629275,-2737.713293,450.915982,-3188629275,-2737713293,450915982,False,outside_horizon_padding,f15eacfea5f4fdf5ab36674c369deeac90ef1324f43cba80f9c6dc879aa792d5
CP-SOURCE-r000,A-P,r000,2026-11-01T00:00:00Z,CP-AP-r000:S-P01-S12:GS10:p0001,CP-AP-r000:S-P01-S12:GS10:p0001,S-P01-S12,GS10,GS10-A1,2026-10-31T23:06:53.989148Z,2026-10-31T23:14:17.396783Z,-3186.010852,-2742.603217,443.407635,-3186010852,-2742603217,443407635,False,outside_horizon_padding,f15eacfea5f4fdf5ab36674c369deeac90ef1324f43cba80f9c6dc879aa792d5
CP-SOURCE-r000,A-P,r000,2026-11-01T00:00:00Z,CP-AP-r000:S-P07-S12:GS08:p0001,CP-AP-r000:S-P07-S12:GS08:p0001,S-P07-S12,GS08,GS08-A1,2026-10-31T23:07:09.322904Z,2026-10-31T23:12:15.215507Z,-3170.677096,-2864.784493,305.892603,-3170677096,-2864784493,305892603,False,outside_horizon_padding,f15eacfea5f4fdf5ab36674c369deeac90ef1324f43cba80f9c6dc879aa792d5
CP-SOURCE-r000,A-P,r000,2026-11-01T00:00:00Z,CP-AP-r000:S-P07-S12:GS02:p0001,CP-AP-r000:S-P07-S12:GS02:p0001,S-P07-S12,GS02,GS02-A1,2026-10-31T23:07:23.195605Z,2026-10-31T23:14:00.560571Z,-3156.804395,-2759.439429,397.364966,-3156804395,-2759439429,397364966,False,outside_horizon_padding,f15eacfea5f4fdf5ab36674c369deeac90ef1324f43cba80f9c6dc879aa792d5
CP-SOURCE-r000,A-P,r000,2026-11-01T00:00:00Z,CP-AP-r000:S-P07-S11:GS01:p0001,CP-AP-r000:S-P07-S11:GS01:p0001,S-P07-S11,GS01,GS01-A1,2026-10-31T23:07:24.586874Z,2026-10-31T23:15:43.746089Z,-3155.413126,-2656.253911,499.159215,-3155413126,-2656253911,499159215,False,outside_horizon_padding,f15eacfea5f4fdf5ab36674c369deeac90ef1324f43cba80f9c6dc879aa792d5
CP-SOURCE-r000,A-P,r000,2026-11-01T00:00:00Z,CP-AP-r000:S-P01-S12:GS11:p0001,CP-AP-r000:S-P01-S12:GS11:p0001,S-P01-S12,GS11,GS11-A1,2026-10-31T23:07:32.600074Z,2026-10-31T23:16:02.829959Z,-3147.399926,-2637.170041,510.229885,-3147399926,-2637170041,510229885,False,outside_horizon_padding,f15eacfea5f4fdf5ab36674c369deeac90ef1324f43cba80f9c6dc879aa792d5
CP-SOURCE-r000,A-P,r000,2026-11-01T00:00:00Z,CP-AP-r000:S-P01-S11:GS09:p0001,CP-AP-r000:S-P01-S11:GS09:p0001,S-P01-S11,GS09,GS09-A1,2026-10-31T23:08:09.892966Z,2026-10-31T23:13:59.988487Z,-3110.107034,-2760.011513,350.095521,-3110107034,-2760011513,350095521,False,outside_horizon_padding,f15eacfea5f4fdf5ab36674c369deeac90ef1324f43cba80f9c6dc879aa792d5
CP-SOURCE-r000,A-P,r000,2026-11-01T00:00:00Z,CP-AP-r000:S-P01-S11:GS08:p0001,CP-AP-r000:S-P01-S11:GS08:p0001,S-P01-S11,GS08,GS08-A1,2026-10-31T23:08:10.719657Z,2026-10-31T23:11:14.873306Z,-3109.280343,-2925.126694,184.153649,-3109280343,-2925126694,184153649,False,outside_horizon_padding,f15eacfea5f4fdf5ab36674c369deeac90ef1324f43cba80f9c6dc879aa792d5
CP-SOURCE-r000,A-P,r000,2026-11-01T00:00:00Z,CP-AP-r000:S-P01-S12:GS12:p0001,CP-AP-r000:S-P01-S12:GS12:p0001,S-P01-S12,GS12,GS12-A1,2026-10-31T23:08:20.395479Z,2026-10-31T23:17:29.174804Z,-3099.604521,-2550.825196,548.779325,-3099604521,-2550825196,548779325,False,outside_horizon_padding,f15eacfea5f4fdf5ab36674c369deeac90ef1324f43cba80f9c6dc879aa792d5
CP-SOURCE-r000,A-P,r000,2026-11-01T00:00:00Z,CP-AP-r000:S-P01-S11:GS10:p0001,CP-AP-r000:S-P01-S11:GS10:p0001,S-P01-S11,GS10,GS10-A1,2026-10-31T23:08:37.203974Z,2026-10-31T23:16:06.375333Z,-3082.796026,-2633.624667,449.171359,-3082796026,-2633624667,449171359,False,outside_horizon_padding,f15eacfea5f4fdf5ab36674c369deeac90ef1324f43cba80f9c6dc879aa792d5
CP-SOURCE-r000,A-P,r000,2026-11-01T00:00:00Z,CP-AP-r000:S-P01-S12:GS04:p0001,CP-AP-r000:S-P01-S12:GS04:p0001,S-P01-S12,GS04,GS04-A1,2026-10-31T23:08:38.635975Z,2026-10-31T23:13:59.374656Z,-3081.364025,-2760.625344,320.738681,-3081364025,-2760625344,320738681,False,outside_horizon_padding,f15eacfea5f4fdf5ab36674c369deeac90ef1324f43cba80f9c6dc879aa792d5
CP-SOURCE-r000,A-P,r000,2026-11-01T00:00:00Z,CP-AP-r000:S-P01-S12:GS05:p0001,CP-AP-r000:S-P01-S12:GS05:p0001,S-P01-S12,GS05,GS05-A1,2026-10-31T23:08:51.811725Z,2026-10-31T23:16:16.764149Z,-3068.188275,-2623.235851,444.952424,-3068188275,-2623235851,444952424,False,outside_horizon_padding,f15eacfea5f4fdf5ab36674c369deeac90ef1324f43cba80f9c6dc879aa792d5
CP-SOURCE-r000,A-P,r000,2026-11-01T00:00:00Z,CP-AP-r000:S-P07-S11:GS08:p0001,CP-AP-r000:S-P07-S11:GS08:p0001,S-P07-S11,GS08,GS08-A1,2026-10-31T23:09:02.098306Z,2026-10-31T23:13:50.915211Z,-3057.901694,-2769.084789,288.816905,-3057901694,-2769084789,288816905,False,outside_horizon_padding,f15eacfea5f4fdf5ab36674c369deeac90ef1324f43cba80f9c6dc879aa792d5
CP-SOURCE-r000,A-P,r000,2026-11-01T00:00:00Z,CP-AP-r000:S-P07-S11:GS02:p0001,CP-AP-r000:S-P07-S11:GS02:p0001,S-P07-S11,GS02,GS02-A1,2026-10-31T23:09:13.224187Z,2026-10-31T23:15:39.369039Z,-3046.775813,-2660.630961,386.144852,-3046775813,-2660630961,386144852,False,outside_horizon_padding,f15eacfea5f4fdf5ab36674c369deeac90ef1324f43cba80f9c6dc879aa792d5
CP-SOURCE-r000,A-P,r000,2026-11-01T00:00:00Z,CP-AP-r000:S-P01-S11:GS11:p0001,CP-AP-r000:S-P01-S11:GS11:p0001,S-P01-S11,GS11,GS11-A1,2026-10-31T23:09:16.517643Z,2026-10-31T23:17:50.382980Z,-3043.482357,-2529.617020,513.865337,-3043482357,-2529617020,513865337,False,outside_horizon_padding,f15eacfea5f4fdf5ab36674c369deeac90ef1324f43cba80f9c6dc879aa792d5
CP-SOURCE-r000,A-P,r000,2026-11-01T00:00:00Z,CP-AP-r000:S-P01-S12:GS06:p0001,CP-AP-r000:S-P01-S12:GS06:p0001,S-P01-S12,GS06,GS06-A1,2026-10-31T23:09:25.405422Z,2026-10-31T23:18:02.902518Z,-3034.594578,-2517.097482,517.497096,-3034594578,-2517097482,517497096,False,outside_horizon_padding,f15eacfea5f4fdf5ab36674c369deeac90ef1324f43cba80f9c6dc879aa792d5
CP-SOURCE-r000,A-P,r000,2026-11-01T00:00:00Z,CP-AP-r000:S-P01-S11:GS12:p0001,CP-AP-r000:S-P01-S11:GS12:p0001,S-P01-S11,GS12,GS12-A1,2026-10-31T23:10:04.939395Z,2026-10-31T23:19:15.423163Z,-2995.060605,-2444.576837,550.483768,-2995060605,-2444576837,550483768,False,outside_horizon_padding,f15eacfea5f4fdf5ab36674c369deeac90ef1324f43cba80f9c6dc879aa792d5
CP-SOURCE-r000,A-P,r000,2026-11-01T00:00:00Z,CP-AP-r000:S-P01-S11:GS04:p0001,CP-AP-r000:S-P01-S11:GS04:p0001,S-P01-S11,GS04,GS04-A1,2026-10-31T23:10:19.283125Z,2026-10-31T23:15:51.420748Z,-2980.716875,-2648.579252,332.137623,-2980716875,-2648579252,332137623,False,outside_horizon_padding,f15eacfea5f4fdf5ab36674c369deeac90ef1324f43cba80f9c6dc879aa792d5
CP-SOURCE-r000,A-P,r000,2026-11-01T00:00:00Z,CP-AP-r000:S-P01-S11:GS05:p0001,CP-AP-r000:S-P01-S11:GS05:p0001,S-P01-S11,GS05,GS05-A1,2026-10-31T23:10:34.489103Z,2026-10-31T23:18:05.981669Z,-2965.510897,-2514.018331,451.492566,-2965510897,-2514018331,451492566,False,outside_horizon_padding,f15eacfea5f4fdf5ab36674c369deeac90ef1324f43cba80f9c6dc879aa792d5
CP-SOURCE-r000,A-P,r000,2026-11-01T00:00:00Z,CP-AP-r000:S-P03-S08:GS01:p0001,CP-AP-r000:S-P03-S08:GS01:p0001,S-P03-S08,GS01,GS01-A1,2026-10-31T23:10:41.142369Z,2026-10-31T23:19:07.770903Z,-2958.857631,-2452.229097,506.628534,-2958857631,-2452229097,506628534,False,outside_horizon_padding,f15eacfea5f4fdf5ab36674c369deeac90ef1324f43cba80f9c6dc879aa792d5
CP-SOURCE-r000,A-P,r000,2026-11-01T00:00:00Z,CP-AP-r000:S-P07-S12:GS03:p0001,CP-AP-r000:S-P07-S12:GS03:p0001,S-P07-S12,GS03,GS03-A1,2026-10-31T23:10:45.825499Z,2026-10-31T23:12:16.975776Z,-2954.174501,-2863.024224,91.150277,-2954174501,-2863024224,91150277,False,outside_horizon_padding,f15eacfea5f4fdf5ab36674c369deeac90ef1324f43cba80f9c6dc879aa792d5
CP-SOURCE-r000,A-P,r000,2026-11-01T00:00:00Z,CP-AP-r000:S-P01-S11:GS06:p0001,CP-AP-r000:S-P01-S11:GS06:p0001,S-P01-S11,GS06,GS06-A1,2026-10-31T23:11:09.140021Z,2026-10-31T23:19:50.330363Z,-2930.859979,-2409.669637,521.190342,-2930859979,-2409669637,521190342,False,outside_horizon_padding,f15eacfea5f4fdf5ab36674c369deeac90ef1324f43cba80f9c6dc879aa792d5
CP-SOURCE-r000,A-P,r000,2026-11-01T00:00:00Z,CP-AP-r000:S-P03-S08:GS02:p0001,CP-AP-r000:S-P03-S08:GS02:p0001,S-P03-S08,GS02,GS02-A1,2026-10-31T23:11:14.716138Z,2026-10-31T23:20:26.494177Z,-2925.283862,-2373.505823,551.778039,-2925283862,-2373505823,551778039,False,outside_horizon_padding,f15eacfea5f4fdf5ab36674c369deeac90ef1324f43cba80f9c6dc879aa792d5
CP-SOURCE-r000,A-P,r000,2026-11-01T00:00:00Z,CP-AP-r000:S-P03-S08:GS07:p0001,CP-AP-r000:S-P03-S08:GS07:p0001,S-P03-S08,GS07,GS07-A1,2026-10-31T23:12:00.855566Z,2026-10-31T23:19:41.835741Z,-2879.144434,-2418.164259,460.980175,-2879144434,-2418164259,460980175,False,outside_horizon_padding,f15eacfea5f4fdf5ab36674c369deeac90ef1324f43cba80f9c6dc879aa792d5
CP-SOURCE-r000,A-P,r000,2026-11-01T00:00:00Z,CP-AP-r000:S-P03-S08:GS03:p0001,CP-AP-r000:S-P03-S08:GS03:p0001,S-P03-S08,GS03,GS03-A1,2026-10-31T23:12:11.899077Z,2026-10-31T23:21:29.116142Z,-2868.100923,-2310.883858,557.217065,-2868100923,-2310883858,557217065,False,outside_horizon_padding,f15eacfea5f4fdf5ab36674c369deeac90ef1324f43cba80f9c6dc879aa792d5
CP-SOURCE-r000,A-P,r000,2026-11-01T00:00:00Z,CP-AP-r000:S-P03-S08:GS08:p0001,CP-AP-r000:S-P03-S08:GS08:p0001,S-P03-S08,GS08,GS08-A1,2026-10-31T23:12:19.639102Z,2026-10-31T23:21:10.700331Z,-2860.360898,-2329.299669,531.061229,-2860360898,-2329299669,531061229,False,outside_horizon_padding,f15eacfea5f4fdf5ab36674c369deeac90ef1324f43cba80f9c6dc879aa792d5
CP-SOURCE-r000,A-P,r000,2026-11-01T00:00:00Z,CP-AP-r000:S-P03-S07:GS01:p0001,CP-AP-r000:S-P03-S07:GS01:p0001,S-P03-S07,GS01,GS01-A1,2026-10-31T23:12:23.436751Z,2026-10-31T23:20:54.851016Z,-2856.563249,-2345.148984,511.414265,-2856563249,-2345148984,511414265,False,outside_horizon_padding,f15eacfea5f4fdf5ab36674c369deeac90ef1324f43cba80f9c6dc879aa792d5
CP-SOURCE-r000,A-P,r000,2026-11-01T00:00:00Z,CP-AP-r000:S-P03-S07:GS02:p0001,CP-AP-r000:S-P03-S07:GS02:p0001,S-P03-S07,GS02,GS02-A1,2026-10-31T23:12:58.862410Z,2026-10-31T23:22:12.223162Z,-2821.137590,-2267.776838,553.360752,-2821137590,-2267776838,553360752,False,outside_horizon_padding,f15eacfea5f4fdf5ab36674c369deeac90ef1324f43cba80f9c6dc879aa792d5
CP-SOURCE-r000,A-P,r000,2026-11-01T00:00:00Z,CP-AP-r000:S-P03-S08:GS09:p0001,CP-AP-r000:S-P03-S08:GS09:p0001,S-P03-S08,GS09,GS09-A1,2026-10-31T23:13:03.570168Z,2026-10-31T23:22:21.919467Z,-2816.429832,-2258.080533,558.349299,-2816429832,-2258080533,558349299,False,outside_horizon_padding,f15eacfea5f4fdf5ab36674c369deeac90ef1324f43cba80f9c6dc879aa792d5
CP-SOURCE-r000,A-P,r000,2026-11-01T00:00:00Z,CP-AP-r000:S-P03-S08:GS04:p0001,CP-AP-r000:S-P03-S08:GS04:p0001,S-P03-S08,GS04,GS04-A1,2026-10-31T23:13:30.322841Z,2026-10-31T23:22:19.030118Z,-2789.677159,-2260.969882,528.707277,-2789677159,-2260969882,528707277,False,outside_horizon_padding,f15eacfea5f4fdf5ab36674c369deeac90ef1324f43cba80f9c6dc879aa792d5
CP-SOURCE-r000,A-P,r000,2026-11-01T00:00:00Z,CP-AP-r000:S-P03-S07:GS07:p0001,CP-AP-r000:S-P03-S07:GS07:p0001,S-P03-S07,GS07,GS07-A1,2026-10-31T23:13:41.952758Z,2026-10-31T23:21:29.777990Z,-2778.047242,-2310.222010,467.825232,-2778047242,-2310222010,467825232,False,outside_horizon_padding,f15eacfea5f4fdf5ab36674c369deeac90ef1324f43cba80f9c6dc879aa792d5
CP-SOURCE-r000,A-P,r000,2026-11-01T00:00:00Z,CP-AP-r000:S-P03-S07:GS03:p0001,CP-AP-r000:S-P03-S07:GS03:p0001,S-P03-S07,GS03,GS03-A1,2026-10-31T23:13:57.586235Z,2026-10-31T23:23:13.874807Z,-2762.413765,-2206.125193,556.288572,-2762413765,-2206125193,556288572,False,outside_horizon_padding,f15eacfea5f4fdf5ab36674c369deeac90ef1324f43cba80f9c6dc879aa792d5
CP-SOURCE-r000,A-P,r000,2026-11-01T00:00:00Z,CP-AP-r000:S-P03-S07:GS08:p0001,CP-AP-r000:S-P03-S07:GS08:p0001,S-P03-S07,GS08,GS08-A1,2026-10-31T23:14:02.835034Z,2026-10-31T23:22:57.051597Z,-2757.164966,-2222.948403,534.216563,-2757164966,-2222948403,534216563,False,outside_horizon_padding,f15eacfea5f4fdf5ab36674c369deeac90ef1324f43cba80f9c6dc879aa792d5
CP-SOURCE-r000,A-P,r000,2026-11-01T00:00:00Z,CP-AP-r000:S-P03-S08:GS10:p0001,CP-AP-r000:S-P03-S08:GS10:p0001,S-P03-S08,GS10,GS10-A1,2026-10-31T23:14:07.525102Z,2026-10-31T23:23:21.384998Z,-2752.474898,-2198.615002,553.859896,-2752474898,-2198615002,553859896,False,outside_horizon_padding,f15eacfea5f4fdf5ab36674c369deeac90ef1324f43cba80f9c6dc879aa792d5
CP-SOURCE-r000,A-P,r000,2026-11-01T00:00:00Z,CP-AP-r000:S-P03-S07:GS09:p0001,CP-AP-r000:S-P03-S07:GS09:p0001,S-P03-S07,GS09,GS09-A1,2026-10-31T23:14:48.297288Z,2026-10-31T23:24:07.300950Z,-2711.702712,-2152.699050,559.003662,-2711702712,-2152699050,559003662,False,outside_horizon_padding,f15eacfea5f4fdf5ab36674c369deeac90ef1324f43cba80f9c6dc879aa792d5
CP-SOURCE-r000,A-P,r000,2026-11-01T00:00:00Z,CP-AP-r000:S-P03-S08:GS05:p0001,CP-AP-r000:S-P03-S08:GS05:p0001,S-P03-S08,GS05,GS05-A1,2026-10-31T23:15:10.963372Z,2026-10-31T23:22:56.305984Z,-2689.036628,-2223.694016,465.342612,-2689036628,-2223694016,465342612,False,outside_horizon_padding,f15eacfea5f4fdf5ab36674c369deeac90ef1324f43cba80f9c6dc879aa792d5
CP-SOURCE-r000,A-P,r000,2026-11-01T00:00:00Z,CP-AP-r000:S-P03-S07:GS04:p0001,CP-AP-r000:S-P03-S07:GS04:p0001,S-P03-S07,GS04,GS04-A1,2026-10-31T23:15:17.516254Z,2026-10-31T23:24:02.926900Z,-2682.483746,-2157.073100,525.410646,-2682483746,-2157073100,525410646,False,outside_horizon_padding,f15eacfea5f4fdf5ab36674c369deeac90ef1324f43cba80f9c6dc879aa792d5
CP-SOURCE-r000,A-P,r000,2026-11-01T00:00:00Z,CP-AP-r000:S-P03-S08:GS11:p0001,CP-AP-r000:S-P03-S08:GS11:p0001,S-P03-S08,GS11,GS11-A1,2026-10-31T23:15:29.825192Z,2026-10-31T23:24:11.536772Z,-2670.174808,-2148.463228,521.711580,-2670174808,-2148463228,521711580,False,outside_horizon_padding,f15eacfea5f4fdf5ab36674c369deeac90ef1324f43cba80f9c6dc879aa792d5
CP-SOURCE-r000,A-P,r000,2026-11-01T00:00:00Z,CP-AP-r000:S-P03-S07:GS10:p0001,CP-AP-r000:S-P03-S07:GS10:p0001,S-P03-S07,GS10,GS10-A1,2026-10-31T23:15:53.584049Z,2026-10-31T23:25:06.050959Z,-2646.415951,-2093.949041,552.466910,-2646415951,-2093949041,552466910,False,outside_horizon_padding,f15eacfea5f4fdf5ab36674c369deeac90ef1324f43cba80f9c6dc879aa792d5
CP-SOURCE-r000,A-P,r000,2026-11-01T00:00:00Z,CP-AP-r000:S-P03-S07:GS05:p0001,CP-AP-r000:S-P03-S07:GS05:p0001,S-P03-S07,GS05,GS05-A1,2026-10-31T23:16:59.867661Z,2026-10-31T23:24:39.212207Z,-2580.132339,-2120.787793,459.344546,-2580132339,-2120787793,459344546,False,outside_horizon_padding,f15eacfea5f4fdf5ab36674c369deeac90ef1324f43cba80f9c6dc879aa792d5
CP-SOURCE-r000,A-P,r000,2026-11-01T00:00:00Z,CP-AP-r000:S-P03-S08:GS12:p0001,CP-AP-r000:S-P03-S08:GS12:p0001,S-P03-S08,GS12,GS12-A1,2026-10-31T23:17:10.692563Z,2026-10-31T23:24:52.849113Z,-2569.307437,-2107.150887,462.156550,-2569307437,-2107150887,462156550,False,outside_horizon_padding,f15eacfea5f4fdf5ab36674c369deeac90ef1324f43cba80f9c6dc879aa792d5
CP-SOURCE-r000,A-P,r000,2026-11-01T00:00:00Z,CP-AP-r000:S-P03-S07:GS11:p0001,CP-AP-r000:S-P03-S07:GS11:p0001,S-P03-S07,GS11,GS11-A1,2026-10-31T23:17:17.173924Z,2026-10-31T23:25:55.581596Z,-2562.826076,-2044.418404,518.407672,-2562826076,-2044418404,518407672,False,outside_horizon_padding,f15eacfea5f4fdf5ab36674c369deeac90ef1324f43cba80f9c6dc879aa792d5
CP-SOURCE-r000,A-P,r000,2026-11-01T00:00:00Z,CP-AP-r000:S-P03-S08:GS06:p0001,CP-AP-r000:S-P03-S08:GS06:p0001,S-P03-S08,GS06,GS06-A1,2026-10-31T23:17:19.599797Z,2026-10-31T23:23:16.173657Z,-2560.400203,-2203.826343,356.573860,-2560400203,-2203826343,356573860,False,outside_horizon_padding,f15eacfea5f4fdf5ab36674c369deeac90ef1324f43cba80f9c6dc879aa792d5
CP-SOURCE-r000,A-P,r000,2026-11-01T00:00:00Z,CP-AP-r000:S-P03-S07:GS12:p0001,CP-AP-r000:S-P03-S07:GS12:p0001,S-P03-S07,GS12,GS12-A1,2026-10-31T23:18:59.418254Z,2026-10-31T23:26:36.230357Z,-2460.581746,-2003.769643,456.812103,-2460581746,-2003769643,456812103,False,outside_horizon_padding,f15eacfea5f4fdf5ab36674c369deeac90ef1324f43cba80f9c6dc879aa792d5
CP-SOURCE-r000,A-P,r000,2026-11-01T00:00:00Z,CP-AP-r000:S-P03-S07:GS06:p0001,CP-AP-r000:S-P03-S07:GS06:p0001,S-P03-S07,GS06,GS06-A1,2026-10-31T23:19:11.005502Z,2026-10-31T23:24:57.365257Z,-2448.994498,-2102.634743,346.359755,-2448994498,-2102634743,346359755,False,outside_horizon_padding,f15eacfea5f4fdf5ab36674c369deeac90ef1324f43cba80f9c6dc879aa792d5
CP-SOURCE-r000,A-P,r000,2026-11-01T00:00:00Z,CP-AP-r000:S-P01-S10:GS08:p0001,CP-AP-r000:S-P01-S10:GS08:p0001,S-P01-S10,GS08,GS08-A1,2026-10-31T23:23:12.212037Z,2026-10-31T23:28:14.224187Z,-2207.787963,-1905.775813,302.012150,-2207787963,-1905775813,302012150,False,outside_horizon_padding,f15eacfea5f4fdf5ab36674c369deeac90ef1324f43cba80f9c6dc879aa792d5
CP-SOURCE-r000,A-P,r000,2026-11-01T00:00:00Z,CP-AP-r000:S-P07-S10:GS07:p0001,CP-AP-r000:S-P07-S10:GS07:p0001,S-P07-S10,GS07,GS07-A1,2026-10-31T23:23:14.323189Z,2026-10-31T23:29:18.217139Z,-2205.676811,-1841.782861,363.893950,-2205676811,-1841782861,363893950,False,outside_horizon_padding,f15eacfea5f4fdf5ab36674c369deeac90ef1324f43cba80f9c6dc879aa792d5
CP-SOURCE-r000,A-P,r000,2026-11-01T00:00:00Z,CP-AP-r000:S-P01-S10:GS09:p0001,CP-AP-r000:S-P01-S10:GS09:p0001,S-P01-S10,GS09,GS09-A1,2026-10-31T23:23:32.974412Z,2026-10-31T23:30:30.980263Z,-2187.025588,-1769.019737,418.005851,-2187025588,-1769019737,418005851,False,outside_horizon_padding,f15eacfea5f4fdf5ab36674c369deeac90ef1324f43cba80f9c6dc879aa792d5
CP-SOURCE-r000,A-P,r000,2026-11-01T00:00:00Z,CP-AP-r000:S-P07-S10:GS01:p0001,CP-AP-r000:S-P07-S10:GS01:p0001,S-P07-S10,GS01,GS01-A1,2026-10-31T23:23:36.576389Z,2026-10-31T23:30:53.725351Z,-2183.423611,-1746.274649,437.148962,-2183423611,-1746274649,437148962,False,outside_horizon_padding,f15eacfea5f4fdf5ab36674c369deeac90ef1324f43cba80f9c6dc879aa792d5
CP-SOURCE-r000,A-P,r000,2026-11-01T00:00:00Z,CP-AP-r000:S-P01-S10:GS07:p0001,CP-AP-r000:S-P01-S10:GS07:p0001,S-P01-S10,GS07,GS07-A1,2026-10-31T23:24:02.215544Z,2026-10-31T23:24:36.134797Z,-2157.784456,-2123.865203,33.919253,-2157784456,-2123865203,33919253,False,outside_horizon_padding,f15eacfea5f4fdf5ab36674c369deeac90ef1324f43cba80f9c6dc879aa792d5
CP-SOURCE-r000,A-P,r000,2026-11-01T00:00:00Z,CP-AP-r000:S-P01-S10:GS10:p0001,CP-AP-r000:S-P01-S10:GS10:p0001,S-P01-S10,GS10,GS10-A1,2026-10-31T23:24:08.545565Z,2026-10-31T23:32:22.432151Z,-2151.454435,-1657.567849,493.886586,-2151454435,-1657567849,493886586,False,outside_horizon_padding,f15eacfea5f4fdf5ab36674c369deeac90ef1324f43cba80f9c6dc879aa792d5
CP-SOURCE-r000,A-P,r000,2026-11-01T00:00:00Z,CP-AP-r000:S-P01-S09:GS08:p0001,CP-AP-r000:S-P01-S09:GS08:p0001,S-P01-S09,GS08,GS08-A1,2026-10-31T23:24:53.712535Z,2026-10-31T23:30:05.884697Z,-2106.287465,-1794.115303,312.172162,-2106287465,-1794115303,312172162,False,outside_horizon_padding,f15eacfea5f4fdf5ab36674c369deeac90ef1324f43cba80f9c6dc879aa792d5
CP-SOURCE-r000,A-P,r000,2026-11-01T00:00:00Z,CP-AP-r000:S-P01-S10:GS11:p0001,CP-AP-r000:S-P01-S10:GS11:p0001,S-P01-S10,GS11,GS11-A1,2026-10-31T23:24:53.773539Z,2026-10-31T23:33:54.155915Z,-2106.226461,-1565.844085,540.382376,-2106226461,-1565844085,540382376,False,outside_horizon_padding,f15eacfea5f4fdf5ab36674c369deeac90ef1324f43cba80f9c6dc879aa792d5
CP-SOURCE-r000,A-P,r000,2026-11-01T00:00:00Z,CP-AP-r000:S-P07-S09:GS07:p0001,CP-AP-r000:S-P07-S09:GS07:p0001,S-P07-S09,GS07,GS07-A1,2026-10-31T23:25:04.990355Z,2026-10-31T23:30:56.152718Z,-2095.009645,-1743.847282,351.162363,-2095009645,-1743847282,351162363,False,outside_horizon_padding,f15eacfea5f4fdf5ab36674c369deeac90ef1324f43cba80f9c6dc879aa792d5
CP-SOURCE-r000,A-P,r000,2026-11-01T00:00:00Z,CP-AP-r000:S-P01-S09:GS09:p0001,CP-AP-r000:S-P01-S09:GS09:p0001,S-P01-S09,GS09,GS09-A1,2026-10-31T23:25:15.933389Z,2026-10-31T23:32:20.429835Z,-2084.066611,-1659.570165,424.496446,-2084066611,-1659570165,424496446,False,outside_horizon_padding,f15eacfea5f4fdf5ab36674c369deeac90ef1324f43cba80f9c6dc879aa792d5
CP-SOURCE-r000,A-P,r000,2026-11-01T00:00:00Z,CP-AP-r000:S-P01-S09:GS07:p0001,CP-AP-r000:S-P01-S09:GS07:p0001,S-P01-S09,GS07,GS07-A1,2026-10-31T23:25:22.599878Z,2026-10-31T23:26:49.653634Z,-2077.400122,-1990.346366,87.053756,-2077400122,-1990346366,87053756,False,outside_horizon_padding,f15eacfea5f4fdf5ab36674c369deeac90ef1324f43cba80f9c6dc879aa792d5
CP-SOURCE-r000,A-P,r000,2026-11-01T00:00:00Z,CP-AP-r000:S-P07-S09:GS01:p0001,CP-AP-r000:S-P07-S09:GS01:p0001,S-P07-S09,GS01,GS01-A1,2026-10-31T23:25:25.510448Z,2026-10-31T23:32:33.746490Z,-2074.489552,-1646.253510,428.236042,-2074489552,-1646253510,428236042,False,outside_horizon_padding,f15eacfea5f4fdf5ab36674c369deeac90ef1324f43cba80f9c6dc879aa792d5
CP-SOURCE-r000,A-P,r000,2026-11-01T00:00:00Z,CP-AP-r000:S-P01-S10:GS03:p0001,CP-AP-r000:S-P01-S10:GS03:p0001,S-P01-S10,GS03,GS03-A1,2026-10-31T23:25:30.541682Z,2026-10-31T23:29:57.923699Z,-2069.458318,-1802.076301,267.382017,-2069458318,-1802076301,267382017,False,outside_horizon_padding,f15eacfea5f4fdf5ab36674c369deeac90ef1324f43cba80f9c6dc879aa792d5
CP-SOURCE-r000,A-P,r000,2026-11-01T00:00:00Z,CP-AP-r000:S-P01-S10:GS04:p0001,CP-AP-r000:S-P01-S10:GS04:p0001,S-P01-S10,GS04,GS04-A1,2026-10-31T23:25:33.388280Z,2026-10-31T23:32:28.953032Z,-2066.611720,-1651.046968,415.564752,-2066611720,-1651046968,415564752,False,outside_horizon_padding,f15eacfea5f4fdf5ab36674c369deeac90ef1324f43cba80f9c6dc879aa792d5
CP-SOURCE-r000,A-P,r000,2026-11-01T00:00:00Z,CP-AP-r000:S-P01-S10:GS12:p0001,CP-AP-r000:S-P01-S10:GS12:p0001,S-P01-S10,GS12,GS12-A1,2026-10-31T23:25:47.949707Z,2026-10-31T23:35:07.494784Z,-2052.050293,-1492.505216,559.545077,-2052050293,-1492505216,559545077,False,outside_horizon_padding,f15eacfea5f4fdf5ab36674c369deeac90ef1324f43cba80f9c6dc879aa792d5
CP-SOURCE-r000,A-P,r000,2026-11-01T00:00:00Z,CP-AP-r000:S-P01-S09:GS10:p0001,CP-AP-r000:S-P01-S09:GS10:p0001,S-P01-S09,GS10,GS10-A1,2026-10-31T23:25:52.275586Z,2026-10-31T23:34:10.378713Z,-2047.724414,-1549.621287,498.103127,-2047724414,-1549621287,498103127,False,outside_horizon_padding,f15eacfea5f4fdf5ab36674c369deeac90ef1324f43cba80f9c6dc879aa792d5
CP-SOURCE-r000,A-P,r000,2026-11-01T00:00:00Z,CP-AP-r000:S-P01-S10:GS05:p0001,CP-AP-r000:S-P01-S10:GS05:p0001,S-P01-S10,GS05,GS05-A1,2026-10-31T23:26:02.310149Z,2026-10-31T23:34:22.809799Z,-2037.689851,-1537.190201,500.499650,-2037689851,-1537190201,500499650,False,outside_horizon_padding,f15eacfea5f4fdf5ab36674c369deeac90ef1324f43cba80f9c6dc879aa792d5
CP-SOURCE-r000,A-P,r000,2026-11-01T00:00:00Z,CP-AP-r000:S-P07-S10:GS02:p0001,CP-AP-r000:S-P07-S10:GS02:p0001,S-P07-S10,GS02,GS02-A1,2026-10-31T23:26:05.458340Z,2026-10-31T23:30:05.437955Z,-2034.541660,-1794.562045,239.979615,-2034541660,-1794562045,239979615,False,outside_horizon_padding,f15eacfea5f4fdf5ab36674c369deeac90ef1324f43cba80f9c6dc879aa792d5
CP-SOURCE-r000,A-P,r000,2026-11-01T00:00:00Z,CP-AP-r000:S-P01-S09:GS11:p0001,CP-AP-r000:S-P01-S09:GS11:p0001,S-P01-S09,GS11,GS11-A1,2026-10-31T23:26:38.133845Z,2026-10-31T23:35:40.779758Z,-2001.866155,-1459.220242,542.645913,-2001866155,-1459220242,542645913,False,outside_horizon_padding,f15eacfea5f4fdf5ab36674c369deeac90ef1324f43cba80f9c6dc879aa792d5
CP-SOURCE-r000,A-P,r000,2026-11-01T00:00:00Z,CP-AP-r000:S-P01-S10:GS06:p0001,CP-AP-r000:S-P01-S10:GS06:p0001,S-P01-S10,GS06,GS06-A1,2026-10-31T23:26:45.571015Z,2026-10-31T23:35:52.191884Z,-1994.428985,-1447.808116,546.620869,-1994428985,-1447808116,546620869,False,outside_horizon_padding,f15eacfea5f4fdf5ab36674c369deeac90ef1324f43cba80f9c6dc879aa792d5
CP-SOURCE-r000,A-P,r000,2026-11-01T00:00:00Z,CP-AP-r000:S-P01-S09:GS03:p0001,CP-AP-r000:S-P01-S09:GS03:p0001,S-P01-S09,GS03,GS03-A1,2026-10-31T23:27:09.900970Z,2026-10-31T23:31:51.499003Z,-1970.099030,-1688.500997,281.598033,-1970099030,-1688500997,281598033,False,outside_horizon_padding,f15eacfea5f4fdf5ab36674c369deeac90ef1324f43cba80f9c6dc879aa792d5
CP-SOURCE-r000,A-P,r000,2026-11-01T00:00:00Z,CP-AP-r000:S-P01-S09:GS04:p0001,CP-AP-r000:S-P01-S09:GS04:p0001,S-P01-S09,GS04,GS04-A1,2026-10-31T23:27:15.649826Z,2026-10-31T23:34:18.811008Z,-1964.350174,-1541.188992,423.161182,-1964350174,-1541188992,423161182,False,outside_horizon_padding,f15eacfea5f4fdf5ab36674c369deeac90ef1324f43cba80f9c6dc879aa792d5
CP-SOURCE-r000,A-P,r000,2026-11-01T00:00:00Z,CP-AP-r000:S-P01-S09:GS12:p0001,CP-AP-r000:S-P01-S09:GS12:p0001,S-P01-S09,GS12,GS12-A1,2026-10-31T23:27:32.974342Z,2026-10-31T23:36:52.812172Z,-1947.025658,-1387.187828,559.837830,-1947025658,-1387187828,559837830,False,outside_horizon_padding,f15eacfea5f4fdf5ab36674c369deeac90ef1324f43cba80f9c6dc879aa792d5
CP-SOURCE-r000,A-P,r000,2026-11-01T00:00:00Z,CP-AP-r000:S-P01-S09:GS05:p0001,CP-AP-r000:S-P01-S09:GS05:p0001,S-P01-S09,GS05,GS05-A1,2026-10-31T23:27:45.773001Z,2026-10-31T23:36:10.714400Z,-1934.226999,-1429.285600,504.941399,-1934226999,-1429285600,504941399,False,outside_horizon_padding,f15eacfea5f4fdf5ab36674c369deeac90ef1324f43cba80f9c6dc879aa792d5
CP-SOURCE-r000,A-P,r000,2026-11-01T00:00:00Z,CP-AP-r000:S-P03-S06:GS01:p0001,CP-AP-r000:S-P03-S06:GS01:p0001,S-P03-S06,GS01,GS01-A1,2026-10-31T23:27:50.479476Z,2026-10-31T23:36:53.714688Z,-1929.520524,-1386.285312,543.235212,-1929520524,-1386285312,543235212,False,outside_horizon_padding,f15eacfea5f4fdf5ab36674c369deeac90ef1324f43cba80f9c6dc879aa792d5
CP-SOURCE-r000,A-P,r000,2026-11-01T00:00:00Z,CP-AP-r000:S-P07-S09:GS02:p0001,CP-AP-r000:S-P07-S09:GS02:p0001,S-P07-S09,GS02,GS02-A1,2026-10-31T23:28:02.496765Z,2026-10-31T23:31:36.969704Z,-1917.503235,-1703.030296,214.472939,-1917503235,-1703030296,214472939,False,outside_horizon_padding,f15eacfea5f4fdf5ab36674c369deeac90ef1324f43cba80f9c6dc879aa792d5
CP-SOURCE-r000,A-P,r000,2026-11-01T00:00:00Z,CP-AP-r000:S-P01-S09:GS06:p0001,CP-AP-r000:S-P01-S09:GS06:p0001,S-P01-S09,GS06,GS06-A1,2026-10-31T23:28:29.926161Z,2026-10-31T23:37:38.524559Z,-1890.073839,-1341.475441,548.598398,-1890073839,-1341475441,548598398,False,outside_horizon_padding,f15eacfea5f4fdf5ab36674c369deeac90ef1324f43cba80f9c6dc879aa792d5
CP-SOURCE-r000,A-P,r000,2026-11-01T00:00:00Z,CP-AP-r000:S-P03-S06:GS02:p0001,CP-AP-r000:S-P03-S06:GS02:p0001,S-P03-S06,GS02,GS02-A1,2026-10-31T23:28:41.232486Z,2026-10-31T23:38:00.482872Z,-1878.767514,-1319.517128,559.250386,-1878767514,-1319517128,559250386,False,outside_horizon_padding,f15eacfea5f4fdf5ab36674c369deeac90ef1324f43cba80f9c6dc879aa792d5
CP-SOURCE-r000,A-P,r000,2026-11-01T00:00:00Z,CP-AP-r000:S-P03-S06:GS07:p0001,CP-AP-r000:S-P03-S06:GS07:p0001,S-P03-S06,GS07,GS07-A1,2026-10-31T23:28:59.369780Z,2026-10-31T23:37:35.291547Z,-1860.630220,-1344.708453,515.921767,-1860630220,-1344708453,515921767,False,outside_horizon_padding,f15eacfea5f4fdf5ab36674c369deeac90ef1324f43cba80f9c6dc879aa792d5
CP-SOURCE-r000,A-P,r000,2026-11-01T00:00:00Z,CP-AP-r000:S-P03-S05:GS01:p0001,CP-AP-r000:S-P03-S05:GS01:p0001,S-P03-S05,GS01,GS01-A1,2026-10-31T23:29:34.138015Z,2026-10-31T23:38:39.778289Z,-1825.861985,-1280.221711,545.640274,-1825861985,-1280221711,545640274,False,outside_horizon_padding,f15eacfea5f4fdf5ab36674c369deeac90ef1324f43cba80f9c6dc879aa792d5
CP-SOURCE-r000,A-P,r000,2026-11-01T00:00:00Z,CP-AP-r000:S-P03-S06:GS08:p0001,CP-AP-r000:S-P03-S06:GS08:p0001,S-P03-S06,GS08,GS08-A1,2026-10-31T23:29:36.774341Z,2026-10-31T23:38:50.782072Z,-1823.225659,-1269.217928,554.007731,-1823225659,-1269217928,554007731,False,outside_horizon_padding,f15eacfea5f4fdf5ab36674c369deeac90ef1324f43cba80f9c6dc879aa792d5
CP-SOURCE-r000,A-P,r000,2026-11-01T00:00:00Z,CP-AP-r000:S-P03-S06:GS03:p0001,CP-AP-r000:S-P03-S06:GS03:p0001,S-P03-S06,GS03,GS03-A1,2026-10-31T23:29:53.527778Z,2026-10-31T23:38:53.940273Z,-1806.472222,-1266.059727,540.412495,-1806472222,-1266059727,540412495,False,outside_horizon_padding,f15eacfea5f4fdf5ab36674c369deeac90ef1324f43cba80f9c6dc879aa792d5
CP-SOURCE-r000,A-P,r000,2026-11-01T00:00:00Z,CP-AP-r000:S-P03-S05:GS02:p0001,CP-AP-r000:S-P03-S05:GS02:p0001,S-P03-S05,GS02,GS02-A1,2026-10-31T23:30:26.485334Z,2026-10-31T23:39:45.502365Z,-1773.514666,-1214.497635,559.017031,-1773514666,-1214497635,559017031,False,outside_horizon_padding,f15eacfea5f4fdf5ab36674c369deeac90ef1324f43cba80f9c6dc879aa792d5
CP-SOURCE-r000,A-P,r000,2026-11-01T00:00:00Z,CP-AP-r000:S-P03-S06:GS09:p0001,CP-AP-r000:S-P03-S06:GS09:p0001,S-P03-S06,GS09,GS09-A1,2026-10-31T23:30:35.191658Z,2026-10-31T23:39:53.304436Z,-1764.808342,-1206.695564,558.112778,-1764808342,-1206695564,558112778,False,outside_horizon_padding,f15eacfea5f4fdf5ab36674c369deeac90ef1324f43cba80f9c6dc879aa792d5
CP-SOURCE-r000,A-P,r000,2026-11-01T00:00:00Z,CP-AP-r000:S-P03-S05:GS07:p0001,CP-AP-r000:S-P03-S05:GS07:p0001,S-P03-S05,GS07,GS07-A1,2026-10-31T23:30:42.044406Z,2026-10-31T23:39:22.011911Z,-1757.955594,-1237.988089,519.967505,-1757955594,-1237988089,519967505,False,outside_horizon_padding,f15eacfea5f4fdf5ab36674c369deeac90ef1324f43cba80f9c6dc879aa792d5
CP-SOURCE-r000,A-P,r000,2026-11-01T00:00:00Z,CP-AP-r000:S-P03-S05:GS08:p0001,CP-AP-r000:S-P03-S05:GS08:p0001,S-P03-S05,GS08,GS08-A1,2026-10-31T23:31:21.087237Z,2026-10-31T23:40:36.409129Z,-1718.912763,-1163.590871,555.321892,-1718912763,-1163590871,555321892,False,outside_horizon_padding,f15eacfea5f4fdf5ab36674c369deeac90ef1324f43cba80f9c6dc879aa792d5
CP-SOURCE-r000,A-P,r000,2026-11-01T00:00:00Z,CP-AP-r000:S-P03-S06:GS04:p0001,CP-AP-r000:S-P03-S06:GS04:p0001,S-P03-S06,GS04,GS04-A1,2026-10-31T23:31:27.418483Z,2026-10-31T23:39:35.079148Z,-1712.581517,-1224.920852,487.660665,-1712581517,-1224920852,487660665,False,outside_horizon_padding,f15eacfea5f4fdf5ab36674c369deeac90ef1324f43cba80f9c6dc879aa792d5
CP-SOURCE-r000,A-P,r000,2026-11-01T00:00:00Z,CP-AP-r000:S-P03-S05:GS03:p0001,CP-AP-r000:S-P03-S05:GS03:p0001,S-P03-S05,GS03,GS03-A1,2026-10-31T23:31:40.275866Z,2026-10-31T23:40:38.088350Z,-1699.724134,-1161.911650,537.812484,-1699724134,-1161911650,537812484,False,outside_horizon_padding,f15eacfea5f4fdf5ab36674c369deeac90ef1324f43cba80f9c6dc879aa792d5
CP-SOURCE-r000,A-P,r000,2026-11-01T00:00:00Z,CP-AP-r000:S-P03-S06:GS10:p0001,CP-AP-r000:S-P03-S06:GS10:p0001,S-P03-S06,GS10,GS10-A1,2026-10-31T23:31:52.221910Z,2026-10-31T23:40:46.029773Z,-1687.778090,-1153.970227,533.807863,-1687778090,-1153970227,533807863,False,outside_horizon_padding,f15eacfea5f4fdf5ab36674c369deeac90ef1324f43cba80f9c6dc879aa792d5
CP-SOURCE-r000,A-P,r000,2026-11-01T00:00:00Z,CP-AP-r000:S-P03-S05:GS09:p0001,CP-AP-r000:S-P03-S05:GS09:p0001,S-P03-S05,GS09,GS09-A1,2026-10-31T23:32:20.873865Z,2026-10-31T23:41:38.162656Z,-1659.126135,-1101.837344,557.288791,-1659126135,-1101837344,557288791,False,outside_horizon_padding,f15eacfea5f4fdf5ab36674c369deeac90ef1324f43cba80f9c6dc879aa792d5
CP-SOURCE-r000,A-P,r000,2026-11-01T00:00:00Z,CP-AP-r000:S-P03-S05:GS04:p0001,CP-AP-r000:S-P03-S05:GS04:p0001,S-P03-S05,GS04,GS04-A1,2026-10-31T23:33:15.785632Z,2026-10-31T23:41:18.306188Z,-1604.214368,-1121.693812,482.520556,-1604214368,-1121693812,482520556,False,outside_horizon_padding,f15eacfea5f4fdf5ab36674c369deeac90ef1324f43cba80f9c6dc879aa792d5
CP-SOURCE-r000,A-P,r000,2026-11-01T00:00:00Z,CP-AP-r000:S-P03-S06:GS05:p0001,CP-AP-r000:S-P03-S06:GS05:p0001,S-P03-S06,GS05,GS05-A1,2026-10-31T23:33:26.783782Z,2026-10-31T23:40:01.047333Z,-1593.216218,-1198.952667,394.263551,-1593216218,-1198952667,394263551,False,outside_horizon_padding,f15eacfea5f4fdf5ab36674c369deeac90ef1324f43cba80f9c6dc879aa792d5
CP-SOURCE-r000,A-P,r000,2026-11-01T00:00:00Z,CP-AP-r000:S-P03-S06:GS11:p0001,CP-AP-r000:S-P03-S06:GS11:p0001,S-P03-S06,GS11,GS11-A1,2026-10-31T23:33:27.568100Z,2026-10-31T23:41:29.974463Z,-1592.431900,-1110.025537,482.406363,-1592431900,-1110025537,482406363,False,outside_horizon_padding,f15eacfea5f4fdf5ab36674c369deeac90ef1324f43cba80f9c6dc879aa792d5
CP-SOURCE-r000,A-P,r000,2026-11-01T00:00:00Z,CP-AP-r000:S-P03-S05:GS10:p0001,CP-AP-r000:S-P03-S05:GS10:p0001,S-P03-S05,GS10,GS10-A1,2026-10-31T23:33:39.193700Z,2026-10-31T23:42:30.252586Z,-1580.806300,-1049.747414,531.058886,-1580806300,-1049747414,531058886,False,outside_horizon_padding,f15eacfea5f4fdf5ab36674c369deeac90ef1324f43cba80f9c6dc879aa792d5
CP-SOURCE-r000,A-P,r000,2026-11-01T00:00:00Z,CP-AP-r000:S-P03-S05:GS11:p0001,CP-AP-r000:S-P03-S05:GS11:p0001,S-P03-S05,GS11,GS11-A1,2026-10-31T23:35:15.875218Z,2026-10-31T23:43:13.563378Z,-1484.124782,-1006.436622,477.688160,-1484124782,-1006436622,477688160,False,outside_horizon_padding,f15eacfea5f4fdf5ab36674c369deeac90ef1324f43cba80f9c6dc879aa792d5
CP-SOURCE-r000,A-P,r000,2026-11-01T00:00:00Z,CP-AP-r000:S-P03-S05:GS05:p0001,CP-AP-r000:S-P03-S05:GS05:p0001,S-P03-S05,GS05,GS05-A1,2026-10-31T23:35:17.296095Z,2026-10-31T23:41:42.897544Z,-1482.703905,-1097.102456,385.601449,-1482703905,-1097102456,385601449,False,outside_horizon_padding,f15eacfea5f4fdf5ab36674c369deeac90ef1324f43cba80f9c6dc879aa792d5
CP-SOURCE-r000,A-P,r000,2026-11-01T00:00:00Z,CP-AP-r000:S-P03-S06:GS12:p0001,CP-AP-r000:S-P03-S06:GS12:p0001,S-P03-S06,GS12,GS12-A1,2026-10-31T23:35:22.950994Z,2026-10-31T23:42:04.014297Z,-1477.049006,-1075.985703,401.063303,-1477049006,-1075985703,401063303,False,outside_horizon_padding,f15eacfea5f4fdf5ab36674c369deeac90ef1324f43cba80f9c6dc879aa792d5
CP-SOURCE-r000,A-P,r000,2026-11-01T00:00:00Z,CP-AP-r000:S-P03-S06:GS06:p0001,CP-AP-r000:S-P03-S06:GS06:p0001,S-P03-S06,GS06,GS06-A1,2026-10-31T23:36:08.942734Z,2026-10-31T23:39:55.446127Z,-1431.057266,-1204.553873,226.503393,-1431057266,-1204553873,226503393,False,outside_horizon_padding,f15eacfea5f4fdf5ab36674c369deeac90ef1324f43cba80f9c6dc879aa792d5
CP-SOURCE-r000,A-P,r000,2026-11-01T00:00:00Z,CP-AP-r000:S-P03-S05:GS12:p0001,CP-AP-r000:S-P03-S05:GS12:p0001,S-P03-S05,GS12,GS12-A1,2026-10-31T23:37:12.832396Z,2026-10-31T23:43:46.764037Z,-1367.167604,-973.235963,393.931641,-1367167604,-973235963,393931641,False,outside_horizon_padding,f15eacfea5f4fdf5ab36674c369deeac90ef1324f43cba80f9c6dc879aa792d5
CP-SOURCE-r000,A-P,r000,2026-11-01T00:00:00Z,CP-AP-r000:S-P03-S05:GS06:p0001,CP-AP-r000:S-P03-S05:GS06:p0001,S-P03-S05,GS06,GS06-A1,2026-10-31T23:38:04.771610Z,2026-10-31T23:41:32.806034Z,-1315.228390,-1107.193966,208.034424,-1315228390,-1107193966,208034424,False,outside_horizon_padding,f15eacfea5f4fdf5ab36674c369deeac90ef1324f43cba80f9c6dc879aa792d5
CP-SOURCE-r000,A-P,r000,2026-11-01T00:00:00Z,CP-AP-r000:S-P01-S08:GS07:p0001,CP-AP-r000:S-P01-S08:GS07:p0001,S-P01-S08,GS07,GS07-A1,2026-10-31T23:39:59.681213Z,2026-10-31T23:44:15.357882Z,-1200.318787,-944.642118,255.676669,-1200318787,-944642118,255676669,False,outside_horizon_padding,f15eacfea5f4fdf5ab36674c369deeac90ef1324f43cba80f9c6dc879aa792d5
CP-SOURCE-r000,A-P,r000,2026-11-01T00:00:00Z,CP-AP-r000:S-P01-S08:GS08:p0001,CP-AP-r000:S-P01-S08:GS08:p0001,S-P01-S08,GS08,GS08-A1,2026-10-31T23:40:13.118158Z,2026-10-31T23:46:42.518674Z,-1186.881842,-797.481326,389.400516,-1186881842,-797481326,389400516,False,outside_horizon_padding,f15eacfea5f4fdf5ab36674c369deeac90ef1324f43cba80f9c6dc879aa792d5
CP-SOURCE-r000,A-P,r000,2026-11-01T00:00:00Z,CP-AP-r000:S-P01-S08:GS09:p0001,CP-AP-r000:S-P01-S08:GS09:p0001,S-P01-S08,GS09,GS09-A1,2026-10-31T23:40:45.283000Z,2026-10-31T23:48:40.392197Z,-1154.717000,-679.607803,475.109197,-1154717000,-679607803,475109197,False,outside_horizon_padding,f15eacfea5f4fdf5ab36674c369deeac90ef1324f43cba80f9c6dc879aa792d5
CP-SOURCE-r000,A-P,r000,2026-11-01T00:00:00Z,CP-AP-r000:S-P01-S08:GS10:p0001,CP-AP-r000:S-P01-S08:GS10:p0001,S-P01-S08,GS10,GS10-A1,2026-10-31T23:41:27.892345Z,2026-10-31T23:50:17.598907Z,-1112.107655,-582.401093,529.706562,-1112107655,-582401093,529706562,False,outside_horizon_padding,f15eacfea5f4fdf5ab36674c369deeac90ef1324f43cba80f9c6dc879aa792d5
CP-SOURCE-r000,A-P,r000,2026-11-01T00:00:00Z,CP-AP-r000:S-P01-S07:GS07:p0001,CP-AP-r000:S-P01-S07:GS07:p0001,S-P01-S07,GS07,GS07-A1,2026-10-31T23:41:40.298620Z,2026-10-31T23:46:08.120248Z,-1099.701380,-831.879752,267.821628,-1099701380,-831879752,267821628,False,outside_horizon_padding,f15eacfea5f4fdf5ab36674c369deeac90ef1324f43cba80f9c6dc879aa792d5
CP-SOURCE-r000,A-P,r000,2026-11-01T00:00:00Z,CP-AP-r000:S-P01-S07:GS08:p0001,CP-AP-r000:S-P01-S07:GS08:p0001,S-P01-S07,GS08,GS08-A1,2026-10-31T23:41:55.774710Z,2026-10-31T23:48:32.488438Z,-1084.225290,-687.511562,396.713728,-1084225290,-687511562,396713728,False,outside_horizon_padding,f15eacfea5f4fdf5ab36674c369deeac90ef1324f43cba80f9c6dc879aa792d5
CP-SOURCE-r000,A-P,r000,2026-11-01T00:00:00Z,CP-AP-r000:S-P07-S08:GS01:p0001,CP-AP-r000:S-P07-S08:GS01:p0001,S-P07-S08,GS01,GS01-A1,2026-10-31T23:41:59.599767Z,2026-10-31T23:47:18.968108Z,-1080.400233,-761.031892,319.368341,-1080400233,-761031892,319368341,False,outside_horizon_padding,f15eacfea5f4fdf5ab36674c369deeac90ef1324f43cba80f9c6dc879aa792d5
CP-SOURCE-r000,A-P,r000,2026-11-01T00:00:00Z,CP-AP-r000:S-P07-S08:GS07:p0001,CP-AP-r000:S-P07-S08:GS07:p0001,S-P07-S08,GS07,GS07-A1,2026-10-31T23:42:12.436097Z,2026-10-31T23:45:04.736611Z,-1067.563903,-895.263389,172.300514,-1067563903,-895263389,172300514,False,outside_horizon_padding,f15eacfea5f4fdf5ab36674c369deeac90ef1324f43cba80f9c6dc879aa792d5
CP-SOURCE-r000,A-P,r000,2026-11-01T00:00:00Z,CP-AP-r000:S-P01-S08:GS03:p0001,CP-AP-r000:S-P01-S08:GS03:p0001,S-P01-S08,GS03,GS03-A1,2026-10-31T23:42:16.912006Z,2026-10-31T23:48:38.258428Z,-1063.087994,-681.741572,381.346422,-1063087994,-681741572,381346422,False,outside_horizon_padding,f15eacfea5f4fdf5ab36674c369deeac90ef1324f43cba80f9c6dc879aa792d5
CP-SOURCE-r000,A-P,r000,2026-11-01T00:00:00Z,CP-AP-r000:S-P01-S08:GS11:p0001,CP-AP-r000:S-P01-S08:GS11:p0001,S-P01-S08,GS11,GS11-A1,2026-10-31T23:42:19.414136Z,2026-10-31T23:51:36.257491Z,-1060.585864,-503.742509,556.843355,-1060585864,-503742509,556843355,False,outside_horizon_padding,f15eacfea5f4fdf5ab36674c369deeac90ef1324f43cba80f9c6dc879aa792d5
CP-SOURCE-r000,A-P,r000,2026-11-01T00:00:00Z,CP-AP-r000:S-P01-S07:GS09:p0001,CP-AP-r000:S-P01-S07:GS09:p0001,S-P01-S07,GS09,GS09-A1,2026-10-31T23:42:28.815084Z,2026-10-31T23:50:28.745871Z,-1051.184916,-571.254129,479.930787,-1051184916,-571254129,479930787,False,outside_horizon_padding,f15eacfea5f4fdf5ab36674c369deeac90ef1324f43cba80f9c6dc879aa792d5
CP-SOURCE-r000,A-P,r000,2026-11-01T00:00:00Z,CP-AP-r000:S-P01-S08:GS02:p0001,CP-AP-r000:S-P01-S08:GS02:p0001,S-P01-S08,GS02,GS02-A1,2026-10-31T23:42:30.524127Z,2026-10-31T23:45:47.393339Z,-1049.475873,-852.606661,196.869212,-1049475873,-852606661,196869212,False,outside_horizon_padding,f15eacfea5f4fdf5ab36674c369deeac90ef1324f43cba80f9c6dc879aa792d5
CP-SOURCE-r000,A-P,r000,2026-11-01T00:00:00Z,CP-AP-r000:S-P01-S08:GS04:p0001,CP-AP-r000:S-P01-S08:GS04:p0001,S-P01-S08,GS04,GS04-A1,2026-10-31T23:42:40.380579Z,2026-10-31T23:50:40.696622Z,-1039.619421,-559.303378,480.316043,-1039619421,-559303378,480316043,False,outside_horizon_padding,f15eacfea5f4fdf5ab36674c369deeac90ef1324f43cba80f9c6dc879aa792d5
CP-SOURCE-r000,A-P,r000,2026-11-01T00:00:00Z,CP-AP-r000:S-P01-S07:GS10:p0001,CP-AP-r000:S-P01-S07:GS10:p0001,S-P01-S07,GS10,GS10-A1,2026-10-31T23:43:12.072010Z,2026-10-31T23:52:04.599495Z,-1007.927990,-475.400505,532.527485,-1007927990,-475400505,532527485,False,outside_horizon_padding,f15eacfea5f4fdf5ab36674c369deeac90ef1324f43cba80f9c6dc879aa792d5
CP-SOURCE-r000,A-P,r000,2026-11-01T00:00:00Z,CP-AP-r000:S-P01-S08:GS05:p0001,CP-AP-r000:S-P01-S08:GS05:p0001,S-P01-S08,GS05,GS05-A1,2026-10-31T23:43:19.887674Z,2026-10-31T23:52:16.669220Z,-1000.112326,-463.330780,536.781546,-1000112326,-463330780,536781546,False,outside_horizon_padding,f15eacfea5f4fdf5ab36674c369deeac90ef1324f43cba80f9c6dc879aa792d5
CP-SOURCE-r000,A-P,r000,2026-11-01T00:00:00Z,CP-AP-r000:S-P01-S08:GS12:p0001,CP-AP-r000:S-P01-S08:GS12:p0001,S-P01-S08,GS12,GS12-A1,2026-10-31T23:43:20.648141Z,2026-10-31T23:52:36.291664Z,-999.351859,-443.708336,555.643523,-999351859,-443708336,555643523,False,outside_horizon_padding,f15eacfea5f4fdf5ab36674c369deeac90ef1324f43cba80f9c6dc879aa792d5
CP-SOURCE-r000,A-P,r000,2026-11-01T00:00:00Z,CP-AP-r000:S-P07-S07:GS01:p0001,CP-AP-r000:S-P07-S07:GS01:p0001,S-P07-S07,GS01,GS01-A1,2026-10-31T23:43:52.310634Z,2026-10-31T23:48:54.932481Z,-967.689366,-665.067519,302.621847,-967689366,-665067519,302621847,False,outside_horizon_padding,f15eacfea5f4fdf5ab36674c369deeac90ef1324f43cba80f9c6dc879aa792d5
CP-SOURCE-r000,A-P,r000,2026-11-01T00:00:00Z,CP-AP-r000:S-P01-S07:GS03:p0001,CP-AP-r000:S-P01-S07:GS03:p0001,S-P01-S07,GS03,GS03-A1,2026-10-31T23:43:58.654737Z,2026-10-31T23:50:28.866525Z,-961.345263,-571.133475,390.211788,-961345263,-571133475,390211788,False,outside_horizon_padding,f15eacfea5f4fdf5ab36674c369deeac90ef1324f43cba80f9c6dc879aa792d5
CP-SOURCE-r000,A-P,r000,2026-11-01T00:00:00Z,CP-AP-r000:S-P01-S07:GS11:p0001,CP-AP-r000:S-P01-S07:GS11:p0001,S-P01-S07,GS11,GS11-A1,2026-10-31T23:44:04.234848Z,2026-10-31T23:53:21.959642Z,-955.765152,-398.040358,557.724794,-955765152,-398040358,557724794,False,outside_horizon_padding,f15eacfea5f4fdf5ab36674c369deeac90ef1324f43cba80f9c6dc879aa792d5
CP-SOURCE-r000,A-P,r000,2026-11-01T00:00:00Z,CP-AP-r000:S-P01-S07:GS02:p0001,CP-AP-r000:S-P01-S07:GS02:p0001,S-P01-S07,GS02,GS02-A1,2026-10-31T23:44:07.296903Z,2026-10-31T23:47:43.802789Z,-952.703097,-736.197211,216.505886,-952703097,-736197211,216505886,False,outside_horizon_padding,f15eacfea5f4fdf5ab36674c369deeac90ef1324f43cba80f9c6dc879aa792d5
CP-SOURCE-r000,A-P,r000,2026-11-01T00:00:00Z,CP-AP-r000:S-P01-S08:GS06:p0001,CP-AP-r000:S-P01-S08:GS06:p0001,S-P01-S08,GS06,GS06-A1,2026-10-31T23:44:11.908173Z,2026-10-31T23:53:30.732063Z,-948.091827,-389.267937,558.823890,-948091827,-389267937,558823890,False,outside_horizon_padding,f15eacfea5f4fdf5ab36674c369deeac90ef1324f43cba80f9c6dc879aa792d5
CP-SOURCE-r000,A-P,r000,2026-11-01T00:00:00Z,CP-AP-r000:S-P07-S07:GS07:p0001,CP-AP-r000:S-P07-S07:GS07:p0001,S-P07-S07,GS07,GS07-A1,2026-10-31T23:44:15.762524Z,2026-10-31T23:46:29.707105Z,-944.237476,-810.292895,133.944581,-944237476,-810292895,133944581,False,outside_horizon_padding,f15eacfea5f4fdf5ab36674c369deeac90ef1324f43cba80f9c6dc879aa792d5
CP-SOURCE-r000,A-P,r000,2026-11-01T00:00:00Z,CP-AP-r000:S-P01-S07:GS04:p0001,CP-AP-r000:S-P01-S07:GS04:p0001,S-P01-S07,GS04,GS04-A1,2026-10-31T23:44:23.549124Z,2026-10-31T23:52:29.106894Z,-936.450876,-450.893106,485.557770,-936450876,-450893106,485557770,False,outside_horizon_padding,f15eacfea5f4fdf5ab36674c369deeac90ef1324f43cba80f9c6dc879aa792d5
CP-SOURCE-r000,A-P,r000,2026-11-01T00:00:00Z,CP-AP-r000:S-P01-S07:GS05:p0001,CP-AP-r000:S-P01-S07:GS05:p0001,S-P01-S07,GS05,GS05-A1,2026-10-31T23:45:03.993538Z,2026-10-31T23:54:03.441396Z,-896.006462,-356.558604,539.447858,-896006462,-356558604,539447858,False,outside_horizon_padding,f15eacfea5f4fdf5ab36674c369deeac90ef1324f43cba80f9c6dc879aa792d5
CP-SOURCE-r000,A-P,r000,2026-11-01T00:00:00Z,CP-AP-r000:S-P01-S07:GS12:p0001,CP-AP-r000:S-P01-S07:GS12:p0001,S-P01-S07,GS12,GS12-A1,2026-10-31T23:45:06.238574Z,2026-10-31T23:54:20.621045Z,-893.761426,-339.378955,554.382471,-893761426,-339378955,554382471,False,outside_horizon_padding,f15eacfea5f4fdf5ab36674c369deeac90ef1324f43cba80f9c6dc879aa792d5
CP-SOURCE-r000,A-P,r000,2026-11-01T00:00:00Z,CP-AP-r000:S-P03-S04:GS01:p0001,CP-AP-r000:S-P03-S04:GS01:p0001,S-P03-S04,GS01,GS01-A1,2026-10-31T23:45:12.360006Z,2026-10-31T23:54:30.748923Z,-887.639994,-329.251077,558.388917,-887639994,-329251077,558388917,False,outside_horizon_padding,f15eacfea5f4fdf5ab36674c369deeac90ef1324f43cba80f9c6dc879aa792d5
CP-SOURCE-r000,A-P,r000,2026-11-01T00:00:00Z,CP-AP-r000:S-P01-S07:GS06:p0001,CP-AP-r000:S-P01-S07:GS06:p0001,S-P01-S07,GS06,GS06-A1,2026-10-31T23:45:56.890293Z,2026-10-31T23:55:16.000278Z,-843.109707,-283.999722,559.109985,-843109707,-283999722,559109985,False,outside_horizon_padding,f15eacfea5f4fdf5ab36674c369deeac90ef1324f43cba80f9c6dc879aa792d5
CP-SOURCE-r000,A-P,r000,2026-11-01T00:00:00Z,CP-AP-r000:S-P03-S04:GS07:p0001,CP-AP-r000:S-P03-S04:GS07:p0001,S-P03-S04,GS07,GS07-A1,2026-10-31T23:46:11.724471Z,2026-10-31T23:55:18.576115Z,-828.275529,-281.423885,546.851644,-828275529,-281423885,546851644,False,outside_horizon_padding,f15eacfea5f4fdf5ab36674c369deeac90ef1324f43cba80f9c6dc879aa792d5
CP-SOURCE-r000,A-P,r000,2026-11-01T00:00:00Z,CP-AP-r000:S-P03-S04:GS02:p0001,CP-AP-r000:S-P03-S04:GS02:p0001,S-P03-S04,GS02,GS02-A1,2026-10-31T23:46:18.532528Z,2026-10-31T23:55:27.833501Z,-821.467472,-272.166499,549.300973,-821467472,-272166499,549300973,False,outside_horizon_padding,f15eacfea5f4fdf5ab36674c369deeac90ef1324f43cba80f9c6dc879aa792d5
CP-SOURCE-r000,A-P,r000,2026-11-01T00:00:00Z,CP-AP-r000:S-P03-S03:GS01:p0001,CP-AP-r000:S-P03-S03:GS01:p0001,S-P03-S03,GS01,GS01-A1,2026-10-31T23:46:57.170800Z,2026-10-31T23:56:16.043318Z,-782.829200,-223.956682,558.872518,-782829200,-223956682,558872518,False,outside_horizon_padding,f15eacfea5f4fdf5ab36674c369deeac90ef1324f43cba80f9c6dc879aa792d5
CP-SOURCE-r000,A-P,r000,2026-11-01T00:00:00Z,CP-AP-r000:S-P03-S04:GS08:p0001,CP-AP-r000:S-P03-S04:GS08:p0001,S-P03-S04,GS08,GS08-A1,2026-10-31T23:47:04.414132Z,2026-10-31T23:56:24.411225Z,-775.585868,-215.588775,559.997093,-775585868,-215588775,559997093,False,outside_horizon_padding,f15eacfea5f4fdf5ab36674c369deeac90ef1324f43cba80f9c6dc879aa792d5
CP-SOURCE-r000,A-P,r000,2026-11-01T00:00:00Z,CP-AP-r000:S-P03-S04:GS03:p0001,CP-AP-r000:S-P03-S04:GS03:p0001,S-P03-S04,GS03,GS03-A1,2026-10-31T23:47:45.966787Z,2026-10-31T23:56:12.627181Z,-734.033213,-227.372819,506.660394,-734033213,-227372819,506660394,False,outside_horizon_padding,f15eacfea5f4fdf5ab36674c369deeac90ef1324f43cba80f9c6dc879aa792d5
CP-SOURCE-r000,A-P,r000,2026-11-01T00:00:00Z,CP-AP-r000:S-P03-S03:GS07:p0001,CP-AP-r000:S-P03-S03:GS07:p0001,S-P03-S03,GS07,GS07-A1,2026-10-31T23:47:55.601949Z,2026-10-31T23:57:04.474639Z,-724.398051,-175.525361,548.872690,-724398051,-175525361,548872690,False,outside_horizon_padding,f15eacfea5f4fdf5ab36674c369deeac90ef1324f43cba80f9c6dc879aa792d5
CP-SOURCE-r000,A-P,r000,2026-11-01T00:00:00Z,CP-AP-r000:S-P03-S03:GS02:p0001,CP-AP-r000:S-P03-S03:GS02:p0001,S-P03-S03,GS02,GS02-A1,2026-10-31T23:48:04.843651Z,2026-10-31T23:57:12.228926Z,-715.156349,-167.771074,547.385275,-715156349,-167771074,547385275,False,outside_horizon_padding,f15eacfea5f4fdf5ab36674c369deeac90ef1324f43cba80f9c6dc879aa792d5
CP-SOURCE-r000,A-P,r000,2026-11-01T00:00:00Z,CP-AP-r000:S-P03-S04:GS09:p0001,CP-AP-r000:S-P03-S04:GS09:p0001,S-P03-S04,GS09,GS09-A1,2026-10-31T23:48:16.148963Z,2026-10-31T23:57:19.795004Z,-703.851037,-160.204996,543.646041,-703851037,-160204996,543646041,False,outside_horizon_padding,f15eacfea5f4fdf5ab36674c369deeac90ef1324f43cba80f9c6dc879aa792d5
CP-SOURCE-r000,A-P,r000,2026-11-01T00:00:00Z,CP-AP-r000:S-P03-S03:GS08:p0001,CP-AP-r000:S-P03-S03:GS08:p0001,S-P03-S03,GS08,GS08-A1,2026-10-31T23:48:49.713219Z,2026-10-31T23:58:09.472639Z,-670.286781,-110.527361,559.759420,-670286781,-110527361,559759420,False,outside_horizon_padding,f15eacfea5f4fdf5ab36674c369deeac90ef1324f43cba80f9c6dc879aa792d5
CP-SOURCE-r000,A-P,r000,2026-11-01T00:00:00Z,CP-AP-r000:S-P03-S03:GS03:p0001,CP-AP-r000:S-P03-S03:GS03:p0001,S-P03-S03,GS03,GS03-A1,2026-10-31T23:49:33.835636Z,2026-10-31T23:57:56.143197Z,-626.164364,-123.856803,502.307561,-626164364,-123856803,502307561,False,outside_horizon_padding,f15eacfea5f4fdf5ab36674c369deeac90ef1324f43cba80f9c6dc879aa792d5
CP-SOURCE-r000,A-P,r000,2026-11-01T00:00:00Z,CP-AP-r000:S-P03-S04:GS04:p0001,CP-AP-r000:S-P03-S04:GS04:p0001,S-P03-S04,GS04,GS04-A1,2026-10-31T23:49:37.169293Z,2026-10-31T23:56:43.665986Z,-622.830707,-196.334014,426.496693,-622830707,-196334014,426496693,False,outside_horizon_padding,f15eacfea5f4fdf5ab36674c369deeac90ef1324f43cba80f9c6dc879aa792d5
CP-SOURCE-r000,A-P,r000,2026-11-01T00:00:00Z,CP-AP-r000:S-P03-S04:GS10:p0001,CP-AP-r000:S-P03-S04:GS10:p0001,S-P03-S04,GS10,GS10-A1,2026-10-31T23:49:46.107559Z,2026-10-31T23:58:06.291449Z,-613.892441,-113.708551,500.183890,-613892441,-113708551,500183890,False,outside_horizon_padding,f15eacfea5f4fdf5ab36674c369deeac90ef1324f43cba80f9c6dc879aa792d5
CP-SOURCE-r000,A-P,r000,2026-11-01T00:00:00Z,CP-AP-r000:S-P03-S03:GS09:p0001,CP-AP-r000:S-P03-S03:GS09:p0001,S-P03-S03,GS09,GS09-A1,2026-10-31T23:50:02.747151Z,2026-10-31T23:59:04.196162Z,-597.252849,-55.803838,541.449011,-597252849,-55803838,541449011,False,outside_horizon_padding,f15eacfea5f4fdf5ab36674c369deeac90ef1324f43cba80f9c6dc879aa792d5
CP-SOURCE-r000,A-P,r000,2026-11-01T00:00:00Z,CP-AP-r000:S-P03-S03:GS04:p0001,CP-AP-r000:S-P03-S03:GS04:p0001,S-P03-S03,GS04,GS04-A1,2026-10-31T23:51:26.955848Z,2026-10-31T23:58:26.013859Z,-513.044152,-93.986141,419.058011,-513044152,-93986141,419058011,False,outside_horizon_padding,f15eacfea5f4fdf5ab36674c369deeac90ef1324f43cba80f9c6dc879aa792d5
CP-SOURCE-r000,A-P,r000,2026-11-01T00:00:00Z,CP-AP-r000:S-P03-S03:GS10:p0001,CP-AP-r000:S-P03-S03:GS10:p0001,S-P03-S03,GS10,GS10-A1,2026-10-31T23:51:34.014145Z,2026-10-31T23:59:50.073013Z,-505.985855,-9.926987,496.058868,-505985855,-9926987,496058868,False,outside_horizon_padding,f15eacfea5f4fdf5ab36674c369deeac90ef1324f43cba80f9c6dc879aa792d5
CP-SOURCE-r000,A-P,r000,2026-11-01T00:00:00Z,CP-AP-r000:S-P03-S04:GS11:p0001,CP-AP-r000:S-P03-S04:GS11:p0001,S-P03-S04,GS11,GS11-A1,2026-10-31T23:51:35.323134Z,2026-10-31T23:58:43.508244Z,-504.676866,-76.491756,428.185110,-504676866,-76491756,428185110,False,outside_horizon_padding,f15eacfea5f4fdf5ab36674c369deeac90ef1324f43cba80f9c6dc879aa792d5
CP-SOURCE-r000,A-P,r000,2026-11-01T00:00:00Z,CP-AP-r000:S-P03-S04:GS05:p0001,CP-AP-r000:S-P03-S04:GS05:p0001,S-P03-S04,GS05,GS05-A1,2026-10-31T23:52:02.675057Z,2026-10-31T23:56:51.376989Z,-477.324943,-188.623011,288.701932,-477324943,-188623011,288701932,False,outside_horizon_padding,f15eacfea5f4fdf5ab36674c369deeac90ef1324f43cba80f9c6dc879aa792d5
CP-SOURCE-r000,A-P,r000,2026-11-01T00:00:00Z,CP-AP-r000:S-P03-S03:GS11:p0001,CP-AP-r000:S-P03-S03:GS11:p0001,S-P03-S03,GS11,GS11-A1,2026-10-31T23:53:24.702344Z,2026-11-01T00:00:26.545541Z,-395.297656,26.545541,421.843197,-395297656,26545541,421843197,True,crosses_horizon,f15eacfea5f4fdf5ab36674c369deeac90ef1324f43cba80f9c6dc879aa792d5
CP-SOURCE-r000,A-P,r000,2026-11-01T00:00:00Z,CP-AP-r000:S-P03-S04:GS12:p0001,CP-AP-r000:S-P03-S04:GS12:p0001,S-P03-S04,GS12,GS12-A1,2026-10-31T23:53:48.371931Z,2026-10-31T23:59:07.304602Z,-371.628069,-52.695398,318.932671,-371628069,-52695398,318932671,False,outside_horizon_padding,f15eacfea5f4fdf5ab36674c369deeac90ef1324f43cba80f9c6dc879aa792d5
CP-SOURCE-r000,A-P,r000,2026-11-01T00:00:00Z,CP-AP-r000:S-P03-S03:GS05:p0001,CP-AP-r000:S-P03-S03:GS05:p0001,S-P03-S03,GS05,GS05-A1,2026-10-31T23:53:55.989624Z,2026-10-31T23:58:31.006600Z,-364.010376,-88.993400,275.016976,-364010376,-88993400,275016976,False,outside_horizon_padding,f15eacfea5f4fdf5ab36674c369deeac90ef1324f43cba80f9c6dc879aa792d5
CP-SOURCE-r000,A-P,r000,2026-11-01T00:00:00Z,CP-AP-r000:S-P03-S03:GS12:p0001,CP-AP-r000:S-P03-S03:GS12:p0001,S-P03-S03,GS12,GS12-A1,2026-10-31T23:55:39.856764Z,2026-11-01T00:00:48.982488Z,-260.143236,48.982488,309.125724,-260143236,48982488,309125724,True,crosses_horizon,f15eacfea5f4fdf5ab36674c369deeac90ef1324f43cba80f9c6dc879aa792d5
CP-SOURCE-r000,A-P,r000,2026-11-01T00:00:00Z,CP-AP-r000:S-P01-S06:GS07:p0001,CP-AP-r000:S-P01-S06:GS07:p0001,S-P01-S06,GS07,GS07-A1,2026-10-31T23:56:54.673784Z,2026-11-01T00:02:51.753488Z,-185.326216,171.753488,357.079704,-185326216,171753488,357079704,True,crosses_horizon,f15eacfea5f4fdf5ab36674c369deeac90ef1324f43cba80f9c6dc879aa792d5
CP-SOURCE-r000,A-P,r000,2026-11-01T00:00:00Z,CP-AP-r000:S-P01-S06:GS08:p0001,CP-AP-r000:S-P01-S06:GS08:p0001,S-P01-S06,GS08,GS08-A1,2026-10-31T23:57:22.870733Z,2026-11-01T00:04:56.639970Z,-157.129267,296.639970,453.769237,-157129267,296639970,453769237,True,crosses_horizon,f15eacfea5f4fdf5ab36674c369deeac90ef1324f43cba80f9c6dc879aa792d5
CP-SOURCE-r000,A-P,r000,2026-11-01T00:00:00Z,CP-AP-r000:S-P01-S06:GS09:p0001,CP-AP-r000:S-P01-S06:GS09:p0001,S-P01-S06,GS09,GS09-A1,2026-10-31T23:58:02.750269Z,2026-11-01T00:06:39.490967Z,-117.249731,399.490967,516.740698,-117249731,399490967,516740698,True,crosses_horizon,f15eacfea5f4fdf5ab36674c369deeac90ef1324f43cba80f9c6dc879aa792d5
CP-SOURCE-r000,A-P,r000,2026-11-01T00:00:00Z,CP-AP-r000:S-P01-S05:GS07:p0001,CP-AP-r000:S-P01-S05:GS07:p0001,S-P01-S05,GS07,GS07-A1,2026-10-31T23:58:36.954905Z,2026-11-01T00:04:42.317077Z,-83.045095,282.317077,365.362172,-83045095,282317077,365362172,True,crosses_horizon,f15eacfea5f4fdf5ab36674c369deeac90ef1324f43cba80f9c6dc879aa792d5
CP-SOURCE-r000,A-P,r000,2026-11-01T00:00:00Z,CP-AP-r000:S-P01-S06:GS10:p0001,CP-AP-r000:S-P01-S06:GS10:p0001,S-P01-S06,GS10,GS10-A1,2026-10-31T23:58:51.685278Z,2026-11-01T00:08:03.463168Z,-68.314722,483.463168,551.777890,-68314722,483463168,551777890,True,crosses_horizon,f15eacfea5f4fdf5ab36674c369deeac90ef1324f43cba80f9c6dc879aa792d5
CP-SOURCE-r000,A-P,r000,2026-11-01T00:00:00Z,CP-AP-r000:S-P01-S06:GS02:p0001,CP-AP-r000:S-P01-S06:GS02:p0001,S-P01-S06,GS02,GS02-A1,2026-10-31T23:59:02.974800Z,2026-11-01T00:04:44.067449Z,-57.025200,284.067449,341.092649,-57025200,284067449,341092649,True,crosses_horizon,f15eacfea5f4fdf5ab36674c369deeac90ef1324f43cba80f9c6dc879aa792d5
CP-SOURCE-r000,A-P,r000,2026-11-01T00:00:00Z,CP-AP-r000:S-P01-S05:GS08:p0001,CP-AP-r000:S-P01-S05:GS08:p0001,S-P01-S05,GS08,GS08-A1,2026-10-31T23:59:06.188070Z,2026-11-01T00:06:45.420296Z,-53.811930,405.420296,459.232226,-53811930,405420296,459232226,True,crosses_horizon,f15eacfea5f4fdf5ab36674c369deeac90ef1324f43cba80f9c6dc879aa792d5
CP-SOURCE-r000,A-P,r000,2026-11-01T00:00:00Z,CP-AP-r000:S-P01-S06:GS03:p0001,CP-AP-r000:S-P01-S06:GS03:p0001,S-P01-S06,GS03,GS03-A1,2026-10-31T23:59:19.739474Z,2026-11-01T00:06:56.416494Z,-40.260526,416.416494,456.677020,-40260526,416416494,456677020,True,crosses_horizon,f15eacfea5f4fdf5ab36674c369deeac90ef1324f43cba80f9c6dc879aa792d5
CP-SOURCE-r000,A-P,r000,2026-11-01T00:00:00Z,CP-AP-r000:S-P01-S05:GS09:p0001,CP-AP-r000:S-P01-S05:GS09:p0001,S-P01-S05,GS09,GS09-A1,2026-10-31T23:59:46.749153Z,2026-11-01T00:08:26.872551Z,-13.250847,506.872551,520.123398,-13250847,506872551,520123398,True,crosses_horizon,f15eacfea5f4fdf5ab36674c369deeac90ef1324f43cba80f9c6dc879aa792d5
CP-SOURCE-r000,A-P,r000,2026-11-01T00:00:00Z,CP-AP-r000:S-P01-S06:GS11:p0001,CP-AP-r000:S-P01-S06:GS11:p0001,S-P01-S06,GS11,GS11-A1,2026-10-31T23:59:49.907529Z,2026-11-01T00:09:09.017049Z,-10.092471,549.017049,559.109520,-10092471,549017049,559109520,True,crosses_horizon,f15eacfea5f4fdf5ab36674c369deeac90ef1324f43cba80f9c6dc879aa792d5
CP-SOURCE-r000,A-P,r000,2026-11-01T00:00:00Z,CP-AP-r000:S-P01-S06:GS04:p0001,CP-AP-r000:S-P01-S06:GS04:p0001,S-P01-S06,GS04,GS04-A1,2026-10-31T23:59:55.236528Z,2026-11-01T00:08:39.321854Z,-4.763472,519.321854,524.085326,-4763472,519321854,524085326,True,crosses_horizon,f15eacfea5f4fdf5ab36674c369deeac90ef1324f43cba80f9c6dc879aa792d5
CP-SOURCE-r000,A-P,r000,2026-11-01T00:00:00Z,CP-AP-r000:S-P01-S06:GS01:p0001,CP-AP-r000:S-P01-S06:GS01:p0001,S-P01-S06,GS01,GS01-A1,2026-10-31T23:59:58.275864Z,2026-11-01T00:01:08.080024Z,-1.724136,68.080024,69.804160,-1724136,68080024,69804160,True,crosses_horizon,f15eacfea5f4fdf5ab36674c369deeac90ef1324f43cba80f9c6dc879aa792d5
CP-SOURCE-r000,A-P,r000,2026-11-01T00:00:00Z,CP-AP-r000:S-P01-S08:GS07:p0014,CP-AP-r000:S-P01-S08:GS07:p0014,S-P01-S08,GS07,GS07-A1,2026-11-03T23:56:37.597203Z,2026-11-04T00:05:31.414484Z,258997.597203,259531.414484,533.817281,258997597203,259531414484,533817281,True,crosses_horizon,f15eacfea5f4fdf5ab36674c369deeac90ef1324f43cba80f9c6dc879aa792d5
CP-SOURCE-r000,A-P,r000,2026-11-01T00:00:00Z,CP-AP-r000:S-P01-S08:GS08:p0014,CP-AP-r000:S-P01-S08:GS08:p0014,S-P01-S08,GS08,GS08-A1,2026-11-03T23:57:30.011557Z,2026-11-04T00:06:48.099778Z,259050.011557,259608.099778,558.088221,259050011557,259608099778,558088221,True,crosses_horizon,f15eacfea5f4fdf5ab36674c369deeac90ef1324f43cba80f9c6dc879aa792d5
CP-SOURCE-r000,A-P,r000,2026-11-01T00:00:00Z,CP-AP-r000:S-P01-S08:GS01:p0013,CP-AP-r000:S-P01-S08:GS01:p0013,S-P01-S08,GS01,GS01-A1,2026-11-03T23:57:48.618227Z,2026-11-04T00:05:56.652301Z,259068.618227,259556.652301,488.034074,259068618227,259556652301,488034074,True,crosses_horizon,f15eacfea5f4fdf5ab36674c369deeac90ef1324f43cba80f9c6dc879aa792d5
CP-SOURCE-r000,A-P,r000,2026-11-01T00:00:00Z,CP-AP-r000:S-P04-S04:GS05:p0012,CP-AP-r000:S-P04-S04:GS05:p0012,S-P04-S04,GS05,GS05-A1,2026-11-03T23:58:09.424781Z,2026-11-04T00:06:29.266689Z,259089.424781,259589.266689,499.841908,259089424781,259589266689,499841908,True,crosses_horizon,f15eacfea5f4fdf5ab36674c369deeac90ef1324f43cba80f9c6dc879aa792d5
CP-SOURCE-r000,A-P,r000,2026-11-01T00:00:00Z,CP-AP-r000:S-P04-S04:GS04:p0013,CP-AP-r000:S-P04-S04:GS04:p0013,S-P04-S04,GS04,GS04-A1,2026-11-03T23:58:12.864683Z,2026-11-04T00:04:40.809578Z,259092.864683,259480.809578,387.944895,259092864683,259480809578,387944895,True,crosses_horizon,f15eacfea5f4fdf5ab36674c369deeac90ef1324f43cba80f9c6dc879aa792d5
CP-SOURCE-r000,A-P,r000,2026-11-01T00:00:00Z,CP-AP-r000:S-P01-S07:GS07:p0015,CP-AP-r000:S-P01-S07:GS07:p0015,S-P01-S07,GS07,GS07-A1,2026-11-03T23:58:21.837184Z,2026-11-04T00:07:18.275719Z,259101.837184,259638.275719,536.438535,259101837184,259638275719,536438535,True,crosses_horizon,f15eacfea5f4fdf5ab36674c369deeac90ef1324f43cba80f9c6dc879aa792d5
CP-SOURCE-r000,A-P,r000,2026-11-01T00:00:00Z,CP-AP-r000:S-P01-S08:GS02:p0012,CP-AP-r000:S-P01-S08:GS02:p0012,S-P01-S08,GS02,GS02-A1,2026-11-03T23:58:29.447940Z,2026-11-04T00:07:30.149427Z,259109.447940,259650.149427,540.701487,259109447940,259650149427,540701487,True,crosses_horizon,f15eacfea5f4fdf5ab36674c369deeac90ef1324f43cba80f9c6dc879aa792d5
CP-SOURCE-r000,A-P,r000,2026-11-01T00:00:00Z,CP-AP-r000:S-P01-S08:GS09:p0014,CP-AP-r000:S-P01-S08:GS09:p0014,S-P01-S08,GS09,GS09-A1,2026-11-03T23:58:32.353322Z,2026-11-04T00:07:46.021299Z,259112.353322,259666.021299,553.667977,259112353322,259666021299,553667977,True,crosses_horizon,f15eacfea5f4fdf5ab36674c369deeac90ef1324f43cba80f9c6dc879aa792d5
CP-SOURCE-r000,A-P,r000,2026-11-01T00:00:00Z,CP-AP-r000:S-P04-S04:GS06:p0012,CP-AP-r000:S-P04-S04:GS06:p0012,S-P04-S04,GS06,GS06-A1,2026-11-03T23:58:40.391477Z,2026-11-04T00:07:49.770862Z,259120.391477,259669.770862,549.379385,259120391477,259669770862,549379385,True,crosses_horizon,f15eacfea5f4fdf5ab36674c369deeac90ef1324f43cba80f9c6dc879aa792d5
CP-SOURCE-r000,A-P,r000,2026-11-01T00:00:00Z,CP-AP-r000:S-P01-S07:GS08:p0014,CP-AP-r000:S-P01-S07:GS08:p0014,S-P01-S07,GS08,GS08-A1,2026-11-03T23:59:14.901813Z,2026-11-04T00:08:33.658955Z,259154.901813,259713.658955,558.757142,259154901813,259713658955,558757142,True,crosses_horizon,f15eacfea5f4fdf5ab36674c369deeac90ef1324f43cba80f9c6dc879aa792d5
CP-SOURCE-r000,A-P,r000,2026-11-01T00:00:00Z,CP-AP-r000:S-P01-S08:GS03:p0014,CP-AP-r000:S-P01-S08:GS03:p0014,S-P01-S08,GS03,GS03-A1,2026-11-03T23:59:22.731911Z,2026-11-04T00:08:41.902582Z,259162.731911,259721.902582,559.170671,259162731911,259721902582,559170671,True,crosses_horizon,f15eacfea5f4fdf5ab36674c369deeac90ef1324f43cba80f9c6dc879aa792d5
CP-SOURCE-r000,A-P,r000,2026-11-01T00:00:00Z,CP-AP-r000:S-P04-S04:GS11:p0013,CP-AP-r000:S-P04-S04:GS11:p0013,S-P04-S04,GS11,GS11-A1,2026-11-03T23:59:30.772636Z,2026-11-04T00:07:02.226452Z,259170.772636,259622.226452,451.453816,259170772636,259622226452,451453816,True,crosses_horizon,f15eacfea5f4fdf5ab36674c369deeac90ef1324f43cba80f9c6dc879aa792d5
CP-SOURCE-r000,A-P,r000,2026-11-01T00:00:00Z,CP-AP-r000:S-P01-S07:GS01:p0013,CP-AP-r000:S-P01-S07:GS01:p0013,S-P01-S07,GS01,GS01-A1,2026-11-03T23:59:31.891424Z,2026-11-04T00:07:44.872503Z,259171.891424,259664.872503,492.981079,259171891424,259664872503,492981079,True,crosses_horizon,f15eacfea5f4fdf5ab36674c369deeac90ef1324f43cba80f9c6dc879aa792d5
CP-SOURCE-r000,A-P,r000,2026-11-01T00:00:00Z,CP-AP-r000:S-P04-S04:GS12:p0013,CP-AP-r000:S-P04-S04:GS12:p0013,S-P04-S04,GS12,GS12-A1,2026-11-03T23:59:46.593128Z,2026-11-04T00:08:33.220866Z,259186.593128,259713.220866,526.627738,259186593128,259713220866,526627738,True,crosses_horizon,f15eacfea5f4fdf5ab36674c369deeac90ef1324f43cba80f9c6dc879aa792d5
CP-SOURCE-r000,A-P,r000,2026-11-01T00:00:00Z,CP-AP-r000:S-P01-S08:GS10:p0015,CP-AP-r000:S-P01-S08:GS10:p0015,S-P01-S08,GS10,GS10-A1,2026-11-03T23:59:47.823436Z,2026-11-04T00:08:22.752618Z,259187.823436,259702.752618,514.929182,259187823436,259702752618,514929182,True,crosses_horizon,f15eacfea5f4fdf5ab36674c369deeac90ef1324f43cba80f9c6dc879aa792d5
CP-SOURCE-r000,A-P,r000,2026-11-01T00:00:00Z,CP-AP-r000:S-P04-S03:GS05:p0012,CP-AP-r000:S-P04-S03:GS05:p0012,S-P04-S03,GS05,GS05-A1,2026-11-03T23:59:51.502984Z,2026-11-04T00:08:16.507102Z,259191.502984,259696.507102,505.004118,259191502984,259696507102,505004118,True,crosses_horizon,f15eacfea5f4fdf5ab36674c369deeac90ef1324f43cba80f9c6dc879aa792d5
CP-SOURCE-r000,A-P,r000,2026-11-01T00:00:00Z,CP-AP-r000:S-P04-S03:GS04:p0013,CP-AP-r000:S-P04-S03:GS04:p0013,S-P04-S03,GS04,GS04-A1,2026-11-03T23:59:51.763192Z,2026-11-04T00:06:30.802025Z,259191.763192,259590.802025,399.038833,259191763192,259590802025,399038833,True,crosses_horizon,f15eacfea5f4fdf5ab36674c369deeac90ef1324f43cba80f9c6dc879aa792d5
CP-SOURCE-r000,A-P,r000,2026-11-01T00:00:00Z,CP-AP-r000:S-P04-S04:GS10:p0015,CP-AP-r000:S-P04-S04:GS10:p0015,S-P04-S04,GS10,GS10-A1,2026-11-04T00:00:01.116043Z,2026-11-04T00:04:51.783536Z,259201.116043,259491.783536,290.667493,259201116043,259491783536,290667493,False,outside_horizon_padding,f15eacfea5f4fdf5ab36674c369deeac90ef1324f43cba80f9c6dc879aa792d5
CP-SOURCE-r000,A-P,r000,2026-11-01T00:00:00Z,CP-AP-r000:S-P01-S07:GS02:p0013,CP-AP-r000:S-P01-S07:GS02:p0013,S-P01-S07,GS02,GS02-A1,2026-11-04T00:00:13.640043Z,2026-11-04T00:09:16.756369Z,259213.640043,259756.756369,543.116326,259213640043,259756756369,543116326,False,outside_horizon_padding,f15eacfea5f4fdf5ab36674c369deeac90ef1324f43cba80f9c6dc879aa792d5
CP-SOURCE-r000,A-P,r000,2026-11-01T00:00:00Z,CP-AP-r000:S-P01-S07:GS09:p0014,CP-AP-r000:S-P01-S07:GS09:p0014,S-P01-S07,GS09,GS09-A1,2026-11-04T00:00:18.036821Z,2026-11-04T00:09:30.188981Z,259218.036821,259770.188981,552.152160,259218036821,259770188981,552152160,False,outside_horizon_padding,f15eacfea5f4fdf5ab36674c369deeac90ef1324f43cba80f9c6dc879aa792d5
CP-SOURCE-r000,A-P,r000,2026-11-01T00:00:00Z,CP-AP-r000:S-P04-S03:GS06:p0012,CP-AP-r000:S-P04-S03:GS06:p0012,S-P04-S03,GS06,GS06-A1,2026-11-04T00:00:24.377639Z,2026-11-04T00:09:35.596438Z,259224.377639,259775.596438,551.218799,259224377639,259775596438,551218799,False,outside_horizon_padding,f15eacfea5f4fdf5ab36674c369deeac90ef1324f43cba80f9c6dc879aa792d5
CP-SOURCE-r000,A-P,r000,2026-11-01T00:00:00Z,CP-AP-r000:S-P01-S08:GS04:p0013,CP-AP-r000:S-P01-S08:GS04:p0013,S-P01-S08,GS04,GS04-A1,2026-11-04T00:00:29.477321Z,2026-11-04T00:09:31.959077Z,259229.477321,259771.959077,542.481756,259229477321,259771959077,542481756,False,outside_horizon_padding,f15eacfea5f4fdf5ab36674c369deeac90ef1324f43cba80f9c6dc879aa792d5
CP-SOURCE-r000,A-P,r000,2026-11-01T00:00:00Z,CP-AP-r000:S-P01-S07:GS03:p0013,CP-AP-r000:S-P01-S07:GS03:p0013,S-P01-S07,GS03,GS03-A1,2026-11-04T00:01:07.810271Z,2026-11-04T00:10:27.004567Z,259267.810271,259827.004567,559.194296,259267810271,259827004567,559194296,False,outside_horizon_padding,f15eacfea5f4fdf5ab36674c369deeac90ef1324f43cba80f9c6dc879aa792d5
CP-SOURCE-r000,A-P,r000,2026-11-01T00:00:00Z,CP-AP-r000:S-P04-S03:GS11:p0013,CP-AP-r000:S-P04-S03:GS11:p0013,S-P04-S03,GS11,GS11-A1,2026-11-04T00:01:11.605124Z,2026-11-04T00:08:50.376302Z,259271.605124,259730.376302,458.771178,259271605124,259730376302,458771178,False,outside_horizon_padding,f15eacfea5f4fdf5ab36674c369deeac90ef1324f43cba80f9c6dc879aa792d5
CP-SOURCE-r000,A-P,r000,2026-11-01T00:00:00Z,CP-AP-r000:S-P01-S08:GS11:p0016,CP-AP-r000:S-P01-S08:GS11:p0016,S-P01-S08,GS11,GS11-A1,2026-11-04T00:01:24.343979Z,2026-11-04T00:08:31.134477Z,259284.343979,259711.134477,426.790498,259284343979,259711134477,426790498,False,outside_horizon_padding,f15eacfea5f4fdf5ab36674c369deeac90ef1324f43cba80f9c6dc879aa792d5
CP-SOURCE-r000,A-P,r000,2026-11-01T00:00:00Z,CP-AP-r000:S-P04-S03:GS12:p0013,CP-AP-r000:S-P04-S03:GS12:p0013,S-P04-S03,GS12,GS12-A1,2026-11-04T00:01:29.621064Z,2026-11-04T00:10:19.678869Z,259289.621064,259819.678869,530.057805,259289621064,259819678869,530057805,False,outside_horizon_padding,f15eacfea5f4fdf5ab36674c369deeac90ef1324f43cba80f9c6dc879aa792d5
CP-SOURCE-r000,A-P,r000,2026-11-01T00:00:00Z,CP-AP-r000:S-P04-S03:GS03:p0013,CP-AP-r000:S-P04-S03:GS03:p0013,S-P04-S03,GS03,GS03-A1,2026-11-04T00:01:29.808411Z,2026-11-04T00:03:12.930267Z,259289.808411,259392.930267,103.121856,259289808411,259392930267,103121856,False,outside_horizon_padding,f15eacfea5f4fdf5ab36674c369deeac90ef1324f43cba80f9c6dc879aa792d5
CP-SOURCE-r000,A-P,r000,2026-11-01T00:00:00Z,CP-AP-r000:S-P01-S07:GS10:p0015,CP-AP-r000:S-P01-S07:GS10:p0015,S-P01-S07,GS10,GS10-A1,2026-11-04T00:01:34.650675Z,2026-11-04T00:10:05.232851Z,259294.650675,259805.232851,510.582176,259294650675,259805232851,510582176,False,outside_horizon_padding,f15eacfea5f4fdf5ab36674c369deeac90ef1324f43cba80f9c6dc879aa792d5
CP-SOURCE-r000,A-P,r000,2026-11-01T00:00:00Z,CP-AP-r000:S-P04-S03:GS10:p0015,CP-AP-r000:S-P04-S03:GS10:p0015,S-P04-S03,GS10,GS10-A1,2026-11-04T00:01:36.933390Z,2026-11-04T00:06:44.493335Z,259296.933390,259604.493335,307.559945,259296933390,259604493335,307559945,False,outside_horizon_padding,f15eacfea5f4fdf5ab36674c369deeac90ef1324f43cba80f9c6dc879aa792d5
CP-SOURCE-r000,A-P,r000,2026-11-01T00:00:00Z,CP-AP-r000:S-P01-S08:GS05:p0014,CP-AP-r000:S-P01-S08:GS05:p0014,S-P01-S08,GS05,GS05-A1,2026-11-04T00:01:54.462891Z,2026-11-04T00:09:56.553919Z,259314.462891,259796.553919,482.091028,259314462891,259796553919,482091028,False,outside_horizon_padding,f15eacfea5f4fdf5ab36674c369deeac90ef1324f43cba80f9c6dc879aa792d5
CP-SOURCE-r000,A-P,r000,2026-11-01T00:00:00Z,CP-AP-r000:S-P01-S07:GS04:p0013,CP-AP-r000:S-P01-S07:GS04:p0013,S-P01-S07,GS04,GS04-A1,2026-11-04T00:02:15.634461Z,2026-11-04T00:11:15.436885Z,259335.634461,259875.436885,539.802424,259335634461,259875436885,539802424,False,outside_horizon_padding,f15eacfea5f4fdf5ab36674c369deeac90ef1324f43cba80f9c6dc879aa792d5
CP-SOURCE-r000,A-P,r000,2026-11-01T00:00:00Z,CP-AP-r000:S-P01-S07:GS11:p0016,CP-AP-r000:S-P01-S07:GS11:p0016,S-P01-S07,GS11,GS11-A1,2026-11-04T00:03:13.260438Z,2026-11-04T00:10:11.035724Z,259393.260438,259811.035724,417.775286,259393260438,259811035724,417775286,False,outside_horizon_padding,f15eacfea5f4fdf5ab36674c369deeac90ef1324f43cba80f9c6dc879aa792d5
CP-SOURCE-r000,A-P,r000,2026-11-01T00:00:00Z,CP-AP-r000:S-P01-S07:GS05:p0014,CP-AP-r000:S-P01-S07:GS05:p0014,S-P01-S07,GS05,GS05-A1,2026-11-04T00:03:42.267216Z,2026-11-04T00:11:37.909319Z,259422.267216,259897.909319,475.642103,259422267216,259897909319,475642103,False,outside_horizon_padding,f15eacfea5f4fdf5ab36674c369deeac90ef1324f43cba80f9c6dc879aa792d5
CP-SOURCE-r000,A-P,r000,2026-11-01T00:00:00Z,CP-AP-r000:S-P01-S08:GS06:p0013,CP-AP-r000:S-P01-S08:GS06:p0013,S-P01-S08,GS06,GS06-A1,2026-11-04T00:03:52.642555Z,2026-11-04T00:09:41.685952Z,259432.642555,259781.685952,349.043397,259432642555,259781685952,349043397,False,outside_horizon_padding,f15eacfea5f4fdf5ab36674c369deeac90ef1324f43cba80f9c6dc879aa792d5
CP-SOURCE-r000,A-P,r000,2026-11-01T00:00:00Z,CP-AP-r000:S-P01-S08:GS12:p0014,CP-AP-r000:S-P01-S08:GS12:p0014,S-P01-S08,GS12,GS12-A1,2026-11-04T00:03:52.935525Z,2026-11-04T00:07:40.858160Z,259432.935525,259660.858160,227.922635,259432935525,259660858160,227922635,False,outside_horizon_padding,f15eacfea5f4fdf5ab36674c369deeac90ef1324f43cba80f9c6dc879aa792d5
CP-SOURCE-r000,A-P,r000,2026-11-01T00:00:00Z,CP-AP-r000:S-P03-S04:GS01:p0013,CP-AP-r000:S-P03-S04:GS01:p0013,S-P03-S04,GS01,GS01-A1,2026-11-04T00:04:55.303660Z,2026-11-04T00:11:49.631801Z,259495.303660,259909.631801,414.328141,259495303660,259909631801,414328141,False,outside_horizon_padding,f15eacfea5f4fdf5ab36674c369deeac90ef1324f43cba80f9c6dc879aa792d5
CP-SOURCE-r000,A-P,r000,2026-11-01T00:00:00Z,CP-AP-r000:S-P03-S04:GS07:p0014,CP-AP-r000:S-P03-S04:GS07:p0014,S-P03-S04,GS07,GS07-A1,2026-11-04T00:05:01.159332Z,2026-11-04T00:13:14.606043Z,259501.159332,259994.606043,493.446711,259501159332,259994606043,493446711,False,outside_horizon_padding,f15eacfea5f4fdf5ab36674c369deeac90ef1324f43cba80f9c6dc879aa792d5
CP-SOURCE-r000,A-P,r000,2026-11-01T00:00:00Z,CP-AP-r000:S-P01-S07:GS06:p0012,CP-AP-r000:S-P01-S07:GS06:p0012,S-P01-S07,GS06,GS06-A1,2026-11-04T00:05:44.222372Z,2026-11-04T00:11:18.854980Z,259544.222372,259878.854980,334.632608,259544222372,259878854980,334632608,False,outside_horizon_padding,f15eacfea5f4fdf5ab36674c369deeac90ef1324f43cba80f9c6dc879aa792d5
CP-SOURCE-r000,A-P,r000,2026-11-01T00:00:00Z,CP-AP-r000:S-P01-S07:GS12:p0014,CP-AP-r000:S-P01-S07:GS12:p0014,S-P01-S07,GS12,GS12-A1,2026-11-04T00:05:50.150334Z,2026-11-04T00:09:12.018652Z,259550.150334,259752.018652,201.868318,259550150334,259752018652,201868318,False,outside_horizon_padding,f15eacfea5f4fdf5ab36674c369deeac90ef1324f43cba80f9c6dc879aa792d5
CP-SOURCE-r000,A-P,r000,2026-11-01T00:00:00Z,CP-AP-r000:S-P03-S03:GS01:p0013,CP-AP-r000:S-P03-S03:GS01:p0013,S-P03-S03,GS01,GS01-A1,2026-11-04T00:06:45.361678Z,2026-11-04T00:13:31.797261Z,259605.361678,260011.797261,406.435583,259605361678,260011797261,406435583,False,outside_horizon_padding,f15eacfea5f4fdf5ab36674c369deeac90ef1324f43cba80f9c6dc879aa792d5
CP-SOURCE-r000,A-P,r000,2026-11-01T00:00:00Z,CP-AP-r000:S-P03-S03:GS07:p0014,CP-AP-r000:S-P03-S03:GS07:p0014,S-P03-S03,GS07,GS07-A1,2026-11-04T00:06:49.222634Z,2026-11-04T00:14:58.313535Z,259609.222634,260098.313535,489.090901,259609222634,260098313535,489090901,False,outside_horizon_padding,f15eacfea5f4fdf5ab36674c369deeac90ef1324f43cba80f9c6dc879aa792d5
CP-SOURCE-r000,A-P,r000,2026-11-01T00:00:00Z,CP-AP-r000:S-P03-S04:GS08:p0014,CP-AP-r000:S-P03-S04:GS08:p0014,S-P03-S04,GS08,GS08-A1,2026-11-04T00:06:52.764554Z,2026-11-04T00:13:50.622315Z,259612.764554,260030.622315,417.857761,259612764554,260030622315,417857761,False,outside_horizon_padding,f15eacfea5f4fdf5ab36674c369deeac90ef1324f43cba80f9c6dc879aa792d5
CP-SOURCE-r000,A-P,r000,2026-11-01T00:00:00Z,CP-AP-r000:S-P03-S04:GS02:p0012,CP-AP-r000:S-P03-S04:GS02:p0012,S-P03-S04,GS02,GS02-A1,2026-11-04T00:07:26.655562Z,2026-11-04T00:11:52.821454Z,259646.655562,259912.821454,266.165892,259646655562,259912821454,266165892,False,outside_horizon_padding,f15eacfea5f4fdf5ab36674c369deeac90ef1324f43cba80f9c6dc879aa792d5
CP-SOURCE-r000,A-P,r000,2026-11-01T00:00:00Z,CP-AP-r000:S-P03-S03:GS08:p0014,CP-AP-r000:S-P03-S03:GS08:p0014,S-P03-S03,GS08,GS08-A1,2026-11-04T00:08:42.335578Z,2026-11-04T00:15:33.553264Z,259722.335578,260133.553264,411.217686,259722335578,260133553264,411217686,False,outside_horizon_padding,f15eacfea5f4fdf5ab36674c369deeac90ef1324f43cba80f9c6dc879aa792d5
CP-SOURCE-r000,A-P,r000,2026-11-01T00:00:00Z,CP-AP-r000:S-P03-S04:GS09:p0015,CP-AP-r000:S-P03-S04:GS09:p0015,S-P03-S04,GS09,GS09-A1,2026-11-04T00:09:09.254419Z,2026-11-04T00:14:12.195988Z,259749.254419,260052.195988,302.941569,259749254419,260052195988,302941569,False,outside_horizon_padding,f15eacfea5f4fdf5ab36674c369deeac90ef1324f43cba80f9c6dc879aa792d5
CP-SOURCE-r000,A-P,r000,2026-11-01T00:00:00Z,CP-AP-r000:S-P03-S03:GS02:p0012,CP-AP-r000:S-P03-S03:GS02:p0012,S-P03-S03,GS02,GS02-A1,2026-11-04T00:09:20.757096Z,2026-11-04T00:13:31.761043Z,259760.757096,260011.761043,251.003947,259760757096,260011761043,251003947,False,outside_horizon_padding,f15eacfea5f4fdf5ab36674c369deeac90ef1324f43cba80f9c6dc879aa792d5
CP-SOURCE-r000,A-P,r000,2026-11-01T00:00:00Z,CP-AP-r000:S-P02-S06:GS12:p0013,CP-AP-r000:S-P02-S06:GS12:p0013,S-P02-S06,GS12,GS12-A1,2026-11-04T00:10:37.932362Z,2026-11-04T00:15:30.834142Z,259837.932362,260130.834142,292.901780,259837932362,260130834142,292901780,False,outside_horizon_padding,f15eacfea5f4fdf5ab36674c369deeac90ef1324f43cba80f9c6dc879aa792d5
CP-SOURCE-r000,A-P,r000,2026-11-01T00:00:00Z,CP-AP-r000:S-P03-S03:GS09:p0015,CP-AP-r000:S-P03-S03:GS09:p0015,S-P03-S03,GS09,GS09-A1,2026-11-04T00:11:01.093494Z,2026-11-04T00:15:53.606564Z,259861.093494,260153.606564,292.513070,259861093494,260153606564,292513070,False,outside_horizon_padding,f15eacfea5f4fdf5ab36674c369deeac90ef1324f43cba80f9c6dc879aa792d5
CP-SOURCE-r000,A-P,r000,2026-11-01T00:00:00Z,CP-AP-r000:S-P02-S05:GS12:p0013,CP-AP-r000:S-P02-S05:GS12:p0013,S-P02-S05,GS12,GS12-A1,2026-11-04T00:12:19.323294Z,2026-11-04T00:17:22.676199Z,259939.323294,260242.676199,303.352905,259939323294,260242676199,303352905,False,outside_horizon_padding,f15eacfea5f4fdf5ab36674c369deeac90ef1324f43cba80f9c6dc879aa792d5
CP-SOURCE-r000,A-P,r000,2026-11-01T00:00:00Z,CP-AP-r000:S-P03-S04:GS10:p0015,CP-AP-r000:S-P03-S04:GS10:p0015,S-P03-S04,GS10,GS10-A1,2026-11-04T00:12:38.660381Z,2026-11-04T00:13:31.340909Z,259958.660381,260011.340909,52.680528,259958660381,260011340909,52680528,False,outside_horizon_padding,f15eacfea5f4fdf5ab36674c369deeac90ef1324f43cba80f9c6dc879aa792d5
CP-SOURCE-r000,A-P,r000,2026-11-01T00:00:00Z,CP-AP-r000:S-P02-S05:GS11:p0014,CP-AP-r000:S-P02-S05:GS11:p0014,S-P02-S05,GS11,GS11-A1,2026-11-04T00:13:01.137418Z,2026-11-04T00:13:52.536683Z,259981.137418,260032.536683,51.399265,259981137418,260032536683,51399265,False,outside_horizon_padding,f15eacfea5f4fdf5ab36674c369deeac90ef1324f43cba80f9c6dc879aa792d5
CP-SOURCE-r000,A-P,r000,2026-11-01T00:00:00Z,CP-AP-r000:S-P01-S06:GS07:p0014,CP-AP-r000:S-P01-S06:GS07:p0014,S-P01-S06,GS07,GS07-A1,2026-11-04T00:14:02.010530Z,2026-11-04T00:23:15.884001Z,260042.010530,260595.884001,553.873471,260042010530,260595884001,553873471,False,outside_horizon_padding,f15eacfea5f4fdf5ab36674c369deeac90ef1324f43cba80f9c6dc879aa792d5
CP-SOURCE-r000,A-P,r000,2026-11-01T00:00:00Z,CP-AP-r000:S-P04-S02:GS04:p0012,CP-AP-r000:S-P04-S02:GS04:p0012,S-P04-S02,GS04,GS04-A1,2026-11-04T00:14:54.182806Z,2026-11-04T00:22:49.710545Z,260094.182806,260569.710545,475.527739,260094182806,260569710545,475527739,False,outside_horizon_padding,f15eacfea5f4fdf5ab36674c369deeac90ef1324f43cba80f9c6dc879aa792d5
CP-SOURCE-r000,A-P,r000,2026-11-01T00:00:00Z,CP-AP-r000:S-P01-S06:GS08:p0014,CP-AP-r000:S-P01-S06:GS08:p0014,S-P01-S06,GS08,GS08-A1,2026-11-04T00:15:01.256456Z,2026-11-04T00:24:19.387157Z,260101.256456,260659.387157,558.130701,260101256456,260659387157,558130701,False,outside_horizon_padding,f15eacfea5f4fdf5ab36674c369deeac90ef1324f43cba80f9c6dc879aa792d5
CP-SOURCE-r000,A-P,r000,2026-11-01T00:00:00Z,CP-AP-r000:S-P01-S06:GS01:p0013,CP-AP-r000:S-P01-S06:GS01:p0013,S-P01-S06,GS01,GS01-A1,2026-11-04T00:15:04.434904Z,2026-11-04T00:23:53.487458Z,260104.434904,260633.487458,529.052554,260104434904,260633487458,529052554,False,outside_horizon_padding,f15eacfea5f4fdf5ab36674c369deeac90ef1324f43cba80f9c6dc879aa792d5
CP-SOURCE-r000,A-P,r000,2026-11-01T00:00:00Z,CP-AP-r000:S-P04-S02:GS03:p0013,CP-AP-r000:S-P04-S02:GS03:p0013,S-P04-S02,GS03,GS03-A1,2026-11-04T00:15:12.969797Z,2026-11-04T00:20:47.608898Z,260112.969797,260447.608898,334.639101,260112969797,260447608898,334639101,False,outside_horizon_padding,f15eacfea5f4fdf5ab36674c369deeac90ef1324f43cba80f9c6dc879aa792d5
CP-SOURCE-r000,A-P,r000,2026-11-01T00:00:00Z,CP-AP-r000:S-P04-S02:GS05:p0013,CP-AP-r000:S-P04-S02:GS05:p0013,S-P04-S02,GS05,GS05-A1,2026-11-04T00:15:16.835756Z,2026-11-04T00:24:16.559075Z,260116.835756,260656.559075,539.723319,260116835756,260656559075,539723319,False,outside_horizon_padding,f15eacfea5f4fdf5ab36674c369deeac90ef1324f43cba80f9c6dc879aa792d5
CP-SOURCE-r000,A-P,r000,2026-11-01T00:00:00Z,CP-AP-r000:S-P01-S05:GS07:p0014,CP-AP-r000:S-P01-S05:GS07:p0014,S-P01-S05,GS07,GS07-A1,2026-11-04T00:15:46.703122Z,2026-11-04T00:25:01.824273Z,260146.703122,260701.824273,555.121151,260146703122,260701824273,555121151,False,outside_horizon_padding,f15eacfea5f4fdf5ab36674c369deeac90ef1324f43cba80f9c6dc879aa792d5
CP-SOURCE-r000,A-P,r000,2026-11-01T00:00:00Z,CP-AP-r000:S-P01-S06:GS02:p0013,CP-AP-r000:S-P01-S06:GS02:p0013,S-P01-S06,GS02,GS02-A1,2026-11-04T00:15:54.137511Z,2026-11-04T00:25:11.409674Z,260154.137511,260711.409674,557.272163,260154137511,260711409674,557272163,False,outside_horizon_padding,f15eacfea5f4fdf5ab36674c369deeac90ef1324f43cba80f9c6dc879aa792d5
CP-SOURCE-r000,A-P,r000,2026-11-01T00:00:00Z,CP-AP-r000:S-P04-S02:GS06:p0012,CP-AP-r000:S-P04-S02:GS06:p0012,S-P04-S02,GS06,GS06-A1,2026-11-04T00:16:05.382636Z,2026-11-04T00:25:24.645753Z,260165.382636,260724.645753,559.263117,260165382636,260724645753,559263117,False,outside_horizon_padding,f15eacfea5f4fdf5ab36674c369deeac90ef1324f43cba80f9c6dc879aa792d5
CP-SOURCE-r000,A-P,r000,2026-11-01T00:00:00Z,CP-AP-r000:S-P01-S06:GS09:p0014,CP-AP-r000:S-P01-S06:GS09:p0014,S-P01-S06,GS09,GS09-A1,2026-11-04T00:16:12.401425Z,2026-11-04T00:25:02.704303Z,260172.401425,260702.704303,530.302878,260172401425,260702704303,530302878,False,outside_horizon_padding,f15eacfea5f4fdf5ab36674c369deeac90ef1324f43cba80f9c6dc879aa792d5
CP-SOURCE-r000,A-P,r000,2026-11-01T00:00:00Z,CP-AP-r000:S-P04-S02:GS10:p0014,CP-AP-r000:S-P04-S02:GS10:p0014,S-P04-S02,GS10,GS10-A1,2026-11-04T00:16:21.138449Z,2026-11-04T00:23:18.452585Z,260181.138449,260598.452585,417.314136,260181138449,260598452585,417314136,False,outside_horizon_padding,f15eacfea5f4fdf5ab36674c369deeac90ef1324f43cba80f9c6dc879aa792d5
CP-SOURCE-r000,A-P,r000,2026-11-01T00:00:00Z,CP-AP-r000:S-P04-S02:GS11:p0013,CP-AP-r000:S-P04-S02:GS11:p0013,S-P04-S02,GS11,GS11-A1,2026-11-04T00:16:27.055767Z,2026-11-04T00:24:57.329575Z,260187.055767,260697.329575,510.273808,260187055767,260697329575,510273808,False,outside_horizon_padding,f15eacfea5f4fdf5ab36674c369deeac90ef1324f43cba80f9c6dc879aa792d5
CP-SOURCE-r000,A-P,r000,2026-11-01T00:00:00Z,CP-AP-r000:S-P04-S01:GS04:p0012,CP-AP-r000:S-P04-S01:GS04:p0012,S-P04-S01,GS04,GS04-A1,2026-11-04T00:16:35.552799Z,2026-11-04T00:24:37.528548Z,260195.552799,260677.528548,481.975749,260195552799,260677528548,481975749,False,outside_horizon_padding,f15eacfea5f4fdf5ab36674c369deeac90ef1324f43cba80f9c6dc879aa792d5
CP-SOURCE-r000,A-P,r000,2026-11-01T00:00:00Z,CP-AP-r000:S-P01-S05:GS08:p0014,CP-AP-r000:S-P01-S05:GS08:p0014,S-P01-S05,GS08,GS08-A1,2026-11-04T00:16:46.685515Z,2026-11-04T00:26:03.977039Z,260206.685515,260763.977039,557.291524,260206685515,260763977039,557291524,False,outside_horizon_padding,f15eacfea5f4fdf5ab36674c369deeac90ef1324f43cba80f9c6dc879aa792d5
CP-SOURCE-r000,A-P,r000,2026-11-01T00:00:00Z,CP-AP-r000:S-P01-S05:GS01:p0012,CP-AP-r000:S-P01-S05:GS01:p0012,S-P01-S05,GS01,GS01-A1,2026-11-04T00:16:48.374723Z,2026-11-04T00:25:40.540811Z,260208.374723,260740.540811,532.166088,260208374723,260740540811,532166088,False,outside_horizon_padding,f15eacfea5f4fdf5ab36674c369deeac90ef1324f43cba80f9c6dc879aa792d5
CP-SOURCE-r000,A-P,r000,2026-11-01T00:00:00Z,CP-AP-r000:S-P04-S01:GS03:p0013,CP-AP-r000:S-P04-S01:GS03:p0013,S-P04-S01,GS03,GS03-A1,2026-11-04T00:16:50.162602Z,2026-11-04T00:22:39.194400Z,260210.162602,260559.194400,349.031798,260210162602,260559194400,349031798,False,outside_horizon_padding,f15eacfea5f4fdf5ab36674c369deeac90ef1324f43cba80f9c6dc879aa792d5
CP-SOURCE-r000,A-P,r000,2026-11-01T00:00:00Z,CP-AP-r000:S-P01-S06:GS03:p0014,CP-AP-r000:S-P01-S06:GS03:p0014,S-P01-S06,GS03,GS03-A1,2026-11-04T00:16:56.686539Z,2026-11-04T00:26:07.946051Z,260216.686539,260767.946051,551.259512,260216686539,260767946051,551259512,False,outside_horizon_padding,f15eacfea5f4fdf5ab36674c369deeac90ef1324f43cba80f9c6dc879aa792d5
CP-SOURCE-r000,A-P,r000,2026-11-01T00:00:00Z,CP-AP-r000:S-P04-S01:GS05:p0013,CP-AP-r000:S-P04-S01:GS05:p0013,S-P04-S01,GS05,GS05-A1,2026-11-04T00:17:00.323742Z,2026-11-04T00:26:02.733157Z,260220.323742,260762.733157,542.409415,260220323742,260762733157,542409415,False,outside_horizon_padding,f15eacfea5f4fdf5ab36674c369deeac90ef1324f43cba80f9c6dc879aa792d5
CP-SOURCE-r000,A-P,r000,2026-11-01T00:00:00Z,CP-AP-r000:S-P04-S02:GS12:p0014,CP-AP-r000:S-P04-S02:GS12:p0014,S-P04-S02,GS12,GS12-A1,2026-11-04T00:17:02.183083Z,2026-11-04T00:26:14.219753Z,260222.183083,260774.219753,552.036670,260222183083,260774219753,552036670,False,outside_horizon_padding,f15eacfea5f4fdf5ab36674c369deeac90ef1324f43cba80f9c6dc879aa792d5
CP-SOURCE-r000,A-P,r000,2026-11-01T00:00:00Z,CP-AP-r000:S-P04-S02:GS09:p0015,CP-AP-r000:S-P04-S02:GS09:p0015,S-P04-S02,GS09,GS09-A1,2026-11-04T00:17:20.146732Z,2026-11-04T00:20:41.165457Z,260240.146732,260441.165457,201.018725,260240146732,260441165457,201018725,False,outside_horizon_padding,f15eacfea5f4fdf5ab36674c369deeac90ef1324f43cba80f9c6dc879aa792d5
CP-SOURCE-r000,A-P,r000,2026-11-01T00:00:00Z,CP-AP-r000:S-P01-S05:GS02:p0013,CP-AP-r000:S-P01-S05:GS02:p0013,S-P01-S05,GS02,GS02-A1,2026-11-04T00:17:38.949102Z,2026-11-04T00:26:56.950407Z,260258.949102,260816.950407,558.001305,260258949102,260816950407,558001305,False,outside_horizon_padding,f15eacfea5f4fdf5ab36674c369deeac90ef1324f43cba80f9c6dc879aa792d5
CP-SOURCE-r000,A-P,r000,2026-11-01T00:00:00Z,CP-AP-r000:S-P01-S06:GS10:p0016,CP-AP-r000:S-P01-S06:GS10:p0016,S-P01-S06,GS10,GS10-A1,2026-11-04T00:17:41.435319Z,2026-11-04T00:25:20.613882Z,260261.435319,260720.613882,459.178563,260261435319,260720613882,459178563,False,outside_horizon_padding,f15eacfea5f4fdf5ab36674c369deeac90ef1324f43cba80f9c6dc879aa792d5
CP-SOURCE-r000,A-P,r000,2026-11-01T00:00:00Z,CP-AP-r000:S-P04-S01:GS06:p0012,CP-AP-r000:S-P04-S01:GS06:p0012,S-P04-S01,GS06,GS06-A1,2026-11-04T00:17:50.489871Z,2026-11-04T00:27:09.744595Z,260270.489871,260829.744595,559.254724,260270489871,260829744595,559254724,False,outside_horizon_padding,f15eacfea5f4fdf5ab36674c369deeac90ef1324f43cba80f9c6dc879aa792d5
CP-SOURCE-r000,A-P,r000,2026-11-01T00:00:00Z,CP-AP-r000:S-P01-S05:GS09:p0015,CP-AP-r000:S-P01-S05:GS09:p0015,S-P01-S05,GS09,GS09-A1,2026-11-04T00:17:58.840083Z,2026-11-04T00:26:45.725965Z,260278.840083,260805.725965,526.885882,260278840083,260805725965,526885882,False,outside_horizon_padding,f15eacfea5f4fdf5ab36674c369deeac90ef1324f43cba80f9c6dc879aa792d5
CP-SOURCE-r000,A-P,r000,2026-11-01T00:00:00Z,CP-AP-r000:S-P04-S01:GS10:p0014,CP-AP-r000:S-P04-S01:GS10:p0014,S-P04-S01,GS10,GS10-A1,2026-11-04T00:18:01.048199Z,2026-11-04T00:25:07.388933Z,260281.048199,260707.388933,426.340734,260281048199,260707388933,426340734,False,outside_horizon_padding,f15eacfea5f4fdf5ab36674c369deeac90ef1324f43cba80f9c6dc879aa792d5
CP-SOURCE-r000,A-P,r000,2026-11-01T00:00:00Z,CP-AP-r000:S-P04-S01:GS11:p0013,CP-AP-r000:S-P04-S01:GS11:p0013,S-P04-S01,GS11,GS11-A1,2026-11-04T00:18:09.543129Z,2026-11-04T00:26:44.175381Z,260289.543129,260804.175381,514.632252,260289543129,260804175381,514632252,False,outside_horizon_padding,f15eacfea5f4fdf5ab36674c369deeac90ef1324f43cba80f9c6dc879aa792d5
CP-SOURCE-r000,A-P,r000,2026-11-01T00:00:00Z,CP-AP-r000:S-P01-S06:GS04:p0014,CP-AP-r000:S-P01-S06:GS04:p0014,S-P01-S06,GS04,GS04-A1,2026-11-04T00:18:15.544213Z,2026-11-04T00:26:40.663833Z,260295.544213,260800.663833,505.119620,260295544213,260800663833,505119620,False,outside_horizon_padding,f15eacfea5f4fdf5ab36674c369deeac90ef1324f43cba80f9c6dc879aa792d5
CP-SOURCE-r000,A-P,r000,2026-11-01T00:00:00Z,CP-AP-r000:S-P01-S05:GS03:p0013,CP-AP-r000:S-P01-S05:GS03:p0013,S-P01-S05,GS03,GS03-A1,2026-11-04T00:18:42.495072Z,2026-11-04T00:27:51.922550Z,260322.495072,260871.922550,549.427478,260322495072,260871922550,549427478,False,outside_horizon_padding,f15eacfea5f4fdf5ab36674c369deeac90ef1324f43cba80f9c6dc879aa792d5
CP-SOURCE-r000,A-P,r000,2026-11-01T00:00:00Z,CP-AP-r000:S-P04-S01:GS12:p0014,CP-AP-r000:S-P04-S01:GS12:p0014,S-P04-S01,GS12,GS12-A1,2026-11-04T00:18:46.354635Z,2026-11-04T00:27:59.924565Z,260326.354635,260879.924565,553.569930,260326354635,260879924565,553569930,False,outside_horizon_padding,f15eacfea5f4fdf5ab36674c369deeac90ef1324f43cba80f9c6dc879aa792d5
CP-SOURCE-r000,A-P,r000,2026-11-01T00:00:00Z,CP-AP-r000:S-P04-S01:GS09:p0014,CP-AP-r000:S-P04-S01:GS09:p0014,S-P04-S01,GS09,GS09-A1,2026-11-04T00:18:51.280730Z,2026-11-04T00:22:38.437105Z,260331.280730,260558.437105,227.156375,260331280730,260558437105,227156375,False,outside_horizon_padding,f15eacfea5f4fdf5ab36674c369deeac90ef1324f43cba80f9c6dc879aa792d5
CP-SOURCE-r000,A-P,r000,2026-11-01T00:00:00Z,CP-AP-r000:S-P01-S05:GS10:p0015,CP-AP-r000:S-P01-S05:GS10:p0015,S-P01-S05,GS10,GS10-A1,2026-11-04T00:19:29.566221Z,2026-11-04T00:27:01.438175Z,260369.566221,260821.438175,451.871954,260369566221,260821438175,451871954,False,outside_horizon_padding,f15eacfea5f4fdf5ab36674c369deeac90ef1324f43cba80f9c6dc879aa792d5
CP-SOURCE-r000,A-P,r000,2026-11-01T00:00:00Z,CP-AP-r000:S-P01-S06:GS11:p0015,CP-AP-r000:S-P01-S06:GS11:p0015,S-P01-S06,GS11,GS11-A1,2026-11-04T00:19:47.020816Z,2026-11-04T00:24:55.185909Z,260387.020816,260695.185909,308.165093,260387020816,260695185909,308165093,False,outside_horizon_padding,f15eacfea5f4fdf5ab36674c369deeac90ef1324f43cba80f9c6dc879aa792d5
CP-SOURCE-r000,A-P,r000,2026-11-01T00:00:00Z,CP-AP-r000:S-P01-S06:GS05:p0013,CP-AP-r000:S-P01-S06:GS05:p0013,S-P01-S06,GS05,GS05-A1,2026-11-04T00:20:01.069452Z,2026-11-04T00:26:40.174858Z,260401.069452,260800.174858,399.105406,260401069452,260800174858,399105406,False,outside_horizon_padding,f15eacfea5f4fdf5ab36674c369deeac90ef1324f43cba80f9c6dc879aa792d5
CP-SOURCE-r000,A-P,r000,2026-11-01T00:00:00Z,CP-AP-r000:S-P01-S05:GS04:p0014,CP-AP-r000:S-P01-S05:GS04:p0014,S-P01-S05,GS04,GS04-A1,2026-11-04T00:20:02.769951Z,2026-11-04T00:28:22.728630Z,260402.769951,260902.728630,499.958679,260402769951,260902728630,499958679,False,outside_horizon_padding,f15eacfea5f4fdf5ab36674c369deeac90ef1324f43cba80f9c6dc879aa792d5
CP-SOURCE-r000,A-P,r000,2026-11-01T00:00:00Z,CP-AP-r000:S-P01-S05:GS11:p0015,CP-AP-r000:S-P01-S05:GS11:p0015,S-P01-S05,GS11,GS11-A1,2026-11-04T00:21:39.703273Z,2026-11-04T00:26:31.003730Z,260499.703273,260791.003730,291.300457,260499703273,260791003730,291300457,False,outside_horizon_padding,f15eacfea5f4fdf5ab36674c369deeac90ef1324f43cba80f9c6dc879aa792d5
CP-SOURCE-r000,A-P,r000,2026-11-01T00:00:00Z,CP-AP-r000:S-P01-S05:GS05:p0013,CP-AP-r000:S-P01-S05:GS05:p0013,S-P01-S05,GS05,GS05-A1,2026-11-04T00:21:51.053015Z,2026-11-04T00:28:19.054090Z,260511.053015,260899.054090,388.001075,260511053015,260899054090,388001075,False,outside_horizon_padding,f15eacfea5f4fdf5ab36674c369deeac90ef1324f43cba80f9c6dc879aa792d5
CP-SOURCE-r000,A-P,r000,2026-11-01T00:00:00Z,CP-AP-r000:S-P03-S02:GS07:p0014,CP-AP-r000:S-P03-S02:GS07:p0014,S-P03-S02,GS07,GS07-A1,2026-11-04T00:23:06.332009Z,2026-11-04T00:30:29.451117Z,260586.332009,261029.451117,443.119108,260586332009,261029451117,443119108,False,outside_horizon_padding,f15eacfea5f4fdf5ab36674c369deeac90ef1324f43cba80f9c6dc879aa792d5
CP-SOURCE-r000,A-P,r000,2026-11-01T00:00:00Z,CP-AP-r000:S-P01-S06:GS06:p0013,CP-AP-r000:S-P01-S06:GS06:p0013,S-P01-S06,GS06,GS06-A1,2026-11-04T00:23:19.115723Z,2026-11-04T00:25:01.527341Z,260599.115723,260701.527341,102.411618,260599115723,260701527341,102411618,False,outside_horizon_padding,f15eacfea5f4fdf5ab36674c369deeac90ef1324f43cba80f9c6dc879aa792d5
CP-SOURCE-r000,A-P,r000,2026-11-01T00:00:00Z,CP-AP-r000:S-P03-S02:GS01:p0013,CP-AP-r000:S-P03-S02:GS01:p0013,S-P03-S02,GS01,GS01-A1,2026-11-04T00:23:25.130962Z,2026-11-04T00:28:44.606689Z,260605.130962,260924.606689,319.475727,260605130962,260924606689,319475727,False,outside_horizon_padding,f15eacfea5f4fdf5ab36674c369deeac90ef1324f43cba80f9c6dc879aa792d5
CP-SOURCE-r000,A-P,r000,2026-11-01T00:00:00Z,CP-AP-r000:S-P03-S01:GS07:p0014,CP-AP-r000:S-P03-S01:GS07:p0014,S-P03-S01,GS07,GS07-A1,2026-11-04T00:24:55.428422Z,2026-11-04T00:32:12.640976Z,260695.428422,261132.640976,437.212554,260695428422,261132640976,437212554,False,outside_horizon_padding,f15eacfea5f4fdf5ab36674c369deeac90ef1324f43cba80f9c6dc879aa792d5
CP-SOURCE-r000,A-P,r000,2026-11-01T00:00:00Z,CP-AP-r000:S-P03-S02:GS08:p0015,CP-AP-r000:S-P03-S02:GS08:p0015,S-P03-S02,GS08,GS08-A1,2026-11-04T00:25:14.505660Z,2026-11-04T00:30:56.286272Z,260714.505660,261056.286272,341.780612,260714505660,261056286272,341780612,False,outside_horizon_padding,f15eacfea5f4fdf5ab36674c369deeac90ef1324f43cba80f9c6dc879aa792d5
CP-SOURCE-r000,A-P,r000,2026-11-01T00:00:00Z,CP-AP-r000:S-P03-S01:GS01:p0013,CP-AP-r000:S-P03-S01:GS01:p0013,S-P03-S01,GS01,GS01-A1,2026-11-04T00:25:17.512843Z,2026-11-04T00:30:25.023565Z,260717.512843,261025.023565,307.510722,260717512843,261025023565,307510722,False,outside_horizon_padding,f15eacfea5f4fdf5ab36674c369deeac90ef1324f43cba80f9c6dc879aa792d5
CP-SOURCE-r000,A-P,r000,2026-11-01T00:00:00Z,CP-AP-r000:S-P03-S01:GS08:p0015,CP-AP-r000:S-P03-S01:GS08:p0015,S-P03-S01,GS08,GS08-A1,2026-11-04T00:27:05.516362Z,2026-11-04T00:32:38.308093Z,260825.516362,261158.308093,332.791731,260825516362,261158308093,332791731,False,outside_horizon_padding,f15eacfea5f4fdf5ab36674c369deeac90ef1324f43cba80f9c6dc879aa792d5
CP-SOURCE-r000,A-P,r000,2026-11-01T00:00:00Z,CP-AP-r000:S-P02-S04:GS11:p0013,CP-AP-r000:S-P02-S04:GS11:p0013,S-P02-S04,GS11,GS11-A1,2026-11-04T00:27:26.033011Z,2026-11-04T00:31:31.042599Z,260846.033011,261091.042599,245.009588,260846033011,261091042599,245009588,False,outside_horizon_padding,f15eacfea5f4fdf5ab36674c369deeac90ef1324f43cba80f9c6dc879aa792d5
CP-SOURCE-r000,A-P,r000,2026-11-01T00:00:00Z,CP-AP-r000:S-P02-S04:GS12:p0013,CP-AP-r000:S-P02-S04:GS12:p0013,S-P02-S04,GS12,GS12-A1,2026-11-04T00:27:38.102226Z,2026-11-04T00:34:00.596686Z,260858.102226,261240.596686,382.494460,260858102226,261240596686,382494460,False,outside_horizon_padding,f15eacfea5f4fdf5ab36674c369deeac90ef1324f43cba80f9c6dc879aa792d5
CP-SOURCE-r000,A-P,r000,2026-11-01T00:00:00Z,CP-AP-r000:S-P03-S02:GS09:p0016,CP-AP-r000:S-P03-S02:GS09:p0016,S-P03-S02,GS09,GS09-A1,2026-11-04T00:28:03.382201Z,2026-11-04T00:30:52.938896Z,260883.382201,261052.938896,169.556695,260883382201,261052938896,169556695,False,outside_horizon_padding,f15eacfea5f4fdf5ab36674c369deeac90ef1324f43cba80f9c6dc879aa792d5
CP-SOURCE-r000,A-P,r000,2026-11-01T00:00:00Z,CP-AP-r000:S-P02-S03:GS11:p0013,CP-AP-r000:S-P02-S03:GS11:p0013,S-P02-S03,GS11,GS11-A1,2026-11-04T00:29:06.458463Z,2026-11-04T00:33:24.066715Z,260946.458463,261204.066715,257.608252,260946458463,261204066715,257608252,False,outside_horizon_padding,f15eacfea5f4fdf5ab36674c369deeac90ef1324f43cba80f9c6dc879aa792d5
CP-SOURCE-r000,A-P,r000,2026-11-01T00:00:00Z,CP-AP-r000:S-P02-S03:GS12:p0013,CP-AP-r000:S-P02-S03:GS12:p0013,S-P02-S03,GS12,GS12-A1,2026-11-04T00:29:20.712293Z,2026-11-04T00:35:50.686496Z,260960.712293,261350.686496,389.974203,260960712293,261350686496,389974203,False,outside_horizon_padding,f15eacfea5f4fdf5ab36674c369deeac90ef1324f43cba80f9c6dc879aa792d5
CP-SOURCE-r000,A-P,r000,2026-11-01T00:00:00Z,CP-AP-r000:S-P03-S01:GS09:p0016,CP-AP-r000:S-P03-S01:GS09:p0016,S-P03-S01,GS09,GS09-A1,2026-11-04T00:30:00.229480Z,2026-11-04T00:32:29.866258Z,261000.229480,261149.866258,149.636778,261000229480,261149866258,149636778,False,outside_horizon_padding,f15eacfea5f4fdf5ab36674c369deeac90ef1324f43cba80f9c6dc879aa792d5
CP-SOURCE-r000,A-P,r000,2026-11-01T00:00:00Z,CP-AP-r000:S-P02-S04:GS06:p0012,CP-AP-r000:S-P02-S04:GS06:p0012,S-P02-S04,GS06,GS06-A1,2026-11-04T00:30:02.107558Z,2026-11-04T00:32:57.956228Z,261002.107558,261177.956228,175.848670,261002107558,261177956228,175848670,False,outside_horizon_padding,f15eacfea5f4fdf5ab36674c369deeac90ef1324f43cba80f9c6dc879aa792d5
CP-SOURCE-r000,A-P,r000,2026-11-01T00:00:00Z,CP-AP-r000:S-P01-S04:GS07:p0014,CP-AP-r000:S-P01-S04:GS07:p0014,S-P01-S04,GS07,GS07-A1,2026-11-04T00:31:31.142591Z,2026-11-04T00:40:51.071880Z,261091.142591,261651.071880,559.929289,261091142591,261651071880,559929289,False,outside_horizon_padding,f15eacfea5f4fdf5ab36674c369deeac90ef1324f43cba80f9c6dc879aa792d5
CP-SOURCE-r000,A-P,r000,2026-11-01T00:00:00Z,CP-AP-r000:S-P02-S03:GS06:p0012,CP-AP-r000:S-P02-S03:GS06:p0012,S-P02-S03,GS06,GS06-A1,2026-11-04T00:31:37.833874Z,2026-11-04T00:34:55.496185Z,261097.833874,261295.496185,197.662311,261097833874,261295496185,197662311,False,outside_horizon_padding,f15eacfea5f4fdf5ab36674c369deeac90ef1324f43cba80f9c6dc879aa792d5
CP-SOURCE-r000,A-P,r000,2026-11-01T00:00:00Z,CP-AP-r000:S-P04-S12:GS03:p0013,CP-AP-r000:S-P04-S12:GS03:p0013,S-P04-S12,GS03,GS03-A1,2026-11-04T00:31:42.158169Z,2026-11-04T00:39:07.458268Z,261102.158169,261547.458268,445.300099,261102158169,261547458268,445300099,False,outside_horizon_padding,f15eacfea5f4fdf5ab36674c369deeac90ef1324f43cba80f9c6dc879aa792d5
CP-SOURCE-r000,A-P,r000,2026-11-01T00:00:00Z,CP-AP-r000:S-P04-S12:GS04:p0012,CP-AP-r000:S-P04-S12:GS04:p0012,S-P04-S12,GS04,GS04-A1,2026-11-04T00:31:55.410001Z,2026-11-04T00:40:41.817909Z,261115.410001,261641.817909,526.407908,261115410001,261641817909,526407908,False,outside_horizon_padding,f15eacfea5f4fdf5ab36674c369deeac90ef1324f43cba80f9c6dc879aa792d5
CP-SOURCE-r000,A-P,r000,2026-11-01T00:00:00Z,CP-AP-r000:S-P04-S12:GS02:p0013,CP-AP-r000:S-P04-S12:GS02:p0013,S-P04-S12,GS02,GS02-A1,2026-11-04T00:32:22.791334Z,2026-11-04T00:36:45.136884Z,261142.791334,261405.136884,262.345550,261142791334,261405136884,262345550,False,outside_horizon_padding,f15eacfea5f4fdf5ab36674c369deeac90ef1324f43cba80f9c6dc879aa792d5
CP-SOURCE-r000,A-P,r000,2026-11-01T00:00:00Z,CP-AP-r000:S-P01-S04:GS01:p0012,CP-AP-r000:S-P01-S04:GS01:p0012,S-P01-S04,GS01,GS01-A1,2026-11-04T00:32:26.606263Z,2026-11-04T00:41:39.134445Z,261146.606263,261699.134445,552.528182,261146606263,261699134445,552528182,False,outside_horizon_padding,f15eacfea5f4fdf5ab36674c369deeac90ef1324f43cba80f9c6dc879aa792d5
CP-SOURCE-r000,A-P,r000,2026-11-01T00:00:00Z,CP-AP-r000:S-P04-S12:GS05:p0012,CP-AP-r000:S-P04-S12:GS05:p0012,S-P04-S12,GS05,GS05-A1,2026-11-04T00:32:37.117160Z,2026-11-04T00:41:54.573231Z,261157.117160,261714.573231,557.456071,261157117160,261714573231,557456071,False,outside_horizon_padding,f15eacfea5f4fdf5ab36674c369deeac90ef1324f43cba80f9c6dc879aa792d5
CP-SOURCE-r000,A-P,r000,2026-11-01T00:00:00Z,CP-AP-r000:S-P01-S04:GS08:p0014,CP-AP-r000:S-P01-S04:GS08:p0014,S-P01-S04,GS08,GS08-A1,2026-11-04T00:32:38.430058Z,2026-11-04T00:41:40.570645Z,261158.430058,261700.570645,542.140587,261158430058,261700570645,542140587,False,outside_horizon_padding,f15eacfea5f4fdf5ab36674c369deeac90ef1324f43cba80f9c6dc879aa792d5
CP-SOURCE-r000,A-P,r000,2026-11-01T00:00:00Z,CP-AP-r000:S-P04-S12:GS10:p0013,CP-AP-r000:S-P04-S12:GS10:p0013,S-P04-S12,GS10,GS10-A1,2026-11-04T00:33:09.883965Z,2026-11-04T00:41:19.680249Z,261189.883965,261679.680249,489.796284,261189883965,261679680249,489796284,False,outside_horizon_padding,f15eacfea5f4fdf5ab36674c369deeac90ef1324f43cba80f9c6dc879aa792d5
CP-SOURCE-r000,A-P,r000,2026-11-01T00:00:00Z,CP-AP-r000:S-P04-S12:GS09:p0015,CP-AP-r000:S-P04-S12:GS09:p0015,S-P04-S12,GS09,GS09-A1,2026-11-04T00:33:15.953034Z,2026-11-04T00:39:30.778517Z,261195.953034,261570.778517,374.825483,261195953034,261570778517,374825483,False,outside_horizon_padding,f15eacfea5f4fdf5ab36674c369deeac90ef1324f43cba80f9c6dc879aa792d5
CP-SOURCE-r000,A-P,r000,2026-11-01T00:00:00Z,CP-AP-r000:S-P01-S03:GS07:p0014,CP-AP-r000:S-P01-S03:GS07:p0014,S-P01-S03,GS07,GS07-A1,2026-11-04T00:33:16.339090Z,2026-11-04T00:42:36.066820Z,261196.339090,261756.066820,559.727730,261196339090,261756066820,559727730,False,outside_horizon_padding,f15eacfea5f4fdf5ab36674c369deeac90ef1324f43cba80f9c6dc879aa792d5
CP-SOURCE-r000,A-P,r000,2026-11-01T00:00:00Z,CP-AP-r000:S-P04-S11:GS03:p0013,CP-AP-r000:S-P04-S11:GS03:p0013,S-P04-S11,GS03,GS03-A1,2026-11-04T00:33:22.686584Z,2026-11-04T00:40:55.992636Z,261202.686584,261655.992636,453.306052,261202686584,261655992636,453306052,False,outside_horizon_padding,f15eacfea5f4fdf5ab36674c369deeac90ef1324f43cba80f9c6dc879aa792d5
CP-SOURCE-r000,A-P,r000,2026-11-01T00:00:00Z,CP-AP-r000:S-P01-S04:GS02:p0013,CP-AP-r000:S-P01-S04:GS02:p0013,S-P01-S04,GS02,GS02-A1,2026-11-04T00:33:25.235566Z,2026-11-04T00:42:41.961098Z,261205.235566,261761.961098,556.725532,261205235566,261761961098,556725532,False,outside_horizon_padding,f15eacfea5f4fdf5ab36674c369deeac90ef1324f43cba80f9c6dc879aa792d5
CP-SOURCE-r000,A-P,r000,2026-11-01T00:00:00Z,CP-AP-r000:S-P04-S12:GS11:p0013,CP-AP-r000:S-P04-S12:GS11:p0013,S-P04-S12,GS11,GS11-A1,2026-11-04T00:33:37.734042Z,2026-11-04T00:42:41.675796Z,261217.734042,261761.675796,543.941754,261217734042,261761675796,543941754,False,outside_horizon_padding,f15eacfea5f4fdf5ab36674c369deeac90ef1324f43cba80f9c6dc879aa792d5
CP-SOURCE-r000,A-P,r000,2026-11-01T00:00:00Z,CP-AP-r000:S-P04-S11:GS04:p0012,CP-AP-r000:S-P04-S11:GS04:p0012,S-P04-S11,GS04,GS04-A1,2026-11-04T00:33:38.361991Z,2026-11-04T00:42:28.383505Z,261218.361991,261748.383505,530.021514,261218361991,261748383505,530021514,False,outside_horizon_padding,f15eacfea5f4fdf5ab36674c369deeac90ef1324f43cba80f9c6dc879aa792d5
CP-SOURCE-r000,A-P,r000,2026-11-01T00:00:00Z,CP-AP-r000:S-P04-S12:GS06:p0014,CP-AP-r000:S-P04-S12:GS06:p0014,S-P04-S12,GS06,GS06-A1,2026-11-04T00:33:41.251225Z,2026-11-04T00:42:52.744200Z,261221.251225,261772.744200,551.492975,261221251225,261772744200,551492975,False,outside_horizon_padding,f15eacfea5f4fdf5ab36674c369deeac90ef1324f43cba80f9c6dc879aa792d5
CP-SOURCE-r000,A-P,r000,2026-11-01T00:00:00Z,CP-AP-r000:S-P04-S11:GS02:p0013,CP-AP-r000:S-P04-S11:GS02:p0013,S-P04-S11,GS02,GS02-A1,2026-11-04T00:33:57.041379Z,2026-11-04T00:38:39.558811Z,261237.041379,261519.558811,282.517432,261237041379,261519558811,282517432,False,outside_horizon_padding,f15eacfea5f4fdf5ab36674c369deeac90ef1324f43cba80f9c6dc879aa792d5
CP-SOURCE-r000,A-P,r000,2026-11-01T00:00:00Z,CP-AP-r000:S-P01-S04:GS09:p0015,CP-AP-r000:S-P01-S04:GS09:p0015,S-P01-S04,GS09,GS09-A1,2026-11-04T00:34:01.274445Z,2026-11-04T00:42:06.774536Z,261241.274445,261726.774536,485.500091,261241274445,261726774536,485500091,False,outside_horizon_padding,f15eacfea5f4fdf5ab36674c369deeac90ef1324f43cba80f9c6dc879aa792d5
CP-SOURCE-r000,A-P,r000,2026-11-01T00:00:00Z,CP-AP-r000:S-P01-S03:GS01:p0013,CP-AP-r000:S-P01-S03:GS01:p0013,S-P01-S03,GS01,GS01-A1,2026-11-04T00:34:11.161308Z,2026-11-04T00:43:25.109968Z,261251.161308,261805.109968,553.948660,261251161308,261805109968,553948660,False,outside_horizon_padding,f15eacfea5f4fdf5ab36674c369deeac90ef1324f43cba80f9c6dc879aa792d5
CP-SOURCE-r000,A-P,r000,2026-11-01T00:00:00Z,CP-AP-r000:S-P04-S11:GS05:p0012,CP-AP-r000:S-P04-S11:GS05:p0012,S-P04-S11,GS05,GS05-A1,2026-11-04T00:34:21.777929Z,2026-11-04T00:43:39.952822Z,261261.777929,261819.952822,558.174893,261261777929,261819952822,558174893,False,outside_horizon_padding,f15eacfea5f4fdf5ab36674c369deeac90ef1324f43cba80f9c6dc879aa792d5
CP-SOURCE-r000,A-P,r000,2026-11-01T00:00:00Z,CP-AP-r000:S-P01-S03:GS08:p0014,CP-AP-r000:S-P01-S03:GS08:p0014,S-P01-S03,GS08,GS08-A1,2026-11-04T00:34:24.532119Z,2026-11-04T00:43:24.085391Z,261264.532119,261804.085391,539.553272,261264532119,261804085391,539553272,False,outside_horizon_padding,f15eacfea5f4fdf5ab36674c369deeac90ef1324f43cba80f9c6dc879aa792d5
CP-SOURCE-r000,A-P,r000,2026-11-01T00:00:00Z,CP-AP-r000:S-P04-S12:GS12:p0015,CP-AP-r000:S-P04-S12:GS12:p0015,S-P04-S12,GS12,GS12-A1,2026-11-04T00:34:28.479243Z,2026-11-04T00:43:48.534369Z,261268.479243,261828.534369,560.055126,261268479243,261828534369,560055126,False,outside_horizon_padding,f15eacfea5f4fdf5ab36674c369deeac90ef1324f43cba80f9c6dc879aa792d5
CP-SOURCE-r000,A-P,r000,2026-11-01T00:00:00Z,CP-AP-r000:S-P01-S04:GS03:p0014,CP-AP-r000:S-P01-S04:GS03:p0014,S-P01-S04,GS03,GS03-A1,2026-11-04T00:34:38.740279Z,2026-11-04T00:43:22.108246Z,261278.740279,261802.108246,523.367967,261278740279,261802108246,523367967,False,outside_horizon_padding,f15eacfea5f4fdf5ab36674c369deeac90ef1324f43cba80f9c6dc879aa792d5
CP-SOURCE-r000,A-P,r000,2026-11-01T00:00:00Z,CP-AP-r000:S-P04-S11:GS10:p0013,CP-AP-r000:S-P04-S11:GS10:p0013,S-P04-S11,GS10,GS10-A1,2026-11-04T00:34:51.766886Z,2026-11-04T00:43:06.984653Z,261291.766886,261786.984653,495.217767,261291766886,261786984653,495217767,False,outside_horizon_padding,f15eacfea5f4fdf5ab36674c369deeac90ef1324f43cba80f9c6dc879aa792d5
CP-SOURCE-r000,A-P,r000,2026-11-01T00:00:00Z,CP-AP-r000:S-P04-S11:GS09:p0014,CP-AP-r000:S-P04-S11:GS09:p0014,S-P04-S11,GS09,GS09-A1,2026-11-04T00:34:54.654378Z,2026-11-04T00:41:20.790175Z,261294.654378,261680.790175,386.135797,261294654378,261680790175,386135797,False,outside_horizon_padding,f15eacfea5f4fdf5ab36674c369deeac90ef1324f43cba80f9c6dc879aa792d5
CP-SOURCE-r000,A-P,r000,2026-11-01T00:00:00Z,CP-AP-r000:S-P01-S03:GS02:p0013,CP-AP-r000:S-P01-S03:GS02:p0013,S-P01-S03,GS02,GS02-A1,2026-11-04T00:35:10.728331Z,2026-11-04T00:44:26.411085Z,261310.728331,261866.411085,555.682754,261310728331,261866411085,555682754,False,outside_horizon_padding,f15eacfea5f4fdf5ab36674c369deeac90ef1324f43cba80f9c6dc879aa792d5
CP-SOURCE-r000,A-P,r000,2026-11-01T00:00:00Z,CP-AP-r000:S-P04-S11:GS11:p0013,CP-AP-r000:S-P04-S11:GS11:p0013,S-P04-S11,GS11,GS11-A1,2026-11-04T00:35:21.461349Z,2026-11-04T00:44:27.661351Z,261321.461349,261867.661351,546.200002,261321461349,261867661351,546200002,False,outside_horizon_padding,f15eacfea5f4fdf5ab36674c369deeac90ef1324f43cba80f9c6dc879aa792d5
CP-SOURCE-r000,A-P,r000,2026-11-01T00:00:00Z,CP-AP-r000:S-P04-S11:GS06:p0014,CP-AP-r000:S-P04-S11:GS06:p0014,S-P04-S11,GS06,GS06-A1,2026-11-04T00:35:27.420935Z,2026-11-04T00:44:37.210791Z,261327.420935,261877.210791,549.789856,261327420935,261877210791,549789856,False,outside_horizon_padding,f15eacfea5f4fdf5ab36674c369deeac90ef1324f43cba80f9c6dc879aa792d5
CP-SOURCE-r000,A-P,r000,2026-11-01T00:00:00Z,CP-AP-r000:S-P01-S03:GS09:p0015,CP-AP-r000:S-P01-S03:GS09:p0015,S-P01-S03,GS09,GS09-A1,2026-11-04T00:35:48.793133Z,2026-11-04T00:43:48.352134Z,261348.793133,261828.352134,479.559001,261348793133,261828352134,479559001,False,outside_horizon_padding,f15eacfea5f4fdf5ab36674c369deeac90ef1324f43cba80f9c6dc879aa792d5
CP-SOURCE-r000,A-P,r000,2026-11-01T00:00:00Z,CP-AP-r000:S-P01-S04:GS10:p0015,CP-AP-r000:S-P01-S04:GS10:p0015,S-P01-S04,GS10,GS10-A1,2026-11-04T00:35:52.272684Z,2026-11-04T00:41:57.832573Z,261352.272684,261717.832573,365.559889,261352272684,261717832573,365559889,False,outside_horizon_padding,f15eacfea5f4fdf5ab36674c369deeac90ef1324f43cba80f9c6dc879aa792d5
CP-SOURCE-r000,A-P,r000,2026-11-01T00:00:00Z,CP-AP-r000:S-P04-S11:GS12:p0015,CP-AP-r000:S-P04-S11:GS12:p0015,S-P04-S11,GS12,GS12-A1,2026-11-04T00:36:13.650859Z,2026-11-04T00:45:33.655627Z,261373.650859,261933.655627,560.004768,261373650859,261933655627,560004768,False,outside_horizon_padding,f15eacfea5f4fdf5ab36674c369deeac90ef1324f43cba80f9c6dc879aa792d5
CP-SOURCE-r000,A-P,r000,2026-11-01T00:00:00Z,CP-AP-r000:S-P01-S04:GS04:p0014,CP-AP-r000:S-P01-S04:GS04:p0014,S-P01-S04,GS04,GS04-A1,2026-11-04T00:36:14.591174Z,2026-11-04T00:43:33.096297Z,261374.591174,261813.096297,438.505123,261374591174,261813096297,438505123,False,outside_horizon_padding,f15eacfea5f4fdf5ab36674c369deeac90ef1324f43cba80f9c6dc879aa792d5
CP-SOURCE-r000,A-P,r000,2026-11-01T00:00:00Z,CP-AP-r000:S-P01-S03:GS03:p0014,CP-AP-r000:S-P01-S03:GS03:p0014,S-P01-S03,GS03,GS03-A1,2026-11-04T00:36:25.482157Z,2026-11-04T00:45:04.793524Z,261385.482157,261904.793524,519.311367,261385482157,261904793524,519311367,False,outside_horizon_padding,f15eacfea5f4fdf5ab36674c369deeac90ef1324f43cba80f9c6dc879aa792d5
CP-SOURCE-r000,A-P,r000,2026-11-01T00:00:00Z,CP-AP-r000:S-P04-S11:GS08:p0015,CP-AP-r000:S-P04-S11:GS08:p0015,S-P04-S11,GS08,GS08-A1,2026-11-04T00:36:47.240045Z,2026-11-04T00:37:51.266312Z,261407.240045,261471.266312,64.026267,261407240045,261471266312,64026267,False,outside_horizon_padding,f15eacfea5f4fdf5ab36674c369deeac90ef1324f43cba80f9c6dc879aa792d5
CP-SOURCE-r000,A-P,r000,2026-11-01T00:00:00Z,CP-AP-r000:S-P01-S03:GS10:p0015,CP-AP-r000:S-P01-S03:GS10:p0015,S-P01-S03,GS10,GS10-A1,2026-11-04T00:37:42.891674Z,2026-11-04T00:43:35.840304Z,261462.891674,261815.840304,352.948630,261462891674,261815840304,352948630,False,outside_horizon_padding,f15eacfea5f4fdf5ab36674c369deeac90ef1324f43cba80f9c6dc879aa792d5
CP-SOURCE-r000,A-P,r000,2026-11-01T00:00:00Z,CP-AP-r000:S-P01-S03:GS04:p0014,CP-AP-r000:S-P01-S03:GS04:p0014,S-P01-S03,GS04,GS04-A1,2026-11-04T00:38:03.495975Z,2026-11-04T00:45:13.171173Z,261483.495975,261913.171173,429.675198,261483495975,261913171173,429675198,False,outside_horizon_padding,f15eacfea5f4fdf5ab36674c369deeac90ef1324f43cba80f9c6dc879aa792d5
CP-SOURCE-r000,A-P,r000,2026-11-01T00:00:00Z,CP-AP-r000:S-P01-S04:GS05:p0012,CP-AP-r000:S-P01-S04:GS05:p0012,S-P01-S04,GS05,GS05-A1,2026-11-04T00:38:42.331945Z,2026-11-04T00:42:46.301496Z,261522.331945,261766.301496,243.969551,261522331945,261766301496,243969551,False,outside_horizon_padding,f15eacfea5f4fdf5ab36674c369deeac90ef1324f43cba80f9c6dc879aa792d5
CP-SOURCE-r000,A-P,r000,2026-11-01T00:00:00Z,CP-AP-r000:S-P01-S03:GS05:p0012,CP-AP-r000:S-P01-S03:GS05:p0012,S-P01-S03,GS05,GS05-A1,2026-11-04T00:40:39.082889Z,2026-11-04T00:44:18.145019Z,261639.082889,261858.145019,219.062130,261639082889,261858145019,219062130,False,outside_horizon_padding,f15eacfea5f4fdf5ab36674c369deeac90ef1324f43cba80f9c6dc879aa792d5
CP-SOURCE-r000,A-P,r000,2026-11-01T00:00:00Z,CP-AP-r000:S-P03-S12:GS07:p0014,CP-AP-r000:S-P03-S12:GS07:p0014,S-P03-S12,GS07,GS07-A1,2026-11-04T00:41:22.675813Z,2026-11-04T00:47:38.347640Z,261682.675813,262058.347640,375.671827,261682675813,262058347640,375671827,False,outside_horizon_padding,f15eacfea5f4fdf5ab36674c369deeac90ef1324f43cba80f9c6dc879aa792d5
CP-SOURCE-r000,A-P,r000,2026-11-01T00:00:00Z,CP-AP-r000:S-P03-S12:GS01:p0012,CP-AP-r000:S-P03-S12:GS01:p0012,S-P03-S12,GS01,GS01-A1,2026-11-04T00:42:33.631673Z,2026-11-04T00:45:06.772592Z,261753.631673,261906.772592,153.140919,261753631673,261906772592,153140919,False,outside_horizon_padding,f15eacfea5f4fdf5ab36674c369deeac90ef1324f43cba80f9c6dc879aa792d5
CP-SOURCE-r000,A-P,r000,2026-11-01T00:00:00Z,CP-AP-r000:S-P03-S11:GS07:p0014,CP-AP-r000:S-P03-S11:GS07:p0014,S-P03-S11,GS07,GS07-A1,2026-11-04T00:43:13.030396Z,2026-11-04T00:49:20.807523Z,261793.030396,262160.807523,367.777127,261793030396,262160807523,367777127,False,outside_horizon_padding,f15eacfea5f4fdf5ab36674c369deeac90ef1324f43cba80f9c6dc879aa792d5
CP-SOURCE-r000,A-P,r000,2026-11-01T00:00:00Z,CP-AP-r000:S-P03-S12:GS08:p0016,CP-AP-r000:S-P03-S12:GS08:p0016,S-P03-S12,GS08,GS08-A1,2026-11-04T00:43:54.802378Z,2026-11-04T00:47:48.703647Z,261834.802378,262068.703647,233.901269,261834802378,262068703647,233901269,False,outside_horizon_padding,f15eacfea5f4fdf5ab36674c369deeac90ef1324f43cba80f9c6dc879aa792d5
CP-SOURCE-r000,A-P,r000,2026-11-01T00:00:00Z,CP-AP-r000:S-P02-S02:GS11:p0013,CP-AP-r000:S-P02-S02:GS11:p0013,S-P02-S02,GS11,GS11-A1,2026-11-04T00:44:19.882548Z,2026-11-04T00:50:09.301436Z,261859.882548,262209.301436,349.418888,261859882548,262209301436,349418888,False,outside_horizon_padding,f15eacfea5f4fdf5ab36674c369deeac90ef1324f43cba80f9c6dc879aa792d5
CP-SOURCE-r000,A-P,r000,2026-11-01T00:00:00Z,CP-AP-r000:S-P02-S02:GS10:p0013,CP-AP-r000:S-P02-S02:GS10:p0013,S-P02-S02,GS10,GS10-A1,2026-11-04T00:44:20.079016Z,2026-11-04T00:47:24.423897Z,261860.079016,262044.423897,184.344881,261860079016,262044423897,184344881,False,outside_horizon_padding,f15eacfea5f4fdf5ab36674c369deeac90ef1324f43cba80f9c6dc879aa792d5
CP-SOURCE-r000,A-P,r000,2026-11-01T00:00:00Z,CP-AP-r000:S-P03-S11:GS01:p0012,CP-AP-r000:S-P03-S11:GS01:p0012,S-P03-S11,GS01,GS01-A1,2026-11-04T00:44:35.243953Z,2026-11-04T00:46:38.558559Z,261875.243953,261998.558559,123.314606,261875243953,261998558559,123314606,False,outside_horizon_padding,f15eacfea5f4fdf5ab36674c369deeac90ef1324f43cba80f9c6dc879aa792d5
CP-SOURCE-r000,A-P,r000,2026-11-01T00:00:00Z,CP-AP-r000:S-P02-S02:GS12:p0013,CP-AP-r000:S-P02-S02:GS12:p0013,S-P02-S02,GS12,GS12-A1,2026-11-04T00:44:47.473552Z,2026-11-04T00:52:15.844286Z,261887.473552,262335.844286,448.370734,261887473552,262335844286,448370734,False,outside_horizon_padding,f15eacfea5f4fdf5ab36674c369deeac90ef1324f43cba80f9c6dc879aa792d5
CP-SOURCE-r000,A-P,r000,2026-11-01T00:00:00Z,CP-AP-r000:S-P03-S11:GS08:p0016,CP-AP-r000:S-P03-S11:GS08:p0016,S-P03-S11,GS08,GS08-A1,2026-11-04T00:45:48.562862Z,2026-11-04T00:49:28.505105Z,261948.562862,262168.505105,219.942243,261948562862,262168505105,219942243,False,outside_horizon_padding,f15eacfea5f4fdf5ab36674c369deeac90ef1324f43cba80f9c6dc879aa792d5
CP-SOURCE-r000,A-P,r000,2026-11-01T00:00:00Z,CP-AP-r000:S-P02-S01:GS10:p0013,CP-AP-r000:S-P02-S01:GS10:p0013,S-P02-S01,GS10,GS10-A1,2026-11-04T00:45:58.627302Z,2026-11-04T00:49:19.540113Z,261958.627302,262159.540113,200.912811,261958627302,262159540113,200912811,False,outside_horizon_padding,f15eacfea5f4fdf5ab36674c369deeac90ef1324f43cba80f9c6dc879aa792d5
CP-SOURCE-r000,A-P,r000,2026-11-01T00:00:00Z,CP-AP-r000:S-P02-S01:GS11:p0013,CP-AP-r000:S-P02-S01:GS11:p0013,S-P02-S01,GS11,GS11-A1,2026-11-04T00:46:02.101600Z,2026-11-04T00:52:00.000957Z,261962.101600,262320.000957,357.899357,261962101600,262320000957,357899357,False,outside_horizon_padding,f15eacfea5f4fdf5ab36674c369deeac90ef1324f43cba80f9c6dc879aa792d5
CP-SOURCE-r000,A-P,r000,2026-11-01T00:00:00Z,CP-AP-r000:S-P02-S02:GS06:p0013,CP-AP-r000:S-P02-S02:GS06:p0013,S-P02-S02,GS06,GS06-A1,2026-11-04T00:46:29.937732Z,2026-11-04T00:52:00.092032Z,261989.937732,262320.092032,330.154300,261989937732,262320092032,330154300,False,outside_horizon_padding,f15eacfea5f4fdf5ab36674c369deeac90ef1324f43cba80f9c6dc879aa792d5
CP-SOURCE-r000,A-P,r000,2026-11-01T00:00:00Z,CP-AP-r000:S-P02-S01:GS12:p0014,CP-AP-r000:S-P02-S01:GS12:p0014,S-P02-S01,GS12,GS12-A1,2026-11-04T00:46:30.760144Z,2026-11-04T00:54:04.730611Z,261990.760144,262444.730611,453.970467,261990760144,262444730611,453970467,False,outside_horizon_padding,f15eacfea5f4fdf5ab36674c369deeac90ef1324f43cba80f9c6dc879aa792d5
CP-SOURCE-r000,A-P,r000,2026-11-01T00:00:00Z,CP-AP-r000:S-P02-S01:GS06:p0012,CP-AP-r000:S-P02-S01:GS06:p0012,S-P02-S01,GS06,GS06-A1,2026-11-04T00:48:10.805485Z,2026-11-04T00:53:51.894062Z,262090.805485,262431.894062,341.088577,262090805485,262431894062,341088577,False,outside_horizon_padding,f15eacfea5f4fdf5ab36674c369deeac90ef1324f43cba80f9c6dc879aa792d5
CP-SOURCE-r000,A-P,r000,2026-11-01T00:00:00Z,CP-AP-r000:S-P04-S10:GS02:p0013,CP-AP-r000:S-P04-S10:GS02:p0013,S-P04-S10,GS02,GS02-A1,2026-11-04T00:48:34.082502Z,2026-11-04T00:55:21.755133Z,262114.082502,262521.755133,407.672631,262114082502,262521755133,407672631,False,outside_horizon_padding,f15eacfea5f4fdf5ab36674c369deeac90ef1324f43cba80f9c6dc879aa792d5
CP-SOURCE-r000,A-P,r000,2026-11-01T00:00:00Z,CP-AP-r000:S-P04-S10:GS03:p0012,CP-AP-r000:S-P04-S10:GS03:p0012,S-P04-S10,GS03,GS03-A1,2026-11-04T00:48:36.305379Z,2026-11-04T00:57:05.332433Z,262116.305379,262625.332433,509.027054,262116305379,262625332433,509027054,False,outside_horizon_padding,f15eacfea5f4fdf5ab36674c369deeac90ef1324f43cba80f9c6dc879aa792d5
CP-SOURCE-r000,A-P,r000,2026-11-01T00:00:00Z,CP-AP-r000:S-P02-S01:GS05:p0013,CP-AP-r000:S-P02-S01:GS05:p0013,S-P02-S01,GS05,GS05-A1,2026-11-04T00:49:04.251481Z,2026-11-04T00:50:17.419209Z,262144.251481,262217.419209,73.167728,262144251481,262217419209,73167728,False,outside_horizon_padding,f15eacfea5f4fdf5ab36674c369deeac90ef1324f43cba80f9c6dc879aa792d5
CP-SOURCE-r000,A-P,r000,2026-11-01T00:00:00Z,CP-AP-r000:S-P01-S02:GS07:p0014,CP-AP-r000:S-P01-S02:GS07:p0014,S-P01-S02,GS07,GS07-A1,2026-11-04T00:49:05.732032Z,2026-11-04T00:58:16.512821Z,262145.732032,262696.512821,550.780789,262145732032,262696512821,550780789,False,outside_horizon_padding,f15eacfea5f4fdf5ab36674c369deeac90ef1324f43cba80f9c6dc879aa792d5
CP-SOURCE-r000,A-P,r000,2026-11-01T00:00:00Z,CP-AP-r000:S-P04-S10:GS04:p0013,CP-AP-r000:S-P04-S10:GS04:p0013,S-P04-S10,GS04,GS04-A1,2026-11-04T00:49:10.715066Z,2026-11-04T00:58:23.296515Z,262150.715066,262703.296515,552.581449,262150715066,262703296515,552581449,False,outside_horizon_padding,f15eacfea5f4fdf5ab36674c369deeac90ef1324f43cba80f9c6dc879aa792d5
CP-SOURCE-r000,A-P,r000,2026-11-01T00:00:00Z,CP-AP-r000:S-P01-S02:GS01:p0013,CP-AP-r000:S-P01-S02:GS01:p0013,S-P01-S02,GS01,GS01-A1,2026-11-04T00:49:55.010691Z,2026-11-04T00:59:14.093067Z,262195.010691,262754.093067,559.082376,262195010691,262754093067,559082376,False,outside_horizon_padding,f15eacfea5f4fdf5ab36674c369deeac90ef1324f43cba80f9c6dc879aa792d5
CP-SOURCE-r000,A-P,r000,2026-11-01T00:00:00Z,CP-AP-r000:S-P04-S10:GS09:p0013,CP-AP-r000:S-P04-S10:GS09:p0013,S-P04-S10,GS09,GS09-A1,2026-11-04T00:49:55.414502Z,2026-11-04T00:57:39.919293Z,262195.414502,262659.919293,464.504791,262195414502,262659919293,464504791,False,outside_horizon_padding,f15eacfea5f4fdf5ab36674c369deeac90ef1324f43cba80f9c6dc879aa792d5
CP-SOURCE-r000,A-P,r000,2026-11-01T00:00:00Z,CP-AP-r000:S-P04-S10:GS01:p0013,CP-AP-r000:S-P04-S10:GS01:p0013,S-P04-S10,GS01,GS01-A1,2026-11-04T00:49:55.647860Z,2026-11-04T00:52:20.058515Z,262195.647860,262340.058515,144.410655,262195647860,262340058515,144410655,False,outside_horizon_padding,f15eacfea5f4fdf5ab36674c369deeac90ef1324f43cba80f9c6dc879aa792d5
CP-SOURCE-r000,A-P,r000,2026-11-01T00:00:00Z,CP-AP-r000:S-P04-S10:GS05:p0013,CP-AP-r000:S-P04-S10:GS05:p0013,S-P04-S10,GS05,GS05-A1,2026-11-04T00:50:08.609326Z,2026-11-04T00:59:25.326675Z,262208.609326,262765.326675,556.717349,262208609326,262765326675,556717349,False,outside_horizon_padding,f15eacfea5f4fdf5ab36674c369deeac90ef1324f43cba80f9c6dc879aa792d5
CP-SOURCE-r000,A-P,r000,2026-11-01T00:00:00Z,CP-AP-r000:S-P04-S09:GS02:p0013,CP-AP-r000:S-P04-S09:GS02:p0013,S-P04-S09,GS02,GS02-A1,2026-11-04T00:50:13.556401Z,2026-11-04T00:57:11.224201Z,262213.556401,262631.224201,417.667800,262213556401,262631224201,417667800,False,outside_horizon_padding,f15eacfea5f4fdf5ab36674c369deeac90ef1324f43cba80f9c6dc879aa792d5
CP-SOURCE-r000,A-P,r000,2026-11-01T00:00:00Z,CP-AP-r000:S-P04-S10:GS10:p0013,CP-AP-r000:S-P04-S10:GS10:p0013,S-P04-S10,GS10,GS10-A1,2026-11-04T00:50:15.177403Z,2026-11-04T00:59:07.891520Z,262215.177403,262747.891520,532.714117,262215177403,262747891520,532714117,False,outside_horizon_padding,f15eacfea5f4fdf5ab36674c369deeac90ef1324f43cba80f9c6dc879aa792d5
CP-SOURCE-r000,A-P,r000,2026-11-01T00:00:00Z,CP-AP-r000:S-P04-S10:GS08:p0014,CP-AP-r000:S-P04-S10:GS08:p0014,S-P04-S10,GS08,GS08-A1,2026-11-04T00:50:16.975315Z,2026-11-04T00:55:37.428085Z,262216.975315,262537.428085,320.452770,262216975315,262537428085,320452770,False,outside_horizon_padding,f15eacfea5f4fdf5ab36674c369deeac90ef1324f43cba80f9c6dc879aa792d5
CP-SOURCE-r000,A-P,r000,2026-11-01T00:00:00Z,CP-AP-r000:S-P04-S09:GS03:p0012,CP-AP-r000:S-P04-S09:GS03:p0012,S-P04-S09,GS03,GS03-A1,2026-11-04T00:50:18.668359Z,2026-11-04T00:58:52.347169Z,262218.668359,262732.347169,513.678810,262218668359,262732347169,513678810,False,outside_horizon_padding,f15eacfea5f4fdf5ab36674c369deeac90ef1324f43cba80f9c6dc879aa792d5
CP-SOURCE-r000,A-P,r000,2026-11-01T00:00:00Z,CP-AP-r000:S-P01-S02:GS08:p0015,CP-AP-r000:S-P01-S02:GS08:p0015,S-P01-S02,GS08,GS08-A1,2026-11-04T00:50:23.311742Z,2026-11-04T00:58:50.148624Z,262223.311742,262730.148624,506.836882,262223311742,262730148624,506836882,False,outside_horizon_padding,f15eacfea5f4fdf5ab36674c369deeac90ef1324f43cba80f9c6dc879aa792d5
CP-SOURCE-r000,A-P,r000,2026-11-01T00:00:00Z,CP-AP-r000:S-P01-S01:GS07:p0014,CP-AP-r000:S-P01-S01:GS07:p0014,S-P01-S01,GS07,GS07-A1,2026-11-04T00:50:51.537208Z,2026-11-04T01:00:00.000000Z,262251.537208,262800.000000,548.462792,262251537208,262800000000,548462792,False,outside_horizon_padding,f15eacfea5f4fdf5ab36674c369deeac90ef1324f43cba80f9c6dc879aa792d5
CP-SOURCE-r000,A-P,r000,2026-11-01T00:00:00Z,CP-AP-r000:S-P04-S09:GS04:p0013,CP-AP-r000:S-P04-S09:GS04:p0013,S-P04-S09,GS04,GS04-A1,2026-11-04T00:50:54.913808Z,2026-11-04T01:00:00.000000Z,262254.913808,262800.000000,545.086192,262254913808,262800000000,545086192,False,outside_horizon_padding,f15eacfea5f4fdf5ab36674c369deeac90ef1324f43cba80f9c6dc879aa792d5
CP-SOURCE-r000,A-P,r000,2026-11-01T00:00:00Z,CP-AP-r000:S-P04-S10:GS11:p0015,CP-AP-r000:S-P04-S10:GS11:p0015,S-P04-S10,GS11,GS11-A1,2026-11-04T00:50:59.825721Z,2026-11-04T01:00:00.000000Z,262259.825721,262800.000000,540.174279,262259825721,262800000000,540174279,False,outside_horizon_padding,f15eacfea5f4fdf5ab36674c369deeac90ef1324f43cba80f9c6dc879aa792d5
CP-SOURCE-r000,A-P,r000,2026-11-01T00:00:00Z,CP-AP-r000:S-P01-S02:GS02:p0014,CP-AP-r000:S-P01-S02:GS02:p0014,S-P01-S02,GS02,GS02-A1,2026-11-04T00:51:03.736702Z,2026-11-04T01:00:00.000000Z,262263.736702,262800.000000,536.263298,262263736702,262800000000,536263298,False,outside_horizon_padding,f15eacfea5f4fdf5ab36674c369deeac90ef1324f43cba80f9c6dc879aa792d5
CP-SOURCE-r000,A-P,r000,2026-11-01T00:00:00Z,CP-AP-r000:S-P04-S09:GS01:p0013,CP-AP-r000:S-P04-S09:GS01:p0013,S-P04-S09,GS01,GS01-A1,2026-11-04T00:51:21.255453Z,2026-11-04T00:54:23.019520Z,262281.255453,262463.019520,181.764067,262281255453,262463019520,181764067,False,outside_horizon_padding,f15eacfea5f4fdf5ab36674c369deeac90ef1324f43cba80f9c6dc879aa792d5
CP-SOURCE-r000,A-P,r000,2026-11-01T00:00:00Z,CP-AP-r000:S-P04-S10:GS06:p0014,CP-AP-r000:S-P04-S10:GS06:p0014,S-P04-S10,GS06,GS06-A1,2026-11-04T00:51:27.766241Z,2026-11-04T01:00:00.000000Z,262287.766241,262800.000000,512.233759,262287766241,262800000000,512233759,False,outside_horizon_padding,f15eacfea5f4fdf5ab36674c369deeac90ef1324f43cba80f9c6dc879aa792d5
CP-SOURCE-r000,A-P,r000,2026-11-01T00:00:00Z,CP-AP-r000:S-P04-S09:GS09:p0013,CP-AP-r000:S-P04-S09:GS09:p0013,S-P04-S09,GS09,GS09-A1,2026-11-04T00:51:36.598938Z,2026-11-04T00:59:27.779290Z,262296.598938,262767.779290,471.180352,262296598938,262767779290,471180352,False,outside_horizon_padding,f15eacfea5f4fdf5ab36674c369deeac90ef1324f43cba80f9c6dc879aa792d5
CP-SOURCE-r000,A-P,r000,2026-11-01T00:00:00Z,CP-AP-r000:S-P01-S01:GS01:p0013,CP-AP-r000:S-P01-S01:GS01:p0013,S-P01-S01,GS01,GS01-A1,2026-11-04T00:51:40.212353Z,2026-11-04T01:00:00.000000Z,262300.212353,262800.000000,499.787647,262300212353,262800000000,499787647,False,outside_horizon_padding,f15eacfea5f4fdf5ab36674c369deeac90ef1324f43cba80f9c6dc879aa792d5
CP-SOURCE-r000,A-P,r000,2026-11-01T00:00:00Z,CP-AP-r000:S-P04-S09:GS08:p0015,CP-AP-r000:S-P04-S09:GS08:p0015,S-P04-S09,GS08,GS08-A1,2026-11-04T00:51:53.919770Z,2026-11-04T00:57:29.069099Z,262313.919770,262649.069099,335.149329,262313919770,262649069099,335149329,False,outside_horizon_padding,f15eacfea5f4fdf5ab36674c369deeac90ef1324f43cba80f9c6dc879aa792d5
CP-SOURCE-r000,A-P,r000,2026-11-01T00:00:00Z,CP-AP-r000:S-P04-S09:GS05:p0013,CP-AP-r000:S-P04-S09:GS05:p0013,S-P04-S09,GS05,GS05-A1,2026-11-04T00:51:54.346456Z,2026-11-04T01:00:00.000000Z,262314.346456,262800.000000,485.653544,262314346456,262800000000,485653544,False,outside_horizon_padding,f15eacfea5f4fdf5ab36674c369deeac90ef1324f43cba80f9c6dc879aa792d5
CP-SOURCE-r000,A-P,r000,2026-11-01T00:00:00Z,CP-AP-r000:S-P04-S09:GS10:p0013,CP-AP-r000:S-P04-S09:GS10:p0013,S-P04-S09,GS10,GS10-A1,2026-11-04T00:51:58.429517Z,2026-11-04T01:00:00.000000Z,262318.429517,262800.000000,481.570483,262318429517,262800000000,481570483,False,outside_horizon_padding,f15eacfea5f4fdf5ab36674c369deeac90ef1324f43cba80f9c6dc879aa792d5
CP-SOURCE-r000,A-P,r000,2026-11-01T00:00:00Z,CP-AP-r000:S-P01-S02:GS09:p0016,CP-AP-r000:S-P01-S02:GS09:p0016,S-P01-S02,GS09,GS09-A1,2026-11-04T00:52:03.726912Z,2026-11-04T00:58:53.744966Z,262323.726912,262733.744966,410.018054,262323726912,262733744966,410018054,False,outside_horizon_padding,f15eacfea5f4fdf5ab36674c369deeac90ef1324f43cba80f9c6dc879aa792d5
CP-SOURCE-r000,A-P,r000,2026-11-01T00:00:00Z,CP-AP-r000:S-P04-S10:GS12:p0016,CP-AP-r000:S-P04-S10:GS12:p0016,S-P04-S10,GS12,GS12-A1,2026-11-04T00:52:04.427403Z,2026-11-04T01:00:00.000000Z,262324.427403,262800.000000,475.572597,262324427403,262800000000,475572597,False,outside_horizon_padding,f15eacfea5f4fdf5ab36674c369deeac90ef1324f43cba80f9c6dc879aa792d5
CP-SOURCE-r000,A-P,r000,2026-11-01T00:00:00Z,CP-AP-r000:S-P01-S01:GS08:p0016,CP-AP-r000:S-P01-S01:GS08:p0016,S-P01-S01,GS08,GS08-A1,2026-11-04T00:52:10.332929Z,2026-11-04T01:00:00.000000Z,262330.332929,262800.000000,469.667071,262330332929,262800000000,469667071,False,outside_horizon_padding,f15eacfea5f4fdf5ab36674c369deeac90ef1324f43cba80f9c6dc879aa792d5
CP-SOURCE-r000,A-P,r000,2026-11-01T00:00:00Z,CP-AP-r000:S-P01-S02:GS03:p0014,CP-AP-r000:S-P01-S02:GS03:p0014,S-P01-S02,GS03,GS03-A1,2026-11-04T00:52:31.770763Z,2026-11-04T01:00:00.000000Z,262351.770763,262800.000000,448.229237,262351770763,262800000000,448229237,False,outside_horizon_padding,f15eacfea5f4fdf5ab36674c369deeac90ef1324f43cba80f9c6dc879aa792d5
CP-SOURCE-r000,A-P,r000,2026-11-01T00:00:00Z,CP-AP-r000:S-P04-S09:GS11:p0015,CP-AP-r000:S-P04-S09:GS11:p0015,S-P04-S09,GS11,GS11-A1,2026-11-04T00:52:44.599831Z,2026-11-04T01:00:00.000000Z,262364.599831,262800.000000,435.400169,262364599831,262800000000,435400169,False,outside_horizon_padding,f15eacfea5f4fdf5ab36674c369deeac90ef1324f43cba80f9c6dc879aa792d5
CP-SOURCE-r000,A-P,r000,2026-11-01T00:00:00Z,CP-AP-r000:S-P01-S01:GS02:p0014,CP-AP-r000:S-P01-S01:GS02:p0014,S-P01-S01,GS02,GS02-A1,2026-11-04T00:52:50.062236Z,2026-11-04T01:00:00.000000Z,262370.062236,262800.000000,429.937764,262370062236,262800000000,429937764,False,outside_horizon_padding,f15eacfea5f4fdf5ab36674c369deeac90ef1324f43cba80f9c6dc879aa792d5
CP-SOURCE-r000,A-P,r000,2026-11-01T00:00:00Z,CP-AP-r000:S-P04-S09:GS06:p0014,CP-AP-r000:S-P04-S09:GS06:p0014,S-P04-S09,GS06,GS06-A1,2026-11-04T00:53:15.015761Z,2026-11-04T01:00:00.000000Z,262395.015761,262800.000000,404.984239,262395015761,262800000000,404984239,False,outside_horizon_padding,f15eacfea5f4fdf5ab36674c369deeac90ef1324f43cba80f9c6dc879aa792d5
CP-SOURCE-r000,A-P,r000,2026-11-01T00:00:00Z,CP-AP-r000:S-P04-S09:GS12:p0016,CP-AP-r000:S-P04-S09:GS12:p0016,S-P04-S09,GS12,GS12-A1,2026-11-04T00:53:50.532177Z,2026-11-04T01:00:00.000000Z,262430.532177,262800.000000,369.467823,262430532177,262800000000,369467823,False,outside_horizon_padding,f15eacfea5f4fdf5ab36674c369deeac90ef1324f43cba80f9c6dc879aa792d5
CP-SOURCE-r000,A-P,r000,2026-11-01T00:00:00Z,CP-AP-r000:S-P01-S01:GS09:p0014,CP-AP-r000:S-P01-S01:GS09:p0014,S-P01-S01,GS09,GS09-A1,2026-11-04T00:53:53.075491Z,2026-11-04T01:00:00.000000Z,262433.075491,262800.000000,366.924509,262433075491,262800000000,366924509,False,outside_horizon_padding,f15eacfea5f4fdf5ab36674c369deeac90ef1324f43cba80f9c6dc879aa792d5
CP-SOURCE-r000,A-P,r000,2026-11-01T00:00:00Z,CP-AP-r000:S-P01-S01:GS03:p0014,CP-AP-r000:S-P01-S01:GS03:p0014,S-P01-S01,GS03,GS03-A1,2026-11-04T00:54:19.873593Z,2026-11-04T01:00:00.000000Z,262459.873593,262800.000000,340.126407,262459873593,262800000000,340126407,False,outside_horizon_padding,f15eacfea5f4fdf5ab36674c369deeac90ef1324f43cba80f9c6dc879aa792d5
CP-SOURCE-r000,A-P,r000,2026-11-01T00:00:00Z,CP-AP-r000:S-P01-S02:GS04:p0012,CP-AP-r000:S-P01-S02:GS04:p0012,S-P01-S02,GS04,GS04-A1,2026-11-04T00:54:37.093184Z,2026-11-04T00:59:59.105632Z,262477.093184,262799.105632,322.012448,262477093184,262799105632,322012448,False,outside_horizon_padding,f15eacfea5f4fdf5ab36674c369deeac90ef1324f43cba80f9c6dc879aa792d5
CP-SOURCE-r000,A-P,r000,2026-11-01T00:00:00Z,CP-AP-r000:S-P01-S02:GS10:p0014,CP-AP-r000:S-P01-S02:GS10:p0014,S-P01-S02,GS10,GS10-A1,2026-11-04T00:54:48.939387Z,2026-11-04T00:57:46.044088Z,262488.939387,262666.044088,177.104701,262488939387,262666044088,177104701,False,outside_horizon_padding,f15eacfea5f4fdf5ab36674c369deeac90ef1324f43cba80f9c6dc879aa792d5
CP-SOURCE-r000,A-P,r000,2026-11-01T00:00:00Z,CP-AP-r000:S-P01-S01:GS04:p0012,CP-AP-r000:S-P01-S01:GS04:p0012,S-P01-S01,GS04,GS04-A1,2026-11-04T00:56:29.698412Z,2026-11-04T01:00:00.000000Z,262589.698412,262800.000000,210.301588,262589698412,262800000000,210301588,False,outside_horizon_padding,f15eacfea5f4fdf5ab36674c369deeac90ef1324f43cba80f9c6dc879aa792d5
CP-SOURCE-r000,A-P,r000,2026-11-01T00:00:00Z,CP-AP-r000:S-P01-S01:GS10:p0014,CP-AP-r000:S-P01-S01:GS10:p0014,S-P01-S01,GS10,GS10-A1,2026-11-04T00:56:51.527729Z,2026-11-04T00:59:11.777378Z,262611.527729,262751.777378,140.249649,262611527729,262751777378,140249649,False,outside_horizon_padding,f15eacfea5f4fdf5ab36674c369deeac90ef1324f43cba80f9c6dc879aa792d5
CP-SOURCE-r000,A-P,r000,2026-11-01T00:00:00Z,CP-AP-r000:S-P03-S10:GS07:p0016,CP-AP-r000:S-P03-S10:GS07:p0016,S-P03-S10,GS07,GS07-A1,2026-11-04T00:59:53.971783Z,2026-11-04T01:00:00.000000Z,262793.971783,262800.000000,6.028217,262793971783,262800000000,6028217,False,outside_horizon_padding,f15eacfea5f4fdf5ab36674c369deeac90ef1324f43cba80f9c6dc879aa792d5
