node_index,contact_id,new_ground_degree_dG,new_satellite_degree_dS,both_axis_added_edge_degree,dG_times_dS,distinct_edge_factor_slots
0,CP-AP-r001:S-P01-S01:GS01:p0001,6,0,0,0,0
1,CP-AP-r001:S-P01-S01:GS01:p0002,6,0,0,0,0
2,CP-AP-r001:S-P01-S01:GS01:p0003,8,0,0,0,0
3,CP-AP-r001:S-P01-S01:GS01:p0004,4,0,0,0,0
4,CP-AP-r001:S-P01-S01:GS01:p0005,6,0,0,0,0
5,CP-AP-r001:S-P01-S01:GS01:p0006,6,0,0,0,0
6,CP-AP-r001:S-P01-S01:GS01:p0007,8,0,0,0,0
7,CP-AP-r001:S-P01-S01:GS01:p0008,6,0,0,0,0
8,CP-AP-r001:S-P01-S01:GS01:p0009,8,0,0,0,0
9,CP-AP-r001:S-P01-S01:GS01:p0010,6,0,0,0,0
10,CP-AP-r001:S-P01-S01:GS01:p0011,8,0,0,0,0
11,CP-AP-r001:S-P01-S01:GS02:p0001,6,0,0,0,0
12,CP-AP-r001:S-P01-S01:GS02:p0002,5,0,0,0,0
13,CP-AP-r001:S-P01-S01:GS02:p0003,9,0,0,0,0
14,CP-AP-r001:S-P01-S01:GS02:p0004,7,0,0,0,0
15,CP-AP-r001:S-P01-S01:GS02:p0005,7,0,0,0,0
16,CP-AP-r001:S-P01-S01:GS02:p0006,6,0,0,0,0
17,CP-AP-r001:S-P01-S01:GS02:p0007,6,0,0,0,0
18,CP-AP-r001:S-P01-S01:GS02:p0008,8,0,0,0,0
19,CP-AP-r001:S-P01-S01:GS02:p0009,6,0,0,0,0
20,CP-AP-r001:S-P01-S01:GS02:p0010,6,0,0,0,0
21,CP-AP-r001:S-P01-S01:GS02:p0011,8,0,0,0,0
22,CP-AP-r001:S-P01-S01:GS03:p0001,6,0,0,0,0
23,CP-AP-r001:S-P01-S01:GS03:p0002,6,0,0,0,0
24,CP-AP-r001:S-P01-S01:GS03:p0003,7,0,0,0,0
25,CP-AP-r001:S-P01-S01:GS03:p0004,8,0,0,0,0
26,CP-AP-r001:S-P01-S01:GS03:p0005,6,0,0,0,0
27,CP-AP-r001:S-P01-S01:GS03:p0006,6,0,0,0,0
28,CP-AP-r001:S-P01-S01:GS03:p0007,8,0,0,0,0
29,CP-AP-r001:S-P01-S01:GS03:p0008,7,0,0,0,0
30,CP-AP-r001:S-P01-S01:GS03:p0009,6,0,0,0,0
31,CP-AP-r001:S-P01-S01:GS03:p0010,5,0,0,0,0
32,CP-AP-r001:S-P01-S01:GS03:p0011,8,0,0,0,0
33,CP-AP-r001:S-P01-S01:GS03:p0012,7,0,0,0,0
34,CP-AP-r001:S-P01-S01:GS03:p0013,7,0,0,0,0
35,CP-AP-r001:S-P01-S01:GS04:p0001,6,0,0,0,0
36,CP-AP-r001:S-P01-S01:GS04:p0002,7,0,0,0,0
37,CP-AP-r001:S-P01-S01:GS04:p0003,6,0,0,0,0
38,CP-AP-r001:S-P01-S01:GS04:p0004,8,0,0,0,0
39,CP-AP-r001:S-P01-S01:GS04:p0005,6,0,0,0,0
40,CP-AP-r001:S-P01-S01:GS04:p0006,6,0,0,0,0
41,CP-AP-r001:S-P01-S01:GS04:p0007,5,0,0,0,0
42,CP-AP-r001:S-P01-S01:GS04:p0008,9,0,0,0,0
43,CP-AP-r001:S-P01-S01:GS04:p0009,6,0,0,0,0
44,CP-AP-r001:S-P01-S01:GS04:p0010,6,0,0,0,0
45,CP-AP-r001:S-P01-S01:GS04:p0011,7,0,0,0,0
46,CP-AP-r001:S-P01-S01:GS04:p0012,8,0,0,0,0
47,CP-AP-r001:S-P01-S01:GS04:p0013,6,0,0,0,0
48,CP-AP-r001:S-P01-S01:GS05:p0001,4,0,0,0,0
49,CP-AP-r001:S-P01-S01:GS05:p0002,7,0,0,0,0
50,CP-AP-r001:S-P01-S01:GS05:p0003,6,0,0,0,0
51,CP-AP-r001:S-P01-S01:GS05:p0004,8,0,0,0,0
52,CP-AP-r001:S-P01-S01:GS05:p0005,6,0,0,0,0
53,CP-AP-r001:S-P01-S01:GS05:p0006,6,0,0,0,0
54,CP-AP-r001:S-P01-S01:GS05:p0007,6,0,0,0,0
55,CP-AP-r001:S-P01-S01:GS05:p0008,8,0,0,0,0
56,CP-AP-r001:S-P01-S01:GS05:p0009,6,0,0,0,0
57,CP-AP-r001:S-P01-S01:GS05:p0010,7,0,0,0,0
58,CP-AP-r001:S-P01-S01:GS05:p0011,6,0,0,0,0
59,CP-AP-r001:S-P01-S01:GS05:p0012,8,0,0,0,0
60,CP-AP-r001:S-P01-S01:GS05:p0013,6,0,0,0,0
61,CP-AP-r001:S-P01-S01:GS06:p0001,6,0,0,0,0
62,CP-AP-r001:S-P01-S01:GS06:p0002,6,0,0,0,0
63,CP-AP-r001:S-P01-S01:GS06:p0003,9,0,0,0,0
64,CP-AP-r001:S-P01-S01:GS06:p0004,7,0,0,0,0
65,CP-AP-r001:S-P01-S01:GS06:p0005,6,0,0,0,0
66,CP-AP-r001:S-P01-S01:GS06:p0006,6,0,0,0,0
67,CP-AP-r001:S-P01-S01:GS06:p0007,8,0,0,0,0
68,CP-AP-r001:S-P01-S01:GS06:p0008,6,0,0,0,0
69,CP-AP-r001:S-P01-S01:GS06:p0009,6,0,0,0,0
70,CP-AP-r001:S-P01-S01:GS06:p0010,8,0,0,0,0
71,CP-AP-r001:S-P01-S01:GS06:p0011,4,0,0,0,0
72,CP-AP-r001:S-P01-S01:GS07:p0001,9,0,0,0,0
73,CP-AP-r001:S-P01-S01:GS07:p0002,7,0,0,0,0
74,CP-AP-r001:S-P01-S01:GS07:p0003,8,0,0,0,0
75,CP-AP-r001:S-P01-S01:GS07:p0004,8,0,0,0,0
76,CP-AP-r001:S-P01-S01:GS07:p0005,7,0,0,0,0
77,CP-AP-r001:S-P01-S01:GS07:p0006,8,0,0,0,0
78,CP-AP-r001:S-P01-S01:GS07:p0007,10,0,0,0,0
79,CP-AP-r001:S-P01-S01:GS07:p0008,8,0,0,0,0
80,CP-AP-r001:S-P01-S01:GS07:p0009,5,0,0,0,0
81,CP-AP-r001:S-P01-S01:GS07:p0010,8,0,0,0,0
82,CP-AP-r001:S-P01-S01:GS07:p0011,9,0,0,0,0
83,CP-AP-r001:S-P01-S01:GS07:p0012,9,0,0,0,0
84,CP-AP-r001:S-P01-S01:GS07:p0013,8,0,0,0,0
85,CP-AP-r001:S-P01-S01:GS08:p0001,7,0,0,0,0
86,CP-AP-r001:S-P01-S01:GS08:p0002,7,0,0,0,0
87,CP-AP-r001:S-P01-S01:GS08:p0003,10,0,0,0,0
88,CP-AP-r001:S-P01-S01:GS08:p0004,8,0,0,0,0
89,CP-AP-r001:S-P01-S01:GS08:p0005,7,0,0,0,0
90,CP-AP-r001:S-P01-S01:GS08:p0006,8,0,0,0,0
91,CP-AP-r001:S-P01-S01:GS08:p0007,8,0,0,0,0
92,CP-AP-r001:S-P01-S01:GS08:p0008,8,0,0,0,0
93,CP-AP-r001:S-P01-S01:GS08:p0009,9,0,0,0,0
94,CP-AP-r001:S-P01-S01:GS08:p0010,8,0,0,0,0
95,CP-AP-r001:S-P01-S01:GS08:p0011,8,0,0,0,0
96,CP-AP-r001:S-P01-S01:GS08:p0012,8,0,0,0,0
97,CP-AP-r001:S-P01-S01:GS08:p0013,9,0,0,0,0
98,CP-AP-r001:S-P01-S01:GS09:p0001,8,0,0,0,0
99,CP-AP-r001:S-P01-S01:GS09:p0002,11,0,0,0,0
100,CP-AP-r001:S-P01-S01:GS09:p0003,9,0,0,0,0
101,CP-AP-r001:S-P01-S01:GS09:p0004,10,0,0,0,0
102,CP-AP-r001:S-P01-S01:GS09:p0005,7,0,0,0,0
103,CP-AP-r001:S-P01-S01:GS09:p0006,7,0,0,0,0
104,CP-AP-r001:S-P01-S01:GS09:p0007,10,0,0,0,0
105,CP-AP-r001:S-P01-S01:GS09:p0008,10,0,0,0,0
106,CP-AP-r001:S-P01-S01:GS09:p0009,7,0,0,0,0
107,CP-AP-r001:S-P01-S01:GS09:p0010,7,0,0,0,0
108,CP-AP-r001:S-P01-S01:GS09:p0011,10,0,0,0,0
109,CP-AP-r001:S-P01-S01:GS09:p0012,9,0,0,0,0
110,CP-AP-r001:S-P01-S01:GS09:p0013,7,0,0,0,0
111,CP-AP-r001:S-P01-S01:GS10:p0001,8,0,0,0,0
112,CP-AP-r001:S-P01-S01:GS10:p0002,10,0,0,0,0
113,CP-AP-r001:S-P01-S01:GS10:p0003,6,0,0,0,0
114,CP-AP-r001:S-P01-S01:GS10:p0004,8,0,0,0,0
115,CP-AP-r001:S-P01-S01:GS10:p0005,10,0,0,0,0
116,CP-AP-r001:S-P01-S01:GS10:p0006,8,0,0,0,0
117,CP-AP-r001:S-P01-S01:GS10:p0007,10,0,0,0,0
118,CP-AP-r001:S-P01-S01:GS10:p0008,6,0,0,0,0
119,CP-AP-r001:S-P01-S01:GS10:p0009,8,0,0,0,0
120,CP-AP-r001:S-P01-S01:GS10:p0010,10,0,0,0,0
121,CP-AP-r001:S-P01-S01:GS10:p0011,8,0,0,0,0
122,CP-AP-r001:S-P01-S01:GS10:p0012,11,0,0,0,0
123,CP-AP-r001:S-P01-S01:GS10:p0013,8,0,0,0,0
124,CP-AP-r001:S-P01-S01:GS10:p0014,10,0,0,0,0
125,CP-AP-r001:S-P01-S01:GS10:p0015,7,0,0,0,0
126,CP-AP-r001:S-P01-S01:GS11:p0001,8,0,0,0,0
127,CP-AP-r001:S-P01-S01:GS11:p0002,9,0,0,0,0
128,CP-AP-r001:S-P01-S01:GS11:p0003,8,0,0,0,0
129,CP-AP-r001:S-P01-S01:GS11:p0004,6,0,0,0,0
130,CP-AP-r001:S-P01-S01:GS11:p0005,8,0,0,0,0
131,CP-AP-r001:S-P01-S01:GS11:p0006,9,0,0,0,0
132,CP-AP-r001:S-P01-S01:GS11:p0007,9,0,0,0,0
133,CP-AP-r001:S-P01-S01:GS11:p0008,8,0,0,0,0
134,CP-AP-r001:S-P01-S01:GS11:p0009,7,0,0,0,0
135,CP-AP-r001:S-P01-S01:GS11:p0010,8,0,0,0,0
136,CP-AP-r001:S-P01-S01:GS11:p0011,9,0,0,0,0
137,CP-AP-r001:S-P01-S01:GS11:p0012,9,0,0,0,0
138,CP-AP-r001:S-P01-S01:GS11:p0013,8,0,0,0,0
139,CP-AP-r001:S-P01-S01:GS11:p0014,8,0,0,0,0
140,CP-AP-r001:S-P01-S01:GS12:p0001,8,0,0,0,0
141,CP-AP-r001:S-P01-S01:GS12:p0002,8,0,0,0,0
142,CP-AP-r001:S-P01-S01:GS12:p0003,8,0,0,0,0
143,CP-AP-r001:S-P01-S01:GS12:p0004,9,0,0,0,0
144,CP-AP-r001:S-P01-S01:GS12:p0005,8,0,0,0,0
145,CP-AP-r001:S-P01-S01:GS12:p0006,8,0,0,0,0
146,CP-AP-r001:S-P01-S01:GS12:p0007,8,0,0,0,0
147,CP-AP-r001:S-P01-S01:GS12:p0008,9,0,0,0,0
148,CP-AP-r001:S-P01-S01:GS12:p0009,7,0,0,0,0
149,CP-AP-r001:S-P01-S01:GS12:p0010,8,0,0,0,0
150,CP-AP-r001:S-P01-S01:GS12:p0011,8,0,0,0,0
151,CP-AP-r001:S-P01-S01:GS12:p0012,7,0,0,0,0
152,CP-AP-r001:S-P01-S01:GS12:p0013,8,0,0,0,0
153,CP-AP-r001:S-P01-S02:GS01:p0001,7,0,0,0,0
154,CP-AP-r001:S-P01-S02:GS01:p0002,7,0,0,0,0
155,CP-AP-r001:S-P01-S02:GS01:p0003,7,0,0,0,0
156,CP-AP-r001:S-P01-S02:GS01:p0004,8,0,0,0,0
157,CP-AP-r001:S-P01-S02:GS01:p0005,5,0,0,0,0
158,CP-AP-r001:S-P01-S02:GS01:p0006,6,0,0,0,0
159,CP-AP-r001:S-P01-S02:GS01:p0007,7,0,0,0,0
160,CP-AP-r001:S-P01-S02:GS01:p0008,8,0,0,0,0
161,CP-AP-r001:S-P01-S02:GS01:p0009,6,0,0,0,0
162,CP-AP-r001:S-P01-S02:GS01:p0010,8,0,0,0,0
163,CP-AP-r001:S-P01-S02:GS01:p0011,7,0,0,0,0
164,CP-AP-r001:S-P01-S02:GS01:p0012,8,0,0,0,0
165,CP-AP-r001:S-P01-S02:GS02:p0001,7,0,0,0,0
166,CP-AP-r001:S-P01-S02:GS02:p0002,7,0,0,0,0
167,CP-AP-r001:S-P01-S02:GS02:p0003,10,0,0,0,0
168,CP-AP-r001:S-P01-S02:GS02:p0004,6,0,0,0,0
169,CP-AP-r001:S-P01-S02:GS02:p0005,5,0,0,0,0
170,CP-AP-r001:S-P01-S02:GS02:p0006,7,0,0,0,0
171,CP-AP-r001:S-P01-S02:GS02:p0007,7,0,0,0,0
172,CP-AP-r001:S-P01-S02:GS02:p0008,8,0,0,0,0
173,CP-AP-r001:S-P01-S02:GS02:p0009,7,0,0,0,0
174,CP-AP-r001:S-P01-S02:GS02:p0010,7,0,0,0,0
175,CP-AP-r001:S-P01-S02:GS02:p0011,8,0,0,0,0
176,CP-AP-r001:S-P01-S02:GS03:p0001,7,0,0,0,0
177,CP-AP-r001:S-P01-S02:GS03:p0002,7,0,0,0,0
178,CP-AP-r001:S-P01-S02:GS03:p0003,8,0,0,0,0
179,CP-AP-r001:S-P01-S02:GS03:p0004,7,0,0,0,0
180,CP-AP-r001:S-P01-S02:GS03:p0005,7,0,0,0,0
181,CP-AP-r001:S-P01-S02:GS03:p0006,8,0,0,0,0
182,CP-AP-r001:S-P01-S02:GS03:p0007,7,0,0,0,0
183,CP-AP-r001:S-P01-S02:GS03:p0008,7,0,0,0,0
184,CP-AP-r001:S-P01-S02:GS03:p0009,6,0,0,0,0
185,CP-AP-r001:S-P01-S02:GS03:p0010,8,0,0,0,0
186,CP-AP-r001:S-P01-S02:GS03:p0011,6,0,0,0,0
187,CP-AP-r001:S-P01-S02:GS03:p0012,7,0,0,0,0
188,CP-AP-r001:S-P01-S02:GS04:p0001,7,0,0,0,0
189,CP-AP-r001:S-P01-S02:GS04:p0002,8,0,0,0,0
190,CP-AP-r001:S-P01-S02:GS04:p0003,7,0,0,0,0
191,CP-AP-r001:S-P01-S02:GS04:p0004,8,0,0,0,0
192,CP-AP-r001:S-P01-S02:GS04:p0005,7,0,0,0,0
193,CP-AP-r001:S-P01-S02:GS04:p0006,7,0,0,0,0
194,CP-AP-r001:S-P01-S02:GS04:p0007,6,0,0,0,0
195,CP-AP-r001:S-P01-S02:GS04:p0008,9,0,0,0,0
196,CP-AP-r001:S-P01-S02:GS04:p0009,7,0,0,0,0
197,CP-AP-r001:S-P01-S02:GS04:p0010,7,0,0,0,0
198,CP-AP-r001:S-P01-S02:GS04:p0011,8,0,0,0,0
199,CP-AP-r001:S-P01-S02:GS04:p0012,8,0,0,0,0
200,CP-AP-r001:S-P01-S02:GS04:p0013,7,0,0,0,0
201,CP-AP-r001:S-P01-S02:GS05:p0001,5,0,0,0,0
202,CP-AP-r001:S-P01-S02:GS05:p0002,7,0,0,0,0
203,CP-AP-r001:S-P01-S02:GS05:p0003,7,0,0,0,0
204,CP-AP-r001:S-P01-S02:GS05:p0004,8,0,0,0,0
205,CP-AP-r001:S-P01-S02:GS05:p0005,6,0,0,0,0
206,CP-AP-r001:S-P01-S02:GS05:p0006,6,0,0,0,0
207,CP-AP-r001:S-P01-S02:GS05:p0007,7,0,0,0,0
208,CP-AP-r001:S-P01-S02:GS05:p0008,8,0,0,0,0
209,CP-AP-r001:S-P01-S02:GS05:p0009,7,0,0,0,0
210,CP-AP-r001:S-P01-S02:GS05:p0010,8,0,0,0,0
211,CP-AP-r001:S-P01-S02:GS05:p0011,7,0,0,0,0
212,CP-AP-r001:S-P01-S02:GS05:p0012,8,0,0,0,0
213,CP-AP-r001:S-P01-S02:GS05:p0013,7,0,0,0,0
214,CP-AP-r001:S-P01-S02:GS06:p0001,7,0,0,0,0
215,CP-AP-r001:S-P01-S02:GS06:p0002,7,0,0,0,0
216,CP-AP-r001:S-P01-S02:GS06:p0003,8,0,0,0,0
217,CP-AP-r001:S-P01-S02:GS06:p0004,5,0,0,0,0
218,CP-AP-r001:S-P01-S02:GS06:p0005,7,0,0,0,0
219,CP-AP-r001:S-P01-S02:GS06:p0006,7,0,0,0,0
220,CP-AP-r001:S-P01-S02:GS06:p0007,8,0,0,0,0
221,CP-AP-r001:S-P01-S02:GS06:p0008,7,0,0,0,0
222,CP-AP-r001:S-P01-S02:GS06:p0009,7,0,0,0,0
223,CP-AP-r001:S-P01-S02:GS06:p0010,7,0,0,0,0
224,CP-AP-r001:S-P01-S02:GS06:p0011,8,0,0,0,0
225,CP-AP-r001:S-P01-S02:GS06:p0012,5,0,0,0,0
226,CP-AP-r001:S-P01-S02:GS07:p0001,8,0,0,0,0
227,CP-AP-r001:S-P01-S02:GS07:p0002,7,0,0,0,0
228,CP-AP-r001:S-P01-S02:GS07:p0003,8,0,0,0,0
229,CP-AP-r001:S-P01-S02:GS07:p0004,8,0,0,0,0
230,CP-AP-r001:S-P01-S02:GS07:p0005,7,0,0,0,0
231,CP-AP-r001:S-P01-S02:GS07:p0006,7,0,0,0,0
232,CP-AP-r001:S-P01-S02:GS07:p0007,10,0,0,0,0
233,CP-AP-r001:S-P01-S02:GS07:p0008,8,0,0,0,0
234,CP-AP-r001:S-P01-S02:GS07:p0009,5,0,0,0,0
235,CP-AP-r001:S-P01-S02:GS07:p0010,8,0,0,0,0
236,CP-AP-r001:S-P01-S02:GS07:p0011,8,0,0,0,0
237,CP-AP-r001:S-P01-S02:GS07:p0012,8,0,0,0,0
238,CP-AP-r001:S-P01-S02:GS07:p0013,8,0,0,0,0
239,CP-AP-r001:S-P01-S02:GS08:p0001,7,0,0,0,0
240,CP-AP-r001:S-P01-S02:GS08:p0002,8,0,0,0,0
241,CP-AP-r001:S-P01-S02:GS08:p0003,10,0,0,0,0
242,CP-AP-r001:S-P01-S02:GS08:p0004,8,0,0,0,0
243,CP-AP-r001:S-P01-S02:GS08:p0005,8,0,0,0,0
244,CP-AP-r001:S-P01-S02:GS08:p0006,8,0,0,0,0
245,CP-AP-r001:S-P01-S02:GS08:p0007,9,0,0,0,0
246,CP-AP-r001:S-P01-S02:GS08:p0008,8,0,0,0,0
247,CP-AP-r001:S-P01-S02:GS08:p0009,9,0,0,0,0
248,CP-AP-r001:S-P01-S02:GS08:p0010,8,0,0,0,0
249,CP-AP-r001:S-P01-S02:GS08:p0011,9,0,0,0,0
250,CP-AP-r001:S-P01-S02:GS08:p0012,8,0,0,0,0
251,CP-AP-r001:S-P01-S02:GS08:p0013,8,0,0,0,0
252,CP-AP-r001:S-P01-S02:GS09:p0001,8,0,0,0,0
253,CP-AP-r001:S-P01-S02:GS09:p0002,11,0,0,0,0
254,CP-AP-r001:S-P01-S02:GS09:p0003,10,0,0,0,0
255,CP-AP-r001:S-P01-S02:GS09:p0004,9,0,0,0,0
256,CP-AP-r001:S-P01-S02:GS09:p0005,8,0,0,0,0
257,CP-AP-r001:S-P01-S02:GS09:p0006,8,0,0,0,0
258,CP-AP-r001:S-P01-S02:GS09:p0007,10,0,0,0,0
259,CP-AP-r001:S-P01-S02:GS09:p0008,9,0,0,0,0
260,CP-AP-r001:S-P01-S02:GS09:p0009,8,0,0,0,0
261,CP-AP-r001:S-P01-S02:GS09:p0010,8,0,0,0,0
262,CP-AP-r001:S-P01-S02:GS09:p0011,10,0,0,0,0
263,CP-AP-r001:S-P01-S02:GS09:p0012,8,0,0,0,0
264,CP-AP-r001:S-P01-S02:GS09:p0013,8,0,0,0,0
265,CP-AP-r001:S-P01-S02:GS10:p0001,8,0,0,0,0
266,CP-AP-r001:S-P01-S02:GS10:p0002,9,0,0,0,0
267,CP-AP-r001:S-P01-S02:GS10:p0003,7,0,0,0,0
268,CP-AP-r001:S-P01-S02:GS10:p0004,8,0,0,0,0
269,CP-AP-r001:S-P01-S02:GS10:p0005,9,0,0,0,0
270,CP-AP-r001:S-P01-S02:GS10:p0006,8,0,0,0,0
271,CP-AP-r001:S-P01-S02:GS10:p0007,10,0,0,0,0
272,CP-AP-r001:S-P01-S02:GS10:p0008,7,0,0,0,0
273,CP-AP-r001:S-P01-S02:GS10:p0009,8,0,0,0,0
274,CP-AP-r001:S-P01-S02:GS10:p0010,9,0,0,0,0
275,CP-AP-r001:S-P01-S02:GS10:p0011,8,0,0,0,0
276,CP-AP-r001:S-P01-S02:GS10:p0012,10,0,0,0,0
277,CP-AP-r001:S-P01-S02:GS10:p0013,8,0,0,0,0
278,CP-AP-r001:S-P01-S02:GS10:p0014,9,0,0,0,0
279,CP-AP-r001:S-P01-S02:GS10:p0015,8,0,0,0,0
280,CP-AP-r001:S-P01-S02:GS11:p0001,7,0,0,0,0
281,CP-AP-r001:S-P01-S02:GS11:p0002,9,0,0,0,0
282,CP-AP-r001:S-P01-S02:GS11:p0003,8,0,0,0,0
283,CP-AP-r001:S-P01-S02:GS11:p0004,5,0,0,0,0
284,CP-AP-r001:S-P01-S02:GS11:p0005,7,0,0,0,0
285,CP-AP-r001:S-P01-S02:GS11:p0006,7,0,0,0,0
286,CP-AP-r001:S-P01-S02:GS11:p0007,8,0,0,0,0
287,CP-AP-r001:S-P01-S02:GS11:p0008,8,0,0,0,0
288,CP-AP-r001:S-P01-S02:GS11:p0009,7,0,0,0,0
289,CP-AP-r001:S-P01-S02:GS11:p0010,8,0,0,0,0
290,CP-AP-r001:S-P01-S02:GS11:p0011,8,0,0,0,0
291,CP-AP-r001:S-P01-S02:GS11:p0012,8,0,0,0,0
292,CP-AP-r001:S-P01-S02:GS11:p0013,8,0,0,0,0
293,CP-AP-r001:S-P01-S02:GS11:p0014,8,0,0,0,0
294,CP-AP-r001:S-P01-S02:GS12:p0001,8,0,0,0,0
295,CP-AP-r001:S-P01-S02:GS12:p0002,8,0,0,0,0
296,CP-AP-r001:S-P01-S02:GS12:p0003,8,0,0,0,0
297,CP-AP-r001:S-P01-S02:GS12:p0004,9,0,0,0,0
298,CP-AP-r001:S-P01-S02:GS12:p0005,9,0,0,0,0
299,CP-AP-r001:S-P01-S02:GS12:p0006,9,0,0,0,0
300,CP-AP-r001:S-P01-S02:GS12:p0007,8,0,0,0,0
301,CP-AP-r001:S-P01-S02:GS12:p0008,9,0,0,0,0
302,CP-AP-r001:S-P01-S02:GS12:p0009,7,0,0,0,0
303,CP-AP-r001:S-P01-S02:GS12:p0010,8,0,0,0,0
304,CP-AP-r001:S-P01-S02:GS12:p0011,8,0,0,0,0
305,CP-AP-r001:S-P01-S02:GS12:p0012,7,0,0,0,0
306,CP-AP-r001:S-P01-S02:GS12:p0013,7,0,0,0,0
307,CP-AP-r001:S-P01-S03:GS01:p0001,6,0,0,0,0
308,CP-AP-r001:S-P01-S03:GS01:p0002,7,0,0,0,0
309,CP-AP-r001:S-P01-S03:GS01:p0003,6,0,0,0,0
310,CP-AP-r001:S-P01-S03:GS01:p0004,8,0,0,0,0
311,CP-AP-r001:S-P01-S03:GS01:p0005,6,0,0,0,0
312,CP-AP-r001:S-P01-S03:GS01:p0006,7,0,0,0,0
313,CP-AP-r001:S-P01-S03:GS01:p0007,6,0,0,0,0
314,CP-AP-r001:S-P01-S03:GS01:p0008,8,0,0,0,0
315,CP-AP-r001:S-P01-S03:GS01:p0009,6,0,0,0,0
316,CP-AP-r001:S-P01-S03:GS01:p0010,6,0,0,0,0
317,CP-AP-r001:S-P01-S03:GS01:p0011,6,0,0,0,0
318,CP-AP-r001:S-P01-S03:GS01:p0012,8,0,0,0,0
319,CP-AP-r001:S-P01-S03:GS02:p0001,4,0,0,0,0
320,CP-AP-r001:S-P01-S03:GS02:p0002,6,0,0,0,0
321,CP-AP-r001:S-P01-S03:GS02:p0003,6,0,0,0,0
322,CP-AP-r001:S-P01-S03:GS02:p0004,8,0,0,0,0
323,CP-AP-r001:S-P01-S03:GS02:p0005,6,0,0,0,0
324,CP-AP-r001:S-P01-S03:GS02:p0006,7,0,0,0,0
325,CP-AP-r001:S-P01-S03:GS02:p0007,6,0,0,0,0
326,CP-AP-r001:S-P01-S03:GS02:p0008,8,0,0,0,0
327,CP-AP-r001:S-P01-S03:GS02:p0009,4,0,0,0,0
328,CP-AP-r001:S-P01-S03:GS02:p0010,6,0,0,0,0
329,CP-AP-r001:S-P01-S03:GS02:p0011,6,0,0,0,0
330,CP-AP-r001:S-P01-S03:GS02:p0012,8,0,0,0,0
331,CP-AP-r001:S-P01-S03:GS03:p0001,4,0,0,0,0
332,CP-AP-r001:S-P01-S03:GS03:p0002,6,0,0,0,0
333,CP-AP-r001:S-P01-S03:GS03:p0003,8,0,0,0,0
334,CP-AP-r001:S-P01-S03:GS03:p0004,7,0,0,0,0
335,CP-AP-r001:S-P01-S03:GS03:p0005,7,0,0,0,0
336,CP-AP-r001:S-P01-S03:GS03:p0006,5,0,0,0,0
337,CP-AP-r001:S-P01-S03:GS03:p0007,8,0,0,0,0
338,CP-AP-r001:S-P01-S03:GS03:p0008,9,0,0,0,0
339,CP-AP-r001:S-P01-S03:GS03:p0009,7,0,0,0,0
340,CP-AP-r001:S-P01-S03:GS03:p0010,6,0,0,0,0
341,CP-AP-r001:S-P01-S03:GS03:p0011,6,0,0,0,0
342,CP-AP-r001:S-P01-S03:GS03:p0012,8,0,0,0,0
343,CP-AP-r001:S-P01-S03:GS04:p0001,4,0,0,0,0
344,CP-AP-r001:S-P01-S03:GS04:p0002,6,0,0,0,0
345,CP-AP-r001:S-P01-S03:GS04:p0003,7,0,0,0,0
346,CP-AP-r001:S-P01-S03:GS04:p0004,9,0,0,0,0
347,CP-AP-r001:S-P01-S03:GS04:p0005,6,0,0,0,0
348,CP-AP-r001:S-P01-S03:GS04:p0006,6,0,0,0,0
349,CP-AP-r001:S-P01-S03:GS04:p0007,8,0,0,0,0
350,CP-AP-r001:S-P01-S03:GS04:p0008,6,0,0,0,0
351,CP-AP-r001:S-P01-S03:GS04:p0009,6,0,0,0,0
352,CP-AP-r001:S-P01-S03:GS04:p0010,8,0,0,0,0
353,CP-AP-r001:S-P01-S03:GS04:p0011,7,0,0,0,0
354,CP-AP-r001:S-P01-S03:GS04:p0012,6,0,0,0,0
355,CP-AP-r001:S-P01-S03:GS05:p0001,4,0,0,0,0
356,CP-AP-r001:S-P01-S03:GS05:p0002,8,0,0,0,0
357,CP-AP-r001:S-P01-S03:GS05:p0003,6,0,0,0,0
358,CP-AP-r001:S-P01-S03:GS05:p0004,8,0,0,0,0
359,CP-AP-r001:S-P01-S03:GS05:p0005,6,0,0,0,0
360,CP-AP-r001:S-P01-S03:GS05:p0006,6,0,0,0,0
361,CP-AP-r001:S-P01-S03:GS05:p0007,6,0,0,0,0
362,CP-AP-r001:S-P01-S03:GS05:p0008,8,0,0,0,0
363,CP-AP-r001:S-P01-S03:GS05:p0009,6,0,0,0,0
364,CP-AP-r001:S-P01-S03:GS05:p0010,6,0,0,0,0
365,CP-AP-r001:S-P01-S03:GS05:p0011,6,0,0,0,0
366,CP-AP-r001:S-P01-S03:GS05:p0012,10,0,0,0,0
367,CP-AP-r001:S-P01-S03:GS05:p0013,6,0,0,0,0
368,CP-AP-r001:S-P01-S03:GS06:p0001,4,0,0,0,0
369,CP-AP-r001:S-P01-S03:GS06:p0002,6,0,0,0,0
370,CP-AP-r001:S-P01-S03:GS06:p0003,8,0,0,0,0
371,CP-AP-r001:S-P01-S03:GS06:p0004,4,0,0,0,0
372,CP-AP-r001:S-P01-S03:GS06:p0005,7,0,0,0,0
373,CP-AP-r001:S-P01-S03:GS06:p0006,6,0,0,0,0
374,CP-AP-r001:S-P01-S03:GS06:p0007,8,0,0,0,0
375,CP-AP-r001:S-P01-S03:GS06:p0008,6,0,0,0,0
376,CP-AP-r001:S-P01-S03:GS06:p0009,7,0,0,0,0
377,CP-AP-r001:S-P01-S03:GS06:p0010,6,0,0,0,0
378,CP-AP-r001:S-P01-S03:GS06:p0011,8,0,0,0,0
379,CP-AP-r001:S-P01-S03:GS06:p0012,6,0,0,0,0
380,CP-AP-r001:S-P01-S03:GS07:p0001,3,0,0,0,0
381,CP-AP-r001:S-P01-S03:GS07:p0002,8,0,0,0,0
382,CP-AP-r001:S-P01-S03:GS07:p0003,9,0,0,0,0
383,CP-AP-r001:S-P01-S03:GS07:p0004,9,0,0,0,0
384,CP-AP-r001:S-P01-S03:GS07:p0005,8,0,0,0,0
385,CP-AP-r001:S-P01-S03:GS07:p0006,8,0,0,0,0
386,CP-AP-r001:S-P01-S03:GS07:p0007,8,0,0,0,0
387,CP-AP-r001:S-P01-S03:GS07:p0008,8,0,0,0,0
388,CP-AP-r001:S-P01-S03:GS07:p0009,9,0,0,0,0
389,CP-AP-r001:S-P01-S03:GS07:p0010,8,0,0,0,0
390,CP-AP-r001:S-P01-S03:GS07:p0011,8,0,0,0,0
391,CP-AP-r001:S-P01-S03:GS07:p0012,10,0,0,0,0
392,CP-AP-r001:S-P01-S03:GS07:p0013,6,0,0,0,0
393,CP-AP-r001:S-P01-S03:GS07:p0014,8,0,0,0,0
394,CP-AP-r001:S-P01-S03:GS07:p0015,10,0,0,0,0
395,CP-AP-r001:S-P01-S03:GS08:p0001,4,0,0,0,0
396,CP-AP-r001:S-P01-S03:GS08:p0002,8,0,0,0,0
397,CP-AP-r001:S-P01-S03:GS08:p0003,8,0,0,0,0
398,CP-AP-r001:S-P01-S03:GS08:p0004,8,0,0,0,0
399,CP-AP-r001:S-P01-S03:GS08:p0005,9,0,0,0,0
400,CP-AP-r001:S-P01-S03:GS08:p0006,8,0,0,0,0
401,CP-AP-r001:S-P01-S03:GS08:p0007,8,0,0,0,0
402,CP-AP-r001:S-P01-S03:GS08:p0008,8,0,0,0,0
403,CP-AP-r001:S-P01-S03:GS08:p0009,6,0,0,0,0
404,CP-AP-r001:S-P01-S03:GS08:p0010,8,0,0,0,0
405,CP-AP-r001:S-P01-S03:GS08:p0011,9,0,0,0,0
406,CP-AP-r001:S-P01-S03:GS08:p0012,8,0,0,0,0
407,CP-AP-r001:S-P01-S03:GS08:p0013,6,0,0,0,0
408,CP-AP-r001:S-P01-S03:GS09:p0001,4,0,0,0,0
409,CP-AP-r001:S-P01-S03:GS09:p0002,7,0,0,0,0
410,CP-AP-r001:S-P01-S03:GS09:p0003,10,0,0,0,0
411,CP-AP-r001:S-P01-S03:GS09:p0004,9,0,0,0,0
412,CP-AP-r001:S-P01-S03:GS09:p0005,7,0,0,0,0
413,CP-AP-r001:S-P01-S03:GS09:p0006,7,0,0,0,0
414,CP-AP-r001:S-P01-S03:GS09:p0007,8,0,0,0,0
415,CP-AP-r001:S-P01-S03:GS09:p0008,8,0,0,0,0
416,CP-AP-r001:S-P01-S03:GS09:p0009,8,0,0,0,0
417,CP-AP-r001:S-P01-S03:GS09:p0010,8,0,0,0,0
418,CP-AP-r001:S-P01-S03:GS09:p0011,8,0,0,0,0
419,CP-AP-r001:S-P01-S03:GS09:p0012,8,0,0,0,0
420,CP-AP-r001:S-P01-S03:GS09:p0013,9,0,0,0,0
421,CP-AP-r001:S-P01-S03:GS10:p0001,4,0,0,0,0
422,CP-AP-r001:S-P01-S03:GS10:p0002,10,0,0,0,0
423,CP-AP-r001:S-P01-S03:GS10:p0003,8,0,0,0,0
424,CP-AP-r001:S-P01-S03:GS10:p0004,10,0,0,0,0
425,CP-AP-r001:S-P01-S03:GS10:p0005,7,0,0,0,0
426,CP-AP-r001:S-P01-S03:GS10:p0006,11,0,0,0,0
427,CP-AP-r001:S-P01-S03:GS10:p0007,10,0,0,0,0
428,CP-AP-r001:S-P01-S03:GS10:p0008,10,0,0,0,0
429,CP-AP-r001:S-P01-S03:GS10:p0009,7,0,0,0,0
430,CP-AP-r001:S-P01-S03:GS10:p0010,7,0,0,0,0
431,CP-AP-r001:S-P01-S03:GS10:p0011,10,0,0,0,0
432,CP-AP-r001:S-P01-S03:GS10:p0012,10,0,0,0,0
433,CP-AP-r001:S-P01-S03:GS10:p0013,7,0,0,0,0
434,CP-AP-r001:S-P01-S03:GS11:p0001,4,0,0,0,0
435,CP-AP-r001:S-P01-S03:GS11:p0002,10,0,0,0,0
436,CP-AP-r001:S-P01-S03:GS11:p0003,9,0,0,0,0
437,CP-AP-r001:S-P01-S03:GS11:p0004,8,0,0,0,0
438,CP-AP-r001:S-P01-S03:GS11:p0005,8,0,0,0,0
439,CP-AP-r001:S-P01-S03:GS11:p0006,10,0,0,0,0
440,CP-AP-r001:S-P01-S03:GS11:p0007,6,0,0,0,0
441,CP-AP-r001:S-P01-S03:GS11:p0008,8,0,0,0,0
442,CP-AP-r001:S-P01-S03:GS11:p0009,10,0,0,0,0
443,CP-AP-r001:S-P01-S03:GS11:p0010,8,0,0,0,0
444,CP-AP-r001:S-P01-S03:GS11:p0011,10,0,0,0,0
445,CP-AP-r001:S-P01-S03:GS11:p0012,6,0,0,0,0
446,CP-AP-r001:S-P01-S03:GS11:p0013,8,0,0,0,0
447,CP-AP-r001:S-P01-S03:GS11:p0014,9,0,0,0,0
448,CP-AP-r001:S-P01-S03:GS11:p0015,8,0,0,0,0
449,CP-AP-r001:S-P01-S03:GS12:p0001,4,0,0,0,0
450,CP-AP-r001:S-P01-S03:GS12:p0002,8,0,0,0,0
451,CP-AP-r001:S-P01-S03:GS12:p0003,8,0,0,0,0
452,CP-AP-r001:S-P01-S03:GS12:p0004,7,0,0,0,0
453,CP-AP-r001:S-P01-S03:GS12:p0005,8,0,0,0,0
454,CP-AP-r001:S-P01-S03:GS12:p0006,10,0,0,0,0
455,CP-AP-r001:S-P01-S03:GS12:p0007,8,0,0,0,0
456,CP-AP-r001:S-P01-S03:GS12:p0008,5,0,0,0,0
457,CP-AP-r001:S-P01-S03:GS12:p0009,8,0,0,0,0
458,CP-AP-r001:S-P01-S03:GS12:p0010,9,0,0,0,0
459,CP-AP-r001:S-P01-S03:GS12:p0011,9,0,0,0,0
460,CP-AP-r001:S-P01-S03:GS12:p0012,8,0,0,0,0
461,CP-AP-r001:S-P01-S03:GS12:p0013,7,0,0,0,0
462,CP-AP-r001:S-P01-S03:GS12:p0014,8,0,0,0,0
463,CP-AP-r001:S-P01-S04:GS01:p0001,6,0,0,0,0
464,CP-AP-r001:S-P01-S04:GS01:p0002,7,0,0,0,0
465,CP-AP-r001:S-P01-S04:GS01:p0003,7,0,0,0,0
466,CP-AP-r001:S-P01-S04:GS01:p0004,8,0,0,0,0
467,CP-AP-r001:S-P01-S04:GS01:p0005,7,0,0,0,0
468,CP-AP-r001:S-P01-S04:GS01:p0006,8,0,0,0,0
469,CP-AP-r001:S-P01-S04:GS01:p0007,7,0,0,0,0
470,CP-AP-r001:S-P01-S04:GS01:p0008,8,0,0,0,0
471,CP-AP-r001:S-P01-S04:GS01:p0009,7,0,0,0,0
472,CP-AP-r001:S-P01-S04:GS01:p0010,7,0,0,0,0
473,CP-AP-r001:S-P01-S04:GS01:p0011,7,0,0,0,0
474,CP-AP-r001:S-P01-S04:GS01:p0012,8,0,0,0,0
475,CP-AP-r001:S-P01-S04:GS02:p0001,7,0,0,0,0
476,CP-AP-r001:S-P01-S04:GS02:p0002,7,0,0,0,0
477,CP-AP-r001:S-P01-S04:GS02:p0003,8,0,0,0,0
478,CP-AP-r001:S-P01-S04:GS02:p0004,7,0,0,0,0
479,CP-AP-r001:S-P01-S04:GS02:p0005,7,0,0,0,0
480,CP-AP-r001:S-P01-S04:GS02:p0006,7,0,0,0,0
481,CP-AP-r001:S-P01-S04:GS02:p0007,8,0,0,0,0
482,CP-AP-r001:S-P01-S04:GS02:p0008,5,0,0,0,0
483,CP-AP-r001:S-P01-S04:GS02:p0009,6,0,0,0,0
484,CP-AP-r001:S-P01-S04:GS02:p0010,7,0,0,0,0
485,CP-AP-r001:S-P01-S04:GS02:p0011,8,0,0,0,0
486,CP-AP-r001:S-P01-S04:GS03:p0001,4,0,0,0,0
487,CP-AP-r001:S-P01-S04:GS03:p0002,7,0,0,0,0
488,CP-AP-r001:S-P01-S04:GS03:p0003,8,0,0,0,0
489,CP-AP-r001:S-P01-S04:GS03:p0004,6,0,0,0,0
490,CP-AP-r001:S-P01-S04:GS03:p0005,7,0,0,0,0
491,CP-AP-r001:S-P01-S04:GS03:p0006,7,0,0,0,0
492,CP-AP-r001:S-P01-S04:GS03:p0007,9,0,0,0,0
493,CP-AP-r001:S-P01-S04:GS03:p0008,8,0,0,0,0
494,CP-AP-r001:S-P01-S04:GS03:p0009,5,0,0,0,0
495,CP-AP-r001:S-P01-S04:GS03:p0010,7,0,0,0,0
496,CP-AP-r001:S-P01-S04:GS03:p0011,7,0,0,0,0
497,CP-AP-r001:S-P01-S04:GS03:p0012,8,0,0,0,0
498,CP-AP-r001:S-P01-S04:GS04:p0001,4,0,0,0,0
499,CP-AP-r001:S-P01-S04:GS04:p0002,7,0,0,0,0
500,CP-AP-r001:S-P01-S04:GS04:p0003,8,0,0,0,0
501,CP-AP-r001:S-P01-S04:GS04:p0004,9,0,0,0,0
502,CP-AP-r001:S-P01-S04:GS04:p0005,7,0,0,0,0
503,CP-AP-r001:S-P01-S04:GS04:p0006,7,0,0,0,0
504,CP-AP-r001:S-P01-S04:GS04:p0007,8,0,0,0,0
505,CP-AP-r001:S-P01-S04:GS04:p0008,7,0,0,0,0
506,CP-AP-r001:S-P01-S04:GS04:p0009,7,0,0,0,0
507,CP-AP-r001:S-P01-S04:GS04:p0010,8,0,0,0,0
508,CP-AP-r001:S-P01-S04:GS04:p0011,7,0,0,0,0
509,CP-AP-r001:S-P01-S04:GS04:p0012,7,0,0,0,0
510,CP-AP-r001:S-P01-S04:GS05:p0001,3,0,0,0,0
511,CP-AP-r001:S-P01-S04:GS05:p0002,8,0,0,0,0
512,CP-AP-r001:S-P01-S04:GS05:p0003,7,0,0,0,0
513,CP-AP-r001:S-P01-S04:GS05:p0004,8,0,0,0,0
514,CP-AP-r001:S-P01-S04:GS05:p0005,7,0,0,0,0
515,CP-AP-r001:S-P01-S04:GS05:p0006,7,0,0,0,0
516,CP-AP-r001:S-P01-S04:GS05:p0007,7,0,0,0,0
517,CP-AP-r001:S-P01-S04:GS05:p0008,8,0,0,0,0
518,CP-AP-r001:S-P01-S04:GS05:p0009,7,0,0,0,0
519,CP-AP-r001:S-P01-S04:GS05:p0010,7,0,0,0,0
520,CP-AP-r001:S-P01-S04:GS05:p0011,7,0,0,0,0
521,CP-AP-r001:S-P01-S04:GS05:p0012,10,0,0,0,0
522,CP-AP-r001:S-P01-S04:GS05:p0013,7,0,0,0,0
523,CP-AP-r001:S-P01-S04:GS06:p0001,4,0,0,0,0
524,CP-AP-r001:S-P01-S04:GS06:p0002,7,0,0,0,0
525,CP-AP-r001:S-P01-S04:GS06:p0003,7,0,0,0,0
526,CP-AP-r001:S-P01-S04:GS06:p0004,8,0,0,0,0
527,CP-AP-r001:S-P01-S04:GS06:p0005,5,0,0,0,0
528,CP-AP-r001:S-P01-S04:GS06:p0006,7,0,0,0,0
529,CP-AP-r001:S-P01-S04:GS06:p0007,7,0,0,0,0
530,CP-AP-r001:S-P01-S04:GS06:p0008,8,0,0,0,0
531,CP-AP-r001:S-P01-S04:GS06:p0009,6,0,0,0,0
532,CP-AP-r001:S-P01-S04:GS06:p0010,7,0,0,0,0
533,CP-AP-r001:S-P01-S04:GS06:p0011,7,0,0,0,0
534,CP-AP-r001:S-P01-S04:GS06:p0012,8,0,0,0,0
535,CP-AP-r001:S-P01-S04:GS06:p0013,7,0,0,0,0
536,CP-AP-r001:S-P01-S04:GS07:p0001,2,0,0,0,0
537,CP-AP-r001:S-P01-S04:GS07:p0002,7,0,0,0,0
538,CP-AP-r001:S-P01-S04:GS07:p0003,7,0,0,0,0
539,CP-AP-r001:S-P01-S04:GS07:p0004,8,0,0,0,0
540,CP-AP-r001:S-P01-S04:GS07:p0005,8,0,0,0,0
541,CP-AP-r001:S-P01-S04:GS07:p0006,8,0,0,0,0
542,CP-AP-r001:S-P01-S04:GS07:p0007,7,0,0,0,0
543,CP-AP-r001:S-P01-S04:GS07:p0008,8,0,0,0,0
544,CP-AP-r001:S-P01-S04:GS07:p0009,8,0,0,0,0
545,CP-AP-r001:S-P01-S04:GS07:p0010,8,0,0,0,0
546,CP-AP-r001:S-P01-S04:GS07:p0011,10,0,0,0,0
547,CP-AP-r001:S-P01-S04:GS07:p0012,7,0,0,0,0
548,CP-AP-r001:S-P01-S04:GS07:p0013,8,0,0,0,0
549,CP-AP-r001:S-P01-S04:GS07:p0014,8,0,0,0,0
550,CP-AP-r001:S-P01-S04:GS08:p0001,3,0,0,0,0
551,CP-AP-r001:S-P01-S04:GS08:p0002,8,0,0,0,0
552,CP-AP-r001:S-P01-S04:GS08:p0003,9,0,0,0,0
553,CP-AP-r001:S-P01-S04:GS08:p0004,8,0,0,0,0
554,CP-AP-r001:S-P01-S04:GS08:p0005,9,0,0,0,0
555,CP-AP-r001:S-P01-S04:GS08:p0006,7,0,0,0,0
556,CP-AP-r001:S-P01-S04:GS08:p0007,8,0,0,0,0
557,CP-AP-r001:S-P01-S04:GS08:p0008,8,0,0,0,0
558,CP-AP-r001:S-P01-S04:GS08:p0009,6,0,0,0,0
559,CP-AP-r001:S-P01-S04:GS08:p0010,7,0,0,0,0
560,CP-AP-r001:S-P01-S04:GS08:p0011,8,0,0,0,0
561,CP-AP-r001:S-P01-S04:GS08:p0012,9,0,0,0,0
562,CP-AP-r001:S-P01-S04:GS08:p0013,8,0,0,0,0
563,CP-AP-r001:S-P01-S04:GS08:p0014,6,0,0,0,0
564,CP-AP-r001:S-P01-S04:GS09:p0001,4,0,0,0,0
565,CP-AP-r001:S-P01-S04:GS09:p0002,8,0,0,0,0
566,CP-AP-r001:S-P01-S04:GS09:p0003,10,0,0,0,0
567,CP-AP-r001:S-P01-S04:GS09:p0004,8,0,0,0,0
568,CP-AP-r001:S-P01-S04:GS09:p0005,8,0,0,0,0
569,CP-AP-r001:S-P01-S04:GS09:p0006,8,0,0,0,0
570,CP-AP-r001:S-P01-S04:GS09:p0007,8,0,0,0,0
571,CP-AP-r001:S-P01-S04:GS09:p0008,8,0,0,0,0
572,CP-AP-r001:S-P01-S04:GS09:p0009,9,0,0,0,0
573,CP-AP-r001:S-P01-S04:GS09:p0010,8,0,0,0,0
574,CP-AP-r001:S-P01-S04:GS09:p0011,9,0,0,0,0
575,CP-AP-r001:S-P01-S04:GS09:p0012,8,0,0,0,0
576,CP-AP-r001:S-P01-S04:GS09:p0013,9,0,0,0,0
577,CP-AP-r001:S-P01-S04:GS10:p0001,4,0,0,0,0
578,CP-AP-r001:S-P01-S04:GS10:p0002,10,0,0,0,0
579,CP-AP-r001:S-P01-S04:GS10:p0003,8,0,0,0,0
580,CP-AP-r001:S-P01-S04:GS10:p0004,9,0,0,0,0
581,CP-AP-r001:S-P01-S04:GS10:p0005,8,0,0,0,0
582,CP-AP-r001:S-P01-S04:GS10:p0006,11,0,0,0,0
583,CP-AP-r001:S-P01-S04:GS10:p0007,10,0,0,0,0
584,CP-AP-r001:S-P01-S04:GS10:p0008,9,0,0,0,0
585,CP-AP-r001:S-P01-S04:GS10:p0009,8,0,0,0,0
586,CP-AP-r001:S-P01-S04:GS10:p0010,8,0,0,0,0
587,CP-AP-r001:S-P01-S04:GS10:p0011,10,0,0,0,0
588,CP-AP-r001:S-P01-S04:GS10:p0012,9,0,0,0,0
589,CP-AP-r001:S-P01-S04:GS10:p0013,8,0,0,0,0
590,CP-AP-r001:S-P01-S04:GS11:p0001,4,0,0,0,0
591,CP-AP-r001:S-P01-S04:GS11:p0002,9,0,0,0,0
592,CP-AP-r001:S-P01-S04:GS11:p0003,8,0,0,0,0
593,CP-AP-r001:S-P01-S04:GS11:p0004,8,0,0,0,0
594,CP-AP-r001:S-P01-S04:GS11:p0005,8,0,0,0,0
595,CP-AP-r001:S-P01-S04:GS11:p0006,9,0,0,0,0
596,CP-AP-r001:S-P01-S04:GS11:p0007,7,0,0,0,0
597,CP-AP-r001:S-P01-S04:GS11:p0008,8,0,0,0,0
598,CP-AP-r001:S-P01-S04:GS11:p0009,8,0,0,0,0
599,CP-AP-r001:S-P01-S04:GS11:p0010,8,0,0,0,0
600,CP-AP-r001:S-P01-S04:GS11:p0011,10,0,0,0,0
601,CP-AP-r001:S-P01-S04:GS11:p0012,8,0,0,0,0
602,CP-AP-r001:S-P01-S04:GS11:p0013,8,0,0,0,0
603,CP-AP-r001:S-P01-S04:GS11:p0014,8,0,0,0,0
604,CP-AP-r001:S-P01-S04:GS11:p0015,8,0,0,0,0
605,CP-AP-r001:S-P01-S04:GS12:p0001,3,0,0,0,0
606,CP-AP-r001:S-P01-S04:GS12:p0002,8,0,0,0,0
607,CP-AP-r001:S-P01-S04:GS12:p0003,8,0,0,0,0
608,CP-AP-r001:S-P01-S04:GS12:p0004,7,0,0,0,0
609,CP-AP-r001:S-P01-S04:GS12:p0005,7,0,0,0,0
610,CP-AP-r001:S-P01-S04:GS12:p0006,10,0,0,0,0
611,CP-AP-r001:S-P01-S04:GS12:p0007,8,0,0,0,0
612,CP-AP-r001:S-P01-S04:GS12:p0008,5,0,0,0,0
613,CP-AP-r001:S-P01-S04:GS12:p0009,8,0,0,0,0
614,CP-AP-r001:S-P01-S04:GS12:p0010,8,0,0,0,0
615,CP-AP-r001:S-P01-S04:GS12:p0011,8,0,0,0,0
616,CP-AP-r001:S-P01-S04:GS12:p0012,8,0,0,0,0
617,CP-AP-r001:S-P01-S04:GS12:p0013,8,0,0,0,0
618,CP-AP-r001:S-P01-S05:GS01:p0001,6,0,0,0,0
619,CP-AP-r001:S-P01-S05:GS01:p0002,6,0,0,0,0
620,CP-AP-r001:S-P01-S05:GS01:p0003,6,0,0,0,0
621,CP-AP-r001:S-P01-S05:GS01:p0004,8,0,0,0,0
622,CP-AP-r001:S-P01-S05:GS01:p0005,6,0,0,0,0
623,CP-AP-r001:S-P01-S05:GS01:p0006,6,0,0,0,0
624,CP-AP-r001:S-P01-S05:GS01:p0007,6,0,0,0,0
625,CP-AP-r001:S-P01-S05:GS01:p0008,10,0,0,0,0
626,CP-AP-r001:S-P01-S05:GS01:p0009,6,0,0,0,0
627,CP-AP-r001:S-P01-S05:GS01:p0010,6,0,0,0,0
628,CP-AP-r001:S-P01-S05:GS01:p0011,7,0,0,0,0
629,CP-AP-r001:S-P01-S05:GS01:p0012,8,0,0,0,0
630,CP-AP-r001:S-P01-S05:GS02:p0001,4,0,0,0,0
631,CP-AP-r001:S-P01-S05:GS02:p0002,6,0,0,0,0
632,CP-AP-r001:S-P01-S05:GS02:p0003,6,0,0,0,0
633,CP-AP-r001:S-P01-S05:GS02:p0004,8,0,0,0,0
634,CP-AP-r001:S-P01-S05:GS02:p0005,6,0,0,0,0
635,CP-AP-r001:S-P01-S05:GS02:p0006,8,0,0,0,0
636,CP-AP-r001:S-P01-S05:GS02:p0007,6,0,0,0,0
637,CP-AP-r001:S-P01-S05:GS02:p0008,8,0,0,0,0
638,CP-AP-r001:S-P01-S05:GS02:p0009,6,0,0,0,0
639,CP-AP-r001:S-P01-S05:GS02:p0010,7,0,0,0,0
640,CP-AP-r001:S-P01-S05:GS02:p0011,6,0,0,0,0
641,CP-AP-r001:S-P01-S05:GS02:p0012,8,0,0,0,0
642,CP-AP-r001:S-P01-S05:GS03:p0002,6,0,0,0,0
643,CP-AP-r001:S-P01-S05:GS03:p0003,6,0,0,0,0
644,CP-AP-r001:S-P01-S05:GS03:p0004,8,0,0,0,0
645,CP-AP-r001:S-P01-S05:GS03:p0005,6,0,0,0,0
646,CP-AP-r001:S-P01-S05:GS03:p0006,6,0,0,0,0
647,CP-AP-r001:S-P01-S05:GS03:p0007,8,0,0,0,0
648,CP-AP-r001:S-P01-S05:GS03:p0008,5,0,0,0,0
649,CP-AP-r001:S-P01-S05:GS03:p0009,7,0,0,0,0
650,CP-AP-r001:S-P01-S05:GS03:p0010,6,0,0,0,0
651,CP-AP-r001:S-P01-S05:GS03:p0011,8,0,0,0,0
652,CP-AP-r001:S-P01-S05:GS04:p0002,6,0,0,0,0
653,CP-AP-r001:S-P01-S05:GS04:p0003,8,0,0,0,0
654,CP-AP-r001:S-P01-S05:GS04:p0004,7,0,0,0,0
655,CP-AP-r001:S-P01-S05:GS04:p0005,6,0,0,0,0
656,CP-AP-r001:S-P01-S05:GS04:p0006,5,0,0,0,0
657,CP-AP-r001:S-P01-S05:GS04:p0007,8,0,0,0,0
658,CP-AP-r001:S-P01-S05:GS04:p0008,7,0,0,0,0
659,CP-AP-r001:S-P01-S05:GS04:p0009,7,0,0,0,0
660,CP-AP-r001:S-P01-S05:GS04:p0010,6,0,0,0,0
661,CP-AP-r001:S-P01-S05:GS04:p0011,7,0,0,0,0
662,CP-AP-r001:S-P01-S05:GS04:p0012,9,0,0,0,0
663,CP-AP-r001:S-P01-S05:GS04:p0013,7,0,0,0,0
664,CP-AP-r001:S-P01-S05:GS05:p0002,6,0,0,0,0
665,CP-AP-r001:S-P01-S05:GS05:p0003,5,0,0,0,0
666,CP-AP-r001:S-P01-S05:GS05:p0004,9,0,0,0,0
667,CP-AP-r001:S-P01-S05:GS05:p0005,6,0,0,0,0
668,CP-AP-r001:S-P01-S05:GS05:p0006,6,0,0,0,0
669,CP-AP-r001:S-P01-S05:GS05:p0007,7,0,0,0,0
670,CP-AP-r001:S-P01-S05:GS05:p0008,8,0,0,0,0
671,CP-AP-r001:S-P01-S05:GS05:p0009,6,0,0,0,0
672,CP-AP-r001:S-P01-S05:GS05:p0010,6,0,0,0,0
673,CP-AP-r001:S-P01-S05:GS05:p0011,8,0,0,0,0
674,CP-AP-r001:S-P01-S05:GS05:p0012,6,0,0,0,0
675,CP-AP-r001:S-P01-S05:GS06:p0002,7,0,0,0,0
676,CP-AP-r001:S-P01-S05:GS06:p0003,6,0,0,0,0
677,CP-AP-r001:S-P01-S05:GS06:p0004,8,0,0,0,0
678,CP-AP-r001:S-P01-S05:GS06:p0005,6,0,0,0,0
679,CP-AP-r001:S-P01-S05:GS06:p0006,7,0,0,0,0
680,CP-AP-r001:S-P01-S05:GS06:p0007,6,0,0,0,0
681,CP-AP-r001:S-P01-S05:GS06:p0008,8,0,0,0,0
682,CP-AP-r001:S-P01-S05:GS06:p0009,6,0,0,0,0
683,CP-AP-r001:S-P01-S05:GS06:p0010,6,0,0,0,0
684,CP-AP-r001:S-P01-S05:GS06:p0011,6,0,0,0,0
685,CP-AP-r001:S-P01-S05:GS06:p0012,8,0,0,0,0
686,CP-AP-r001:S-P01-S05:GS06:p0013,6,0,0,0,0
687,CP-AP-r001:S-P01-S05:GS07:p0001,8,0,0,0,0
688,CP-AP-r001:S-P01-S05:GS07:p0002,10,0,0,0,0
689,CP-AP-r001:S-P01-S05:GS07:p0003,6,0,0,0,0
690,CP-AP-r001:S-P01-S05:GS07:p0004,8,0,0,0,0
691,CP-AP-r001:S-P01-S05:GS07:p0005,10,0,0,0,0
692,CP-AP-r001:S-P01-S05:GS07:p0006,8,0,0,0,0
693,CP-AP-r001:S-P01-S05:GS07:p0007,10,0,0,0,0
694,CP-AP-r001:S-P01-S05:GS07:p0008,7,0,0,0,0
695,CP-AP-r001:S-P01-S05:GS07:p0009,8,0,0,0,0
696,CP-AP-r001:S-P01-S05:GS07:p0010,8,0,0,0,0
697,CP-AP-r001:S-P01-S05:GS07:p0011,8,0,0,0,0
698,CP-AP-r001:S-P01-S05:GS07:p0012,10,0,0,0,0
699,CP-AP-r001:S-P01-S05:GS07:p0013,9,0,0,0,0
700,CP-AP-r001:S-P01-S05:GS07:p0014,10,0,0,0,0
701,CP-AP-r001:S-P01-S05:GS08:p0002,8,0,0,0,0
702,CP-AP-r001:S-P01-S05:GS08:p0003,10,0,0,0,0
703,CP-AP-r001:S-P01-S05:GS08:p0004,8,0,0,0,0
704,CP-AP-r001:S-P01-S05:GS08:p0005,5,0,0,0,0
705,CP-AP-r001:S-P01-S05:GS08:p0006,8,0,0,0,0
706,CP-AP-r001:S-P01-S05:GS08:p0007,10,0,0,0,0
707,CP-AP-r001:S-P01-S05:GS08:p0008,9,0,0,0,0
708,CP-AP-r001:S-P01-S05:GS08:p0009,8,0,0,0,0
709,CP-AP-r001:S-P01-S05:GS08:p0010,8,0,0,0,0
710,CP-AP-r001:S-P01-S05:GS08:p0011,9,0,0,0,0
711,CP-AP-r001:S-P01-S05:GS08:p0012,7,0,0,0,0
712,CP-AP-r001:S-P01-S05:GS08:p0013,8,0,0,0,0
713,CP-AP-r001:S-P01-S05:GS09:p0002,8,0,0,0,0
714,CP-AP-r001:S-P01-S05:GS09:p0003,8,0,0,0,0
715,CP-AP-r001:S-P01-S05:GS09:p0004,8,0,0,0,0
716,CP-AP-r001:S-P01-S05:GS09:p0005,9,0,0,0,0
717,CP-AP-r001:S-P01-S05:GS09:p0006,7,0,0,0,0
718,CP-AP-r001:S-P01-S05:GS09:p0007,8,0,0,0,0
719,CP-AP-r001:S-P01-S05:GS09:p0008,8,0,0,0,0
720,CP-AP-r001:S-P01-S05:GS09:p0009,9,0,0,0,0
721,CP-AP-r001:S-P01-S05:GS09:p0010,8,0,0,0,0
722,CP-AP-r001:S-P01-S05:GS09:p0011,8,0,0,0,0
723,CP-AP-r001:S-P01-S05:GS09:p0012,8,0,0,0,0
724,CP-AP-r001:S-P01-S05:GS09:p0013,6,0,0,0,0
725,CP-AP-r001:S-P01-S05:GS10:p0002,7,0,0,0,0
726,CP-AP-r001:S-P01-S05:GS10:p0003,10,0,0,0,0
727,CP-AP-r001:S-P01-S05:GS10:p0004,10,0,0,0,0
728,CP-AP-r001:S-P01-S05:GS10:p0005,7,0,0,0,0
729,CP-AP-r001:S-P01-S05:GS10:p0006,7,0,0,0,0
730,CP-AP-r001:S-P01-S05:GS10:p0007,10,0,0,0,0
731,CP-AP-r001:S-P01-S05:GS10:p0008,9,0,0,0,0
732,CP-AP-r001:S-P01-S05:GS10:p0009,7,0,0,0,0
733,CP-AP-r001:S-P01-S05:GS10:p0010,8,0,0,0,0
734,CP-AP-r001:S-P01-S05:GS10:p0011,8,0,0,0,0
735,CP-AP-r001:S-P01-S05:GS10:p0012,8,0,0,0,0
736,CP-AP-r001:S-P01-S05:GS10:p0013,9,0,0,0,0
737,CP-AP-r001:S-P01-S05:GS11:p0002,10,0,0,0,0
738,CP-AP-r001:S-P01-S05:GS11:p0003,6,0,0,0,0
739,CP-AP-r001:S-P01-S05:GS11:p0004,8,0,0,0,0
740,CP-AP-r001:S-P01-S05:GS11:p0005,10,0,0,0,0
741,CP-AP-r001:S-P01-S05:GS11:p0006,8,0,0,0,0
742,CP-AP-r001:S-P01-S05:GS11:p0007,11,0,0,0,0
743,CP-AP-r001:S-P01-S05:GS11:p0008,8,0,0,0,0
744,CP-AP-r001:S-P01-S05:GS11:p0009,10,0,0,0,0
745,CP-AP-r001:S-P01-S05:GS11:p0010,7,0,0,0,0
746,CP-AP-r001:S-P01-S05:GS11:p0011,10,0,0,0,0
747,CP-AP-r001:S-P01-S05:GS11:p0012,10,0,0,0,0
748,CP-AP-r001:S-P01-S05:GS11:p0013,10,0,0,0,0
749,CP-AP-r001:S-P01-S05:GS11:p0014,7,0,0,0,0
750,CP-AP-r001:S-P01-S05:GS12:p0002,9,0,0,0,0
751,CP-AP-r001:S-P01-S05:GS12:p0003,9,0,0,0,0
752,CP-AP-r001:S-P01-S05:GS12:p0004,8,0,0,0,0
753,CP-AP-r001:S-P01-S05:GS12:p0005,8,0,0,0,0
754,CP-AP-r001:S-P01-S05:GS12:p0006,8,0,0,0,0
755,CP-AP-r001:S-P01-S05:GS12:p0007,8,0,0,0,0
756,CP-AP-r001:S-P01-S05:GS12:p0008,9,0,0,0,0
757,CP-AP-r001:S-P01-S05:GS12:p0009,8,0,0,0,0
758,CP-AP-r001:S-P01-S05:GS12:p0010,8,0,0,0,0
759,CP-AP-r001:S-P01-S05:GS12:p0011,10,0,0,0,0
760,CP-AP-r001:S-P01-S05:GS12:p0012,6,0,0,0,0
761,CP-AP-r001:S-P01-S05:GS12:p0013,8,0,0,0,0
762,CP-AP-r001:S-P01-S05:GS12:p0014,10,0,0,0,0
763,CP-AP-r001:S-P01-S05:GS12:p0015,8,0,0,0,0
764,CP-AP-r001:S-P01-S06:GS01:p0001,7,0,0,0,0
765,CP-AP-r001:S-P01-S06:GS01:p0002,7,0,0,0,0
766,CP-AP-r001:S-P01-S06:GS01:p0003,7,0,0,0,0
767,CP-AP-r001:S-P01-S06:GS01:p0004,8,0,0,0,0
768,CP-AP-r001:S-P01-S06:GS01:p0005,7,0,0,0,0
769,CP-AP-r001:S-P01-S06:GS01:p0006,7,0,0,0,0
770,CP-AP-r001:S-P01-S06:GS01:p0007,7,0,0,0,0
771,CP-AP-r001:S-P01-S06:GS01:p0008,10,0,0,0,0
772,CP-AP-r001:S-P01-S06:GS01:p0009,7,0,0,0,0
773,CP-AP-r001:S-P01-S06:GS01:p0010,7,0,0,0,0
774,CP-AP-r001:S-P01-S06:GS01:p0011,8,0,0,0,0
775,CP-AP-r001:S-P01-S06:GS01:p0012,8,0,0,0,0
776,CP-AP-r001:S-P01-S06:GS02:p0001,5,0,0,0,0
777,CP-AP-r001:S-P01-S06:GS02:p0002,6,0,0,0,0
778,CP-AP-r001:S-P01-S06:GS02:p0003,7,0,0,0,0
779,CP-AP-r001:S-P01-S06:GS02:p0004,8,0,0,0,0
780,CP-AP-r001:S-P01-S06:GS02:p0005,6,0,0,0,0
781,CP-AP-r001:S-P01-S06:GS02:p0006,8,0,0,0,0
782,CP-AP-r001:S-P01-S06:GS02:p0007,7,0,0,0,0
783,CP-AP-r001:S-P01-S06:GS02:p0008,8,0,0,0,0
784,CP-AP-r001:S-P01-S06:GS02:p0009,7,0,0,0,0
785,CP-AP-r001:S-P01-S06:GS02:p0010,8,0,0,0,0
786,CP-AP-r001:S-P01-S06:GS02:p0011,7,0,0,0,0
787,CP-AP-r001:S-P01-S06:GS02:p0012,8,0,0,0,0
788,CP-AP-r001:S-P01-S06:GS03:p0002,7,0,0,0,0
789,CP-AP-r001:S-P01-S06:GS03:p0003,7,0,0,0,0
790,CP-AP-r001:S-P01-S06:GS03:p0004,8,0,0,0,0
791,CP-AP-r001:S-P01-S06:GS03:p0005,7,0,0,0,0
792,CP-AP-r001:S-P01-S06:GS03:p0006,7,0,0,0,0
793,CP-AP-r001:S-P01-S06:GS03:p0007,8,0,0,0,0
794,CP-AP-r001:S-P01-S06:GS03:p0008,6,0,0,0,0
795,CP-AP-r001:S-P01-S06:GS03:p0009,7,0,0,0,0
796,CP-AP-r001:S-P01-S06:GS03:p0010,7,0,0,0,0
797,CP-AP-r001:S-P01-S06:GS03:p0011,8,0,0,0,0
798,CP-AP-r001:S-P01-S06:GS04:p0002,7,0,0,0,0
799,CP-AP-r001:S-P01-S06:GS04:p0003,8,0,0,0,0
800,CP-AP-r001:S-P01-S06:GS04:p0004,7,0,0,0,0
801,CP-AP-r001:S-P01-S06:GS04:p0005,7,0,0,0,0
802,CP-AP-r001:S-P01-S06:GS04:p0006,6,0,0,0,0
803,CP-AP-r001:S-P01-S06:GS04:p0007,9,0,0,0,0
804,CP-AP-r001:S-P01-S06:GS04:p0008,6,0,0,0,0
805,CP-AP-r001:S-P01-S06:GS04:p0009,6,0,0,0,0
806,CP-AP-r001:S-P01-S06:GS04:p0010,7,0,0,0,0
807,CP-AP-r001:S-P01-S06:GS04:p0011,7,0,0,0,0
808,CP-AP-r001:S-P01-S06:GS04:p0012,8,0,0,0,0
809,CP-AP-r001:S-P01-S06:GS04:p0013,5,0,0,0,0
810,CP-AP-r001:S-P01-S06:GS05:p0002,7,0,0,0,0
811,CP-AP-r001:S-P01-S06:GS05:p0003,6,0,0,0,0
812,CP-AP-r001:S-P01-S06:GS05:p0004,9,0,0,0,0
813,CP-AP-r001:S-P01-S06:GS05:p0005,7,0,0,0,0
814,CP-AP-r001:S-P01-S06:GS05:p0006,7,0,0,0,0
815,CP-AP-r001:S-P01-S06:GS05:p0007,8,0,0,0,0
816,CP-AP-r001:S-P01-S06:GS05:p0008,8,0,0,0,0
817,CP-AP-r001:S-P01-S06:GS05:p0009,7,0,0,0,0
818,CP-AP-r001:S-P01-S06:GS05:p0010,7,0,0,0,0
819,CP-AP-r001:S-P01-S06:GS05:p0011,8,0,0,0,0
820,CP-AP-r001:S-P01-S06:GS05:p0012,7,0,0,0,0
821,CP-AP-r001:S-P01-S06:GS06:p0002,7,0,0,0,0
822,CP-AP-r001:S-P01-S06:GS06:p0003,7,0,0,0,0
823,CP-AP-r001:S-P01-S06:GS06:p0004,8,0,0,0,0
824,CP-AP-r001:S-P01-S06:GS06:p0005,7,0,0,0,0
825,CP-AP-r001:S-P01-S06:GS06:p0006,8,0,0,0,0
826,CP-AP-r001:S-P01-S06:GS06:p0007,7,0,0,0,0
827,CP-AP-r001:S-P01-S06:GS06:p0008,8,0,0,0,0
828,CP-AP-r001:S-P01-S06:GS06:p0009,7,0,0,0,0
829,CP-AP-r001:S-P01-S06:GS06:p0010,7,0,0,0,0
830,CP-AP-r001:S-P01-S06:GS06:p0011,7,0,0,0,0
831,CP-AP-r001:S-P01-S06:GS06:p0012,8,0,0,0,0
832,CP-AP-r001:S-P01-S06:GS06:p0013,7,0,0,0,0
833,CP-AP-r001:S-P01-S06:GS07:p0001,8,0,0,0,0
834,CP-AP-r001:S-P01-S06:GS07:p0002,9,0,0,0,0
835,CP-AP-r001:S-P01-S06:GS07:p0003,7,0,0,0,0
836,CP-AP-r001:S-P01-S06:GS07:p0004,8,0,0,0,0
837,CP-AP-r001:S-P01-S06:GS07:p0005,8,0,0,0,0
838,CP-AP-r001:S-P01-S06:GS07:p0006,8,0,0,0,0
839,CP-AP-r001:S-P01-S06:GS07:p0007,10,0,0,0,0
840,CP-AP-r001:S-P01-S06:GS07:p0008,9,0,0,0,0
841,CP-AP-r001:S-P01-S06:GS07:p0009,8,0,0,0,0
842,CP-AP-r001:S-P01-S06:GS07:p0010,7,0,0,0,0
843,CP-AP-r001:S-P01-S06:GS07:p0011,8,0,0,0,0
844,CP-AP-r001:S-P01-S06:GS07:p0012,11,0,0,0,0
845,CP-AP-r001:S-P01-S06:GS07:p0013,10,0,0,0,0
846,CP-AP-r001:S-P01-S06:GS07:p0014,9,0,0,0,0
847,CP-AP-r001:S-P01-S06:GS08:p0002,7,0,0,0,0
848,CP-AP-r001:S-P01-S06:GS08:p0003,9,0,0,0,0
849,CP-AP-r001:S-P01-S06:GS08:p0004,10,0,0,0,0
850,CP-AP-r001:S-P01-S06:GS08:p0005,8,0,0,0,0
851,CP-AP-r001:S-P01-S06:GS08:p0006,5,0,0,0,0
852,CP-AP-r001:S-P01-S06:GS08:p0007,8,0,0,0,0
853,CP-AP-r001:S-P01-S06:GS08:p0008,8,0,0,0,0
854,CP-AP-r001:S-P01-S06:GS08:p0009,8,0,0,0,0
855,CP-AP-r001:S-P01-S06:GS08:p0010,8,0,0,0,0
856,CP-AP-r001:S-P01-S06:GS08:p0011,8,0,0,0,0
857,CP-AP-r001:S-P01-S06:GS08:p0012,8,0,0,0,0
858,CP-AP-r001:S-P01-S06:GS08:p0013,6,0,0,0,0
859,CP-AP-r001:S-P01-S06:GS08:p0014,8,0,0,0,0
860,CP-AP-r001:S-P01-S06:GS08:p0015,9,0,0,0,0
861,CP-AP-r001:S-P01-S06:GS09:p0002,8,0,0,0,0
862,CP-AP-r001:S-P01-S06:GS09:p0003,9,0,0,0,0
863,CP-AP-r001:S-P01-S06:GS09:p0004,8,0,0,0,0
864,CP-AP-r001:S-P01-S06:GS09:p0005,9,0,0,0,0
865,CP-AP-r001:S-P01-S06:GS09:p0006,7,0,0,0,0
866,CP-AP-r001:S-P01-S06:GS09:p0007,9,0,0,0,0
867,CP-AP-r001:S-P01-S06:GS09:p0008,8,0,0,0,0
868,CP-AP-r001:S-P01-S06:GS09:p0009,8,0,0,0,0
869,CP-AP-r001:S-P01-S06:GS09:p0010,7,0,0,0,0
870,CP-AP-r001:S-P01-S06:GS09:p0011,8,0,0,0,0
871,CP-AP-r001:S-P01-S06:GS09:p0012,8,0,0,0,0
872,CP-AP-r001:S-P01-S06:GS09:p0013,6,0,0,0,0
873,CP-AP-r001:S-P01-S06:GS10:p0002,8,0,0,0,0
874,CP-AP-r001:S-P01-S06:GS10:p0003,10,0,0,0,0
875,CP-AP-r001:S-P01-S06:GS10:p0004,9,0,0,0,0
876,CP-AP-r001:S-P01-S06:GS10:p0005,8,0,0,0,0
877,CP-AP-r001:S-P01-S06:GS10:p0006,8,0,0,0,0
878,CP-AP-r001:S-P01-S06:GS10:p0007,10,0,0,0,0
879,CP-AP-r001:S-P01-S06:GS10:p0008,8,0,0,0,0
880,CP-AP-r001:S-P01-S06:GS10:p0009,8,0,0,0,0
881,CP-AP-r001:S-P01-S06:GS10:p0010,8,0,0,0,0
882,CP-AP-r001:S-P01-S06:GS10:p0011,8,0,0,0,0
883,CP-AP-r001:S-P01-S06:GS10:p0012,8,0,0,0,0
884,CP-AP-r001:S-P01-S06:GS10:p0013,10,0,0,0,0
885,CP-AP-r001:S-P01-S06:GS11:p0002,10,0,0,0,0
886,CP-AP-r001:S-P01-S06:GS11:p0003,8,0,0,0,0
887,CP-AP-r001:S-P01-S06:GS11:p0004,8,0,0,0,0
888,CP-AP-r001:S-P01-S06:GS11:p0005,9,0,0,0,0
889,CP-AP-r001:S-P01-S06:GS11:p0006,8,0,0,0,0
890,CP-AP-r001:S-P01-S06:GS11:p0007,10,0,0,0,0
891,CP-AP-r001:S-P01-S06:GS11:p0008,8,0,0,0,0
892,CP-AP-r001:S-P01-S06:GS11:p0009,9,0,0,0,0
893,CP-AP-r001:S-P01-S06:GS11:p0010,8,0,0,0,0
894,CP-AP-r001:S-P01-S06:GS11:p0011,10,0,0,0,0
895,CP-AP-r001:S-P01-S06:GS11:p0012,10,0,0,0,0
896,CP-AP-r001:S-P01-S06:GS11:p0013,10,0,0,0,0
897,CP-AP-r001:S-P01-S06:GS11:p0014,8,0,0,0,0
898,CP-AP-r001:S-P01-S06:GS12:p0002,7,0,0,0,0
899,CP-AP-r001:S-P01-S06:GS12:p0003,8,0,0,0,0
900,CP-AP-r001:S-P01-S06:GS12:p0004,8,0,0,0,0
901,CP-AP-r001:S-P01-S06:GS12:p0005,8,0,0,0,0
902,CP-AP-r001:S-P01-S06:GS12:p0006,7,0,0,0,0
903,CP-AP-r001:S-P01-S06:GS12:p0007,8,0,0,0,0
904,CP-AP-r001:S-P01-S06:GS12:p0008,8,0,0,0,0
905,CP-AP-r001:S-P01-S06:GS12:p0009,8,0,0,0,0
906,CP-AP-r001:S-P01-S06:GS12:p0010,9,0,0,0,0
907,CP-AP-r001:S-P01-S06:GS12:p0011,7,0,0,0,0
908,CP-AP-r001:S-P01-S06:GS12:p0012,8,0,0,0,0
909,CP-AP-r001:S-P01-S06:GS12:p0013,8,0,0,0,0
910,CP-AP-r001:S-P01-S06:GS12:p0014,8,0,0,0,0
911,CP-AP-r001:S-P01-S07:GS01:p0001,6,0,0,0,0
912,CP-AP-r001:S-P01-S07:GS01:p0002,6,0,0,0,0
913,CP-AP-r001:S-P01-S07:GS01:p0003,7,0,0,0,0
914,CP-AP-r001:S-P01-S07:GS01:p0004,8,0,0,0,0
915,CP-AP-r001:S-P01-S07:GS01:p0005,6,0,0,0,0
916,CP-AP-r001:S-P01-S07:GS01:p0006,6,0,0,0,0
917,CP-AP-r001:S-P01-S07:GS01:p0007,8,0,0,0,0
918,CP-AP-r001:S-P01-S07:GS01:p0008,6,0,0,0,0
919,CP-AP-r001:S-P01-S07:GS01:p0009,6,0,0,0,0
920,CP-AP-r001:S-P01-S07:GS01:p0010,8,0,0,0,0
921,CP-AP-r001:S-P01-S07:GS01:p0011,7,0,0,0,0
922,CP-AP-r001:S-P01-S07:GS02:p0001,6,0,0,0,0
923,CP-AP-r001:S-P01-S07:GS02:p0002,7,0,0,0,0
924,CP-AP-r001:S-P01-S07:GS02:p0003,6,0,0,0,0
925,CP-AP-r001:S-P01-S07:GS02:p0004,8,0,0,0,0
926,CP-AP-r001:S-P01-S07:GS02:p0005,6,0,0,0,0
927,CP-AP-r001:S-P01-S07:GS02:p0006,6,0,0,0,0
928,CP-AP-r001:S-P01-S07:GS02:p0007,6,0,0,0,0
929,CP-AP-r001:S-P01-S07:GS02:p0008,8,0,0,0,0
930,CP-AP-r001:S-P01-S07:GS02:p0009,6,0,0,0,0
931,CP-AP-r001:S-P01-S07:GS02:p0010,6,0,0,0,0
932,CP-AP-r001:S-P01-S07:GS02:p0011,6,0,0,0,0
933,CP-AP-r001:S-P01-S07:GS02:p0012,10,0,0,0,0
934,CP-AP-r001:S-P01-S07:GS03:p0001,6,0,0,0,0
935,CP-AP-r001:S-P01-S07:GS03:p0002,7,0,0,0,0
936,CP-AP-r001:S-P01-S07:GS03:p0003,6,0,0,0,0
937,CP-AP-r001:S-P01-S07:GS03:p0004,8,0,0,0,0
938,CP-AP-r001:S-P01-S07:GS03:p0005,4,0,0,0,0
939,CP-AP-r001:S-P01-S07:GS03:p0006,6,0,0,0,0
940,CP-AP-r001:S-P01-S07:GS03:p0007,6,0,0,0,0
941,CP-AP-r001:S-P01-S07:GS03:p0008,8,0,0,0,0
942,CP-AP-r001:S-P01-S07:GS03:p0009,6,0,0,0,0
943,CP-AP-r001:S-P01-S07:GS03:p0010,8,0,0,0,0
944,CP-AP-r001:S-P01-S07:GS03:p0011,6,0,0,0,0
945,CP-AP-r001:S-P01-S07:GS03:p0012,8,0,0,0,0
946,CP-AP-r001:S-P01-S07:GS04:p0002,5,0,0,0,0
947,CP-AP-r001:S-P01-S07:GS04:p0003,8,0,0,0,0
948,CP-AP-r001:S-P01-S07:GS04:p0004,9,0,0,0,0
949,CP-AP-r001:S-P01-S07:GS04:p0005,7,0,0,0,0
950,CP-AP-r001:S-P01-S07:GS04:p0006,6,0,0,0,0
951,CP-AP-r001:S-P01-S07:GS04:p0007,6,0,0,0,0
952,CP-AP-r001:S-P01-S07:GS04:p0008,8,0,0,0,0
953,CP-AP-r001:S-P01-S07:GS04:p0009,6,0,0,0,0
954,CP-AP-r001:S-P01-S07:GS04:p0010,6,0,0,0,0
955,CP-AP-r001:S-P01-S07:GS04:p0011,8,0,0,0,0
956,CP-AP-r001:S-P01-S07:GS05:p0002,6,0,0,0,0
957,CP-AP-r001:S-P01-S07:GS05:p0003,8,0,0,0,0
958,CP-AP-r001:S-P01-S07:GS05:p0004,6,0,0,0,0
959,CP-AP-r001:S-P01-S07:GS05:p0005,6,0,0,0,0
960,CP-AP-r001:S-P01-S07:GS05:p0006,8,0,0,0,0
961,CP-AP-r001:S-P01-S07:GS05:p0007,7,0,0,0,0
962,CP-AP-r001:S-P01-S07:GS05:p0008,6,0,0,0,0
963,CP-AP-r001:S-P01-S07:GS05:p0009,4,0,0,0,0
964,CP-AP-r001:S-P01-S07:GS05:p0010,9,0,0,0,0
965,CP-AP-r001:S-P01-S07:GS05:p0011,7,0,0,0,0
966,CP-AP-r001:S-P01-S07:GS05:p0012,7,0,0,0,0
967,CP-AP-r001:S-P01-S07:GS06:p0002,6,0,0,0,0
968,CP-AP-r001:S-P01-S07:GS06:p0003,6,0,0,0,0
969,CP-AP-r001:S-P01-S07:GS06:p0004,8,0,0,0,0
970,CP-AP-r001:S-P01-S07:GS06:p0005,6,0,0,0,0
971,CP-AP-r001:S-P01-S07:GS06:p0006,6,0,0,0,0
972,CP-AP-r001:S-P01-S07:GS06:p0007,6,0,0,0,0
973,CP-AP-r001:S-P01-S07:GS06:p0008,10,0,0,0,0
974,CP-AP-r001:S-P01-S07:GS06:p0009,6,0,0,0,0
975,CP-AP-r001:S-P01-S07:GS06:p0010,6,0,0,0,0
976,CP-AP-r001:S-P01-S07:GS06:p0011,7,0,0,0,0
977,CP-AP-r001:S-P01-S07:GS06:p0012,8,0,0,0,0
978,CP-AP-r001:S-P01-S07:GS06:p0013,6,0,0,0,0
979,CP-AP-r001:S-P01-S07:GS07:p0001,8,0,0,0,0
980,CP-AP-r001:S-P01-S07:GS07:p0002,10,0,0,0,0
981,CP-AP-r001:S-P01-S07:GS07:p0003,8,0,0,0,0
982,CP-AP-r001:S-P01-S07:GS07:p0004,10,0,0,0,0
983,CP-AP-r001:S-P01-S07:GS07:p0005,7,0,0,0,0
984,CP-AP-r001:S-P01-S07:GS07:p0006,9,0,0,0,0
985,CP-AP-r001:S-P01-S07:GS07:p0007,10,0,0,0,0
986,CP-AP-r001:S-P01-S07:GS07:p0008,10,0,0,0,0
987,CP-AP-r001:S-P01-S07:GS07:p0009,7,0,0,0,0
988,CP-AP-r001:S-P01-S07:GS07:p0010,7,0,0,0,0
989,CP-AP-r001:S-P01-S07:GS07:p0011,10,0,0,0,0
990,CP-AP-r001:S-P01-S07:GS07:p0012,9,0,0,0,0
991,CP-AP-r001:S-P01-S07:GS08:p0001,8,0,0,0,0
992,CP-AP-r001:S-P01-S07:GS08:p0002,9,0,0,0,0
993,CP-AP-r001:S-P01-S07:GS08:p0003,8,0,0,0,0
994,CP-AP-r001:S-P01-S07:GS08:p0004,8,0,0,0,0
995,CP-AP-r001:S-P01-S07:GS08:p0005,8,0,0,0,0
996,CP-AP-r001:S-P01-S07:GS08:p0006,10,0,0,0,0
997,CP-AP-r001:S-P01-S07:GS08:p0007,6,0,0,0,0
998,CP-AP-r001:S-P01-S07:GS08:p0008,8,0,0,0,0
999,CP-AP-r001:S-P01-S07:GS08:p0009,10,0,0,0,0
1000,CP-AP-r001:S-P01-S07:GS08:p0010,8,0,0,0,0
1001,CP-AP-r001:S-P01-S07:GS08:p0011,10,0,0,0,0
1002,CP-AP-r001:S-P01-S07:GS08:p0012,8,0,0,0,0
1003,CP-AP-r001:S-P01-S07:GS08:p0013,9,0,0,0,0
1004,CP-AP-r001:S-P01-S07:GS09:p0002,8,0,0,0,0
1005,CP-AP-r001:S-P01-S07:GS09:p0003,8,0,0,0,0
1006,CP-AP-r001:S-P01-S07:GS09:p0004,8,0,0,0,0
1007,CP-AP-r001:S-P01-S07:GS09:p0005,6,0,0,0,0
1008,CP-AP-r001:S-P01-S07:GS09:p0006,8,0,0,0,0
1009,CP-AP-r001:S-P01-S07:GS09:p0007,9,0,0,0,0
1010,CP-AP-r001:S-P01-S07:GS09:p0008,8,0,0,0,0
1011,CP-AP-r001:S-P01-S07:GS09:p0009,8,0,0,0,0
1012,CP-AP-r001:S-P01-S07:GS09:p0010,6,0,0,0,0
1013,CP-AP-r001:S-P01-S07:GS09:p0011,8,0,0,0,0
1014,CP-AP-r001:S-P01-S07:GS09:p0012,10,0,0,0,0
1015,CP-AP-r001:S-P01-S07:GS09:p0013,9,0,0,0,0
1016,CP-AP-r001:S-P01-S07:GS09:p0014,8,0,0,0,0
1017,CP-AP-r001:S-P01-S07:GS10:p0002,7,0,0,0,0
1018,CP-AP-r001:S-P01-S07:GS10:p0003,8,0,0,0,0
1019,CP-AP-r001:S-P01-S07:GS10:p0004,8,0,0,0,0
1020,CP-AP-r001:S-P01-S07:GS10:p0005,9,0,0,0,0
1021,CP-AP-r001:S-P01-S07:GS10:p0006,8,0,0,0,0
1022,CP-AP-r001:S-P01-S07:GS10:p0007,8,0,0,0,0
1023,CP-AP-r001:S-P01-S07:GS10:p0008,8,0,0,0,0
1024,CP-AP-r001:S-P01-S07:GS10:p0009,9,0,0,0,0
1025,CP-AP-r001:S-P01-S07:GS10:p0010,7,0,0,0,0
1026,CP-AP-r001:S-P01-S07:GS10:p0011,8,0,0,0,0
1027,CP-AP-r001:S-P01-S07:GS10:p0012,8,0,0,0,0
1028,CP-AP-r001:S-P01-S07:GS10:p0013,8,0,0,0,0
1029,CP-AP-r001:S-P01-S07:GS11:p0002,11,0,0,0,0
1030,CP-AP-r001:S-P01-S07:GS11:p0003,10,0,0,0,0
1031,CP-AP-r001:S-P01-S07:GS11:p0004,10,0,0,0,0
1032,CP-AP-r001:S-P01-S07:GS11:p0005,7,0,0,0,0
1033,CP-AP-r001:S-P01-S07:GS11:p0006,7,0,0,0,0
1034,CP-AP-r001:S-P01-S07:GS11:p0007,10,0,0,0,0
1035,CP-AP-r001:S-P01-S07:GS11:p0008,10,0,0,0,0
1036,CP-AP-r001:S-P01-S07:GS11:p0009,7,0,0,0,0
1037,CP-AP-r001:S-P01-S07:GS11:p0010,7,0,0,0,0
1038,CP-AP-r001:S-P01-S07:GS11:p0011,10,0,0,0,0
1039,CP-AP-r001:S-P01-S07:GS11:p0012,8,0,0,0,0
1040,CP-AP-r001:S-P01-S07:GS11:p0013,7,0,0,0,0
1041,CP-AP-r001:S-P01-S07:GS12:p0002,10,0,0,0,0
1042,CP-AP-r001:S-P01-S07:GS12:p0003,6,0,0,0,0
1043,CP-AP-r001:S-P01-S07:GS12:p0004,8,0,0,0,0
1044,CP-AP-r001:S-P01-S07:GS12:p0005,10,0,0,0,0
1045,CP-AP-r001:S-P01-S07:GS12:p0006,8,0,0,0,0
1046,CP-AP-r001:S-P01-S07:GS12:p0007,10,0,0,0,0
1047,CP-AP-r001:S-P01-S07:GS12:p0008,7,0,0,0,0
1048,CP-AP-r001:S-P01-S07:GS12:p0009,8,0,0,0,0
1049,CP-AP-r001:S-P01-S07:GS12:p0010,8,0,0,0,0
1050,CP-AP-r001:S-P01-S07:GS12:p0011,8,0,0,0,0
1051,CP-AP-r001:S-P01-S07:GS12:p0012,10,0,0,0,0
1052,CP-AP-r001:S-P01-S07:GS12:p0013,9,0,0,0,0
1053,CP-AP-r001:S-P01-S07:GS12:p0014,10,0,0,0,0
1054,CP-AP-r001:S-P01-S07:GS12:p0015,7,0,0,0,0
1055,CP-AP-r001:S-P01-S08:GS01:p0001,7,0,0,0,0
1056,CP-AP-r001:S-P01-S08:GS01:p0002,7,0,0,0,0
1057,CP-AP-r001:S-P01-S08:GS01:p0003,8,0,0,0,0
1058,CP-AP-r001:S-P01-S08:GS01:p0004,8,0,0,0,0
1059,CP-AP-r001:S-P01-S08:GS01:p0005,7,0,0,0,0
1060,CP-AP-r001:S-P01-S08:GS01:p0006,7,0,0,0,0
1061,CP-AP-r001:S-P01-S08:GS01:p0007,8,0,0,0,0
1062,CP-AP-r001:S-P01-S08:GS01:p0008,7,0,0,0,0
1063,CP-AP-r001:S-P01-S08:GS01:p0009,7,0,0,0,0
1064,CP-AP-r001:S-P01-S08:GS01:p0010,8,0,0,0,0
1065,CP-AP-r001:S-P01-S08:GS01:p0011,7,0,0,0,0
1066,CP-AP-r001:S-P01-S08:GS01:p0012,2,0,0,0,0
1067,CP-AP-r001:S-P01-S08:GS02:p0001,7,0,0,0,0
1068,CP-AP-r001:S-P01-S08:GS02:p0002,8,0,0,0,0
1069,CP-AP-r001:S-P01-S08:GS02:p0003,7,0,0,0,0
1070,CP-AP-r001:S-P01-S08:GS02:p0004,8,0,0,0,0
1071,CP-AP-r001:S-P01-S08:GS02:p0005,7,0,0,0,0
1072,CP-AP-r001:S-P01-S08:GS02:p0006,7,0,0,0,0
1073,CP-AP-r001:S-P01-S08:GS02:p0007,7,0,0,0,0
1074,CP-AP-r001:S-P01-S08:GS02:p0008,8,0,0,0,0
1075,CP-AP-r001:S-P01-S08:GS02:p0009,7,0,0,0,0
1076,CP-AP-r001:S-P01-S08:GS02:p0010,7,0,0,0,0
1077,CP-AP-r001:S-P01-S08:GS02:p0011,8,0,0,0,0
1078,CP-AP-r001:S-P01-S08:GS02:p0012,10,0,0,0,0
1079,CP-AP-r001:S-P01-S08:GS03:p0001,7,0,0,0,0
1080,CP-AP-r001:S-P01-S08:GS03:p0002,7,0,0,0,0
1081,CP-AP-r001:S-P01-S08:GS03:p0003,7,0,0,0,0
1082,CP-AP-r001:S-P01-S08:GS03:p0004,8,0,0,0,0
1083,CP-AP-r001:S-P01-S08:GS03:p0005,5,0,0,0,0
1084,CP-AP-r001:S-P01-S08:GS03:p0006,6,0,0,0,0
1085,CP-AP-r001:S-P01-S08:GS03:p0007,7,0,0,0,0
1086,CP-AP-r001:S-P01-S08:GS03:p0008,8,0,0,0,0
1087,CP-AP-r001:S-P01-S08:GS03:p0009,6,0,0,0,0
1088,CP-AP-r001:S-P01-S08:GS03:p0010,8,0,0,0,0
1089,CP-AP-r001:S-P01-S08:GS03:p0011,7,0,0,0,0
1090,CP-AP-r001:S-P01-S08:GS03:p0012,8,0,0,0,0
1091,CP-AP-r001:S-P01-S08:GS04:p0002,7,0,0,0,0
1092,CP-AP-r001:S-P01-S08:GS04:p0003,9,0,0,0,0
1093,CP-AP-r001:S-P01-S08:GS04:p0004,8,0,0,0,0
1094,CP-AP-r001:S-P01-S08:GS04:p0005,5,0,0,0,0
1095,CP-AP-r001:S-P01-S08:GS04:p0006,7,0,0,0,0
1096,CP-AP-r001:S-P01-S08:GS04:p0007,7,0,0,0,0
1097,CP-AP-r001:S-P01-S08:GS04:p0008,8,0,0,0,0
1098,CP-AP-r001:S-P01-S08:GS04:p0009,7,0,0,0,0
1099,CP-AP-r001:S-P01-S08:GS04:p0010,7,0,0,0,0
1100,CP-AP-r001:S-P01-S08:GS04:p0011,8,0,0,0,0
1101,CP-AP-r001:S-P01-S08:GS05:p0002,7,0,0,0,0
1102,CP-AP-r001:S-P01-S08:GS05:p0003,8,0,0,0,0
1103,CP-AP-r001:S-P01-S08:GS05:p0004,7,0,0,0,0
1104,CP-AP-r001:S-P01-S08:GS05:p0005,7,0,0,0,0
1105,CP-AP-r001:S-P01-S08:GS05:p0006,8,0,0,0,0
1106,CP-AP-r001:S-P01-S08:GS05:p0007,7,0,0,0,0
1107,CP-AP-r001:S-P01-S08:GS05:p0008,7,0,0,0,0
1108,CP-AP-r001:S-P01-S08:GS05:p0009,6,0,0,0,0
1109,CP-AP-r001:S-P01-S08:GS05:p0010,10,0,0,0,0
1110,CP-AP-r001:S-P01-S08:GS05:p0011,6,0,0,0,0
1111,CP-AP-r001:S-P01-S08:GS05:p0012,5,0,0,0,0
1112,CP-AP-r001:S-P01-S08:GS06:p0002,7,0,0,0,0
1113,CP-AP-r001:S-P01-S08:GS06:p0003,7,0,0,0,0
1114,CP-AP-r001:S-P01-S08:GS06:p0004,8,0,0,0,0
1115,CP-AP-r001:S-P01-S08:GS06:p0005,7,0,0,0,0
1116,CP-AP-r001:S-P01-S08:GS06:p0006,7,0,0,0,0
1117,CP-AP-r001:S-P01-S08:GS06:p0007,7,0,0,0,0
1118,CP-AP-r001:S-P01-S08:GS06:p0008,10,0,0,0,0
1119,CP-AP-r001:S-P01-S08:GS06:p0009,7,0,0,0,0
1120,CP-AP-r001:S-P01-S08:GS06:p0010,7,0,0,0,0
1121,CP-AP-r001:S-P01-S08:GS06:p0011,8,0,0,0,0
1122,CP-AP-r001:S-P01-S08:GS06:p0012,8,0,0,0,0
1123,CP-AP-r001:S-P01-S08:GS06:p0013,7,0,0,0,0
1124,CP-AP-r001:S-P01-S08:GS07:p0001,8,0,0,0,0
1125,CP-AP-r001:S-P01-S08:GS07:p0002,10,0,0,0,0
1126,CP-AP-r001:S-P01-S08:GS07:p0003,9,0,0,0,0
1127,CP-AP-r001:S-P01-S08:GS07:p0004,9,0,0,0,0
1128,CP-AP-r001:S-P01-S08:GS07:p0005,8,0,0,0,0
1129,CP-AP-r001:S-P01-S08:GS07:p0006,10,0,0,0,0
1130,CP-AP-r001:S-P01-S08:GS07:p0007,10,0,0,0,0
1131,CP-AP-r001:S-P01-S08:GS07:p0008,9,0,0,0,0
1132,CP-AP-r001:S-P01-S08:GS07:p0009,8,0,0,0,0
1133,CP-AP-r001:S-P01-S08:GS07:p0010,8,0,0,0,0
1134,CP-AP-r001:S-P01-S08:GS07:p0011,10,0,0,0,0
1135,CP-AP-r001:S-P01-S08:GS07:p0012,8,0,0,0,0
1136,CP-AP-r001:S-P01-S08:GS07:p0013,4,0,0,0,0
1137,CP-AP-r001:S-P01-S08:GS08:p0001,8,0,0,0,0
1138,CP-AP-r001:S-P01-S08:GS08:p0002,8,0,0,0,0
1139,CP-AP-r001:S-P01-S08:GS08:p0003,7,0,0,0,0
1140,CP-AP-r001:S-P01-S08:GS08:p0004,8,0,0,0,0
1141,CP-AP-r001:S-P01-S08:GS08:p0005,8,0,0,0,0
1142,CP-AP-r001:S-P01-S08:GS08:p0006,10,0,0,0,0
1143,CP-AP-r001:S-P01-S08:GS08:p0007,7,0,0,0,0
1144,CP-AP-r001:S-P01-S08:GS08:p0008,8,0,0,0,0
1145,CP-AP-r001:S-P01-S08:GS08:p0009,8,0,0,0,0
1146,CP-AP-r001:S-P01-S08:GS08:p0010,8,0,0,0,0
1147,CP-AP-r001:S-P01-S08:GS08:p0011,10,0,0,0,0
1148,CP-AP-r001:S-P01-S08:GS08:p0012,8,0,0,0,0
1149,CP-AP-r001:S-P01-S08:GS08:p0013,8,0,0,0,0
1150,CP-AP-r001:S-P01-S08:GS09:p0002,7,0,0,0,0
1151,CP-AP-r001:S-P01-S08:GS09:p0003,8,0,0,0,0
1152,CP-AP-r001:S-P01-S08:GS09:p0004,8,0,0,0,0
1153,CP-AP-r001:S-P01-S08:GS09:p0005,6,0,0,0,0
1154,CP-AP-r001:S-P01-S08:GS09:p0006,7,0,0,0,0
1155,CP-AP-r001:S-P01-S08:GS09:p0007,8,0,0,0,0
1156,CP-AP-r001:S-P01-S08:GS09:p0008,8,0,0,0,0
1157,CP-AP-r001:S-P01-S08:GS09:p0009,8,0,0,0,0
1158,CP-AP-r001:S-P01-S08:GS09:p0010,6,0,0,0,0
1159,CP-AP-r001:S-P01-S08:GS09:p0011,8,0,0,0,0
1160,CP-AP-r001:S-P01-S08:GS09:p0012,8,0,0,0,0
1161,CP-AP-r001:S-P01-S08:GS09:p0013,8,0,0,0,0
1162,CP-AP-r001:S-P01-S08:GS09:p0014,8,0,0,0,0
1163,CP-AP-r001:S-P01-S08:GS10:p0002,8,0,0,0,0
1164,CP-AP-r001:S-P01-S08:GS10:p0003,8,0,0,0,0
1165,CP-AP-r001:S-P01-S08:GS10:p0004,8,0,0,0,0
1166,CP-AP-r001:S-P01-S08:GS10:p0005,10,0,0,0,0
1167,CP-AP-r001:S-P01-S08:GS10:p0006,8,0,0,0,0
1168,CP-AP-r001:S-P01-S08:GS10:p0007,9,0,0,0,0
1169,CP-AP-r001:S-P01-S08:GS10:p0008,8,0,0,0,0
1170,CP-AP-r001:S-P01-S08:GS10:p0009,9,0,0,0,0
1171,CP-AP-r001:S-P01-S08:GS10:p0010,7,0,0,0,0
1172,CP-AP-r001:S-P01-S08:GS10:p0011,8,0,0,0,0
1173,CP-AP-r001:S-P01-S08:GS10:p0012,8,0,0,0,0
1174,CP-AP-r001:S-P01-S08:GS10:p0013,8,0,0,0,0
1175,CP-AP-r001:S-P01-S08:GS11:p0002,11,0,0,0,0
1176,CP-AP-r001:S-P01-S08:GS11:p0003,10,0,0,0,0
1177,CP-AP-r001:S-P01-S08:GS11:p0004,9,0,0,0,0
1178,CP-AP-r001:S-P01-S08:GS11:p0005,8,0,0,0,0
1179,CP-AP-r001:S-P01-S08:GS11:p0006,9,0,0,0,0
1180,CP-AP-r001:S-P01-S08:GS11:p0007,10,0,0,0,0
1181,CP-AP-r001:S-P01-S08:GS11:p0008,9,0,0,0,0
1182,CP-AP-r001:S-P01-S08:GS11:p0009,8,0,0,0,0
1183,CP-AP-r001:S-P01-S08:GS11:p0010,8,0,0,0,0
1184,CP-AP-r001:S-P01-S08:GS11:p0011,10,0,0,0,0
1185,CP-AP-r001:S-P01-S08:GS11:p0012,8,0,0,0,0
1186,CP-AP-r001:S-P01-S08:GS11:p0013,8,0,0,0,0
1187,CP-AP-r001:S-P01-S08:GS12:p0002,9,0,0,0,0
1188,CP-AP-r001:S-P01-S08:GS12:p0003,7,0,0,0,0
1189,CP-AP-r001:S-P01-S08:GS12:p0004,8,0,0,0,0
1190,CP-AP-r001:S-P01-S08:GS12:p0005,8,0,0,0,0
1191,CP-AP-r001:S-P01-S08:GS12:p0006,8,0,0,0,0
1192,CP-AP-r001:S-P01-S08:GS12:p0007,10,0,0,0,0
1193,CP-AP-r001:S-P01-S08:GS12:p0008,9,0,0,0,0
1194,CP-AP-r001:S-P01-S08:GS12:p0009,8,0,0,0,0
1195,CP-AP-r001:S-P01-S08:GS12:p0010,7,0,0,0,0
1196,CP-AP-r001:S-P01-S08:GS12:p0011,8,0,0,0,0
1197,CP-AP-r001:S-P01-S08:GS12:p0012,10,0,0,0,0
1198,CP-AP-r001:S-P01-S08:GS12:p0013,10,0,0,0,0
1199,CP-AP-r001:S-P01-S08:GS12:p0014,9,0,0,0,0
1200,CP-AP-r001:S-P01-S08:GS12:p0015,8,0,0,0,0
1201,CP-AP-r001:S-P01-S09:GS01:p0001,6,0,0,0,0
1202,CP-AP-r001:S-P01-S09:GS01:p0002,6,0,0,0,0
1203,CP-AP-r001:S-P01-S09:GS01:p0003,8,0,0,0,0
1204,CP-AP-r001:S-P01-S09:GS01:p0004,7,0,0,0,0
1205,CP-AP-r001:S-P01-S09:GS01:p0005,5,0,0,0,0
1206,CP-AP-r001:S-P01-S09:GS01:p0006,5,0,0,0,0
1207,CP-AP-r001:S-P01-S09:GS01:p0007,9,0,0,0,0
1208,CP-AP-r001:S-P01-S09:GS01:p0008,7,0,0,0,0
1209,CP-AP-r001:S-P01-S09:GS01:p0009,7,0,0,0,0
1210,CP-AP-r001:S-P01-S09:GS01:p0010,6,0,0,0,0
1211,CP-AP-r001:S-P01-S09:GS01:p0011,6,0,0,0,0
1212,CP-AP-r001:S-P01-S09:GS01:p0012,8,0,0,0,0
1213,CP-AP-r001:S-P01-S09:GS02:p0001,6,0,0,0,0
1214,CP-AP-r001:S-P01-S09:GS02:p0002,6,0,0,0,0
1215,CP-AP-r001:S-P01-S09:GS02:p0003,6,0,0,0,0
1216,CP-AP-r001:S-P01-S09:GS02:p0004,10,0,0,0,0
1217,CP-AP-r001:S-P01-S09:GS02:p0005,6,0,0,0,0
1218,CP-AP-r001:S-P01-S09:GS02:p0006,6,0,0,0,0
1219,CP-AP-r001:S-P01-S09:GS02:p0007,7,0,0,0,0
1220,CP-AP-r001:S-P01-S09:GS02:p0008,8,0,0,0,0
1221,CP-AP-r001:S-P01-S09:GS02:p0009,6,0,0,0,0
1222,CP-AP-r001:S-P01-S09:GS02:p0010,6,0,0,0,0
1223,CP-AP-r001:S-P01-S09:GS02:p0011,8,0,0,0,0
1224,CP-AP-r001:S-P01-S09:GS02:p0012,2,0,0,0,0
1225,CP-AP-r001:S-P01-S09:GS03:p0001,6,0,0,0,0
1226,CP-AP-r001:S-P01-S09:GS03:p0002,8,0,0,0,0
1227,CP-AP-r001:S-P01-S09:GS03:p0003,6,0,0,0,0
1228,CP-AP-r001:S-P01-S09:GS03:p0004,8,0,0,0,0
1229,CP-AP-r001:S-P01-S09:GS03:p0005,6,0,0,0,0
1230,CP-AP-r001:S-P01-S09:GS03:p0006,7,0,0,0,0
1231,CP-AP-r001:S-P01-S09:GS03:p0007,6,0,0,0,0
1232,CP-AP-r001:S-P01-S09:GS03:p0008,8,0,0,0,0
1233,CP-AP-r001:S-P01-S09:GS03:p0009,6,0,0,0,0
1234,CP-AP-r001:S-P01-S09:GS03:p0010,6,0,0,0,0
1235,CP-AP-r001:S-P01-S09:GS03:p0011,5,0,0,0,0
1236,CP-AP-r001:S-P01-S09:GS03:p0012,8,0,0,0,0
1237,CP-AP-r001:S-P01-S09:GS03:p0013,2,0,0,0,0
1238,CP-AP-r001:S-P01-S09:GS04:p0001,6,0,0,0,0
1239,CP-AP-r001:S-P01-S09:GS04:p0002,6,0,0,0,0
1240,CP-AP-r001:S-P01-S09:GS04:p0003,8,0,0,0,0
1241,CP-AP-r001:S-P01-S09:GS04:p0004,5,0,0,0,0
1242,CP-AP-r001:S-P01-S09:GS04:p0005,7,0,0,0,0
1243,CP-AP-r001:S-P01-S09:GS04:p0006,6,0,0,0,0
1244,CP-AP-r001:S-P01-S09:GS04:p0007,8,0,0,0,0
1245,CP-AP-r001:S-P01-S09:GS04:p0008,5,0,0,0,0
1246,CP-AP-r001:S-P01-S09:GS04:p0009,6,0,0,0,0
1247,CP-AP-r001:S-P01-S09:GS04:p0010,6,0,0,0,0
1248,CP-AP-r001:S-P01-S09:GS04:p0011,8,0,0,0,0
1249,CP-AP-r001:S-P01-S09:GS04:p0012,2,0,0,0,0
1250,CP-AP-r001:S-P01-S09:GS05:p0002,4,0,0,0,0
1251,CP-AP-r001:S-P01-S09:GS05:p0003,8,0,0,0,0
1252,CP-AP-r001:S-P01-S09:GS05:p0004,7,0,0,0,0
1253,CP-AP-r001:S-P01-S09:GS05:p0005,7,0,0,0,0
1254,CP-AP-r001:S-P01-S09:GS05:p0006,6,0,0,0,0
1255,CP-AP-r001:S-P01-S09:GS05:p0007,7,0,0,0,0
1256,CP-AP-r001:S-P01-S09:GS05:p0008,9,0,0,0,0
1257,CP-AP-r001:S-P01-S09:GS05:p0009,7,0,0,0,0
1258,CP-AP-r001:S-P01-S09:GS05:p0010,6,0,0,0,0
1259,CP-AP-r001:S-P01-S09:GS05:p0011,6,0,0,0,0
1260,CP-AP-r001:S-P01-S09:GS05:p0012,8,0,0,0,0
1261,CP-AP-r001:S-P01-S09:GS05:p0013,3,0,0,0,0
1262,CP-AP-r001:S-P01-S09:GS06:p0002,6,0,0,0,0
1263,CP-AP-r001:S-P01-S09:GS06:p0003,7,0,0,0,0
1264,CP-AP-r001:S-P01-S09:GS06:p0004,8,0,0,0,0
1265,CP-AP-r001:S-P01-S09:GS06:p0005,6,0,0,0,0
1266,CP-AP-r001:S-P01-S09:GS06:p0006,6,0,0,0,0
1267,CP-AP-r001:S-P01-S09:GS06:p0007,8,0,0,0,0
1268,CP-AP-r001:S-P01-S09:GS06:p0008,6,0,0,0,0
1269,CP-AP-r001:S-P01-S09:GS06:p0009,6,0,0,0,0
1270,CP-AP-r001:S-P01-S09:GS06:p0010,8,0,0,0,0
1271,CP-AP-r001:S-P01-S09:GS06:p0011,7,0,0,0,0
1272,CP-AP-r001:S-P01-S09:GS06:p0012,6,0,0,0,0
1273,CP-AP-r001:S-P01-S09:GS06:p0013,2,0,0,0,0
1274,CP-AP-r001:S-P01-S09:GS07:p0001,7,0,0,0,0
1275,CP-AP-r001:S-P01-S09:GS07:p0002,7,0,0,0,0
1276,CP-AP-r001:S-P01-S09:GS07:p0003,10,0,0,0,0
1277,CP-AP-r001:S-P01-S09:GS07:p0004,10,0,0,0,0
1278,CP-AP-r001:S-P01-S09:GS07:p0005,7,0,0,0,0
1279,CP-AP-r001:S-P01-S09:GS07:p0006,7,0,0,0,0
1280,CP-AP-r001:S-P01-S09:GS07:p0007,10,0,0,0,0
1281,CP-AP-r001:S-P01-S09:GS07:p0008,8,0,0,0,0
1282,CP-AP-r001:S-P01-S09:GS07:p0009,7,0,0,0,0
1283,CP-AP-r001:S-P01-S09:GS07:p0010,8,0,0,0,0
1284,CP-AP-r001:S-P01-S09:GS07:p0011,8,0,0,0,0
1285,CP-AP-r001:S-P01-S09:GS07:p0012,8,0,0,0,0
1286,CP-AP-r001:S-P01-S09:GS07:p0013,6,0,0,0,0
1287,CP-AP-r001:S-P01-S09:GS08:p0001,8,0,0,0,0
1288,CP-AP-r001:S-P01-S09:GS08:p0002,10,0,0,0,0
1289,CP-AP-r001:S-P01-S09:GS08:p0003,7,0,0,0,0
1290,CP-AP-r001:S-P01-S09:GS08:p0004,8,0,0,0,0
1291,CP-AP-r001:S-P01-S09:GS08:p0005,8,0,0,0,0
1292,CP-AP-r001:S-P01-S09:GS08:p0006,8,0,0,0,0
1293,CP-AP-r001:S-P01-S09:GS08:p0007,10,0,0,0,0
1294,CP-AP-r001:S-P01-S09:GS08:p0008,9,0,0,0,0
1295,CP-AP-r001:S-P01-S09:GS08:p0009,10,0,0,0,0
1296,CP-AP-r001:S-P01-S09:GS08:p0010,7,0,0,0,0
1297,CP-AP-r001:S-P01-S09:GS08:p0011,8,0,0,0,0
1298,CP-AP-r001:S-P01-S09:GS08:p0012,10,0,0,0,0
1299,CP-AP-r001:S-P01-S09:GS08:p0013,10,0,0,0,0
1300,CP-AP-r001:S-P01-S09:GS08:p0014,3,0,0,0,0
1301,CP-AP-r001:S-P01-S09:GS09:p0002,8,0,0,0,0
1302,CP-AP-r001:S-P01-S09:GS09:p0003,10,0,0,0,0
1303,CP-AP-r001:S-P01-S09:GS09:p0004,9,0,0,0,0
1304,CP-AP-r001:S-P01-S09:GS09:p0005,8,0,0,0,0
1305,CP-AP-r001:S-P01-S09:GS09:p0006,8,0,0,0,0
1306,CP-AP-r001:S-P01-S09:GS09:p0007,10,0,0,0,0
1307,CP-AP-r001:S-P01-S09:GS09:p0008,6,0,0,0,0
1308,CP-AP-r001:S-P01-S09:GS09:p0009,8,0,0,0,0
1309,CP-AP-r001:S-P01-S09:GS09:p0010,8,0,0,0,0
1310,CP-AP-r001:S-P01-S09:GS09:p0011,10,0,0,0,0
1311,CP-AP-r001:S-P01-S09:GS09:p0012,6,0,0,0,0
1312,CP-AP-r001:S-P01-S09:GS09:p0013,8,0,0,0,0
1313,CP-AP-r001:S-P01-S09:GS09:p0014,10,0,0,0,0
1314,CP-AP-r001:S-P01-S09:GS09:p0015,4,0,0,0,0
1315,CP-AP-r001:S-P01-S09:GS10:p0002,7,0,0,0,0
1316,CP-AP-r001:S-P01-S09:GS10:p0003,8,0,0,0,0
1317,CP-AP-r001:S-P01-S09:GS10:p0004,8,0,0,0,0
1318,CP-AP-r001:S-P01-S09:GS10:p0005,8,0,0,0,0
1319,CP-AP-r001:S-P01-S09:GS10:p0006,8,0,0,0,0
1320,CP-AP-r001:S-P01-S09:GS10:p0007,8,0,0,0,0
1321,CP-AP-r001:S-P01-S09:GS10:p0008,8,0,0,0,0
1322,CP-AP-r001:S-P01-S09:GS10:p0009,6,0,0,0,0
1323,CP-AP-r001:S-P01-S09:GS10:p0010,8,0,0,0,0
1324,CP-AP-r001:S-P01-S09:GS10:p0011,9,0,0,0,0
1325,CP-AP-r001:S-P01-S09:GS10:p0012,8,0,0,0,0
1326,CP-AP-r001:S-P01-S09:GS10:p0013,8,0,0,0,0
1327,CP-AP-r001:S-P01-S09:GS10:p0014,7,0,0,0,0
1328,CP-AP-r001:S-P01-S09:GS10:p0015,4,0,0,0,0
1329,CP-AP-r001:S-P01-S09:GS11:p0002,7,0,0,0,0
1330,CP-AP-r001:S-P01-S09:GS11:p0003,10,0,0,0,0
1331,CP-AP-r001:S-P01-S09:GS11:p0004,8,0,0,0,0
1332,CP-AP-r001:S-P01-S09:GS11:p0005,7,0,0,0,0
1333,CP-AP-r001:S-P01-S09:GS11:p0006,8,0,0,0,0
1334,CP-AP-r001:S-P01-S09:GS11:p0007,8,0,0,0,0
1335,CP-AP-r001:S-P01-S09:GS11:p0008,8,0,0,0,0
1336,CP-AP-r001:S-P01-S09:GS11:p0009,9,0,0,0,0
1337,CP-AP-r001:S-P01-S09:GS11:p0010,8,0,0,0,0
1338,CP-AP-r001:S-P01-S09:GS11:p0011,8,0,0,0,0
1339,CP-AP-r001:S-P01-S09:GS11:p0012,8,0,0,0,0
1340,CP-AP-r001:S-P01-S09:GS11:p0013,9,0,0,0,0
1341,CP-AP-r001:S-P01-S09:GS11:p0014,3,0,0,0,0
1342,CP-AP-r001:S-P01-S09:GS12:p0002,10,0,0,0,0
1343,CP-AP-r001:S-P01-S09:GS12:p0003,8,0,0,0,0
1344,CP-AP-r001:S-P01-S09:GS12:p0004,10,0,0,0,0
1345,CP-AP-r001:S-P01-S09:GS12:p0005,7,0,0,0,0
1346,CP-AP-r001:S-P01-S09:GS12:p0006,9,0,0,0,0
1347,CP-AP-r001:S-P01-S09:GS12:p0007,10,0,0,0,0
1348,CP-AP-r001:S-P01-S09:GS12:p0008,10,0,0,0,0
1349,CP-AP-r001:S-P01-S09:GS12:p0009,7,0,0,0,0
1350,CP-AP-r001:S-P01-S09:GS12:p0010,7,0,0,0,0
1351,CP-AP-r001:S-P01-S09:GS12:p0011,10,0,0,0,0
1352,CP-AP-r001:S-P01-S09:GS12:p0012,9,0,0,0,0
1353,CP-AP-r001:S-P01-S09:GS12:p0013,7,0,0,0,0
1354,CP-AP-r001:S-P01-S09:GS12:p0014,3,0,0,0,0
1355,CP-AP-r001:S-P01-S10:GS01:p0001,7,0,0,0,0
1356,CP-AP-r001:S-P01-S10:GS01:p0002,7,0,0,0,0
1357,CP-AP-r001:S-P01-S10:GS01:p0003,8,0,0,0,0
1358,CP-AP-r001:S-P01-S10:GS01:p0004,7,0,0,0,0
1359,CP-AP-r001:S-P01-S10:GS01:p0005,6,0,0,0,0
1360,CP-AP-r001:S-P01-S10:GS01:p0006,6,0,0,0,0
1361,CP-AP-r001:S-P01-S10:GS01:p0007,10,0,0,0,0
1362,CP-AP-r001:S-P01-S10:GS01:p0008,6,0,0,0,0
1363,CP-AP-r001:S-P01-S10:GS01:p0009,5,0,0,0,0
1364,CP-AP-r001:S-P01-S10:GS01:p0010,7,0,0,0,0
1365,CP-AP-r001:S-P01-S10:GS01:p0011,7,0,0,0,0
1366,CP-AP-r001:S-P01-S10:GS01:p0012,8,0,0,0,0
1367,CP-AP-r001:S-P01-S10:GS02:p0001,7,0,0,0,0
1368,CP-AP-r001:S-P01-S10:GS02:p0002,7,0,0,0,0
1369,CP-AP-r001:S-P01-S10:GS02:p0003,7,0,0,0,0
1370,CP-AP-r001:S-P01-S10:GS02:p0004,10,0,0,0,0
1371,CP-AP-r001:S-P01-S10:GS02:p0005,7,0,0,0,0
1372,CP-AP-r001:S-P01-S10:GS02:p0006,7,0,0,0,0
1373,CP-AP-r001:S-P01-S10:GS02:p0007,8,0,0,0,0
1374,CP-AP-r001:S-P01-S10:GS02:p0008,8,0,0,0,0
1375,CP-AP-r001:S-P01-S10:GS02:p0009,7,0,0,0,0
1376,CP-AP-r001:S-P01-S10:GS02:p0010,7,0,0,0,0
1377,CP-AP-r001:S-P01-S10:GS02:p0011,8,0,0,0,0
1378,CP-AP-r001:S-P01-S10:GS02:p0012,7,0,0,0,0
1379,CP-AP-r001:S-P01-S10:GS02:p0013,3,0,0,0,0
1380,CP-AP-r001:S-P01-S10:GS03:p0001,6,0,0,0,0
1381,CP-AP-r001:S-P01-S10:GS03:p0002,8,0,0,0,0
1382,CP-AP-r001:S-P01-S10:GS03:p0003,7,0,0,0,0
1383,CP-AP-r001:S-P01-S10:GS03:p0004,8,0,0,0,0
1384,CP-AP-r001:S-P01-S10:GS03:p0005,7,0,0,0,0
1385,CP-AP-r001:S-P01-S10:GS03:p0006,8,0,0,0,0
1386,CP-AP-r001:S-P01-S10:GS03:p0007,7,0,0,0,0
1387,CP-AP-r001:S-P01-S10:GS03:p0008,8,0,0,0,0
1388,CP-AP-r001:S-P01-S10:GS03:p0009,7,0,0,0,0
1389,CP-AP-r001:S-P01-S10:GS03:p0010,7,0,0,0,0
1390,CP-AP-r001:S-P01-S10:GS03:p0011,6,0,0,0,0
1391,CP-AP-r001:S-P01-S10:GS03:p0012,8,0,0,0,0
1392,CP-AP-r001:S-P01-S10:GS03:p0013,3,0,0,0,0
1393,CP-AP-r001:S-P01-S10:GS04:p0001,7,0,0,0,0
1394,CP-AP-r001:S-P01-S10:GS04:p0002,7,0,0,0,0
1395,CP-AP-r001:S-P01-S10:GS04:p0003,8,0,0,0,0
1396,CP-AP-r001:S-P01-S10:GS04:p0004,6,0,0,0,0
1397,CP-AP-r001:S-P01-S10:GS04:p0005,7,0,0,0,0
1398,CP-AP-r001:S-P01-S10:GS04:p0006,7,0,0,0,0
1399,CP-AP-r001:S-P01-S10:GS04:p0007,8,0,0,0,0
1400,CP-AP-r001:S-P01-S10:GS04:p0008,6,0,0,0,0
1401,CP-AP-r001:S-P01-S10:GS04:p0009,6,0,0,0,0
1402,CP-AP-r001:S-P01-S10:GS04:p0010,7,0,0,0,0
1403,CP-AP-r001:S-P01-S10:GS04:p0011,8,0,0,0,0
1404,CP-AP-r001:S-P01-S10:GS04:p0012,3,0,0,0,0
1405,CP-AP-r001:S-P01-S10:GS05:p0002,5,0,0,0,0
1406,CP-AP-r001:S-P01-S10:GS05:p0003,9,0,0,0,0
1407,CP-AP-r001:S-P01-S10:GS05:p0004,6,0,0,0,0
1408,CP-AP-r001:S-P01-S10:GS05:p0005,6,0,0,0,0
1409,CP-AP-r001:S-P01-S10:GS05:p0006,7,0,0,0,0
1410,CP-AP-r001:S-P01-S10:GS05:p0007,7,0,0,0,0
1411,CP-AP-r001:S-P01-S10:GS05:p0008,8,0,0,0,0
1412,CP-AP-r001:S-P01-S10:GS05:p0009,5,0,0,0,0
1413,CP-AP-r001:S-P01-S10:GS05:p0010,7,0,0,0,0
1414,CP-AP-r001:S-P01-S10:GS05:p0011,7,0,0,0,0
1415,CP-AP-r001:S-P01-S10:GS05:p0012,8,0,0,0,0
1416,CP-AP-r001:S-P01-S10:GS05:p0013,4,0,0,0,0
1417,CP-AP-r001:S-P01-S10:GS06:p0002,7,0,0,0,0
1418,CP-AP-r001:S-P01-S10:GS06:p0003,8,0,0,0,0
1419,CP-AP-r001:S-P01-S10:GS06:p0004,8,0,0,0,0
1420,CP-AP-r001:S-P01-S10:GS06:p0005,7,0,0,0,0
1421,CP-AP-r001:S-P01-S10:GS06:p0006,7,0,0,0,0
1422,CP-AP-r001:S-P01-S10:GS06:p0007,8,0,0,0,0
1423,CP-AP-r001:S-P01-S10:GS06:p0008,7,0,0,0,0
1424,CP-AP-r001:S-P01-S10:GS06:p0009,7,0,0,0,0
1425,CP-AP-r001:S-P01-S10:GS06:p0010,8,0,0,0,0
1426,CP-AP-r001:S-P01-S10:GS06:p0011,7,0,0,0,0
1427,CP-AP-r001:S-P01-S10:GS06:p0012,7,0,0,0,0
1428,CP-AP-r001:S-P01-S10:GS06:p0013,3,0,0,0,0
1429,CP-AP-r001:S-P01-S10:GS07:p0001,8,0,0,0,0
1430,CP-AP-r001:S-P01-S10:GS07:p0002,9,0,0,0,0
1431,CP-AP-r001:S-P01-S10:GS07:p0003,10,0,0,0,0
1432,CP-AP-r001:S-P01-S10:GS07:p0004,8,0,0,0,0
1433,CP-AP-r001:S-P01-S10:GS07:p0005,8,0,0,0,0
1434,CP-AP-r001:S-P01-S10:GS07:p0006,8,0,0,0,0
1435,CP-AP-r001:S-P01-S10:GS07:p0007,10,0,0,0,0
1436,CP-AP-r001:S-P01-S10:GS07:p0008,8,0,0,0,0
1437,CP-AP-r001:S-P01-S10:GS07:p0009,8,0,0,0,0
1438,CP-AP-r001:S-P01-S10:GS07:p0010,8,0,0,0,0
1439,CP-AP-r001:S-P01-S10:GS07:p0011,9,0,0,0,0
1440,CP-AP-r001:S-P01-S10:GS07:p0012,8,0,0,0,0
1441,CP-AP-r001:S-P01-S10:GS07:p0013,7,0,0,0,0
1442,CP-AP-r001:S-P01-S10:GS08:p0001,8,0,0,0,0
1443,CP-AP-r001:S-P01-S10:GS08:p0002,10,0,0,0,0
1444,CP-AP-r001:S-P01-S10:GS08:p0003,8,0,0,0,0
1445,CP-AP-r001:S-P01-S10:GS08:p0004,7,0,0,0,0
1446,CP-AP-r001:S-P01-S10:GS08:p0005,8,0,0,0,0
1447,CP-AP-r001:S-P01-S10:GS08:p0006,11,0,0,0,0
1448,CP-AP-r001:S-P01-S10:GS08:p0007,10,0,0,0,0
1449,CP-AP-r001:S-P01-S10:GS08:p0008,9,0,0,0,0
1450,CP-AP-r001:S-P01-S10:GS08:p0009,8,0,0,0,0
1451,CP-AP-r001:S-P01-S10:GS08:p0010,9,0,0,0,0
1452,CP-AP-r001:S-P01-S10:GS08:p0011,10,0,0,0,0
1453,CP-AP-r001:S-P01-S10:GS08:p0012,9,0,0,0,0
1454,CP-AP-r001:S-P01-S10:GS08:p0013,4,0,0,0,0
1455,CP-AP-r001:S-P01-S10:GS09:p0002,8,0,0,0,0
1456,CP-AP-r001:S-P01-S10:GS09:p0003,8,0,0,0,0
1457,CP-AP-r001:S-P01-S10:GS09:p0004,8,0,0,0,0
1458,CP-AP-r001:S-P01-S10:GS09:p0005,8,0,0,0,0
1459,CP-AP-r001:S-P01-S10:GS09:p0006,8,0,0,0,0
1460,CP-AP-r001:S-P01-S10:GS09:p0007,9,0,0,0,0
1461,CP-AP-r001:S-P01-S10:GS09:p0008,6,0,0,0,0
1462,CP-AP-r001:S-P01-S10:GS09:p0009,8,0,0,0,0
1463,CP-AP-r001:S-P01-S10:GS09:p0010,9,0,0,0,0
1464,CP-AP-r001:S-P01-S10:GS09:p0011,8,0,0,0,0
1465,CP-AP-r001:S-P01-S10:GS09:p0012,10,0,0,0,0
1466,CP-AP-r001:S-P01-S10:GS09:p0013,7,0,0,0,0
1467,CP-AP-r001:S-P01-S10:GS09:p0014,8,0,0,0,0
1468,CP-AP-r001:S-P01-S10:GS09:p0015,8,0,0,0,0
1469,CP-AP-r001:S-P01-S10:GS09:p0016,4,0,0,0,0
1470,CP-AP-r001:S-P01-S10:GS10:p0002,7,0,0,0,0
1471,CP-AP-r001:S-P01-S10:GS10:p0003,9,0,0,0,0
1472,CP-AP-r001:S-P01-S10:GS10:p0004,8,0,0,0,0
1473,CP-AP-r001:S-P01-S10:GS10:p0005,8,0,0,0,0
1474,CP-AP-r001:S-P01-S10:GS10:p0006,7,0,0,0,0
1475,CP-AP-r001:S-P01-S10:GS10:p0007,8,0,0,0,0
1476,CP-AP-r001:S-P01-S10:GS10:p0008,8,0,0,0,0
1477,CP-AP-r001:S-P01-S10:GS10:p0009,6,0,0,0,0
1478,CP-AP-r001:S-P01-S10:GS10:p0010,7,0,0,0,0
1479,CP-AP-r001:S-P01-S10:GS10:p0011,7,0,0,0,0
1480,CP-AP-r001:S-P01-S10:GS10:p0012,8,0,0,0,0
1481,CP-AP-r001:S-P01-S10:GS10:p0013,8,0,0,0,0
1482,CP-AP-r001:S-P01-S10:GS10:p0014,7,0,0,0,0
1483,CP-AP-r001:S-P01-S10:GS10:p0015,4,0,0,0,0
1484,CP-AP-r001:S-P01-S10:GS11:p0002,8,0,0,0,0
1485,CP-AP-r001:S-P01-S10:GS11:p0003,10,0,0,0,0
1486,CP-AP-r001:S-P01-S10:GS11:p0004,8,0,0,0,0
1487,CP-AP-r001:S-P01-S10:GS11:p0005,8,0,0,0,0
1488,CP-AP-r001:S-P01-S10:GS11:p0006,8,0,0,0,0
1489,CP-AP-r001:S-P01-S10:GS11:p0007,8,0,0,0,0
1490,CP-AP-r001:S-P01-S10:GS11:p0008,8,0,0,0,0
1491,CP-AP-r001:S-P01-S10:GS11:p0009,9,0,0,0,0
1492,CP-AP-r001:S-P01-S10:GS11:p0010,9,0,0,0,0
1493,CP-AP-r001:S-P01-S10:GS11:p0011,9,0,0,0,0
1494,CP-AP-r001:S-P01-S10:GS11:p0012,8,0,0,0,0
1495,CP-AP-r001:S-P01-S10:GS11:p0013,9,0,0,0,0
1496,CP-AP-r001:S-P01-S10:GS11:p0014,4,0,0,0,0
1497,CP-AP-r001:S-P01-S10:GS12:p0002,10,0,0,0,0
1498,CP-AP-r001:S-P01-S10:GS12:p0003,9,0,0,0,0
1499,CP-AP-r001:S-P01-S10:GS12:p0004,9,0,0,0,0
1500,CP-AP-r001:S-P01-S10:GS12:p0005,8,0,0,0,0
1501,CP-AP-r001:S-P01-S10:GS12:p0006,10,0,0,0,0
1502,CP-AP-r001:S-P01-S10:GS12:p0007,10,0,0,0,0
1503,CP-AP-r001:S-P01-S10:GS12:p0008,9,0,0,0,0
1504,CP-AP-r001:S-P01-S10:GS12:p0009,8,0,0,0,0
1505,CP-AP-r001:S-P01-S10:GS12:p0010,8,0,0,0,0
1506,CP-AP-r001:S-P01-S10:GS12:p0011,10,0,0,0,0
1507,CP-AP-r001:S-P01-S10:GS12:p0012,8,0,0,0,0
1508,CP-AP-r001:S-P01-S10:GS12:p0013,8,0,0,0,0
1509,CP-AP-r001:S-P01-S10:GS12:p0014,4,0,0,0,0
1510,CP-AP-r001:S-P01-S11:GS01:p0001,7,0,0,0,0
1511,CP-AP-r001:S-P01-S11:GS01:p0002,6,0,0,0,0
1512,CP-AP-r001:S-P01-S11:GS01:p0003,6,0,0,0,0
1513,CP-AP-r001:S-P01-S11:GS01:p0004,8,0,0,0,0
1514,CP-AP-r001:S-P01-S11:GS01:p0005,7,0,0,0,0
1515,CP-AP-r001:S-P01-S11:GS01:p0006,6,0,0,0,0
1516,CP-AP-r001:S-P01-S11:GS01:p0007,6,0,0,0,0
1517,CP-AP-r001:S-P01-S11:GS01:p0008,8,0,0,0,0
1518,CP-AP-r001:S-P01-S11:GS01:p0009,6,0,0,0,0
1519,CP-AP-r001:S-P01-S11:GS01:p0010,6,0,0,0,0
1520,CP-AP-r001:S-P01-S11:GS01:p0011,6,0,0,0,0
1521,CP-AP-r001:S-P01-S11:GS01:p0012,8,0,0,0,0
1522,CP-AP-r001:S-P01-S11:GS02:p0001,6,0,0,0,0
1523,CP-AP-r001:S-P01-S11:GS02:p0002,6,0,0,0,0
1524,CP-AP-r001:S-P01-S11:GS02:p0003,8,0,0,0,0
1525,CP-AP-r001:S-P01-S11:GS02:p0004,6,0,0,0,0
1526,CP-AP-r001:S-P01-S11:GS02:p0005,6,0,0,0,0
1527,CP-AP-r001:S-P01-S11:GS02:p0006,8,0,0,0,0
1528,CP-AP-r001:S-P01-S11:GS02:p0007,7,0,0,0,0
1529,CP-AP-r001:S-P01-S11:GS02:p0008,7,0,0,0,0
1530,CP-AP-r001:S-P01-S11:GS02:p0009,5,0,0,0,0
1531,CP-AP-r001:S-P01-S11:GS02:p0010,9,0,0,0,0
1532,CP-AP-r001:S-P01-S11:GS02:p0011,8,0,0,0,0
1533,CP-AP-r001:S-P01-S11:GS02:p0012,7,0,0,0,0
1534,CP-AP-r001:S-P01-S11:GS03:p0001,6,0,0,0,0
1535,CP-AP-r001:S-P01-S11:GS03:p0002,6,0,0,0,0
1536,CP-AP-r001:S-P01-S11:GS03:p0003,5,0,0,0,0
1537,CP-AP-r001:S-P01-S11:GS03:p0004,8,0,0,0,0
1538,CP-AP-r001:S-P01-S11:GS03:p0005,6,0,0,0,0
1539,CP-AP-r001:S-P01-S11:GS03:p0006,6,0,0,0,0
1540,CP-AP-r001:S-P01-S11:GS03:p0007,6,0,0,0,0
1541,CP-AP-r001:S-P01-S11:GS03:p0008,9,0,0,0,0
1542,CP-AP-r001:S-P01-S11:GS03:p0009,6,0,0,0,0
1543,CP-AP-r001:S-P01-S11:GS03:p0010,6,0,0,0,0
1544,CP-AP-r001:S-P01-S11:GS03:p0011,7,0,0,0,0
1545,CP-AP-r001:S-P01-S11:GS03:p0012,8,0,0,0,0
1546,CP-AP-r001:S-P01-S11:GS03:p0013,6,0,0,0,0
1547,CP-AP-r001:S-P01-S11:GS04:p0001,4,0,0,0,0
1548,CP-AP-r001:S-P01-S11:GS04:p0002,6,0,0,0,0
1549,CP-AP-r001:S-P01-S11:GS04:p0003,6,0,0,0,0
1550,CP-AP-r001:S-P01-S11:GS04:p0004,8,0,0,0,0
1551,CP-AP-r001:S-P01-S11:GS04:p0005,6,0,0,0,0
1552,CP-AP-r001:S-P01-S11:GS04:p0006,8,0,0,0,0
1553,CP-AP-r001:S-P01-S11:GS04:p0007,6,0,0,0,0
1554,CP-AP-r001:S-P01-S11:GS04:p0008,8,0,0,0,0
1555,CP-AP-r001:S-P01-S11:GS04:p0009,6,0,0,0,0
1556,CP-AP-r001:S-P01-S11:GS04:p0010,7,0,0,0,0
1557,CP-AP-r001:S-P01-S11:GS04:p0011,6,0,0,0,0
1558,CP-AP-r001:S-P01-S11:GS04:p0012,8,0,0,0,0
1559,CP-AP-r001:S-P01-S11:GS04:p0013,6,0,0,0,0
1560,CP-AP-r001:S-P01-S11:GS05:p0002,6,0,0,0,0
1561,CP-AP-r001:S-P01-S11:GS05:p0003,6,0,0,0,0
1562,CP-AP-r001:S-P01-S11:GS05:p0004,8,0,0,0,0
1563,CP-AP-r001:S-P01-S11:GS05:p0005,6,0,0,0,0
1564,CP-AP-r001:S-P01-S11:GS05:p0006,6,0,0,0,0
1565,CP-AP-r001:S-P01-S11:GS05:p0007,8,0,0,0,0
1566,CP-AP-r001:S-P01-S11:GS05:p0008,4,0,0,0,0
1567,CP-AP-r001:S-P01-S11:GS05:p0009,7,0,0,0,0
1568,CP-AP-r001:S-P01-S11:GS05:p0010,6,0,0,0,0
1569,CP-AP-r001:S-P01-S11:GS05:p0011,8,0,0,0,0
1570,CP-AP-r001:S-P01-S11:GS05:p0012,6,0,0,0,0
1571,CP-AP-r001:S-P01-S11:GS06:p0002,6,0,0,0,0
1572,CP-AP-r001:S-P01-S11:GS06:p0003,8,0,0,0,0
1573,CP-AP-r001:S-P01-S11:GS06:p0004,7,0,0,0,0
1574,CP-AP-r001:S-P01-S11:GS06:p0005,6,0,0,0,0
1575,CP-AP-r001:S-P01-S11:GS06:p0006,5,0,0,0,0
1576,CP-AP-r001:S-P01-S11:GS06:p0007,9,0,0,0,0
1577,CP-AP-r001:S-P01-S11:GS06:p0008,7,0,0,0,0
1578,CP-AP-r001:S-P01-S11:GS06:p0009,7,0,0,0,0
1579,CP-AP-r001:S-P01-S11:GS06:p0010,6,0,0,0,0
1580,CP-AP-r001:S-P01-S11:GS06:p0011,6,0,0,0,0
1581,CP-AP-r001:S-P01-S11:GS06:p0012,8,0,0,0,0
1582,CP-AP-r001:S-P01-S11:GS06:p0013,7,0,0,0,0
1583,CP-AP-r001:S-P01-S11:GS06:p0014,6,0,0,0,0
1584,CP-AP-r001:S-P01-S11:GS07:p0001,7,0,0,0,0
1585,CP-AP-r001:S-P01-S11:GS07:p0002,8,0,0,0,0
1586,CP-AP-r001:S-P01-S11:GS07:p0003,8,0,0,0,0
1587,CP-AP-r001:S-P01-S11:GS07:p0004,8,0,0,0,0
1588,CP-AP-r001:S-P01-S11:GS07:p0005,9,0,0,0,0
1589,CP-AP-r001:S-P01-S11:GS07:p0006,9,0,0,0,0
1590,CP-AP-r001:S-P01-S11:GS07:p0007,8,0,0,0,0
1591,CP-AP-r001:S-P01-S11:GS07:p0008,8,0,0,0,0
1592,CP-AP-r001:S-P01-S11:GS07:p0009,9,0,0,0,0
1593,CP-AP-r001:S-P01-S11:GS07:p0010,7,0,0,0,0
1594,CP-AP-r001:S-P01-S11:GS07:p0011,8,0,0,0,0
1595,CP-AP-r001:S-P01-S11:GS07:p0012,8,0,0,0,0
1596,CP-AP-r001:S-P01-S11:GS07:p0013,6,0,0,0,0
1597,CP-AP-r001:S-P01-S11:GS08:p0001,7,0,0,0,0
1598,CP-AP-r001:S-P01-S11:GS08:p0002,8,0,0,0,0
1599,CP-AP-r001:S-P01-S11:GS08:p0003,10,0,0,0,0
1600,CP-AP-r001:S-P01-S11:GS08:p0004,10,0,0,0,0
1601,CP-AP-r001:S-P01-S11:GS08:p0005,7,0,0,0,0
1602,CP-AP-r001:S-P01-S11:GS08:p0006,7,0,0,0,0
1603,CP-AP-r001:S-P01-S11:GS08:p0007,10,0,0,0,0
1604,CP-AP-r001:S-P01-S11:GS08:p0008,9,0,0,0,0
1605,CP-AP-r001:S-P01-S11:GS08:p0009,7,0,0,0,0
1606,CP-AP-r001:S-P01-S11:GS08:p0010,7,0,0,0,0
1607,CP-AP-r001:S-P01-S11:GS08:p0011,9,0,0,0,0
1608,CP-AP-r001:S-P01-S11:GS08:p0012,8,0,0,0,0
1609,CP-AP-r001:S-P01-S11:GS08:p0013,8,0,0,0,0
1610,CP-AP-r001:S-P01-S11:GS09:p0001,8,0,0,0,0
1611,CP-AP-r001:S-P01-S11:GS09:p0002,10,0,0,0,0
1612,CP-AP-r001:S-P01-S11:GS09:p0003,6,0,0,0,0
1613,CP-AP-r001:S-P01-S11:GS09:p0004,8,0,0,0,0
1614,CP-AP-r001:S-P01-S11:GS09:p0005,10,0,0,0,0
1615,CP-AP-r001:S-P01-S11:GS09:p0006,8,0,0,0,0
1616,CP-AP-r001:S-P01-S11:GS09:p0007,10,0,0,0,0
1617,CP-AP-r001:S-P01-S11:GS09:p0008,8,0,0,0,0
1618,CP-AP-r001:S-P01-S11:GS09:p0009,9,0,0,0,0
1619,CP-AP-r001:S-P01-S11:GS09:p0010,7,0,0,0,0
1620,CP-AP-r001:S-P01-S11:GS09:p0011,11,0,0,0,0
1621,CP-AP-r001:S-P01-S11:GS09:p0012,10,0,0,0,0
1622,CP-AP-r001:S-P01-S11:GS09:p0013,10,0,0,0,0
1623,CP-AP-r001:S-P01-S11:GS09:p0014,7,0,0,0,0
1624,CP-AP-r001:S-P01-S11:GS10:p0002,8,0,0,0,0
1625,CP-AP-r001:S-P01-S11:GS10:p0003,9,0,0,0,0
1626,CP-AP-r001:S-P01-S11:GS10:p0004,8,0,0,0,0
1627,CP-AP-r001:S-P01-S11:GS10:p0005,8,0,0,0,0
1628,CP-AP-r001:S-P01-S11:GS10:p0006,7,0,0,0,0
1629,CP-AP-r001:S-P01-S11:GS10:p0007,8,0,0,0,0
1630,CP-AP-r001:S-P01-S11:GS10:p0008,10,0,0,0,0
1631,CP-AP-r001:S-P01-S11:GS10:p0009,9,0,0,0,0
1632,CP-AP-r001:S-P01-S11:GS10:p0010,8,0,0,0,0
1633,CP-AP-r001:S-P01-S11:GS10:p0011,8,0,0,0,0
1634,CP-AP-r001:S-P01-S11:GS10:p0012,10,0,0,0,0
1635,CP-AP-r001:S-P01-S11:GS10:p0013,6,0,0,0,0
1636,CP-AP-r001:S-P01-S11:GS10:p0014,8,0,0,0,0
1637,CP-AP-r001:S-P01-S11:GS10:p0015,10,0,0,0,0
1638,CP-AP-r001:S-P01-S11:GS10:p0016,8,0,0,0,0
1639,CP-AP-r001:S-P01-S11:GS11:p0002,8,0,0,0,0
1640,CP-AP-r001:S-P01-S11:GS11:p0003,8,0,0,0,0
1641,CP-AP-r001:S-P01-S11:GS11:p0004,8,0,0,0,0
1642,CP-AP-r001:S-P01-S11:GS11:p0005,9,0,0,0,0
1643,CP-AP-r001:S-P01-S11:GS11:p0006,7,0,0,0,0
1644,CP-AP-r001:S-P01-S11:GS11:p0007,8,0,0,0,0
1645,CP-AP-r001:S-P01-S11:GS11:p0008,8,0,0,0,0
1646,CP-AP-r001:S-P01-S11:GS11:p0009,8,0,0,0,0
1647,CP-AP-r001:S-P01-S11:GS11:p0010,8,0,0,0,0
1648,CP-AP-r001:S-P01-S11:GS11:p0011,9,0,0,0,0
1649,CP-AP-r001:S-P01-S11:GS11:p0012,8,0,0,0,0
1650,CP-AP-r001:S-P01-S11:GS11:p0013,6,0,0,0,0
1651,CP-AP-r001:S-P01-S11:GS11:p0014,8,0,0,0,0
1652,CP-AP-r001:S-P01-S11:GS12:p0002,7,0,0,0,0
1653,CP-AP-r001:S-P01-S11:GS12:p0003,10,0,0,0,0
1654,CP-AP-r001:S-P01-S11:GS12:p0004,10,0,0,0,0
1655,CP-AP-r001:S-P01-S11:GS12:p0005,7,0,0,0,0
1656,CP-AP-r001:S-P01-S11:GS12:p0006,7,0,0,0,0
1657,CP-AP-r001:S-P01-S11:GS12:p0007,10,0,0,0,0
1658,CP-AP-r001:S-P01-S11:GS12:p0008,8,0,0,0,0
1659,CP-AP-r001:S-P01-S11:GS12:p0009,7,0,0,0,0
1660,CP-AP-r001:S-P01-S11:GS12:p0010,8,0,0,0,0
1661,CP-AP-r001:S-P01-S11:GS12:p0011,9,0,0,0,0
1662,CP-AP-r001:S-P01-S11:GS12:p0012,8,0,0,0,0
1663,CP-AP-r001:S-P01-S11:GS12:p0013,9,0,0,0,0
1664,CP-AP-r001:S-P01-S11:GS12:p0014,9,0,0,0,0
1665,CP-AP-r001:S-P01-S12:GS01:p0001,5,0,0,0,0
1666,CP-AP-r001:S-P01-S12:GS01:p0002,7,0,0,0,0
1667,CP-AP-r001:S-P01-S12:GS01:p0003,7,0,0,0,0
1668,CP-AP-r001:S-P01-S12:GS01:p0004,8,0,0,0,0
1669,CP-AP-r001:S-P01-S12:GS01:p0005,7,0,0,0,0
1670,CP-AP-r001:S-P01-S12:GS01:p0006,7,0,0,0,0
1671,CP-AP-r001:S-P01-S12:GS01:p0007,8,0,0,0,0
1672,CP-AP-r001:S-P01-S12:GS01:p0008,7,0,0,0,0
1673,CP-AP-r001:S-P01-S12:GS01:p0009,7,0,0,0,0
1674,CP-AP-r001:S-P01-S12:GS01:p0010,7,0,0,0,0
1675,CP-AP-r001:S-P01-S12:GS01:p0011,8,0,0,0,0
1676,CP-AP-r001:S-P01-S12:GS02:p0001,7,0,0,0,0
1677,CP-AP-r001:S-P01-S12:GS02:p0002,7,0,0,0,0
1678,CP-AP-r001:S-P01-S12:GS02:p0003,8,0,0,0,0
1679,CP-AP-r001:S-P01-S12:GS02:p0004,7,0,0,0,0
1680,CP-AP-r001:S-P01-S12:GS02:p0005,7,0,0,0,0
1681,CP-AP-r001:S-P01-S12:GS02:p0006,8,0,0,0,0
1682,CP-AP-r001:S-P01-S12:GS02:p0007,6,0,0,0,0
1683,CP-AP-r001:S-P01-S12:GS02:p0008,7,0,0,0,0
1684,CP-AP-r001:S-P01-S12:GS02:p0009,7,0,0,0,0
1685,CP-AP-r001:S-P01-S12:GS02:p0010,10,0,0,0,0
1686,CP-AP-r001:S-P01-S12:GS02:p0011,7,0,0,0,0
1687,CP-AP-r001:S-P01-S12:GS02:p0012,5,0,0,0,0
1688,CP-AP-r001:S-P01-S12:GS03:p0001,7,0,0,0,0
1689,CP-AP-r001:S-P01-S12:GS03:p0002,7,0,0,0,0
1690,CP-AP-r001:S-P01-S12:GS03:p0003,6,0,0,0,0
1691,CP-AP-r001:S-P01-S12:GS03:p0004,8,0,0,0,0
1692,CP-AP-r001:S-P01-S12:GS03:p0005,7,0,0,0,0
1693,CP-AP-r001:S-P01-S12:GS03:p0006,7,0,0,0,0
1694,CP-AP-r001:S-P01-S12:GS03:p0007,8,0,0,0,0
1695,CP-AP-r001:S-P01-S12:GS03:p0008,9,0,0,0,0
1696,CP-AP-r001:S-P01-S12:GS03:p0009,7,0,0,0,0
1697,CP-AP-r001:S-P01-S12:GS03:p0010,7,0,0,0,0
1698,CP-AP-r001:S-P01-S12:GS03:p0011,8,0,0,0,0
1699,CP-AP-r001:S-P01-S12:GS03:p0012,7,0,0,0,0
1700,CP-AP-r001:S-P01-S12:GS04:p0001,5,0,0,0,0
1701,CP-AP-r001:S-P01-S12:GS04:p0002,6,0,0,0,0
1702,CP-AP-r001:S-P01-S12:GS04:p0003,7,0,0,0,0
1703,CP-AP-r001:S-P01-S12:GS04:p0004,8,0,0,0,0
1704,CP-AP-r001:S-P01-S12:GS04:p0005,6,0,0,0,0
1705,CP-AP-r001:S-P01-S12:GS04:p0006,8,0,0,0,0
1706,CP-AP-r001:S-P01-S12:GS04:p0007,7,0,0,0,0
1707,CP-AP-r001:S-P01-S12:GS04:p0008,8,0,0,0,0
1708,CP-AP-r001:S-P01-S12:GS04:p0009,7,0,0,0,0
1709,CP-AP-r001:S-P01-S12:GS04:p0010,7,0,0,0,0
1710,CP-AP-r001:S-P01-S12:GS04:p0011,7,0,0,0,0
1711,CP-AP-r001:S-P01-S12:GS04:p0012,8,0,0,0,0
1712,CP-AP-r001:S-P01-S12:GS04:p0013,7,0,0,0,0
1713,CP-AP-r001:S-P01-S12:GS05:p0002,7,0,0,0,0
1714,CP-AP-r001:S-P01-S12:GS05:p0003,7,0,0,0,0
1715,CP-AP-r001:S-P01-S12:GS05:p0004,8,0,0,0,0
1716,CP-AP-r001:S-P01-S12:GS05:p0005,7,0,0,0,0
1717,CP-AP-r001:S-P01-S12:GS05:p0006,7,0,0,0,0
1718,CP-AP-r001:S-P01-S12:GS05:p0007,8,0,0,0,0
1719,CP-AP-r001:S-P01-S12:GS05:p0008,5,0,0,0,0
1720,CP-AP-r001:S-P01-S12:GS05:p0009,7,0,0,0,0
1721,CP-AP-r001:S-P01-S12:GS05:p0010,7,0,0,0,0
1722,CP-AP-r001:S-P01-S12:GS05:p0011,8,0,0,0,0
1723,CP-AP-r001:S-P01-S12:GS05:p0012,6,0,0,0,0
1724,CP-AP-r001:S-P01-S12:GS06:p0002,7,0,0,0,0
1725,CP-AP-r001:S-P01-S12:GS06:p0003,8,0,0,0,0
1726,CP-AP-r001:S-P01-S12:GS06:p0004,7,0,0,0,0
1727,CP-AP-r001:S-P01-S12:GS06:p0005,7,0,0,0,0
1728,CP-AP-r001:S-P01-S12:GS06:p0006,6,0,0,0,0
1729,CP-AP-r001:S-P01-S12:GS06:p0007,10,0,0,0,0
1730,CP-AP-r001:S-P01-S12:GS06:p0008,6,0,0,0,0
1731,CP-AP-r001:S-P01-S12:GS06:p0009,5,0,0,0,0
1732,CP-AP-r001:S-P01-S12:GS06:p0010,7,0,0,0,0
1733,CP-AP-r001:S-P01-S12:GS06:p0011,7,0,0,0,0
1734,CP-AP-r001:S-P01-S12:GS06:p0012,8,0,0,0,0
1735,CP-AP-r001:S-P01-S12:GS06:p0013,7,0,0,0,0
1736,CP-AP-r001:S-P01-S12:GS07:p0001,8,0,0,0,0
1737,CP-AP-r001:S-P01-S12:GS07:p0002,8,0,0,0,0
1738,CP-AP-r001:S-P01-S12:GS07:p0003,8,0,0,0,0
1739,CP-AP-r001:S-P01-S12:GS07:p0004,8,0,0,0,0
1740,CP-AP-r001:S-P01-S12:GS07:p0005,9,0,0,0,0
1741,CP-AP-r001:S-P01-S12:GS07:p0006,9,0,0,0,0
1742,CP-AP-r001:S-P01-S12:GS07:p0007,9,0,0,0,0
1743,CP-AP-r001:S-P01-S12:GS07:p0008,8,0,0,0,0
1744,CP-AP-r001:S-P01-S12:GS07:p0009,9,0,0,0,0
1745,CP-AP-r001:S-P01-S12:GS07:p0010,7,0,0,0,0
1746,CP-AP-r001:S-P01-S12:GS07:p0011,8,0,0,0,0
1747,CP-AP-r001:S-P01-S12:GS07:p0012,8,0,0,0,0
1748,CP-AP-r001:S-P01-S12:GS07:p0013,6,0,0,0,0
1749,CP-AP-r001:S-P01-S12:GS08:p0001,8,0,0,0,0
1750,CP-AP-r001:S-P01-S12:GS08:p0002,9,0,0,0,0
1751,CP-AP-r001:S-P01-S12:GS08:p0003,10,0,0,0,0
1752,CP-AP-r001:S-P01-S12:GS08:p0004,9,0,0,0,0
1753,CP-AP-r001:S-P01-S12:GS08:p0005,8,0,0,0,0
1754,CP-AP-r001:S-P01-S12:GS08:p0006,8,0,0,0,0
1755,CP-AP-r001:S-P01-S12:GS08:p0007,10,0,0,0,0
1756,CP-AP-r001:S-P01-S12:GS08:p0008,8,0,0,0,0
1757,CP-AP-r001:S-P01-S12:GS08:p0009,8,0,0,0,0
1758,CP-AP-r001:S-P01-S12:GS08:p0010,8,0,0,0,0
1759,CP-AP-r001:S-P01-S12:GS08:p0011,9,0,0,0,0
1760,CP-AP-r001:S-P01-S12:GS08:p0012,8,0,0,0,0
1761,CP-AP-r001:S-P01-S12:GS08:p0013,9,0,0,0,0
1762,CP-AP-r001:S-P01-S12:GS09:p0001,8,0,0,0,0
1763,CP-AP-r001:S-P01-S12:GS09:p0002,10,0,0,0,0
1764,CP-AP-r001:S-P01-S12:GS09:p0003,7,0,0,0,0
1765,CP-AP-r001:S-P01-S12:GS09:p0004,8,0,0,0,0
1766,CP-AP-r001:S-P01-S12:GS09:p0005,8,0,0,0,0
1767,CP-AP-r001:S-P01-S12:GS09:p0006,8,0,0,0,0
1768,CP-AP-r001:S-P01-S12:GS09:p0007,10,0,0,0,0
1769,CP-AP-r001:S-P01-S12:GS09:p0008,8,0,0,0,0
1770,CP-AP-r001:S-P01-S12:GS09:p0009,8,0,0,0,0
1771,CP-AP-r001:S-P01-S12:GS09:p0010,8,0,0,0,0
1772,CP-AP-r001:S-P01-S12:GS09:p0011,11,0,0,0,0
1773,CP-AP-r001:S-P01-S12:GS09:p0012,10,0,0,0,0
1774,CP-AP-r001:S-P01-S12:GS09:p0013,9,0,0,0,0
1775,CP-AP-r001:S-P01-S12:GS09:p0014,8,0,0,0,0
1776,CP-AP-r001:S-P01-S12:GS10:p0002,7,0,0,0,0
1777,CP-AP-r001:S-P01-S12:GS10:p0003,7,0,0,0,0
1778,CP-AP-r001:S-P01-S12:GS10:p0004,8,0,0,0,0
1779,CP-AP-r001:S-P01-S12:GS10:p0005,8,0,0,0,0
1780,CP-AP-r001:S-P01-S12:GS10:p0006,6,0,0,0,0
1781,CP-AP-r001:S-P01-S12:GS10:p0007,8,0,0,0,0
1782,CP-AP-r001:S-P01-S12:GS10:p0008,8,0,0,0,0
1783,CP-AP-r001:S-P01-S12:GS10:p0009,8,0,0,0,0
1784,CP-AP-r001:S-P01-S12:GS10:p0010,8,0,0,0,0
1785,CP-AP-r001:S-P01-S12:GS10:p0011,8,0,0,0,0
1786,CP-AP-r001:S-P01-S12:GS10:p0012,9,0,0,0,0
1787,CP-AP-r001:S-P01-S12:GS10:p0013,7,0,0,0,0
1788,CP-AP-r001:S-P01-S12:GS10:p0014,8,0,0,0,0
1789,CP-AP-r001:S-P01-S12:GS10:p0015,8,0,0,0,0
1790,CP-AP-r001:S-P01-S12:GS10:p0016,8,0,0,0,0
1791,CP-AP-r001:S-P01-S12:GS11:p0002,8,0,0,0,0
1792,CP-AP-r001:S-P01-S12:GS11:p0003,9,0,0,0,0
1793,CP-AP-r001:S-P01-S12:GS11:p0004,8,0,0,0,0
1794,CP-AP-r001:S-P01-S12:GS11:p0005,9,0,0,0,0
1795,CP-AP-r001:S-P01-S12:GS11:p0006,7,0,0,0,0
1796,CP-AP-r001:S-P01-S12:GS11:p0007,8,0,0,0,0
1797,CP-AP-r001:S-P01-S12:GS11:p0008,8,0,0,0,0
1798,CP-AP-r001:S-P01-S12:GS11:p0009,8,0,0,0,0
1799,CP-AP-r001:S-P01-S12:GS11:p0010,7,0,0,0,0
1800,CP-AP-r001:S-P01-S12:GS11:p0011,9,0,0,0,0
1801,CP-AP-r001:S-P01-S12:GS11:p0012,8,0,0,0,0
1802,CP-AP-r001:S-P01-S12:GS11:p0013,5,0,0,0,0
1803,CP-AP-r001:S-P01-S12:GS11:p0014,7,0,0,0,0
1804,CP-AP-r001:S-P01-S12:GS12:p0002,9,0,0,0,0
1805,CP-AP-r001:S-P01-S12:GS12:p0003,10,0,0,0,0
1806,CP-AP-r001:S-P01-S12:GS12:p0004,8,0,0,0,0
1807,CP-AP-r001:S-P01-S12:GS12:p0005,8,0,0,0,0
1808,CP-AP-r001:S-P01-S12:GS12:p0006,8,0,0,0,0
1809,CP-AP-r001:S-P01-S12:GS12:p0007,10,0,0,0,0
1810,CP-AP-r001:S-P01-S12:GS12:p0008,8,0,0,0,0
1811,CP-AP-r001:S-P01-S12:GS12:p0009,8,0,0,0,0
1812,CP-AP-r001:S-P01-S12:GS12:p0010,8,0,0,0,0
1813,CP-AP-r001:S-P01-S12:GS12:p0011,9,0,0,0,0
1814,CP-AP-r001:S-P01-S12:GS12:p0012,8,0,0,0,0
1815,CP-AP-r001:S-P01-S12:GS12:p0013,9,0,0,0,0
1816,CP-AP-r001:S-P01-S12:GS12:p0014,9,0,0,0,0
1817,CP-AP-r001:S-P02-S01:GS01:p0001,6,0,0,0,0
1818,CP-AP-r001:S-P02-S01:GS01:p0002,7,0,0,0,0
1819,CP-AP-r001:S-P02-S01:GS01:p0003,6,0,0,0,0
1820,CP-AP-r001:S-P02-S01:GS01:p0004,8,0,0,0,0
1821,CP-AP-r001:S-P02-S01:GS01:p0005,4,0,0,0,0
1822,CP-AP-r001:S-P02-S01:GS01:p0006,6,0,0,0,0
1823,CP-AP-r001:S-P02-S01:GS01:p0007,6,0,0,0,0
1824,CP-AP-r001:S-P02-S01:GS01:p0008,8,0,0,0,0
1825,CP-AP-r001:S-P02-S01:GS01:p0009,6,0,0,0,0
1826,CP-AP-r001:S-P02-S01:GS01:p0010,8,0,0,0,0
1827,CP-AP-r001:S-P02-S01:GS01:p0011,6,0,0,0,0
1828,CP-AP-r001:S-P02-S01:GS01:p0012,8,0,0,0,0
1829,CP-AP-r001:S-P02-S01:GS02:p0001,5,0,0,0,0
1830,CP-AP-r001:S-P02-S01:GS02:p0002,5,0,0,0,0
1831,CP-AP-r001:S-P02-S01:GS02:p0003,8,0,0,0,0
1832,CP-AP-r001:S-P02-S01:GS02:p0004,9,0,0,0,0
1833,CP-AP-r001:S-P02-S01:GS02:p0005,6,0,0,0,0
1834,CP-AP-r001:S-P02-S01:GS02:p0006,6,0,0,0,0
1835,CP-AP-r001:S-P02-S01:GS02:p0007,6,0,0,0,0
1836,CP-AP-r001:S-P02-S01:GS02:p0008,8,0,0,0,0
1837,CP-AP-r001:S-P02-S01:GS02:p0009,6,0,0,0,0
1838,CP-AP-r001:S-P02-S01:GS02:p0010,6,0,0,0,0
1839,CP-AP-r001:S-P02-S01:GS02:p0011,8,0,0,0,0
1840,CP-AP-r001:S-P02-S01:GS03:p0001,6,0,0,0,0
1841,CP-AP-r001:S-P02-S01:GS03:p0002,6,0,0,0,0
1842,CP-AP-r001:S-P02-S01:GS03:p0003,8,0,0,0,0
1843,CP-AP-r001:S-P02-S01:GS03:p0004,6,0,0,0,0
1844,CP-AP-r001:S-P02-S01:GS03:p0005,6,0,0,0,0
1845,CP-AP-r001:S-P02-S01:GS03:p0006,8,0,0,0,0
1846,CP-AP-r001:S-P02-S01:GS03:p0007,7,0,0,0,0
1847,CP-AP-r001:S-P02-S01:GS03:p0008,6,0,0,0,0
1848,CP-AP-r001:S-P02-S01:GS03:p0009,4,0,0,0,0
1849,CP-AP-r001:S-P02-S01:GS03:p0010,9,0,0,0,0
1850,CP-AP-r001:S-P02-S01:GS03:p0011,7,0,0,0,0
1851,CP-AP-r001:S-P02-S01:GS04:p0001,6,0,0,0,0
1852,CP-AP-r001:S-P02-S01:GS04:p0002,6,0,0,0,0
1853,CP-AP-r001:S-P02-S01:GS04:p0003,6,0,0,0,0
1854,CP-AP-r001:S-P02-S01:GS04:p0004,8,0,0,0,0
1855,CP-AP-r001:S-P02-S01:GS04:p0005,6,0,0,0,0
1856,CP-AP-r001:S-P02-S01:GS04:p0006,6,0,0,0,0
1857,CP-AP-r001:S-P02-S01:GS04:p0007,4,0,0,0,0
1858,CP-AP-r001:S-P02-S01:GS04:p0008,10,0,0,0,0
1859,CP-AP-r001:S-P02-S01:GS04:p0009,6,0,0,0,0
1860,CP-AP-r001:S-P02-S01:GS04:p0010,6,0,0,0,0
1861,CP-AP-r001:S-P02-S01:GS04:p0011,6,0,0,0,0
1862,CP-AP-r001:S-P02-S01:GS04:p0012,8,0,0,0,0
1863,CP-AP-r001:S-P02-S01:GS05:p0001,4,0,0,0,0
1864,CP-AP-r001:S-P02-S01:GS05:p0002,6,0,0,0,0
1865,CP-AP-r001:S-P02-S01:GS05:p0003,6,0,0,0,0
1866,CP-AP-r001:S-P02-S01:GS05:p0004,8,0,0,0,0
1867,CP-AP-r001:S-P02-S01:GS05:p0005,6,0,0,0,0
1868,CP-AP-r001:S-P02-S01:GS05:p0006,8,0,0,0,0
1869,CP-AP-r001:S-P02-S01:GS05:p0007,6,0,0,0,0
1870,CP-AP-r001:S-P02-S01:GS05:p0008,8,0,0,0,0
1871,CP-AP-r001:S-P02-S01:GS05:p0009,6,0,0,0,0
1872,CP-AP-r001:S-P02-S01:GS05:p0010,7,0,0,0,0
1873,CP-AP-r001:S-P02-S01:GS05:p0011,6,0,0,0,0
1874,CP-AP-r001:S-P02-S01:GS05:p0012,8,0,0,0,0
1875,CP-AP-r001:S-P02-S01:GS06:p0001,6,0,0,0,0
1876,CP-AP-r001:S-P02-S01:GS06:p0002,6,0,0,0,0
1877,CP-AP-r001:S-P02-S01:GS06:p0003,6,0,0,0,0
1878,CP-AP-r001:S-P02-S01:GS06:p0004,8,0,0,0,0
1879,CP-AP-r001:S-P02-S01:GS06:p0005,7,0,0,0,0
1880,CP-AP-r001:S-P02-S01:GS06:p0006,6,0,0,0,0
1881,CP-AP-r001:S-P02-S01:GS06:p0007,6,0,0,0,0
1882,CP-AP-r001:S-P02-S01:GS06:p0008,8,0,0,0,0
1883,CP-AP-r001:S-P02-S01:GS06:p0009,6,0,0,0,0
1884,CP-AP-r001:S-P02-S01:GS06:p0010,7,0,0,0,0
1885,CP-AP-r001:S-P02-S01:GS06:p0011,6,0,0,0,0
1886,CP-AP-r001:S-P02-S01:GS06:p0012,8,0,0,0,0
1887,CP-AP-r001:S-P02-S01:GS07:p0001,8,0,0,0,0
1888,CP-AP-r001:S-P02-S01:GS07:p0002,7,0,0,0,0
1889,CP-AP-r001:S-P02-S01:GS07:p0003,9,0,0,0,0
1890,CP-AP-r001:S-P02-S01:GS07:p0004,8,0,0,0,0
1891,CP-AP-r001:S-P02-S01:GS07:p0005,5,0,0,0,0
1892,CP-AP-r001:S-P02-S01:GS07:p0006,8,0,0,0,0
1893,CP-AP-r001:S-P02-S01:GS07:p0007,9,0,0,0,0
1894,CP-AP-r001:S-P02-S01:GS07:p0008,8,0,0,0,0
1895,CP-AP-r001:S-P02-S01:GS07:p0009,8,0,0,0,0
1896,CP-AP-r001:S-P02-S01:GS07:p0010,5,0,0,0,0
1897,CP-AP-r001:S-P02-S01:GS07:p0011,8,0,0,0,0
1898,CP-AP-r001:S-P02-S01:GS07:p0012,10,0,0,0,0
1899,CP-AP-r001:S-P02-S01:GS07:p0013,8,0,0,0,0
1900,CP-AP-r001:S-P02-S01:GS07:p0014,8,0,0,0,0
1901,CP-AP-r001:S-P02-S01:GS08:p0001,7,0,0,0,0
1902,CP-AP-r001:S-P02-S01:GS08:p0002,7,0,0,0,0
1903,CP-AP-r001:S-P02-S01:GS08:p0003,9,0,0,0,0
1904,CP-AP-r001:S-P02-S01:GS08:p0004,8,0,0,0,0
1905,CP-AP-r001:S-P02-S01:GS08:p0005,8,0,0,0,0
1906,CP-AP-r001:S-P02-S01:GS08:p0006,8,0,0,0,0
1907,CP-AP-r001:S-P02-S01:GS08:p0007,8,0,0,0,0
1908,CP-AP-r001:S-P02-S01:GS08:p0008,8,0,0,0,0
1909,CP-AP-r001:S-P02-S01:GS08:p0009,8,0,0,0,0
1910,CP-AP-r001:S-P02-S01:GS08:p0010,7,0,0,0,0
1911,CP-AP-r001:S-P02-S01:GS08:p0011,8,0,0,0,0
1912,CP-AP-r001:S-P02-S01:GS08:p0012,8,0,0,0,0
1913,CP-AP-r001:S-P02-S01:GS09:p0001,7,0,0,0,0
1914,CP-AP-r001:S-P02-S01:GS09:p0002,11,0,0,0,0
1915,CP-AP-r001:S-P02-S01:GS09:p0003,10,0,0,0,0
1916,CP-AP-r001:S-P02-S01:GS09:p0004,10,0,0,0,0
1917,CP-AP-r001:S-P02-S01:GS09:p0005,7,0,0,0,0
1918,CP-AP-r001:S-P02-S01:GS09:p0006,7,0,0,0,0
1919,CP-AP-r001:S-P02-S01:GS09:p0007,10,0,0,0,0
1920,CP-AP-r001:S-P02-S01:GS09:p0008,10,0,0,0,0
1921,CP-AP-r001:S-P02-S01:GS09:p0009,7,0,0,0,0
1922,CP-AP-r001:S-P02-S01:GS09:p0010,7,0,0,0,0
1923,CP-AP-r001:S-P02-S01:GS09:p0011,10,0,0,0,0
1924,CP-AP-r001:S-P02-S01:GS09:p0012,8,0,0,0,0
1925,CP-AP-r001:S-P02-S01:GS10:p0001,8,0,0,0,0
1926,CP-AP-r001:S-P02-S01:GS10:p0002,10,0,0,0,0
1927,CP-AP-r001:S-P02-S01:GS10:p0003,7,0,0,0,0
1928,CP-AP-r001:S-P02-S01:GS10:p0004,8,0,0,0,0
1929,CP-AP-r001:S-P02-S01:GS10:p0005,10,0,0,0,0
1930,CP-AP-r001:S-P02-S01:GS10:p0006,8,0,0,0,0
1931,CP-AP-r001:S-P02-S01:GS10:p0007,10,0,0,0,0
1932,CP-AP-r001:S-P02-S01:GS10:p0008,5,0,0,0,0
1933,CP-AP-r001:S-P02-S01:GS10:p0009,8,0,0,0,0
1934,CP-AP-r001:S-P02-S01:GS10:p0010,8,0,0,0,0
1935,CP-AP-r001:S-P02-S01:GS10:p0011,8,0,0,0,0
1936,CP-AP-r001:S-P02-S01:GS10:p0012,10,0,0,0,0
1937,CP-AP-r001:S-P02-S01:GS10:p0013,8,0,0,0,0
1938,CP-AP-r001:S-P02-S01:GS10:p0014,10,0,0,0,0
1939,CP-AP-r001:S-P02-S01:GS11:p0001,7,0,0,0,0
1940,CP-AP-r001:S-P02-S01:GS11:p0002,8,0,0,0,0
1941,CP-AP-r001:S-P02-S01:GS11:p0003,9,0,0,0,0
1942,CP-AP-r001:S-P02-S01:GS11:p0004,8,0,0,0,0
1943,CP-AP-r001:S-P02-S01:GS11:p0005,5,0,0,0,0
1944,CP-AP-r001:S-P02-S01:GS11:p0006,8,0,0,0,0
1945,CP-AP-r001:S-P02-S01:GS11:p0007,9,0,0,0,0
1946,CP-AP-r001:S-P02-S01:GS11:p0008,8,0,0,0,0
1947,CP-AP-r001:S-P02-S01:GS11:p0009,8,0,0,0,0
1948,CP-AP-r001:S-P02-S01:GS11:p0010,7,0,0,0,0
1949,CP-AP-r001:S-P02-S01:GS11:p0011,8,0,0,0,0
1950,CP-AP-r001:S-P02-S01:GS11:p0012,9,0,0,0,0
1951,CP-AP-r001:S-P02-S01:GS11:p0013,7,0,0,0,0
1952,CP-AP-r001:S-P02-S01:GS11:p0014,8,0,0,0,0
1953,CP-AP-r001:S-P02-S01:GS12:p0001,7,0,0,0,0
1954,CP-AP-r001:S-P02-S01:GS12:p0002,8,0,0,0,0
1955,CP-AP-r001:S-P02-S01:GS12:p0003,8,0,0,0,0
1956,CP-AP-r001:S-P02-S01:GS12:p0004,8,0,0,0,0
1957,CP-AP-r001:S-P02-S01:GS12:p0005,8,0,0,0,0
1958,CP-AP-r001:S-P02-S01:GS12:p0006,8,0,0,0,0
1959,CP-AP-r001:S-P02-S01:GS12:p0007,8,0,0,0,0
1960,CP-AP-r001:S-P02-S01:GS12:p0008,8,0,0,0,0
1961,CP-AP-r001:S-P02-S01:GS12:p0009,8,0,0,0,0
1962,CP-AP-r001:S-P02-S01:GS12:p0010,8,0,0,0,0
1963,CP-AP-r001:S-P02-S01:GS12:p0011,9,0,0,0,0
1964,CP-AP-r001:S-P02-S01:GS12:p0012,8,0,0,0,0
1965,CP-AP-r001:S-P02-S02:GS01:p0001,7,0,0,0,0
1966,CP-AP-r001:S-P02-S02:GS01:p0002,7,0,0,0,0
1967,CP-AP-r001:S-P02-S02:GS01:p0003,7,0,0,0,0
1968,CP-AP-r001:S-P02-S02:GS01:p0004,8,0,0,0,0
1969,CP-AP-r001:S-P02-S02:GS01:p0005,5,0,0,0,0
1970,CP-AP-r001:S-P02-S02:GS01:p0006,6,0,0,0,0
1971,CP-AP-r001:S-P02-S02:GS01:p0007,7,0,0,0,0
1972,CP-AP-r001:S-P02-S02:GS01:p0008,8,0,0,0,0
1973,CP-AP-r001:S-P02-S02:GS01:p0009,6,0,0,0,0
1974,CP-AP-r001:S-P02-S02:GS01:p0010,8,0,0,0,0
1975,CP-AP-r001:S-P02-S02:GS01:p0011,7,0,0,0,0
1976,CP-AP-r001:S-P02-S02:GS01:p0012,8,0,0,0,0
1977,CP-AP-r001:S-P02-S02:GS02:p0001,6,0,0,0,0
1978,CP-AP-r001:S-P02-S02:GS02:p0002,7,0,0,0,0
1979,CP-AP-r001:S-P02-S02:GS02:p0003,9,0,0,0,0
1980,CP-AP-r001:S-P02-S02:GS02:p0004,8,0,0,0,0
1981,CP-AP-r001:S-P02-S02:GS02:p0005,4,0,0,0,0
1982,CP-AP-r001:S-P02-S02:GS02:p0006,7,0,0,0,0
1983,CP-AP-r001:S-P02-S02:GS02:p0007,7,0,0,0,0
1984,CP-AP-r001:S-P02-S02:GS02:p0008,8,0,0,0,0
1985,CP-AP-r001:S-P02-S02:GS02:p0009,7,0,0,0,0
1986,CP-AP-r001:S-P02-S02:GS02:p0010,7,0,0,0,0
1987,CP-AP-r001:S-P02-S02:GS02:p0011,8,0,0,0,0
1988,CP-AP-r001:S-P02-S02:GS03:p0001,7,0,0,0,0
1989,CP-AP-r001:S-P02-S02:GS03:p0002,7,0,0,0,0
1990,CP-AP-r001:S-P02-S02:GS03:p0003,8,0,0,0,0
1991,CP-AP-r001:S-P02-S02:GS03:p0004,7,0,0,0,0
1992,CP-AP-r001:S-P02-S02:GS03:p0005,7,0,0,0,0
1993,CP-AP-r001:S-P02-S02:GS03:p0006,8,0,0,0,0
1994,CP-AP-r001:S-P02-S02:GS03:p0007,7,0,0,0,0
1995,CP-AP-r001:S-P02-S02:GS03:p0008,8,0,0,0,0
1996,CP-AP-r001:S-P02-S02:GS03:p0009,5,0,0,0,0
1997,CP-AP-r001:S-P02-S02:GS03:p0010,10,0,0,0,0
1998,CP-AP-r001:S-P02-S02:GS03:p0011,6,0,0,0,0
1999,CP-AP-r001:S-P02-S02:GS04:p0001,7,0,0,0,0
2000,CP-AP-r001:S-P02-S02:GS04:p0002,7,0,0,0,0
2001,CP-AP-r001:S-P02-S02:GS04:p0003,8,0,0,0,0
2002,CP-AP-r001:S-P02-S02:GS04:p0004,8,0,0,0,0
2003,CP-AP-r001:S-P02-S02:GS04:p0005,7,0,0,0,0
2004,CP-AP-r001:S-P02-S02:GS04:p0006,7,0,0,0,0
2005,CP-AP-r001:S-P02-S02:GS04:p0007,6,0,0,0,0
2006,CP-AP-r001:S-P02-S02:GS04:p0008,10,0,0,0,0
2007,CP-AP-r001:S-P02-S02:GS04:p0009,7,0,0,0,0
2008,CP-AP-r001:S-P02-S02:GS04:p0010,7,0,0,0,0
2009,CP-AP-r001:S-P02-S02:GS04:p0011,7,0,0,0,0
2010,CP-AP-r001:S-P02-S02:GS04:p0012,8,0,0,0,0
2011,CP-AP-r001:S-P02-S02:GS05:p0001,5,0,0,0,0
2012,CP-AP-r001:S-P02-S02:GS05:p0002,6,0,0,0,0
2013,CP-AP-r001:S-P02-S02:GS05:p0003,7,0,0,0,0
2014,CP-AP-r001:S-P02-S02:GS05:p0004,8,0,0,0,0
2015,CP-AP-r001:S-P02-S02:GS05:p0005,6,0,0,0,0
2016,CP-AP-r001:S-P02-S02:GS05:p0006,8,0,0,0,0
2017,CP-AP-r001:S-P02-S02:GS05:p0007,7,0,0,0,0
2018,CP-AP-r001:S-P02-S02:GS05:p0008,8,0,0,0,0
2019,CP-AP-r001:S-P02-S02:GS05:p0009,7,0,0,0,0
2020,CP-AP-r001:S-P02-S02:GS05:p0010,8,0,0,0,0
2021,CP-AP-r001:S-P02-S02:GS05:p0011,7,0,0,0,0
2022,CP-AP-r001:S-P02-S02:GS05:p0012,8,0,0,0,0
2023,CP-AP-r001:S-P02-S02:GS06:p0001,4,0,0,0,0
2024,CP-AP-r001:S-P02-S02:GS06:p0002,7,0,0,0,0
2025,CP-AP-r001:S-P02-S02:GS06:p0003,7,0,0,0,0
2026,CP-AP-r001:S-P02-S02:GS06:p0004,8,0,0,0,0
2027,CP-AP-r001:S-P02-S02:GS06:p0005,7,0,0,0,0
2028,CP-AP-r001:S-P02-S02:GS06:p0006,7,0,0,0,0
2029,CP-AP-r001:S-P02-S02:GS06:p0007,8,0,0,0,0
2030,CP-AP-r001:S-P02-S02:GS06:p0008,7,0,0,0,0
2031,CP-AP-r001:S-P02-S02:GS06:p0009,7,0,0,0,0
2032,CP-AP-r001:S-P02-S02:GS06:p0010,7,0,0,0,0
2033,CP-AP-r001:S-P02-S02:GS06:p0011,8,0,0,0,0
2034,CP-AP-r001:S-P02-S02:GS07:p0001,9,0,0,0,0
2035,CP-AP-r001:S-P02-S02:GS07:p0002,7,0,0,0,0
2036,CP-AP-r001:S-P02-S02:GS07:p0003,10,0,0,0,0
2037,CP-AP-r001:S-P02-S02:GS07:p0004,8,0,0,0,0
2038,CP-AP-r001:S-P02-S02:GS07:p0005,6,0,0,0,0
2039,CP-AP-r001:S-P02-S02:GS07:p0006,7,0,0,0,0
2040,CP-AP-r001:S-P02-S02:GS07:p0007,8,0,0,0,0
2041,CP-AP-r001:S-P02-S02:GS07:p0008,9,0,0,0,0
2042,CP-AP-r001:S-P02-S02:GS07:p0009,8,0,0,0,0
2043,CP-AP-r001:S-P02-S02:GS07:p0010,7,0,0,0,0
2044,CP-AP-r001:S-P02-S02:GS07:p0011,8,0,0,0,0
2045,CP-AP-r001:S-P02-S02:GS07:p0012,8,0,0,0,0
2046,CP-AP-r001:S-P02-S02:GS07:p0013,8,0,0,0,0
2047,CP-AP-r001:S-P02-S02:GS07:p0014,8,0,0,0,0
2048,CP-AP-r001:S-P02-S02:GS08:p0001,8,0,0,0,0
2049,CP-AP-r001:S-P02-S02:GS08:p0002,8,0,0,0,0
2050,CP-AP-r001:S-P02-S02:GS08:p0003,9,0,0,0,0
2051,CP-AP-r001:S-P02-S02:GS08:p0004,8,0,0,0,0
2052,CP-AP-r001:S-P02-S02:GS08:p0005,10,0,0,0,0
2053,CP-AP-r001:S-P02-S02:GS08:p0006,8,0,0,0,0
2054,CP-AP-r001:S-P02-S02:GS08:p0007,9,0,0,0,0
2055,CP-AP-r001:S-P02-S02:GS08:p0008,8,0,0,0,0
2056,CP-AP-r001:S-P02-S02:GS08:p0009,9,0,0,0,0
2057,CP-AP-r001:S-P02-S02:GS08:p0010,7,0,0,0,0
2058,CP-AP-r001:S-P02-S02:GS08:p0011,9,0,0,0,0
2059,CP-AP-r001:S-P02-S02:GS08:p0012,8,0,0,0,0
2060,CP-AP-r001:S-P02-S02:GS09:p0001,8,0,0,0,0
2061,CP-AP-r001:S-P02-S02:GS09:p0002,11,0,0,0,0
2062,CP-AP-r001:S-P02-S02:GS09:p0003,10,0,0,0,0
2063,CP-AP-r001:S-P02-S02:GS09:p0004,9,0,0,0,0
2064,CP-AP-r001:S-P02-S02:GS09:p0005,8,0,0,0,0
2065,CP-AP-r001:S-P02-S02:GS09:p0006,8,0,0,0,0
2066,CP-AP-r001:S-P02-S02:GS09:p0007,10,0,0,0,0
2067,CP-AP-r001:S-P02-S02:GS09:p0008,9,0,0,0,0
2068,CP-AP-r001:S-P02-S02:GS09:p0009,8,0,0,0,0
2069,CP-AP-r001:S-P02-S02:GS09:p0010,8,0,0,0,0
2070,CP-AP-r001:S-P02-S02:GS09:p0011,10,0,0,0,0
2071,CP-AP-r001:S-P02-S02:GS09:p0012,8,0,0,0,0
2072,CP-AP-r001:S-P02-S02:GS10:p0001,8,0,0,0,0
2073,CP-AP-r001:S-P02-S02:GS10:p0002,9,0,0,0,0
2074,CP-AP-r001:S-P02-S02:GS10:p0003,9,0,0,0,0
2075,CP-AP-r001:S-P02-S02:GS10:p0004,8,0,0,0,0
2076,CP-AP-r001:S-P02-S02:GS10:p0005,8,0,0,0,0
2077,CP-AP-r001:S-P02-S02:GS10:p0006,8,0,0,0,0
2078,CP-AP-r001:S-P02-S02:GS10:p0007,10,0,0,0,0
2079,CP-AP-r001:S-P02-S02:GS10:p0008,8,0,0,0,0
2080,CP-AP-r001:S-P02-S02:GS10:p0009,8,0,0,0,0
2081,CP-AP-r001:S-P02-S02:GS10:p0010,7,0,0,0,0
2082,CP-AP-r001:S-P02-S02:GS10:p0011,8,0,0,0,0
2083,CP-AP-r001:S-P02-S02:GS10:p0012,10,0,0,0,0
2084,CP-AP-r001:S-P02-S02:GS10:p0013,9,0,0,0,0
2085,CP-AP-r001:S-P02-S02:GS10:p0014,9,0,0,0,0
2086,CP-AP-r001:S-P02-S02:GS11:p0001,8,0,0,0,0
2087,CP-AP-r001:S-P02-S02:GS11:p0002,7,0,0,0,0
2088,CP-AP-r001:S-P02-S02:GS11:p0003,10,0,0,0,0
2089,CP-AP-r001:S-P02-S02:GS11:p0004,8,0,0,0,0
2090,CP-AP-r001:S-P02-S02:GS11:p0005,7,0,0,0,0
2091,CP-AP-r001:S-P02-S02:GS11:p0006,8,0,0,0,0
2092,CP-AP-r001:S-P02-S02:GS11:p0007,8,0,0,0,0
2093,CP-AP-r001:S-P02-S02:GS11:p0008,8,0,0,0,0
2094,CP-AP-r001:S-P02-S02:GS11:p0009,8,0,0,0,0
2095,CP-AP-r001:S-P02-S02:GS11:p0010,8,0,0,0,0
2096,CP-AP-r001:S-P02-S02:GS11:p0011,8,0,0,0,0
2097,CP-AP-r001:S-P02-S02:GS11:p0012,7,0,0,0,0
2098,CP-AP-r001:S-P02-S02:GS11:p0013,8,0,0,0,0
2099,CP-AP-r001:S-P02-S02:GS11:p0014,9,0,0,0,0
2100,CP-AP-r001:S-P02-S02:GS12:p0001,9,0,0,0,0
2101,CP-AP-r001:S-P02-S02:GS12:p0002,8,0,0,0,0
2102,CP-AP-r001:S-P02-S02:GS12:p0003,9,0,0,0,0
2103,CP-AP-r001:S-P02-S02:GS12:p0004,8,0,0,0,0
2104,CP-AP-r001:S-P02-S02:GS12:p0005,9,0,0,0,0
2105,CP-AP-r001:S-P02-S02:GS12:p0006,8,0,0,0,0
2106,CP-AP-r001:S-P02-S02:GS12:p0007,9,0,0,0,0
2107,CP-AP-r001:S-P02-S02:GS12:p0008,8,0,0,0,0
2108,CP-AP-r001:S-P02-S02:GS12:p0009,9,0,0,0,0
2109,CP-AP-r001:S-P02-S02:GS12:p0010,7,0,0,0,0
2110,CP-AP-r001:S-P02-S02:GS12:p0011,10,0,0,0,0
2111,CP-AP-r001:S-P02-S02:GS12:p0012,8,0,0,0,0
2112,CP-AP-r001:S-P02-S03:GS01:p0001,6,0,0,0,0
2113,CP-AP-r001:S-P02-S03:GS01:p0002,8,0,0,0,0
2114,CP-AP-r001:S-P02-S03:GS01:p0003,6,0,0,0,0
2115,CP-AP-r001:S-P02-S03:GS01:p0004,8,0,0,0,0
2116,CP-AP-r001:S-P02-S03:GS01:p0005,6,0,0,0,0
2117,CP-AP-r001:S-P02-S03:GS01:p0006,7,0,0,0,0
2118,CP-AP-r001:S-P02-S03:GS01:p0007,6,0,0,0,0
2119,CP-AP-r001:S-P02-S03:GS01:p0008,8,0,0,0,0
2120,CP-AP-r001:S-P02-S03:GS01:p0009,6,0,0,0,0
2121,CP-AP-r001:S-P02-S03:GS01:p0010,6,0,0,0,0
2122,CP-AP-r001:S-P02-S03:GS01:p0011,5,0,0,0,0
2123,CP-AP-r001:S-P02-S03:GS01:p0012,8,0,0,0,0
2124,CP-AP-r001:S-P02-S03:GS02:p0001,6,0,0,0,0
2125,CP-AP-r001:S-P02-S03:GS02:p0002,6,0,0,0,0
2126,CP-AP-r001:S-P02-S03:GS02:p0003,8,0,0,0,0
2127,CP-AP-r001:S-P02-S03:GS02:p0004,5,0,0,0,0
2128,CP-AP-r001:S-P02-S03:GS02:p0005,7,0,0,0,0
2129,CP-AP-r001:S-P02-S03:GS02:p0006,6,0,0,0,0
2130,CP-AP-r001:S-P02-S03:GS02:p0007,8,0,0,0,0
2131,CP-AP-r001:S-P02-S03:GS02:p0008,5,0,0,0,0
2132,CP-AP-r001:S-P02-S03:GS02:p0009,6,0,0,0,0
2133,CP-AP-r001:S-P02-S03:GS02:p0010,6,0,0,0,0
2134,CP-AP-r001:S-P02-S03:GS02:p0011,8,0,0,0,0
2135,CP-AP-r001:S-P02-S03:GS03:p0001,6,0,0,0,0
2136,CP-AP-r001:S-P02-S03:GS03:p0002,5,0,0,0,0
2137,CP-AP-r001:S-P02-S03:GS03:p0003,8,0,0,0,0
2138,CP-AP-r001:S-P02-S03:GS03:p0004,7,0,0,0,0
2139,CP-AP-r001:S-P02-S03:GS03:p0005,5,0,0,0,0
2140,CP-AP-r001:S-P02-S03:GS03:p0006,6,0,0,0,0
2141,CP-AP-r001:S-P02-S03:GS03:p0007,7,0,0,0,0
2142,CP-AP-r001:S-P02-S03:GS03:p0008,9,0,0,0,0
2143,CP-AP-r001:S-P02-S03:GS03:p0009,6,0,0,0,0
2144,CP-AP-r001:S-P02-S03:GS03:p0010,6,0,0,0,0
2145,CP-AP-r001:S-P02-S03:GS03:p0011,6,0,0,0,0
2146,CP-AP-r001:S-P02-S03:GS03:p0012,8,0,0,0,0
2147,CP-AP-r001:S-P02-S03:GS04:p0001,6,0,0,0,0
2148,CP-AP-r001:S-P02-S03:GS04:p0002,6,0,0,0,0
2149,CP-AP-r001:S-P02-S03:GS04:p0003,6,0,0,0,0
2150,CP-AP-r001:S-P02-S03:GS04:p0004,8,0,0,0,0
2151,CP-AP-r001:S-P02-S03:GS04:p0005,6,0,0,0,0
2152,CP-AP-r001:S-P02-S03:GS04:p0006,6,0,0,0,0
2153,CP-AP-r001:S-P02-S03:GS04:p0007,8,0,0,0,0
2154,CP-AP-r001:S-P02-S03:GS04:p0008,6,0,0,0,0
2155,CP-AP-r001:S-P02-S03:GS04:p0009,6,0,0,0,0
2156,CP-AP-r001:S-P02-S03:GS04:p0010,8,0,0,0,0
2157,CP-AP-r001:S-P02-S03:GS04:p0011,7,0,0,0,0
2158,CP-AP-r001:S-P02-S03:GS05:p0001,6,0,0,0,0
2159,CP-AP-r001:S-P02-S03:GS05:p0002,7,0,0,0,0
2160,CP-AP-r001:S-P02-S03:GS05:p0003,6,0,0,0,0
2161,CP-AP-r001:S-P02-S03:GS05:p0004,8,0,0,0,0
2162,CP-AP-r001:S-P02-S03:GS05:p0005,6,0,0,0,0
2163,CP-AP-r001:S-P02-S03:GS05:p0006,6,0,0,0,0
2164,CP-AP-r001:S-P02-S03:GS05:p0007,6,0,0,0,0
2165,CP-AP-r001:S-P02-S03:GS05:p0008,8,0,0,0,0
2166,CP-AP-r001:S-P02-S03:GS05:p0009,6,0,0,0,0
2167,CP-AP-r001:S-P02-S03:GS05:p0010,6,0,0,0,0
2168,CP-AP-r001:S-P02-S03:GS05:p0011,4,0,0,0,0
2169,CP-AP-r001:S-P02-S03:GS05:p0012,10,0,0,0,0
2170,CP-AP-r001:S-P02-S03:GS06:p0001,6,0,0,0,0
2171,CP-AP-r001:S-P02-S03:GS06:p0002,7,0,0,0,0
2172,CP-AP-r001:S-P02-S03:GS06:p0003,6,0,0,0,0
2173,CP-AP-r001:S-P02-S03:GS06:p0004,8,0,0,0,0
2174,CP-AP-r001:S-P02-S03:GS06:p0005,4,0,0,0,0
2175,CP-AP-r001:S-P02-S03:GS06:p0006,6,0,0,0,0
2176,CP-AP-r001:S-P02-S03:GS06:p0007,6,0,0,0,0
2177,CP-AP-r001:S-P02-S03:GS06:p0008,8,0,0,0,0
2178,CP-AP-r001:S-P02-S03:GS06:p0009,6,0,0,0,0
2179,CP-AP-r001:S-P02-S03:GS06:p0010,8,0,0,0,0
2180,CP-AP-r001:S-P02-S03:GS06:p0011,6,0,0,0,0
2181,CP-AP-r001:S-P02-S03:GS06:p0012,8,0,0,0,0
2182,CP-AP-r001:S-P02-S03:GS07:p0001,5,0,0,0,0
2183,CP-AP-r001:S-P02-S03:GS07:p0002,8,0,0,0,0
2184,CP-AP-r001:S-P02-S03:GS07:p0003,10,0,0,0,0
2185,CP-AP-r001:S-P02-S03:GS07:p0004,8,0,0,0,0
2186,CP-AP-r001:S-P02-S03:GS07:p0005,8,0,0,0,0
2187,CP-AP-r001:S-P02-S03:GS07:p0006,8,0,0,0,0
2188,CP-AP-r001:S-P02-S03:GS07:p0007,10,0,0,0,0
2189,CP-AP-r001:S-P02-S03:GS07:p0008,6,0,0,0,0
2190,CP-AP-r001:S-P02-S03:GS07:p0009,8,0,0,0,0
2191,CP-AP-r001:S-P02-S03:GS07:p0010,10,0,0,0,0
2192,CP-AP-r001:S-P02-S03:GS07:p0011,8,0,0,0,0
2193,CP-AP-r001:S-P02-S03:GS07:p0012,10,0,0,0,0
2194,CP-AP-r001:S-P02-S03:GS07:p0013,5,0,0,0,0
2195,CP-AP-r001:S-P02-S03:GS07:p0014,8,0,0,0,0
2196,CP-AP-r001:S-P02-S03:GS07:p0015,10,0,0,0,0
2197,CP-AP-r001:S-P02-S03:GS08:p0001,9,0,0,0,0
2198,CP-AP-r001:S-P02-S03:GS08:p0002,7,0,0,0,0
2199,CP-AP-r001:S-P02-S03:GS08:p0003,8,0,0,0,0
2200,CP-AP-r001:S-P02-S03:GS08:p0004,8,0,0,0,0
2201,CP-AP-r001:S-P02-S03:GS08:p0005,8,0,0,0,0
2202,CP-AP-r001:S-P02-S03:GS08:p0006,8,0,0,0,0
2203,CP-AP-r001:S-P02-S03:GS08:p0007,9,0,0,0,0
2204,CP-AP-r001:S-P02-S03:GS08:p0008,8,0,0,0,0
2205,CP-AP-r001:S-P02-S03:GS08:p0009,6,0,0,0,0
2206,CP-AP-r001:S-P02-S03:GS08:p0010,8,0,0,0,0
2207,CP-AP-r001:S-P02-S03:GS08:p0011,9,0,0,0,0
2208,CP-AP-r001:S-P02-S03:GS08:p0012,7,0,0,0,0
2209,CP-AP-r001:S-P02-S03:GS08:p0013,8,0,0,0,0
2210,CP-AP-r001:S-P02-S03:GS09:p0001,7,0,0,0,0
2211,CP-AP-r001:S-P02-S03:GS09:p0002,7,0,0,0,0
2212,CP-AP-r001:S-P02-S03:GS09:p0003,10,0,0,0,0
2213,CP-AP-r001:S-P02-S03:GS09:p0004,9,0,0,0,0
2214,CP-AP-r001:S-P02-S03:GS09:p0005,7,0,0,0,0
2215,CP-AP-r001:S-P02-S03:GS09:p0006,8,0,0,0,0
2216,CP-AP-r001:S-P02-S03:GS09:p0007,8,0,0,0,0
2217,CP-AP-r001:S-P02-S03:GS09:p0008,8,0,0,0,0
2218,CP-AP-r001:S-P02-S03:GS09:p0009,8,0,0,0,0
2219,CP-AP-r001:S-P02-S03:GS09:p0010,8,0,0,0,0
2220,CP-AP-r001:S-P02-S03:GS09:p0011,8,0,0,0,0
2221,CP-AP-r001:S-P02-S03:GS09:p0012,8,0,0,0,0
2222,CP-AP-r001:S-P02-S03:GS10:p0001,8,0,0,0,0
2223,CP-AP-r001:S-P02-S03:GS10:p0002,11,0,0,0,0
2224,CP-AP-r001:S-P02-S03:GS10:p0003,8,0,0,0,0
2225,CP-AP-r001:S-P02-S03:GS10:p0004,10,0,0,0,0
2226,CP-AP-r001:S-P02-S03:GS10:p0005,7,0,0,0,0
2227,CP-AP-r001:S-P02-S03:GS10:p0006,10,0,0,0,0
2228,CP-AP-r001:S-P02-S03:GS10:p0007,10,0,0,0,0
2229,CP-AP-r001:S-P02-S03:GS10:p0008,10,0,0,0,0
2230,CP-AP-r001:S-P02-S03:GS10:p0009,7,0,0,0,0
2231,CP-AP-r001:S-P02-S03:GS10:p0010,7,0,0,0,0
2232,CP-AP-r001:S-P02-S03:GS10:p0011,10,0,0,0,0
2233,CP-AP-r001:S-P02-S03:GS10:p0012,10,0,0,0,0
2234,CP-AP-r001:S-P02-S03:GS11:p0001,7,0,0,0,0
2235,CP-AP-r001:S-P02-S03:GS11:p0002,8,0,0,0,0
2236,CP-AP-r001:S-P02-S03:GS11:p0003,8,0,0,0,0
2237,CP-AP-r001:S-P02-S03:GS11:p0004,8,0,0,0,0
2238,CP-AP-r001:S-P02-S03:GS11:p0005,8,0,0,0,0
2239,CP-AP-r001:S-P02-S03:GS11:p0006,8,0,0,0,0
2240,CP-AP-r001:S-P02-S03:GS11:p0007,10,0,0,0,0
2241,CP-AP-r001:S-P02-S03:GS11:p0008,6,0,0,0,0
2242,CP-AP-r001:S-P02-S03:GS11:p0009,8,0,0,0,0
2243,CP-AP-r001:S-P02-S03:GS11:p0010,10,0,0,0,0
2244,CP-AP-r001:S-P02-S03:GS11:p0011,8,0,0,0,0
2245,CP-AP-r001:S-P02-S03:GS11:p0012,10,0,0,0,0
2246,CP-AP-r001:S-P02-S03:GS11:p0013,6,0,0,0,0
2247,CP-AP-r001:S-P02-S03:GS11:p0014,8,0,0,0,0
2248,CP-AP-r001:S-P02-S03:GS11:p0015,9,0,0,0,0
2249,CP-AP-r001:S-P02-S03:GS12:p0001,8,0,0,0,0
2250,CP-AP-r001:S-P02-S03:GS12:p0002,7,0,0,0,0
2251,CP-AP-r001:S-P02-S03:GS12:p0003,9,0,0,0,0
2252,CP-AP-r001:S-P02-S03:GS12:p0004,8,0,0,0,0
2253,CP-AP-r001:S-P02-S03:GS12:p0005,5,0,0,0,0
2254,CP-AP-r001:S-P02-S03:GS12:p0006,8,0,0,0,0
2255,CP-AP-r001:S-P02-S03:GS12:p0007,9,0,0,0,0
2256,CP-AP-r001:S-P02-S03:GS12:p0008,8,0,0,0,0
2257,CP-AP-r001:S-P02-S03:GS12:p0009,5,0,0,0,0
2258,CP-AP-r001:S-P02-S03:GS12:p0010,8,0,0,0,0
2259,CP-AP-r001:S-P02-S03:GS12:p0011,10,0,0,0,0
2260,CP-AP-r001:S-P02-S03:GS12:p0012,8,0,0,0,0
2261,CP-AP-r001:S-P02-S03:GS12:p0013,8,0,0,0,0
2262,CP-AP-r001:S-P02-S04:GS01:p0001,6,0,0,0,0
2263,CP-AP-r001:S-P02-S04:GS01:p0002,8,0,0,0,0
2264,CP-AP-r001:S-P02-S04:GS01:p0003,7,0,0,0,0
2265,CP-AP-r001:S-P02-S04:GS01:p0004,8,0,0,0,0
2266,CP-AP-r001:S-P02-S04:GS01:p0005,7,0,0,0,0
2267,CP-AP-r001:S-P02-S04:GS01:p0006,8,0,0,0,0
2268,CP-AP-r001:S-P02-S04:GS01:p0007,7,0,0,0,0
2269,CP-AP-r001:S-P02-S04:GS01:p0008,8,0,0,0,0
2270,CP-AP-r001:S-P02-S04:GS01:p0009,7,0,0,0,0
2271,CP-AP-r001:S-P02-S04:GS01:p0010,7,0,0,0,0
2272,CP-AP-r001:S-P02-S04:GS01:p0011,7,0,0,0,0
2273,CP-AP-r001:S-P02-S04:GS01:p0012,8,0,0,0,0
2274,CP-AP-r001:S-P02-S04:GS02:p0001,7,0,0,0,0
2275,CP-AP-r001:S-P02-S04:GS02:p0002,7,0,0,0,0
2276,CP-AP-r001:S-P02-S04:GS02:p0003,8,0,0,0,0
2277,CP-AP-r001:S-P02-S04:GS02:p0004,6,0,0,0,0
2278,CP-AP-r001:S-P02-S04:GS02:p0005,7,0,0,0,0
2279,CP-AP-r001:S-P02-S04:GS02:p0006,7,0,0,0,0
2280,CP-AP-r001:S-P02-S04:GS02:p0007,8,0,0,0,0
2281,CP-AP-r001:S-P02-S04:GS02:p0008,6,0,0,0,0
2282,CP-AP-r001:S-P02-S04:GS02:p0009,6,0,0,0,0
2283,CP-AP-r001:S-P02-S04:GS02:p0010,7,0,0,0,0
2284,CP-AP-r001:S-P02-S04:GS02:p0011,8,0,0,0,0
2285,CP-AP-r001:S-P02-S04:GS03:p0001,8,0,0,0,0
2286,CP-AP-r001:S-P02-S04:GS03:p0002,6,0,0,0,0
2287,CP-AP-r001:S-P02-S04:GS03:p0003,9,0,0,0,0
2288,CP-AP-r001:S-P02-S04:GS03:p0004,6,0,0,0,0
2289,CP-AP-r001:S-P02-S04:GS03:p0005,6,0,0,0,0
2290,CP-AP-r001:S-P02-S04:GS03:p0006,7,0,0,0,0
2291,CP-AP-r001:S-P02-S04:GS03:p0007,7,0,0,0,0
2292,CP-AP-r001:S-P02-S04:GS03:p0008,8,0,0,0,0
2293,CP-AP-r001:S-P02-S04:GS03:p0009,4,0,0,0,0
2294,CP-AP-r001:S-P02-S04:GS03:p0010,7,0,0,0,0
2295,CP-AP-r001:S-P02-S04:GS03:p0011,7,0,0,0,0
2296,CP-AP-r001:S-P02-S04:GS03:p0012,8,0,0,0,0
2297,CP-AP-r001:S-P02-S04:GS04:p0001,7,0,0,0,0
2298,CP-AP-r001:S-P02-S04:GS04:p0002,7,0,0,0,0
2299,CP-AP-r001:S-P02-S04:GS04:p0003,7,0,0,0,0
2300,CP-AP-r001:S-P02-S04:GS04:p0004,8,0,0,0,0
2301,CP-AP-r001:S-P02-S04:GS04:p0005,7,0,0,0,0
2302,CP-AP-r001:S-P02-S04:GS04:p0006,7,0,0,0,0
2303,CP-AP-r001:S-P02-S04:GS04:p0007,8,0,0,0,0
2304,CP-AP-r001:S-P02-S04:GS04:p0008,7,0,0,0,0
2305,CP-AP-r001:S-P02-S04:GS04:p0009,7,0,0,0,0
2306,CP-AP-r001:S-P02-S04:GS04:p0010,8,0,0,0,0
2307,CP-AP-r001:S-P02-S04:GS04:p0011,7,0,0,0,0
2308,CP-AP-r001:S-P02-S04:GS05:p0001,7,0,0,0,0
2309,CP-AP-r001:S-P02-S04:GS05:p0002,8,0,0,0,0
2310,CP-AP-r001:S-P02-S04:GS05:p0003,7,0,0,0,0
2311,CP-AP-r001:S-P02-S04:GS05:p0004,8,0,0,0,0
2312,CP-AP-r001:S-P02-S04:GS05:p0005,7,0,0,0,0
2313,CP-AP-r001:S-P02-S04:GS05:p0006,7,0,0,0,0
2314,CP-AP-r001:S-P02-S04:GS05:p0007,8,0,0,0,0
2315,CP-AP-r001:S-P02-S04:GS05:p0008,8,0,0,0,0
2316,CP-AP-r001:S-P02-S04:GS05:p0009,7,0,0,0,0
2317,CP-AP-r001:S-P02-S04:GS05:p0010,7,0,0,0,0
2318,CP-AP-r001:S-P02-S04:GS05:p0011,6,0,0,0,0
2319,CP-AP-r001:S-P02-S04:GS05:p0012,10,0,0,0,0
2320,CP-AP-r001:S-P02-S04:GS06:p0001,7,0,0,0,0
2321,CP-AP-r001:S-P02-S04:GS06:p0002,7,0,0,0,0
2322,CP-AP-r001:S-P02-S04:GS06:p0003,7,0,0,0,0
2323,CP-AP-r001:S-P02-S04:GS06:p0004,8,0,0,0,0
2324,CP-AP-r001:S-P02-S04:GS06:p0005,5,0,0,0,0
2325,CP-AP-r001:S-P02-S04:GS06:p0006,6,0,0,0,0
2326,CP-AP-r001:S-P02-S04:GS06:p0007,7,0,0,0,0
2327,CP-AP-r001:S-P02-S04:GS06:p0008,8,0,0,0,0
2328,CP-AP-r001:S-P02-S04:GS06:p0009,6,0,0,0,0
2329,CP-AP-r001:S-P02-S04:GS06:p0010,8,0,0,0,0
2330,CP-AP-r001:S-P02-S04:GS06:p0011,7,0,0,0,0
2331,CP-AP-r001:S-P02-S04:GS06:p0012,8,0,0,0,0
2332,CP-AP-r001:S-P02-S04:GS07:p0001,7,0,0,0,0
2333,CP-AP-r001:S-P02-S04:GS07:p0002,8,0,0,0,0
2334,CP-AP-r001:S-P02-S04:GS07:p0003,8,0,0,0,0
2335,CP-AP-r001:S-P02-S04:GS07:p0004,8,0,0,0,0
2336,CP-AP-r001:S-P02-S04:GS07:p0005,8,0,0,0,0
2337,CP-AP-r001:S-P02-S04:GS07:p0006,8,0,0,0,0
2338,CP-AP-r001:S-P02-S04:GS07:p0007,9,0,0,0,0
2339,CP-AP-r001:S-P02-S04:GS07:p0008,6,0,0,0,0
2340,CP-AP-r001:S-P02-S04:GS07:p0009,8,0,0,0,0
2341,CP-AP-r001:S-P02-S04:GS07:p0010,9,0,0,0,0
2342,CP-AP-r001:S-P02-S04:GS07:p0011,8,0,0,0,0
2343,CP-AP-r001:S-P02-S04:GS07:p0012,10,0,0,0,0
2344,CP-AP-r001:S-P02-S04:GS07:p0013,8,0,0,0,0
2345,CP-AP-r001:S-P02-S04:GS07:p0014,8,0,0,0,0
2346,CP-AP-r001:S-P02-S04:GS07:p0015,8,0,0,0,0
2347,CP-AP-r001:S-P02-S04:GS08:p0001,9,0,0,0,0
2348,CP-AP-r001:S-P02-S04:GS08:p0002,7,0,0,0,0
2349,CP-AP-r001:S-P02-S04:GS08:p0003,9,0,0,0,0
2350,CP-AP-r001:S-P02-S04:GS08:p0004,8,0,0,0,0
2351,CP-AP-r001:S-P02-S04:GS08:p0005,8,0,0,0,0
2352,CP-AP-r001:S-P02-S04:GS08:p0006,7,0,0,0,0
2353,CP-AP-r001:S-P02-S04:GS08:p0007,10,0,0,0,0
2354,CP-AP-r001:S-P02-S04:GS08:p0008,8,0,0,0,0
2355,CP-AP-r001:S-P02-S04:GS08:p0009,7,0,0,0,0
2356,CP-AP-r001:S-P02-S04:GS08:p0010,7,0,0,0,0
2357,CP-AP-r001:S-P02-S04:GS08:p0011,7,0,0,0,0
2358,CP-AP-r001:S-P02-S04:GS08:p0012,8,0,0,0,0
2359,CP-AP-r001:S-P02-S04:GS08:p0013,8,0,0,0,0
2360,CP-AP-r001:S-P02-S04:GS09:p0001,8,0,0,0,0
2361,CP-AP-r001:S-P02-S04:GS09:p0002,8,0,0,0,0
2362,CP-AP-r001:S-P02-S04:GS09:p0003,10,0,0,0,0
2363,CP-AP-r001:S-P02-S04:GS09:p0004,8,0,0,0,0
2364,CP-AP-r001:S-P02-S04:GS09:p0005,9,0,0,0,0
2365,CP-AP-r001:S-P02-S04:GS09:p0006,8,0,0,0,0
2366,CP-AP-r001:S-P02-S04:GS09:p0007,8,0,0,0,0
2367,CP-AP-r001:S-P02-S04:GS09:p0008,8,0,0,0,0
2368,CP-AP-r001:S-P02-S04:GS09:p0009,9,0,0,0,0
2369,CP-AP-r001:S-P02-S04:GS09:p0010,8,0,0,0,0
2370,CP-AP-r001:S-P02-S04:GS09:p0011,9,0,0,0,0
2371,CP-AP-r001:S-P02-S04:GS09:p0012,8,0,0,0,0
2372,CP-AP-r001:S-P02-S04:GS10:p0001,8,0,0,0,0
2373,CP-AP-r001:S-P02-S04:GS10:p0002,10,0,0,0,0
2374,CP-AP-r001:S-P02-S04:GS10:p0003,8,0,0,0,0
2375,CP-AP-r001:S-P02-S04:GS10:p0004,9,0,0,0,0
2376,CP-AP-r001:S-P02-S04:GS10:p0005,8,0,0,0,0
2377,CP-AP-r001:S-P02-S04:GS10:p0006,10,0,0,0,0
2378,CP-AP-r001:S-P02-S04:GS10:p0007,10,0,0,0,0
2379,CP-AP-r001:S-P02-S04:GS10:p0008,9,0,0,0,0
2380,CP-AP-r001:S-P02-S04:GS10:p0009,8,0,0,0,0
2381,CP-AP-r001:S-P02-S04:GS10:p0010,9,0,0,0,0
2382,CP-AP-r001:S-P02-S04:GS10:p0011,10,0,0,0,0
2383,CP-AP-r001:S-P02-S04:GS10:p0012,8,0,0,0,0
2384,CP-AP-r001:S-P02-S04:GS11:p0001,7,0,0,0,0
2385,CP-AP-r001:S-P02-S04:GS11:p0002,8,0,0,0,0
2386,CP-AP-r001:S-P02-S04:GS11:p0003,7,0,0,0,0
2387,CP-AP-r001:S-P02-S04:GS11:p0004,8,0,0,0,0
2388,CP-AP-r001:S-P02-S04:GS11:p0005,8,0,0,0,0
2389,CP-AP-r001:S-P02-S04:GS11:p0006,8,0,0,0,0
2390,CP-AP-r001:S-P02-S04:GS11:p0007,9,0,0,0,0
2391,CP-AP-r001:S-P02-S04:GS11:p0008,9,0,0,0,0
2392,CP-AP-r001:S-P02-S04:GS11:p0009,8,0,0,0,0
2393,CP-AP-r001:S-P02-S04:GS11:p0010,8,0,0,0,0
2394,CP-AP-r001:S-P02-S04:GS11:p0011,8,0,0,0,0
2395,CP-AP-r001:S-P02-S04:GS11:p0012,10,0,0,0,0
2396,CP-AP-r001:S-P02-S04:GS11:p0013,8,0,0,0,0
2397,CP-AP-r001:S-P02-S04:GS11:p0014,8,0,0,0,0
2398,CP-AP-r001:S-P02-S04:GS12:p0001,9,0,0,0,0
2399,CP-AP-r001:S-P02-S04:GS12:p0002,7,0,0,0,0
2400,CP-AP-r001:S-P02-S04:GS12:p0003,10,0,0,0,0
2401,CP-AP-r001:S-P02-S04:GS12:p0004,8,0,0,0,0
2402,CP-AP-r001:S-P02-S04:GS12:p0005,6,0,0,0,0
2403,CP-AP-r001:S-P02-S04:GS12:p0006,7,0,0,0,0
2404,CP-AP-r001:S-P02-S04:GS12:p0007,9,0,0,0,0
2405,CP-AP-r001:S-P02-S04:GS12:p0008,10,0,0,0,0
2406,CP-AP-r001:S-P02-S04:GS12:p0009,8,0,0,0,0
2407,CP-AP-r001:S-P02-S04:GS12:p0010,7,0,0,0,0
2408,CP-AP-r001:S-P02-S04:GS12:p0011,8,0,0,0,0
2409,CP-AP-r001:S-P02-S04:GS12:p0012,8,0,0,0,0
2410,CP-AP-r001:S-P02-S04:GS12:p0013,8,0,0,0,0
2411,CP-AP-r001:S-P02-S04:GS12:p0014,8,0,0,0,0
2412,CP-AP-r001:S-P02-S05:GS01:p0001,6,0,0,0,0
2413,CP-AP-r001:S-P02-S05:GS01:p0002,6,0,0,0,0
2414,CP-AP-r001:S-P02-S05:GS01:p0003,6,0,0,0,0
2415,CP-AP-r001:S-P02-S05:GS01:p0004,8,0,0,0,0
2416,CP-AP-r001:S-P02-S05:GS01:p0005,6,0,0,0,0
2417,CP-AP-r001:S-P02-S05:GS01:p0006,6,0,0,0,0
2418,CP-AP-r001:S-P02-S05:GS01:p0007,4,0,0,0,0
2419,CP-AP-r001:S-P02-S05:GS01:p0008,10,0,0,0,0
2420,CP-AP-r001:S-P02-S05:GS01:p0009,6,0,0,0,0
2421,CP-AP-r001:S-P02-S05:GS01:p0010,6,0,0,0,0
2422,CP-AP-r001:S-P02-S05:GS01:p0011,6,0,0,0,0
2423,CP-AP-r001:S-P02-S05:GS01:p0012,8,0,0,0,0
2424,CP-AP-r001:S-P02-S05:GS02:p0001,4,0,0,0,0
2425,CP-AP-r001:S-P02-S05:GS02:p0002,6,0,0,0,0
2426,CP-AP-r001:S-P02-S05:GS02:p0003,6,0,0,0,0
2427,CP-AP-r001:S-P02-S05:GS02:p0004,8,0,0,0,0
2428,CP-AP-r001:S-P02-S05:GS02:p0005,6,0,0,0,0
2429,CP-AP-r001:S-P02-S05:GS02:p0006,8,0,0,0,0
2430,CP-AP-r001:S-P02-S05:GS02:p0007,6,0,0,0,0
2431,CP-AP-r001:S-P02-S05:GS02:p0008,8,0,0,0,0
2432,CP-AP-r001:S-P02-S05:GS02:p0009,6,0,0,0,0
2433,CP-AP-r001:S-P02-S05:GS02:p0010,7,0,0,0,0
2434,CP-AP-r001:S-P02-S05:GS02:p0011,6,0,0,0,0
2435,CP-AP-r001:S-P02-S05:GS02:p0012,8,0,0,0,0
2436,CP-AP-r001:S-P02-S05:GS03:p0001,6,0,0,0,0
2437,CP-AP-r001:S-P02-S05:GS03:p0002,6,0,0,0,0
2438,CP-AP-r001:S-P02-S05:GS03:p0003,6,0,0,0,0
2439,CP-AP-r001:S-P02-S05:GS03:p0004,8,0,0,0,0
2440,CP-AP-r001:S-P02-S05:GS03:p0005,6,0,0,0,0
2441,CP-AP-r001:S-P02-S05:GS03:p0006,6,0,0,0,0
2442,CP-AP-r001:S-P02-S05:GS03:p0007,8,0,0,0,0
2443,CP-AP-r001:S-P02-S05:GS03:p0008,4,0,0,0,0
2444,CP-AP-r001:S-P02-S05:GS03:p0009,7,0,0,0,0
2445,CP-AP-r001:S-P02-S05:GS03:p0010,6,0,0,0,0
2446,CP-AP-r001:S-P02-S05:GS03:p0011,8,0,0,0,0
2447,CP-AP-r001:S-P02-S05:GS04:p0001,6,0,0,0,0
2448,CP-AP-r001:S-P02-S05:GS04:p0002,6,0,0,0,0
2449,CP-AP-r001:S-P02-S05:GS04:p0003,8,0,0,0,0
2450,CP-AP-r001:S-P02-S05:GS04:p0004,7,0,0,0,0
2451,CP-AP-r001:S-P02-S05:GS04:p0005,6,0,0,0,0
2452,CP-AP-r001:S-P02-S05:GS04:p0006,4,0,0,0,0
2453,CP-AP-r001:S-P02-S05:GS04:p0007,9,0,0,0,0
2454,CP-AP-r001:S-P02-S05:GS04:p0008,7,0,0,0,0
2455,CP-AP-r001:S-P02-S05:GS04:p0009,5,0,0,0,0
2456,CP-AP-r001:S-P02-S05:GS04:p0010,6,0,0,0,0
2457,CP-AP-r001:S-P02-S05:GS04:p0011,6,0,0,0,0
2458,CP-AP-r001:S-P02-S05:GS04:p0012,8,0,0,0,0
2459,CP-AP-r001:S-P02-S05:GS05:p0001,6,0,0,0,0
2460,CP-AP-r001:S-P02-S05:GS05:p0002,6,0,0,0,0
2461,CP-AP-r001:S-P02-S05:GS05:p0003,4,0,0,0,0
2462,CP-AP-r001:S-P02-S05:GS05:p0004,10,0,0,0,0
2463,CP-AP-r001:S-P02-S05:GS05:p0005,6,0,0,0,0
2464,CP-AP-r001:S-P02-S05:GS05:p0006,6,0,0,0,0
2465,CP-AP-r001:S-P02-S05:GS05:p0007,6,0,0,0,0
2466,CP-AP-r001:S-P02-S05:GS05:p0008,8,0,0,0,0
2467,CP-AP-r001:S-P02-S05:GS05:p0009,6,0,0,0,0
2468,CP-AP-r001:S-P02-S05:GS05:p0010,6,0,0,0,0
2469,CP-AP-r001:S-P02-S05:GS05:p0011,8,0,0,0,0
2470,CP-AP-r001:S-P02-S05:GS06:p0001,6,0,0,0,0
2471,CP-AP-r001:S-P02-S05:GS06:p0002,8,0,0,0,0
2472,CP-AP-r001:S-P02-S05:GS06:p0003,6,0,0,0,0
2473,CP-AP-r001:S-P02-S05:GS06:p0004,8,0,0,0,0
2474,CP-AP-r001:S-P02-S05:GS06:p0005,6,0,0,0,0
2475,CP-AP-r001:S-P02-S05:GS06:p0006,7,0,0,0,0
2476,CP-AP-r001:S-P02-S05:GS06:p0007,6,0,0,0,0
2477,CP-AP-r001:S-P02-S05:GS06:p0008,8,0,0,0,0
2478,CP-AP-r001:S-P02-S05:GS06:p0009,6,0,0,0,0
2479,CP-AP-r001:S-P02-S05:GS06:p0010,6,0,0,0,0
2480,CP-AP-r001:S-P02-S05:GS06:p0011,5,0,0,0,0
2481,CP-AP-r001:S-P02-S05:GS06:p0012,8,0,0,0,0
2482,CP-AP-r001:S-P02-S05:GS07:p0001,8,0,0,0,0
2483,CP-AP-r001:S-P02-S05:GS07:p0002,10,0,0,0,0
2484,CP-AP-r001:S-P02-S05:GS07:p0003,6,0,0,0,0
2485,CP-AP-r001:S-P02-S05:GS07:p0004,8,0,0,0,0
2486,CP-AP-r001:S-P02-S05:GS07:p0005,10,0,0,0,0
2487,CP-AP-r001:S-P02-S05:GS07:p0006,8,0,0,0,0
2488,CP-AP-r001:S-P02-S05:GS07:p0007,10,0,0,0,0
2489,CP-AP-r001:S-P02-S05:GS07:p0008,8,0,0,0,0
2490,CP-AP-r001:S-P02-S05:GS07:p0009,10,0,0,0,0
2491,CP-AP-r001:S-P02-S05:GS07:p0010,8,0,0,0,0
2492,CP-AP-r001:S-P02-S05:GS07:p0011,11,0,0,0,0
2493,CP-AP-r001:S-P02-S05:GS07:p0012,9,0,0,0,0
2494,CP-AP-r001:S-P02-S05:GS07:p0013,10,0,0,0,0
2495,CP-AP-r001:S-P02-S05:GS08:p0001,6,0,0,0,0
2496,CP-AP-r001:S-P02-S05:GS08:p0002,8,0,0,0,0
2497,CP-AP-r001:S-P02-S05:GS08:p0003,9,0,0,0,0
2498,CP-AP-r001:S-P02-S05:GS08:p0004,8,0,0,0,0
2499,CP-AP-r001:S-P02-S05:GS08:p0005,8,0,0,0,0
2500,CP-AP-r001:S-P02-S05:GS08:p0006,5,0,0,0,0
2501,CP-AP-r001:S-P02-S05:GS08:p0007,8,0,0,0,0
2502,CP-AP-r001:S-P02-S05:GS08:p0008,10,0,0,0,0
2503,CP-AP-r001:S-P02-S05:GS08:p0009,8,0,0,0,0
2504,CP-AP-r001:S-P02-S05:GS08:p0010,8,0,0,0,0
2505,CP-AP-r001:S-P02-S05:GS08:p0011,8,0,0,0,0
2506,CP-AP-r001:S-P02-S05:GS08:p0012,10,0,0,0,0
2507,CP-AP-r001:S-P02-S05:GS08:p0013,6,0,0,0,0
2508,CP-AP-r001:S-P02-S05:GS08:p0014,8,0,0,0,0
2509,CP-AP-r001:S-P02-S05:GS08:p0015,10,0,0,0,0
2510,CP-AP-r001:S-P02-S05:GS09:p0001,8,0,0,0,0
2511,CP-AP-r001:S-P02-S05:GS09:p0002,8,0,0,0,0
2512,CP-AP-r001:S-P02-S05:GS09:p0003,8,0,0,0,0
2513,CP-AP-r001:S-P02-S05:GS09:p0004,8,0,0,0,0
2514,CP-AP-r001:S-P02-S05:GS09:p0005,8,0,0,0,0
2515,CP-AP-r001:S-P02-S05:GS09:p0006,7,0,0,0,0
2516,CP-AP-r001:S-P02-S05:GS09:p0007,8,0,0,0,0
2517,CP-AP-r001:S-P02-S05:GS09:p0008,8,0,0,0,0
2518,CP-AP-r001:S-P02-S05:GS09:p0009,7,0,0,0,0
2519,CP-AP-r001:S-P02-S05:GS09:p0010,8,0,0,0,0
2520,CP-AP-r001:S-P02-S05:GS09:p0011,9,0,0,0,0
2521,CP-AP-r001:S-P02-S05:GS09:p0012,8,0,0,0,0
2522,CP-AP-r001:S-P02-S05:GS10:p0001,7,0,0,0,0
2523,CP-AP-r001:S-P02-S05:GS10:p0002,7,0,0,0,0
2524,CP-AP-r001:S-P02-S05:GS10:p0003,10,0,0,0,0
2525,CP-AP-r001:S-P02-S05:GS10:p0004,10,0,0,0,0
2526,CP-AP-r001:S-P02-S05:GS10:p0005,7,0,0,0,0
2527,CP-AP-r001:S-P02-S05:GS10:p0006,7,0,0,0,0
2528,CP-AP-r001:S-P02-S05:GS10:p0007,10,0,0,0,0
2529,CP-AP-r001:S-P02-S05:GS10:p0008,8,0,0,0,0
2530,CP-AP-r001:S-P02-S05:GS10:p0009,7,0,0,0,0
2531,CP-AP-r001:S-P02-S05:GS10:p0010,8,0,0,0,0
2532,CP-AP-r001:S-P02-S05:GS10:p0011,8,0,0,0,0
2533,CP-AP-r001:S-P02-S05:GS10:p0012,8,0,0,0,0
2534,CP-AP-r001:S-P02-S05:GS11:p0001,8,0,0,0,0
2535,CP-AP-r001:S-P02-S05:GS11:p0002,10,0,0,0,0
2536,CP-AP-r001:S-P02-S05:GS11:p0003,5,0,0,0,0
2537,CP-AP-r001:S-P02-S05:GS11:p0004,8,0,0,0,0
2538,CP-AP-r001:S-P02-S05:GS11:p0005,8,0,0,0,0
2539,CP-AP-r001:S-P02-S05:GS11:p0006,8,0,0,0,0
2540,CP-AP-r001:S-P02-S05:GS11:p0007,10,0,0,0,0
2541,CP-AP-r001:S-P02-S05:GS11:p0008,9,0,0,0,0
2542,CP-AP-r001:S-P02-S05:GS11:p0009,10,0,0,0,0
2543,CP-AP-r001:S-P02-S05:GS11:p0010,7,0,0,0,0
2544,CP-AP-r001:S-P02-S05:GS11:p0011,9,0,0,0,0
2545,CP-AP-r001:S-P02-S05:GS11:p0012,10,0,0,0,0
2546,CP-AP-r001:S-P02-S05:GS11:p0013,10,0,0,0,0
2547,CP-AP-r001:S-P02-S05:GS12:p0001,5,0,0,0,0
2548,CP-AP-r001:S-P02-S05:GS12:p0002,8,0,0,0,0
2549,CP-AP-r001:S-P02-S05:GS12:p0003,9,0,0,0,0
2550,CP-AP-r001:S-P02-S05:GS12:p0004,8,0,0,0,0
2551,CP-AP-r001:S-P02-S05:GS12:p0005,8,0,0,0,0
2552,CP-AP-r001:S-P02-S05:GS12:p0006,8,0,0,0,0
2553,CP-AP-r001:S-P02-S05:GS12:p0007,9,0,0,0,0
2554,CP-AP-r001:S-P02-S05:GS12:p0008,6,0,0,0,0
2555,CP-AP-r001:S-P02-S05:GS12:p0009,8,0,0,0,0
2556,CP-AP-r001:S-P02-S05:GS12:p0010,8,0,0,0,0
2557,CP-AP-r001:S-P02-S05:GS12:p0011,10,0,0,0,0
2558,CP-AP-r001:S-P02-S05:GS12:p0012,5,0,0,0,0
2559,CP-AP-r001:S-P02-S05:GS12:p0013,8,0,0,0,0
2560,CP-AP-r001:S-P02-S05:GS12:p0014,10,0,0,0,0
2561,CP-AP-r001:S-P02-S06:GS01:p0001,7,0,0,0,0
2562,CP-AP-r001:S-P02-S06:GS01:p0002,7,0,0,0,0
2563,CP-AP-r001:S-P02-S06:GS01:p0003,8,0,0,0,0
2564,CP-AP-r001:S-P02-S06:GS01:p0004,8,0,0,0,0
2565,CP-AP-r001:S-P02-S06:GS01:p0005,7,0,0,0,0
2566,CP-AP-r001:S-P02-S06:GS01:p0006,7,0,0,0,0
2567,CP-AP-r001:S-P02-S06:GS01:p0007,7,0,0,0,0
2568,CP-AP-r001:S-P02-S06:GS01:p0008,10,0,0,0,0
2569,CP-AP-r001:S-P02-S06:GS01:p0009,7,0,0,0,0
2570,CP-AP-r001:S-P02-S06:GS01:p0010,7,0,0,0,0
2571,CP-AP-r001:S-P02-S06:GS01:p0011,8,0,0,0,0
2572,CP-AP-r001:S-P02-S06:GS02:p0001,5,0,0,0,0
2573,CP-AP-r001:S-P02-S06:GS02:p0002,6,0,0,0,0
2574,CP-AP-r001:S-P02-S06:GS02:p0003,7,0,0,0,0
2575,CP-AP-r001:S-P02-S06:GS02:p0004,8,0,0,0,0
2576,CP-AP-r001:S-P02-S06:GS02:p0005,6,0,0,0,0
2577,CP-AP-r001:S-P02-S06:GS02:p0006,8,0,0,0,0
2578,CP-AP-r001:S-P02-S06:GS02:p0007,7,0,0,0,0
2579,CP-AP-r001:S-P02-S06:GS02:p0008,8,0,0,0,0
2580,CP-AP-r001:S-P02-S06:GS02:p0009,7,0,0,0,0
2581,CP-AP-r001:S-P02-S06:GS02:p0010,7,0,0,0,0
2582,CP-AP-r001:S-P02-S06:GS02:p0011,7,0,0,0,0
2583,CP-AP-r001:S-P02-S06:GS02:p0012,8,0,0,0,0
2584,CP-AP-r001:S-P02-S06:GS03:p0001,4,0,0,0,0
2585,CP-AP-r001:S-P02-S06:GS03:p0002,7,0,0,0,0
2586,CP-AP-r001:S-P02-S06:GS03:p0003,7,0,0,0,0
2587,CP-AP-r001:S-P02-S06:GS03:p0004,8,0,0,0,0
2588,CP-AP-r001:S-P02-S06:GS03:p0005,7,0,0,0,0
2589,CP-AP-r001:S-P02-S06:GS03:p0006,7,0,0,0,0
2590,CP-AP-r001:S-P02-S06:GS03:p0007,8,0,0,0,0
2591,CP-AP-r001:S-P02-S06:GS03:p0008,5,0,0,0,0
2592,CP-AP-r001:S-P02-S06:GS03:p0009,7,0,0,0,0
2593,CP-AP-r001:S-P02-S06:GS03:p0010,7,0,0,0,0
2594,CP-AP-r001:S-P02-S06:GS03:p0011,8,0,0,0,0
2595,CP-AP-r001:S-P02-S06:GS04:p0001,7,0,0,0,0
2596,CP-AP-r001:S-P02-S06:GS04:p0002,7,0,0,0,0
2597,CP-AP-r001:S-P02-S06:GS04:p0003,8,0,0,0,0
2598,CP-AP-r001:S-P02-S06:GS04:p0004,7,0,0,0,0
2599,CP-AP-r001:S-P02-S06:GS04:p0005,8,0,0,0,0
2600,CP-AP-r001:S-P02-S06:GS04:p0006,6,0,0,0,0
2601,CP-AP-r001:S-P02-S06:GS04:p0007,10,0,0,0,0
2602,CP-AP-r001:S-P02-S06:GS04:p0008,6,0,0,0,0
2603,CP-AP-r001:S-P02-S06:GS04:p0009,4,0,0,0,0
2604,CP-AP-r001:S-P02-S06:GS04:p0010,7,0,0,0,0
2605,CP-AP-r001:S-P02-S06:GS04:p0011,7,0,0,0,0
2606,CP-AP-r001:S-P02-S06:GS04:p0012,8,0,0,0,0
2607,CP-AP-r001:S-P02-S06:GS05:p0001,7,0,0,0,0
2608,CP-AP-r001:S-P02-S06:GS05:p0002,7,0,0,0,0
2609,CP-AP-r001:S-P02-S06:GS05:p0003,6,0,0,0,0
2610,CP-AP-r001:S-P02-S06:GS05:p0004,10,0,0,0,0
2611,CP-AP-r001:S-P02-S06:GS05:p0005,7,0,0,0,0
2612,CP-AP-r001:S-P02-S06:GS05:p0006,7,0,0,0,0
2613,CP-AP-r001:S-P02-S06:GS05:p0007,7,0,0,0,0
2614,CP-AP-r001:S-P02-S06:GS05:p0008,8,0,0,0,0
2615,CP-AP-r001:S-P02-S06:GS05:p0009,7,0,0,0,0
2616,CP-AP-r001:S-P02-S06:GS05:p0010,7,0,0,0,0
2617,CP-AP-r001:S-P02-S06:GS05:p0011,8,0,0,0,0
2618,CP-AP-r001:S-P02-S06:GS05:p0012,7,0,0,0,0
2619,CP-AP-r001:S-P02-S06:GS06:p0001,6,0,0,0,0
2620,CP-AP-r001:S-P02-S06:GS06:p0002,8,0,0,0,0
2621,CP-AP-r001:S-P02-S06:GS06:p0003,7,0,0,0,0
2622,CP-AP-r001:S-P02-S06:GS06:p0004,8,0,0,0,0
2623,CP-AP-r001:S-P02-S06:GS06:p0005,7,0,0,0,0
2624,CP-AP-r001:S-P02-S06:GS06:p0006,8,0,0,0,0
2625,CP-AP-r001:S-P02-S06:GS06:p0007,7,0,0,0,0
2626,CP-AP-r001:S-P02-S06:GS06:p0008,8,0,0,0,0
2627,CP-AP-r001:S-P02-S06:GS06:p0009,7,0,0,0,0
2628,CP-AP-r001:S-P02-S06:GS06:p0010,7,0,0,0,0
2629,CP-AP-r001:S-P02-S06:GS06:p0011,7,0,0,0,0
2630,CP-AP-r001:S-P02-S06:GS06:p0012,8,0,0,0,0
2631,CP-AP-r001:S-P02-S06:GS07:p0002,8,0,0,0,0
2632,CP-AP-r001:S-P02-S06:GS07:p0003,10,0,0,0,0
2633,CP-AP-r001:S-P02-S06:GS07:p0004,8,0,0,0,0
2634,CP-AP-r001:S-P02-S06:GS07:p0005,8,0,0,0,0
2635,CP-AP-r001:S-P02-S06:GS07:p0006,8,0,0,0,0
2636,CP-AP-r001:S-P02-S06:GS07:p0007,8,0,0,0,0
2637,CP-AP-r001:S-P02-S06:GS07:p0008,10,0,0,0,0
2638,CP-AP-r001:S-P02-S06:GS07:p0009,8,0,0,0,0
2639,CP-AP-r001:S-P02-S06:GS07:p0010,9,0,0,0,0
2640,CP-AP-r001:S-P02-S06:GS07:p0011,8,0,0,0,0
2641,CP-AP-r001:S-P02-S06:GS07:p0012,11,0,0,0,0
2642,CP-AP-r001:S-P02-S06:GS07:p0013,10,0,0,0,0
2643,CP-AP-r001:S-P02-S06:GS07:p0014,9,0,0,0,0
2644,CP-AP-r001:S-P02-S06:GS08:p0001,7,0,0,0,0
2645,CP-AP-r001:S-P02-S06:GS08:p0002,7,0,0,0,0
2646,CP-AP-r001:S-P02-S06:GS08:p0003,8,0,0,0,0
2647,CP-AP-r001:S-P02-S06:GS08:p0004,9,0,0,0,0
2648,CP-AP-r001:S-P02-S06:GS08:p0005,8,0,0,0,0
2649,CP-AP-r001:S-P02-S06:GS08:p0006,7,0,0,0,0
2650,CP-AP-r001:S-P02-S06:GS08:p0007,8,0,0,0,0
2651,CP-AP-r001:S-P02-S06:GS08:p0008,8,0,0,0,0
2652,CP-AP-r001:S-P02-S06:GS08:p0009,8,0,0,0,0
2653,CP-AP-r001:S-P02-S06:GS08:p0010,8,0,0,0,0
2654,CP-AP-r001:S-P02-S06:GS08:p0011,8,0,0,0,0
2655,CP-AP-r001:S-P02-S06:GS08:p0012,9,0,0,0,0
2656,CP-AP-r001:S-P02-S06:GS08:p0013,8,0,0,0,0
2657,CP-AP-r001:S-P02-S06:GS08:p0014,8,0,0,0,0
2658,CP-AP-r001:S-P02-S06:GS08:p0015,8,0,0,0,0
2659,CP-AP-r001:S-P02-S06:GS09:p0001,10,0,0,0,0
2660,CP-AP-r001:S-P02-S06:GS09:p0002,8,0,0,0,0
2661,CP-AP-r001:S-P02-S06:GS09:p0003,9,0,0,0,0
2662,CP-AP-r001:S-P02-S06:GS09:p0004,8,0,0,0,0
2663,CP-AP-r001:S-P02-S06:GS09:p0005,9,0,0,0,0
2664,CP-AP-r001:S-P02-S06:GS09:p0006,7,0,0,0,0
2665,CP-AP-r001:S-P02-S06:GS09:p0007,9,0,0,0,0
2666,CP-AP-r001:S-P02-S06:GS09:p0008,8,0,0,0,0
2667,CP-AP-r001:S-P02-S06:GS09:p0009,8,0,0,0,0
2668,CP-AP-r001:S-P02-S06:GS09:p0010,7,0,0,0,0
2669,CP-AP-r001:S-P02-S06:GS09:p0011,10,0,0,0,0
2670,CP-AP-r001:S-P02-S06:GS09:p0012,8,0,0,0,0
2671,CP-AP-r001:S-P02-S06:GS10:p0001,8,0,0,0,0
2672,CP-AP-r001:S-P02-S06:GS10:p0002,8,0,0,0,0
2673,CP-AP-r001:S-P02-S06:GS10:p0003,10,0,0,0,0
2674,CP-AP-r001:S-P02-S06:GS10:p0004,8,0,0,0,0
2675,CP-AP-r001:S-P02-S06:GS10:p0005,8,0,0,0,0
2676,CP-AP-r001:S-P02-S06:GS10:p0006,8,0,0,0,0
2677,CP-AP-r001:S-P02-S06:GS10:p0007,10,0,0,0,0
2678,CP-AP-r001:S-P02-S06:GS10:p0008,8,0,0,0,0
2679,CP-AP-r001:S-P02-S06:GS10:p0009,9,0,0,0,0
2680,CP-AP-r001:S-P02-S06:GS10:p0010,8,0,0,0,0
2681,CP-AP-r001:S-P02-S06:GS10:p0011,8,0,0,0,0
2682,CP-AP-r001:S-P02-S06:GS10:p0012,8,0,0,0,0
2683,CP-AP-r001:S-P02-S06:GS11:p0001,8,0,0,0,0
2684,CP-AP-r001:S-P02-S06:GS11:p0002,10,0,0,0,0
2685,CP-AP-r001:S-P02-S06:GS11:p0003,8,0,0,0,0
2686,CP-AP-r001:S-P02-S06:GS11:p0004,8,0,0,0,0
2687,CP-AP-r001:S-P02-S06:GS11:p0005,7,0,0,0,0
2688,CP-AP-r001:S-P02-S06:GS11:p0006,8,0,0,0,0
2689,CP-AP-r001:S-P02-S06:GS11:p0007,10,0,0,0,0
2690,CP-AP-r001:S-P02-S06:GS11:p0008,10,0,0,0,0
2691,CP-AP-r001:S-P02-S06:GS11:p0009,9,0,0,0,0
2692,CP-AP-r001:S-P02-S06:GS11:p0010,8,0,0,0,0
2693,CP-AP-r001:S-P02-S06:GS11:p0011,10,0,0,0,0
2694,CP-AP-r001:S-P02-S06:GS11:p0012,10,0,0,0,0
2695,CP-AP-r001:S-P02-S06:GS11:p0013,9,0,0,0,0
2696,CP-AP-r001:S-P02-S06:GS12:p0001,7,0,0,0,0
2697,CP-AP-r001:S-P02-S06:GS12:p0002,8,0,0,0,0
2698,CP-AP-r001:S-P02-S06:GS12:p0003,8,0,0,0,0
2699,CP-AP-r001:S-P02-S06:GS12:p0004,8,0,0,0,0
2700,CP-AP-r001:S-P02-S06:GS12:p0005,8,0,0,0,0
2701,CP-AP-r001:S-P02-S06:GS12:p0006,8,0,0,0,0
2702,CP-AP-r001:S-P02-S06:GS12:p0007,8,0,0,0,0
2703,CP-AP-r001:S-P02-S06:GS12:p0008,6,0,0,0,0
2704,CP-AP-r001:S-P02-S06:GS12:p0009,8,0,0,0,0
2705,CP-AP-r001:S-P02-S06:GS12:p0010,9,0,0,0,0
2706,CP-AP-r001:S-P02-S06:GS12:p0011,8,0,0,0,0
2707,CP-AP-r001:S-P02-S06:GS12:p0012,10,0,0,0,0
2708,CP-AP-r001:S-P02-S06:GS12:p0013,8,0,0,0,0
2709,CP-AP-r001:S-P02-S06:GS12:p0014,8,0,0,0,0
2710,CP-AP-r001:S-P02-S06:GS12:p0015,8,0,0,0,0
2711,CP-AP-r001:S-P02-S07:GS01:p0001,6,0,0,0,0
2712,CP-AP-r001:S-P02-S07:GS01:p0002,6,0,0,0,0
2713,CP-AP-r001:S-P02-S07:GS01:p0003,6,0,0,0,0
2714,CP-AP-r001:S-P02-S07:GS01:p0004,8,0,0,0,0
2715,CP-AP-r001:S-P02-S07:GS01:p0005,6,0,0,0,0
2716,CP-AP-r001:S-P02-S07:GS01:p0006,6,0,0,0,0
2717,CP-AP-r001:S-P02-S07:GS01:p0007,8,0,0,0,0
2718,CP-AP-r001:S-P02-S07:GS01:p0008,7,0,0,0,0
2719,CP-AP-r001:S-P02-S07:GS01:p0009,6,0,0,0,0
2720,CP-AP-r001:S-P02-S07:GS01:p0010,6,0,0,0,0
2721,CP-AP-r001:S-P02-S07:GS01:p0011,8,0,0,0,0
2722,CP-AP-r001:S-P02-S07:GS01:p0012,7,0,0,0,0
2723,CP-AP-r001:S-P02-S07:GS02:p0001,6,0,0,0,0
2724,CP-AP-r001:S-P02-S07:GS02:p0002,7,0,0,0,0
2725,CP-AP-r001:S-P02-S07:GS02:p0003,6,0,0,0,0
2726,CP-AP-r001:S-P02-S07:GS02:p0004,8,0,0,0,0
2727,CP-AP-r001:S-P02-S07:GS02:p0005,6,0,0,0,0
2728,CP-AP-r001:S-P02-S07:GS02:p0006,6,0,0,0,0
2729,CP-AP-r001:S-P02-S07:GS02:p0007,4,0,0,0,0
2730,CP-AP-r001:S-P02-S07:GS02:p0008,8,0,0,0,0
2731,CP-AP-r001:S-P02-S07:GS02:p0009,6,0,0,0,0
2732,CP-AP-r001:S-P02-S07:GS02:p0010,6,0,0,0,0
2733,CP-AP-r001:S-P02-S07:GS02:p0011,6,0,0,0,0
2734,CP-AP-r001:S-P02-S07:GS02:p0012,8,0,0,0,0
2735,CP-AP-r001:S-P02-S07:GS03:p0001,5,0,0,0,0
2736,CP-AP-r001:S-P02-S07:GS03:p0002,7,0,0,0,0
2737,CP-AP-r001:S-P02-S07:GS03:p0003,6,0,0,0,0
2738,CP-AP-r001:S-P02-S07:GS03:p0004,8,0,0,0,0
2739,CP-AP-r001:S-P02-S07:GS03:p0005,5,0,0,0,0
2740,CP-AP-r001:S-P02-S07:GS03:p0006,6,0,0,0,0
2741,CP-AP-r001:S-P02-S07:GS03:p0007,6,0,0,0,0
2742,CP-AP-r001:S-P02-S07:GS03:p0008,8,0,0,0,0
2743,CP-AP-r001:S-P02-S07:GS03:p0009,6,0,0,0,0
2744,CP-AP-r001:S-P02-S07:GS03:p0010,7,0,0,0,0
2745,CP-AP-r001:S-P02-S07:GS03:p0011,6,0,0,0,0
2746,CP-AP-r001:S-P02-S07:GS03:p0012,8,0,0,0,0
2747,CP-AP-r001:S-P02-S07:GS04:p0001,5,0,0,0,0
2748,CP-AP-r001:S-P02-S07:GS04:p0002,7,0,0,0,0
2749,CP-AP-r001:S-P02-S07:GS04:p0003,6,0,0,0,0
2750,CP-AP-r001:S-P02-S07:GS04:p0004,9,0,0,0,0
2751,CP-AP-r001:S-P02-S07:GS04:p0005,6,0,0,0,0
2752,CP-AP-r001:S-P02-S07:GS04:p0006,6,0,0,0,0
2753,CP-AP-r001:S-P02-S07:GS04:p0007,6,0,0,0,0
2754,CP-AP-r001:S-P02-S07:GS04:p0008,8,0,0,0,0
2755,CP-AP-r001:S-P02-S07:GS04:p0009,6,0,0,0,0
2756,CP-AP-r001:S-P02-S07:GS04:p0010,6,0,0,0,0
2757,CP-AP-r001:S-P02-S07:GS04:p0011,8,0,0,0,0
2758,CP-AP-r001:S-P02-S07:GS05:p0001,6,0,0,0,0
2759,CP-AP-r001:S-P02-S07:GS05:p0002,6,0,0,0,0
2760,CP-AP-r001:S-P02-S07:GS05:p0003,8,0,0,0,0
2761,CP-AP-r001:S-P02-S07:GS05:p0004,6,0,0,0,0
2762,CP-AP-r001:S-P02-S07:GS05:p0005,6,0,0,0,0
2763,CP-AP-r001:S-P02-S07:GS05:p0006,8,0,0,0,0
2764,CP-AP-r001:S-P02-S07:GS05:p0007,7,0,0,0,0
2765,CP-AP-r001:S-P02-S07:GS05:p0008,5,0,0,0,0
2766,CP-AP-r001:S-P02-S07:GS05:p0009,5,0,0,0,0
2767,CP-AP-r001:S-P02-S07:GS05:p0010,9,0,0,0,0
2768,CP-AP-r001:S-P02-S07:GS05:p0011,8,0,0,0,0
2769,CP-AP-r001:S-P02-S07:GS06:p0001,6,0,0,0,0
2770,CP-AP-r001:S-P02-S07:GS06:p0002,6,0,0,0,0
2771,CP-AP-r001:S-P02-S07:GS06:p0003,6,0,0,0,0
2772,CP-AP-r001:S-P02-S07:GS06:p0004,8,0,0,0,0
2773,CP-AP-r001:S-P02-S07:GS06:p0005,6,0,0,0,0
2774,CP-AP-r001:S-P02-S07:GS06:p0006,6,0,0,0,0
2775,CP-AP-r001:S-P02-S07:GS06:p0007,4,0,0,0,0
2776,CP-AP-r001:S-P02-S07:GS06:p0008,10,0,0,0,0
2777,CP-AP-r001:S-P02-S07:GS06:p0009,6,0,0,0,0
2778,CP-AP-r001:S-P02-S07:GS06:p0010,6,0,0,0,0
2779,CP-AP-r001:S-P02-S07:GS06:p0011,6,0,0,0,0
2780,CP-AP-r001:S-P02-S07:GS06:p0012,8,0,0,0,0
2781,CP-AP-r001:S-P02-S07:GS07:p0002,8,0,0,0,0
2782,CP-AP-r001:S-P02-S07:GS07:p0003,10,0,0,0,0
2783,CP-AP-r001:S-P02-S07:GS07:p0004,9,0,0,0,0
2784,CP-AP-r001:S-P02-S07:GS07:p0005,10,0,0,0,0
2785,CP-AP-r001:S-P02-S07:GS07:p0006,7,0,0,0,0
2786,CP-AP-r001:S-P02-S07:GS07:p0007,8,0,0,0,0
2787,CP-AP-r001:S-P02-S07:GS07:p0008,10,0,0,0,0
2788,CP-AP-r001:S-P02-S07:GS07:p0009,10,0,0,0,0
2789,CP-AP-r001:S-P02-S07:GS07:p0010,7,0,0,0,0
2790,CP-AP-r001:S-P02-S07:GS07:p0011,7,0,0,0,0
2791,CP-AP-r001:S-P02-S07:GS07:p0012,10,0,0,0,0
2792,CP-AP-r001:S-P02-S07:GS07:p0013,9,0,0,0,0
2793,CP-AP-r001:S-P02-S07:GS08:p0001,8,0,0,0,0
2794,CP-AP-r001:S-P02-S07:GS08:p0002,10,0,0,0,0
2795,CP-AP-r001:S-P02-S07:GS08:p0003,5,0,0,0,0
2796,CP-AP-r001:S-P02-S07:GS08:p0004,8,0,0,0,0
2797,CP-AP-r001:S-P02-S07:GS08:p0005,10,0,0,0,0
2798,CP-AP-r001:S-P02-S07:GS08:p0006,8,0,0,0,0
2799,CP-AP-r001:S-P02-S07:GS08:p0007,10,0,0,0,0
2800,CP-AP-r001:S-P02-S07:GS08:p0008,5,0,0,0,0
2801,CP-AP-r001:S-P02-S07:GS08:p0009,8,0,0,0,0
2802,CP-AP-r001:S-P02-S07:GS08:p0010,10,0,0,0,0
2803,CP-AP-r001:S-P02-S07:GS08:p0011,8,0,0,0,0
2804,CP-AP-r001:S-P02-S07:GS08:p0012,10,0,0,0,0
2805,CP-AP-r001:S-P02-S07:GS08:p0013,8,0,0,0,0
2806,CP-AP-r001:S-P02-S07:GS08:p0014,10,0,0,0,0
2807,CP-AP-r001:S-P02-S07:GS09:p0001,8,0,0,0,0
2808,CP-AP-r001:S-P02-S07:GS09:p0002,8,0,0,0,0
2809,CP-AP-r001:S-P02-S07:GS09:p0003,9,0,0,0,0
2810,CP-AP-r001:S-P02-S07:GS09:p0004,8,0,0,0,0
2811,CP-AP-r001:S-P02-S07:GS09:p0005,7,0,0,0,0
2812,CP-AP-r001:S-P02-S07:GS09:p0006,8,0,0,0,0
2813,CP-AP-r001:S-P02-S07:GS09:p0007,9,0,0,0,0
2814,CP-AP-r001:S-P02-S07:GS09:p0008,8,0,0,0,0
2815,CP-AP-r001:S-P02-S07:GS09:p0009,8,0,0,0,0
2816,CP-AP-r001:S-P02-S07:GS09:p0010,5,0,0,0,0
2817,CP-AP-r001:S-P02-S07:GS09:p0011,8,0,0,0,0
2818,CP-AP-r001:S-P02-S07:GS09:p0012,9,0,0,0,0
2819,CP-AP-r001:S-P02-S07:GS09:p0013,8,0,0,0,0
2820,CP-AP-r001:S-P02-S07:GS09:p0014,8,0,0,0,0
2821,CP-AP-r001:S-P02-S07:GS10:p0001,7,0,0,0,0
2822,CP-AP-r001:S-P02-S07:GS10:p0002,8,0,0,0,0
2823,CP-AP-r001:S-P02-S07:GS10:p0003,8,0,0,0,0
2824,CP-AP-r001:S-P02-S07:GS10:p0004,8,0,0,0,0
2825,CP-AP-r001:S-P02-S07:GS10:p0005,8,0,0,0,0
2826,CP-AP-r001:S-P02-S07:GS10:p0006,8,0,0,0,0
2827,CP-AP-r001:S-P02-S07:GS10:p0007,8,0,0,0,0
2828,CP-AP-r001:S-P02-S07:GS10:p0008,8,0,0,0,0
2829,CP-AP-r001:S-P02-S07:GS10:p0009,8,0,0,0,0
2830,CP-AP-r001:S-P02-S07:GS10:p0010,7,0,0,0,0
2831,CP-AP-r001:S-P02-S07:GS10:p0011,9,0,0,0,0
2832,CP-AP-r001:S-P02-S07:GS10:p0012,8,0,0,0,0
2833,CP-AP-r001:S-P02-S07:GS11:p0001,7,0,0,0,0
2834,CP-AP-r001:S-P02-S07:GS11:p0002,9,0,0,0,0
2835,CP-AP-r001:S-P02-S07:GS11:p0003,10,0,0,0,0
2836,CP-AP-r001:S-P02-S07:GS11:p0004,10,0,0,0,0
2837,CP-AP-r001:S-P02-S07:GS11:p0005,7,0,0,0,0
2838,CP-AP-r001:S-P02-S07:GS11:p0006,7,0,0,0,0
2839,CP-AP-r001:S-P02-S07:GS11:p0007,10,0,0,0,0
2840,CP-AP-r001:S-P02-S07:GS11:p0008,9,0,0,0,0
2841,CP-AP-r001:S-P02-S07:GS11:p0009,7,0,0,0,0
2842,CP-AP-r001:S-P02-S07:GS11:p0010,7,0,0,0,0
2843,CP-AP-r001:S-P02-S07:GS11:p0011,10,0,0,0,0
2844,CP-AP-r001:S-P02-S07:GS11:p0012,8,0,0,0,0
2845,CP-AP-r001:S-P02-S07:GS12:p0001,8,0,0,0,0
2846,CP-AP-r001:S-P02-S07:GS12:p0002,10,0,0,0,0
2847,CP-AP-r001:S-P02-S07:GS12:p0003,6,0,0,0,0
2848,CP-AP-r001:S-P02-S07:GS12:p0004,8,0,0,0,0
2849,CP-AP-r001:S-P02-S07:GS12:p0005,10,0,0,0,0
2850,CP-AP-r001:S-P02-S07:GS12:p0006,8,0,0,0,0
2851,CP-AP-r001:S-P02-S07:GS12:p0007,10,0,0,0,0
2852,CP-AP-r001:S-P02-S07:GS12:p0008,8,0,0,0,0
2853,CP-AP-r001:S-P02-S07:GS12:p0009,9,0,0,0,0
2854,CP-AP-r001:S-P02-S07:GS12:p0010,8,0,0,0,0
2855,CP-AP-r001:S-P02-S07:GS12:p0011,10,0,0,0,0
2856,CP-AP-r001:S-P02-S07:GS12:p0012,9,0,0,0,0
2857,CP-AP-r001:S-P02-S07:GS12:p0013,10,0,0,0,0
2858,CP-AP-r001:S-P02-S08:GS01:p0001,7,0,0,0,0
2859,CP-AP-r001:S-P02-S08:GS01:p0002,7,0,0,0,0
2860,CP-AP-r001:S-P02-S08:GS01:p0003,6,0,0,0,0
2861,CP-AP-r001:S-P02-S08:GS01:p0004,8,0,0,0,0
2862,CP-AP-r001:S-P02-S08:GS01:p0005,7,0,0,0,0
2863,CP-AP-r001:S-P02-S08:GS01:p0006,7,0,0,0,0
2864,CP-AP-r001:S-P02-S08:GS01:p0007,8,0,0,0,0
2865,CP-AP-r001:S-P02-S08:GS01:p0008,7,0,0,0,0
2866,CP-AP-r001:S-P02-S08:GS01:p0009,7,0,0,0,0
2867,CP-AP-r001:S-P02-S08:GS01:p0010,7,0,0,0,0
2868,CP-AP-r001:S-P02-S08:GS01:p0011,8,0,0,0,0
2869,CP-AP-r001:S-P02-S08:GS01:p0012,6,0,0,0,0
2870,CP-AP-r001:S-P02-S08:GS02:p0001,7,0,0,0,0
2871,CP-AP-r001:S-P02-S08:GS02:p0002,7,0,0,0,0
2872,CP-AP-r001:S-P02-S08:GS02:p0003,7,0,0,0,0
2873,CP-AP-r001:S-P02-S08:GS02:p0004,8,0,0,0,0
2874,CP-AP-r001:S-P02-S08:GS02:p0005,7,0,0,0,0
2875,CP-AP-r001:S-P02-S08:GS02:p0006,7,0,0,0,0
2876,CP-AP-r001:S-P02-S08:GS02:p0007,6,0,0,0,0
2877,CP-AP-r001:S-P02-S08:GS02:p0008,8,0,0,0,0
2878,CP-AP-r001:S-P02-S08:GS02:p0009,7,0,0,0,0
2879,CP-AP-r001:S-P02-S08:GS02:p0010,7,0,0,0,0
2880,CP-AP-r001:S-P02-S08:GS02:p0011,7,0,0,0,0
2881,CP-AP-r001:S-P02-S08:GS02:p0012,8,0,0,0,0
2882,CP-AP-r001:S-P02-S08:GS03:p0001,6,0,0,0,0
2883,CP-AP-r001:S-P02-S08:GS03:p0002,7,0,0,0,0
2884,CP-AP-r001:S-P02-S08:GS03:p0003,7,0,0,0,0
2885,CP-AP-r001:S-P02-S08:GS03:p0004,8,0,0,0,0
2886,CP-AP-r001:S-P02-S08:GS03:p0005,6,0,0,0,0
2887,CP-AP-r001:S-P02-S08:GS03:p0006,6,0,0,0,0
2888,CP-AP-r001:S-P02-S08:GS03:p0007,7,0,0,0,0
2889,CP-AP-r001:S-P02-S08:GS03:p0008,8,0,0,0,0
2890,CP-AP-r001:S-P02-S08:GS03:p0009,6,0,0,0,0
2891,CP-AP-r001:S-P02-S08:GS03:p0010,8,0,0,0,0
2892,CP-AP-r001:S-P02-S08:GS03:p0011,7,0,0,0,0
2893,CP-AP-r001:S-P02-S08:GS03:p0012,8,0,0,0,0
2894,CP-AP-r001:S-P02-S08:GS04:p0001,5,0,0,0,0
2895,CP-AP-r001:S-P02-S08:GS04:p0002,7,0,0,0,0
2896,CP-AP-r001:S-P02-S08:GS04:p0003,7,0,0,0,0
2897,CP-AP-r001:S-P02-S08:GS04:p0004,8,0,0,0,0
2898,CP-AP-r001:S-P02-S08:GS04:p0005,4,0,0,0,0
2899,CP-AP-r001:S-P02-S08:GS04:p0006,7,0,0,0,0
2900,CP-AP-r001:S-P02-S08:GS04:p0007,7,0,0,0,0
2901,CP-AP-r001:S-P02-S08:GS04:p0008,8,0,0,0,0
2902,CP-AP-r001:S-P02-S08:GS04:p0009,7,0,0,0,0
2903,CP-AP-r001:S-P02-S08:GS04:p0010,7,0,0,0,0
2904,CP-AP-r001:S-P02-S08:GS04:p0011,7,0,0,0,0
2905,CP-AP-r001:S-P02-S08:GS04:p0012,8,0,0,0,0
2906,CP-AP-r001:S-P02-S08:GS05:p0001,7,0,0,0,0
2907,CP-AP-r001:S-P02-S08:GS05:p0002,7,0,0,0,0
2908,CP-AP-r001:S-P02-S08:GS05:p0003,8,0,0,0,0
2909,CP-AP-r001:S-P02-S08:GS05:p0004,7,0,0,0,0
2910,CP-AP-r001:S-P02-S08:GS05:p0005,7,0,0,0,0
2911,CP-AP-r001:S-P02-S08:GS05:p0006,8,0,0,0,0
2912,CP-AP-r001:S-P02-S08:GS05:p0007,7,0,0,0,0
2913,CP-AP-r001:S-P02-S08:GS05:p0008,7,0,0,0,0
2914,CP-AP-r001:S-P02-S08:GS05:p0009,7,0,0,0,0
2915,CP-AP-r001:S-P02-S08:GS05:p0010,10,0,0,0,0
2916,CP-AP-r001:S-P02-S08:GS05:p0011,7,0,0,0,0
2917,CP-AP-r001:S-P02-S08:GS06:p0001,7,0,0,0,0
2918,CP-AP-r001:S-P02-S08:GS06:p0002,7,0,0,0,0
2919,CP-AP-r001:S-P02-S08:GS06:p0003,8,0,0,0,0
2920,CP-AP-r001:S-P02-S08:GS06:p0004,8,0,0,0,0
2921,CP-AP-r001:S-P02-S08:GS06:p0005,7,0,0,0,0
2922,CP-AP-r001:S-P02-S08:GS06:p0006,7,0,0,0,0
2923,CP-AP-r001:S-P02-S08:GS06:p0007,6,0,0,0,0
2924,CP-AP-r001:S-P02-S08:GS06:p0008,10,0,0,0,0
2925,CP-AP-r001:S-P02-S08:GS06:p0009,7,0,0,0,0
2926,CP-AP-r001:S-P02-S08:GS06:p0010,7,0,0,0,0
2927,CP-AP-r001:S-P02-S08:GS06:p0011,8,0,0,0,0
2928,CP-AP-r001:S-P02-S08:GS07:p0002,8,0,0,0,0
2929,CP-AP-r001:S-P02-S08:GS07:p0003,11,0,0,0,0
2930,CP-AP-r001:S-P02-S08:GS07:p0004,10,0,0,0,0
2931,CP-AP-r001:S-P02-S08:GS07:p0005,9,0,0,0,0
2932,CP-AP-r001:S-P02-S08:GS07:p0006,8,0,0,0,0
2933,CP-AP-r001:S-P02-S08:GS07:p0007,9,0,0,0,0
2934,CP-AP-r001:S-P02-S08:GS07:p0008,10,0,0,0,0
2935,CP-AP-r001:S-P02-S08:GS07:p0009,9,0,0,0,0
2936,CP-AP-r001:S-P02-S08:GS07:p0010,8,0,0,0,0
2937,CP-AP-r001:S-P02-S08:GS07:p0011,8,0,0,0,0
2938,CP-AP-r001:S-P02-S08:GS07:p0012,10,0,0,0,0
2939,CP-AP-r001:S-P02-S08:GS07:p0013,8,0,0,0,0
2940,CP-AP-r001:S-P02-S08:GS08:p0001,8,0,0,0,0
2941,CP-AP-r001:S-P02-S08:GS08:p0002,9,0,0,0,0
2942,CP-AP-r001:S-P02-S08:GS08:p0003,7,0,0,0,0
2943,CP-AP-r001:S-P02-S08:GS08:p0004,8,0,0,0,0
2944,CP-AP-r001:S-P02-S08:GS08:p0005,8,0,0,0,0
2945,CP-AP-r001:S-P02-S08:GS08:p0006,8,0,0,0,0
2946,CP-AP-r001:S-P02-S08:GS08:p0007,10,0,0,0,0
2947,CP-AP-r001:S-P02-S08:GS08:p0008,8,0,0,0,0
2948,CP-AP-r001:S-P02-S08:GS08:p0009,8,0,0,0,0
2949,CP-AP-r001:S-P02-S08:GS08:p0010,8,0,0,0,0
2950,CP-AP-r001:S-P02-S08:GS08:p0011,8,0,0,0,0
2951,CP-AP-r001:S-P02-S08:GS08:p0012,10,0,0,0,0
2952,CP-AP-r001:S-P02-S08:GS08:p0013,8,0,0,0,0
2953,CP-AP-r001:S-P02-S08:GS08:p0014,9,0,0,0,0
2954,CP-AP-r001:S-P02-S08:GS09:p0001,8,0,0,0,0
2955,CP-AP-r001:S-P02-S08:GS09:p0002,7,0,0,0,0
2956,CP-AP-r001:S-P02-S08:GS09:p0003,10,0,0,0,0
2957,CP-AP-r001:S-P02-S08:GS09:p0004,8,0,0,0,0
2958,CP-AP-r001:S-P02-S08:GS09:p0005,8,0,0,0,0
2959,CP-AP-r001:S-P02-S08:GS09:p0006,7,0,0,0,0
2960,CP-AP-r001:S-P02-S08:GS09:p0007,7,0,0,0,0
2961,CP-AP-r001:S-P02-S08:GS09:p0008,8,0,0,0,0
2962,CP-AP-r001:S-P02-S08:GS09:p0009,8,0,0,0,0
2963,CP-AP-r001:S-P02-S08:GS09:p0010,6,0,0,0,0
2964,CP-AP-r001:S-P02-S08:GS09:p0011,8,0,0,0,0
2965,CP-AP-r001:S-P02-S08:GS09:p0012,8,0,0,0,0
2966,CP-AP-r001:S-P02-S08:GS09:p0013,8,0,0,0,0
2967,CP-AP-r001:S-P02-S08:GS09:p0014,8,0,0,0,0
2968,CP-AP-r001:S-P02-S08:GS10:p0001,9,0,0,0,0
2969,CP-AP-r001:S-P02-S08:GS10:p0002,8,0,0,0,0
2970,CP-AP-r001:S-P02-S08:GS10:p0003,8,0,0,0,0
2971,CP-AP-r001:S-P02-S08:GS10:p0004,8,0,0,0,0
2972,CP-AP-r001:S-P02-S08:GS10:p0005,9,0,0,0,0
2973,CP-AP-r001:S-P02-S08:GS10:p0006,9,0,0,0,0
2974,CP-AP-r001:S-P02-S08:GS10:p0007,9,0,0,0,0
2975,CP-AP-r001:S-P02-S08:GS10:p0008,8,0,0,0,0
2976,CP-AP-r001:S-P02-S08:GS10:p0009,9,0,0,0,0
2977,CP-AP-r001:S-P02-S08:GS10:p0010,7,0,0,0,0
2978,CP-AP-r001:S-P02-S08:GS10:p0011,10,0,0,0,0
2979,CP-AP-r001:S-P02-S08:GS10:p0012,8,0,0,0,0
2980,CP-AP-r001:S-P02-S08:GS11:p0001,8,0,0,0,0
2981,CP-AP-r001:S-P02-S08:GS11:p0002,10,0,0,0,0
2982,CP-AP-r001:S-P02-S08:GS11:p0003,10,0,0,0,0
2983,CP-AP-r001:S-P02-S08:GS11:p0004,9,0,0,0,0
2984,CP-AP-r001:S-P02-S08:GS11:p0005,8,0,0,0,0
2985,CP-AP-r001:S-P02-S08:GS11:p0006,8,0,0,0,0
2986,CP-AP-r001:S-P02-S08:GS11:p0007,10,0,0,0,0
2987,CP-AP-r001:S-P02-S08:GS11:p0008,8,0,0,0,0
2988,CP-AP-r001:S-P02-S08:GS11:p0009,8,0,0,0,0
2989,CP-AP-r001:S-P02-S08:GS11:p0010,8,0,0,0,0
2990,CP-AP-r001:S-P02-S08:GS11:p0011,10,0,0,0,0
2991,CP-AP-r001:S-P02-S08:GS11:p0012,8,0,0,0,0
2992,CP-AP-r001:S-P02-S08:GS12:p0001,8,0,0,0,0
2993,CP-AP-r001:S-P02-S08:GS12:p0002,9,0,0,0,0
2994,CP-AP-r001:S-P02-S08:GS12:p0003,8,0,0,0,0
2995,CP-AP-r001:S-P02-S08:GS12:p0004,8,0,0,0,0
2996,CP-AP-r001:S-P02-S08:GS12:p0005,8,0,0,0,0
2997,CP-AP-r001:S-P02-S08:GS12:p0006,8,0,0,0,0
2998,CP-AP-r001:S-P02-S08:GS12:p0007,10,0,0,0,0
2999,CP-AP-r001:S-P02-S08:GS12:p0008,8,0,0,0,0
3000,CP-AP-r001:S-P02-S08:GS12:p0009,8,0,0,0,0
3001,CP-AP-r001:S-P02-S08:GS12:p0010,8,0,0,0,0
3002,CP-AP-r001:S-P02-S08:GS12:p0011,11,0,0,0,0
3003,CP-AP-r001:S-P02-S08:GS12:p0012,10,0,0,0,0
3004,CP-AP-r001:S-P02-S08:GS12:p0013,9,0,0,0,0
3005,CP-AP-r001:S-P02-S09:GS01:p0001,6,0,0,0,0
3006,CP-AP-r001:S-P02-S09:GS01:p0002,6,0,0,0,0
3007,CP-AP-r001:S-P02-S09:GS01:p0003,8,0,0,0,0
3008,CP-AP-r001:S-P02-S09:GS01:p0004,7,0,0,0,0
3009,CP-AP-r001:S-P02-S09:GS01:p0005,5,0,0,0,0
3010,CP-AP-r001:S-P02-S09:GS01:p0006,5,0,0,0,0
3011,CP-AP-r001:S-P02-S09:GS01:p0007,9,0,0,0,0
3012,CP-AP-r001:S-P02-S09:GS01:p0008,9,0,0,0,0
3013,CP-AP-r001:S-P02-S09:GS01:p0009,6,0,0,0,0
3014,CP-AP-r001:S-P02-S09:GS01:p0010,6,0,0,0,0
3015,CP-AP-r001:S-P02-S09:GS01:p0011,6,0,0,0,0
3016,CP-AP-r001:S-P02-S09:GS01:p0012,8,0,0,0,0
3017,CP-AP-r001:S-P02-S09:GS02:p0001,6,0,0,0,0
3018,CP-AP-r001:S-P02-S09:GS02:p0002,6,0,0,0,0
3019,CP-AP-r001:S-P02-S09:GS02:p0003,4,0,0,0,0
3020,CP-AP-r001:S-P02-S09:GS02:p0004,9,0,0,0,0
3021,CP-AP-r001:S-P02-S09:GS02:p0005,6,0,0,0,0
3022,CP-AP-r001:S-P02-S09:GS02:p0006,6,0,0,0,0
3023,CP-AP-r001:S-P02-S09:GS02:p0007,8,0,0,0,0
3024,CP-AP-r001:S-P02-S09:GS02:p0008,6,0,0,0,0
3025,CP-AP-r001:S-P02-S09:GS02:p0009,6,0,0,0,0
3026,CP-AP-r001:S-P02-S09:GS02:p0010,8,0,0,0,0
3027,CP-AP-r001:S-P02-S09:GS02:p0011,7,0,0,0,0
3028,CP-AP-r001:S-P02-S09:GS03:p0001,6,0,0,0,0
3029,CP-AP-r001:S-P02-S09:GS03:p0002,8,0,0,0,0
3030,CP-AP-r001:S-P02-S09:GS03:p0003,6,0,0,0,0
3031,CP-AP-r001:S-P02-S09:GS03:p0004,8,0,0,0,0
3032,CP-AP-r001:S-P02-S09:GS03:p0005,6,0,0,0,0
3033,CP-AP-r001:S-P02-S09:GS03:p0006,6,0,0,0,0
3034,CP-AP-r001:S-P02-S09:GS03:p0007,6,0,0,0,0
3035,CP-AP-r001:S-P02-S09:GS03:p0008,8,0,0,0,0
3036,CP-AP-r001:S-P02-S09:GS03:p0009,6,0,0,0,0
3037,CP-AP-r001:S-P02-S09:GS03:p0010,6,0,0,0,0
3038,CP-AP-r001:S-P02-S09:GS03:p0011,4,0,0,0,0
3039,CP-AP-r001:S-P02-S09:GS03:p0012,10,0,0,0,0
3040,CP-AP-r001:S-P02-S09:GS04:p0001,6,0,0,0,0
3041,CP-AP-r001:S-P02-S09:GS04:p0002,6,0,0,0,0
3042,CP-AP-r001:S-P02-S09:GS04:p0003,8,0,0,0,0
3043,CP-AP-r001:S-P02-S09:GS04:p0004,4,0,0,0,0
3044,CP-AP-r001:S-P02-S09:GS04:p0005,7,0,0,0,0
3045,CP-AP-r001:S-P02-S09:GS04:p0006,6,0,0,0,0
3046,CP-AP-r001:S-P02-S09:GS04:p0007,8,0,0,0,0
3047,CP-AP-r001:S-P02-S09:GS04:p0008,6,0,0,0,0
3048,CP-AP-r001:S-P02-S09:GS04:p0009,7,0,0,0,0
3049,CP-AP-r001:S-P02-S09:GS04:p0010,6,0,0,0,0
3050,CP-AP-r001:S-P02-S09:GS04:p0011,8,0,0,0,0
3051,CP-AP-r001:S-P02-S09:GS05:p0001,6,0,0,0,0
3052,CP-AP-r001:S-P02-S09:GS05:p0002,4,0,0,0,0
3053,CP-AP-r001:S-P02-S09:GS05:p0003,9,0,0,0,0
3054,CP-AP-r001:S-P02-S09:GS05:p0004,7,0,0,0,0
3055,CP-AP-r001:S-P02-S09:GS05:p0005,5,0,0,0,0
3056,CP-AP-r001:S-P02-S09:GS05:p0006,6,0,0,0,0
3057,CP-AP-r001:S-P02-S09:GS05:p0007,6,0,0,0,0
3058,CP-AP-r001:S-P02-S09:GS05:p0008,8,0,0,0,0
3059,CP-AP-r001:S-P02-S09:GS05:p0009,6,0,0,0,0
3060,CP-AP-r001:S-P02-S09:GS05:p0010,6,0,0,0,0
3061,CP-AP-r001:S-P02-S09:GS05:p0011,6,0,0,0,0
3062,CP-AP-r001:S-P02-S09:GS05:p0012,8,0,0,0,0
3063,CP-AP-r001:S-P02-S09:GS06:p0001,6,0,0,0,0
3064,CP-AP-r001:S-P02-S09:GS06:p0002,6,0,0,0,0
3065,CP-AP-r001:S-P02-S09:GS06:p0003,6,0,0,0,0
3066,CP-AP-r001:S-P02-S09:GS06:p0004,8,0,0,0,0
3067,CP-AP-r001:S-P02-S09:GS06:p0005,6,0,0,0,0
3068,CP-AP-r001:S-P02-S09:GS06:p0006,6,0,0,0,0
3069,CP-AP-r001:S-P02-S09:GS06:p0007,8,0,0,0,0
3070,CP-AP-r001:S-P02-S09:GS06:p0008,6,0,0,0,0
3071,CP-AP-r001:S-P02-S09:GS06:p0009,6,0,0,0,0
3072,CP-AP-r001:S-P02-S09:GS06:p0010,8,0,0,0,0
3073,CP-AP-r001:S-P02-S09:GS06:p0011,7,0,0,0,0
3074,CP-AP-r001:S-P02-S09:GS07:p0002,7,0,0,0,0
3075,CP-AP-r001:S-P02-S09:GS07:p0003,7,0,0,0,0
3076,CP-AP-r001:S-P02-S09:GS07:p0004,10,0,0,0,0
3077,CP-AP-r001:S-P02-S09:GS07:p0005,9,0,0,0,0
3078,CP-AP-r001:S-P02-S09:GS07:p0006,7,0,0,0,0
3079,CP-AP-r001:S-P02-S09:GS07:p0007,7,0,0,0,0
3080,CP-AP-r001:S-P02-S09:GS07:p0008,9,0,0,0,0
3081,CP-AP-r001:S-P02-S09:GS07:p0009,8,0,0,0,0
3082,CP-AP-r001:S-P02-S09:GS07:p0010,7,0,0,0,0
3083,CP-AP-r001:S-P02-S09:GS07:p0011,8,0,0,0,0
3084,CP-AP-r001:S-P02-S09:GS07:p0012,8,0,0,0,0
3085,CP-AP-r001:S-P02-S09:GS07:p0013,8,0,0,0,0
3086,CP-AP-r001:S-P02-S09:GS08:p0002,8,0,0,0,0
3087,CP-AP-r001:S-P02-S09:GS08:p0003,10,0,0,0,0
3088,CP-AP-r001:S-P02-S09:GS08:p0004,8,0,0,0,0
3089,CP-AP-r001:S-P02-S09:GS08:p0005,10,0,0,0,0
3090,CP-AP-r001:S-P02-S09:GS08:p0006,8,0,0,0,0
3091,CP-AP-r001:S-P02-S09:GS08:p0007,11,0,0,0,0
3092,CP-AP-r001:S-P02-S09:GS08:p0008,10,0,0,0,0
3093,CP-AP-r001:S-P02-S09:GS08:p0009,10,0,0,0,0
3094,CP-AP-r001:S-P02-S09:GS08:p0010,7,0,0,0,0
3095,CP-AP-r001:S-P02-S09:GS08:p0011,7,0,0,0,0
3096,CP-AP-r001:S-P02-S09:GS08:p0012,10,0,0,0,0
3097,CP-AP-r001:S-P02-S09:GS08:p0013,10,0,0,0,0
3098,CP-AP-r001:S-P02-S09:GS09:p0001,5,0,0,0,0
3099,CP-AP-r001:S-P02-S09:GS09:p0002,8,0,0,0,0
3100,CP-AP-r001:S-P02-S09:GS09:p0003,10,0,0,0,0
3101,CP-AP-r001:S-P02-S09:GS09:p0004,8,0,0,0,0
3102,CP-AP-r001:S-P02-S09:GS09:p0005,8,0,0,0,0
3103,CP-AP-r001:S-P02-S09:GS09:p0006,8,0,0,0,0
3104,CP-AP-r001:S-P02-S09:GS09:p0007,10,0,0,0,0
3105,CP-AP-r001:S-P02-S09:GS09:p0008,6,0,0,0,0
3106,CP-AP-r001:S-P02-S09:GS09:p0009,8,0,0,0,0
3107,CP-AP-r001:S-P02-S09:GS09:p0010,10,0,0,0,0
3108,CP-AP-r001:S-P02-S09:GS09:p0011,8,0,0,0,0
3109,CP-AP-r001:S-P02-S09:GS09:p0012,10,0,0,0,0
3110,CP-AP-r001:S-P02-S09:GS09:p0013,4,0,0,0,0
3111,CP-AP-r001:S-P02-S09:GS09:p0014,8,0,0,0,0
3112,CP-AP-r001:S-P02-S09:GS09:p0015,9,0,0,0,0
3113,CP-AP-r001:S-P02-S09:GS10:p0001,8,0,0,0,0
3114,CP-AP-r001:S-P02-S09:GS10:p0002,7,0,0,0,0
3115,CP-AP-r001:S-P02-S09:GS10:p0003,9,0,0,0,0
3116,CP-AP-r001:S-P02-S09:GS10:p0004,8,0,0,0,0
3117,CP-AP-r001:S-P02-S09:GS10:p0005,7,0,0,0,0
3118,CP-AP-r001:S-P02-S09:GS10:p0006,8,0,0,0,0
3119,CP-AP-r001:S-P02-S09:GS10:p0007,9,0,0,0,0
3120,CP-AP-r001:S-P02-S09:GS10:p0008,8,0,0,0,0
3121,CP-AP-r001:S-P02-S09:GS10:p0009,6,0,0,0,0
3122,CP-AP-r001:S-P02-S09:GS10:p0010,8,0,0,0,0
3123,CP-AP-r001:S-P02-S09:GS10:p0011,9,0,0,0,0
3124,CP-AP-r001:S-P02-S09:GS10:p0012,8,0,0,0,0
3125,CP-AP-r001:S-P02-S09:GS10:p0013,8,0,0,0,0
3126,CP-AP-r001:S-P02-S09:GS11:p0001,7,0,0,0,0
3127,CP-AP-r001:S-P02-S09:GS11:p0002,7,0,0,0,0
3128,CP-AP-r001:S-P02-S09:GS11:p0003,10,0,0,0,0
3129,CP-AP-r001:S-P02-S09:GS11:p0004,8,0,0,0,0
3130,CP-AP-r001:S-P02-S09:GS11:p0005,7,0,0,0,0
3131,CP-AP-r001:S-P02-S09:GS11:p0006,8,0,0,0,0
3132,CP-AP-r001:S-P02-S09:GS11:p0007,8,0,0,0,0
3133,CP-AP-r001:S-P02-S09:GS11:p0008,8,0,0,0,0
3134,CP-AP-r001:S-P02-S09:GS11:p0009,8,0,0,0,0
3135,CP-AP-r001:S-P02-S09:GS11:p0010,9,0,0,0,0
3136,CP-AP-r001:S-P02-S09:GS11:p0011,8,0,0,0,0
3137,CP-AP-r001:S-P02-S09:GS11:p0012,8,0,0,0,0
3138,CP-AP-r001:S-P02-S09:GS12:p0001,8,0,0,0,0
3139,CP-AP-r001:S-P02-S09:GS12:p0002,10,0,0,0,0
3140,CP-AP-r001:S-P02-S09:GS12:p0003,9,0,0,0,0
3141,CP-AP-r001:S-P02-S09:GS12:p0004,10,0,0,0,0
3142,CP-AP-r001:S-P02-S09:GS12:p0005,7,0,0,0,0
3143,CP-AP-r001:S-P02-S09:GS12:p0006,8,0,0,0,0
3144,CP-AP-r001:S-P02-S09:GS12:p0007,10,0,0,0,0
3145,CP-AP-r001:S-P02-S09:GS12:p0008,10,0,0,0,0
3146,CP-AP-r001:S-P02-S09:GS12:p0009,7,0,0,0,0
3147,CP-AP-r001:S-P02-S09:GS12:p0010,7,0,0,0,0
3148,CP-AP-r001:S-P02-S09:GS12:p0011,10,0,0,0,0
3149,CP-AP-r001:S-P02-S09:GS12:p0012,9,0,0,0,0
3150,CP-AP-r001:S-P02-S10:GS01:p0002,7,0,0,0,0
3151,CP-AP-r001:S-P02-S10:GS01:p0003,7,0,0,0,0
3152,CP-AP-r001:S-P02-S10:GS01:p0004,8,0,0,0,0
3153,CP-AP-r001:S-P02-S10:GS01:p0005,6,0,0,0,0
3154,CP-AP-r001:S-P02-S10:GS01:p0006,6,0,0,0,0
3155,CP-AP-r001:S-P02-S10:GS01:p0007,7,0,0,0,0
3156,CP-AP-r001:S-P02-S10:GS01:p0008,10,0,0,0,0
3157,CP-AP-r001:S-P02-S10:GS01:p0009,8,0,0,0,0
3158,CP-AP-r001:S-P02-S10:GS01:p0010,4,0,0,0,0
3159,CP-AP-r001:S-P02-S10:GS01:p0011,7,0,0,0,0
3160,CP-AP-r001:S-P02-S10:GS01:p0012,7,0,0,0,0
3161,CP-AP-r001:S-P02-S10:GS01:p0013,8,0,0,0,0
3162,CP-AP-r001:S-P02-S10:GS02:p0001,7,0,0,0,0
3163,CP-AP-r001:S-P02-S10:GS02:p0002,7,0,0,0,0
3164,CP-AP-r001:S-P02-S10:GS02:p0003,7,0,0,0,0
3165,CP-AP-r001:S-P02-S10:GS02:p0004,9,0,0,0,0
3166,CP-AP-r001:S-P02-S10:GS02:p0005,7,0,0,0,0
3167,CP-AP-r001:S-P02-S10:GS02:p0006,7,0,0,0,0
3168,CP-AP-r001:S-P02-S10:GS02:p0007,8,0,0,0,0
3169,CP-AP-r001:S-P02-S10:GS02:p0008,7,0,0,0,0
3170,CP-AP-r001:S-P02-S10:GS02:p0009,7,0,0,0,0
3171,CP-AP-r001:S-P02-S10:GS02:p0010,8,0,0,0,0
3172,CP-AP-r001:S-P02-S10:GS02:p0011,7,0,0,0,0
3173,CP-AP-r001:S-P02-S10:GS03:p0001,6,0,0,0,0
3174,CP-AP-r001:S-P02-S10:GS03:p0002,8,0,0,0,0
3175,CP-AP-r001:S-P02-S10:GS03:p0003,7,0,0,0,0
3176,CP-AP-r001:S-P02-S10:GS03:p0004,8,0,0,0,0
3177,CP-AP-r001:S-P02-S10:GS03:p0005,7,0,0,0,0
3178,CP-AP-r001:S-P02-S10:GS03:p0006,7,0,0,0,0
3179,CP-AP-r001:S-P02-S10:GS03:p0007,8,0,0,0,0
3180,CP-AP-r001:S-P02-S10:GS03:p0008,8,0,0,0,0
3181,CP-AP-r001:S-P02-S10:GS03:p0009,7,0,0,0,0
3182,CP-AP-r001:S-P02-S10:GS03:p0010,7,0,0,0,0
3183,CP-AP-r001:S-P02-S10:GS03:p0011,6,0,0,0,0
3184,CP-AP-r001:S-P02-S10:GS03:p0012,10,0,0,0,0
3185,CP-AP-r001:S-P02-S10:GS04:p0001,7,0,0,0,0
3186,CP-AP-r001:S-P02-S10:GS04:p0002,7,0,0,0,0
3187,CP-AP-r001:S-P02-S10:GS04:p0003,8,0,0,0,0
3188,CP-AP-r001:S-P02-S10:GS04:p0004,5,0,0,0,0
3189,CP-AP-r001:S-P02-S10:GS04:p0005,7,0,0,0,0
3190,CP-AP-r001:S-P02-S10:GS04:p0006,7,0,0,0,0
3191,CP-AP-r001:S-P02-S10:GS04:p0007,8,0,0,0,0
3192,CP-AP-r001:S-P02-S10:GS04:p0008,6,0,0,0,0
3193,CP-AP-r001:S-P02-S10:GS04:p0009,7,0,0,0,0
3194,CP-AP-r001:S-P02-S10:GS04:p0010,7,0,0,0,0
3195,CP-AP-r001:S-P02-S10:GS04:p0011,8,0,0,0,0
3196,CP-AP-r001:S-P02-S10:GS05:p0001,8,0,0,0,0
3197,CP-AP-r001:S-P02-S10:GS05:p0002,6,0,0,0,0
3198,CP-AP-r001:S-P02-S10:GS05:p0003,10,0,0,0,0
3199,CP-AP-r001:S-P02-S10:GS05:p0004,6,0,0,0,0
3200,CP-AP-r001:S-P02-S10:GS05:p0005,4,0,0,0,0
3201,CP-AP-r001:S-P02-S10:GS05:p0006,7,0,0,0,0
3202,CP-AP-r001:S-P02-S10:GS05:p0007,7,0,0,0,0
3203,CP-AP-r001:S-P02-S10:GS05:p0008,8,0,0,0,0
3204,CP-AP-r001:S-P02-S10:GS05:p0009,7,0,0,0,0
3205,CP-AP-r001:S-P02-S10:GS05:p0010,7,0,0,0,0
3206,CP-AP-r001:S-P02-S10:GS05:p0011,8,0,0,0,0
3207,CP-AP-r001:S-P02-S10:GS06:p0001,7,0,0,0,0
3208,CP-AP-r001:S-P02-S10:GS06:p0002,7,0,0,0,0
3209,CP-AP-r001:S-P02-S10:GS06:p0003,7,0,0,0,0
3210,CP-AP-r001:S-P02-S10:GS06:p0004,8,0,0,0,0
3211,CP-AP-r001:S-P02-S10:GS06:p0005,7,0,0,0,0
3212,CP-AP-r001:S-P02-S10:GS06:p0006,7,0,0,0,0
3213,CP-AP-r001:S-P02-S10:GS06:p0007,8,0,0,0,0
3214,CP-AP-r001:S-P02-S10:GS06:p0008,7,0,0,0,0
3215,CP-AP-r001:S-P02-S10:GS06:p0009,7,0,0,0,0
3216,CP-AP-r001:S-P02-S10:GS06:p0010,7,0,0,0,0
3217,CP-AP-r001:S-P02-S10:GS06:p0011,8,0,0,0,0
3218,CP-AP-r001:S-P02-S10:GS06:p0012,6,0,0,0,0
3219,CP-AP-r001:S-P02-S10:GS07:p0002,8,0,0,0,0
3220,CP-AP-r001:S-P02-S10:GS07:p0003,8,0,0,0,0
3221,CP-AP-r001:S-P02-S10:GS07:p0004,10,0,0,0,0
3222,CP-AP-r001:S-P02-S10:GS07:p0005,8,0,0,0,0
3223,CP-AP-r001:S-P02-S10:GS07:p0006,8,0,0,0,0
3224,CP-AP-r001:S-P02-S10:GS07:p0007,8,0,0,0,0
3225,CP-AP-r001:S-P02-S10:GS07:p0008,9,0,0,0,0
3226,CP-AP-r001:S-P02-S10:GS07:p0009,8,0,0,0,0
3227,CP-AP-r001:S-P02-S10:GS07:p0010,10,0,0,0,0
3228,CP-AP-r001:S-P02-S10:GS07:p0011,8,0,0,0,0
3229,CP-AP-r001:S-P02-S10:GS07:p0012,9,0,0,0,0
3230,CP-AP-r001:S-P02-S10:GS07:p0013,8,0,0,0,0
3231,CP-AP-r001:S-P02-S10:GS08:p0002,8,0,0,0,0
3232,CP-AP-r001:S-P02-S10:GS08:p0003,10,0,0,0,0
3233,CP-AP-r001:S-P02-S10:GS08:p0004,8,0,0,0,0
3234,CP-AP-r001:S-P02-S10:GS08:p0005,9,0,0,0,0
3235,CP-AP-r001:S-P02-S10:GS08:p0006,8,0,0,0,0
3236,CP-AP-r001:S-P02-S10:GS08:p0007,11,0,0,0,0
3237,CP-AP-r001:S-P02-S10:GS08:p0008,10,0,0,0,0
3238,CP-AP-r001:S-P02-S10:GS08:p0009,9,0,0,0,0
3239,CP-AP-r001:S-P02-S10:GS08:p0010,8,0,0,0,0
3240,CP-AP-r001:S-P02-S10:GS08:p0011,8,0,0,0,0
3241,CP-AP-r001:S-P02-S10:GS08:p0012,10,0,0,0,0
3242,CP-AP-r001:S-P02-S10:GS08:p0013,9,0,0,0,0
3243,CP-AP-r001:S-P02-S10:GS09:p0001,7,0,0,0,0
3244,CP-AP-r001:S-P02-S10:GS09:p0002,8,0,0,0,0
3245,CP-AP-r001:S-P02-S10:GS09:p0003,9,0,0,0,0
3246,CP-AP-r001:S-P02-S10:GS09:p0004,8,0,0,0,0
3247,CP-AP-r001:S-P02-S10:GS09:p0005,8,0,0,0,0
3248,CP-AP-r001:S-P02-S10:GS09:p0006,8,0,0,0,0
3249,CP-AP-r001:S-P02-S10:GS09:p0007,9,0,0,0,0
3250,CP-AP-r001:S-P02-S10:GS09:p0008,8,0,0,0,0
3251,CP-AP-r001:S-P02-S10:GS09:p0009,8,0,0,0,0
3252,CP-AP-r001:S-P02-S10:GS09:p0010,8,0,0,0,0
3253,CP-AP-r001:S-P02-S10:GS09:p0011,8,0,0,0,0
3254,CP-AP-r001:S-P02-S10:GS09:p0012,10,0,0,0,0
3255,CP-AP-r001:S-P02-S10:GS09:p0013,8,0,0,0,0
3256,CP-AP-r001:S-P02-S10:GS09:p0014,8,0,0,0,0
3257,CP-AP-r001:S-P02-S10:GS09:p0015,8,0,0,0,0
3258,CP-AP-r001:S-P02-S10:GS10:p0001,9,0,0,0,0
3259,CP-AP-r001:S-P02-S10:GS10:p0002,7,0,0,0,0
3260,CP-AP-r001:S-P02-S10:GS10:p0003,10,0,0,0,0
3261,CP-AP-r001:S-P02-S10:GS10:p0004,8,0,0,0,0
3262,CP-AP-r001:S-P02-S10:GS10:p0005,8,0,0,0,0
3263,CP-AP-r001:S-P02-S10:GS10:p0006,7,0,0,0,0
3264,CP-AP-r001:S-P02-S10:GS10:p0007,10,0,0,0,0
3265,CP-AP-r001:S-P02-S10:GS10:p0008,8,0,0,0,0
3266,CP-AP-r001:S-P02-S10:GS10:p0009,7,0,0,0,0
3267,CP-AP-r001:S-P02-S10:GS10:p0010,7,0,0,0,0
3268,CP-AP-r001:S-P02-S10:GS10:p0011,7,0,0,0,0
3269,CP-AP-r001:S-P02-S10:GS10:p0012,8,0,0,0,0
3270,CP-AP-r001:S-P02-S10:GS10:p0013,8,0,0,0,0
3271,CP-AP-r001:S-P02-S10:GS11:p0001,8,0,0,0,0
3272,CP-AP-r001:S-P02-S10:GS11:p0002,8,0,0,0,0
3273,CP-AP-r001:S-P02-S10:GS11:p0003,10,0,0,0,0
3274,CP-AP-r001:S-P02-S10:GS11:p0004,8,0,0,0,0
3275,CP-AP-r001:S-P02-S10:GS11:p0005,9,0,0,0,0
3276,CP-AP-r001:S-P02-S10:GS11:p0006,8,0,0,0,0
3277,CP-AP-r001:S-P02-S10:GS11:p0007,9,0,0,0,0
3278,CP-AP-r001:S-P02-S10:GS11:p0008,8,0,0,0,0
3279,CP-AP-r001:S-P02-S10:GS11:p0009,9,0,0,0,0
3280,CP-AP-r001:S-P02-S10:GS11:p0010,9,0,0,0,0
3281,CP-AP-r001:S-P02-S10:GS11:p0011,9,0,0,0,0
3282,CP-AP-r001:S-P02-S10:GS11:p0012,8,0,0,0,0
3283,CP-AP-r001:S-P02-S10:GS12:p0001,8,0,0,0,0
3284,CP-AP-r001:S-P02-S10:GS12:p0002,10,0,0,0,0
3285,CP-AP-r001:S-P02-S10:GS12:p0003,10,0,0,0,0
3286,CP-AP-r001:S-P02-S10:GS12:p0004,9,0,0,0,0
3287,CP-AP-r001:S-P02-S10:GS12:p0005,8,0,0,0,0
3288,CP-AP-r001:S-P02-S10:GS12:p0006,9,0,0,0,0
3289,CP-AP-r001:S-P02-S10:GS12:p0007,10,0,0,0,0
3290,CP-AP-r001:S-P02-S10:GS12:p0008,9,0,0,0,0
3291,CP-AP-r001:S-P02-S10:GS12:p0009,8,0,0,0,0
3292,CP-AP-r001:S-P02-S10:GS12:p0010,8,0,0,0,0
3293,CP-AP-r001:S-P02-S10:GS12:p0011,10,0,0,0,0
3294,CP-AP-r001:S-P02-S10:GS12:p0012,8,0,0,0,0
3295,CP-AP-r001:S-P02-S11:GS01:p0001,6,0,0,0,0
3296,CP-AP-r001:S-P02-S11:GS01:p0002,6,0,0,0,0
3297,CP-AP-r001:S-P02-S11:GS01:p0003,6,0,0,0,0
3298,CP-AP-r001:S-P02-S11:GS01:p0004,8,0,0,0,0
3299,CP-AP-r001:S-P02-S11:GS01:p0005,6,0,0,0,0
3300,CP-AP-r001:S-P02-S11:GS01:p0006,6,0,0,0,0
3301,CP-AP-r001:S-P02-S11:GS01:p0007,8,0,0,0,0
3302,CP-AP-r001:S-P02-S11:GS01:p0008,6,0,0,0,0
3303,CP-AP-r001:S-P02-S11:GS01:p0009,7,0,0,0,0
3304,CP-AP-r001:S-P02-S11:GS01:p0010,6,0,0,0,0
3305,CP-AP-r001:S-P02-S11:GS01:p0011,8,0,0,0,0
3306,CP-AP-r001:S-P02-S11:GS02:p0001,6,0,0,0,0
3307,CP-AP-r001:S-P02-S11:GS02:p0002,6,0,0,0,0
3308,CP-AP-r001:S-P02-S11:GS02:p0003,8,0,0,0,0
3309,CP-AP-r001:S-P02-S11:GS02:p0004,7,0,0,0,0
3310,CP-AP-r001:S-P02-S11:GS02:p0005,6,0,0,0,0
3311,CP-AP-r001:S-P02-S11:GS02:p0006,5,0,0,0,0
3312,CP-AP-r001:S-P02-S11:GS02:p0007,8,0,0,0,0
3313,CP-AP-r001:S-P02-S11:GS02:p0008,7,0,0,0,0
3314,CP-AP-r001:S-P02-S11:GS02:p0009,5,0,0,0,0
3315,CP-AP-r001:S-P02-S11:GS02:p0010,6,0,0,0,0
3316,CP-AP-r001:S-P02-S11:GS02:p0011,7,0,0,0,0
3317,CP-AP-r001:S-P02-S11:GS02:p0012,9,0,0,0,0
3318,CP-AP-r001:S-P02-S11:GS03:p0001,6,0,0,0,0
3319,CP-AP-r001:S-P02-S11:GS03:p0002,6,0,0,0,0
3320,CP-AP-r001:S-P02-S11:GS03:p0003,4,0,0,0,0
3321,CP-AP-r001:S-P02-S11:GS03:p0004,9,0,0,0,0
3322,CP-AP-r001:S-P02-S11:GS03:p0005,6,0,0,0,0
3323,CP-AP-r001:S-P02-S11:GS03:p0006,6,0,0,0,0
3324,CP-AP-r001:S-P02-S11:GS03:p0007,6,0,0,0,0
3325,CP-AP-r001:S-P02-S11:GS03:p0008,8,0,0,0,0
3326,CP-AP-r001:S-P02-S11:GS03:p0009,6,0,0,0,0
3327,CP-AP-r001:S-P02-S11:GS03:p0010,6,0,0,0,0
3328,CP-AP-r001:S-P02-S11:GS03:p0011,8,0,0,0,0
3329,CP-AP-r001:S-P02-S11:GS04:p0001,6,0,0,0,0
3330,CP-AP-r001:S-P02-S11:GS04:p0002,6,0,0,0,0
3331,CP-AP-r001:S-P02-S11:GS04:p0003,6,0,0,0,0
3332,CP-AP-r001:S-P02-S11:GS04:p0004,8,0,0,0,0
3333,CP-AP-r001:S-P02-S11:GS04:p0005,6,0,0,0,0
3334,CP-AP-r001:S-P02-S11:GS04:p0006,7,0,0,0,0
3335,CP-AP-r001:S-P02-S11:GS04:p0007,6,0,0,0,0
3336,CP-AP-r001:S-P02-S11:GS04:p0008,8,0,0,0,0
3337,CP-AP-r001:S-P02-S11:GS04:p0009,6,0,0,0,0
3338,CP-AP-r001:S-P02-S11:GS04:p0010,6,0,0,0,0
3339,CP-AP-r001:S-P02-S11:GS04:p0011,6,0,0,0,0
3340,CP-AP-r001:S-P02-S11:GS04:p0012,8,0,0,0,0
3341,CP-AP-r001:S-P02-S11:GS05:p0001,6,0,0,0,0
3342,CP-AP-r001:S-P02-S11:GS05:p0002,6,0,0,0,0
3343,CP-AP-r001:S-P02-S11:GS05:p0003,6,0,0,0,0
3344,CP-AP-r001:S-P02-S11:GS05:p0004,8,0,0,0,0
3345,CP-AP-r001:S-P02-S11:GS05:p0005,6,0,0,0,0
3346,CP-AP-r001:S-P02-S11:GS05:p0006,6,0,0,0,0
3347,CP-AP-r001:S-P02-S11:GS05:p0007,6,0,0,0,0
3348,CP-AP-r001:S-P02-S11:GS05:p0008,8,0,0,0,0
3349,CP-AP-r001:S-P02-S11:GS05:p0009,4,0,0,0,0
3350,CP-AP-r001:S-P02-S11:GS05:p0010,6,0,0,0,0
3351,CP-AP-r001:S-P02-S11:GS05:p0011,6,0,0,0,0
3352,CP-AP-r001:S-P02-S11:GS05:p0012,8,0,0,0,0
3353,CP-AP-r001:S-P02-S11:GS06:p0001,6,0,0,0,0
3354,CP-AP-r001:S-P02-S11:GS06:p0002,6,0,0,0,0
3355,CP-AP-r001:S-P02-S11:GS06:p0003,8,0,0,0,0
3356,CP-AP-r001:S-P02-S11:GS06:p0004,7,0,0,0,0
3357,CP-AP-r001:S-P02-S11:GS06:p0005,5,0,0,0,0
3358,CP-AP-r001:S-P02-S11:GS06:p0006,5,0,0,0,0
3359,CP-AP-r001:S-P02-S11:GS06:p0007,9,0,0,0,0
3360,CP-AP-r001:S-P02-S11:GS06:p0008,8,0,0,0,0
3361,CP-AP-r001:S-P02-S11:GS06:p0009,6,0,0,0,0
3362,CP-AP-r001:S-P02-S11:GS06:p0010,6,0,0,0,0
3363,CP-AP-r001:S-P02-S11:GS06:p0011,6,0,0,0,0
3364,CP-AP-r001:S-P02-S11:GS06:p0012,8,0,0,0,0
3365,CP-AP-r001:S-P02-S11:GS07:p0001,7,0,0,0,0
3366,CP-AP-r001:S-P02-S11:GS07:p0002,8,0,0,0,0
3367,CP-AP-r001:S-P02-S11:GS07:p0003,8,0,0,0,0
3368,CP-AP-r001:S-P02-S11:GS07:p0004,8,0,0,0,0
3369,CP-AP-r001:S-P02-S11:GS07:p0005,8,0,0,0,0
3370,CP-AP-r001:S-P02-S11:GS07:p0006,8,0,0,0,0
3371,CP-AP-r001:S-P02-S11:GS07:p0007,8,0,0,0,0
3372,CP-AP-r001:S-P02-S11:GS07:p0008,8,0,0,0,0
3373,CP-AP-r001:S-P02-S11:GS07:p0009,8,0,0,0,0
3374,CP-AP-r001:S-P02-S11:GS07:p0010,8,0,0,0,0
3375,CP-AP-r001:S-P02-S11:GS07:p0011,9,0,0,0,0
3376,CP-AP-r001:S-P02-S11:GS07:p0012,8,0,0,0,0
3377,CP-AP-r001:S-P02-S11:GS08:p0001,7,0,0,0,0
3378,CP-AP-r001:S-P02-S11:GS08:p0002,7,0,0,0,0
3379,CP-AP-r001:S-P02-S11:GS08:p0003,10,0,0,0,0
3380,CP-AP-r001:S-P02-S11:GS08:p0004,10,0,0,0,0
3381,CP-AP-r001:S-P02-S11:GS08:p0005,7,0,0,0,0
3382,CP-AP-r001:S-P02-S11:GS08:p0006,7,0,0,0,0
3383,CP-AP-r001:S-P02-S11:GS08:p0007,10,0,0,0,0
3384,CP-AP-r001:S-P02-S11:GS08:p0008,9,0,0,0,0
3385,CP-AP-r001:S-P02-S11:GS08:p0009,7,0,0,0,0
3386,CP-AP-r001:S-P02-S11:GS08:p0010,7,0,0,0,0
3387,CP-AP-r001:S-P02-S11:GS08:p0011,8,0,0,0,0
3388,CP-AP-r001:S-P02-S11:GS08:p0012,8,0,0,0,0
3389,CP-AP-r001:S-P02-S11:GS09:p0001,8,0,0,0,0
3390,CP-AP-r001:S-P02-S11:GS09:p0002,10,0,0,0,0
3391,CP-AP-r001:S-P02-S11:GS09:p0003,4,0,0,0,0
3392,CP-AP-r001:S-P02-S11:GS09:p0004,8,0,0,0,0
3393,CP-AP-r001:S-P02-S11:GS09:p0005,10,0,0,0,0
3394,CP-AP-r001:S-P02-S11:GS09:p0006,8,0,0,0,0
3395,CP-AP-r001:S-P02-S11:GS09:p0007,11,0,0,0,0
3396,CP-AP-r001:S-P02-S11:GS09:p0008,8,0,0,0,0
3397,CP-AP-r001:S-P02-S11:GS09:p0009,10,0,0,0,0
3398,CP-AP-r001:S-P02-S11:GS09:p0010,7,0,0,0,0
3399,CP-AP-r001:S-P02-S11:GS09:p0011,10,0,0,0,0
3400,CP-AP-r001:S-P02-S11:GS09:p0012,10,0,0,0,0
3401,CP-AP-r001:S-P02-S11:GS09:p0013,10,0,0,0,0
3402,CP-AP-r001:S-P02-S11:GS10:p0001,6,0,0,0,0
3403,CP-AP-r001:S-P02-S11:GS10:p0002,8,0,0,0,0
3404,CP-AP-r001:S-P02-S11:GS10:p0003,9,0,0,0,0
3405,CP-AP-r001:S-P02-S11:GS10:p0004,8,0,0,0,0
3406,CP-AP-r001:S-P02-S11:GS10:p0005,8,0,0,0,0
3407,CP-AP-r001:S-P02-S11:GS10:p0006,5,0,0,0,0
3408,CP-AP-r001:S-P02-S11:GS10:p0007,8,0,0,0,0
3409,CP-AP-r001:S-P02-S11:GS10:p0008,9,0,0,0,0
3410,CP-AP-r001:S-P02-S11:GS10:p0009,8,0,0,0,0
3411,CP-AP-r001:S-P02-S11:GS10:p0010,8,0,0,0,0
3412,CP-AP-r001:S-P02-S11:GS10:p0011,8,0,0,0,0
3413,CP-AP-r001:S-P02-S11:GS10:p0012,10,0,0,0,0
3414,CP-AP-r001:S-P02-S11:GS10:p0013,6,0,0,0,0
3415,CP-AP-r001:S-P02-S11:GS10:p0014,8,0,0,0,0
3416,CP-AP-r001:S-P02-S11:GS10:p0015,10,0,0,0,0
3417,CP-AP-r001:S-P02-S11:GS11:p0001,8,0,0,0,0
3418,CP-AP-r001:S-P02-S11:GS11:p0002,8,0,0,0,0
3419,CP-AP-r001:S-P02-S11:GS11:p0003,8,0,0,0,0
3420,CP-AP-r001:S-P02-S11:GS11:p0004,8,0,0,0,0
3421,CP-AP-r001:S-P02-S11:GS11:p0005,8,0,0,0,0
3422,CP-AP-r001:S-P02-S11:GS11:p0006,7,0,0,0,0
3423,CP-AP-r001:S-P02-S11:GS11:p0007,9,0,0,0,0
3424,CP-AP-r001:S-P02-S11:GS11:p0008,8,0,0,0,0
3425,CP-AP-r001:S-P02-S11:GS11:p0009,6,0,0,0,0
3426,CP-AP-r001:S-P02-S11:GS11:p0010,8,0,0,0,0
3427,CP-AP-r001:S-P02-S11:GS11:p0011,9,0,0,0,0
3428,CP-AP-r001:S-P02-S11:GS11:p0012,8,0,0,0,0
3429,CP-AP-r001:S-P02-S11:GS12:p0001,7,0,0,0,0
3430,CP-AP-r001:S-P02-S11:GS12:p0002,7,0,0,0,0
3431,CP-AP-r001:S-P02-S11:GS12:p0003,10,0,0,0,0
3432,CP-AP-r001:S-P02-S11:GS12:p0004,9,0,0,0,0
3433,CP-AP-r001:S-P02-S11:GS12:p0005,7,0,0,0,0
3434,CP-AP-r001:S-P02-S11:GS12:p0006,7,0,0,0,0
3435,CP-AP-r001:S-P02-S11:GS12:p0007,10,0,0,0,0
3436,CP-AP-r001:S-P02-S11:GS12:p0008,8,0,0,0,0
3437,CP-AP-r001:S-P02-S11:GS12:p0009,7,0,0,0,0
3438,CP-AP-r001:S-P02-S11:GS12:p0010,8,0,0,0,0
3439,CP-AP-r001:S-P02-S11:GS12:p0011,8,0,0,0,0
3440,CP-AP-r001:S-P02-S11:GS12:p0012,8,0,0,0,0
3441,CP-AP-r001:S-P02-S12:GS01:p0001,4,0,0,0,0
3442,CP-AP-r001:S-P02-S12:GS01:p0002,7,0,0,0,0
3443,CP-AP-r001:S-P02-S12:GS01:p0003,7,0,0,0,0
3444,CP-AP-r001:S-P02-S12:GS01:p0004,8,0,0,0,0
3445,CP-AP-r001:S-P02-S12:GS01:p0005,7,0,0,0,0
3446,CP-AP-r001:S-P02-S12:GS01:p0006,7,0,0,0,0
3447,CP-AP-r001:S-P02-S12:GS01:p0007,8,0,0,0,0
3448,CP-AP-r001:S-P02-S12:GS01:p0008,7,0,0,0,0
3449,CP-AP-r001:S-P02-S12:GS01:p0009,7,0,0,0,0
3450,CP-AP-r001:S-P02-S12:GS01:p0010,7,0,0,0,0
3451,CP-AP-r001:S-P02-S12:GS01:p0011,8,0,0,0,0
3452,CP-AP-r001:S-P02-S12:GS02:p0001,7,0,0,0,0
3453,CP-AP-r001:S-P02-S12:GS02:p0002,7,0,0,0,0
3454,CP-AP-r001:S-P02-S12:GS02:p0003,8,0,0,0,0
3455,CP-AP-r001:S-P02-S12:GS02:p0004,7,0,0,0,0
3456,CP-AP-r001:S-P02-S12:GS02:p0005,8,0,0,0,0
3457,CP-AP-r001:S-P02-S12:GS02:p0006,6,0,0,0,0
3458,CP-AP-r001:S-P02-S12:GS02:p0007,8,0,0,0,0
3459,CP-AP-r001:S-P02-S12:GS02:p0008,6,0,0,0,0
3460,CP-AP-r001:S-P02-S12:GS02:p0009,6,0,0,0,0
3461,CP-AP-r001:S-P02-S12:GS02:p0010,8,0,0,0,0
3462,CP-AP-r001:S-P02-S12:GS02:p0011,7,0,0,0,0
3463,CP-AP-r001:S-P02-S12:GS02:p0012,8,0,0,0,0
3464,CP-AP-r001:S-P02-S12:GS03:p0001,7,0,0,0,0
3465,CP-AP-r001:S-P02-S12:GS03:p0002,7,0,0,0,0
3466,CP-AP-r001:S-P02-S12:GS03:p0003,6,0,0,0,0
3467,CP-AP-r001:S-P02-S12:GS03:p0004,9,0,0,0,0
3468,CP-AP-r001:S-P02-S12:GS03:p0005,7,0,0,0,0
3469,CP-AP-r001:S-P02-S12:GS03:p0006,7,0,0,0,0
3470,CP-AP-r001:S-P02-S12:GS03:p0007,7,0,0,0,0
3471,CP-AP-r001:S-P02-S12:GS03:p0008,8,0,0,0,0
3472,CP-AP-r001:S-P02-S12:GS03:p0009,7,0,0,0,0
3473,CP-AP-r001:S-P02-S12:GS03:p0010,7,0,0,0,0
3474,CP-AP-r001:S-P02-S12:GS03:p0011,8,0,0,0,0
3475,CP-AP-r001:S-P02-S12:GS04:p0001,6,0,0,0,0
3476,CP-AP-r001:S-P02-S12:GS04:p0002,6,0,0,0,0
3477,CP-AP-r001:S-P02-S12:GS04:p0003,7,0,0,0,0
3478,CP-AP-r001:S-P02-S12:GS04:p0004,8,0,0,0,0
3479,CP-AP-r001:S-P02-S12:GS04:p0005,7,0,0,0,0
3480,CP-AP-r001:S-P02-S12:GS04:p0006,8,0,0,0,0
3481,CP-AP-r001:S-P02-S12:GS04:p0007,7,0,0,0,0
3482,CP-AP-r001:S-P02-S12:GS04:p0008,8,0,0,0,0
3483,CP-AP-r001:S-P02-S12:GS04:p0009,7,0,0,0,0
3484,CP-AP-r001:S-P02-S12:GS04:p0010,7,0,0,0,0
3485,CP-AP-r001:S-P02-S12:GS04:p0011,8,0,0,0,0
3486,CP-AP-r001:S-P02-S12:GS04:p0012,8,0,0,0,0
3487,CP-AP-r001:S-P02-S12:GS05:p0001,4,0,0,0,0
3488,CP-AP-r001:S-P02-S12:GS05:p0002,7,0,0,0,0
3489,CP-AP-r001:S-P02-S12:GS05:p0003,7,0,0,0,0
3490,CP-AP-r001:S-P02-S12:GS05:p0004,8,0,0,0,0
3491,CP-AP-r001:S-P02-S12:GS05:p0005,7,0,0,0,0
3492,CP-AP-r001:S-P02-S12:GS05:p0006,7,0,0,0,0
3493,CP-AP-r001:S-P02-S12:GS05:p0007,7,0,0,0,0
3494,CP-AP-r001:S-P02-S12:GS05:p0008,8,0,0,0,0
3495,CP-AP-r001:S-P02-S12:GS05:p0009,5,0,0,0,0
3496,CP-AP-r001:S-P02-S12:GS05:p0010,6,0,0,0,0
3497,CP-AP-r001:S-P02-S12:GS05:p0011,7,0,0,0,0
3498,CP-AP-r001:S-P02-S12:GS05:p0012,8,0,0,0,0
3499,CP-AP-r001:S-P02-S12:GS06:p0001,7,0,0,0,0
3500,CP-AP-r001:S-P02-S12:GS06:p0002,7,0,0,0,0
3501,CP-AP-r001:S-P02-S12:GS06:p0003,8,0,0,0,0
3502,CP-AP-r001:S-P02-S12:GS06:p0004,6,0,0,0,0
3503,CP-AP-r001:S-P02-S12:GS06:p0005,7,0,0,0,0
3504,CP-AP-r001:S-P02-S12:GS06:p0006,7,0,0,0,0
3505,CP-AP-r001:S-P02-S12:GS06:p0007,10,0,0,0,0
3506,CP-AP-r001:S-P02-S12:GS06:p0008,7,0,0,0,0
3507,CP-AP-r001:S-P02-S12:GS06:p0009,4,0,0,0,0
3508,CP-AP-r001:S-P02-S12:GS06:p0010,7,0,0,0,0
3509,CP-AP-r001:S-P02-S12:GS06:p0011,7,0,0,0,0
3510,CP-AP-r001:S-P02-S12:GS06:p0012,8,0,0,0,0
3511,CP-AP-r001:S-P02-S12:GS07:p0001,9,0,0,0,0
3512,CP-AP-r001:S-P02-S12:GS07:p0002,8,0,0,0,0
3513,CP-AP-r001:S-P02-S12:GS07:p0003,9,0,0,0,0
3514,CP-AP-r001:S-P02-S12:GS07:p0004,8,0,0,0,0
3515,CP-AP-r001:S-P02-S12:GS07:p0005,9,0,0,0,0
3516,CP-AP-r001:S-P02-S12:GS07:p0006,8,0,0,0,0
3517,CP-AP-r001:S-P02-S12:GS07:p0007,9,0,0,0,0
3518,CP-AP-r001:S-P02-S12:GS07:p0008,8,0,0,0,0
3519,CP-AP-r001:S-P02-S12:GS07:p0009,9,0,0,0,0
3520,CP-AP-r001:S-P02-S12:GS07:p0010,7,0,0,0,0
3521,CP-AP-r001:S-P02-S12:GS07:p0011,10,0,0,0,0
3522,CP-AP-r001:S-P02-S12:GS07:p0012,8,0,0,0,0
3523,CP-AP-r001:S-P02-S12:GS08:p0001,8,0,0,0,0
3524,CP-AP-r001:S-P02-S12:GS08:p0002,8,0,0,0,0
3525,CP-AP-r001:S-P02-S12:GS08:p0003,10,0,0,0,0
3526,CP-AP-r001:S-P02-S12:GS08:p0004,9,0,0,0,0
3527,CP-AP-r001:S-P02-S12:GS08:p0005,8,0,0,0,0
3528,CP-AP-r001:S-P02-S12:GS08:p0006,8,0,0,0,0
3529,CP-AP-r001:S-P02-S12:GS08:p0007,10,0,0,0,0
3530,CP-AP-r001:S-P02-S12:GS08:p0008,8,0,0,0,0
3531,CP-AP-r001:S-P02-S12:GS08:p0009,8,0,0,0,0
3532,CP-AP-r001:S-P02-S12:GS08:p0010,8,0,0,0,0
3533,CP-AP-r001:S-P02-S12:GS08:p0011,8,0,0,0,0
3534,CP-AP-r001:S-P02-S12:GS08:p0012,8,0,0,0,0
3535,CP-AP-r001:S-P02-S12:GS09:p0001,8,0,0,0,0
3536,CP-AP-r001:S-P02-S12:GS09:p0002,10,0,0,0,0
3537,CP-AP-r001:S-P02-S12:GS09:p0003,8,0,0,0,0
3538,CP-AP-r001:S-P02-S12:GS09:p0004,8,0,0,0,0
3539,CP-AP-r001:S-P02-S12:GS09:p0005,9,0,0,0,0
3540,CP-AP-r001:S-P02-S12:GS09:p0006,8,0,0,0,0
3541,CP-AP-r001:S-P02-S12:GS09:p0007,10,0,0,0,0
3542,CP-AP-r001:S-P02-S12:GS09:p0008,8,0,0,0,0
3543,CP-AP-r001:S-P02-S12:GS09:p0009,9,0,0,0,0
3544,CP-AP-r001:S-P02-S12:GS09:p0010,8,0,0,0,0
3545,CP-AP-r001:S-P02-S12:GS09:p0011,10,0,0,0,0
3546,CP-AP-r001:S-P02-S12:GS09:p0012,10,0,0,0,0
3547,CP-AP-r001:S-P02-S12:GS09:p0013,10,0,0,0,0
3548,CP-AP-r001:S-P02-S12:GS10:p0001,7,0,0,0,0
3549,CP-AP-r001:S-P02-S12:GS10:p0002,7,0,0,0,0
3550,CP-AP-r001:S-P02-S12:GS10:p0003,7,0,0,0,0
3551,CP-AP-r001:S-P02-S12:GS10:p0004,8,0,0,0,0
3552,CP-AP-r001:S-P02-S12:GS10:p0005,8,0,0,0,0
3553,CP-AP-r001:S-P02-S12:GS10:p0006,7,0,0,0,0
3554,CP-AP-r001:S-P02-S12:GS10:p0007,8,0,0,0,0
3555,CP-AP-r001:S-P02-S12:GS10:p0008,8,0,0,0,0
3556,CP-AP-r001:S-P02-S12:GS10:p0009,8,0,0,0,0
3557,CP-AP-r001:S-P02-S12:GS10:p0010,8,0,0,0,0
3558,CP-AP-r001:S-P02-S12:GS10:p0011,8,0,0,0,0
3559,CP-AP-r001:S-P02-S12:GS10:p0012,9,0,0,0,0
3560,CP-AP-r001:S-P02-S12:GS10:p0013,9,0,0,0,0
3561,CP-AP-r001:S-P02-S12:GS10:p0014,8,0,0,0,0
3562,CP-AP-r001:S-P02-S12:GS10:p0015,8,0,0,0,0
3563,CP-AP-r001:S-P02-S12:GS11:p0001,9,0,0,0,0
3564,CP-AP-r001:S-P02-S12:GS11:p0002,9,0,0,0,0
3565,CP-AP-r001:S-P02-S12:GS11:p0003,9,0,0,0,0
3566,CP-AP-r001:S-P02-S12:GS11:p0004,8,0,0,0,0
3567,CP-AP-r001:S-P02-S12:GS11:p0005,9,0,0,0,0
3568,CP-AP-r001:S-P02-S12:GS11:p0006,7,0,0,0,0
3569,CP-AP-r001:S-P02-S12:GS11:p0007,10,0,0,0,0
3570,CP-AP-r001:S-P02-S12:GS11:p0008,8,0,0,0,0
3571,CP-AP-r001:S-P02-S12:GS11:p0009,7,0,0,0,0
3572,CP-AP-r001:S-P02-S12:GS11:p0010,7,0,0,0,0
3573,CP-AP-r001:S-P02-S12:GS11:p0011,9,0,0,0,0
3574,CP-AP-r001:S-P02-S12:GS11:p0012,10,0,0,0,0
3575,CP-AP-r001:S-P02-S12:GS11:p0013,8,0,0,0,0
3576,CP-AP-r001:S-P02-S12:GS12:p0001,8,0,0,0,0
3577,CP-AP-r001:S-P02-S12:GS12:p0002,8,0,0,0,0
3578,CP-AP-r001:S-P02-S12:GS12:p0003,10,0,0,0,0
3579,CP-AP-r001:S-P02-S12:GS12:p0004,8,0,0,0,0
3580,CP-AP-r001:S-P02-S12:GS12:p0005,8,0,0,0,0
3581,CP-AP-r001:S-P02-S12:GS12:p0006,8,0,0,0,0
3582,CP-AP-r001:S-P02-S12:GS12:p0007,10,0,0,0,0
3583,CP-AP-r001:S-P02-S12:GS12:p0008,8,0,0,0,0
3584,CP-AP-r001:S-P02-S12:GS12:p0009,10,0,0,0,0
3585,CP-AP-r001:S-P02-S12:GS12:p0010,8,0,0,0,0
3586,CP-AP-r001:S-P02-S12:GS12:p0011,9,0,0,0,0
3587,CP-AP-r001:S-P02-S12:GS12:p0012,8,0,0,0,0
3588,CP-AP-r001:S-P03-S01:GS01:p0002,7,0,0,0,0
3589,CP-AP-r001:S-P03-S01:GS01:p0003,5,0,0,0,0
3590,CP-AP-r001:S-P03-S01:GS01:p0004,7,0,0,0,0
3591,CP-AP-r001:S-P03-S01:GS01:p0005,6,0,0,0,0
3592,CP-AP-r001:S-P03-S01:GS01:p0006,7,0,0,0,0
3593,CP-AP-r001:S-P03-S01:GS01:p0007,4,0,0,0,0
3594,CP-AP-r001:S-P03-S01:GS01:p0008,6,0,0,0,0
3595,CP-AP-r001:S-P03-S01:GS01:p0009,6,0,0,0,0
3596,CP-AP-r001:S-P03-S01:GS01:p0010,7,0,0,0,0
3597,CP-AP-r001:S-P03-S01:GS01:p0011,6,0,0,0,0
3598,CP-AP-r001:S-P03-S01:GS01:p0012,7,0,0,0,0
3599,CP-AP-r001:S-P03-S01:GS01:p0013,6,0,0,0,0
3600,CP-AP-r001:S-P03-S01:GS02:p0001,3,0,0,0,0
3601,CP-AP-r001:S-P03-S01:GS02:p0002,6,0,0,0,0
3602,CP-AP-r001:S-P03-S01:GS02:p0003,5,0,0,0,0
3603,CP-AP-r001:S-P03-S01:GS02:p0004,6,0,0,0,0
3604,CP-AP-r001:S-P03-S01:GS02:p0005,6,0,0,0,0
3605,CP-AP-r001:S-P03-S01:GS02:p0006,8,0,0,0,0
3606,CP-AP-r001:S-P03-S01:GS02:p0007,6,0,0,0,0
3607,CP-AP-r001:S-P03-S01:GS02:p0008,6,0,0,0,0
3608,CP-AP-r001:S-P03-S01:GS02:p0009,6,0,0,0,0
3609,CP-AP-r001:S-P03-S01:GS02:p0010,7,0,0,0,0
3610,CP-AP-r001:S-P03-S01:GS02:p0011,6,0,0,0,0
3611,CP-AP-r001:S-P03-S01:GS02:p0012,6,0,0,0,0
3612,CP-AP-r001:S-P03-S01:GS03:p0001,3,0,0,0,0
3613,CP-AP-r001:S-P03-S01:GS03:p0002,6,0,0,0,0
3614,CP-AP-r001:S-P03-S01:GS03:p0003,6,0,0,0,0
3615,CP-AP-r001:S-P03-S01:GS03:p0004,7,0,0,0,0
3616,CP-AP-r001:S-P03-S01:GS03:p0005,6,0,0,0,0
3617,CP-AP-r001:S-P03-S01:GS03:p0006,6,0,0,0,0
3618,CP-AP-r001:S-P03-S01:GS03:p0007,7,0,0,0,0
3619,CP-AP-r001:S-P03-S01:GS03:p0008,4,0,0,0,0
3620,CP-AP-r001:S-P03-S01:GS03:p0009,5,0,0,0,0
3621,CP-AP-r001:S-P03-S01:GS03:p0010,4,0,0,0,0
3622,CP-AP-r001:S-P03-S01:GS03:p0011,8,0,0,0,0
3623,CP-AP-r001:S-P03-S01:GS04:p0001,3,0,0,0,0
3624,CP-AP-r001:S-P03-S01:GS04:p0002,6,0,0,0,0
3625,CP-AP-r001:S-P03-S01:GS04:p0003,6,0,0,0,0
3626,CP-AP-r001:S-P03-S01:GS04:p0004,6,0,0,0,0
3627,CP-AP-r001:S-P03-S01:GS04:p0005,6,0,0,0,0
3628,CP-AP-r001:S-P03-S01:GS04:p0006,6,0,0,0,0
3629,CP-AP-r001:S-P03-S01:GS04:p0007,6,0,0,0,0
3630,CP-AP-r001:S-P03-S01:GS04:p0008,4,0,0,0,0
3631,CP-AP-r001:S-P03-S01:GS04:p0009,7,0,0,0,0
3632,CP-AP-r001:S-P03-S01:GS04:p0010,6,0,0,0,0
3633,CP-AP-r001:S-P03-S01:GS04:p0011,6,0,0,0,0
3634,CP-AP-r001:S-P03-S01:GS04:p0012,6,0,0,0,0
3635,CP-AP-r001:S-P03-S01:GS04:p0013,7,0,0,0,0
3636,CP-AP-r001:S-P03-S01:GS05:p0001,3,0,0,0,0
3637,CP-AP-r001:S-P03-S01:GS05:p0002,4,0,0,0,0
3638,CP-AP-r001:S-P03-S01:GS05:p0003,6,0,0,0,0
3639,CP-AP-r001:S-P03-S01:GS05:p0004,6,0,0,0,0
3640,CP-AP-r001:S-P03-S01:GS05:p0005,7,0,0,0,0
3641,CP-AP-r001:S-P03-S01:GS05:p0006,6,0,0,0,0
3642,CP-AP-r001:S-P03-S01:GS05:p0007,8,0,0,0,0
3643,CP-AP-r001:S-P03-S01:GS05:p0008,6,0,0,0,0
3644,CP-AP-r001:S-P03-S01:GS05:p0009,7,0,0,0,0
3645,CP-AP-r001:S-P03-S01:GS05:p0010,6,0,0,0,0
3646,CP-AP-r001:S-P03-S01:GS05:p0011,7,0,0,0,0
3647,CP-AP-r001:S-P03-S01:GS05:p0012,6,0,0,0,0
3648,CP-AP-r001:S-P03-S01:GS05:p0013,6,0,0,0,0
3649,CP-AP-r001:S-P03-S01:GS06:p0001,4,0,0,0,0
3650,CP-AP-r001:S-P03-S01:GS06:p0002,6,0,0,0,0
3651,CP-AP-r001:S-P03-S01:GS06:p0003,6,0,0,0,0
3652,CP-AP-r001:S-P03-S01:GS06:p0004,6,0,0,0,0
3653,CP-AP-r001:S-P03-S01:GS06:p0005,7,0,0,0,0
3654,CP-AP-r001:S-P03-S01:GS06:p0006,6,0,0,0,0
3655,CP-AP-r001:S-P03-S01:GS06:p0007,6,0,0,0,0
3656,CP-AP-r001:S-P03-S01:GS06:p0008,7,0,0,0,0
3657,CP-AP-r001:S-P03-S01:GS06:p0009,5,0,0,0,0
3658,CP-AP-r001:S-P03-S01:GS06:p0010,7,0,0,0,0
3659,CP-AP-r001:S-P03-S01:GS06:p0011,6,0,0,0,0
3660,CP-AP-r001:S-P03-S01:GS06:p0012,7,0,0,0,0
3661,CP-AP-r001:S-P03-S01:GS07:p0001,4,0,0,0,0
3662,CP-AP-r001:S-P03-S01:GS07:p0002,8,0,0,0,0
3663,CP-AP-r001:S-P03-S01:GS07:p0003,8,0,0,0,0
3664,CP-AP-r001:S-P03-S01:GS07:p0004,7,0,0,0,0
3665,CP-AP-r001:S-P03-S01:GS07:p0005,8,0,0,0,0
3666,CP-AP-r001:S-P03-S01:GS07:p0006,8,0,0,0,0
3667,CP-AP-r001:S-P03-S01:GS07:p0007,7,0,0,0,0
3668,CP-AP-r001:S-P03-S01:GS07:p0008,8,0,0,0,0
3669,CP-AP-r001:S-P03-S01:GS07:p0009,9,0,0,0,0
3670,CP-AP-r001:S-P03-S01:GS07:p0010,9,0,0,0,0
3671,CP-AP-r001:S-P03-S01:GS07:p0011,8,0,0,0,0
3672,CP-AP-r001:S-P03-S01:GS07:p0012,5,0,0,0,0
3673,CP-AP-r001:S-P03-S01:GS07:p0013,8,0,0,0,0
3674,CP-AP-r001:S-P03-S01:GS07:p0014,9,0,0,0,0
3675,CP-AP-r001:S-P03-S01:GS07:p0015,8,0,0,0,0
3676,CP-AP-r001:S-P03-S01:GS08:p0001,4,0,0,0,0
3677,CP-AP-r001:S-P03-S01:GS08:p0002,8,0,0,0,0
3678,CP-AP-r001:S-P03-S01:GS08:p0003,7,0,0,0,0
3679,CP-AP-r001:S-P03-S01:GS08:p0004,7,0,0,0,0
3680,CP-AP-r001:S-P03-S01:GS08:p0005,8,0,0,0,0
3681,CP-AP-r001:S-P03-S01:GS08:p0006,8,0,0,0,0
3682,CP-AP-r001:S-P03-S01:GS08:p0007,8,0,0,0,0
3683,CP-AP-r001:S-P03-S01:GS08:p0008,8,0,0,0,0
3684,CP-AP-r001:S-P03-S01:GS08:p0009,8,0,0,0,0
3685,CP-AP-r001:S-P03-S01:GS08:p0010,8,0,0,0,0
3686,CP-AP-r001:S-P03-S01:GS08:p0011,8,0,0,0,0
3687,CP-AP-r001:S-P03-S01:GS08:p0012,7,0,0,0,0
3688,CP-AP-r001:S-P03-S01:GS08:p0013,9,0,0,0,0
3689,CP-AP-r001:S-P03-S01:GS09:p0001,4,0,0,0,0
3690,CP-AP-r001:S-P03-S01:GS09:p0002,9,0,0,0,0
3691,CP-AP-r001:S-P03-S01:GS09:p0003,7,0,0,0,0
3692,CP-AP-r001:S-P03-S01:GS09:p0004,9,0,0,0,0
3693,CP-AP-r001:S-P03-S01:GS09:p0005,9,0,0,0,0
3694,CP-AP-r001:S-P03-S01:GS09:p0006,9,0,0,0,0
3695,CP-AP-r001:S-P03-S01:GS09:p0007,7,0,0,0,0
3696,CP-AP-r001:S-P03-S01:GS09:p0008,7,0,0,0,0
3697,CP-AP-r001:S-P03-S01:GS09:p0009,8,0,0,0,0
3698,CP-AP-r001:S-P03-S01:GS09:p0010,10,0,0,0,0
3699,CP-AP-r001:S-P03-S01:GS09:p0011,7,0,0,0,0
3700,CP-AP-r001:S-P03-S01:GS09:p0012,7,0,0,0,0
3701,CP-AP-r001:S-P03-S01:GS09:p0013,8,0,0,0,0
3702,CP-AP-r001:S-P03-S01:GS10:p0001,4,0,0,0,0
3703,CP-AP-r001:S-P03-S01:GS10:p0002,8,0,0,0,0
3704,CP-AP-r001:S-P03-S01:GS10:p0003,10,0,0,0,0
3705,CP-AP-r001:S-P03-S01:GS10:p0004,6,0,0,0,0
3706,CP-AP-r001:S-P03-S01:GS10:p0005,8,0,0,0,0
3707,CP-AP-r001:S-P03-S01:GS10:p0006,7,0,0,0,0
3708,CP-AP-r001:S-P03-S01:GS10:p0007,8,0,0,0,0
3709,CP-AP-r001:S-P03-S01:GS10:p0008,10,0,0,0,0
3710,CP-AP-r001:S-P03-S01:GS10:p0009,7,0,0,0,0
3711,CP-AP-r001:S-P03-S01:GS10:p0010,7,0,0,0,0
3712,CP-AP-r001:S-P03-S01:GS10:p0011,7,0,0,0,0
3713,CP-AP-r001:S-P03-S01:GS10:p0012,10,0,0,0,0
3714,CP-AP-r001:S-P03-S01:GS10:p0013,8,0,0,0,0
3715,CP-AP-r001:S-P03-S01:GS11:p0001,4,0,0,0,0
3716,CP-AP-r001:S-P03-S01:GS11:p0002,5,0,0,0,0
3717,CP-AP-r001:S-P03-S01:GS11:p0003,8,0,0,0,0
3718,CP-AP-r001:S-P03-S01:GS11:p0004,8,0,0,0,0
3719,CP-AP-r001:S-P03-S01:GS11:p0005,8,0,0,0,0
3720,CP-AP-r001:S-P03-S01:GS11:p0006,5,0,0,0,0
3721,CP-AP-r001:S-P03-S01:GS11:p0007,8,0,0,0,0
3722,CP-AP-r001:S-P03-S01:GS11:p0008,10,0,0,0,0
3723,CP-AP-r001:S-P03-S01:GS11:p0009,8,0,0,0,0
3724,CP-AP-r001:S-P03-S01:GS11:p0010,8,0,0,0,0
3725,CP-AP-r001:S-P03-S01:GS11:p0011,8,0,0,0,0
3726,CP-AP-r001:S-P03-S01:GS11:p0012,10,0,0,0,0
3727,CP-AP-r001:S-P03-S01:GS11:p0013,7,0,0,0,0
3728,CP-AP-r001:S-P03-S01:GS11:p0014,8,0,0,0,0
3729,CP-AP-r001:S-P03-S01:GS12:p0001,4,0,0,0,0
3730,CP-AP-r001:S-P03-S01:GS12:p0002,7,0,0,0,0
3731,CP-AP-r001:S-P03-S01:GS12:p0003,8,0,0,0,0
3732,CP-AP-r001:S-P03-S01:GS12:p0004,8,0,0,0,0
3733,CP-AP-r001:S-P03-S01:GS12:p0005,8,0,0,0,0
3734,CP-AP-r001:S-P03-S01:GS12:p0006,9,0,0,0,0
3735,CP-AP-r001:S-P03-S01:GS12:p0007,7,0,0,0,0
3736,CP-AP-r001:S-P03-S01:GS12:p0008,8,0,0,0,0
3737,CP-AP-r001:S-P03-S01:GS12:p0009,8,0,0,0,0
3738,CP-AP-r001:S-P03-S01:GS12:p0010,8,0,0,0,0
3739,CP-AP-r001:S-P03-S01:GS12:p0011,7,0,0,0,0
3740,CP-AP-r001:S-P03-S01:GS12:p0012,8,0,0,0,0
3741,CP-AP-r001:S-P03-S01:GS12:p0013,8,0,0,0,0
3742,CP-AP-r001:S-P03-S02:GS01:p0002,6,0,0,0,0
3743,CP-AP-r001:S-P03-S02:GS01:p0003,6,0,0,0,0
3744,CP-AP-r001:S-P03-S02:GS01:p0004,7,0,0,0,0
3745,CP-AP-r001:S-P03-S02:GS01:p0005,7,0,0,0,0
3746,CP-AP-r001:S-P03-S02:GS01:p0006,6,0,0,0,0
3747,CP-AP-r001:S-P03-S02:GS01:p0007,5,0,0,0,0
3748,CP-AP-r001:S-P03-S02:GS01:p0008,6,0,0,0,0
3749,CP-AP-r001:S-P03-S02:GS01:p0009,7,0,0,0,0
3750,CP-AP-r001:S-P03-S02:GS01:p0010,6,0,0,0,0
3751,CP-AP-r001:S-P03-S02:GS01:p0011,6,0,0,0,0
3752,CP-AP-r001:S-P03-S02:GS01:p0012,8,0,0,0,0
3753,CP-AP-r001:S-P03-S02:GS01:p0013,7,0,0,0,0
3754,CP-AP-r001:S-P03-S02:GS02:p0002,5,0,0,0,0
3755,CP-AP-r001:S-P03-S02:GS02:p0003,5,0,0,0,0
3756,CP-AP-r001:S-P03-S02:GS02:p0004,8,0,0,0,0
3757,CP-AP-r001:S-P03-S02:GS02:p0005,7,0,0,0,0
3758,CP-AP-r001:S-P03-S02:GS02:p0006,6,0,0,0,0
3759,CP-AP-r001:S-P03-S02:GS02:p0007,4,0,0,0,0
3760,CP-AP-r001:S-P03-S02:GS02:p0008,7,0,0,0,0
3761,CP-AP-r001:S-P03-S02:GS02:p0009,7,0,0,0,0
3762,CP-AP-r001:S-P03-S02:GS02:p0010,6,0,0,0,0
3763,CP-AP-r001:S-P03-S02:GS02:p0011,7,0,0,0,0
3764,CP-AP-r001:S-P03-S02:GS02:p0012,7,0,0,0,0
3765,CP-AP-r001:S-P03-S02:GS02:p0013,7,0,0,0,0
3766,CP-AP-r001:S-P03-S02:GS03:p0002,7,0,0,0,0
3767,CP-AP-r001:S-P03-S02:GS03:p0003,7,0,0,0,0
3768,CP-AP-r001:S-P03-S02:GS03:p0004,7,0,0,0,0
3769,CP-AP-r001:S-P03-S02:GS03:p0005,7,0,0,0,0
3770,CP-AP-r001:S-P03-S02:GS03:p0006,7,0,0,0,0
3771,CP-AP-r001:S-P03-S02:GS03:p0007,7,0,0,0,0
3772,CP-AP-r001:S-P03-S02:GS03:p0008,6,0,0,0,0
3773,CP-AP-r001:S-P03-S02:GS03:p0009,7,0,0,0,0
3774,CP-AP-r001:S-P03-S02:GS03:p0010,6,0,0,0,0
3775,CP-AP-r001:S-P03-S02:GS03:p0011,8,0,0,0,0
3776,CP-AP-r001:S-P03-S02:GS04:p0001,2,0,0,0,0
3777,CP-AP-r001:S-P03-S02:GS04:p0002,7,0,0,0,0
3778,CP-AP-r001:S-P03-S02:GS04:p0003,7,0,0,0,0
3779,CP-AP-r001:S-P03-S02:GS04:p0004,8,0,0,0,0
3780,CP-AP-r001:S-P03-S02:GS04:p0005,6,0,0,0,0
3781,CP-AP-r001:S-P03-S02:GS04:p0006,7,0,0,0,0
3782,CP-AP-r001:S-P03-S02:GS04:p0007,7,0,0,0,0
3783,CP-AP-r001:S-P03-S02:GS04:p0008,6,0,0,0,0
3784,CP-AP-r001:S-P03-S02:GS04:p0009,6,0,0,0,0
3785,CP-AP-r001:S-P03-S02:GS04:p0010,7,0,0,0,0
3786,CP-AP-r001:S-P03-S02:GS04:p0011,7,0,0,0,0
3787,CP-AP-r001:S-P03-S02:GS04:p0012,6,0,0,0,0
3788,CP-AP-r001:S-P03-S02:GS05:p0001,2,0,0,0,0
3789,CP-AP-r001:S-P03-S02:GS05:p0002,5,0,0,0,0
3790,CP-AP-r001:S-P03-S02:GS05:p0003,6,0,0,0,0
3791,CP-AP-r001:S-P03-S02:GS05:p0004,7,0,0,0,0
3792,CP-AP-r001:S-P03-S02:GS05:p0005,6,0,0,0,0
3793,CP-AP-r001:S-P03-S02:GS05:p0006,6,0,0,0,0
3794,CP-AP-r001:S-P03-S02:GS05:p0007,8,0,0,0,0
3795,CP-AP-r001:S-P03-S02:GS05:p0008,7,0,0,0,0
3796,CP-AP-r001:S-P03-S02:GS05:p0009,6,0,0,0,0
3797,CP-AP-r001:S-P03-S02:GS05:p0010,7,0,0,0,0
3798,CP-AP-r001:S-P03-S02:GS05:p0011,7,0,0,0,0
3799,CP-AP-r001:S-P03-S02:GS05:p0012,7,0,0,0,0
3800,CP-AP-r001:S-P03-S02:GS05:p0013,6,0,0,0,0
3801,CP-AP-r001:S-P03-S02:GS06:p0001,2,0,0,0,0
3802,CP-AP-r001:S-P03-S02:GS06:p0002,4,0,0,0,0
3803,CP-AP-r001:S-P03-S02:GS06:p0003,7,0,0,0,0
3804,CP-AP-r001:S-P03-S02:GS06:p0004,7,0,0,0,0
3805,CP-AP-r001:S-P03-S02:GS06:p0005,6,0,0,0,0
3806,CP-AP-r001:S-P03-S02:GS06:p0006,7,0,0,0,0
3807,CP-AP-r001:S-P03-S02:GS06:p0007,7,0,0,0,0
3808,CP-AP-r001:S-P03-S02:GS06:p0008,6,0,0,0,0
3809,CP-AP-r001:S-P03-S02:GS06:p0009,6,0,0,0,0
3810,CP-AP-r001:S-P03-S02:GS06:p0010,7,0,0,0,0
3811,CP-AP-r001:S-P03-S02:GS06:p0011,7,0,0,0,0
3812,CP-AP-r001:S-P03-S02:GS06:p0012,6,0,0,0,0
3813,CP-AP-r001:S-P03-S02:GS07:p0002,7,0,0,0,0
3814,CP-AP-r001:S-P03-S02:GS07:p0003,8,0,0,0,0
3815,CP-AP-r001:S-P03-S02:GS07:p0004,7,0,0,0,0
3816,CP-AP-r001:S-P03-S02:GS07:p0005,9,0,0,0,0
3817,CP-AP-r001:S-P03-S02:GS07:p0006,8,0,0,0,0
3818,CP-AP-r001:S-P03-S02:GS07:p0007,8,0,0,0,0
3819,CP-AP-r001:S-P03-S02:GS07:p0008,7,0,0,0,0
3820,CP-AP-r001:S-P03-S02:GS07:p0009,7,0,0,0,0
3821,CP-AP-r001:S-P03-S02:GS07:p0010,8,0,0,0,0
3822,CP-AP-r001:S-P03-S02:GS07:p0011,8,0,0,0,0
3823,CP-AP-r001:S-P03-S02:GS07:p0012,6,0,0,0,0
3824,CP-AP-r001:S-P03-S02:GS07:p0013,8,0,0,0,0
3825,CP-AP-r001:S-P03-S02:GS07:p0014,8,0,0,0,0
3826,CP-AP-r001:S-P03-S02:GS07:p0015,8,0,0,0,0
3827,CP-AP-r001:S-P03-S02:GS08:p0002,7,0,0,0,0
3828,CP-AP-r001:S-P03-S02:GS08:p0003,9,0,0,0,0
3829,CP-AP-r001:S-P03-S02:GS08:p0004,8,0,0,0,0
3830,CP-AP-r001:S-P03-S02:GS08:p0005,7,0,0,0,0
3831,CP-AP-r001:S-P03-S02:GS08:p0006,7,0,0,0,0
3832,CP-AP-r001:S-P03-S02:GS08:p0007,10,0,0,0,0
3833,CP-AP-r001:S-P03-S02:GS08:p0008,8,0,0,0,0
3834,CP-AP-r001:S-P03-S02:GS08:p0009,8,0,0,0,0
3835,CP-AP-r001:S-P03-S02:GS08:p0010,7,0,0,0,0
3836,CP-AP-r001:S-P03-S02:GS08:p0011,9,0,0,0,0
3837,CP-AP-r001:S-P03-S02:GS08:p0012,7,0,0,0,0
3838,CP-AP-r001:S-P03-S02:GS08:p0013,8,0,0,0,0
3839,CP-AP-r001:S-P03-S02:GS09:p0001,4,0,0,0,0
3840,CP-AP-r001:S-P03-S02:GS09:p0002,8,0,0,0,0
3841,CP-AP-r001:S-P03-S02:GS09:p0003,8,0,0,0,0
3842,CP-AP-r001:S-P03-S02:GS09:p0004,10,0,0,0,0
3843,CP-AP-r001:S-P03-S02:GS09:p0005,9,0,0,0,0
3844,CP-AP-r001:S-P03-S02:GS09:p0006,8,0,0,0,0
3845,CP-AP-r001:S-P03-S02:GS09:p0007,8,0,0,0,0
3846,CP-AP-r001:S-P03-S02:GS09:p0008,9,0,0,0,0
3847,CP-AP-r001:S-P03-S02:GS09:p0009,8,0,0,0,0
3848,CP-AP-r001:S-P03-S02:GS09:p0010,7,0,0,0,0
3849,CP-AP-r001:S-P03-S02:GS09:p0011,8,0,0,0,0
3850,CP-AP-r001:S-P03-S02:GS09:p0012,8,0,0,0,0
3851,CP-AP-r001:S-P03-S02:GS09:p0013,7,0,0,0,0
3852,CP-AP-r001:S-P03-S02:GS10:p0001,4,0,0,0,0
3853,CP-AP-r001:S-P03-S02:GS10:p0002,8,0,0,0,0
3854,CP-AP-r001:S-P03-S02:GS10:p0003,9,0,0,0,0
3855,CP-AP-r001:S-P03-S02:GS10:p0004,8,0,0,0,0
3856,CP-AP-r001:S-P03-S02:GS10:p0005,8,0,0,0,0
3857,CP-AP-r001:S-P03-S02:GS10:p0006,5,0,0,0,0
3858,CP-AP-r001:S-P03-S02:GS10:p0007,8,0,0,0,0
3859,CP-AP-r001:S-P03-S02:GS10:p0008,10,0,0,0,0
3860,CP-AP-r001:S-P03-S02:GS10:p0009,8,0,0,0,0
3861,CP-AP-r001:S-P03-S02:GS10:p0010,6,0,0,0,0
3862,CP-AP-r001:S-P03-S02:GS10:p0011,8,0,0,0,0
3863,CP-AP-r001:S-P03-S02:GS10:p0012,10,0,0,0,0
3864,CP-AP-r001:S-P03-S02:GS10:p0013,9,0,0,0,0
3865,CP-AP-r001:S-P03-S02:GS11:p0001,4,0,0,0,0
3866,CP-AP-r001:S-P03-S02:GS11:p0002,6,0,0,0,0
3867,CP-AP-r001:S-P03-S02:GS11:p0003,7,0,0,0,0
3868,CP-AP-r001:S-P03-S02:GS11:p0004,8,0,0,0,0
3869,CP-AP-r001:S-P03-S02:GS11:p0005,8,0,0,0,0
3870,CP-AP-r001:S-P03-S02:GS11:p0006,8,0,0,0,0
3871,CP-AP-r001:S-P03-S02:GS11:p0007,7,0,0,0,0
3872,CP-AP-r001:S-P03-S02:GS11:p0008,8,0,0,0,0
3873,CP-AP-r001:S-P03-S02:GS11:p0009,8,0,0,0,0
3874,CP-AP-r001:S-P03-S02:GS11:p0010,8,0,0,0,0
3875,CP-AP-r001:S-P03-S02:GS11:p0011,8,0,0,0,0
3876,CP-AP-r001:S-P03-S02:GS11:p0012,8,0,0,0,0
3877,CP-AP-r001:S-P03-S02:GS11:p0013,9,0,0,0,0
3878,CP-AP-r001:S-P03-S02:GS11:p0014,7,0,0,0,0
3879,CP-AP-r001:S-P03-S02:GS11:p0015,8,0,0,0,0
3880,CP-AP-r001:S-P03-S02:GS12:p0001,3,0,0,0,0
3881,CP-AP-r001:S-P03-S02:GS12:p0002,10,0,0,0,0
3882,CP-AP-r001:S-P03-S02:GS12:p0003,8,0,0,0,0
3883,CP-AP-r001:S-P03-S02:GS12:p0004,8,0,0,0,0
3884,CP-AP-r001:S-P03-S02:GS12:p0005,7,0,0,0,0
3885,CP-AP-r001:S-P03-S02:GS12:p0006,9,0,0,0,0
3886,CP-AP-r001:S-P03-S02:GS12:p0007,7,0,0,0,0
3887,CP-AP-r001:S-P03-S02:GS12:p0008,9,0,0,0,0
3888,CP-AP-r001:S-P03-S02:GS12:p0009,7,0,0,0,0
3889,CP-AP-r001:S-P03-S02:GS12:p0010,8,0,0,0,0
3890,CP-AP-r001:S-P03-S02:GS12:p0011,7,0,0,0,0
3891,CP-AP-r001:S-P03-S02:GS12:p0012,9,0,0,0,0
3892,CP-AP-r001:S-P03-S02:GS12:p0013,8,0,0,0,0
3893,CP-AP-r001:S-P03-S03:GS01:p0002,7,0,0,0,0
3894,CP-AP-r001:S-P03-S03:GS01:p0003,6,0,0,0,0
3895,CP-AP-r001:S-P03-S03:GS01:p0004,8,0,0,0,0
3896,CP-AP-r001:S-P03-S03:GS01:p0005,6,0,0,0,0
3897,CP-AP-r001:S-P03-S03:GS01:p0006,7,0,0,0,0
3898,CP-AP-r001:S-P03-S03:GS01:p0007,6,0,0,0,0
3899,CP-AP-r001:S-P03-S03:GS01:p0008,6,0,0,0,0
3900,CP-AP-r001:S-P03-S03:GS01:p0009,6,0,0,0,0
3901,CP-AP-r001:S-P03-S03:GS01:p0010,6,0,0,0,0
3902,CP-AP-r001:S-P03-S03:GS01:p0011,6,0,0,0,0
3903,CP-AP-r001:S-P03-S03:GS01:p0012,6,0,0,0,0
3904,CP-AP-r001:S-P03-S03:GS01:p0013,4,0,0,0,0
3905,CP-AP-r001:S-P03-S03:GS02:p0002,7,0,0,0,0
3906,CP-AP-r001:S-P03-S03:GS02:p0003,7,0,0,0,0
3907,CP-AP-r001:S-P03-S03:GS02:p0004,6,0,0,0,0
3908,CP-AP-r001:S-P03-S03:GS02:p0005,7,0,0,0,0
3909,CP-AP-r001:S-P03-S03:GS02:p0006,4,0,0,0,0
3910,CP-AP-r001:S-P03-S03:GS02:p0007,7,0,0,0,0
3911,CP-AP-r001:S-P03-S03:GS02:p0008,6,0,0,0,0
3912,CP-AP-r001:S-P03-S03:GS02:p0009,7,0,0,0,0
3913,CP-AP-r001:S-P03-S03:GS02:p0010,6,0,0,0,0
3914,CP-AP-r001:S-P03-S03:GS02:p0011,7,0,0,0,0
3915,CP-AP-r001:S-P03-S03:GS02:p0012,6,0,0,0,0
3916,CP-AP-r001:S-P03-S03:GS03:p0002,4,0,0,0,0
3917,CP-AP-r001:S-P03-S03:GS03:p0003,6,0,0,0,0
3918,CP-AP-r001:S-P03-S03:GS03:p0004,4,0,0,0,0
3919,CP-AP-r001:S-P03-S03:GS03:p0005,8,0,0,0,0
3920,CP-AP-r001:S-P03-S03:GS03:p0006,6,0,0,0,0
3921,CP-AP-r001:S-P03-S03:GS03:p0007,5,0,0,0,0
3922,CP-AP-r001:S-P03-S03:GS03:p0008,6,0,0,0,0
3923,CP-AP-r001:S-P03-S03:GS03:p0009,6,0,0,0,0
3924,CP-AP-r001:S-P03-S03:GS03:p0010,7,0,0,0,0
3925,CP-AP-r001:S-P03-S03:GS03:p0011,6,0,0,0,0
3926,CP-AP-r001:S-P03-S03:GS03:p0012,6,0,0,0,0
3927,CP-AP-r001:S-P03-S03:GS03:p0013,6,0,0,0,0
3928,CP-AP-r001:S-P03-S03:GS04:p0002,6,0,0,0,0
3929,CP-AP-r001:S-P03-S03:GS04:p0003,6,0,0,0,0
3930,CP-AP-r001:S-P03-S03:GS04:p0004,6,0,0,0,0
3931,CP-AP-r001:S-P03-S03:GS04:p0005,7,0,0,0,0
3932,CP-AP-r001:S-P03-S03:GS04:p0006,6,0,0,0,0
3933,CP-AP-r001:S-P03-S03:GS04:p0007,6,0,0,0,0
3934,CP-AP-r001:S-P03-S03:GS04:p0008,7,0,0,0,0
3935,CP-AP-r001:S-P03-S03:GS04:p0009,6,0,0,0,0
3936,CP-AP-r001:S-P03-S03:GS04:p0010,6,0,0,0,0
3937,CP-AP-r001:S-P03-S03:GS04:p0011,7,0,0,0,0
3938,CP-AP-r001:S-P03-S03:GS05:p0002,6,0,0,0,0
3939,CP-AP-r001:S-P03-S03:GS05:p0003,7,0,0,0,0
3940,CP-AP-r001:S-P03-S03:GS05:p0004,6,0,0,0,0
3941,CP-AP-r001:S-P03-S03:GS05:p0005,7,0,0,0,0
3942,CP-AP-r001:S-P03-S03:GS05:p0006,6,0,0,0,0
3943,CP-AP-r001:S-P03-S03:GS05:p0007,6,0,0,0,0
3944,CP-AP-r001:S-P03-S03:GS05:p0008,5,0,0,0,0
3945,CP-AP-r001:S-P03-S03:GS05:p0009,6,0,0,0,0
3946,CP-AP-r001:S-P03-S03:GS05:p0010,6,0,0,0,0
3947,CP-AP-r001:S-P03-S03:GS05:p0011,6,0,0,0,0
3948,CP-AP-r001:S-P03-S03:GS05:p0012,5,0,0,0,0
3949,CP-AP-r001:S-P03-S03:GS05:p0013,7,0,0,0,0
3950,CP-AP-r001:S-P03-S03:GS06:p0002,6,0,0,0,0
3951,CP-AP-r001:S-P03-S03:GS06:p0003,7,0,0,0,0
3952,CP-AP-r001:S-P03-S03:GS06:p0004,6,0,0,0,0
3953,CP-AP-r001:S-P03-S03:GS06:p0005,7,0,0,0,0
3954,CP-AP-r001:S-P03-S03:GS06:p0006,4,0,0,0,0
3955,CP-AP-r001:S-P03-S03:GS06:p0007,6,0,0,0,0
3956,CP-AP-r001:S-P03-S03:GS06:p0008,6,0,0,0,0
3957,CP-AP-r001:S-P03-S03:GS06:p0009,7,0,0,0,0
3958,CP-AP-r001:S-P03-S03:GS06:p0010,6,0,0,0,0
3959,CP-AP-r001:S-P03-S03:GS06:p0011,7,0,0,0,0
3960,CP-AP-r001:S-P03-S03:GS06:p0012,6,0,0,0,0
3961,CP-AP-r001:S-P03-S03:GS06:p0013,7,0,0,0,0
3962,CP-AP-r001:S-P03-S03:GS07:p0002,8,0,0,0,0
3963,CP-AP-r001:S-P03-S03:GS07:p0003,5,0,0,0,0
3964,CP-AP-r001:S-P03-S03:GS07:p0004,8,0,0,0,0
3965,CP-AP-r001:S-P03-S03:GS07:p0005,9,0,0,0,0
3966,CP-AP-r001:S-P03-S03:GS07:p0006,8,0,0,0,0
3967,CP-AP-r001:S-P03-S03:GS07:p0007,8,0,0,0,0
3968,CP-AP-r001:S-P03-S03:GS07:p0008,8,0,0,0,0
3969,CP-AP-r001:S-P03-S03:GS07:p0009,10,0,0,0,0
3970,CP-AP-r001:S-P03-S03:GS07:p0010,7,0,0,0,0
3971,CP-AP-r001:S-P03-S03:GS07:p0011,8,0,0,0,0
3972,CP-AP-r001:S-P03-S03:GS07:p0012,7,0,0,0,0
3973,CP-AP-r001:S-P03-S03:GS07:p0013,8,0,0,0,0
3974,CP-AP-r001:S-P03-S03:GS07:p0014,10,0,0,0,0
3975,CP-AP-r001:S-P03-S03:GS07:p0015,4,0,0,0,0
3976,CP-AP-r001:S-P03-S03:GS08:p0002,8,0,0,0,0
3977,CP-AP-r001:S-P03-S03:GS08:p0003,8,0,0,0,0
3978,CP-AP-r001:S-P03-S03:GS08:p0004,7,0,0,0,0
3979,CP-AP-r001:S-P03-S03:GS08:p0005,9,0,0,0,0
3980,CP-AP-r001:S-P03-S03:GS08:p0006,8,0,0,0,0
3981,CP-AP-r001:S-P03-S03:GS08:p0007,7,0,0,0,0
3982,CP-AP-r001:S-P03-S03:GS08:p0008,8,0,0,0,0
3983,CP-AP-r001:S-P03-S03:GS08:p0009,8,0,0,0,0
3984,CP-AP-r001:S-P03-S03:GS08:p0010,8,0,0,0,0
3985,CP-AP-r001:S-P03-S03:GS08:p0011,6,0,0,0,0
3986,CP-AP-r001:S-P03-S03:GS08:p0012,8,0,0,0,0
3987,CP-AP-r001:S-P03-S03:GS08:p0013,9,0,0,0,0
3988,CP-AP-r001:S-P03-S03:GS08:p0014,9,0,0,0,0
3989,CP-AP-r001:S-P03-S03:GS09:p0002,10,0,0,0,0
3990,CP-AP-r001:S-P03-S03:GS09:p0003,7,0,0,0,0
3991,CP-AP-r001:S-P03-S03:GS09:p0004,7,0,0,0,0
3992,CP-AP-r001:S-P03-S03:GS09:p0005,8,0,0,0,0
3993,CP-AP-r001:S-P03-S03:GS09:p0006,8,0,0,0,0
3994,CP-AP-r001:S-P03-S03:GS09:p0007,7,0,0,0,0
3995,CP-AP-r001:S-P03-S03:GS09:p0008,8,0,0,0,0
3996,CP-AP-r001:S-P03-S03:GS09:p0009,8,0,0,0,0
3997,CP-AP-r001:S-P03-S03:GS09:p0010,8,0,0,0,0
3998,CP-AP-r001:S-P03-S03:GS09:p0011,8,0,0,0,0
3999,CP-AP-r001:S-P03-S03:GS09:p0012,8,0,0,0,0
4000,CP-AP-r001:S-P03-S03:GS09:p0013,8,0,0,0,0
4001,CP-AP-r001:S-P03-S03:GS10:p0002,6,0,0,0,0
4002,CP-AP-r001:S-P03-S03:GS10:p0003,8,0,0,0,0
4003,CP-AP-r001:S-P03-S03:GS10:p0004,10,0,0,0,0
4004,CP-AP-r001:S-P03-S03:GS10:p0005,8,0,0,0,0
4005,CP-AP-r001:S-P03-S03:GS10:p0006,9,0,0,0,0
4006,CP-AP-r001:S-P03-S03:GS10:p0007,7,0,0,0,0
4007,CP-AP-r001:S-P03-S03:GS10:p0008,9,0,0,0,0
4008,CP-AP-r001:S-P03-S03:GS10:p0009,9,0,0,0,0
4009,CP-AP-r001:S-P03-S03:GS10:p0010,9,0,0,0,0
4010,CP-AP-r001:S-P03-S03:GS10:p0011,7,0,0,0,0
4011,CP-AP-r001:S-P03-S03:GS10:p0012,7,0,0,0,0
4012,CP-AP-r001:S-P03-S03:GS10:p0013,8,0,0,0,0
4013,CP-AP-r001:S-P03-S03:GS11:p0002,8,0,0,0,0
4014,CP-AP-r001:S-P03-S03:GS11:p0003,9,0,0,0,0
4015,CP-AP-r001:S-P03-S03:GS11:p0004,6,0,0,0,0
4016,CP-AP-r001:S-P03-S03:GS11:p0005,8,0,0,0,0
4017,CP-AP-r001:S-P03-S03:GS11:p0006,7,0,0,0,0
4018,CP-AP-r001:S-P03-S03:GS11:p0007,8,0,0,0,0
4019,CP-AP-r001:S-P03-S03:GS11:p0008,10,0,0,0,0
4020,CP-AP-r001:S-P03-S03:GS11:p0009,5,0,0,0,0
4021,CP-AP-r001:S-P03-S03:GS11:p0010,7,0,0,0,0
4022,CP-AP-r001:S-P03-S03:GS11:p0011,7,0,0,0,0
4023,CP-AP-r001:S-P03-S03:GS11:p0012,8,0,0,0,0
4024,CP-AP-r001:S-P03-S03:GS11:p0013,10,0,0,0,0
4025,CP-AP-r001:S-P03-S03:GS11:p0014,7,0,0,0,0
4026,CP-AP-r001:S-P03-S03:GS12:p0002,8,0,0,0,0
4027,CP-AP-r001:S-P03-S03:GS12:p0003,7,0,0,0,0
4028,CP-AP-r001:S-P03-S03:GS12:p0004,8,0,0,0,0
4029,CP-AP-r001:S-P03-S03:GS12:p0005,8,0,0,0,0
4030,CP-AP-r001:S-P03-S03:GS12:p0006,6,0,0,0,0
4031,CP-AP-r001:S-P03-S03:GS12:p0007,8,0,0,0,0
4032,CP-AP-r001:S-P03-S03:GS12:p0008,9,0,0,0,0
4033,CP-AP-r001:S-P03-S03:GS12:p0009,8,0,0,0,0
4034,CP-AP-r001:S-P03-S03:GS12:p0010,8,0,0,0,0
4035,CP-AP-r001:S-P03-S03:GS12:p0011,5,0,0,0,0
4036,CP-AP-r001:S-P03-S03:GS12:p0012,8,0,0,0,0
4037,CP-AP-r001:S-P03-S03:GS12:p0013,9,0,0,0,0
4038,CP-AP-r001:S-P03-S03:GS12:p0014,8,0,0,0,0
4039,CP-AP-r001:S-P03-S03:GS12:p0015,8,0,0,0,0
4040,CP-AP-r001:S-P03-S04:GS01:p0002,6,0,0,0,0
4041,CP-AP-r001:S-P03-S04:GS01:p0003,6,0,0,0,0
4042,CP-AP-r001:S-P03-S04:GS01:p0004,8,0,0,0,0
4043,CP-AP-r001:S-P03-S04:GS01:p0005,7,0,0,0,0
4044,CP-AP-r001:S-P03-S04:GS01:p0006,6,0,0,0,0
4045,CP-AP-r001:S-P03-S04:GS01:p0007,7,0,0,0,0
4046,CP-AP-r001:S-P03-S04:GS01:p0008,7,0,0,0,0
4047,CP-AP-r001:S-P03-S04:GS01:p0009,8,0,0,0,0
4048,CP-AP-r001:S-P03-S04:GS01:p0010,6,0,0,0,0
4049,CP-AP-r001:S-P03-S04:GS01:p0011,7,0,0,0,0
4050,CP-AP-r001:S-P03-S04:GS01:p0012,7,0,0,0,0
4051,CP-AP-r001:S-P03-S04:GS01:p0013,6,0,0,0,0
4052,CP-AP-r001:S-P03-S04:GS02:p0002,6,0,0,0,0
4053,CP-AP-r001:S-P03-S04:GS02:p0003,7,0,0,0,0
4054,CP-AP-r001:S-P03-S04:GS02:p0004,7,0,0,0,0
4055,CP-AP-r001:S-P03-S04:GS02:p0005,6,0,0,0,0
4056,CP-AP-r001:S-P03-S04:GS02:p0006,5,0,0,0,0
4057,CP-AP-r001:S-P03-S04:GS02:p0007,6,0,0,0,0
4058,CP-AP-r001:S-P03-S04:GS02:p0008,7,0,0,0,0
4059,CP-AP-r001:S-P03-S04:GS02:p0009,6,0,0,0,0
4060,CP-AP-r001:S-P03-S04:GS02:p0010,6,0,0,0,0
4061,CP-AP-r001:S-P03-S04:GS02:p0011,7,0,0,0,0
4062,CP-AP-r001:S-P03-S04:GS02:p0012,7,0,0,0,0
4063,CP-AP-r001:S-P03-S04:GS03:p0002,6,0,0,0,0
4064,CP-AP-r001:S-P03-S04:GS03:p0003,8,0,0,0,0
4065,CP-AP-r001:S-P03-S04:GS03:p0004,5,0,0,0,0
4066,CP-AP-r001:S-P03-S04:GS03:p0005,8,0,0,0,0
4067,CP-AP-r001:S-P03-S04:GS03:p0006,5,0,0,0,0
4068,CP-AP-r001:S-P03-S04:GS03:p0007,4,0,0,0,0
4069,CP-AP-r001:S-P03-S04:GS03:p0008,7,0,0,0,0
4070,CP-AP-r001:S-P03-S04:GS03:p0009,7,0,0,0,0
4071,CP-AP-r001:S-P03-S04:GS03:p0010,6,0,0,0,0
4072,CP-AP-r001:S-P03-S04:GS03:p0011,7,0,0,0,0
4073,CP-AP-r001:S-P03-S04:GS03:p0012,7,0,0,0,0
4074,CP-AP-r001:S-P03-S04:GS04:p0002,7,0,0,0,0
4075,CP-AP-r001:S-P03-S04:GS04:p0003,7,0,0,0,0
4076,CP-AP-r001:S-P03-S04:GS04:p0004,7,0,0,0,0
4077,CP-AP-r001:S-P03-S04:GS04:p0005,6,0,0,0,0
4078,CP-AP-r001:S-P03-S04:GS04:p0006,7,0,0,0,0
4079,CP-AP-r001:S-P03-S04:GS04:p0007,7,0,0,0,0
4080,CP-AP-r001:S-P03-S04:GS04:p0008,7,0,0,0,0
4081,CP-AP-r001:S-P03-S04:GS04:p0009,6,0,0,0,0
4082,CP-AP-r001:S-P03-S04:GS04:p0010,7,0,0,0,0
4083,CP-AP-r001:S-P03-S04:GS04:p0011,7,0,0,0,0
4084,CP-AP-r001:S-P03-S04:GS04:p0012,7,0,0,0,0
4085,CP-AP-r001:S-P03-S04:GS05:p0002,7,0,0,0,0
4086,CP-AP-r001:S-P03-S04:GS05:p0003,7,0,0,0,0
4087,CP-AP-r001:S-P03-S04:GS05:p0004,7,0,0,0,0
4088,CP-AP-r001:S-P03-S04:GS05:p0005,6,0,0,0,0
4089,CP-AP-r001:S-P03-S04:GS05:p0006,7,0,0,0,0
4090,CP-AP-r001:S-P03-S04:GS05:p0007,7,0,0,0,0
4091,CP-AP-r001:S-P03-S04:GS05:p0008,7,0,0,0,0
4092,CP-AP-r001:S-P03-S04:GS05:p0009,6,0,0,0,0
4093,CP-AP-r001:S-P03-S04:GS05:p0010,7,0,0,0,0
4094,CP-AP-r001:S-P03-S04:GS05:p0011,7,0,0,0,0
4095,CP-AP-r001:S-P03-S04:GS05:p0012,7,0,0,0,0
4096,CP-AP-r001:S-P03-S04:GS05:p0013,6,0,0,0,0
4097,CP-AP-r001:S-P03-S04:GS06:p0002,7,0,0,0,0
4098,CP-AP-r001:S-P03-S04:GS06:p0003,7,0,0,0,0
4099,CP-AP-r001:S-P03-S04:GS06:p0004,7,0,0,0,0
4100,CP-AP-r001:S-P03-S04:GS06:p0005,6,0,0,0,0
4101,CP-AP-r001:S-P03-S04:GS06:p0006,5,0,0,0,0
4102,CP-AP-r001:S-P03-S04:GS06:p0007,6,0,0,0,0
4103,CP-AP-r001:S-P03-S04:GS06:p0008,7,0,0,0,0
4104,CP-AP-r001:S-P03-S04:GS06:p0009,6,0,0,0,0
4105,CP-AP-r001:S-P03-S04:GS06:p0010,6,0,0,0,0
4106,CP-AP-r001:S-P03-S04:GS06:p0011,8,0,0,0,0
4107,CP-AP-r001:S-P03-S04:GS06:p0012,7,0,0,0,0
4108,CP-AP-r001:S-P03-S04:GS06:p0013,6,0,0,0,0
4109,CP-AP-r001:S-P03-S04:GS07:p0002,8,0,0,0,0
4110,CP-AP-r001:S-P03-S04:GS07:p0003,7,0,0,0,0
4111,CP-AP-r001:S-P03-S04:GS07:p0004,8,0,0,0,0
4112,CP-AP-r001:S-P03-S04:GS07:p0005,8,0,0,0,0
4113,CP-AP-r001:S-P03-S04:GS07:p0006,8,0,0,0,0
4114,CP-AP-r001:S-P03-S04:GS07:p0007,8,0,0,0,0
4115,CP-AP-r001:S-P03-S04:GS07:p0008,8,0,0,0,0
4116,CP-AP-r001:S-P03-S04:GS07:p0009,9,0,0,0,0
4117,CP-AP-r001:S-P03-S04:GS07:p0010,9,0,0,0,0
4118,CP-AP-r001:S-P03-S04:GS07:p0011,8,0,0,0,0
4119,CP-AP-r001:S-P03-S04:GS07:p0012,5,0,0,0,0
4120,CP-AP-r001:S-P03-S04:GS07:p0013,8,0,0,0,0
4121,CP-AP-r001:S-P03-S04:GS07:p0014,10,0,0,0,0
4122,CP-AP-r001:S-P03-S04:GS07:p0015,8,0,0,0,0
4123,CP-AP-r001:S-P03-S04:GS08:p0002,7,0,0,0,0
4124,CP-AP-r001:S-P03-S04:GS08:p0003,9,0,0,0,0
4125,CP-AP-r001:S-P03-S04:GS08:p0004,7,0,0,0,0
4126,CP-AP-r001:S-P03-S04:GS08:p0005,9,0,0,0,0
4127,CP-AP-r001:S-P03-S04:GS08:p0006,8,0,0,0,0
4128,CP-AP-r001:S-P03-S04:GS08:p0007,8,0,0,0,0
4129,CP-AP-r001:S-P03-S04:GS08:p0008,7,0,0,0,0
4130,CP-AP-r001:S-P03-S04:GS08:p0009,8,0,0,0,0
4131,CP-AP-r001:S-P03-S04:GS08:p0010,8,0,0,0,0
4132,CP-AP-r001:S-P03-S04:GS08:p0011,7,0,0,0,0
4133,CP-AP-r001:S-P03-S04:GS08:p0012,7,0,0,0,0
4134,CP-AP-r001:S-P03-S04:GS08:p0013,7,0,0,0,0
4135,CP-AP-r001:S-P03-S04:GS08:p0014,8,0,0,0,0
4136,CP-AP-r001:S-P03-S04:GS09:p0002,7,0,0,0,0
4137,CP-AP-r001:S-P03-S04:GS09:p0003,8,0,0,0,0
4138,CP-AP-r001:S-P03-S04:GS09:p0004,8,0,0,0,0
4139,CP-AP-r001:S-P03-S04:GS09:p0005,7,0,0,0,0
4140,CP-AP-r001:S-P03-S04:GS09:p0006,7,0,0,0,0
4141,CP-AP-r001:S-P03-S04:GS09:p0007,9,0,0,0,0
4142,CP-AP-r001:S-P03-S04:GS09:p0008,8,0,0,0,0
4143,CP-AP-r001:S-P03-S04:GS09:p0009,7,0,0,0,0
4144,CP-AP-r001:S-P03-S04:GS09:p0010,7,0,0,0,0
4145,CP-AP-r001:S-P03-S04:GS09:p0011,9,0,0,0,0
4146,CP-AP-r001:S-P03-S04:GS09:p0012,9,0,0,0,0
4147,CP-AP-r001:S-P03-S04:GS09:p0013,8,0,0,0,0
4148,CP-AP-r001:S-P03-S04:GS10:p0002,5,0,0,0,0
4149,CP-AP-r001:S-P03-S04:GS10:p0003,8,0,0,0,0
4150,CP-AP-r001:S-P03-S04:GS10:p0004,10,0,0,0,0
4151,CP-AP-r001:S-P03-S04:GS10:p0005,9,0,0,0,0
4152,CP-AP-r001:S-P03-S04:GS10:p0006,8,0,0,0,0
4153,CP-AP-r001:S-P03-S04:GS10:p0007,8,0,0,0,0
4154,CP-AP-r001:S-P03-S04:GS10:p0008,10,0,0,0,0
4155,CP-AP-r001:S-P03-S04:GS10:p0009,9,0,0,0,0
4156,CP-AP-r001:S-P03-S04:GS10:p0010,8,0,0,0,0
4157,CP-AP-r001:S-P03-S04:GS10:p0011,8,0,0,0,0
4158,CP-AP-r001:S-P03-S04:GS10:p0012,8,0,0,0,0
4159,CP-AP-r001:S-P03-S04:GS10:p0013,8,0,0,0,0
4160,CP-AP-r001:S-P03-S04:GS11:p0002,8,0,0,0,0
4161,CP-AP-r001:S-P03-S04:GS11:p0003,8,0,0,0,0
4162,CP-AP-r001:S-P03-S04:GS11:p0004,6,0,0,0,0
4163,CP-AP-r001:S-P03-S04:GS11:p0005,8,0,0,0,0
4164,CP-AP-r001:S-P03-S04:GS11:p0006,7,0,0,0,0
4165,CP-AP-r001:S-P03-S04:GS11:p0007,8,0,0,0,0
4166,CP-AP-r001:S-P03-S04:GS11:p0008,10,0,0,0,0
4167,CP-AP-r001:S-P03-S04:GS11:p0009,8,0,0,0,0
4168,CP-AP-r001:S-P03-S04:GS11:p0010,8,0,0,0,0
4169,CP-AP-r001:S-P03-S04:GS11:p0011,6,0,0,0,0
4170,CP-AP-r001:S-P03-S04:GS11:p0012,8,0,0,0,0
4171,CP-AP-r001:S-P03-S04:GS11:p0013,10,0,0,0,0
4172,CP-AP-r001:S-P03-S04:GS11:p0014,8,0,0,0,0
4173,CP-AP-r001:S-P03-S04:GS12:p0002,8,0,0,0,0
4174,CP-AP-r001:S-P03-S04:GS12:p0003,7,0,0,0,0
4175,CP-AP-r001:S-P03-S04:GS12:p0004,9,0,0,0,0
4176,CP-AP-r001:S-P03-S04:GS12:p0005,8,0,0,0,0
4177,CP-AP-r001:S-P03-S04:GS12:p0006,7,0,0,0,0
4178,CP-AP-r001:S-P03-S04:GS12:p0007,7,0,0,0,0
4179,CP-AP-r001:S-P03-S04:GS12:p0008,7,0,0,0,0
4180,CP-AP-r001:S-P03-S04:GS12:p0009,8,0,0,0,0
4181,CP-AP-r001:S-P03-S04:GS12:p0010,8,0,0,0,0
4182,CP-AP-r001:S-P03-S04:GS12:p0011,7,0,0,0,0
4183,CP-AP-r001:S-P03-S04:GS12:p0012,8,0,0,0,0
4184,CP-AP-r001:S-P03-S04:GS12:p0013,8,0,0,0,0
4185,CP-AP-r001:S-P03-S04:GS12:p0014,8,0,0,0,0
4186,CP-AP-r001:S-P03-S04:GS12:p0015,8,0,0,0,0
4187,CP-AP-r001:S-P03-S05:GS01:p0002,6,0,0,0,0
4188,CP-AP-r001:S-P03-S05:GS01:p0003,6,0,0,0,0
4189,CP-AP-r001:S-P03-S05:GS01:p0004,6,0,0,0,0
4190,CP-AP-r001:S-P03-S05:GS01:p0005,4,0,0,0,0
4191,CP-AP-r001:S-P03-S05:GS01:p0006,6,0,0,0,0
4192,CP-AP-r001:S-P03-S05:GS01:p0007,6,0,0,0,0
4193,CP-AP-r001:S-P03-S05:GS01:p0008,6,0,0,0,0
4194,CP-AP-r001:S-P03-S05:GS01:p0009,6,0,0,0,0
4195,CP-AP-r001:S-P03-S05:GS01:p0010,7,0,0,0,0
4196,CP-AP-r001:S-P03-S05:GS01:p0011,6,0,0,0,0
4197,CP-AP-r001:S-P03-S05:GS01:p0012,6,0,0,0,0
4198,CP-AP-r001:S-P03-S05:GS01:p0013,4,0,0,0,0
4199,CP-AP-r001:S-P03-S05:GS02:p0002,7,0,0,0,0
4200,CP-AP-r001:S-P03-S05:GS02:p0003,5,0,0,0,0
4201,CP-AP-r001:S-P03-S05:GS02:p0004,6,0,0,0,0
4202,CP-AP-r001:S-P03-S05:GS02:p0005,6,0,0,0,0
4203,CP-AP-r001:S-P03-S05:GS02:p0006,7,0,0,0,0
4204,CP-AP-r001:S-P03-S05:GS02:p0007,6,0,0,0,0
4205,CP-AP-r001:S-P03-S05:GS02:p0008,7,0,0,0,0
4206,CP-AP-r001:S-P03-S05:GS02:p0009,6,0,0,0,0
4207,CP-AP-r001:S-P03-S05:GS02:p0010,7,0,0,0,0
4208,CP-AP-r001:S-P03-S05:GS02:p0011,6,0,0,0,0
4209,CP-AP-r001:S-P03-S05:GS02:p0012,6,0,0,0,0
4210,CP-AP-r001:S-P03-S05:GS02:p0013,6,0,0,0,0
4211,CP-AP-r001:S-P03-S05:GS02:p0014,3,0,0,0,0
4212,CP-AP-r001:S-P03-S05:GS03:p0002,8,0,0,0,0
4213,CP-AP-r001:S-P03-S05:GS03:p0003,6,0,0,0,0
4214,CP-AP-r001:S-P03-S05:GS03:p0004,6,0,0,0,0
4215,CP-AP-r001:S-P03-S05:GS03:p0005,6,0,0,0,0
4216,CP-AP-r001:S-P03-S05:GS03:p0006,7,0,0,0,0
4217,CP-AP-r001:S-P03-S05:GS03:p0007,6,0,0,0,0
4218,CP-AP-r001:S-P03-S05:GS03:p0008,6,0,0,0,0
4219,CP-AP-r001:S-P03-S05:GS03:p0009,7,0,0,0,0
4220,CP-AP-r001:S-P03-S05:GS03:p0010,4,0,0,0,0
4221,CP-AP-r001:S-P03-S05:GS03:p0011,6,0,0,0,0
4222,CP-AP-r001:S-P03-S05:GS03:p0012,6,0,0,0,0
4223,CP-AP-r001:S-P03-S05:GS03:p0013,4,0,0,0,0
4224,CP-AP-r001:S-P03-S05:GS04:p0002,6,0,0,0,0
4225,CP-AP-r001:S-P03-S05:GS04:p0003,6,0,0,0,0
4226,CP-AP-r001:S-P03-S05:GS04:p0004,7,0,0,0,0
4227,CP-AP-r001:S-P03-S05:GS04:p0005,4,0,0,0,0
4228,CP-AP-r001:S-P03-S05:GS04:p0006,6,0,0,0,0
4229,CP-AP-r001:S-P03-S05:GS04:p0007,4,0,0,0,0
4230,CP-AP-r001:S-P03-S05:GS04:p0008,7,0,0,0,0
4231,CP-AP-r001:S-P03-S05:GS04:p0009,7,0,0,0,0
4232,CP-AP-r001:S-P03-S05:GS04:p0010,6,0,0,0,0
4233,CP-AP-r001:S-P03-S05:GS04:p0011,6,0,0,0,0
4234,CP-AP-r001:S-P03-S05:GS04:p0012,6,0,0,0,0
4235,CP-AP-r001:S-P03-S05:GS04:p0013,4,0,0,0,0
4236,CP-AP-r001:S-P03-S05:GS05:p0002,6,0,0,0,0
4237,CP-AP-r001:S-P03-S05:GS05:p0003,6,0,0,0,0
4238,CP-AP-r001:S-P03-S05:GS05:p0004,4,0,0,0,0
4239,CP-AP-r001:S-P03-S05:GS05:p0005,7,0,0,0,0
4240,CP-AP-r001:S-P03-S05:GS05:p0006,6,0,0,0,0
4241,CP-AP-r001:S-P03-S05:GS05:p0007,6,0,0,0,0
4242,CP-AP-r001:S-P03-S05:GS05:p0008,6,0,0,0,0
4243,CP-AP-r001:S-P03-S05:GS05:p0009,7,0,0,0,0
4244,CP-AP-r001:S-P03-S05:GS05:p0010,6,0,0,0,0
4245,CP-AP-r001:S-P03-S05:GS05:p0011,6,0,0,0,0
4246,CP-AP-r001:S-P03-S05:GS05:p0012,7,0,0,0,0
4247,CP-AP-r001:S-P03-S05:GS05:p0013,3,0,0,0,0
4248,CP-AP-r001:S-P03-S05:GS06:p0002,6,0,0,0,0
4249,CP-AP-r001:S-P03-S05:GS06:p0003,8,0,0,0,0
4250,CP-AP-r001:S-P03-S05:GS06:p0004,6,0,0,0,0
4251,CP-AP-r001:S-P03-S05:GS06:p0005,7,0,0,0,0
4252,CP-AP-r001:S-P03-S05:GS06:p0006,6,0,0,0,0
4253,CP-AP-r001:S-P03-S05:GS06:p0007,6,0,0,0,0
4254,CP-AP-r001:S-P03-S05:GS06:p0008,6,0,0,0,0
4255,CP-AP-r001:S-P03-S05:GS06:p0009,6,0,0,0,0
4256,CP-AP-r001:S-P03-S05:GS06:p0010,6,0,0,0,0
4257,CP-AP-r001:S-P03-S05:GS06:p0011,6,0,0,0,0
4258,CP-AP-r001:S-P03-S05:GS06:p0012,4,0,0,0,0
4259,CP-AP-r001:S-P03-S05:GS06:p0013,7,0,0,0,0
4260,CP-AP-r001:S-P03-S05:GS07:p0002,8,0,0,0,0
4261,CP-AP-r001:S-P03-S05:GS07:p0003,7,0,0,0,0
4262,CP-AP-r001:S-P03-S05:GS07:p0004,8,0,0,0,0
4263,CP-AP-r001:S-P03-S05:GS07:p0005,10,0,0,0,0
4264,CP-AP-r001:S-P03-S05:GS07:p0006,4,0,0,0,0
4265,CP-AP-r001:S-P03-S05:GS07:p0007,7,0,0,0,0
4266,CP-AP-r001:S-P03-S05:GS07:p0008,8,0,0,0,0
4267,CP-AP-r001:S-P03-S05:GS07:p0009,8,0,0,0,0
4268,CP-AP-r001:S-P03-S05:GS07:p0010,10,0,0,0,0
4269,CP-AP-r001:S-P03-S05:GS07:p0011,7,0,0,0,0
4270,CP-AP-r001:S-P03-S05:GS07:p0012,8,0,0,0,0
4271,CP-AP-r001:S-P03-S05:GS07:p0013,7,0,0,0,0
4272,CP-AP-r001:S-P03-S05:GS07:p0014,10,0,0,0,0
4273,CP-AP-r001:S-P03-S05:GS07:p0015,5,0,0,0,0
4274,CP-AP-r001:S-P03-S05:GS08:p0002,8,0,0,0,0
4275,CP-AP-r001:S-P03-S05:GS08:p0003,7,0,0,0,0
4276,CP-AP-r001:S-P03-S05:GS08:p0004,8,0,0,0,0
4277,CP-AP-r001:S-P03-S05:GS08:p0005,9,0,0,0,0
4278,CP-AP-r001:S-P03-S05:GS08:p0006,9,0,0,0,0
4279,CP-AP-r001:S-P03-S05:GS08:p0007,8,0,0,0,0
4280,CP-AP-r001:S-P03-S05:GS08:p0008,5,0,0,0,0
4281,CP-AP-r001:S-P03-S05:GS08:p0009,8,0,0,0,0
4282,CP-AP-r001:S-P03-S05:GS08:p0010,8,0,0,0,0
4283,CP-AP-r001:S-P03-S05:GS08:p0011,8,0,0,0,0
4284,CP-AP-r001:S-P03-S05:GS08:p0012,8,0,0,0,0
4285,CP-AP-r001:S-P03-S05:GS08:p0013,8,0,0,0,0
4286,CP-AP-r001:S-P03-S05:GS08:p0014,10,0,0,0,0
4287,CP-AP-r001:S-P03-S05:GS08:p0015,6,0,0,0,0
4288,CP-AP-r001:S-P03-S05:GS08:p0016,4,0,0,0,0
4289,CP-AP-r001:S-P03-S05:GS09:p0002,8,0,0,0,0
4290,CP-AP-r001:S-P03-S05:GS09:p0003,8,0,0,0,0
4291,CP-AP-r001:S-P03-S05:GS09:p0004,8,0,0,0,0
4292,CP-AP-r001:S-P03-S05:GS09:p0005,8,0,0,0,0
4293,CP-AP-r001:S-P03-S05:GS09:p0006,8,0,0,0,0
4294,CP-AP-r001:S-P03-S05:GS09:p0007,8,0,0,0,0
4295,CP-AP-r001:S-P03-S05:GS09:p0008,7,0,0,0,0
4296,CP-AP-r001:S-P03-S05:GS09:p0009,9,0,0,0,0
4297,CP-AP-r001:S-P03-S05:GS09:p0010,8,0,0,0,0
4298,CP-AP-r001:S-P03-S05:GS09:p0011,6,0,0,0,0
4299,CP-AP-r001:S-P03-S05:GS09:p0012,8,0,0,0,0
4300,CP-AP-r001:S-P03-S05:GS09:p0013,8,0,0,0,0
4301,CP-AP-r001:S-P03-S05:GS09:p0014,4,0,0,0,0
4302,CP-AP-r001:S-P03-S05:GS10:p0002,9,0,0,0,0
4303,CP-AP-r001:S-P03-S05:GS10:p0003,7,0,0,0,0
4304,CP-AP-r001:S-P03-S05:GS10:p0004,7,0,0,0,0
4305,CP-AP-r001:S-P03-S05:GS10:p0005,8,0,0,0,0
4306,CP-AP-r001:S-P03-S05:GS10:p0006,9,0,0,0,0
4307,CP-AP-r001:S-P03-S05:GS10:p0007,7,0,0,0,0
4308,CP-AP-r001:S-P03-S05:GS10:p0008,7,0,0,0,0
4309,CP-AP-r001:S-P03-S05:GS10:p0009,8,0,0,0,0
4310,CP-AP-r001:S-P03-S05:GS10:p0010,8,0,0,0,0
4311,CP-AP-r001:S-P03-S05:GS10:p0011,7,0,0,0,0
4312,CP-AP-r001:S-P03-S05:GS10:p0012,8,0,0,0,0
4313,CP-AP-r001:S-P03-S05:GS10:p0013,9,0,0,0,0
4314,CP-AP-r001:S-P03-S05:GS10:p0014,4,0,0,0,0
4315,CP-AP-r001:S-P03-S05:GS11:p0002,7,0,0,0,0
4316,CP-AP-r001:S-P03-S05:GS11:p0003,8,0,0,0,0
4317,CP-AP-r001:S-P03-S05:GS11:p0004,10,0,0,0,0
4318,CP-AP-r001:S-P03-S05:GS11:p0005,7,0,0,0,0
4319,CP-AP-r001:S-P03-S05:GS11:p0006,8,0,0,0,0
4320,CP-AP-r001:S-P03-S05:GS11:p0007,7,0,0,0,0
4321,CP-AP-r001:S-P03-S05:GS11:p0008,10,0,0,0,0
4322,CP-AP-r001:S-P03-S05:GS11:p0009,8,0,0,0,0
4323,CP-AP-r001:S-P03-S05:GS11:p0010,9,0,0,0,0
4324,CP-AP-r001:S-P03-S05:GS11:p0011,7,0,0,0,0
4325,CP-AP-r001:S-P03-S05:GS11:p0012,8,0,0,0,0
4326,CP-AP-r001:S-P03-S05:GS11:p0013,9,0,0,0,0
4327,CP-AP-r001:S-P03-S05:GS11:p0014,3,0,0,0,0
4328,CP-AP-r001:S-P03-S05:GS12:p0002,5,0,0,0,0
4329,CP-AP-r001:S-P03-S05:GS12:p0003,8,0,0,0,0
4330,CP-AP-r001:S-P03-S05:GS12:p0004,10,0,0,0,0
4331,CP-AP-r001:S-P03-S05:GS12:p0005,8,0,0,0,0
4332,CP-AP-r001:S-P03-S05:GS12:p0006,8,0,0,0,0
4333,CP-AP-r001:S-P03-S05:GS12:p0007,8,0,0,0,0
4334,CP-AP-r001:S-P03-S05:GS12:p0008,10,0,0,0,0
4335,CP-AP-r001:S-P03-S05:GS12:p0009,6,0,0,0,0
4336,CP-AP-r001:S-P03-S05:GS12:p0010,8,0,0,0,0
4337,CP-AP-r001:S-P03-S05:GS12:p0011,6,0,0,0,0
4338,CP-AP-r001:S-P03-S05:GS12:p0012,8,0,0,0,0
4339,CP-AP-r001:S-P03-S05:GS12:p0013,10,0,0,0,0
4340,CP-AP-r001:S-P03-S05:GS12:p0014,4,0,0,0,0
4341,CP-AP-r001:S-P03-S05:GS12:p0015,7,0,0,0,0
4342,CP-AP-r001:S-P03-S05:GS12:p0016,5,0,0,0,0
4343,CP-AP-r001:S-P03-S06:GS01:p0002,6,0,0,0,0
4344,CP-AP-r001:S-P03-S06:GS01:p0003,7,0,0,0,0
4345,CP-AP-r001:S-P03-S06:GS01:p0004,7,0,0,0,0
4346,CP-AP-r001:S-P03-S06:GS01:p0005,6,0,0,0,0
4347,CP-AP-r001:S-P03-S06:GS01:p0006,5,0,0,0,0
4348,CP-AP-r001:S-P03-S06:GS01:p0007,7,0,0,0,0
4349,CP-AP-r001:S-P03-S06:GS01:p0008,7,0,0,0,0
4350,CP-AP-r001:S-P03-S06:GS01:p0009,7,0,0,0,0
4351,CP-AP-r001:S-P03-S06:GS01:p0010,6,0,0,0,0
4352,CP-AP-r001:S-P03-S06:GS01:p0011,7,0,0,0,0
4353,CP-AP-r001:S-P03-S06:GS01:p0012,7,0,0,0,0
4354,CP-AP-r001:S-P03-S06:GS01:p0013,4,0,0,0,0
4355,CP-AP-r001:S-P03-S06:GS02:p0002,6,0,0,0,0
4356,CP-AP-r001:S-P03-S06:GS02:p0003,6,0,0,0,0
4357,CP-AP-r001:S-P03-S06:GS02:p0004,6,0,0,0,0
4358,CP-AP-r001:S-P03-S06:GS02:p0005,7,0,0,0,0
4359,CP-AP-r001:S-P03-S06:GS02:p0006,6,0,0,0,0
4360,CP-AP-r001:S-P03-S06:GS02:p0007,6,0,0,0,0
4361,CP-AP-r001:S-P03-S06:GS02:p0008,8,0,0,0,0
4362,CP-AP-r001:S-P03-S06:GS02:p0009,7,0,0,0,0
4363,CP-AP-r001:S-P03-S06:GS02:p0010,6,0,0,0,0
4364,CP-AP-r001:S-P03-S06:GS02:p0011,7,0,0,0,0
4365,CP-AP-r001:S-P03-S06:GS02:p0012,7,0,0,0,0
4366,CP-AP-r001:S-P03-S06:GS02:p0013,8,0,0,0,0
4367,CP-AP-r001:S-P03-S06:GS02:p0014,4,0,0,0,0
4368,CP-AP-r001:S-P03-S06:GS03:p0002,6,0,0,0,0
4369,CP-AP-r001:S-P03-S06:GS03:p0003,4,0,0,0,0
4370,CP-AP-r001:S-P03-S06:GS03:p0004,7,0,0,0,0
4371,CP-AP-r001:S-P03-S06:GS03:p0005,7,0,0,0,0
4372,CP-AP-r001:S-P03-S06:GS03:p0006,6,0,0,0,0
4373,CP-AP-r001:S-P03-S06:GS03:p0007,7,0,0,0,0
4374,CP-AP-r001:S-P03-S06:GS03:p0008,7,0,0,0,0
4375,CP-AP-r001:S-P03-S06:GS03:p0009,7,0,0,0,0
4376,CP-AP-r001:S-P03-S06:GS03:p0010,6,0,0,0,0
4377,CP-AP-r001:S-P03-S06:GS03:p0011,5,0,0,0,0
4378,CP-AP-r001:S-P03-S06:GS03:p0012,6,0,0,0,0
4379,CP-AP-r001:S-P03-S06:GS03:p0013,7,0,0,0,0
4380,CP-AP-r001:S-P03-S06:GS03:p0014,4,0,0,0,0
4381,CP-AP-r001:S-P03-S06:GS04:p0002,7,0,0,0,0
4382,CP-AP-r001:S-P03-S06:GS04:p0003,7,0,0,0,0
4383,CP-AP-r001:S-P03-S06:GS04:p0004,7,0,0,0,0
4384,CP-AP-r001:S-P03-S06:GS04:p0005,6,0,0,0,0
4385,CP-AP-r001:S-P03-S06:GS04:p0006,7,0,0,0,0
4386,CP-AP-r001:S-P03-S06:GS04:p0007,6,0,0,0,0
4387,CP-AP-r001:S-P03-S06:GS04:p0008,8,0,0,0,0
4388,CP-AP-r001:S-P03-S06:GS04:p0009,5,0,0,0,0
4389,CP-AP-r001:S-P03-S06:GS04:p0010,4,0,0,0,0
4390,CP-AP-r001:S-P03-S06:GS04:p0011,7,0,0,0,0
4391,CP-AP-r001:S-P03-S06:GS04:p0012,7,0,0,0,0
4392,CP-AP-r001:S-P03-S06:GS04:p0013,4,0,0,0,0
4393,CP-AP-r001:S-P03-S06:GS05:p0002,7,0,0,0,0
4394,CP-AP-r001:S-P03-S06:GS05:p0003,7,0,0,0,0
4395,CP-AP-r001:S-P03-S06:GS05:p0004,6,0,0,0,0
4396,CP-AP-r001:S-P03-S06:GS05:p0005,6,0,0,0,0
4397,CP-AP-r001:S-P03-S06:GS05:p0006,7,0,0,0,0
4398,CP-AP-r001:S-P03-S06:GS05:p0007,7,0,0,0,0
4399,CP-AP-r001:S-P03-S06:GS05:p0008,6,0,0,0,0
4400,CP-AP-r001:S-P03-S06:GS05:p0009,7,0,0,0,0
4401,CP-AP-r001:S-P03-S06:GS05:p0010,7,0,0,0,0
4402,CP-AP-r001:S-P03-S06:GS05:p0011,7,0,0,0,0
4403,CP-AP-r001:S-P03-S06:GS05:p0012,4,0,0,0,0
4404,CP-AP-r001:S-P03-S06:GS06:p0002,6,0,0,0,0
4405,CP-AP-r001:S-P03-S06:GS06:p0003,8,0,0,0,0
4406,CP-AP-r001:S-P03-S06:GS06:p0004,7,0,0,0,0
4407,CP-AP-r001:S-P03-S06:GS06:p0005,6,0,0,0,0
4408,CP-AP-r001:S-P03-S06:GS06:p0006,7,0,0,0,0
4409,CP-AP-r001:S-P03-S06:GS06:p0007,7,0,0,0,0
4410,CP-AP-r001:S-P03-S06:GS06:p0008,7,0,0,0,0
4411,CP-AP-r001:S-P03-S06:GS06:p0009,6,0,0,0,0
4412,CP-AP-r001:S-P03-S06:GS06:p0010,7,0,0,0,0
4413,CP-AP-r001:S-P03-S06:GS06:p0011,7,0,0,0,0
4414,CP-AP-r001:S-P03-S06:GS06:p0012,6,0,0,0,0
4415,CP-AP-r001:S-P03-S06:GS06:p0013,6,0,0,0,0
4416,CP-AP-r001:S-P03-S06:GS07:p0002,8,0,0,0,0
4417,CP-AP-r001:S-P03-S06:GS07:p0003,5,0,0,0,0
4418,CP-AP-r001:S-P03-S06:GS07:p0004,8,0,0,0,0
4419,CP-AP-r001:S-P03-S06:GS07:p0005,10,0,0,0,0
4420,CP-AP-r001:S-P03-S06:GS07:p0006,8,0,0,0,0
4421,CP-AP-r001:S-P03-S06:GS07:p0007,8,0,0,0,0
4422,CP-AP-r001:S-P03-S06:GS07:p0008,6,0,0,0,0
4423,CP-AP-r001:S-P03-S06:GS07:p0009,8,0,0,0,0
4424,CP-AP-r001:S-P03-S06:GS07:p0010,10,0,0,0,0
4425,CP-AP-r001:S-P03-S06:GS07:p0011,8,0,0,0,0
4426,CP-AP-r001:S-P03-S06:GS07:p0012,8,0,0,0,0
4427,CP-AP-r001:S-P03-S06:GS07:p0013,8,0,0,0,0
4428,CP-AP-r001:S-P03-S06:GS07:p0014,10,0,0,0,0
4429,CP-AP-r001:S-P03-S06:GS07:p0015,6,0,0,0,0
4430,CP-AP-r001:S-P03-S06:GS08:p0002,8,0,0,0,0
4431,CP-AP-r001:S-P03-S06:GS08:p0003,8,0,0,0,0
4432,CP-AP-r001:S-P03-S06:GS08:p0004,7,0,0,0,0
4433,CP-AP-r001:S-P03-S06:GS08:p0005,7,0,0,0,0
4434,CP-AP-r001:S-P03-S06:GS08:p0006,8,0,0,0,0
4435,CP-AP-r001:S-P03-S06:GS08:p0007,8,0,0,0,0
4436,CP-AP-r001:S-P03-S06:GS08:p0008,7,0,0,0,0
4437,CP-AP-r001:S-P03-S06:GS08:p0009,8,0,0,0,0
4438,CP-AP-r001:S-P03-S06:GS08:p0010,7,0,0,0,0
4439,CP-AP-r001:S-P03-S06:GS08:p0011,8,0,0,0,0
4440,CP-AP-r001:S-P03-S06:GS08:p0012,8,0,0,0,0
4441,CP-AP-r001:S-P03-S06:GS08:p0013,8,0,0,0,0
4442,CP-AP-r001:S-P03-S06:GS08:p0014,9,0,0,0,0
4443,CP-AP-r001:S-P03-S06:GS08:p0015,9,0,0,0,0
4444,CP-AP-r001:S-P03-S06:GS08:p0016,4,0,0,0,0
4445,CP-AP-r001:S-P03-S06:GS09:p0002,7,0,0,0,0
4446,CP-AP-r001:S-P03-S06:GS09:p0003,9,0,0,0,0
4447,CP-AP-r001:S-P03-S06:GS09:p0004,9,0,0,0,0
4448,CP-AP-r001:S-P03-S06:GS09:p0005,8,0,0,0,0
4449,CP-AP-r001:S-P03-S06:GS09:p0006,7,0,0,0,0
4450,CP-AP-r001:S-P03-S06:GS09:p0007,9,0,0,0,0
4451,CP-AP-r001:S-P03-S06:GS09:p0008,7,0,0,0,0
4452,CP-AP-r001:S-P03-S06:GS09:p0009,8,0,0,0,0
4453,CP-AP-r001:S-P03-S06:GS09:p0010,8,0,0,0,0
4454,CP-AP-r001:S-P03-S06:GS09:p0011,7,0,0,0,0
4455,CP-AP-r001:S-P03-S06:GS09:p0012,7,0,0,0,0
4456,CP-AP-r001:S-P03-S06:GS09:p0013,8,0,0,0,0
4457,CP-AP-r001:S-P03-S06:GS09:p0014,4,0,0,0,0
4458,CP-AP-r001:S-P03-S06:GS10:p0002,8,0,0,0,0
4459,CP-AP-r001:S-P03-S06:GS10:p0003,8,0,0,0,0
4460,CP-AP-r001:S-P03-S06:GS10:p0004,9,0,0,0,0
4461,CP-AP-r001:S-P03-S06:GS10:p0005,8,0,0,0,0
4462,CP-AP-r001:S-P03-S06:GS10:p0006,7,0,0,0,0
4463,CP-AP-r001:S-P03-S06:GS10:p0007,8,0,0,0,0
4464,CP-AP-r001:S-P03-S06:GS10:p0008,8,0,0,0,0
4465,CP-AP-r001:S-P03-S06:GS10:p0009,7,0,0,0,0
4466,CP-AP-r001:S-P03-S06:GS10:p0010,7,0,0,0,0
4467,CP-AP-r001:S-P03-S06:GS10:p0011,9,0,0,0,0
4468,CP-AP-r001:S-P03-S06:GS10:p0012,8,0,0,0,0
4469,CP-AP-r001:S-P03-S06:GS10:p0013,8,0,0,0,0
4470,CP-AP-r001:S-P03-S06:GS10:p0014,4,0,0,0,0
4471,CP-AP-r001:S-P03-S06:GS11:p0002,5,0,0,0,0
4472,CP-AP-r001:S-P03-S06:GS11:p0003,8,0,0,0,0
4473,CP-AP-r001:S-P03-S06:GS11:p0004,10,0,0,0,0
4474,CP-AP-r001:S-P03-S06:GS11:p0005,8,0,0,0,0
4475,CP-AP-r001:S-P03-S06:GS11:p0006,7,0,0,0,0
4476,CP-AP-r001:S-P03-S06:GS11:p0007,8,0,0,0,0
4477,CP-AP-r001:S-P03-S06:GS11:p0008,11,0,0,0,0
4478,CP-AP-r001:S-P03-S06:GS11:p0009,9,0,0,0,0
4479,CP-AP-r001:S-P03-S06:GS11:p0010,8,0,0,0,0
4480,CP-AP-r001:S-P03-S06:GS11:p0011,8,0,0,0,0
4481,CP-AP-r001:S-P03-S06:GS11:p0012,9,0,0,0,0
4482,CP-AP-r001:S-P03-S06:GS11:p0013,8,0,0,0,0
4483,CP-AP-r001:S-P03-S06:GS11:p0014,4,0,0,0,0
4484,CP-AP-r001:S-P03-S06:GS12:p0002,7,0,0,0,0
4485,CP-AP-r001:S-P03-S06:GS12:p0003,8,0,0,0,0
4486,CP-AP-r001:S-P03-S06:GS12:p0004,9,0,0,0,0
4487,CP-AP-r001:S-P03-S06:GS12:p0005,8,0,0,0,0
4488,CP-AP-r001:S-P03-S06:GS12:p0006,8,0,0,0,0
4489,CP-AP-r001:S-P03-S06:GS12:p0007,8,0,0,0,0
4490,CP-AP-r001:S-P03-S06:GS12:p0008,9,0,0,0,0
4491,CP-AP-r001:S-P03-S06:GS12:p0009,8,0,0,0,0
4492,CP-AP-r001:S-P03-S06:GS12:p0010,8,0,0,0,0
4493,CP-AP-r001:S-P03-S06:GS12:p0011,5,0,0,0,0
4494,CP-AP-r001:S-P03-S06:GS12:p0012,8,0,0,0,0
4495,CP-AP-r001:S-P03-S06:GS12:p0013,10,0,0,0,0
4496,CP-AP-r001:S-P03-S06:GS12:p0014,8,0,0,0,0
4497,CP-AP-r001:S-P03-S06:GS12:p0015,8,0,0,0,0
4498,CP-AP-r001:S-P03-S06:GS12:p0016,6,0,0,0,0
4499,CP-AP-r001:S-P03-S07:GS01:p0002,7,0,0,0,0
4500,CP-AP-r001:S-P03-S07:GS01:p0003,6,0,0,0,0
4501,CP-AP-r001:S-P03-S07:GS01:p0004,6,0,0,0,0
4502,CP-AP-r001:S-P03-S07:GS01:p0005,7,0,0,0,0
4503,CP-AP-r001:S-P03-S07:GS01:p0006,6,0,0,0,0
4504,CP-AP-r001:S-P03-S07:GS01:p0007,6,0,0,0,0
4505,CP-AP-r001:S-P03-S07:GS01:p0008,7,0,0,0,0
4506,CP-AP-r001:S-P03-S07:GS01:p0009,4,0,0,0,0
4507,CP-AP-r001:S-P03-S07:GS01:p0010,6,0,0,0,0
4508,CP-AP-r001:S-P03-S07:GS01:p0011,4,0,0,0,0
4509,CP-AP-r001:S-P03-S07:GS01:p0012,7,0,0,0,0
4510,CP-AP-r001:S-P03-S07:GS02:p0002,7,0,0,0,0
4511,CP-AP-r001:S-P03-S07:GS02:p0003,6,0,0,0,0
4512,CP-AP-r001:S-P03-S07:GS02:p0004,6,0,0,0,0
4513,CP-AP-r001:S-P03-S07:GS02:p0005,6,0,0,0,0
4514,CP-AP-r001:S-P03-S07:GS02:p0006,6,0,0,0,0
4515,CP-AP-r001:S-P03-S07:GS02:p0007,6,0,0,0,0
4516,CP-AP-r001:S-P03-S07:GS02:p0008,6,0,0,0,0
4517,CP-AP-r001:S-P03-S07:GS02:p0009,4,0,0,0,0
4518,CP-AP-r001:S-P03-S07:GS02:p0010,7,0,0,0,0
4519,CP-AP-r001:S-P03-S07:GS02:p0011,6,0,0,0,0
4520,CP-AP-r001:S-P03-S07:GS02:p0012,6,0,0,0,0
4521,CP-AP-r001:S-P03-S07:GS02:p0013,6,0,0,0,0
4522,CP-AP-r001:S-P03-S07:GS02:p0014,6,0,0,0,0
4523,CP-AP-r001:S-P03-S07:GS03:p0002,7,0,0,0,0
4524,CP-AP-r001:S-P03-S07:GS03:p0003,4,0,0,0,0
4525,CP-AP-r001:S-P03-S07:GS03:p0004,6,0,0,0,0
4526,CP-AP-r001:S-P03-S07:GS03:p0005,6,0,0,0,0
4527,CP-AP-r001:S-P03-S07:GS03:p0006,7,0,0,0,0
4528,CP-AP-r001:S-P03-S07:GS03:p0007,6,0,0,0,0
4529,CP-AP-r001:S-P03-S07:GS03:p0008,7,0,0,0,0
4530,CP-AP-r001:S-P03-S07:GS03:p0009,6,0,0,0,0
4531,CP-AP-r001:S-P03-S07:GS03:p0010,7,0,0,0,0
4532,CP-AP-r001:S-P03-S07:GS03:p0011,6,0,0,0,0
4533,CP-AP-r001:S-P03-S07:GS03:p0012,7,0,0,0,0
4534,CP-AP-r001:S-P03-S07:GS03:p0013,6,0,0,0,0
4535,CP-AP-r001:S-P03-S07:GS03:p0014,6,0,0,0,0
4536,CP-AP-r001:S-P03-S07:GS04:p0002,6,0,0,0,0
4537,CP-AP-r001:S-P03-S07:GS04:p0003,5,0,0,0,0
4538,CP-AP-r001:S-P03-S07:GS04:p0004,6,0,0,0,0
4539,CP-AP-r001:S-P03-S07:GS04:p0005,6,0,0,0,0
4540,CP-AP-r001:S-P03-S07:GS04:p0006,7,0,0,0,0
4541,CP-AP-r001:S-P03-S07:GS04:p0007,7,0,0,0,0
4542,CP-AP-r001:S-P03-S07:GS04:p0008,6,0,0,0,0
4543,CP-AP-r001:S-P03-S07:GS04:p0009,6,0,0,0,0
4544,CP-AP-r001:S-P03-S07:GS04:p0010,7,0,0,0,0
4545,CP-AP-r001:S-P03-S07:GS04:p0011,6,0,0,0,0
4546,CP-AP-r001:S-P03-S07:GS04:p0012,7,0,0,0,0
4547,CP-AP-r001:S-P03-S07:GS04:p0013,6,0,0,0,0
4548,CP-AP-r001:S-P03-S07:GS04:p0014,6,0,0,0,0
4549,CP-AP-r001:S-P03-S07:GS05:p0002,6,0,0,0,0
4550,CP-AP-r001:S-P03-S07:GS05:p0003,6,0,0,0,0
4551,CP-AP-r001:S-P03-S07:GS05:p0004,7,0,0,0,0
4552,CP-AP-r001:S-P03-S07:GS05:p0005,4,0,0,0,0
4553,CP-AP-r001:S-P03-S07:GS05:p0006,6,0,0,0,0
4554,CP-AP-r001:S-P03-S07:GS05:p0007,6,0,0,0,0
4555,CP-AP-r001:S-P03-S07:GS05:p0008,7,0,0,0,0
4556,CP-AP-r001:S-P03-S07:GS05:p0009,5,0,0,0,0
4557,CP-AP-r001:S-P03-S07:GS05:p0010,5,0,0,0,0
4558,CP-AP-r001:S-P03-S07:GS05:p0011,5,0,0,0,0
4559,CP-AP-r001:S-P03-S07:GS05:p0012,7,0,0,0,0
4560,CP-AP-r001:S-P03-S07:GS05:p0013,7,0,0,0,0
4561,CP-AP-r001:S-P03-S07:GS06:p0002,6,0,0,0,0
4562,CP-AP-r001:S-P03-S07:GS06:p0003,6,0,0,0,0
4563,CP-AP-r001:S-P03-S07:GS06:p0004,4,0,0,0,0
4564,CP-AP-r001:S-P03-S07:GS06:p0005,6,0,0,0,0
4565,CP-AP-r001:S-P03-S07:GS06:p0006,6,0,0,0,0
4566,CP-AP-r001:S-P03-S07:GS06:p0007,6,0,0,0,0
4567,CP-AP-r001:S-P03-S07:GS06:p0008,6,0,0,0,0
4568,CP-AP-r001:S-P03-S07:GS06:p0009,7,0,0,0,0
4569,CP-AP-r001:S-P03-S07:GS06:p0010,6,0,0,0,0
4570,CP-AP-r001:S-P03-S07:GS06:p0011,6,0,0,0,0
4571,CP-AP-r001:S-P03-S07:GS06:p0012,7,0,0,0,0
4572,CP-AP-r001:S-P03-S07:GS07:p0001,7,0,0,0,0
4573,CP-AP-r001:S-P03-S07:GS07:p0002,8,0,0,0,0
4574,CP-AP-r001:S-P03-S07:GS07:p0003,7,0,0,0,0
4575,CP-AP-r001:S-P03-S07:GS07:p0004,9,0,0,0,0
4576,CP-AP-r001:S-P03-S07:GS07:p0005,8,0,0,0,0
4577,CP-AP-r001:S-P03-S07:GS07:p0006,9,0,0,0,0
4578,CP-AP-r001:S-P03-S07:GS07:p0007,7,0,0,0,0
4579,CP-AP-r001:S-P03-S07:GS07:p0008,7,0,0,0,0
4580,CP-AP-r001:S-P03-S07:GS07:p0009,8,0,0,0,0
4581,CP-AP-r001:S-P03-S07:GS07:p0010,10,0,0,0,0
4582,CP-AP-r001:S-P03-S07:GS07:p0011,7,0,0,0,0
4583,CP-AP-r001:S-P03-S07:GS07:p0012,7,0,0,0,0
4584,CP-AP-r001:S-P03-S07:GS07:p0013,7,0,0,0,0
4585,CP-AP-r001:S-P03-S07:GS08:p0002,8,0,0,0,0
4586,CP-AP-r001:S-P03-S07:GS08:p0003,8,0,0,0,0
4587,CP-AP-r001:S-P03-S07:GS08:p0004,10,0,0,0,0
4588,CP-AP-r001:S-P03-S07:GS08:p0005,6,0,0,0,0
4589,CP-AP-r001:S-P03-S07:GS08:p0006,8,0,0,0,0
4590,CP-AP-r001:S-P03-S07:GS08:p0007,7,0,0,0,0
4591,CP-AP-r001:S-P03-S07:GS08:p0008,8,0,0,0,0
4592,CP-AP-r001:S-P03-S07:GS08:p0009,10,0,0,0,0
4593,CP-AP-r001:S-P03-S07:GS08:p0010,4,0,0,0,0
4594,CP-AP-r001:S-P03-S07:GS08:p0011,7,0,0,0,0
4595,CP-AP-r001:S-P03-S07:GS08:p0012,7,0,0,0,0
4596,CP-AP-r001:S-P03-S07:GS08:p0013,8,0,0,0,0
4597,CP-AP-r001:S-P03-S07:GS08:p0014,11,0,0,0,0
4598,CP-AP-r001:S-P03-S07:GS08:p0015,5,0,0,0,0
4599,CP-AP-r001:S-P03-S07:GS09:p0002,8,0,0,0,0
4600,CP-AP-r001:S-P03-S07:GS09:p0003,7,0,0,0,0
4601,CP-AP-r001:S-P03-S07:GS09:p0004,8,0,0,0,0
4602,CP-AP-r001:S-P03-S07:GS09:p0005,8,0,0,0,0
4603,CP-AP-r001:S-P03-S07:GS09:p0006,8,0,0,0,0
4604,CP-AP-r001:S-P03-S07:GS09:p0007,6,0,0,0,0
4605,CP-AP-r001:S-P03-S07:GS09:p0008,8,0,0,0,0
4606,CP-AP-r001:S-P03-S07:GS09:p0009,9,0,0,0,0
4607,CP-AP-r001:S-P03-S07:GS09:p0010,9,0,0,0,0
4608,CP-AP-r001:S-P03-S07:GS09:p0011,8,0,0,0,0
4609,CP-AP-r001:S-P03-S07:GS09:p0012,7,0,0,0,0
4610,CP-AP-r001:S-P03-S07:GS09:p0013,8,0,0,0,0
4611,CP-AP-r001:S-P03-S07:GS09:p0014,8,0,0,0,0
4612,CP-AP-r001:S-P03-S07:GS09:p0015,7,0,0,0,0
4613,CP-AP-r001:S-P03-S07:GS09:p0016,6,0,0,0,0
4614,CP-AP-r001:S-P03-S07:GS10:p0002,8,0,0,0,0
4615,CP-AP-r001:S-P03-S07:GS10:p0003,7,0,0,0,0
4616,CP-AP-r001:S-P03-S07:GS10:p0004,8,0,0,0,0
4617,CP-AP-r001:S-P03-S07:GS10:p0005,9,0,0,0,0
4618,CP-AP-r001:S-P03-S07:GS10:p0006,8,0,0,0,0
4619,CP-AP-r001:S-P03-S07:GS10:p0007,8,0,0,0,0
4620,CP-AP-r001:S-P03-S07:GS10:p0008,9,0,0,0,0
4621,CP-AP-r001:S-P03-S07:GS10:p0009,8,0,0,0,0
4622,CP-AP-r001:S-P03-S07:GS10:p0010,8,0,0,0,0
4623,CP-AP-r001:S-P03-S07:GS10:p0011,8,0,0,0,0
4624,CP-AP-r001:S-P03-S07:GS10:p0012,7,0,0,0,0
4625,CP-AP-r001:S-P03-S07:GS10:p0013,8,0,0,0,0
4626,CP-AP-r001:S-P03-S07:GS10:p0014,6,0,0,0,0
4627,CP-AP-r001:S-P03-S07:GS11:p0002,9,0,0,0,0
4628,CP-AP-r001:S-P03-S07:GS11:p0003,7,0,0,0,0
4629,CP-AP-r001:S-P03-S07:GS11:p0004,8,0,0,0,0
4630,CP-AP-r001:S-P03-S07:GS11:p0005,9,0,0,0,0
4631,CP-AP-r001:S-P03-S07:GS11:p0006,9,0,0,0,0
4632,CP-AP-r001:S-P03-S07:GS11:p0007,7,0,0,0,0
4633,CP-AP-r001:S-P03-S07:GS11:p0008,7,0,0,0,0
4634,CP-AP-r001:S-P03-S07:GS11:p0009,8,0,0,0,0
4635,CP-AP-r001:S-P03-S07:GS11:p0010,9,0,0,0,0
4636,CP-AP-r001:S-P03-S07:GS11:p0011,7,0,0,0,0
4637,CP-AP-r001:S-P03-S07:GS11:p0012,7,0,0,0,0
4638,CP-AP-r001:S-P03-S07:GS11:p0013,8,0,0,0,0
4639,CP-AP-r001:S-P03-S07:GS11:p0014,6,0,0,0,0
4640,CP-AP-r001:S-P03-S07:GS12:p0002,7,0,0,0,0
4641,CP-AP-r001:S-P03-S07:GS12:p0003,8,0,0,0,0
4642,CP-AP-r001:S-P03-S07:GS12:p0004,10,0,0,0,0
4643,CP-AP-r001:S-P03-S07:GS12:p0005,4,0,0,0,0
4644,CP-AP-r001:S-P03-S07:GS12:p0006,7,0,0,0,0
4645,CP-AP-r001:S-P03-S07:GS12:p0007,7,0,0,0,0
4646,CP-AP-r001:S-P03-S07:GS12:p0008,8,0,0,0,0
4647,CP-AP-r001:S-P03-S07:GS12:p0009,10,0,0,0,0
4648,CP-AP-r001:S-P03-S07:GS12:p0010,7,0,0,0,0
4649,CP-AP-r001:S-P03-S07:GS12:p0011,8,0,0,0,0
4650,CP-AP-r001:S-P03-S07:GS12:p0012,7,0,0,0,0
4651,CP-AP-r001:S-P03-S07:GS12:p0013,10,0,0,0,0
4652,CP-AP-r001:S-P03-S07:GS12:p0014,9,0,0,0,0
4653,CP-AP-r001:S-P03-S07:GS12:p0015,5,0,0,0,0
4654,CP-AP-r001:S-P03-S08:GS01:p0002,6,0,0,0,0
4655,CP-AP-r001:S-P03-S08:GS01:p0003,7,0,0,0,0
4656,CP-AP-r001:S-P03-S08:GS01:p0004,7,0,0,0,0
4657,CP-AP-r001:S-P03-S08:GS01:p0005,6,0,0,0,0
4658,CP-AP-r001:S-P03-S08:GS01:p0006,7,0,0,0,0
4659,CP-AP-r001:S-P03-S08:GS01:p0007,7,0,0,0,0
4660,CP-AP-r001:S-P03-S08:GS01:p0008,7,0,0,0,0
4661,CP-AP-r001:S-P03-S08:GS01:p0009,6,0,0,0,0
4662,CP-AP-r001:S-P03-S08:GS01:p0010,8,0,0,0,0
4663,CP-AP-r001:S-P03-S08:GS01:p0011,5,0,0,0,0
4664,CP-AP-r001:S-P03-S08:GS01:p0012,7,0,0,0,0
4665,CP-AP-r001:S-P03-S08:GS02:p0002,6,0,0,0,0
4666,CP-AP-r001:S-P03-S08:GS02:p0003,7,0,0,0,0
4667,CP-AP-r001:S-P03-S08:GS02:p0004,7,0,0,0,0
4668,CP-AP-r001:S-P03-S08:GS02:p0005,8,0,0,0,0
4669,CP-AP-r001:S-P03-S08:GS02:p0006,6,0,0,0,0
4670,CP-AP-r001:S-P03-S08:GS02:p0007,7,0,0,0,0
4671,CP-AP-r001:S-P03-S08:GS02:p0008,7,0,0,0,0
4672,CP-AP-r001:S-P03-S08:GS02:p0009,6,0,0,0,0
4673,CP-AP-r001:S-P03-S08:GS02:p0010,6,0,0,0,0
4674,CP-AP-r001:S-P03-S08:GS02:p0011,7,0,0,0,0
4675,CP-AP-r001:S-P03-S08:GS02:p0012,7,0,0,0,0
4676,CP-AP-r001:S-P03-S08:GS02:p0013,7,0,0,0,0
4677,CP-AP-r001:S-P03-S08:GS02:p0014,6,0,0,0,0
4678,CP-AP-r001:S-P03-S08:GS03:p0002,6,0,0,0,0
4679,CP-AP-r001:S-P03-S08:GS03:p0003,5,0,0,0,0
4680,CP-AP-r001:S-P03-S08:GS03:p0004,6,0,0,0,0
4681,CP-AP-r001:S-P03-S08:GS03:p0005,7,0,0,0,0
4682,CP-AP-r001:S-P03-S08:GS03:p0006,6,0,0,0,0
4683,CP-AP-r001:S-P03-S08:GS03:p0007,6,0,0,0,0
4684,CP-AP-r001:S-P03-S08:GS03:p0008,7,0,0,0,0
4685,CP-AP-r001:S-P03-S08:GS03:p0009,7,0,0,0,0
4686,CP-AP-r001:S-P03-S08:GS03:p0010,6,0,0,0,0
4687,CP-AP-r001:S-P03-S08:GS03:p0011,7,0,0,0,0
4688,CP-AP-r001:S-P03-S08:GS03:p0012,8,0,0,0,0
4689,CP-AP-r001:S-P03-S08:GS03:p0013,7,0,0,0,0
4690,CP-AP-r001:S-P03-S08:GS03:p0014,6,0,0,0,0
4691,CP-AP-r001:S-P03-S08:GS04:p0002,4,0,0,0,0
4692,CP-AP-r001:S-P03-S08:GS04:p0003,4,0,0,0,0
4693,CP-AP-r001:S-P03-S08:GS04:p0004,7,0,0,0,0
4694,CP-AP-r001:S-P03-S08:GS04:p0005,7,0,0,0,0
4695,CP-AP-r001:S-P03-S08:GS04:p0006,6,0,0,0,0
4696,CP-AP-r001:S-P03-S08:GS04:p0007,7,0,0,0,0
4697,CP-AP-r001:S-P03-S08:GS04:p0008,7,0,0,0,0
4698,CP-AP-r001:S-P03-S08:GS04:p0009,6,0,0,0,0
4699,CP-AP-r001:S-P03-S08:GS04:p0010,7,0,0,0,0
4700,CP-AP-r001:S-P03-S08:GS04:p0011,7,0,0,0,0
4701,CP-AP-r001:S-P03-S08:GS04:p0012,7,0,0,0,0
4702,CP-AP-r001:S-P03-S08:GS04:p0013,6,0,0,0,0
4703,CP-AP-r001:S-P03-S08:GS05:p0002,7,0,0,0,0
4704,CP-AP-r001:S-P03-S08:GS05:p0003,7,0,0,0,0
4705,CP-AP-r001:S-P03-S08:GS05:p0004,7,0,0,0,0
4706,CP-AP-r001:S-P03-S08:GS05:p0005,6,0,0,0,0
4707,CP-AP-r001:S-P03-S08:GS05:p0006,7,0,0,0,0
4708,CP-AP-r001:S-P03-S08:GS05:p0007,7,0,0,0,0
4709,CP-AP-r001:S-P03-S08:GS05:p0008,7,0,0,0,0
4710,CP-AP-r001:S-P03-S08:GS05:p0009,5,0,0,0,0
4711,CP-AP-r001:S-P03-S08:GS05:p0010,6,0,0,0,0
4712,CP-AP-r001:S-P03-S08:GS05:p0011,7,0,0,0,0
4713,CP-AP-r001:S-P03-S08:GS05:p0012,8,0,0,0,0
4714,CP-AP-r001:S-P03-S08:GS05:p0013,6,0,0,0,0
4715,CP-AP-r001:S-P03-S08:GS06:p0002,7,0,0,0,0
4716,CP-AP-r001:S-P03-S08:GS06:p0003,7,0,0,0,0
4717,CP-AP-r001:S-P03-S08:GS06:p0004,6,0,0,0,0
4718,CP-AP-r001:S-P03-S08:GS06:p0005,6,0,0,0,0
4719,CP-AP-r001:S-P03-S08:GS06:p0006,7,0,0,0,0
4720,CP-AP-r001:S-P03-S08:GS06:p0007,7,0,0,0,0
4721,CP-AP-r001:S-P03-S08:GS06:p0008,7,0,0,0,0
4722,CP-AP-r001:S-P03-S08:GS06:p0009,6,0,0,0,0
4723,CP-AP-r001:S-P03-S08:GS06:p0010,7,0,0,0,0
4724,CP-AP-r001:S-P03-S08:GS06:p0011,7,0,0,0,0
4725,CP-AP-r001:S-P03-S08:GS06:p0012,6,0,0,0,0
4726,CP-AP-r001:S-P03-S08:GS07:p0001,8,0,0,0,0
4727,CP-AP-r001:S-P03-S08:GS07:p0002,7,0,0,0,0
4728,CP-AP-r001:S-P03-S08:GS07:p0003,8,0,0,0,0
4729,CP-AP-r001:S-P03-S08:GS07:p0004,10,0,0,0,0
4730,CP-AP-r001:S-P03-S08:GS07:p0005,9,0,0,0,0
4731,CP-AP-r001:S-P03-S08:GS07:p0006,8,0,0,0,0
4732,CP-AP-r001:S-P03-S08:GS07:p0007,8,0,0,0,0
4733,CP-AP-r001:S-P03-S08:GS07:p0008,8,0,0,0,0
4734,CP-AP-r001:S-P03-S08:GS07:p0009,8,0,0,0,0
4735,CP-AP-r001:S-P03-S08:GS07:p0010,8,0,0,0,0
4736,CP-AP-r001:S-P03-S08:GS07:p0011,8,0,0,0,0
4737,CP-AP-r001:S-P03-S08:GS07:p0012,8,0,0,0,0
4738,CP-AP-r001:S-P03-S08:GS07:p0013,7,0,0,0,0
4739,CP-AP-r001:S-P03-S08:GS08:p0002,8,0,0,0,0
4740,CP-AP-r001:S-P03-S08:GS08:p0003,8,0,0,0,0
4741,CP-AP-r001:S-P03-S08:GS08:p0004,9,0,0,0,0
4742,CP-AP-r001:S-P03-S08:GS08:p0005,9,0,0,0,0
4743,CP-AP-r001:S-P03-S08:GS08:p0006,8,0,0,0,0
4744,CP-AP-r001:S-P03-S08:GS08:p0007,5,0,0,0,0
4745,CP-AP-r001:S-P03-S08:GS08:p0008,8,0,0,0,0
4746,CP-AP-r001:S-P03-S08:GS08:p0009,10,0,0,0,0
4747,CP-AP-r001:S-P03-S08:GS08:p0010,8,0,0,0,0
4748,CP-AP-r001:S-P03-S08:GS08:p0011,8,0,0,0,0
4749,CP-AP-r001:S-P03-S08:GS08:p0012,6,0,0,0,0
4750,CP-AP-r001:S-P03-S08:GS08:p0013,8,0,0,0,0
4751,CP-AP-r001:S-P03-S08:GS08:p0014,10,0,0,0,0
4752,CP-AP-r001:S-P03-S08:GS08:p0015,7,0,0,0,0
4753,CP-AP-r001:S-P03-S08:GS09:p0002,8,0,0,0,0
4754,CP-AP-r001:S-P03-S08:GS09:p0003,8,0,0,0,0
4755,CP-AP-r001:S-P03-S08:GS09:p0004,7,0,0,0,0
4756,CP-AP-r001:S-P03-S08:GS09:p0005,8,0,0,0,0
4757,CP-AP-r001:S-P03-S08:GS09:p0006,8,0,0,0,0
4758,CP-AP-r001:S-P03-S08:GS09:p0007,7,0,0,0,0
4759,CP-AP-r001:S-P03-S08:GS09:p0008,7,0,0,0,0
4760,CP-AP-r001:S-P03-S08:GS09:p0009,8,0,0,0,0
4761,CP-AP-r001:S-P03-S08:GS09:p0010,8,0,0,0,0
4762,CP-AP-r001:S-P03-S08:GS09:p0011,8,0,0,0,0
4763,CP-AP-r001:S-P03-S08:GS09:p0012,8,0,0,0,0
4764,CP-AP-r001:S-P03-S08:GS09:p0013,7,0,0,0,0
4765,CP-AP-r001:S-P03-S08:GS09:p0014,7,0,0,0,0
4766,CP-AP-r001:S-P03-S08:GS09:p0015,6,0,0,0,0
4767,CP-AP-r001:S-P03-S08:GS10:p0002,7,0,0,0,0
4768,CP-AP-r001:S-P03-S08:GS10:p0003,9,0,0,0,0
4769,CP-AP-r001:S-P03-S08:GS10:p0004,8,0,0,0,0
4770,CP-AP-r001:S-P03-S08:GS10:p0005,8,0,0,0,0
4771,CP-AP-r001:S-P03-S08:GS10:p0006,7,0,0,0,0
4772,CP-AP-r001:S-P03-S08:GS10:p0007,9,0,0,0,0
4773,CP-AP-r001:S-P03-S08:GS10:p0008,9,0,0,0,0
4774,CP-AP-r001:S-P03-S08:GS10:p0009,8,0,0,0,0
4775,CP-AP-r001:S-P03-S08:GS10:p0010,7,0,0,0,0
4776,CP-AP-r001:S-P03-S08:GS10:p0011,9,0,0,0,0
4777,CP-AP-r001:S-P03-S08:GS10:p0012,7,0,0,0,0
4778,CP-AP-r001:S-P03-S08:GS10:p0013,8,0,0,0,0
4779,CP-AP-r001:S-P03-S08:GS10:p0014,6,0,0,0,0
4780,CP-AP-r001:S-P03-S08:GS11:p0002,8,0,0,0,0
4781,CP-AP-r001:S-P03-S08:GS11:p0003,8,0,0,0,0
4782,CP-AP-r001:S-P03-S08:GS11:p0004,9,0,0,0,0
4783,CP-AP-r001:S-P03-S08:GS11:p0005,8,0,0,0,0
4784,CP-AP-r001:S-P03-S08:GS11:p0006,8,0,0,0,0
4785,CP-AP-r001:S-P03-S08:GS11:p0007,8,0,0,0,0
4786,CP-AP-r001:S-P03-S08:GS11:p0008,8,0,0,0,0
4787,CP-AP-r001:S-P03-S08:GS11:p0009,8,0,0,0,0
4788,CP-AP-r001:S-P03-S08:GS11:p0010,7,0,0,0,0
4789,CP-AP-r001:S-P03-S08:GS11:p0011,8,0,0,0,0
4790,CP-AP-r001:S-P03-S08:GS11:p0012,8,0,0,0,0
4791,CP-AP-r001:S-P03-S08:GS11:p0013,7,0,0,0,0
4792,CP-AP-r001:S-P03-S08:GS11:p0014,6,0,0,0,0
4793,CP-AP-r001:S-P03-S08:GS12:p0002,5,0,0,0,0
4794,CP-AP-r001:S-P03-S08:GS12:p0003,8,0,0,0,0
4795,CP-AP-r001:S-P03-S08:GS12:p0004,10,0,0,0,0
4796,CP-AP-r001:S-P03-S08:GS12:p0005,8,0,0,0,0
4797,CP-AP-r001:S-P03-S08:GS12:p0006,8,0,0,0,0
4798,CP-AP-r001:S-P03-S08:GS12:p0007,6,0,0,0,0
4799,CP-AP-r001:S-P03-S08:GS12:p0008,8,0,0,0,0
4800,CP-AP-r001:S-P03-S08:GS12:p0009,10,0,0,0,0
4801,CP-AP-r001:S-P03-S08:GS12:p0010,8,0,0,0,0
4802,CP-AP-r001:S-P03-S08:GS12:p0011,7,0,0,0,0
4803,CP-AP-r001:S-P03-S08:GS12:p0012,8,0,0,0,0
4804,CP-AP-r001:S-P03-S08:GS12:p0013,10,0,0,0,0
4805,CP-AP-r001:S-P03-S08:GS12:p0014,9,0,0,0,0
4806,CP-AP-r001:S-P03-S08:GS12:p0015,6,0,0,0,0
4807,CP-AP-r001:S-P03-S09:GS01:p0001,7,0,0,0,0
4808,CP-AP-r001:S-P03-S09:GS01:p0002,4,0,0,0,0
4809,CP-AP-r001:S-P03-S09:GS01:p0003,6,0,0,0,0
4810,CP-AP-r001:S-P03-S09:GS01:p0004,5,0,0,0,0
4811,CP-AP-r001:S-P03-S09:GS01:p0005,7,0,0,0,0
4812,CP-AP-r001:S-P03-S09:GS01:p0006,5,0,0,0,0
4813,CP-AP-r001:S-P03-S09:GS01:p0007,5,0,0,0,0
4814,CP-AP-r001:S-P03-S09:GS01:p0008,5,0,0,0,0
4815,CP-AP-r001:S-P03-S09:GS01:p0009,7,0,0,0,0
4816,CP-AP-r001:S-P03-S09:GS01:p0010,8,0,0,0,0
4817,CP-AP-r001:S-P03-S09:GS01:p0011,6,0,0,0,0
4818,CP-AP-r001:S-P03-S09:GS01:p0012,6,0,0,0,0
4819,CP-AP-r001:S-P03-S09:GS01:p0013,6,0,0,0,0
4820,CP-AP-r001:S-P03-S09:GS02:p0001,7,0,0,0,0
4821,CP-AP-r001:S-P03-S09:GS02:p0002,6,0,0,0,0
4822,CP-AP-r001:S-P03-S09:GS02:p0003,6,0,0,0,0
4823,CP-AP-r001:S-P03-S09:GS02:p0004,6,0,0,0,0
4824,CP-AP-r001:S-P03-S09:GS02:p0005,7,0,0,0,0
4825,CP-AP-r001:S-P03-S09:GS02:p0006,6,0,0,0,0
4826,CP-AP-r001:S-P03-S09:GS02:p0007,6,0,0,0,0
4827,CP-AP-r001:S-P03-S09:GS02:p0008,7,0,0,0,0
4828,CP-AP-r001:S-P03-S09:GS02:p0009,6,0,0,0,0
4829,CP-AP-r001:S-P03-S09:GS02:p0010,6,0,0,0,0
4830,CP-AP-r001:S-P03-S09:GS02:p0011,7,0,0,0,0
4831,CP-AP-r001:S-P03-S09:GS03:p0002,7,0,0,0,0
4832,CP-AP-r001:S-P03-S09:GS03:p0003,6,0,0,0,0
4833,CP-AP-r001:S-P03-S09:GS03:p0004,7,0,0,0,0
4834,CP-AP-r001:S-P03-S09:GS03:p0005,6,0,0,0,0
4835,CP-AP-r001:S-P03-S09:GS03:p0006,7,0,0,0,0
4836,CP-AP-r001:S-P03-S09:GS03:p0007,6,0,0,0,0
4837,CP-AP-r001:S-P03-S09:GS03:p0008,6,0,0,0,0
4838,CP-AP-r001:S-P03-S09:GS03:p0009,6,0,0,0,0
4839,CP-AP-r001:S-P03-S09:GS03:p0010,6,0,0,0,0
4840,CP-AP-r001:S-P03-S09:GS03:p0011,6,0,0,0,0
4841,CP-AP-r001:S-P03-S09:GS03:p0012,6,0,0,0,0
4842,CP-AP-r001:S-P03-S09:GS03:p0013,4,0,0,0,0
4843,CP-AP-r001:S-P03-S09:GS03:p0014,7,0,0,0,0
4844,CP-AP-r001:S-P03-S09:GS04:p0002,7,0,0,0,0
4845,CP-AP-r001:S-P03-S09:GS04:p0003,6,0,0,0,0
4846,CP-AP-r001:S-P03-S09:GS04:p0004,6,0,0,0,0
4847,CP-AP-r001:S-P03-S09:GS04:p0005,6,0,0,0,0
4848,CP-AP-r001:S-P03-S09:GS04:p0006,7,0,0,0,0
4849,CP-AP-r001:S-P03-S09:GS04:p0007,4,0,0,0,0
4850,CP-AP-r001:S-P03-S09:GS04:p0008,6,0,0,0,0
4851,CP-AP-r001:S-P03-S09:GS04:p0009,6,0,0,0,0
4852,CP-AP-r001:S-P03-S09:GS04:p0010,7,0,0,0,0
4853,CP-AP-r001:S-P03-S09:GS04:p0011,6,0,0,0,0
4854,CP-AP-r001:S-P03-S09:GS04:p0012,8,0,0,0,0
4855,CP-AP-r001:S-P03-S09:GS04:p0013,6,0,0,0,0
4856,CP-AP-r001:S-P03-S09:GS04:p0014,7,0,0,0,0
4857,CP-AP-r001:S-P03-S09:GS05:p0002,4,0,0,0,0
4858,CP-AP-r001:S-P03-S09:GS05:p0003,5,0,0,0,0
4859,CP-AP-r001:S-P03-S09:GS05:p0004,5,0,0,0,0
4860,CP-AP-r001:S-P03-S09:GS05:p0005,7,0,0,0,0
4861,CP-AP-r001:S-P03-S09:GS05:p0006,8,0,0,0,0
4862,CP-AP-r001:S-P03-S09:GS05:p0007,6,0,0,0,0
4863,CP-AP-r001:S-P03-S09:GS05:p0008,6,0,0,0,0
4864,CP-AP-r001:S-P03-S09:GS05:p0009,6,0,0,0,0
4865,CP-AP-r001:S-P03-S09:GS05:p0010,7,0,0,0,0
4866,CP-AP-r001:S-P03-S09:GS05:p0011,6,0,0,0,0
4867,CP-AP-r001:S-P03-S09:GS05:p0012,6,0,0,0,0
4868,CP-AP-r001:S-P03-S09:GS05:p0013,7,0,0,0,0
4869,CP-AP-r001:S-P03-S09:GS06:p0002,6,0,0,0,0
4870,CP-AP-r001:S-P03-S09:GS06:p0003,6,0,0,0,0
4871,CP-AP-r001:S-P03-S09:GS06:p0004,7,0,0,0,0
4872,CP-AP-r001:S-P03-S09:GS06:p0005,6,0,0,0,0
4873,CP-AP-r001:S-P03-S09:GS06:p0006,6,0,0,0,0
4874,CP-AP-r001:S-P03-S09:GS06:p0007,7,0,0,0,0
4875,CP-AP-r001:S-P03-S09:GS06:p0008,4,0,0,0,0
4876,CP-AP-r001:S-P03-S09:GS06:p0009,6,0,0,0,0
4877,CP-AP-r001:S-P03-S09:GS06:p0010,5,0,0,0,0
4878,CP-AP-r001:S-P03-S09:GS06:p0011,7,0,0,0,0
4879,CP-AP-r001:S-P03-S09:GS06:p0012,6,0,0,0,0
4880,CP-AP-r001:S-P03-S09:GS07:p0001,8,0,0,0,0
4881,CP-AP-r001:S-P03-S09:GS07:p0002,9,0,0,0,0
4882,CP-AP-r001:S-P03-S09:GS07:p0003,7,0,0,0,0
4883,CP-AP-r001:S-P03-S09:GS07:p0004,7,0,0,0,0
4884,CP-AP-r001:S-P03-S09:GS07:p0005,8,0,0,0,0
4885,CP-AP-r001:S-P03-S09:GS07:p0006,9,0,0,0,0
4886,CP-AP-r001:S-P03-S09:GS07:p0007,7,0,0,0,0
4887,CP-AP-r001:S-P03-S09:GS07:p0008,7,0,0,0,0
4888,CP-AP-r001:S-P03-S09:GS07:p0009,8,0,0,0,0
4889,CP-AP-r001:S-P03-S09:GS07:p0010,8,0,0,0,0
4890,CP-AP-r001:S-P03-S09:GS07:p0011,8,0,0,0,0
4891,CP-AP-r001:S-P03-S09:GS07:p0012,8,0,0,0,0
4892,CP-AP-r001:S-P03-S09:GS07:p0013,8,0,0,0,0
4893,CP-AP-r001:S-P03-S09:GS08:p0001,7,0,0,0,0
4894,CP-AP-r001:S-P03-S09:GS08:p0002,7,0,0,0,0
4895,CP-AP-r001:S-P03-S09:GS08:p0003,8,0,0,0,0
4896,CP-AP-r001:S-P03-S09:GS08:p0004,10,0,0,0,0
4897,CP-AP-r001:S-P03-S09:GS08:p0005,7,0,0,0,0
4898,CP-AP-r001:S-P03-S09:GS08:p0006,8,0,0,0,0
4899,CP-AP-r001:S-P03-S09:GS08:p0007,7,0,0,0,0
4900,CP-AP-r001:S-P03-S09:GS08:p0008,9,0,0,0,0
4901,CP-AP-r001:S-P03-S09:GS08:p0009,9,0,0,0,0
4902,CP-AP-r001:S-P03-S09:GS08:p0010,9,0,0,0,0
4903,CP-AP-r001:S-P03-S09:GS08:p0011,7,0,0,0,0
4904,CP-AP-r001:S-P03-S09:GS08:p0012,7,0,0,0,0
4905,CP-AP-r001:S-P03-S09:GS08:p0013,8,0,0,0,0
4906,CP-AP-r001:S-P03-S09:GS09:p0002,8,0,0,0,0
4907,CP-AP-r001:S-P03-S09:GS09:p0003,6,0,0,0,0
4908,CP-AP-r001:S-P03-S09:GS09:p0004,8,0,0,0,0
4909,CP-AP-r001:S-P03-S09:GS09:p0005,8,0,0,0,0
4910,CP-AP-r001:S-P03-S09:GS09:p0006,8,0,0,0,0
4911,CP-AP-r001:S-P03-S09:GS09:p0007,8,0,0,0,0
4912,CP-AP-r001:S-P03-S09:GS09:p0008,8,0,0,0,0
4913,CP-AP-r001:S-P03-S09:GS09:p0009,10,0,0,0,0
4914,CP-AP-r001:S-P03-S09:GS09:p0010,6,0,0,0,0
4915,CP-AP-r001:S-P03-S09:GS09:p0011,8,0,0,0,0
4916,CP-AP-r001:S-P03-S09:GS09:p0012,7,0,0,0,0
4917,CP-AP-r001:S-P03-S09:GS09:p0013,8,0,0,0,0
4918,CP-AP-r001:S-P03-S09:GS09:p0014,10,0,0,0,0
4919,CP-AP-r001:S-P03-S09:GS09:p0015,6,0,0,0,0
4920,CP-AP-r001:S-P03-S09:GS09:p0016,7,0,0,0,0
4921,CP-AP-r001:S-P03-S09:GS10:p0002,8,0,0,0,0
4922,CP-AP-r001:S-P03-S09:GS10:p0003,8,0,0,0,0
4923,CP-AP-r001:S-P03-S09:GS10:p0004,7,0,0,0,0
4924,CP-AP-r001:S-P03-S09:GS10:p0005,8,0,0,0,0
4925,CP-AP-r001:S-P03-S09:GS10:p0006,8,0,0,0,0
4926,CP-AP-r001:S-P03-S09:GS10:p0007,6,0,0,0,0
4927,CP-AP-r001:S-P03-S09:GS10:p0008,8,0,0,0,0
4928,CP-AP-r001:S-P03-S09:GS10:p0009,8,0,0,0,0
4929,CP-AP-r001:S-P03-S09:GS10:p0010,8,0,0,0,0
4930,CP-AP-r001:S-P03-S09:GS10:p0011,5,0,0,0,0
4931,CP-AP-r001:S-P03-S09:GS10:p0012,8,0,0,0,0
4932,CP-AP-r001:S-P03-S09:GS10:p0013,10,0,0,0,0
4933,CP-AP-r001:S-P03-S09:GS10:p0014,8,0,0,0,0
4934,CP-AP-r001:S-P03-S09:GS10:p0015,8,0,0,0,0
4935,CP-AP-r001:S-P03-S09:GS11:p0002,9,0,0,0,0
4936,CP-AP-r001:S-P03-S09:GS11:p0003,7,0,0,0,0
4937,CP-AP-r001:S-P03-S09:GS11:p0004,7,0,0,0,0
4938,CP-AP-r001:S-P03-S09:GS11:p0005,8,0,0,0,0
4939,CP-AP-r001:S-P03-S09:GS11:p0006,8,0,0,0,0
4940,CP-AP-r001:S-P03-S09:GS11:p0007,7,0,0,0,0
4941,CP-AP-r001:S-P03-S09:GS11:p0008,8,0,0,0,0
4942,CP-AP-r001:S-P03-S09:GS11:p0009,9,0,0,0,0
4943,CP-AP-r001:S-P03-S09:GS11:p0010,8,0,0,0,0
4944,CP-AP-r001:S-P03-S09:GS11:p0011,9,0,0,0,0
4945,CP-AP-r001:S-P03-S09:GS11:p0012,8,0,0,0,0
4946,CP-AP-r001:S-P03-S09:GS11:p0013,8,0,0,0,0
4947,CP-AP-r001:S-P03-S09:GS11:p0014,8,0,0,0,0
4948,CP-AP-r001:S-P03-S09:GS12:p0002,8,0,0,0,0
4949,CP-AP-r001:S-P03-S09:GS12:p0003,7,0,0,0,0
4950,CP-AP-r001:S-P03-S09:GS12:p0004,10,0,0,0,0
4951,CP-AP-r001:S-P03-S09:GS12:p0005,8,0,0,0,0
4952,CP-AP-r001:S-P03-S09:GS12:p0006,9,0,0,0,0
4953,CP-AP-r001:S-P03-S09:GS12:p0007,7,0,0,0,0
4954,CP-AP-r001:S-P03-S09:GS12:p0008,7,0,0,0,0
4955,CP-AP-r001:S-P03-S09:GS12:p0009,8,0,0,0,0
4956,CP-AP-r001:S-P03-S09:GS12:p0010,10,0,0,0,0
4957,CP-AP-r001:S-P03-S09:GS12:p0011,7,0,0,0,0
4958,CP-AP-r001:S-P03-S09:GS12:p0012,7,0,0,0,0
4959,CP-AP-r001:S-P03-S09:GS12:p0013,8,0,0,0,0
4960,CP-AP-r001:S-P03-S09:GS12:p0014,9,0,0,0,0
4961,CP-AP-r001:S-P03-S10:GS01:p0001,7,0,0,0,0
4962,CP-AP-r001:S-P03-S10:GS01:p0002,6,0,0,0,0
4963,CP-AP-r001:S-P03-S10:GS01:p0003,8,0,0,0,0
4964,CP-AP-r001:S-P03-S10:GS01:p0004,6,0,0,0,0
4965,CP-AP-r001:S-P03-S10:GS01:p0005,7,0,0,0,0
4966,CP-AP-r001:S-P03-S10:GS01:p0006,5,0,0,0,0
4967,CP-AP-r001:S-P03-S10:GS01:p0007,5,0,0,0,0
4968,CP-AP-r001:S-P03-S10:GS01:p0008,7,0,0,0,0
4969,CP-AP-r001:S-P03-S10:GS01:p0009,7,0,0,0,0
4970,CP-AP-r001:S-P03-S10:GS01:p0010,6,0,0,0,0
4971,CP-AP-r001:S-P03-S10:GS01:p0011,4,0,0,0,0
4972,CP-AP-r001:S-P03-S10:GS01:p0012,7,0,0,0,0
4973,CP-AP-r001:S-P03-S10:GS01:p0013,7,0,0,0,0
4974,CP-AP-r001:S-P03-S10:GS02:p0001,6,0,0,0,0
4975,CP-AP-r001:S-P03-S10:GS02:p0002,7,0,0,0,0
4976,CP-AP-r001:S-P03-S10:GS02:p0003,7,0,0,0,0
4977,CP-AP-r001:S-P03-S10:GS02:p0004,7,0,0,0,0
4978,CP-AP-r001:S-P03-S10:GS02:p0005,6,0,0,0,0
4979,CP-AP-r001:S-P03-S10:GS02:p0006,7,0,0,0,0
4980,CP-AP-r001:S-P03-S10:GS02:p0007,7,0,0,0,0
4981,CP-AP-r001:S-P03-S10:GS02:p0008,7,0,0,0,0
4982,CP-AP-r001:S-P03-S10:GS02:p0009,7,0,0,0,0
4983,CP-AP-r001:S-P03-S10:GS02:p0010,7,0,0,0,0
4984,CP-AP-r001:S-P03-S10:GS02:p0011,7,0,0,0,0
4985,CP-AP-r001:S-P03-S10:GS03:p0001,6,0,0,0,0
4986,CP-AP-r001:S-P03-S10:GS03:p0002,6,0,0,0,0
4987,CP-AP-r001:S-P03-S10:GS03:p0003,8,0,0,0,0
4988,CP-AP-r001:S-P03-S10:GS03:p0004,7,0,0,0,0
4989,CP-AP-r001:S-P03-S10:GS03:p0005,6,0,0,0,0
4990,CP-AP-r001:S-P03-S10:GS03:p0006,7,0,0,0,0
4991,CP-AP-r001:S-P03-S10:GS03:p0007,7,0,0,0,0
4992,CP-AP-r001:S-P03-S10:GS03:p0008,8,0,0,0,0
4993,CP-AP-r001:S-P03-S10:GS03:p0009,6,0,0,0,0
4994,CP-AP-r001:S-P03-S10:GS03:p0010,7,0,0,0,0
4995,CP-AP-r001:S-P03-S10:GS03:p0011,7,0,0,0,0
4996,CP-AP-r001:S-P03-S10:GS03:p0012,6,0,0,0,0
4997,CP-AP-r001:S-P03-S10:GS03:p0013,6,0,0,0,0
4998,CP-AP-r001:S-P03-S10:GS04:p0001,6,0,0,0,0
4999,CP-AP-r001:S-P03-S10:GS04:p0002,7,0,0,0,0
5000,CP-AP-r001:S-P03-S10:GS04:p0003,7,0,0,0,0
5001,CP-AP-r001:S-P03-S10:GS04:p0004,7,0,0,0,0
5002,CP-AP-r001:S-P03-S10:GS04:p0005,6,0,0,0,0
5003,CP-AP-r001:S-P03-S10:GS04:p0006,5,0,0,0,0
5004,CP-AP-r001:S-P03-S10:GS04:p0007,6,0,0,0,0
5005,CP-AP-r001:S-P03-S10:GS04:p0008,7,0,0,0,0
5006,CP-AP-r001:S-P03-S10:GS04:p0009,6,0,0,0,0
5007,CP-AP-r001:S-P03-S10:GS04:p0010,6,0,0,0,0
5008,CP-AP-r001:S-P03-S10:GS04:p0011,8,0,0,0,0
5009,CP-AP-r001:S-P03-S10:GS04:p0012,7,0,0,0,0
5010,CP-AP-r001:S-P03-S10:GS04:p0013,6,0,0,0,0
5011,CP-AP-r001:S-P03-S10:GS05:p0002,5,0,0,0,0
5012,CP-AP-r001:S-P03-S10:GS05:p0003,6,0,0,0,0
5013,CP-AP-r001:S-P03-S10:GS05:p0004,6,0,0,0,0
5014,CP-AP-r001:S-P03-S10:GS05:p0005,8,0,0,0,0
5015,CP-AP-r001:S-P03-S10:GS05:p0006,6,0,0,0,0
5016,CP-AP-r001:S-P03-S10:GS05:p0007,4,0,0,0,0
5017,CP-AP-r001:S-P03-S10:GS05:p0008,7,0,0,0,0
5018,CP-AP-r001:S-P03-S10:GS05:p0009,7,0,0,0,0
5019,CP-AP-r001:S-P03-S10:GS05:p0010,6,0,0,0,0
5020,CP-AP-r001:S-P03-S10:GS05:p0011,7,0,0,0,0
5021,CP-AP-r001:S-P03-S10:GS05:p0012,7,0,0,0,0
5022,CP-AP-r001:S-P03-S10:GS05:p0013,6,0,0,0,0
5023,CP-AP-r001:S-P03-S10:GS06:p0002,7,0,0,0,0
5024,CP-AP-r001:S-P03-S10:GS06:p0003,7,0,0,0,0
5025,CP-AP-r001:S-P03-S10:GS06:p0004,6,0,0,0,0
5026,CP-AP-r001:S-P03-S10:GS06:p0005,7,0,0,0,0
5027,CP-AP-r001:S-P03-S10:GS06:p0006,7,0,0,0,0
5028,CP-AP-r001:S-P03-S10:GS06:p0007,7,0,0,0,0
5029,CP-AP-r001:S-P03-S10:GS06:p0008,6,0,0,0,0
5030,CP-AP-r001:S-P03-S10:GS06:p0009,8,0,0,0,0
5031,CP-AP-r001:S-P03-S10:GS06:p0010,6,0,0,0,0
5032,CP-AP-r001:S-P03-S10:GS06:p0011,8,0,0,0,0
5033,CP-AP-r001:S-P03-S10:GS06:p0012,5,0,0,0,0
5034,CP-AP-r001:S-P03-S10:GS07:p0001,8,0,0,0,0
5035,CP-AP-r001:S-P03-S10:GS07:p0002,8,0,0,0,0
5036,CP-AP-r001:S-P03-S10:GS07:p0003,8,0,0,0,0
5037,CP-AP-r001:S-P03-S10:GS07:p0004,8,0,0,0,0
5038,CP-AP-r001:S-P03-S10:GS07:p0005,8,0,0,0,0
5039,CP-AP-r001:S-P03-S10:GS07:p0006,7,0,0,0,0
5040,CP-AP-r001:S-P03-S10:GS07:p0007,9,0,0,0,0
5041,CP-AP-r001:S-P03-S10:GS07:p0008,8,0,0,0,0
5042,CP-AP-r001:S-P03-S10:GS07:p0009,7,0,0,0,0
5043,CP-AP-r001:S-P03-S10:GS07:p0010,7,0,0,0,0
5044,CP-AP-r001:S-P03-S10:GS07:p0011,10,0,0,0,0
5045,CP-AP-r001:S-P03-S10:GS07:p0012,8,0,0,0,0
5046,CP-AP-r001:S-P03-S10:GS07:p0013,8,0,0,0,0
5047,CP-AP-r001:S-P03-S10:GS08:p0001,8,0,0,0,0
5048,CP-AP-r001:S-P03-S10:GS08:p0002,6,0,0,0,0
5049,CP-AP-r001:S-P03-S10:GS08:p0003,8,0,0,0,0
5050,CP-AP-r001:S-P03-S10:GS08:p0004,10,0,0,0,0
5051,CP-AP-r001:S-P03-S10:GS08:p0005,8,0,0,0,0
5052,CP-AP-r001:S-P03-S10:GS08:p0006,8,0,0,0,0
5053,CP-AP-r001:S-P03-S10:GS08:p0007,8,0,0,0,0
5054,CP-AP-r001:S-P03-S10:GS08:p0008,10,0,0,0,0
5055,CP-AP-r001:S-P03-S10:GS08:p0009,9,0,0,0,0
5056,CP-AP-r001:S-P03-S10:GS08:p0010,9,0,0,0,0
5057,CP-AP-r001:S-P03-S10:GS08:p0011,8,0,0,0,0
5058,CP-AP-r001:S-P03-S10:GS08:p0012,8,0,0,0,0
5059,CP-AP-r001:S-P03-S10:GS08:p0013,8,0,0,0,0
5060,CP-AP-r001:S-P03-S10:GS09:p0001,8,0,0,0,0
5061,CP-AP-r001:S-P03-S10:GS09:p0002,7,0,0,0,0
5062,CP-AP-r001:S-P03-S10:GS09:p0003,8,0,0,0,0
5063,CP-AP-r001:S-P03-S10:GS09:p0004,7,0,0,0,0
5064,CP-AP-r001:S-P03-S10:GS09:p0005,8,0,0,0,0
5065,CP-AP-r001:S-P03-S10:GS09:p0006,8,0,0,0,0
5066,CP-AP-r001:S-P03-S10:GS09:p0007,8,0,0,0,0
5067,CP-AP-r001:S-P03-S10:GS09:p0008,9,0,0,0,0
5068,CP-AP-r001:S-P03-S10:GS09:p0009,9,0,0,0,0
5069,CP-AP-r001:S-P03-S10:GS09:p0010,8,0,0,0,0
5070,CP-AP-r001:S-P03-S10:GS09:p0011,5,0,0,0,0
5071,CP-AP-r001:S-P03-S10:GS09:p0012,8,0,0,0,0
5072,CP-AP-r001:S-P03-S10:GS09:p0013,10,0,0,0,0
5073,CP-AP-r001:S-P03-S10:GS09:p0014,8,0,0,0,0
5074,CP-AP-r001:S-P03-S10:GS10:p0002,7,0,0,0,0
5075,CP-AP-r001:S-P03-S10:GS10:p0003,9,0,0,0,0
5076,CP-AP-r001:S-P03-S10:GS10:p0004,7,0,0,0,0
5077,CP-AP-r001:S-P03-S10:GS10:p0005,8,0,0,0,0
5078,CP-AP-r001:S-P03-S10:GS10:p0006,8,0,0,0,0
5079,CP-AP-r001:S-P03-S10:GS10:p0007,7,0,0,0,0
5080,CP-AP-r001:S-P03-S10:GS10:p0008,7,0,0,0,0
5081,CP-AP-r001:S-P03-S10:GS10:p0009,9,0,0,0,0
5082,CP-AP-r001:S-P03-S10:GS10:p0010,8,0,0,0,0
5083,CP-AP-r001:S-P03-S10:GS10:p0011,8,0,0,0,0
5084,CP-AP-r001:S-P03-S10:GS10:p0012,7,0,0,0,0
5085,CP-AP-r001:S-P03-S10:GS10:p0013,8,0,0,0,0
5086,CP-AP-r001:S-P03-S10:GS10:p0014,8,0,0,0,0
5087,CP-AP-r001:S-P03-S10:GS10:p0015,8,0,0,0,0
5088,CP-AP-r001:S-P03-S10:GS10:p0016,8,0,0,0,0
5089,CP-AP-r001:S-P03-S10:GS11:p0002,7,0,0,0,0
5090,CP-AP-r001:S-P03-S10:GS11:p0003,8,0,0,0,0
5091,CP-AP-r001:S-P03-S10:GS11:p0004,8,0,0,0,0
5092,CP-AP-r001:S-P03-S10:GS11:p0005,7,0,0,0,0
5093,CP-AP-r001:S-P03-S10:GS11:p0006,7,0,0,0,0
5094,CP-AP-r001:S-P03-S10:GS11:p0007,10,0,0,0,0
5095,CP-AP-r001:S-P03-S10:GS11:p0008,8,0,0,0,0
5096,CP-AP-r001:S-P03-S10:GS11:p0009,8,0,0,0,0
5097,CP-AP-r001:S-P03-S10:GS11:p0010,7,0,0,0,0
5098,CP-AP-r001:S-P03-S10:GS11:p0011,9,0,0,0,0
5099,CP-AP-r001:S-P03-S10:GS11:p0012,8,0,0,0,0
5100,CP-AP-r001:S-P03-S10:GS11:p0013,9,0,0,0,0
5101,CP-AP-r001:S-P03-S10:GS11:p0014,7,0,0,0,0
5102,CP-AP-r001:S-P03-S10:GS12:p0002,7,0,0,0,0
5103,CP-AP-r001:S-P03-S10:GS12:p0003,8,0,0,0,0
5104,CP-AP-r001:S-P03-S10:GS12:p0004,11,0,0,0,0
5105,CP-AP-r001:S-P03-S10:GS12:p0005,9,0,0,0,0
5106,CP-AP-r001:S-P03-S10:GS12:p0006,8,0,0,0,0
5107,CP-AP-r001:S-P03-S10:GS12:p0007,8,0,0,0,0
5108,CP-AP-r001:S-P03-S10:GS12:p0008,8,0,0,0,0
5109,CP-AP-r001:S-P03-S10:GS12:p0009,8,0,0,0,0
5110,CP-AP-r001:S-P03-S10:GS12:p0010,8,0,0,0,0
5111,CP-AP-r001:S-P03-S10:GS12:p0011,8,0,0,0,0
5112,CP-AP-r001:S-P03-S10:GS12:p0012,8,0,0,0,0
5113,CP-AP-r001:S-P03-S10:GS12:p0013,7,0,0,0,0
5114,CP-AP-r001:S-P03-S10:GS12:p0014,7,0,0,0,0
5115,CP-AP-r001:S-P03-S11:GS01:p0001,3,0,0,0,0
5116,CP-AP-r001:S-P03-S11:GS01:p0002,8,0,0,0,0
5117,CP-AP-r001:S-P03-S11:GS01:p0003,6,0,0,0,0
5118,CP-AP-r001:S-P03-S11:GS01:p0004,6,0,0,0,0
5119,CP-AP-r001:S-P03-S11:GS01:p0005,6,0,0,0,0
5120,CP-AP-r001:S-P03-S11:GS01:p0006,7,0,0,0,0
5121,CP-AP-r001:S-P03-S11:GS01:p0007,6,0,0,0,0
5122,CP-AP-r001:S-P03-S11:GS01:p0008,6,0,0,0,0
5123,CP-AP-r001:S-P03-S11:GS01:p0009,7,0,0,0,0
5124,CP-AP-r001:S-P03-S11:GS01:p0010,4,0,0,0,0
5125,CP-AP-r001:S-P03-S11:GS01:p0011,7,0,0,0,0
5126,CP-AP-r001:S-P03-S11:GS01:p0012,6,0,0,0,0
5127,CP-AP-r001:S-P03-S11:GS02:p0001,4,0,0,0,0
5128,CP-AP-r001:S-P03-S11:GS02:p0002,6,0,0,0,0
5129,CP-AP-r001:S-P03-S11:GS02:p0003,6,0,0,0,0
5130,CP-AP-r001:S-P03-S11:GS02:p0004,7,0,0,0,0
5131,CP-AP-r001:S-P03-S11:GS02:p0005,4,0,0,0,0
5132,CP-AP-r001:S-P03-S11:GS02:p0006,6,0,0,0,0
5133,CP-AP-r001:S-P03-S11:GS02:p0007,4,0,0,0,0
5134,CP-AP-r001:S-P03-S11:GS02:p0008,8,0,0,0,0
5135,CP-AP-r001:S-P03-S11:GS02:p0009,6,0,0,0,0
5136,CP-AP-r001:S-P03-S11:GS02:p0010,5,0,0,0,0
5137,CP-AP-r001:S-P03-S11:GS02:p0011,7,0,0,0,0
5138,CP-AP-r001:S-P03-S11:GS02:p0012,6,0,0,0,0
5139,CP-AP-r001:S-P03-S11:GS03:p0001,4,0,0,0,0
5140,CP-AP-r001:S-P03-S11:GS03:p0002,6,0,0,0,0
5141,CP-AP-r001:S-P03-S11:GS03:p0003,6,0,0,0,0
5142,CP-AP-r001:S-P03-S11:GS03:p0004,4,0,0,0,0
5143,CP-AP-r001:S-P03-S11:GS03:p0005,7,0,0,0,0
5144,CP-AP-r001:S-P03-S11:GS03:p0006,6,0,0,0,0
5145,CP-AP-r001:S-P03-S11:GS03:p0007,6,0,0,0,0
5146,CP-AP-r001:S-P03-S11:GS03:p0008,6,0,0,0,0
5147,CP-AP-r001:S-P03-S11:GS03:p0009,7,0,0,0,0
5148,CP-AP-r001:S-P03-S11:GS03:p0010,6,0,0,0,0
5149,CP-AP-r001:S-P03-S11:GS03:p0011,6,0,0,0,0
5150,CP-AP-r001:S-P03-S11:GS03:p0012,7,0,0,0,0
5151,CP-AP-r001:S-P03-S11:GS04:p0001,5,0,0,0,0
5152,CP-AP-r001:S-P03-S11:GS04:p0002,6,0,0,0,0
5153,CP-AP-r001:S-P03-S11:GS04:p0003,8,0,0,0,0
5154,CP-AP-r001:S-P03-S11:GS04:p0004,6,0,0,0,0
5155,CP-AP-r001:S-P03-S11:GS04:p0005,7,0,0,0,0
5156,CP-AP-r001:S-P03-S11:GS04:p0006,6,0,0,0,0
5157,CP-AP-r001:S-P03-S11:GS04:p0007,7,0,0,0,0
5158,CP-AP-r001:S-P03-S11:GS04:p0008,6,0,0,0,0
5159,CP-AP-r001:S-P03-S11:GS04:p0009,7,0,0,0,0
5160,CP-AP-r001:S-P03-S11:GS04:p0010,6,0,0,0,0
5161,CP-AP-r001:S-P03-S11:GS04:p0011,6,0,0,0,0
5162,CP-AP-r001:S-P03-S11:GS04:p0012,5,0,0,0,0
5163,CP-AP-r001:S-P03-S11:GS04:p0013,6,0,0,0,0
5164,CP-AP-r001:S-P03-S11:GS05:p0001,5,0,0,0,0
5165,CP-AP-r001:S-P03-S11:GS05:p0002,6,0,0,0,0
5166,CP-AP-r001:S-P03-S11:GS05:p0003,6,0,0,0,0
5167,CP-AP-r001:S-P03-S11:GS05:p0004,7,0,0,0,0
5168,CP-AP-r001:S-P03-S11:GS05:p0005,6,0,0,0,0
5169,CP-AP-r001:S-P03-S11:GS05:p0006,7,0,0,0,0
5170,CP-AP-r001:S-P03-S11:GS05:p0007,6,0,0,0,0
5171,CP-AP-r001:S-P03-S11:GS05:p0008,7,0,0,0,0
5172,CP-AP-r001:S-P03-S11:GS05:p0009,4,0,0,0,0
5173,CP-AP-r001:S-P03-S11:GS05:p0010,6,0,0,0,0
5174,CP-AP-r001:S-P03-S11:GS05:p0011,6,0,0,0,0
5175,CP-AP-r001:S-P03-S11:GS05:p0012,7,0,0,0,0
5176,CP-AP-r001:S-P03-S11:GS06:p0001,3,0,0,0,0
5177,CP-AP-r001:S-P03-S11:GS06:p0002,6,0,0,0,0
5178,CP-AP-r001:S-P03-S11:GS06:p0003,6,0,0,0,0
5179,CP-AP-r001:S-P03-S11:GS06:p0004,7,0,0,0,0
5180,CP-AP-r001:S-P03-S11:GS06:p0005,5,0,0,0,0
5181,CP-AP-r001:S-P03-S11:GS06:p0006,5,0,0,0,0
5182,CP-AP-r001:S-P03-S11:GS06:p0007,5,0,0,0,0
5183,CP-AP-r001:S-P03-S11:GS06:p0008,7,0,0,0,0
5184,CP-AP-r001:S-P03-S11:GS06:p0009,8,0,0,0,0
5185,CP-AP-r001:S-P03-S11:GS06:p0010,6,0,0,0,0
5186,CP-AP-r001:S-P03-S11:GS06:p0011,6,0,0,0,0
5187,CP-AP-r001:S-P03-S11:GS06:p0012,6,0,0,0,0
5188,CP-AP-r001:S-P03-S11:GS06:p0013,7,0,0,0,0
5189,CP-AP-r001:S-P03-S11:GS07:p0001,5,0,0,0,0
5190,CP-AP-r001:S-P03-S11:GS07:p0002,8,0,0,0,0
5191,CP-AP-r001:S-P03-S11:GS07:p0003,8,0,0,0,0
5192,CP-AP-r001:S-P03-S11:GS07:p0004,8,0,0,0,0
5193,CP-AP-r001:S-P03-S11:GS07:p0005,8,0,0,0,0
5194,CP-AP-r001:S-P03-S11:GS07:p0006,8,0,0,0,0
5195,CP-AP-r001:S-P03-S11:GS07:p0007,8,0,0,0,0
5196,CP-AP-r001:S-P03-S11:GS07:p0008,7,0,0,0,0
5197,CP-AP-r001:S-P03-S11:GS07:p0009,9,0,0,0,0
5198,CP-AP-r001:S-P03-S11:GS07:p0010,8,0,0,0,0
5199,CP-AP-r001:S-P03-S11:GS07:p0011,7,0,0,0,0
5200,CP-AP-r001:S-P03-S11:GS07:p0012,7,0,0,0,0
5201,CP-AP-r001:S-P03-S11:GS07:p0013,8,0,0,0,0
5202,CP-AP-r001:S-P03-S11:GS08:p0001,5,0,0,0,0
5203,CP-AP-r001:S-P03-S11:GS08:p0002,9,0,0,0,0
5204,CP-AP-r001:S-P03-S11:GS08:p0003,7,0,0,0,0
5205,CP-AP-r001:S-P03-S11:GS08:p0004,7,0,0,0,0
5206,CP-AP-r001:S-P03-S11:GS08:p0005,8,0,0,0,0
5207,CP-AP-r001:S-P03-S11:GS08:p0006,10,0,0,0,0
5208,CP-AP-r001:S-P03-S11:GS08:p0007,7,0,0,0,0
5209,CP-AP-r001:S-P03-S11:GS08:p0008,7,0,0,0,0
5210,CP-AP-r001:S-P03-S11:GS08:p0009,8,0,0,0,0
5211,CP-AP-r001:S-P03-S11:GS08:p0010,8,0,0,0,0
5212,CP-AP-r001:S-P03-S11:GS08:p0011,7,0,0,0,0
5213,CP-AP-r001:S-P03-S11:GS08:p0012,8,0,0,0,0
5214,CP-AP-r001:S-P03-S11:GS08:p0013,8,0,0,0,0
5215,CP-AP-r001:S-P03-S11:GS09:p0001,6,0,0,0,0
5216,CP-AP-r001:S-P03-S11:GS09:p0002,7,0,0,0,0
5217,CP-AP-r001:S-P03-S11:GS09:p0003,8,0,0,0,0
5218,CP-AP-r001:S-P03-S11:GS09:p0004,10,0,0,0,0
5219,CP-AP-r001:S-P03-S11:GS09:p0005,5,0,0,0,0
5220,CP-AP-r001:S-P03-S11:GS09:p0006,7,0,0,0,0
5221,CP-AP-r001:S-P03-S11:GS09:p0007,6,0,0,0,0
5222,CP-AP-r001:S-P03-S11:GS09:p0008,8,0,0,0,0
5223,CP-AP-r001:S-P03-S11:GS09:p0009,11,0,0,0,0
5224,CP-AP-r001:S-P03-S11:GS09:p0010,7,0,0,0,0
5225,CP-AP-r001:S-P03-S11:GS09:p0011,9,0,0,0,0
5226,CP-AP-r001:S-P03-S11:GS09:p0012,7,0,0,0,0
5227,CP-AP-r001:S-P03-S11:GS09:p0013,9,0,0,0,0
5228,CP-AP-r001:S-P03-S11:GS09:p0014,9,0,0,0,0
5229,CP-AP-r001:S-P03-S11:GS10:p0001,6,0,0,0,0
5230,CP-AP-r001:S-P03-S11:GS10:p0002,5,0,0,0,0
5231,CP-AP-r001:S-P03-S11:GS10:p0003,8,0,0,0,0
5232,CP-AP-r001:S-P03-S11:GS10:p0004,9,0,0,0,0
5233,CP-AP-r001:S-P03-S11:GS10:p0005,8,0,0,0,0
5234,CP-AP-r001:S-P03-S11:GS10:p0006,8,0,0,0,0
5235,CP-AP-r001:S-P03-S11:GS10:p0007,6,0,0,0,0
5236,CP-AP-r001:S-P03-S11:GS10:p0008,8,0,0,0,0
5237,CP-AP-r001:S-P03-S11:GS10:p0009,9,0,0,0,0
5238,CP-AP-r001:S-P03-S11:GS10:p0010,6,0,0,0,0
5239,CP-AP-r001:S-P03-S11:GS10:p0011,8,0,0,0,0
5240,CP-AP-r001:S-P03-S11:GS10:p0012,8,0,0,0,0
5241,CP-AP-r001:S-P03-S11:GS10:p0013,10,0,0,0,0
5242,CP-AP-r001:S-P03-S11:GS10:p0014,6,0,0,0,0
5243,CP-AP-r001:S-P03-S11:GS10:p0015,8,0,0,0,0
5244,CP-AP-r001:S-P03-S11:GS11:p0001,6,0,0,0,0
5245,CP-AP-r001:S-P03-S11:GS11:p0002,8,0,0,0,0
5246,CP-AP-r001:S-P03-S11:GS11:p0003,8,0,0,0,0
5247,CP-AP-r001:S-P03-S11:GS11:p0004,8,0,0,0,0
5248,CP-AP-r001:S-P03-S11:GS11:p0005,8,0,0,0,0
5249,CP-AP-r001:S-P03-S11:GS11:p0006,8,0,0,0,0
5250,CP-AP-r001:S-P03-S11:GS11:p0007,7,0,0,0,0
5251,CP-AP-r001:S-P03-S11:GS11:p0008,8,0,0,0,0
5252,CP-AP-r001:S-P03-S11:GS11:p0009,8,0,0,0,0
5253,CP-AP-r001:S-P03-S11:GS11:p0010,6,0,0,0,0
5254,CP-AP-r001:S-P03-S11:GS11:p0011,8,0,0,0,0
5255,CP-AP-r001:S-P03-S11:GS11:p0012,9,0,0,0,0
5256,CP-AP-r001:S-P03-S11:GS11:p0013,8,0,0,0,0
5257,CP-AP-r001:S-P03-S11:GS11:p0014,8,0,0,0,0
5258,CP-AP-r001:S-P03-S11:GS12:p0001,8,0,0,0,0
5259,CP-AP-r001:S-P03-S11:GS12:p0002,7,0,0,0,0
5260,CP-AP-r001:S-P03-S11:GS12:p0003,7,0,0,0,0
5261,CP-AP-r001:S-P03-S11:GS12:p0004,8,0,0,0,0
5262,CP-AP-r001:S-P03-S11:GS12:p0005,9,0,0,0,0
5263,CP-AP-r001:S-P03-S11:GS12:p0006,7,0,0,0,0
5264,CP-AP-r001:S-P03-S11:GS12:p0007,7,0,0,0,0
5265,CP-AP-r001:S-P03-S11:GS12:p0008,8,0,0,0,0
5266,CP-AP-r001:S-P03-S11:GS12:p0009,8,0,0,0,0
5267,CP-AP-r001:S-P03-S11:GS12:p0010,8,0,0,0,0
5268,CP-AP-r001:S-P03-S11:GS12:p0011,8,0,0,0,0
5269,CP-AP-r001:S-P03-S11:GS12:p0012,8,0,0,0,0
5270,CP-AP-r001:S-P03-S11:GS12:p0013,8,0,0,0,0
5271,CP-AP-r001:S-P03-S12:GS01:p0001,4,0,0,0,0
5272,CP-AP-r001:S-P03-S12:GS01:p0002,6,0,0,0,0
5273,CP-AP-r001:S-P03-S12:GS01:p0003,4,0,0,0,0
5274,CP-AP-r001:S-P03-S12:GS01:p0004,7,0,0,0,0
5275,CP-AP-r001:S-P03-S12:GS01:p0005,7,0,0,0,0
5276,CP-AP-r001:S-P03-S12:GS01:p0006,6,0,0,0,0
5277,CP-AP-r001:S-P03-S12:GS01:p0007,7,0,0,0,0
5278,CP-AP-r001:S-P03-S12:GS01:p0008,7,0,0,0,0
5279,CP-AP-r001:S-P03-S12:GS01:p0009,6,0,0,0,0
5280,CP-AP-r001:S-P03-S12:GS01:p0010,5,0,0,0,0
5281,CP-AP-r001:S-P03-S12:GS01:p0011,7,0,0,0,0
5282,CP-AP-r001:S-P03-S12:GS01:p0012,7,0,0,0,0
5283,CP-AP-r001:S-P03-S12:GS02:p0001,3,0,0,0,0
5284,CP-AP-r001:S-P03-S12:GS02:p0002,7,0,0,0,0
5285,CP-AP-r001:S-P03-S12:GS02:p0003,7,0,0,0,0
5286,CP-AP-r001:S-P03-S12:GS02:p0004,7,0,0,0,0
5287,CP-AP-r001:S-P03-S12:GS02:p0005,6,0,0,0,0
5288,CP-AP-r001:S-P03-S12:GS02:p0006,8,0,0,0,0
5289,CP-AP-r001:S-P03-S12:GS02:p0007,5,0,0,0,0
5290,CP-AP-r001:S-P03-S12:GS02:p0008,8,0,0,0,0
5291,CP-AP-r001:S-P03-S12:GS02:p0009,5,0,0,0,0
5292,CP-AP-r001:S-P03-S12:GS02:p0010,5,0,0,0,0
5293,CP-AP-r001:S-P03-S12:GS02:p0011,7,0,0,0,0
5294,CP-AP-r001:S-P03-S12:GS02:p0012,7,0,0,0,0
5295,CP-AP-r001:S-P03-S12:GS03:p0001,3,0,0,0,0
5296,CP-AP-r001:S-P03-S12:GS03:p0002,7,0,0,0,0
5297,CP-AP-r001:S-P03-S12:GS03:p0003,7,0,0,0,0
5298,CP-AP-r001:S-P03-S12:GS03:p0004,6,0,0,0,0
5299,CP-AP-r001:S-P03-S12:GS03:p0005,6,0,0,0,0
5300,CP-AP-r001:S-P03-S12:GS03:p0006,7,0,0,0,0
5301,CP-AP-r001:S-P03-S12:GS03:p0007,7,0,0,0,0
5302,CP-AP-r001:S-P03-S12:GS03:p0008,7,0,0,0,0
5303,CP-AP-r001:S-P03-S12:GS03:p0009,6,0,0,0,0
5304,CP-AP-r001:S-P03-S12:GS03:p0010,7,0,0,0,0
5305,CP-AP-r001:S-P03-S12:GS03:p0011,7,0,0,0,0
5306,CP-AP-r001:S-P03-S12:GS03:p0012,7,0,0,0,0
5307,CP-AP-r001:S-P03-S12:GS04:p0001,4,0,0,0,0
5308,CP-AP-r001:S-P03-S12:GS04:p0002,6,0,0,0,0
5309,CP-AP-r001:S-P03-S12:GS04:p0003,8,0,0,0,0
5310,CP-AP-r001:S-P03-S12:GS04:p0004,7,0,0,0,0
5311,CP-AP-r001:S-P03-S12:GS04:p0005,6,0,0,0,0
5312,CP-AP-r001:S-P03-S12:GS04:p0006,7,0,0,0,0
5313,CP-AP-r001:S-P03-S12:GS04:p0007,8,0,0,0,0
5314,CP-AP-r001:S-P03-S12:GS04:p0008,7,0,0,0,0
5315,CP-AP-r001:S-P03-S12:GS04:p0009,6,0,0,0,0
5316,CP-AP-r001:S-P03-S12:GS04:p0010,7,0,0,0,0
5317,CP-AP-r001:S-P03-S12:GS04:p0011,7,0,0,0,0
5318,CP-AP-r001:S-P03-S12:GS04:p0012,7,0,0,0,0
5319,CP-AP-r001:S-P03-S12:GS04:p0013,6,0,0,0,0
5320,CP-AP-r001:S-P03-S12:GS05:p0001,4,0,0,0,0
5321,CP-AP-r001:S-P03-S12:GS05:p0002,7,0,0,0,0
5322,CP-AP-r001:S-P03-S12:GS05:p0003,7,0,0,0,0
5323,CP-AP-r001:S-P03-S12:GS05:p0004,6,0,0,0,0
5324,CP-AP-r001:S-P03-S12:GS05:p0005,7,0,0,0,0
5325,CP-AP-r001:S-P03-S12:GS05:p0006,7,0,0,0,0
5326,CP-AP-r001:S-P03-S12:GS05:p0007,7,0,0,0,0
5327,CP-AP-r001:S-P03-S12:GS05:p0008,6,0,0,0,0
5328,CP-AP-r001:S-P03-S12:GS05:p0009,5,0,0,0,0
5329,CP-AP-r001:S-P03-S12:GS05:p0010,6,0,0,0,0
5330,CP-AP-r001:S-P03-S12:GS05:p0011,7,0,0,0,0
5331,CP-AP-r001:S-P03-S12:GS05:p0012,6,0,0,0,0
5332,CP-AP-r001:S-P03-S12:GS06:p0001,4,0,0,0,0
5333,CP-AP-r001:S-P03-S12:GS06:p0002,8,0,0,0,0
5334,CP-AP-r001:S-P03-S12:GS06:p0003,7,0,0,0,0
5335,CP-AP-r001:S-P03-S12:GS06:p0004,7,0,0,0,0
5336,CP-AP-r001:S-P03-S12:GS06:p0005,5,0,0,0,0
5337,CP-AP-r001:S-P03-S12:GS06:p0006,6,0,0,0,0
5338,CP-AP-r001:S-P03-S12:GS06:p0007,7,0,0,0,0
5339,CP-AP-r001:S-P03-S12:GS06:p0008,7,0,0,0,0
5340,CP-AP-r001:S-P03-S12:GS06:p0009,6,0,0,0,0
5341,CP-AP-r001:S-P03-S12:GS06:p0010,4,0,0,0,0
5342,CP-AP-r001:S-P03-S12:GS06:p0011,7,0,0,0,0
5343,CP-AP-r001:S-P03-S12:GS06:p0012,7,0,0,0,0
5344,CP-AP-r001:S-P03-S12:GS06:p0013,6,0,0,0,0
5345,CP-AP-r001:S-P03-S12:GS07:p0001,4,0,0,0,0
5346,CP-AP-r001:S-P03-S12:GS07:p0002,7,0,0,0,0
5347,CP-AP-r001:S-P03-S12:GS07:p0003,10,0,0,0,0
5348,CP-AP-r001:S-P03-S12:GS07:p0004,8,0,0,0,0
5349,CP-AP-r001:S-P03-S12:GS07:p0005,8,0,0,0,0
5350,CP-AP-r001:S-P03-S12:GS07:p0006,7,0,0,0,0
5351,CP-AP-r001:S-P03-S12:GS07:p0007,9,0,0,0,0
5352,CP-AP-r001:S-P03-S12:GS07:p0008,7,0,0,0,0
5353,CP-AP-r001:S-P03-S12:GS07:p0009,9,0,0,0,0
5354,CP-AP-r001:S-P03-S12:GS07:p0010,7,0,0,0,0
5355,CP-AP-r001:S-P03-S12:GS07:p0011,8,0,0,0,0
5356,CP-AP-r001:S-P03-S12:GS07:p0012,7,0,0,0,0
5357,CP-AP-r001:S-P03-S12:GS07:p0013,8,0,0,0,0
5358,CP-AP-r001:S-P03-S12:GS08:p0001,4,0,0,0,0
5359,CP-AP-r001:S-P03-S12:GS08:p0002,8,0,0,0,0
5360,CP-AP-r001:S-P03-S12:GS08:p0003,8,0,0,0,0
5361,CP-AP-r001:S-P03-S12:GS08:p0004,8,0,0,0,0
5362,CP-AP-r001:S-P03-S12:GS08:p0005,8,0,0,0,0
5363,CP-AP-r001:S-P03-S12:GS08:p0006,8,0,0,0,0
5364,CP-AP-r001:S-P03-S12:GS08:p0007,8,0,0,0,0
5365,CP-AP-r001:S-P03-S12:GS08:p0008,8,0,0,0,0
5366,CP-AP-r001:S-P03-S12:GS08:p0009,7,0,0,0,0
5367,CP-AP-r001:S-P03-S12:GS08:p0010,7,0,0,0,0
5368,CP-AP-r001:S-P03-S12:GS08:p0011,9,0,0,0,0
5369,CP-AP-r001:S-P03-S12:GS08:p0012,8,0,0,0,0
5370,CP-AP-r001:S-P03-S12:GS08:p0013,8,0,0,0,0
5371,CP-AP-r001:S-P03-S12:GS09:p0001,6,0,0,0,0
5372,CP-AP-r001:S-P03-S12:GS09:p0002,5,0,0,0,0
5373,CP-AP-r001:S-P03-S12:GS09:p0003,8,0,0,0,0
5374,CP-AP-r001:S-P03-S12:GS09:p0004,10,0,0,0,0
5375,CP-AP-r001:S-P03-S12:GS09:p0005,8,0,0,0,0
5376,CP-AP-r001:S-P03-S12:GS09:p0006,8,0,0,0,0
5377,CP-AP-r001:S-P03-S12:GS09:p0007,5,0,0,0,0
5378,CP-AP-r001:S-P03-S12:GS09:p0008,8,0,0,0,0
5379,CP-AP-r001:S-P03-S12:GS09:p0009,10,0,0,0,0
5380,CP-AP-r001:S-P03-S12:GS09:p0010,8,0,0,0,0
5381,CP-AP-r001:S-P03-S12:GS09:p0011,8,0,0,0,0
5382,CP-AP-r001:S-P03-S12:GS09:p0012,8,0,0,0,0
5383,CP-AP-r001:S-P03-S12:GS09:p0013,10,0,0,0,0
5384,CP-AP-r001:S-P03-S12:GS09:p0014,9,0,0,0,0
5385,CP-AP-r001:S-P03-S12:GS10:p0001,6,0,0,0,0
5386,CP-AP-r001:S-P03-S12:GS10:p0002,7,0,0,0,0
5387,CP-AP-r001:S-P03-S12:GS10:p0003,8,0,0,0,0
5388,CP-AP-r001:S-P03-S12:GS10:p0004,8,0,0,0,0
5389,CP-AP-r001:S-P03-S12:GS10:p0005,8,0,0,0,0
5390,CP-AP-r001:S-P03-S12:GS10:p0006,8,0,0,0,0
5391,CP-AP-r001:S-P03-S12:GS10:p0007,8,0,0,0,0
5392,CP-AP-r001:S-P03-S12:GS10:p0008,8,0,0,0,0
5393,CP-AP-r001:S-P03-S12:GS10:p0009,6,0,0,0,0
5394,CP-AP-r001:S-P03-S12:GS10:p0010,8,0,0,0,0
5395,CP-AP-r001:S-P03-S12:GS10:p0011,7,0,0,0,0
5396,CP-AP-r001:S-P03-S12:GS10:p0012,8,0,0,0,0
5397,CP-AP-r001:S-P03-S12:GS10:p0013,9,0,0,0,0
5398,CP-AP-r001:S-P03-S12:GS10:p0014,8,0,0,0,0
5399,CP-AP-r001:S-P03-S12:GS10:p0015,8,0,0,0,0
5400,CP-AP-r001:S-P03-S12:GS11:p0001,5,0,0,0,0
5401,CP-AP-r001:S-P03-S12:GS11:p0002,9,0,0,0,0
5402,CP-AP-r001:S-P03-S12:GS11:p0003,8,0,0,0,0
5403,CP-AP-r001:S-P03-S12:GS11:p0004,8,0,0,0,0
5404,CP-AP-r001:S-P03-S12:GS11:p0005,7,0,0,0,0
5405,CP-AP-r001:S-P03-S12:GS11:p0006,9,0,0,0,0
5406,CP-AP-r001:S-P03-S12:GS11:p0007,7,0,0,0,0
5407,CP-AP-r001:S-P03-S12:GS11:p0008,8,0,0,0,0
5408,CP-AP-r001:S-P03-S12:GS11:p0009,8,0,0,0,0
5409,CP-AP-r001:S-P03-S12:GS11:p0010,7,0,0,0,0
5410,CP-AP-r001:S-P03-S12:GS11:p0011,7,0,0,0,0
5411,CP-AP-r001:S-P03-S12:GS11:p0012,8,0,0,0,0
5412,CP-AP-r001:S-P03-S12:GS11:p0013,8,0,0,0,0
5413,CP-AP-r001:S-P03-S12:GS11:p0014,8,0,0,0,0
5414,CP-AP-r001:S-P03-S12:GS12:p0001,6,0,0,0,0
5415,CP-AP-r001:S-P03-S12:GS12:p0002,8,0,0,0,0
5416,CP-AP-r001:S-P03-S12:GS12:p0003,8,0,0,0,0
5417,CP-AP-r001:S-P03-S12:GS12:p0004,8,0,0,0,0
5418,CP-AP-r001:S-P03-S12:GS12:p0005,7,0,0,0,0
5419,CP-AP-r001:S-P03-S12:GS12:p0006,8,0,0,0,0
5420,CP-AP-r001:S-P03-S12:GS12:p0007,8,0,0,0,0
5421,CP-AP-r001:S-P03-S12:GS12:p0008,7,0,0,0,0
5422,CP-AP-r001:S-P03-S12:GS12:p0009,7,0,0,0,0
5423,CP-AP-r001:S-P03-S12:GS12:p0010,10,0,0,0,0
5424,CP-AP-r001:S-P03-S12:GS12:p0011,8,0,0,0,0
5425,CP-AP-r001:S-P03-S12:GS12:p0012,8,0,0,0,0
5426,CP-AP-r001:S-P03-S12:GS12:p0013,7,0,0,0,0
5427,CP-AP-r001:S-P04-S01:GS01:p0001,7,0,0,0,0
5428,CP-AP-r001:S-P04-S01:GS01:p0002,7,0,0,0,0
5429,CP-AP-r001:S-P04-S01:GS01:p0003,4,0,0,0,0
5430,CP-AP-r001:S-P04-S01:GS01:p0004,6,0,0,0,0
5431,CP-AP-r001:S-P04-S01:GS01:p0005,7,0,0,0,0
5432,CP-AP-r001:S-P04-S01:GS01:p0006,7,0,0,0,0
5433,CP-AP-r001:S-P04-S01:GS01:p0007,5,0,0,0,0
5434,CP-AP-r001:S-P04-S01:GS01:p0008,7,0,0,0,0
5435,CP-AP-r001:S-P04-S01:GS01:p0009,7,0,0,0,0
5436,CP-AP-r001:S-P04-S01:GS01:p0010,7,0,0,0,0
5437,CP-AP-r001:S-P04-S01:GS01:p0011,6,0,0,0,0
5438,CP-AP-r001:S-P04-S01:GS01:p0012,7,0,0,0,0
5439,CP-AP-r001:S-P04-S01:GS02:p0001,7,0,0,0,0
5440,CP-AP-r001:S-P04-S01:GS02:p0002,6,0,0,0,0
5441,CP-AP-r001:S-P04-S01:GS02:p0003,5,0,0,0,0
5442,CP-AP-r001:S-P04-S01:GS02:p0004,7,0,0,0,0
5443,CP-AP-r001:S-P04-S01:GS02:p0005,7,0,0,0,0
5444,CP-AP-r001:S-P04-S01:GS02:p0006,7,0,0,0,0
5445,CP-AP-r001:S-P04-S01:GS02:p0007,6,0,0,0,0
5446,CP-AP-r001:S-P04-S01:GS02:p0008,7,0,0,0,0
5447,CP-AP-r001:S-P04-S01:GS02:p0009,7,0,0,0,0
5448,CP-AP-r001:S-P04-S01:GS02:p0010,6,0,0,0,0
5449,CP-AP-r001:S-P04-S01:GS02:p0011,7,0,0,0,0
5450,CP-AP-r001:S-P04-S01:GS03:p0001,7,0,0,0,0
5451,CP-AP-r001:S-P04-S01:GS03:p0002,7,0,0,0,0
5452,CP-AP-r001:S-P04-S01:GS03:p0003,6,0,0,0,0
5453,CP-AP-r001:S-P04-S01:GS03:p0004,6,0,0,0,0
5454,CP-AP-r001:S-P04-S01:GS03:p0005,7,0,0,0,0
5455,CP-AP-r001:S-P04-S01:GS03:p0006,6,0,0,0,0
5456,CP-AP-r001:S-P04-S01:GS03:p0007,6,0,0,0,0
5457,CP-AP-r001:S-P04-S01:GS03:p0008,7,0,0,0,0
5458,CP-AP-r001:S-P04-S01:GS03:p0009,4,0,0,0,0
5459,CP-AP-r001:S-P04-S01:GS03:p0010,5,0,0,0,0
5460,CP-AP-r001:S-P04-S01:GS03:p0011,4,0,0,0,0
5461,CP-AP-r001:S-P04-S01:GS04:p0001,8,0,0,0,0
5462,CP-AP-r001:S-P04-S01:GS04:p0002,7,0,0,0,0
5463,CP-AP-r001:S-P04-S01:GS04:p0003,6,0,0,0,0
5464,CP-AP-r001:S-P04-S01:GS04:p0004,6,0,0,0,0
5465,CP-AP-r001:S-P04-S01:GS04:p0005,7,0,0,0,0
5466,CP-AP-r001:S-P04-S01:GS04:p0006,6,0,0,0,0
5467,CP-AP-r001:S-P04-S01:GS04:p0007,6,0,0,0,0
5468,CP-AP-r001:S-P04-S01:GS04:p0008,6,0,0,0,0
5469,CP-AP-r001:S-P04-S01:GS04:p0009,7,0,0,0,0
5470,CP-AP-r001:S-P04-S01:GS04:p0010,5,0,0,0,0
5471,CP-AP-r001:S-P04-S01:GS04:p0011,6,0,0,0,0
5472,CP-AP-r001:S-P04-S01:GS04:p0012,6,0,0,0,0
5473,CP-AP-r001:S-P04-S01:GS05:p0001,7,0,0,0,0
5474,CP-AP-r001:S-P04-S01:GS05:p0002,7,0,0,0,0
5475,CP-AP-r001:S-P04-S01:GS05:p0003,4,0,0,0,0
5476,CP-AP-r001:S-P04-S01:GS05:p0004,6,0,0,0,0
5477,CP-AP-r001:S-P04-S01:GS05:p0005,7,0,0,0,0
5478,CP-AP-r001:S-P04-S01:GS05:p0006,7,0,0,0,0
5479,CP-AP-r001:S-P04-S01:GS05:p0007,6,0,0,0,0
5480,CP-AP-r001:S-P04-S01:GS05:p0008,7,0,0,0,0
5481,CP-AP-r001:S-P04-S01:GS05:p0009,7,0,0,0,0
5482,CP-AP-r001:S-P04-S01:GS05:p0010,7,0,0,0,0
5483,CP-AP-r001:S-P04-S01:GS05:p0011,6,0,0,0,0
5484,CP-AP-r001:S-P04-S01:GS05:p0012,6,0,0,0,0
5485,CP-AP-r001:S-P04-S01:GS06:p0001,6,0,0,0,0
5486,CP-AP-r001:S-P04-S01:GS06:p0002,8,0,0,0,0
5487,CP-AP-r001:S-P04-S01:GS06:p0003,6,0,0,0,0
5488,CP-AP-r001:S-P04-S01:GS06:p0004,6,0,0,0,0
5489,CP-AP-r001:S-P04-S01:GS06:p0005,7,0,0,0,0
5490,CP-AP-r001:S-P04-S01:GS06:p0006,7,0,0,0,0
5491,CP-AP-r001:S-P04-S01:GS06:p0007,7,0,0,0,0
5492,CP-AP-r001:S-P04-S01:GS06:p0008,7,0,0,0,0
5493,CP-AP-r001:S-P04-S01:GS06:p0009,7,0,0,0,0
5494,CP-AP-r001:S-P04-S01:GS06:p0010,4,0,0,0,0
5495,CP-AP-r001:S-P04-S01:GS06:p0011,6,0,0,0,0
5496,CP-AP-r001:S-P04-S01:GS07:p0001,11,0,0,0,0
5497,CP-AP-r001:S-P04-S01:GS07:p0002,8,0,0,0,0
5498,CP-AP-r001:S-P04-S01:GS07:p0003,6,0,0,0,0
5499,CP-AP-r001:S-P04-S01:GS07:p0004,7,0,0,0,0
5500,CP-AP-r001:S-P04-S01:GS07:p0005,10,0,0,0,0
5501,CP-AP-r001:S-P04-S01:GS07:p0006,8,0,0,0,0
5502,CP-AP-r001:S-P04-S01:GS07:p0007,6,0,0,0,0
5503,CP-AP-r001:S-P04-S01:GS07:p0008,8,0,0,0,0
5504,CP-AP-r001:S-P04-S01:GS07:p0009,9,0,0,0,0
5505,CP-AP-r001:S-P04-S01:GS07:p0010,10,0,0,0,0
5506,CP-AP-r001:S-P04-S01:GS07:p0011,8,0,0,0,0
5507,CP-AP-r001:S-P04-S01:GS07:p0012,7,0,0,0,0
5508,CP-AP-r001:S-P04-S01:GS07:p0013,8,0,0,0,0
5509,CP-AP-r001:S-P04-S01:GS07:p0014,8,0,0,0,0
5510,CP-AP-r001:S-P04-S01:GS08:p0001,8,0,0,0,0
5511,CP-AP-r001:S-P04-S01:GS08:p0002,8,0,0,0,0
5512,CP-AP-r001:S-P04-S01:GS08:p0003,7,0,0,0,0
5513,CP-AP-r001:S-P04-S01:GS08:p0004,8,0,0,0,0
5514,CP-AP-r001:S-P04-S01:GS08:p0005,8,0,0,0,0
5515,CP-AP-r001:S-P04-S01:GS08:p0006,8,0,0,0,0
5516,CP-AP-r001:S-P04-S01:GS08:p0007,8,0,0,0,0
5517,CP-AP-r001:S-P04-S01:GS08:p0008,9,0,0,0,0
5518,CP-AP-r001:S-P04-S01:GS08:p0009,9,0,0,0,0
5519,CP-AP-r001:S-P04-S01:GS08:p0010,8,0,0,0,0
5520,CP-AP-r001:S-P04-S01:GS08:p0011,8,0,0,0,0
5521,CP-AP-r001:S-P04-S01:GS08:p0012,7,0,0,0,0
5522,CP-AP-r001:S-P04-S01:GS09:p0001,7,0,0,0,0
5523,CP-AP-r001:S-P04-S01:GS09:p0002,9,0,0,0,0
5524,CP-AP-r001:S-P04-S01:GS09:p0003,7,0,0,0,0
5525,CP-AP-r001:S-P04-S01:GS09:p0004,9,0,0,0,0
5526,CP-AP-r001:S-P04-S01:GS09:p0005,9,0,0,0,0
5527,CP-AP-r001:S-P04-S01:GS09:p0006,9,0,0,0,0
5528,CP-AP-r001:S-P04-S01:GS09:p0007,7,0,0,0,0
5529,CP-AP-r001:S-P04-S01:GS09:p0008,7,0,0,0,0
5530,CP-AP-r001:S-P04-S01:GS09:p0009,8,0,0,0,0
5531,CP-AP-r001:S-P04-S01:GS09:p0010,9,0,0,0,0
5532,CP-AP-r001:S-P04-S01:GS09:p0011,7,0,0,0,0
5533,CP-AP-r001:S-P04-S01:GS09:p0012,7,0,0,0,0
5534,CP-AP-r001:S-P04-S01:GS10:p0001,7,0,0,0,0
5535,CP-AP-r001:S-P04-S01:GS10:p0002,8,0,0,0,0
5536,CP-AP-r001:S-P04-S01:GS10:p0003,8,0,0,0,0
5537,CP-AP-r001:S-P04-S01:GS10:p0004,10,0,0,0,0
5538,CP-AP-r001:S-P04-S01:GS10:p0005,7,0,0,0,0
5539,CP-AP-r001:S-P04-S01:GS10:p0006,7,0,0,0,0
5540,CP-AP-r001:S-P04-S01:GS10:p0007,7,0,0,0,0
5541,CP-AP-r001:S-P04-S01:GS10:p0008,7,0,0,0,0
5542,CP-AP-r001:S-P04-S01:GS10:p0009,10,0,0,0,0
5543,CP-AP-r001:S-P04-S01:GS10:p0010,7,0,0,0,0
5544,CP-AP-r001:S-P04-S01:GS10:p0011,8,0,0,0,0
5545,CP-AP-r001:S-P04-S01:GS10:p0012,7,0,0,0,0
5546,CP-AP-r001:S-P04-S01:GS10:p0013,9,0,0,0,0
5547,CP-AP-r001:S-P04-S01:GS11:p0001,10,0,0,0,0
5548,CP-AP-r001:S-P04-S01:GS11:p0002,8,0,0,0,0
5549,CP-AP-r001:S-P04-S01:GS11:p0003,6,0,0,0,0
5550,CP-AP-r001:S-P04-S01:GS11:p0004,8,0,0,0,0
5551,CP-AP-r001:S-P04-S01:GS11:p0005,9,0,0,0,0
5552,CP-AP-r001:S-P04-S01:GS11:p0006,10,0,0,0,0
5553,CP-AP-r001:S-P04-S01:GS11:p0007,8,0,0,0,0
5554,CP-AP-r001:S-P04-S01:GS11:p0008,5,0,0,0,0
5555,CP-AP-r001:S-P04-S01:GS11:p0009,8,0,0,0,0
5556,CP-AP-r001:S-P04-S01:GS11:p0010,8,0,0,0,0
5557,CP-AP-r001:S-P04-S01:GS11:p0011,9,0,0,0,0
5558,CP-AP-r001:S-P04-S01:GS11:p0012,8,0,0,0,0
5559,CP-AP-r001:S-P04-S01:GS11:p0013,8,0,0,0,0
5560,CP-AP-r001:S-P04-S01:GS11:p0014,10,0,0,0,0
5561,CP-AP-r001:S-P04-S01:GS12:p0001,8,0,0,0,0
5562,CP-AP-r001:S-P04-S01:GS12:p0002,8,0,0,0,0
5563,CP-AP-r001:S-P04-S01:GS12:p0003,8,0,0,0,0
5564,CP-AP-r001:S-P04-S01:GS12:p0004,8,0,0,0,0
5565,CP-AP-r001:S-P04-S01:GS12:p0005,8,0,0,0,0
5566,CP-AP-r001:S-P04-S01:GS12:p0006,8,0,0,0,0
5567,CP-AP-r001:S-P04-S01:GS12:p0007,8,0,0,0,0
5568,CP-AP-r001:S-P04-S01:GS12:p0008,7,0,0,0,0
5569,CP-AP-r001:S-P04-S01:GS12:p0009,11,0,0,0,0
5570,CP-AP-r001:S-P04-S01:GS12:p0010,8,0,0,0,0
5571,CP-AP-r001:S-P04-S01:GS12:p0011,6,0,0,0,0
5572,CP-AP-r001:S-P04-S01:GS12:p0012,7,0,0,0,0
5573,CP-AP-r001:S-P04-S02:GS01:p0001,6,0,0,0,0
5574,CP-AP-r001:S-P04-S02:GS01:p0002,6,0,0,0,0
5575,CP-AP-r001:S-P04-S02:GS01:p0003,5,0,0,0,0
5576,CP-AP-r001:S-P04-S02:GS01:p0004,6,0,0,0,0
5577,CP-AP-r001:S-P04-S02:GS01:p0005,6,0,0,0,0
5578,CP-AP-r001:S-P04-S02:GS01:p0006,6,0,0,0,0
5579,CP-AP-r001:S-P04-S02:GS01:p0007,6,0,0,0,0
5580,CP-AP-r001:S-P04-S02:GS01:p0008,7,0,0,0,0
5581,CP-AP-r001:S-P04-S02:GS01:p0009,6,0,0,0,0
5582,CP-AP-r001:S-P04-S02:GS01:p0010,6,0,0,0,0
5583,CP-AP-r001:S-P04-S02:GS01:p0011,7,0,0,0,0
5584,CP-AP-r001:S-P04-S02:GS01:p0012,8,0,0,0,0
5585,CP-AP-r001:S-P04-S02:GS02:p0001,5,0,0,0,0
5586,CP-AP-r001:S-P04-S02:GS02:p0002,5,0,0,0,0
5587,CP-AP-r001:S-P04-S02:GS02:p0003,4,0,0,0,0
5588,CP-AP-r001:S-P04-S02:GS02:p0004,7,0,0,0,0
5589,CP-AP-r001:S-P04-S02:GS02:p0005,6,0,0,0,0
5590,CP-AP-r001:S-P04-S02:GS02:p0006,6,0,0,0,0
5591,CP-AP-r001:S-P04-S02:GS02:p0007,7,0,0,0,0
5592,CP-AP-r001:S-P04-S02:GS02:p0008,6,0,0,0,0
5593,CP-AP-r001:S-P04-S02:GS02:p0009,6,0,0,0,0
5594,CP-AP-r001:S-P04-S02:GS02:p0010,7,0,0,0,0
5595,CP-AP-r001:S-P04-S02:GS02:p0011,7,0,0,0,0
5596,CP-AP-r001:S-P04-S02:GS03:p0001,7,0,0,0,0
5597,CP-AP-r001:S-P04-S02:GS03:p0002,6,0,0,0,0
5598,CP-AP-r001:S-P04-S02:GS03:p0003,7,0,0,0,0
5599,CP-AP-r001:S-P04-S02:GS03:p0004,7,0,0,0,0
5600,CP-AP-r001:S-P04-S02:GS03:p0005,6,0,0,0,0
5601,CP-AP-r001:S-P04-S02:GS03:p0006,6,0,0,0,0
5602,CP-AP-r001:S-P04-S02:GS03:p0007,7,0,0,0,0
5603,CP-AP-r001:S-P04-S02:GS03:p0008,7,0,0,0,0
5604,CP-AP-r001:S-P04-S02:GS03:p0009,6,0,0,0,0
5605,CP-AP-r001:S-P04-S02:GS03:p0010,5,0,0,0,0
5606,CP-AP-r001:S-P04-S02:GS03:p0011,6,0,0,0,0
5607,CP-AP-r001:S-P04-S02:GS03:p0012,6,0,0,0,0
5608,CP-AP-r001:S-P04-S02:GS04:p0001,7,0,0,0,0
5609,CP-AP-r001:S-P04-S02:GS04:p0002,6,0,0,0,0
5610,CP-AP-r001:S-P04-S02:GS04:p0003,7,0,0,0,0
5611,CP-AP-r001:S-P04-S02:GS04:p0004,7,0,0,0,0
5612,CP-AP-r001:S-P04-S02:GS04:p0005,7,0,0,0,0
5613,CP-AP-r001:S-P04-S02:GS04:p0006,6,0,0,0,0
5614,CP-AP-r001:S-P04-S02:GS04:p0007,7,0,0,0,0
5615,CP-AP-r001:S-P04-S02:GS04:p0008,7,0,0,0,0
5616,CP-AP-r001:S-P04-S02:GS04:p0009,7,0,0,0,0
5617,CP-AP-r001:S-P04-S02:GS04:p0010,4,0,0,0,0
5618,CP-AP-r001:S-P04-S02:GS04:p0011,7,0,0,0,0
5619,CP-AP-r001:S-P04-S02:GS04:p0012,7,0,0,0,0
5620,CP-AP-r001:S-P04-S02:GS05:p0001,6,0,0,0,0
5621,CP-AP-r001:S-P04-S02:GS05:p0002,6,0,0,0,0
5622,CP-AP-r001:S-P04-S02:GS05:p0003,5,0,0,0,0
5623,CP-AP-r001:S-P04-S02:GS05:p0004,6,0,0,0,0
5624,CP-AP-r001:S-P04-S02:GS05:p0005,6,0,0,0,0
5625,CP-AP-r001:S-P04-S02:GS05:p0006,6,0,0,0,0
5626,CP-AP-r001:S-P04-S02:GS05:p0007,6,0,0,0,0
5627,CP-AP-r001:S-P04-S02:GS05:p0008,8,0,0,0,0
5628,CP-AP-r001:S-P04-S02:GS05:p0009,7,0,0,0,0
5629,CP-AP-r001:S-P04-S02:GS05:p0010,6,0,0,0,0
5630,CP-AP-r001:S-P04-S02:GS05:p0011,7,0,0,0,0
5631,CP-AP-r001:S-P04-S02:GS05:p0012,7,0,0,0,0
5632,CP-AP-r001:S-P04-S02:GS06:p0001,5,0,0,0,0
5633,CP-AP-r001:S-P04-S02:GS06:p0002,6,0,0,0,0
5634,CP-AP-r001:S-P04-S02:GS06:p0003,4,0,0,0,0
5635,CP-AP-r001:S-P04-S02:GS06:p0004,7,0,0,0,0
5636,CP-AP-r001:S-P04-S02:GS06:p0005,6,0,0,0,0
5637,CP-AP-r001:S-P04-S02:GS06:p0006,6,0,0,0,0
5638,CP-AP-r001:S-P04-S02:GS06:p0007,7,0,0,0,0
5639,CP-AP-r001:S-P04-S02:GS06:p0008,7,0,0,0,0
5640,CP-AP-r001:S-P04-S02:GS06:p0009,6,0,0,0,0
5641,CP-AP-r001:S-P04-S02:GS06:p0010,6,0,0,0,0
5642,CP-AP-r001:S-P04-S02:GS06:p0011,5,0,0,0,0
5643,CP-AP-r001:S-P04-S02:GS06:p0012,6,0,0,0,0
5644,CP-AP-r001:S-P04-S02:GS07:p0001,11,0,0,0,0
5645,CP-AP-r001:S-P04-S02:GS07:p0002,7,0,0,0,0
5646,CP-AP-r001:S-P04-S02:GS07:p0003,7,0,0,0,0
5647,CP-AP-r001:S-P04-S02:GS07:p0004,7,0,0,0,0
5648,CP-AP-r001:S-P04-S02:GS07:p0005,10,0,0,0,0
5649,CP-AP-r001:S-P04-S02:GS07:p0006,8,0,0,0,0
5650,CP-AP-r001:S-P04-S02:GS07:p0007,7,0,0,0,0
5651,CP-AP-r001:S-P04-S02:GS07:p0008,7,0,0,0,0
5652,CP-AP-r001:S-P04-S02:GS07:p0009,8,0,0,0,0
5653,CP-AP-r001:S-P04-S02:GS07:p0010,10,0,0,0,0
5654,CP-AP-r001:S-P04-S02:GS07:p0011,8,0,0,0,0
5655,CP-AP-r001:S-P04-S02:GS07:p0012,8,0,0,0,0
5656,CP-AP-r001:S-P04-S02:GS07:p0013,7,0,0,0,0
5657,CP-AP-r001:S-P04-S02:GS08:p0001,7,0,0,0,0
5658,CP-AP-r001:S-P04-S02:GS08:p0002,7,0,0,0,0
5659,CP-AP-r001:S-P04-S02:GS08:p0003,9,0,0,0,0
5660,CP-AP-r001:S-P04-S02:GS08:p0004,8,0,0,0,0
5661,CP-AP-r001:S-P04-S02:GS08:p0005,7,0,0,0,0
5662,CP-AP-r001:S-P04-S02:GS08:p0006,7,0,0,0,0
5663,CP-AP-r001:S-P04-S02:GS08:p0007,9,0,0,0,0
5664,CP-AP-r001:S-P04-S02:GS08:p0008,9,0,0,0,0
5665,CP-AP-r001:S-P04-S02:GS08:p0009,8,0,0,0,0
5666,CP-AP-r001:S-P04-S02:GS08:p0010,7,0,0,0,0
5667,CP-AP-r001:S-P04-S02:GS08:p0011,9,0,0,0,0
5668,CP-AP-r001:S-P04-S02:GS08:p0012,7,0,0,0,0
5669,CP-AP-r001:S-P04-S02:GS09:p0001,7,0,0,0,0
5670,CP-AP-r001:S-P04-S02:GS09:p0002,8,0,0,0,0
5671,CP-AP-r001:S-P04-S02:GS09:p0003,8,0,0,0,0
5672,CP-AP-r001:S-P04-S02:GS09:p0004,10,0,0,0,0
5673,CP-AP-r001:S-P04-S02:GS09:p0005,9,0,0,0,0
5674,CP-AP-r001:S-P04-S02:GS09:p0006,8,0,0,0,0
5675,CP-AP-r001:S-P04-S02:GS09:p0007,8,0,0,0,0
5676,CP-AP-r001:S-P04-S02:GS09:p0008,8,0,0,0,0
5677,CP-AP-r001:S-P04-S02:GS09:p0009,8,0,0,0,0
5678,CP-AP-r001:S-P04-S02:GS09:p0010,7,0,0,0,0
5679,CP-AP-r001:S-P04-S02:GS09:p0011,8,0,0,0,0
5680,CP-AP-r001:S-P04-S02:GS09:p0012,8,0,0,0,0
5681,CP-AP-r001:S-P04-S02:GS10:p0001,8,0,0,0,0
5682,CP-AP-r001:S-P04-S02:GS10:p0002,8,0,0,0,0
5683,CP-AP-r001:S-P04-S02:GS10:p0003,7,0,0,0,0
5684,CP-AP-r001:S-P04-S02:GS10:p0004,8,0,0,0,0
5685,CP-AP-r001:S-P04-S02:GS10:p0005,9,0,0,0,0
5686,CP-AP-r001:S-P04-S02:GS10:p0006,9,0,0,0,0
5687,CP-AP-r001:S-P04-S02:GS10:p0007,8,0,0,0,0
5688,CP-AP-r001:S-P04-S02:GS10:p0008,6,0,0,0,0
5689,CP-AP-r001:S-P04-S02:GS10:p0009,8,0,0,0,0
5690,CP-AP-r001:S-P04-S02:GS10:p0010,10,0,0,0,0
5691,CP-AP-r001:S-P04-S02:GS10:p0011,8,0,0,0,0
5692,CP-AP-r001:S-P04-S02:GS10:p0012,7,0,0,0,0
5693,CP-AP-r001:S-P04-S02:GS10:p0013,8,0,0,0,0
5694,CP-AP-r001:S-P04-S02:GS10:p0014,10,0,0,0,0
5695,CP-AP-r001:S-P04-S02:GS11:p0001,11,0,0,0,0
5696,CP-AP-r001:S-P04-S02:GS11:p0002,8,0,0,0,0
5697,CP-AP-r001:S-P04-S02:GS11:p0003,7,0,0,0,0
5698,CP-AP-r001:S-P04-S02:GS11:p0004,7,0,0,0,0
5699,CP-AP-r001:S-P04-S02:GS11:p0005,7,0,0,0,0
5700,CP-AP-r001:S-P04-S02:GS11:p0006,10,0,0,0,0
5701,CP-AP-r001:S-P04-S02:GS11:p0007,8,0,0,0,0
5702,CP-AP-r001:S-P04-S02:GS11:p0008,6,0,0,0,0
5703,CP-AP-r001:S-P04-S02:GS11:p0009,8,0,0,0,0
5704,CP-AP-r001:S-P04-S02:GS11:p0010,7,0,0,0,0
5705,CP-AP-r001:S-P04-S02:GS11:p0011,10,0,0,0,0
5706,CP-AP-r001:S-P04-S02:GS11:p0012,8,0,0,0,0
5707,CP-AP-r001:S-P04-S02:GS11:p0013,8,0,0,0,0
5708,CP-AP-r001:S-P04-S02:GS11:p0014,9,0,0,0,0
5709,CP-AP-r001:S-P04-S02:GS12:p0001,7,0,0,0,0
5710,CP-AP-r001:S-P04-S02:GS12:p0002,7,0,0,0,0
5711,CP-AP-r001:S-P04-S02:GS12:p0003,10,0,0,0,0
5712,CP-AP-r001:S-P04-S02:GS12:p0004,8,0,0,0,0
5713,CP-AP-r001:S-P04-S02:GS12:p0005,7,0,0,0,0
5714,CP-AP-r001:S-P04-S02:GS12:p0006,7,0,0,0,0
5715,CP-AP-r001:S-P04-S02:GS12:p0007,9,0,0,0,0
5716,CP-AP-r001:S-P04-S02:GS12:p0008,7,0,0,0,0
5717,CP-AP-r001:S-P04-S02:GS12:p0009,11,0,0,0,0
5718,CP-AP-r001:S-P04-S02:GS12:p0010,8,0,0,0,0
5719,CP-AP-r001:S-P04-S02:GS12:p0011,7,0,0,0,0
5720,CP-AP-r001:S-P04-S02:GS12:p0012,7,0,0,0,0
5721,CP-AP-r001:S-P04-S03:GS01:p0001,7,0,0,0,0
5722,CP-AP-r001:S-P04-S03:GS01:p0002,7,0,0,0,0
5723,CP-AP-r001:S-P04-S03:GS01:p0003,6,0,0,0,0
5724,CP-AP-r001:S-P04-S03:GS01:p0004,7,0,0,0,0
5725,CP-AP-r001:S-P04-S03:GS01:p0005,8,0,0,0,0
5726,CP-AP-r001:S-P04-S03:GS01:p0006,7,0,0,0,0
5727,CP-AP-r001:S-P04-S03:GS01:p0007,6,0,0,0,0
5728,CP-AP-r001:S-P04-S03:GS01:p0008,6,0,0,0,0
5729,CP-AP-r001:S-P04-S03:GS01:p0009,8,0,0,0,0
5730,CP-AP-r001:S-P04-S03:GS01:p0010,6,0,0,0,0
5731,CP-AP-r001:S-P04-S03:GS01:p0011,6,0,0,0,0
5732,CP-AP-r001:S-P04-S03:GS01:p0012,6,0,0,0,0
5733,CP-AP-r001:S-P04-S03:GS02:p0001,7,0,0,0,0
5734,CP-AP-r001:S-P04-S03:GS02:p0002,7,0,0,0,0
5735,CP-AP-r001:S-P04-S03:GS02:p0003,6,0,0,0,0
5736,CP-AP-r001:S-P04-S03:GS02:p0004,6,0,0,0,0
5737,CP-AP-r001:S-P04-S03:GS02:p0005,7,0,0,0,0
5738,CP-AP-r001:S-P04-S03:GS02:p0006,7,0,0,0,0
5739,CP-AP-r001:S-P04-S03:GS02:p0007,4,0,0,0,0
5740,CP-AP-r001:S-P04-S03:GS02:p0008,6,0,0,0,0
5741,CP-AP-r001:S-P04-S03:GS02:p0009,7,0,0,0,0
5742,CP-AP-r001:S-P04-S03:GS02:p0010,7,0,0,0,0
5743,CP-AP-r001:S-P04-S03:GS02:p0011,6,0,0,0,0
5744,CP-AP-r001:S-P04-S03:GS02:p0012,8,0,0,0,0
5745,CP-AP-r001:S-P04-S03:GS03:p0001,7,0,0,0,0
5746,CP-AP-r001:S-P04-S03:GS03:p0002,4,0,0,0,0
5747,CP-AP-r001:S-P04-S03:GS03:p0003,5,0,0,0,0
5748,CP-AP-r001:S-P04-S03:GS03:p0004,4,0,0,0,0
5749,CP-AP-r001:S-P04-S03:GS03:p0005,7,0,0,0,0
5750,CP-AP-r001:S-P04-S03:GS03:p0006,7,0,0,0,0
5751,CP-AP-r001:S-P04-S03:GS03:p0007,6,0,0,0,0
5752,CP-AP-r001:S-P04-S03:GS03:p0008,6,0,0,0,0
5753,CP-AP-r001:S-P04-S03:GS03:p0009,7,0,0,0,0
5754,CP-AP-r001:S-P04-S03:GS03:p0010,7,0,0,0,0
5755,CP-AP-r001:S-P04-S03:GS03:p0011,6,0,0,0,0
5756,CP-AP-r001:S-P04-S03:GS04:p0001,6,0,0,0,0
5757,CP-AP-r001:S-P04-S03:GS04:p0002,5,0,0,0,0
5758,CP-AP-r001:S-P04-S03:GS04:p0003,6,0,0,0,0
5759,CP-AP-r001:S-P04-S03:GS04:p0004,6,0,0,0,0
5760,CP-AP-r001:S-P04-S03:GS04:p0005,7,0,0,0,0
5761,CP-AP-r001:S-P04-S03:GS04:p0006,7,0,0,0,0
5762,CP-AP-r001:S-P04-S03:GS04:p0007,6,0,0,0,0
5763,CP-AP-r001:S-P04-S03:GS04:p0008,6,0,0,0,0
5764,CP-AP-r001:S-P04-S03:GS04:p0009,7,0,0,0,0
5765,CP-AP-r001:S-P04-S03:GS04:p0010,4,0,0,0,0
5766,CP-AP-r001:S-P04-S03:GS04:p0011,6,0,0,0,0
5767,CP-AP-r001:S-P04-S03:GS04:p0012,5,0,0,0,0
5768,CP-AP-r001:S-P04-S03:GS05:p0001,7,0,0,0,0
5769,CP-AP-r001:S-P04-S03:GS05:p0002,7,0,0,0,0
5770,CP-AP-r001:S-P04-S03:GS05:p0003,6,0,0,0,0
5771,CP-AP-r001:S-P04-S03:GS05:p0004,6,0,0,0,0
5772,CP-AP-r001:S-P04-S03:GS05:p0005,8,0,0,0,0
5773,CP-AP-r001:S-P04-S03:GS05:p0006,6,0,0,0,0
5774,CP-AP-r001:S-P04-S03:GS05:p0007,6,0,0,0,0
5775,CP-AP-r001:S-P04-S03:GS05:p0008,6,0,0,0,0
5776,CP-AP-r001:S-P04-S03:GS05:p0009,6,0,0,0,0
5777,CP-AP-r001:S-P04-S03:GS05:p0010,6,0,0,0,0
5778,CP-AP-r001:S-P04-S03:GS05:p0011,6,0,0,0,0
5779,CP-AP-r001:S-P04-S03:GS05:p0012,6,0,0,0,0
5780,CP-AP-r001:S-P04-S03:GS06:p0001,7,0,0,0,0
5781,CP-AP-r001:S-P04-S03:GS06:p0002,7,0,0,0,0
5782,CP-AP-r001:S-P04-S03:GS06:p0003,4,0,0,0,0
5783,CP-AP-r001:S-P04-S03:GS06:p0004,7,0,0,0,0
5784,CP-AP-r001:S-P04-S03:GS06:p0005,7,0,0,0,0
5785,CP-AP-r001:S-P04-S03:GS06:p0006,7,0,0,0,0
5786,CP-AP-r001:S-P04-S03:GS06:p0007,5,0,0,0,0
5787,CP-AP-r001:S-P04-S03:GS06:p0008,7,0,0,0,0
5788,CP-AP-r001:S-P04-S03:GS06:p0009,7,0,0,0,0
5789,CP-AP-r001:S-P04-S03:GS06:p0010,7,0,0,0,0
5790,CP-AP-r001:S-P04-S03:GS06:p0011,6,0,0,0,0
5791,CP-AP-r001:S-P04-S03:GS06:p0012,7,0,0,0,0
5792,CP-AP-r001:S-P04-S03:GS07:p0001,10,0,0,0,0
5793,CP-AP-r001:S-P04-S03:GS07:p0002,8,0,0,0,0
5794,CP-AP-r001:S-P04-S03:GS07:p0003,7,0,0,0,0
5795,CP-AP-r001:S-P04-S03:GS07:p0004,8,0,0,0,0
5796,CP-AP-r001:S-P04-S03:GS07:p0005,8,0,0,0,0
5797,CP-AP-r001:S-P04-S03:GS07:p0006,9,0,0,0,0
5798,CP-AP-r001:S-P04-S03:GS07:p0007,8,0,0,0,0
5799,CP-AP-r001:S-P04-S03:GS07:p0008,8,0,0,0,0
5800,CP-AP-r001:S-P04-S03:GS07:p0009,10,0,0,0,0
5801,CP-AP-r001:S-P04-S03:GS07:p0010,8,0,0,0,0
5802,CP-AP-r001:S-P04-S03:GS07:p0011,8,0,0,0,0
5803,CP-AP-r001:S-P04-S03:GS07:p0012,7,0,0,0,0
5804,CP-AP-r001:S-P04-S03:GS07:p0013,8,0,0,0,0
5805,CP-AP-r001:S-P04-S03:GS07:p0014,10,0,0,0,0
5806,CP-AP-r001:S-P04-S03:GS08:p0001,9,0,0,0,0
5807,CP-AP-r001:S-P04-S03:GS08:p0002,8,0,0,0,0
5808,CP-AP-r001:S-P04-S03:GS08:p0003,8,0,0,0,0
5809,CP-AP-r001:S-P04-S03:GS08:p0004,7,0,0,0,0
5810,CP-AP-r001:S-P04-S03:GS08:p0005,11,0,0,0,0
5811,CP-AP-r001:S-P04-S03:GS08:p0006,8,0,0,0,0
5812,CP-AP-r001:S-P04-S03:GS08:p0007,5,0,0,0,0
5813,CP-AP-r001:S-P04-S03:GS08:p0008,7,0,0,0,0
5814,CP-AP-r001:S-P04-S03:GS08:p0009,10,0,0,0,0
5815,CP-AP-r001:S-P04-S03:GS08:p0010,8,0,0,0,0
5816,CP-AP-r001:S-P04-S03:GS08:p0011,5,0,0,0,0
5817,CP-AP-r001:S-P04-S03:GS08:p0012,8,0,0,0,0
5818,CP-AP-r001:S-P04-S03:GS08:p0013,10,0,0,0,0
5819,CP-AP-r001:S-P04-S03:GS09:p0001,8,0,0,0,0
5820,CP-AP-r001:S-P04-S03:GS09:p0002,9,0,0,0,0
5821,CP-AP-r001:S-P04-S03:GS09:p0003,7,0,0,0,0
5822,CP-AP-r001:S-P04-S03:GS09:p0004,7,0,0,0,0
5823,CP-AP-r001:S-P04-S03:GS09:p0005,8,0,0,0,0
5824,CP-AP-r001:S-P04-S03:GS09:p0006,8,0,0,0,0
5825,CP-AP-r001:S-P04-S03:GS09:p0007,7,0,0,0,0
5826,CP-AP-r001:S-P04-S03:GS09:p0008,8,0,0,0,0
5827,CP-AP-r001:S-P04-S03:GS09:p0009,8,0,0,0,0
5828,CP-AP-r001:S-P04-S03:GS09:p0010,8,0,0,0,0
5829,CP-AP-r001:S-P04-S03:GS09:p0011,8,0,0,0,0
5830,CP-AP-r001:S-P04-S03:GS09:p0012,8,0,0,0,0
5831,CP-AP-r001:S-P04-S03:GS10:p0001,7,0,0,0,0
5832,CP-AP-r001:S-P04-S03:GS10:p0002,7,0,0,0,0
5833,CP-AP-r001:S-P04-S03:GS10:p0003,7,0,0,0,0
5834,CP-AP-r001:S-P04-S03:GS10:p0004,9,0,0,0,0
5835,CP-AP-r001:S-P04-S03:GS10:p0005,7,0,0,0,0
5836,CP-AP-r001:S-P04-S03:GS10:p0006,9,0,0,0,0
5837,CP-AP-r001:S-P04-S03:GS10:p0007,7,0,0,0,0
5838,CP-AP-r001:S-P04-S03:GS10:p0008,7,0,0,0,0
5839,CP-AP-r001:S-P04-S03:GS10:p0009,9,0,0,0,0
5840,CP-AP-r001:S-P04-S03:GS10:p0010,9,0,0,0,0
5841,CP-AP-r001:S-P04-S03:GS10:p0011,7,0,0,0,0
5842,CP-AP-r001:S-P04-S03:GS10:p0012,7,0,0,0,0
5843,CP-AP-r001:S-P04-S03:GS11:p0001,9,0,0,0,0
5844,CP-AP-r001:S-P04-S03:GS11:p0002,8,0,0,0,0
5845,CP-AP-r001:S-P04-S03:GS11:p0003,8,0,0,0,0
5846,CP-AP-r001:S-P04-S03:GS11:p0004,10,0,0,0,0
5847,CP-AP-r001:S-P04-S03:GS11:p0005,9,0,0,0,0
5848,CP-AP-r001:S-P04-S03:GS11:p0006,8,0,0,0,0
5849,CP-AP-r001:S-P04-S03:GS11:p0007,6,0,0,0,0
5850,CP-AP-r001:S-P04-S03:GS11:p0008,8,0,0,0,0
5851,CP-AP-r001:S-P04-S03:GS11:p0009,10,0,0,0,0
5852,CP-AP-r001:S-P04-S03:GS11:p0010,7,0,0,0,0
5853,CP-AP-r001:S-P04-S03:GS11:p0011,7,0,0,0,0
5854,CP-AP-r001:S-P04-S03:GS11:p0012,8,0,0,0,0
5855,CP-AP-r001:S-P04-S03:GS11:p0013,7,0,0,0,0
5856,CP-AP-r001:S-P04-S03:GS11:p0014,10,0,0,0,0
5857,CP-AP-r001:S-P04-S03:GS12:p0001,11,0,0,0,0
5858,CP-AP-r001:S-P04-S03:GS12:p0002,8,0,0,0,0
5859,CP-AP-r001:S-P04-S03:GS12:p0003,7,0,0,0,0
5860,CP-AP-r001:S-P04-S03:GS12:p0004,7,0,0,0,0
5861,CP-AP-r001:S-P04-S03:GS12:p0005,10,0,0,0,0
5862,CP-AP-r001:S-P04-S03:GS12:p0006,8,0,0,0,0
5863,CP-AP-r001:S-P04-S03:GS12:p0007,6,0,0,0,0
5864,CP-AP-r001:S-P04-S03:GS12:p0008,8,0,0,0,0
5865,CP-AP-r001:S-P04-S03:GS12:p0009,9,0,0,0,0
5866,CP-AP-r001:S-P04-S03:GS12:p0010,10,0,0,0,0
5867,CP-AP-r001:S-P04-S03:GS12:p0011,8,0,0,0,0
5868,CP-AP-r001:S-P04-S03:GS12:p0012,7,0,0,0,0
5869,CP-AP-r001:S-P04-S03:GS12:p0013,8,0,0,0,0
5870,CP-AP-r001:S-P04-S03:GS12:p0014,8,0,0,0,0
5871,CP-AP-r001:S-P04-S04:GS01:p0001,6,0,0,0,0
5872,CP-AP-r001:S-P04-S04:GS01:p0002,6,0,0,0,0
5873,CP-AP-r001:S-P04-S04:GS01:p0003,6,0,0,0,0
5874,CP-AP-r001:S-P04-S04:GS01:p0004,8,0,0,0,0
5875,CP-AP-r001:S-P04-S04:GS01:p0005,7,0,0,0,0
5876,CP-AP-r001:S-P04-S04:GS01:p0006,6,0,0,0,0
5877,CP-AP-r001:S-P04-S04:GS01:p0007,7,0,0,0,0
5878,CP-AP-r001:S-P04-S04:GS01:p0008,7,0,0,0,0
5879,CP-AP-r001:S-P04-S04:GS01:p0009,8,0,0,0,0
5880,CP-AP-r001:S-P04-S04:GS01:p0010,6,0,0,0,0
5881,CP-AP-r001:S-P04-S04:GS01:p0011,7,0,0,0,0
5882,CP-AP-r001:S-P04-S04:GS01:p0012,7,0,0,0,0
5883,CP-AP-r001:S-P04-S04:GS02:p0001,6,0,0,0,0
5884,CP-AP-r001:S-P04-S04:GS02:p0002,6,0,0,0,0
5885,CP-AP-r001:S-P04-S04:GS02:p0003,7,0,0,0,0
5886,CP-AP-r001:S-P04-S04:GS02:p0004,7,0,0,0,0
5887,CP-AP-r001:S-P04-S04:GS02:p0005,6,0,0,0,0
5888,CP-AP-r001:S-P04-S04:GS02:p0006,6,0,0,0,0
5889,CP-AP-r001:S-P04-S04:GS02:p0007,5,0,0,0,0
5890,CP-AP-r001:S-P04-S04:GS02:p0008,6,0,0,0,0
5891,CP-AP-r001:S-P04-S04:GS02:p0009,6,0,0,0,0
5892,CP-AP-r001:S-P04-S04:GS02:p0010,6,0,0,0,0
5893,CP-AP-r001:S-P04-S04:GS02:p0011,6,0,0,0,0
5894,CP-AP-r001:S-P04-S04:GS02:p0012,8,0,0,0,0
5895,CP-AP-r001:S-P04-S04:GS03:p0001,6,0,0,0,0
5896,CP-AP-r001:S-P04-S04:GS03:p0002,6,0,0,0,0
5897,CP-AP-r001:S-P04-S04:GS03:p0003,6,0,0,0,0
5898,CP-AP-r001:S-P04-S04:GS03:p0004,6,0,0,0,0
5899,CP-AP-r001:S-P04-S04:GS03:p0005,5,0,0,0,0
5900,CP-AP-r001:S-P04-S04:GS03:p0006,5,0,0,0,0
5901,CP-AP-r001:S-P04-S04:GS03:p0007,4,0,0,0,0
5902,CP-AP-r001:S-P04-S04:GS03:p0008,7,0,0,0,0
5903,CP-AP-r001:S-P04-S04:GS03:p0009,6,0,0,0,0
5904,CP-AP-r001:S-P04-S04:GS03:p0010,6,0,0,0,0
5905,CP-AP-r001:S-P04-S04:GS03:p0011,7,0,0,0,0
5906,CP-AP-r001:S-P04-S04:GS04:p0001,7,0,0,0,0
5907,CP-AP-r001:S-P04-S04:GS04:p0002,4,0,0,0,0
5908,CP-AP-r001:S-P04-S04:GS04:p0003,7,0,0,0,0
5909,CP-AP-r001:S-P04-S04:GS04:p0004,7,0,0,0,0
5910,CP-AP-r001:S-P04-S04:GS04:p0005,6,0,0,0,0
5911,CP-AP-r001:S-P04-S04:GS04:p0006,7,0,0,0,0
5912,CP-AP-r001:S-P04-S04:GS04:p0007,7,0,0,0,0
5913,CP-AP-r001:S-P04-S04:GS04:p0008,6,0,0,0,0
5914,CP-AP-r001:S-P04-S04:GS04:p0009,6,0,0,0,0
5915,CP-AP-r001:S-P04-S04:GS04:p0010,8,0,0,0,0
5916,CP-AP-r001:S-P04-S04:GS04:p0011,6,0,0,0,0
5917,CP-AP-r001:S-P04-S04:GS05:p0001,6,0,0,0,0
5918,CP-AP-r001:S-P04-S04:GS05:p0002,6,0,0,0,0
5919,CP-AP-r001:S-P04-S04:GS05:p0003,7,0,0,0,0
5920,CP-AP-r001:S-P04-S04:GS05:p0004,7,0,0,0,0
5921,CP-AP-r001:S-P04-S04:GS05:p0005,8,0,0,0,0
5922,CP-AP-r001:S-P04-S04:GS05:p0006,6,0,0,0,0
5923,CP-AP-r001:S-P04-S04:GS05:p0007,7,0,0,0,0
5924,CP-AP-r001:S-P04-S04:GS05:p0008,7,0,0,0,0
5925,CP-AP-r001:S-P04-S04:GS05:p0009,6,0,0,0,0
5926,CP-AP-r001:S-P04-S04:GS05:p0010,5,0,0,0,0
5927,CP-AP-r001:S-P04-S04:GS05:p0011,7,0,0,0,0
5928,CP-AP-r001:S-P04-S04:GS05:p0012,7,0,0,0,0
5929,CP-AP-r001:S-P04-S04:GS05:p0013,3,0,0,0,0
5930,CP-AP-r001:S-P04-S04:GS06:p0001,6,0,0,0,0
5931,CP-AP-r001:S-P04-S04:GS06:p0002,6,0,0,0,0
5932,CP-AP-r001:S-P04-S04:GS06:p0003,5,0,0,0,0
5933,CP-AP-r001:S-P04-S04:GS06:p0004,6,0,0,0,0
5934,CP-AP-r001:S-P04-S04:GS06:p0005,6,0,0,0,0
5935,CP-AP-r001:S-P04-S04:GS06:p0006,6,0,0,0,0
5936,CP-AP-r001:S-P04-S04:GS06:p0007,6,0,0,0,0
5937,CP-AP-r001:S-P04-S04:GS06:p0008,7,0,0,0,0
5938,CP-AP-r001:S-P04-S04:GS06:p0009,6,0,0,0,0
5939,CP-AP-r001:S-P04-S04:GS06:p0010,6,0,0,0,0
5940,CP-AP-r001:S-P04-S04:GS06:p0011,6,0,0,0,0
5941,CP-AP-r001:S-P04-S04:GS06:p0012,8,0,0,0,0
5942,CP-AP-r001:S-P04-S04:GS07:p0001,10,0,0,0,0
5943,CP-AP-r001:S-P04-S04:GS07:p0002,8,0,0,0,0
5944,CP-AP-r001:S-P04-S04:GS07:p0003,8,0,0,0,0
5945,CP-AP-r001:S-P04-S04:GS07:p0004,7,0,0,0,0
5946,CP-AP-r001:S-P04-S04:GS07:p0005,10,0,0,0,0
5947,CP-AP-r001:S-P04-S04:GS07:p0006,8,0,0,0,0
5948,CP-AP-r001:S-P04-S04:GS07:p0007,8,0,0,0,0
5949,CP-AP-r001:S-P04-S04:GS07:p0008,9,0,0,0,0
5950,CP-AP-r001:S-P04-S04:GS07:p0009,10,0,0,0,0
5951,CP-AP-r001:S-P04-S04:GS07:p0010,8,0,0,0,0
5952,CP-AP-r001:S-P04-S04:GS07:p0011,5,0,0,0,0
5953,CP-AP-r001:S-P04-S04:GS07:p0012,8,0,0,0,0
5954,CP-AP-r001:S-P04-S04:GS07:p0013,10,0,0,0,0
5955,CP-AP-r001:S-P04-S04:GS08:p0001,8,0,0,0,0
5956,CP-AP-r001:S-P04-S04:GS08:p0002,7,0,0,0,0
5957,CP-AP-r001:S-P04-S04:GS08:p0003,9,0,0,0,0
5958,CP-AP-r001:S-P04-S04:GS08:p0004,7,0,0,0,0
5959,CP-AP-r001:S-P04-S04:GS08:p0005,10,0,0,0,0
5960,CP-AP-r001:S-P04-S04:GS08:p0006,8,0,0,0,0
5961,CP-AP-r001:S-P04-S04:GS08:p0007,6,0,0,0,0
5962,CP-AP-r001:S-P04-S04:GS08:p0008,7,0,0,0,0
5963,CP-AP-r001:S-P04-S04:GS08:p0009,9,0,0,0,0
5964,CP-AP-r001:S-P04-S04:GS08:p0010,10,0,0,0,0
5965,CP-AP-r001:S-P04-S04:GS08:p0011,8,0,0,0,0
5966,CP-AP-r001:S-P04-S04:GS08:p0012,7,0,0,0,0
5967,CP-AP-r001:S-P04-S04:GS08:p0013,8,0,0,0,0
5968,CP-AP-r001:S-P04-S04:GS08:p0014,9,0,0,0,0
5969,CP-AP-r001:S-P04-S04:GS09:p0001,8,0,0,0,0
5970,CP-AP-r001:S-P04-S04:GS09:p0002,7,0,0,0,0
5971,CP-AP-r001:S-P04-S04:GS09:p0003,8,0,0,0,0
5972,CP-AP-r001:S-P04-S04:GS09:p0004,8,0,0,0,0
5973,CP-AP-r001:S-P04-S04:GS09:p0005,7,0,0,0,0
5974,CP-AP-r001:S-P04-S04:GS09:p0006,7,0,0,0,0
5975,CP-AP-r001:S-P04-S04:GS09:p0007,10,0,0,0,0
5976,CP-AP-r001:S-P04-S04:GS09:p0008,8,0,0,0,0
5977,CP-AP-r001:S-P04-S04:GS09:p0009,7,0,0,0,0
5978,CP-AP-r001:S-P04-S04:GS09:p0010,7,0,0,0,0
5979,CP-AP-r001:S-P04-S04:GS09:p0011,9,0,0,0,0
5980,CP-AP-r001:S-P04-S04:GS09:p0012,8,0,0,0,0
5981,CP-AP-r001:S-P04-S04:GS10:p0001,8,0,0,0,0
5982,CP-AP-r001:S-P04-S04:GS10:p0002,6,0,0,0,0
5983,CP-AP-r001:S-P04-S04:GS10:p0003,8,0,0,0,0
5984,CP-AP-r001:S-P04-S04:GS10:p0004,9,0,0,0,0
5985,CP-AP-r001:S-P04-S04:GS10:p0005,7,0,0,0,0
5986,CP-AP-r001:S-P04-S04:GS10:p0006,8,0,0,0,0
5987,CP-AP-r001:S-P04-S04:GS10:p0007,8,0,0,0,0
5988,CP-AP-r001:S-P04-S04:GS10:p0008,8,0,0,0,0
5989,CP-AP-r001:S-P04-S04:GS10:p0009,8,0,0,0,0
5990,CP-AP-r001:S-P04-S04:GS10:p0010,8,0,0,0,0
5991,CP-AP-r001:S-P04-S04:GS10:p0011,8,0,0,0,0
5992,CP-AP-r001:S-P04-S04:GS10:p0012,8,0,0,0,0
5993,CP-AP-r001:S-P04-S04:GS11:p0001,10,0,0,0,0
5994,CP-AP-r001:S-P04-S04:GS11:p0002,8,0,0,0,0
5995,CP-AP-r001:S-P04-S04:GS11:p0003,8,0,0,0,0
5996,CP-AP-r001:S-P04-S04:GS11:p0004,9,0,0,0,0
5997,CP-AP-r001:S-P04-S04:GS11:p0005,10,0,0,0,0
5998,CP-AP-r001:S-P04-S04:GS11:p0006,8,0,0,0,0
5999,CP-AP-r001:S-P04-S04:GS11:p0007,5,0,0,0,0
6000,CP-AP-r001:S-P04-S04:GS11:p0008,8,0,0,0,0
6001,CP-AP-r001:S-P04-S04:GS11:p0009,10,0,0,0,0
6002,CP-AP-r001:S-P04-S04:GS11:p0010,9,0,0,0,0
6003,CP-AP-r001:S-P04-S04:GS11:p0011,8,0,0,0,0
6004,CP-AP-r001:S-P04-S04:GS11:p0012,7,0,0,0,0
6005,CP-AP-r001:S-P04-S04:GS11:p0013,8,0,0,0,0
6006,CP-AP-r001:S-P04-S04:GS11:p0014,10,0,0,0,0
6007,CP-AP-r001:S-P04-S04:GS12:p0001,11,0,0,0,0
6008,CP-AP-r001:S-P04-S04:GS12:p0002,7,0,0,0,0
6009,CP-AP-r001:S-P04-S04:GS12:p0003,8,0,0,0,0
6010,CP-AP-r001:S-P04-S04:GS12:p0004,7,0,0,0,0
6011,CP-AP-r001:S-P04-S04:GS12:p0005,10,0,0,0,0
6012,CP-AP-r001:S-P04-S04:GS12:p0006,8,0,0,0,0
6013,CP-AP-r001:S-P04-S04:GS12:p0007,7,0,0,0,0
6014,CP-AP-r001:S-P04-S04:GS12:p0008,7,0,0,0,0
6015,CP-AP-r001:S-P04-S04:GS12:p0009,7,0,0,0,0
6016,CP-AP-r001:S-P04-S04:GS12:p0010,10,0,0,0,0
6017,CP-AP-r001:S-P04-S04:GS12:p0011,8,0,0,0,0
6018,CP-AP-r001:S-P04-S04:GS12:p0012,8,0,0,0,0
6019,CP-AP-r001:S-P04-S04:GS12:p0013,7,0,0,0,0
6020,CP-AP-r001:S-P04-S05:GS01:p0001,8,0,0,0,0
6021,CP-AP-r001:S-P04-S05:GS01:p0002,6,0,0,0,0
6022,CP-AP-r001:S-P04-S05:GS01:p0003,6,0,0,0,0
6023,CP-AP-r001:S-P04-S05:GS01:p0004,6,0,0,0,0
6024,CP-AP-r001:S-P04-S05:GS01:p0005,6,0,0,0,0
6025,CP-AP-r001:S-P04-S05:GS01:p0006,5,0,0,0,0
6026,CP-AP-r001:S-P04-S05:GS01:p0007,6,0,0,0,0
6027,CP-AP-r001:S-P04-S05:GS01:p0008,6,0,0,0,0
6028,CP-AP-r001:S-P04-S05:GS01:p0009,7,0,0,0,0
6029,CP-AP-r001:S-P04-S05:GS01:p0010,7,0,0,0,0
6030,CP-AP-r001:S-P04-S05:GS01:p0011,6,0,0,0,0
6031,CP-AP-r001:S-P04-S05:GS01:p0012,6,0,0,0,0
6032,CP-AP-r001:S-P04-S05:GS02:p0001,7,0,0,0,0
6033,CP-AP-r001:S-P04-S05:GS02:p0002,7,0,0,0,0
6034,CP-AP-r001:S-P04-S05:GS02:p0003,6,0,0,0,0
6035,CP-AP-r001:S-P04-S05:GS02:p0004,8,0,0,0,0
6036,CP-AP-r001:S-P04-S05:GS02:p0005,7,0,0,0,0
6037,CP-AP-r001:S-P04-S05:GS02:p0006,7,0,0,0,0
6038,CP-AP-r001:S-P04-S05:GS02:p0007,6,0,0,0,0
6039,CP-AP-r001:S-P04-S05:GS02:p0008,7,0,0,0,0
6040,CP-AP-r001:S-P04-S05:GS02:p0009,8,0,0,0,0
6041,CP-AP-r001:S-P04-S05:GS02:p0010,7,0,0,0,0
6042,CP-AP-r001:S-P04-S05:GS02:p0011,6,0,0,0,0
6043,CP-AP-r001:S-P04-S05:GS02:p0012,6,0,0,0,0
6044,CP-AP-r001:S-P04-S05:GS03:p0001,7,0,0,0,0
6045,CP-AP-r001:S-P04-S05:GS03:p0002,7,0,0,0,0
6046,CP-AP-r001:S-P04-S05:GS03:p0003,6,0,0,0,0
6047,CP-AP-r001:S-P04-S05:GS03:p0004,7,0,0,0,0
6048,CP-AP-r001:S-P04-S05:GS03:p0005,7,0,0,0,0
6049,CP-AP-r001:S-P04-S05:GS03:p0006,6,0,0,0,0
6050,CP-AP-r001:S-P04-S05:GS03:p0007,7,0,0,0,0
6051,CP-AP-r001:S-P04-S05:GS03:p0008,7,0,0,0,0
6052,CP-AP-r001:S-P04-S05:GS03:p0009,7,0,0,0,0
6053,CP-AP-r001:S-P04-S05:GS03:p0010,4,0,0,0,0
6054,CP-AP-r001:S-P04-S05:GS03:p0011,6,0,0,0,0
6055,CP-AP-r001:S-P04-S05:GS04:p0001,7,0,0,0,0
6056,CP-AP-r001:S-P04-S05:GS04:p0002,5,0,0,0,0
6057,CP-AP-r001:S-P04-S05:GS04:p0003,6,0,0,0,0
6058,CP-AP-r001:S-P04-S05:GS04:p0004,6,0,0,0,0
6059,CP-AP-r001:S-P04-S05:GS04:p0005,7,0,0,0,0
6060,CP-AP-r001:S-P04-S05:GS04:p0006,5,0,0,0,0
6061,CP-AP-r001:S-P04-S05:GS04:p0007,5,0,0,0,0
6062,CP-AP-r001:S-P04-S05:GS04:p0008,5,0,0,0,0
6063,CP-AP-r001:S-P04-S05:GS04:p0009,6,0,0,0,0
6064,CP-AP-r001:S-P04-S05:GS04:p0010,8,0,0,0,0
6065,CP-AP-r001:S-P04-S05:GS04:p0011,6,0,0,0,0
6066,CP-AP-r001:S-P04-S05:GS04:p0012,6,0,0,0,0
6067,CP-AP-r001:S-P04-S05:GS05:p0001,6,0,0,0,0
6068,CP-AP-r001:S-P04-S05:GS05:p0002,6,0,0,0,0
6069,CP-AP-r001:S-P04-S05:GS05:p0003,6,0,0,0,0
6070,CP-AP-r001:S-P04-S05:GS05:p0004,6,0,0,0,0
6071,CP-AP-r001:S-P04-S05:GS05:p0005,7,0,0,0,0
6072,CP-AP-r001:S-P04-S05:GS05:p0006,5,0,0,0,0
6073,CP-AP-r001:S-P04-S05:GS05:p0007,6,0,0,0,0
6074,CP-AP-r001:S-P04-S05:GS05:p0008,6,0,0,0,0
6075,CP-AP-r001:S-P04-S05:GS05:p0009,7,0,0,0,0
6076,CP-AP-r001:S-P04-S05:GS05:p0010,6,0,0,0,0
6077,CP-AP-r001:S-P04-S05:GS05:p0011,6,0,0,0,0
6078,CP-AP-r001:S-P04-S05:GS06:p0001,7,0,0,0,0
6079,CP-AP-r001:S-P04-S05:GS06:p0002,7,0,0,0,0
6080,CP-AP-r001:S-P04-S05:GS06:p0003,6,0,0,0,0
6081,CP-AP-r001:S-P04-S05:GS06:p0004,7,0,0,0,0
6082,CP-AP-r001:S-P04-S05:GS06:p0005,8,0,0,0,0
6083,CP-AP-r001:S-P04-S05:GS06:p0006,7,0,0,0,0
6084,CP-AP-r001:S-P04-S05:GS06:p0007,6,0,0,0,0
6085,CP-AP-r001:S-P04-S05:GS06:p0008,6,0,0,0,0
6086,CP-AP-r001:S-P04-S05:GS06:p0009,8,0,0,0,0
6087,CP-AP-r001:S-P04-S05:GS06:p0010,6,0,0,0,0
6088,CP-AP-r001:S-P04-S05:GS06:p0011,6,0,0,0,0
6089,CP-AP-r001:S-P04-S05:GS06:p0012,6,0,0,0,0
6090,CP-AP-r001:S-P04-S05:GS06:p0013,2,0,0,0,0
6091,CP-AP-r001:S-P04-S05:GS07:p0001,8,0,0,0,0
6092,CP-AP-r001:S-P04-S05:GS07:p0002,8,0,0,0,0
6093,CP-AP-r001:S-P04-S05:GS07:p0003,7,0,0,0,0
6094,CP-AP-r001:S-P04-S05:GS07:p0004,8,0,0,0,0
6095,CP-AP-r001:S-P04-S05:GS07:p0005,10,0,0,0,0
6096,CP-AP-r001:S-P04-S05:GS07:p0006,7,0,0,0,0
6097,CP-AP-r001:S-P04-S05:GS07:p0007,7,0,0,0,0
6098,CP-AP-r001:S-P04-S05:GS07:p0008,7,0,0,0,0
6099,CP-AP-r001:S-P04-S05:GS07:p0009,7,0,0,0,0
6100,CP-AP-r001:S-P04-S05:GS07:p0010,11,0,0,0,0
6101,CP-AP-r001:S-P04-S05:GS07:p0011,7,0,0,0,0
6102,CP-AP-r001:S-P04-S05:GS07:p0012,9,0,0,0,0
6103,CP-AP-r001:S-P04-S05:GS07:p0013,7,0,0,0,0
6104,CP-AP-r001:S-P04-S05:GS07:p0014,9,0,0,0,0
6105,CP-AP-r001:S-P04-S05:GS08:p0001,10,0,0,0,0
6106,CP-AP-r001:S-P04-S05:GS08:p0002,8,0,0,0,0
6107,CP-AP-r001:S-P04-S05:GS08:p0003,5,0,0,0,0
6108,CP-AP-r001:S-P04-S05:GS08:p0004,8,0,0,0,0
6109,CP-AP-r001:S-P04-S05:GS08:p0005,9,0,0,0,0
6110,CP-AP-r001:S-P04-S05:GS08:p0006,10,0,0,0,0
6111,CP-AP-r001:S-P04-S05:GS08:p0007,8,0,0,0,0
6112,CP-AP-r001:S-P04-S05:GS08:p0008,8,0,0,0,0
6113,CP-AP-r001:S-P04-S05:GS08:p0009,9,0,0,0,0
6114,CP-AP-r001:S-P04-S05:GS08:p0010,8,0,0,0,0
6115,CP-AP-r001:S-P04-S05:GS08:p0011,8,0,0,0,0
6116,CP-AP-r001:S-P04-S05:GS08:p0012,8,0,0,0,0
6117,CP-AP-r001:S-P04-S05:GS08:p0013,10,0,0,0,0
6118,CP-AP-r001:S-P04-S05:GS09:p0001,8,0,0,0,0
6119,CP-AP-r001:S-P04-S05:GS09:p0002,8,0,0,0,0
6120,CP-AP-r001:S-P04-S05:GS09:p0003,8,0,0,0,0
6121,CP-AP-r001:S-P04-S05:GS09:p0004,9,0,0,0,0
6122,CP-AP-r001:S-P04-S05:GS09:p0005,10,0,0,0,0
6123,CP-AP-r001:S-P04-S05:GS09:p0006,8,0,0,0,0
6124,CP-AP-r001:S-P04-S05:GS09:p0007,8,0,0,0,0
6125,CP-AP-r001:S-P04-S05:GS09:p0008,7,0,0,0,0
6126,CP-AP-r001:S-P04-S05:GS09:p0009,10,0,0,0,0
6127,CP-AP-r001:S-P04-S05:GS09:p0010,8,0,0,0,0
6128,CP-AP-r001:S-P04-S05:GS09:p0011,5,0,0,0,0
6129,CP-AP-r001:S-P04-S05:GS09:p0012,7,0,0,0,0
6130,CP-AP-r001:S-P04-S05:GS09:p0013,9,0,0,0,0
6131,CP-AP-r001:S-P04-S05:GS10:p0001,9,0,0,0,0
6132,CP-AP-r001:S-P04-S05:GS10:p0002,9,0,0,0,0
6133,CP-AP-r001:S-P04-S05:GS10:p0003,7,0,0,0,0
6134,CP-AP-r001:S-P04-S05:GS10:p0004,7,0,0,0,0
6135,CP-AP-r001:S-P04-S05:GS10:p0005,8,0,0,0,0
6136,CP-AP-r001:S-P04-S05:GS10:p0006,9,0,0,0,0
6137,CP-AP-r001:S-P04-S05:GS10:p0007,7,0,0,0,0
6138,CP-AP-r001:S-P04-S05:GS10:p0008,7,0,0,0,0
6139,CP-AP-r001:S-P04-S05:GS10:p0009,8,0,0,0,0
6140,CP-AP-r001:S-P04-S05:GS10:p0010,8,0,0,0,0
6141,CP-AP-r001:S-P04-S05:GS10:p0011,8,0,0,0,0
6142,CP-AP-r001:S-P04-S05:GS10:p0012,8,0,0,0,0
6143,CP-AP-r001:S-P04-S05:GS11:p0001,7,0,0,0,0
6144,CP-AP-r001:S-P04-S05:GS11:p0002,7,0,0,0,0
6145,CP-AP-r001:S-P04-S05:GS11:p0003,7,0,0,0,0
6146,CP-AP-r001:S-P04-S05:GS11:p0004,7,0,0,0,0
6147,CP-AP-r001:S-P04-S05:GS11:p0005,10,0,0,0,0
6148,CP-AP-r001:S-P04-S05:GS11:p0006,7,0,0,0,0
6149,CP-AP-r001:S-P04-S05:GS11:p0007,8,0,0,0,0
6150,CP-AP-r001:S-P04-S05:GS11:p0008,7,0,0,0,0
6151,CP-AP-r001:S-P04-S05:GS11:p0009,8,0,0,0,0
6152,CP-AP-r001:S-P04-S05:GS11:p0010,7,0,0,0,0
6153,CP-AP-r001:S-P04-S05:GS11:p0011,9,0,0,0,0
6154,CP-AP-r001:S-P04-S05:GS11:p0012,7,0,0,0,0
6155,CP-AP-r001:S-P04-S05:GS11:p0013,7,0,0,0,0
6156,CP-AP-r001:S-P04-S05:GS12:p0001,10,0,0,0,0
6157,CP-AP-r001:S-P04-S05:GS12:p0002,8,0,0,0,0
6158,CP-AP-r001:S-P04-S05:GS12:p0003,6,0,0,0,0
6159,CP-AP-r001:S-P04-S05:GS12:p0004,8,0,0,0,0
6160,CP-AP-r001:S-P04-S05:GS12:p0005,8,0,0,0,0
6161,CP-AP-r001:S-P04-S05:GS12:p0006,9,0,0,0,0
6162,CP-AP-r001:S-P04-S05:GS12:p0007,8,0,0,0,0
6163,CP-AP-r001:S-P04-S05:GS12:p0008,8,0,0,0,0
6164,CP-AP-r001:S-P04-S05:GS12:p0009,10,0,0,0,0
6165,CP-AP-r001:S-P04-S05:GS12:p0010,8,0,0,0,0
6166,CP-AP-r001:S-P04-S05:GS12:p0011,8,0,0,0,0
6167,CP-AP-r001:S-P04-S05:GS12:p0012,7,0,0,0,0
6168,CP-AP-r001:S-P04-S05:GS12:p0013,8,0,0,0,0
6169,CP-AP-r001:S-P04-S05:GS12:p0014,10,0,0,0,0
6170,CP-AP-r001:S-P04-S05:GS12:p0015,4,0,0,0,0
6171,CP-AP-r001:S-P04-S06:GS01:p0001,8,0,0,0,0
6172,CP-AP-r001:S-P04-S06:GS01:p0002,6,0,0,0,0
6173,CP-AP-r001:S-P04-S06:GS01:p0003,7,0,0,0,0
6174,CP-AP-r001:S-P04-S06:GS01:p0004,7,0,0,0,0
6175,CP-AP-r001:S-P04-S06:GS01:p0005,6,0,0,0,0
6176,CP-AP-r001:S-P04-S06:GS01:p0006,4,0,0,0,0
6177,CP-AP-r001:S-P04-S06:GS01:p0007,7,0,0,0,0
6178,CP-AP-r001:S-P04-S06:GS01:p0008,7,0,0,0,0
6179,CP-AP-r001:S-P04-S06:GS01:p0009,7,0,0,0,0
6180,CP-AP-r001:S-P04-S06:GS01:p0010,6,0,0,0,0
6181,CP-AP-r001:S-P04-S06:GS01:p0011,7,0,0,0,0
6182,CP-AP-r001:S-P04-S06:GS01:p0012,7,0,0,0,0
6183,CP-AP-r001:S-P04-S06:GS02:p0001,6,0,0,0,0
6184,CP-AP-r001:S-P04-S06:GS02:p0002,6,0,0,0,0
6185,CP-AP-r001:S-P04-S06:GS02:p0003,6,0,0,0,0
6186,CP-AP-r001:S-P04-S06:GS02:p0004,8,0,0,0,0
6187,CP-AP-r001:S-P04-S06:GS02:p0005,6,0,0,0,0
6188,CP-AP-r001:S-P04-S06:GS02:p0006,6,0,0,0,0
6189,CP-AP-r001:S-P04-S06:GS02:p0007,7,0,0,0,0
6190,CP-AP-r001:S-P04-S06:GS02:p0008,7,0,0,0,0
6191,CP-AP-r001:S-P04-S06:GS02:p0009,7,0,0,0,0
6192,CP-AP-r001:S-P04-S06:GS02:p0010,6,0,0,0,0
6193,CP-AP-r001:S-P04-S06:GS02:p0011,7,0,0,0,0
6194,CP-AP-r001:S-P04-S06:GS02:p0012,7,0,0,0,0
6195,CP-AP-r001:S-P04-S06:GS03:p0001,6,0,0,0,0
6196,CP-AP-r001:S-P04-S06:GS03:p0002,6,0,0,0,0
6197,CP-AP-r001:S-P04-S06:GS03:p0003,7,0,0,0,0
6198,CP-AP-r001:S-P04-S06:GS03:p0004,6,0,0,0,0
6199,CP-AP-r001:S-P04-S06:GS03:p0005,6,0,0,0,0
6200,CP-AP-r001:S-P04-S06:GS03:p0006,7,0,0,0,0
6201,CP-AP-r001:S-P04-S06:GS03:p0007,7,0,0,0,0
6202,CP-AP-r001:S-P04-S06:GS03:p0008,6,0,0,0,0
6203,CP-AP-r001:S-P04-S06:GS03:p0009,6,0,0,0,0
6204,CP-AP-r001:S-P04-S06:GS03:p0010,5,0,0,0,0
6205,CP-AP-r001:S-P04-S06:GS03:p0011,6,0,0,0,0
6206,CP-AP-r001:S-P04-S06:GS04:p0001,6,0,0,0,0
6207,CP-AP-r001:S-P04-S06:GS04:p0002,6,0,0,0,0
6208,CP-AP-r001:S-P04-S06:GS04:p0003,7,0,0,0,0
6209,CP-AP-r001:S-P04-S06:GS04:p0004,7,0,0,0,0
6210,CP-AP-r001:S-P04-S06:GS04:p0005,6,0,0,0,0
6211,CP-AP-r001:S-P04-S06:GS04:p0006,5,0,0,0,0
6212,CP-AP-r001:S-P04-S06:GS04:p0007,5,0,0,0,0
6213,CP-AP-r001:S-P04-S06:GS04:p0008,6,0,0,0,0
6214,CP-AP-r001:S-P04-S06:GS04:p0009,4,0,0,0,0
6215,CP-AP-r001:S-P04-S06:GS04:p0010,6,0,0,0,0
6216,CP-AP-r001:S-P04-S06:GS04:p0011,4,0,0,0,0
6217,CP-AP-r001:S-P04-S06:GS04:p0012,7,0,0,0,0
6218,CP-AP-r001:S-P04-S06:GS05:p0001,6,0,0,0,0
6219,CP-AP-r001:S-P04-S06:GS05:p0002,6,0,0,0,0
6220,CP-AP-r001:S-P04-S06:GS05:p0003,7,0,0,0,0
6221,CP-AP-r001:S-P04-S06:GS05:p0004,7,0,0,0,0
6222,CP-AP-r001:S-P04-S06:GS05:p0005,7,0,0,0,0
6223,CP-AP-r001:S-P04-S06:GS05:p0006,4,0,0,0,0
6224,CP-AP-r001:S-P04-S06:GS05:p0007,7,0,0,0,0
6225,CP-AP-r001:S-P04-S06:GS05:p0008,7,0,0,0,0
6226,CP-AP-r001:S-P04-S06:GS05:p0009,6,0,0,0,0
6227,CP-AP-r001:S-P04-S06:GS05:p0010,7,0,0,0,0
6228,CP-AP-r001:S-P04-S06:GS05:p0011,7,0,0,0,0
6229,CP-AP-r001:S-P04-S06:GS06:p0001,6,0,0,0,0
6230,CP-AP-r001:S-P04-S06:GS06:p0002,6,0,0,0,0
6231,CP-AP-r001:S-P04-S06:GS06:p0003,6,0,0,0,0
6232,CP-AP-r001:S-P04-S06:GS06:p0004,8,0,0,0,0
6233,CP-AP-r001:S-P04-S06:GS06:p0005,7,0,0,0,0
6234,CP-AP-r001:S-P04-S06:GS06:p0006,6,0,0,0,0
6235,CP-AP-r001:S-P04-S06:GS06:p0007,7,0,0,0,0
6236,CP-AP-r001:S-P04-S06:GS06:p0008,7,0,0,0,0
6237,CP-AP-r001:S-P04-S06:GS06:p0009,8,0,0,0,0
6238,CP-AP-r001:S-P04-S06:GS06:p0010,6,0,0,0,0
6239,CP-AP-r001:S-P04-S06:GS06:p0011,7,0,0,0,0
6240,CP-AP-r001:S-P04-S06:GS06:p0012,7,0,0,0,0
6241,CP-AP-r001:S-P04-S06:GS06:p0013,2,0,0,0,0
6242,CP-AP-r001:S-P04-S06:GS07:p0001,10,0,0,0,0
6243,CP-AP-r001:S-P04-S06:GS07:p0002,8,0,0,0,0
6244,CP-AP-r001:S-P04-S06:GS07:p0003,5,0,0,0,0
6245,CP-AP-r001:S-P04-S06:GS07:p0004,8,0,0,0,0
6246,CP-AP-r001:S-P04-S06:GS07:p0005,10,0,0,0,0
6247,CP-AP-r001:S-P04-S06:GS07:p0006,9,0,0,0,0
6248,CP-AP-r001:S-P04-S06:GS07:p0007,8,0,0,0,0
6249,CP-AP-r001:S-P04-S06:GS07:p0008,6,0,0,0,0
6250,CP-AP-r001:S-P04-S06:GS07:p0009,8,0,0,0,0
6251,CP-AP-r001:S-P04-S06:GS07:p0010,10,0,0,0,0
6252,CP-AP-r001:S-P04-S06:GS07:p0011,8,0,0,0,0
6253,CP-AP-r001:S-P04-S06:GS07:p0012,8,0,0,0,0
6254,CP-AP-r001:S-P04-S06:GS07:p0013,8,0,0,0,0
6255,CP-AP-r001:S-P04-S06:GS07:p0014,10,0,0,0,0
6256,CP-AP-r001:S-P04-S06:GS08:p0001,10,0,0,0,0
6257,CP-AP-r001:S-P04-S06:GS08:p0002,8,0,0,0,0
6258,CP-AP-r001:S-P04-S06:GS08:p0003,7,0,0,0,0
6259,CP-AP-r001:S-P04-S06:GS08:p0004,8,0,0,0,0
6260,CP-AP-r001:S-P04-S06:GS08:p0005,8,0,0,0,0
6261,CP-AP-r001:S-P04-S06:GS08:p0006,10,0,0,0,0
6262,CP-AP-r001:S-P04-S06:GS08:p0007,8,0,0,0,0
6263,CP-AP-r001:S-P04-S06:GS08:p0008,8,0,0,0,0
6264,CP-AP-r001:S-P04-S06:GS08:p0009,8,0,0,0,0
6265,CP-AP-r001:S-P04-S06:GS08:p0010,9,0,0,0,0
6266,CP-AP-r001:S-P04-S06:GS08:p0011,8,0,0,0,0
6267,CP-AP-r001:S-P04-S06:GS08:p0012,8,0,0,0,0
6268,CP-AP-r001:S-P04-S06:GS08:p0013,9,0,0,0,0
6269,CP-AP-r001:S-P04-S06:GS09:p0001,7,0,0,0,0
6270,CP-AP-r001:S-P04-S06:GS09:p0002,7,0,0,0,0
6271,CP-AP-r001:S-P04-S06:GS09:p0003,9,0,0,0,0
6272,CP-AP-r001:S-P04-S06:GS09:p0004,9,0,0,0,0
6273,CP-AP-r001:S-P04-S06:GS09:p0005,9,0,0,0,0
6274,CP-AP-r001:S-P04-S06:GS09:p0006,7,0,0,0,0
6275,CP-AP-r001:S-P04-S06:GS09:p0007,8,0,0,0,0
6276,CP-AP-r001:S-P04-S06:GS09:p0008,7,0,0,0,0
6277,CP-AP-r001:S-P04-S06:GS09:p0009,10,0,0,0,0
6278,CP-AP-r001:S-P04-S06:GS09:p0010,8,0,0,0,0
6279,CP-AP-r001:S-P04-S06:GS09:p0011,6,0,0,0,0
6280,CP-AP-r001:S-P04-S06:GS09:p0012,7,0,0,0,0
6281,CP-AP-r001:S-P04-S06:GS09:p0013,8,0,0,0,0
6282,CP-AP-r001:S-P04-S06:GS10:p0001,8,0,0,0,0
6283,CP-AP-r001:S-P04-S06:GS10:p0002,8,0,0,0,0
6284,CP-AP-r001:S-P04-S06:GS10:p0003,8,0,0,0,0
6285,CP-AP-r001:S-P04-S06:GS10:p0004,8,0,0,0,0
6286,CP-AP-r001:S-P04-S06:GS10:p0005,8,0,0,0,0
6287,CP-AP-r001:S-P04-S06:GS10:p0006,7,0,0,0,0
6288,CP-AP-r001:S-P04-S06:GS10:p0007,8,0,0,0,0
6289,CP-AP-r001:S-P04-S06:GS10:p0008,8,0,0,0,0
6290,CP-AP-r001:S-P04-S06:GS10:p0009,7,0,0,0,0
6291,CP-AP-r001:S-P04-S06:GS10:p0010,7,0,0,0,0
6292,CP-AP-r001:S-P04-S06:GS10:p0011,10,0,0,0,0
6293,CP-AP-r001:S-P04-S06:GS10:p0012,8,0,0,0,0
6294,CP-AP-r001:S-P04-S06:GS11:p0001,9,0,0,0,0
6295,CP-AP-r001:S-P04-S06:GS11:p0002,8,0,0,0,0
6296,CP-AP-r001:S-P04-S06:GS11:p0003,6,0,0,0,0
6297,CP-AP-r001:S-P04-S06:GS11:p0004,8,0,0,0,0
6298,CP-AP-r001:S-P04-S06:GS11:p0005,10,0,0,0,0
6299,CP-AP-r001:S-P04-S06:GS11:p0006,8,0,0,0,0
6300,CP-AP-r001:S-P04-S06:GS11:p0007,7,0,0,0,0
6301,CP-AP-r001:S-P04-S06:GS11:p0008,8,0,0,0,0
6302,CP-AP-r001:S-P04-S06:GS11:p0009,10,0,0,0,0
6303,CP-AP-r001:S-P04-S06:GS11:p0010,7,0,0,0,0
6304,CP-AP-r001:S-P04-S06:GS11:p0011,8,0,0,0,0
6305,CP-AP-r001:S-P04-S06:GS11:p0012,8,0,0,0,0
6306,CP-AP-r001:S-P04-S06:GS11:p0013,8,0,0,0,0
6307,CP-AP-r001:S-P04-S06:GS12:p0001,10,0,0,0,0
6308,CP-AP-r001:S-P04-S06:GS12:p0002,8,0,0,0,0
6309,CP-AP-r001:S-P04-S06:GS12:p0003,7,0,0,0,0
6310,CP-AP-r001:S-P04-S06:GS12:p0004,8,0,0,0,0
6311,CP-AP-r001:S-P04-S06:GS12:p0005,7,0,0,0,0
6312,CP-AP-r001:S-P04-S06:GS12:p0006,10,0,0,0,0
6313,CP-AP-r001:S-P04-S06:GS12:p0007,8,0,0,0,0
6314,CP-AP-r001:S-P04-S06:GS12:p0008,8,0,0,0,0
6315,CP-AP-r001:S-P04-S06:GS12:p0009,9,0,0,0,0
6316,CP-AP-r001:S-P04-S06:GS12:p0010,10,0,0,0,0
6317,CP-AP-r001:S-P04-S06:GS12:p0011,8,0,0,0,0
6318,CP-AP-r001:S-P04-S06:GS12:p0012,5,0,0,0,0
6319,CP-AP-r001:S-P04-S06:GS12:p0013,8,0,0,0,0
6320,CP-AP-r001:S-P04-S06:GS12:p0014,10,0,0,0,0
6321,CP-AP-r001:S-P04-S06:GS12:p0015,5,0,0,0,0
6322,CP-AP-r001:S-P04-S07:GS01:p0001,7,0,0,0,0
6323,CP-AP-r001:S-P04-S07:GS01:p0002,6,0,0,0,0
6324,CP-AP-r001:S-P04-S07:GS01:p0003,6,0,0,0,0
6325,CP-AP-r001:S-P04-S07:GS01:p0004,6,0,0,0,0
6326,CP-AP-r001:S-P04-S07:GS01:p0005,7,0,0,0,0
6327,CP-AP-r001:S-P04-S07:GS01:p0006,6,0,0,0,0
6328,CP-AP-r001:S-P04-S07:GS01:p0007,6,0,0,0,0
6329,CP-AP-r001:S-P04-S07:GS01:p0008,7,0,0,0,0
6330,CP-AP-r001:S-P04-S07:GS01:p0009,4,0,0,0,0
6331,CP-AP-r001:S-P04-S07:GS01:p0010,6,0,0,0,0
6332,CP-AP-r001:S-P04-S07:GS01:p0011,4,0,0,0,0
6333,CP-AP-r001:S-P04-S07:GS02:p0001,8,0,0,0,0
6334,CP-AP-r001:S-P04-S07:GS02:p0002,7,0,0,0,0
6335,CP-AP-r001:S-P04-S07:GS02:p0003,6,0,0,0,0
6336,CP-AP-r001:S-P04-S07:GS02:p0004,6,0,0,0,0
6337,CP-AP-r001:S-P04-S07:GS02:p0005,8,0,0,0,0
6338,CP-AP-r001:S-P04-S07:GS02:p0006,6,0,0,0,0
6339,CP-AP-r001:S-P04-S07:GS02:p0007,6,0,0,0,0
6340,CP-AP-r001:S-P04-S07:GS02:p0008,6,0,0,0,0
6341,CP-AP-r001:S-P04-S07:GS02:p0009,6,0,0,0,0
6342,CP-AP-r001:S-P04-S07:GS02:p0010,5,0,0,0,0
6343,CP-AP-r001:S-P04-S07:GS02:p0011,6,0,0,0,0
6344,CP-AP-r001:S-P04-S07:GS02:p0012,6,0,0,0,0
6345,CP-AP-r001:S-P04-S07:GS03:p0001,7,0,0,0,0
6346,CP-AP-r001:S-P04-S07:GS03:p0002,7,0,0,0,0
6347,CP-AP-r001:S-P04-S07:GS03:p0003,4,0,0,0,0
6348,CP-AP-r001:S-P04-S07:GS03:p0004,6,0,0,0,0
6349,CP-AP-r001:S-P04-S07:GS03:p0005,7,0,0,0,0
6350,CP-AP-r001:S-P04-S07:GS03:p0006,7,0,0,0,0
6351,CP-AP-r001:S-P04-S07:GS03:p0007,6,0,0,0,0
6352,CP-AP-r001:S-P04-S07:GS03:p0008,8,0,0,0,0
6353,CP-AP-r001:S-P04-S07:GS03:p0009,7,0,0,0,0
6354,CP-AP-r001:S-P04-S07:GS03:p0010,7,0,0,0,0
6355,CP-AP-r001:S-P04-S07:GS03:p0011,6,0,0,0,0
6356,CP-AP-r001:S-P04-S07:GS03:p0012,6,0,0,0,0
6357,CP-AP-r001:S-P04-S07:GS04:p0001,6,0,0,0,0
6358,CP-AP-r001:S-P04-S07:GS04:p0002,8,0,0,0,0
6359,CP-AP-r001:S-P04-S07:GS04:p0003,6,0,0,0,0
6360,CP-AP-r001:S-P04-S07:GS04:p0004,6,0,0,0,0
6361,CP-AP-r001:S-P04-S07:GS04:p0005,7,0,0,0,0
6362,CP-AP-r001:S-P04-S07:GS04:p0006,7,0,0,0,0
6363,CP-AP-r001:S-P04-S07:GS04:p0007,6,0,0,0,0
6364,CP-AP-r001:S-P04-S07:GS04:p0008,7,0,0,0,0
6365,CP-AP-r001:S-P04-S07:GS04:p0009,7,0,0,0,0
6366,CP-AP-r001:S-P04-S07:GS04:p0010,5,0,0,0,0
6367,CP-AP-r001:S-P04-S07:GS04:p0011,7,0,0,0,0
6368,CP-AP-r001:S-P04-S07:GS05:p0001,7,0,0,0,0
6369,CP-AP-r001:S-P04-S07:GS05:p0002,6,0,0,0,0
6370,CP-AP-r001:S-P04-S07:GS05:p0003,6,0,0,0,0
6371,CP-AP-r001:S-P04-S07:GS05:p0004,7,0,0,0,0
6372,CP-AP-r001:S-P04-S07:GS05:p0005,4,0,0,0,0
6373,CP-AP-r001:S-P04-S07:GS05:p0006,6,0,0,0,0
6374,CP-AP-r001:S-P04-S07:GS05:p0007,5,0,0,0,0
6375,CP-AP-r001:S-P04-S07:GS05:p0008,7,0,0,0,0
6376,CP-AP-r001:S-P04-S07:GS05:p0009,6,0,0,0,0
6377,CP-AP-r001:S-P04-S07:GS05:p0010,5,0,0,0,0
6378,CP-AP-r001:S-P04-S07:GS05:p0011,5,0,0,0,0
6379,CP-AP-r001:S-P04-S07:GS06:p0001,8,0,0,0,0
6380,CP-AP-r001:S-P04-S07:GS06:p0002,6,0,0,0,0
6381,CP-AP-r001:S-P04-S07:GS06:p0003,6,0,0,0,0
6382,CP-AP-r001:S-P04-S07:GS06:p0004,6,0,0,0,0
6383,CP-AP-r001:S-P04-S07:GS06:p0005,6,0,0,0,0
6384,CP-AP-r001:S-P04-S07:GS06:p0006,6,0,0,0,0
6385,CP-AP-r001:S-P04-S07:GS06:p0007,6,0,0,0,0
6386,CP-AP-r001:S-P04-S07:GS06:p0008,6,0,0,0,0
6387,CP-AP-r001:S-P04-S07:GS06:p0009,7,0,0,0,0
6388,CP-AP-r001:S-P04-S07:GS06:p0010,6,0,0,0,0
6389,CP-AP-r001:S-P04-S07:GS06:p0011,6,0,0,0,0
6390,CP-AP-r001:S-P04-S07:GS06:p0012,6,0,0,0,0
6391,CP-AP-r001:S-P04-S07:GS07:p0001,7,0,0,0,0
6392,CP-AP-r001:S-P04-S07:GS07:p0002,8,0,0,0,0
6393,CP-AP-r001:S-P04-S07:GS07:p0003,7,0,0,0,0
6394,CP-AP-r001:S-P04-S07:GS07:p0004,9,0,0,0,0
6395,CP-AP-r001:S-P04-S07:GS07:p0005,7,0,0,0,0
6396,CP-AP-r001:S-P04-S07:GS07:p0006,9,0,0,0,0
6397,CP-AP-r001:S-P04-S07:GS07:p0007,7,0,0,0,0
6398,CP-AP-r001:S-P04-S07:GS07:p0008,7,0,0,0,0
6399,CP-AP-r001:S-P04-S07:GS07:p0009,8,0,0,0,0
6400,CP-AP-r001:S-P04-S07:GS07:p0010,10,0,0,0,0
6401,CP-AP-r001:S-P04-S07:GS07:p0011,7,0,0,0,0
6402,CP-AP-r001:S-P04-S07:GS07:p0012,7,0,0,0,0
6403,CP-AP-r001:S-P04-S07:GS08:p0001,8,0,0,0,0
6404,CP-AP-r001:S-P04-S07:GS08:p0002,8,0,0,0,0
6405,CP-AP-r001:S-P04-S07:GS08:p0003,8,0,0,0,0
6406,CP-AP-r001:S-P04-S07:GS08:p0004,10,0,0,0,0
6407,CP-AP-r001:S-P04-S07:GS08:p0005,8,0,0,0,0
6408,CP-AP-r001:S-P04-S07:GS08:p0006,8,0,0,0,0
6409,CP-AP-r001:S-P04-S07:GS08:p0007,7,0,0,0,0
6410,CP-AP-r001:S-P04-S07:GS08:p0008,8,0,0,0,0
6411,CP-AP-r001:S-P04-S07:GS08:p0009,10,0,0,0,0
6412,CP-AP-r001:S-P04-S07:GS08:p0010,9,0,0,0,0
6413,CP-AP-r001:S-P04-S07:GS08:p0011,7,0,0,0,0
6414,CP-AP-r001:S-P04-S07:GS08:p0012,6,0,0,0,0
6415,CP-AP-r001:S-P04-S07:GS08:p0013,7,0,0,0,0
6416,CP-AP-r001:S-P04-S07:GS08:p0014,10,0,0,0,0
6417,CP-AP-r001:S-P04-S07:GS09:p0001,11,0,0,0,0
6418,CP-AP-r001:S-P04-S07:GS09:p0002,8,0,0,0,0
6419,CP-AP-r001:S-P04-S07:GS09:p0003,5,0,0,0,0
6420,CP-AP-r001:S-P04-S07:GS09:p0004,7,0,0,0,0
6421,CP-AP-r001:S-P04-S07:GS09:p0005,10,0,0,0,0
6422,CP-AP-r001:S-P04-S07:GS09:p0006,8,0,0,0,0
6423,CP-AP-r001:S-P04-S07:GS09:p0007,5,0,0,0,0
6424,CP-AP-r001:S-P04-S07:GS09:p0008,8,0,0,0,0
6425,CP-AP-r001:S-P04-S07:GS09:p0009,10,0,0,0,0
6426,CP-AP-r001:S-P04-S07:GS09:p0010,9,0,0,0,0
6427,CP-AP-r001:S-P04-S07:GS09:p0011,8,0,0,0,0
6428,CP-AP-r001:S-P04-S07:GS09:p0012,8,0,0,0,0
6429,CP-AP-r001:S-P04-S07:GS09:p0013,10,0,0,0,0
6430,CP-AP-r001:S-P04-S07:GS10:p0001,8,0,0,0,0
6431,CP-AP-r001:S-P04-S07:GS10:p0002,8,0,0,0,0
6432,CP-AP-r001:S-P04-S07:GS10:p0003,7,0,0,0,0
6433,CP-AP-r001:S-P04-S07:GS10:p0004,8,0,0,0,0
6434,CP-AP-r001:S-P04-S07:GS10:p0005,9,0,0,0,0
6435,CP-AP-r001:S-P04-S07:GS10:p0006,8,0,0,0,0
6436,CP-AP-r001:S-P04-S07:GS10:p0007,9,0,0,0,0
6437,CP-AP-r001:S-P04-S07:GS10:p0008,7,0,0,0,0
6438,CP-AP-r001:S-P04-S07:GS10:p0009,10,0,0,0,0
6439,CP-AP-r001:S-P04-S07:GS10:p0010,8,0,0,0,0
6440,CP-AP-r001:S-P04-S07:GS10:p0011,7,0,0,0,0
6441,CP-AP-r001:S-P04-S07:GS10:p0012,7,0,0,0,0
6442,CP-AP-r001:S-P04-S07:GS11:p0001,7,0,0,0,0
6443,CP-AP-r001:S-P04-S07:GS11:p0002,9,0,0,0,0
6444,CP-AP-r001:S-P04-S07:GS11:p0003,7,0,0,0,0
6445,CP-AP-r001:S-P04-S07:GS11:p0004,7,0,0,0,0
6446,CP-AP-r001:S-P04-S07:GS11:p0005,8,0,0,0,0
6447,CP-AP-r001:S-P04-S07:GS11:p0006,10,0,0,0,0
6448,CP-AP-r001:S-P04-S07:GS11:p0007,7,0,0,0,0
6449,CP-AP-r001:S-P04-S07:GS11:p0008,7,0,0,0,0
6450,CP-AP-r001:S-P04-S07:GS11:p0009,8,0,0,0,0
6451,CP-AP-r001:S-P04-S07:GS11:p0010,9,0,0,0,0
6452,CP-AP-r001:S-P04-S07:GS11:p0011,7,0,0,0,0
6453,CP-AP-r001:S-P04-S07:GS11:p0012,7,0,0,0,0
6454,CP-AP-r001:S-P04-S07:GS12:p0001,8,0,0,0,0
6455,CP-AP-r001:S-P04-S07:GS12:p0002,8,0,0,0,0
6456,CP-AP-r001:S-P04-S07:GS12:p0003,6,0,0,0,0
6457,CP-AP-r001:S-P04-S07:GS12:p0004,8,0,0,0,0
6458,CP-AP-r001:S-P04-S07:GS12:p0005,10,0,0,0,0
6459,CP-AP-r001:S-P04-S07:GS12:p0006,7,0,0,0,0
6460,CP-AP-r001:S-P04-S07:GS12:p0007,7,0,0,0,0
6461,CP-AP-r001:S-P04-S07:GS12:p0008,7,0,0,0,0
6462,CP-AP-r001:S-P04-S07:GS12:p0009,7,0,0,0,0
6463,CP-AP-r001:S-P04-S07:GS12:p0010,10,0,0,0,0
6464,CP-AP-r001:S-P04-S07:GS12:p0011,7,0,0,0,0
6465,CP-AP-r001:S-P04-S07:GS12:p0012,8,0,0,0,0
6466,CP-AP-r001:S-P04-S07:GS12:p0013,7,0,0,0,0
6467,CP-AP-r001:S-P04-S07:GS12:p0014,9,0,0,0,0
6468,CP-AP-r001:S-P04-S08:GS01:p0001,7,0,0,0,0
6469,CP-AP-r001:S-P04-S08:GS01:p0002,5,0,0,0,0
6470,CP-AP-r001:S-P04-S08:GS01:p0003,7,0,0,0,0
6471,CP-AP-r001:S-P04-S08:GS01:p0004,7,0,0,0,0
6472,CP-AP-r001:S-P04-S08:GS01:p0005,6,0,0,0,0
6473,CP-AP-r001:S-P04-S08:GS01:p0006,7,0,0,0,0
6474,CP-AP-r001:S-P04-S08:GS01:p0007,7,0,0,0,0
6475,CP-AP-r001:S-P04-S08:GS01:p0008,6,0,0,0,0
6476,CP-AP-r001:S-P04-S08:GS01:p0009,6,0,0,0,0
6477,CP-AP-r001:S-P04-S08:GS01:p0010,7,0,0,0,0
6478,CP-AP-r001:S-P04-S08:GS01:p0011,5,0,0,0,0
6479,CP-AP-r001:S-P04-S08:GS02:p0001,7,0,0,0,0
6480,CP-AP-r001:S-P04-S08:GS02:p0002,6,0,0,0,0
6481,CP-AP-r001:S-P04-S08:GS02:p0003,7,0,0,0,0
6482,CP-AP-r001:S-P04-S08:GS02:p0004,7,0,0,0,0
6483,CP-AP-r001:S-P04-S08:GS02:p0005,8,0,0,0,0
6484,CP-AP-r001:S-P04-S08:GS02:p0006,6,0,0,0,0
6485,CP-AP-r001:S-P04-S08:GS02:p0007,7,0,0,0,0
6486,CP-AP-r001:S-P04-S08:GS02:p0008,7,0,0,0,0
6487,CP-AP-r001:S-P04-S08:GS02:p0009,6,0,0,0,0
6488,CP-AP-r001:S-P04-S08:GS02:p0010,4,0,0,0,0
6489,CP-AP-r001:S-P04-S08:GS02:p0011,7,0,0,0,0
6490,CP-AP-r001:S-P04-S08:GS02:p0012,7,0,0,0,0
6491,CP-AP-r001:S-P04-S08:GS03:p0001,6,0,0,0,0
6492,CP-AP-r001:S-P04-S08:GS03:p0002,6,0,0,0,0
6493,CP-AP-r001:S-P04-S08:GS03:p0003,5,0,0,0,0
6494,CP-AP-r001:S-P04-S08:GS03:p0004,6,0,0,0,0
6495,CP-AP-r001:S-P04-S08:GS03:p0005,6,0,0,0,0
6496,CP-AP-r001:S-P04-S08:GS03:p0006,6,0,0,0,0
6497,CP-AP-r001:S-P04-S08:GS03:p0007,6,0,0,0,0
6498,CP-AP-r001:S-P04-S08:GS03:p0008,8,0,0,0,0
6499,CP-AP-r001:S-P04-S08:GS03:p0009,6,0,0,0,0
6500,CP-AP-r001:S-P04-S08:GS03:p0010,6,0,0,0,0
6501,CP-AP-r001:S-P04-S08:GS03:p0011,7,0,0,0,0
6502,CP-AP-r001:S-P04-S08:GS03:p0012,7,0,0,0,0
6503,CP-AP-r001:S-P04-S08:GS04:p0001,5,0,0,0,0
6504,CP-AP-r001:S-P04-S08:GS04:p0002,6,0,0,0,0
6505,CP-AP-r001:S-P04-S08:GS04:p0003,4,0,0,0,0
6506,CP-AP-r001:S-P04-S08:GS04:p0004,7,0,0,0,0
6507,CP-AP-r001:S-P04-S08:GS04:p0005,6,0,0,0,0
6508,CP-AP-r001:S-P04-S08:GS04:p0006,6,0,0,0,0
6509,CP-AP-r001:S-P04-S08:GS04:p0007,7,0,0,0,0
6510,CP-AP-r001:S-P04-S08:GS04:p0008,6,0,0,0,0
6511,CP-AP-r001:S-P04-S08:GS04:p0009,6,0,0,0,0
6512,CP-AP-r001:S-P04-S08:GS04:p0010,6,0,0,0,0
6513,CP-AP-r001:S-P04-S08:GS04:p0011,7,0,0,0,0
6514,CP-AP-r001:S-P04-S08:GS05:p0001,6,0,0,0,0
6515,CP-AP-r001:S-P04-S08:GS05:p0002,7,0,0,0,0
6516,CP-AP-r001:S-P04-S08:GS05:p0003,7,0,0,0,0
6517,CP-AP-r001:S-P04-S08:GS05:p0004,6,0,0,0,0
6518,CP-AP-r001:S-P04-S08:GS05:p0005,6,0,0,0,0
6519,CP-AP-r001:S-P04-S08:GS05:p0006,8,0,0,0,0
6520,CP-AP-r001:S-P04-S08:GS05:p0007,6,0,0,0,0
6521,CP-AP-r001:S-P04-S08:GS05:p0008,6,0,0,0,0
6522,CP-AP-r001:S-P04-S08:GS05:p0009,5,0,0,0,0
6523,CP-AP-r001:S-P04-S08:GS05:p0010,5,0,0,0,0
6524,CP-AP-r001:S-P04-S08:GS05:p0011,7,0,0,0,0
6525,CP-AP-r001:S-P04-S08:GS06:p0001,8,0,0,0,0
6526,CP-AP-r001:S-P04-S08:GS06:p0002,6,0,0,0,0
6527,CP-AP-r001:S-P04-S08:GS06:p0003,7,0,0,0,0
6528,CP-AP-r001:S-P04-S08:GS06:p0004,7,0,0,0,0
6529,CP-AP-r001:S-P04-S08:GS06:p0005,6,0,0,0,0
6530,CP-AP-r001:S-P04-S08:GS06:p0006,5,0,0,0,0
6531,CP-AP-r001:S-P04-S08:GS06:p0007,7,0,0,0,0
6532,CP-AP-r001:S-P04-S08:GS06:p0008,7,0,0,0,0
6533,CP-AP-r001:S-P04-S08:GS06:p0009,7,0,0,0,0
6534,CP-AP-r001:S-P04-S08:GS06:p0010,5,0,0,0,0
6535,CP-AP-r001:S-P04-S08:GS06:p0011,7,0,0,0,0
6536,CP-AP-r001:S-P04-S08:GS06:p0012,7,0,0,0,0
6537,CP-AP-r001:S-P04-S08:GS07:p0001,8,0,0,0,0
6538,CP-AP-r001:S-P04-S08:GS07:p0002,8,0,0,0,0
6539,CP-AP-r001:S-P04-S08:GS07:p0003,8,0,0,0,0
6540,CP-AP-r001:S-P04-S08:GS07:p0004,10,0,0,0,0
6541,CP-AP-r001:S-P04-S08:GS07:p0005,7,0,0,0,0
6542,CP-AP-r001:S-P04-S08:GS07:p0006,9,0,0,0,0
6543,CP-AP-r001:S-P04-S08:GS07:p0007,8,0,0,0,0
6544,CP-AP-r001:S-P04-S08:GS07:p0008,8,0,0,0,0
6545,CP-AP-r001:S-P04-S08:GS07:p0009,8,0,0,0,0
6546,CP-AP-r001:S-P04-S08:GS07:p0010,7,0,0,0,0
6547,CP-AP-r001:S-P04-S08:GS07:p0011,8,0,0,0,0
6548,CP-AP-r001:S-P04-S08:GS07:p0012,8,0,0,0,0
6549,CP-AP-r001:S-P04-S08:GS08:p0001,9,0,0,0,0
6550,CP-AP-r001:S-P04-S08:GS08:p0002,8,0,0,0,0
6551,CP-AP-r001:S-P04-S08:GS08:p0003,8,0,0,0,0
6552,CP-AP-r001:S-P04-S08:GS08:p0004,9,0,0,0,0
6553,CP-AP-r001:S-P04-S08:GS08:p0005,10,0,0,0,0
6554,CP-AP-r001:S-P04-S08:GS08:p0006,8,0,0,0,0
6555,CP-AP-r001:S-P04-S08:GS08:p0007,5,0,0,0,0
6556,CP-AP-r001:S-P04-S08:GS08:p0008,8,0,0,0,0
6557,CP-AP-r001:S-P04-S08:GS08:p0009,10,0,0,0,0
6558,CP-AP-r001:S-P04-S08:GS08:p0010,8,0,0,0,0
6559,CP-AP-r001:S-P04-S08:GS08:p0011,5,0,0,0,0
6560,CP-AP-r001:S-P04-S08:GS08:p0012,8,0,0,0,0
6561,CP-AP-r001:S-P04-S08:GS08:p0013,10,0,0,0,0
6562,CP-AP-r001:S-P04-S08:GS09:p0001,10,0,0,0,0
6563,CP-AP-r001:S-P04-S08:GS09:p0002,8,0,0,0,0
6564,CP-AP-r001:S-P04-S08:GS09:p0003,6,0,0,0,0
6565,CP-AP-r001:S-P04-S08:GS09:p0004,7,0,0,0,0
6566,CP-AP-r001:S-P04-S08:GS09:p0005,8,0,0,0,0
6567,CP-AP-r001:S-P04-S08:GS09:p0006,10,0,0,0,0
6568,CP-AP-r001:S-P04-S08:GS09:p0007,8,0,0,0,0
6569,CP-AP-r001:S-P04-S08:GS09:p0008,7,0,0,0,0
6570,CP-AP-r001:S-P04-S08:GS09:p0009,8,0,0,0,0
6571,CP-AP-r001:S-P04-S08:GS09:p0010,9,0,0,0,0
6572,CP-AP-r001:S-P04-S08:GS09:p0011,10,0,0,0,0
6573,CP-AP-r001:S-P04-S08:GS09:p0012,8,0,0,0,0
6574,CP-AP-r001:S-P04-S08:GS09:p0013,8,0,0,0,0
6575,CP-AP-r001:S-P04-S08:GS09:p0014,9,0,0,0,0
6576,CP-AP-r001:S-P04-S08:GS10:p0001,7,0,0,0,0
6577,CP-AP-r001:S-P04-S08:GS10:p0002,7,0,0,0,0
6578,CP-AP-r001:S-P04-S08:GS10:p0003,10,0,0,0,0
6579,CP-AP-r001:S-P04-S08:GS10:p0004,8,0,0,0,0
6580,CP-AP-r001:S-P04-S08:GS10:p0005,7,0,0,0,0
6581,CP-AP-r001:S-P04-S08:GS10:p0006,7,0,0,0,0
6582,CP-AP-r001:S-P04-S08:GS10:p0007,9,0,0,0,0
6583,CP-AP-r001:S-P04-S08:GS10:p0008,7,0,0,0,0
6584,CP-AP-r001:S-P04-S08:GS10:p0009,10,0,0,0,0
6585,CP-AP-r001:S-P04-S08:GS10:p0010,7,0,0,0,0
6586,CP-AP-r001:S-P04-S08:GS10:p0011,8,0,0,0,0
6587,CP-AP-r001:S-P04-S08:GS10:p0012,7,0,0,0,0
6588,CP-AP-r001:S-P04-S08:GS11:p0001,7,0,0,0,0
6589,CP-AP-r001:S-P04-S08:GS11:p0002,8,0,0,0,0
6590,CP-AP-r001:S-P04-S08:GS11:p0003,8,0,0,0,0
6591,CP-AP-r001:S-P04-S08:GS11:p0004,8,0,0,0,0
6592,CP-AP-r001:S-P04-S08:GS11:p0005,8,0,0,0,0
6593,CP-AP-r001:S-P04-S08:GS11:p0006,8,0,0,0,0
6594,CP-AP-r001:S-P04-S08:GS11:p0007,8,0,0,0,0
6595,CP-AP-r001:S-P04-S08:GS11:p0008,8,0,0,0,0
6596,CP-AP-r001:S-P04-S08:GS11:p0009,8,0,0,0,0
6597,CP-AP-r001:S-P04-S08:GS11:p0010,7,0,0,0,0
6598,CP-AP-r001:S-P04-S08:GS11:p0011,9,0,0,0,0
6599,CP-AP-r001:S-P04-S08:GS11:p0012,8,0,0,0,0
6600,CP-AP-r001:S-P04-S08:GS12:p0001,10,0,0,0,0
6601,CP-AP-r001:S-P04-S08:GS12:p0002,8,0,0,0,0
6602,CP-AP-r001:S-P04-S08:GS12:p0003,5,0,0,0,0
6603,CP-AP-r001:S-P04-S08:GS12:p0004,8,0,0,0,0
6604,CP-AP-r001:S-P04-S08:GS12:p0005,10,0,0,0,0
6605,CP-AP-r001:S-P04-S08:GS12:p0006,9,0,0,0,0
6606,CP-AP-r001:S-P04-S08:GS12:p0007,8,0,0,0,0
6607,CP-AP-r001:S-P04-S08:GS12:p0008,6,0,0,0,0
6608,CP-AP-r001:S-P04-S08:GS12:p0009,8,0,0,0,0
6609,CP-AP-r001:S-P04-S08:GS12:p0010,10,0,0,0,0
6610,CP-AP-r001:S-P04-S08:GS12:p0011,8,0,0,0,0
6611,CP-AP-r001:S-P04-S08:GS12:p0012,8,0,0,0,0
6612,CP-AP-r001:S-P04-S08:GS12:p0013,8,0,0,0,0
6613,CP-AP-r001:S-P04-S08:GS12:p0014,10,0,0,0,0
6614,CP-AP-r001:S-P04-S09:GS01:p0001,7,0,0,0,0
6615,CP-AP-r001:S-P04-S09:GS01:p0002,4,0,0,0,0
6616,CP-AP-r001:S-P04-S09:GS01:p0003,6,0,0,0,0
6617,CP-AP-r001:S-P04-S09:GS01:p0004,4,0,0,0,0
6618,CP-AP-r001:S-P04-S09:GS01:p0005,7,0,0,0,0
6619,CP-AP-r001:S-P04-S09:GS01:p0006,6,0,0,0,0
6620,CP-AP-r001:S-P04-S09:GS01:p0007,5,0,0,0,0
6621,CP-AP-r001:S-P04-S09:GS01:p0008,6,0,0,0,0
6622,CP-AP-r001:S-P04-S09:GS01:p0009,7,0,0,0,0
6623,CP-AP-r001:S-P04-S09:GS01:p0010,7,0,0,0,0
6624,CP-AP-r001:S-P04-S09:GS01:p0011,6,0,0,0,0
6625,CP-AP-r001:S-P04-S09:GS01:p0012,6,0,0,0,0
6626,CP-AP-r001:S-P04-S09:GS02:p0001,6,0,0,0,0
6627,CP-AP-r001:S-P04-S09:GS02:p0002,5,0,0,0,0
6628,CP-AP-r001:S-P04-S09:GS02:p0003,6,0,0,0,0
6629,CP-AP-r001:S-P04-S09:GS02:p0004,6,0,0,0,0
6630,CP-AP-r001:S-P04-S09:GS02:p0005,7,0,0,0,0
6631,CP-AP-r001:S-P04-S09:GS02:p0006,7,0,0,0,0
6632,CP-AP-r001:S-P04-S09:GS02:p0007,6,0,0,0,0
6633,CP-AP-r001:S-P04-S09:GS02:p0008,6,0,0,0,0
6634,CP-AP-r001:S-P04-S09:GS02:p0009,7,0,0,0,0
6635,CP-AP-r001:S-P04-S09:GS02:p0010,6,0,0,0,0
6636,CP-AP-r001:S-P04-S09:GS02:p0011,6,0,0,0,0
6637,CP-AP-r001:S-P04-S09:GS03:p0001,7,0,0,0,0
6638,CP-AP-r001:S-P04-S09:GS03:p0002,7,0,0,0,0
6639,CP-AP-r001:S-P04-S09:GS03:p0003,6,0,0,0,0
6640,CP-AP-r001:S-P04-S09:GS03:p0004,7,0,0,0,0
6641,CP-AP-r001:S-P04-S09:GS03:p0005,8,0,0,0,0
6642,CP-AP-r001:S-P04-S09:GS03:p0006,7,0,0,0,0
6643,CP-AP-r001:S-P04-S09:GS03:p0007,6,0,0,0,0
6644,CP-AP-r001:S-P04-S09:GS03:p0008,6,0,0,0,0
6645,CP-AP-r001:S-P04-S09:GS03:p0009,7,0,0,0,0
6646,CP-AP-r001:S-P04-S09:GS03:p0010,6,0,0,0,0
6647,CP-AP-r001:S-P04-S09:GS03:p0011,6,0,0,0,0
6648,CP-AP-r001:S-P04-S09:GS03:p0012,6,0,0,0,0
6649,CP-AP-r001:S-P04-S09:GS04:p0001,7,0,0,0,0
6650,CP-AP-r001:S-P04-S09:GS04:p0002,7,0,0,0,0
6651,CP-AP-r001:S-P04-S09:GS04:p0003,6,0,0,0,0
6652,CP-AP-r001:S-P04-S09:GS04:p0004,7,0,0,0,0
6653,CP-AP-r001:S-P04-S09:GS04:p0005,7,0,0,0,0
6654,CP-AP-r001:S-P04-S09:GS04:p0006,7,0,0,0,0
6655,CP-AP-r001:S-P04-S09:GS04:p0007,4,0,0,0,0
6656,CP-AP-r001:S-P04-S09:GS04:p0008,6,0,0,0,0
6657,CP-AP-r001:S-P04-S09:GS04:p0009,7,0,0,0,0
6658,CP-AP-r001:S-P04-S09:GS04:p0010,7,0,0,0,0
6659,CP-AP-r001:S-P04-S09:GS04:p0011,6,0,0,0,0
6660,CP-AP-r001:S-P04-S09:GS04:p0012,7,0,0,0,0
6661,CP-AP-r001:S-P04-S09:GS05:p0001,7,0,0,0,0
6662,CP-AP-r001:S-P04-S09:GS05:p0002,5,0,0,0,0
6663,CP-AP-r001:S-P04-S09:GS05:p0003,5,0,0,0,0
6664,CP-AP-r001:S-P04-S09:GS05:p0004,5,0,0,0,0
6665,CP-AP-r001:S-P04-S09:GS05:p0005,5,0,0,0,0
6666,CP-AP-r001:S-P04-S09:GS05:p0006,8,0,0,0,0
6667,CP-AP-r001:S-P04-S09:GS05:p0007,6,0,0,0,0
6668,CP-AP-r001:S-P04-S09:GS05:p0008,6,0,0,0,0
6669,CP-AP-r001:S-P04-S09:GS05:p0009,7,0,0,0,0
6670,CP-AP-r001:S-P04-S09:GS05:p0010,7,0,0,0,0
6671,CP-AP-r001:S-P04-S09:GS05:p0011,7,0,0,0,0
6672,CP-AP-r001:S-P04-S09:GS06:p0001,7,0,0,0,0
6673,CP-AP-r001:S-P04-S09:GS06:p0002,6,0,0,0,0
6674,CP-AP-r001:S-P04-S09:GS06:p0003,6,0,0,0,0
6675,CP-AP-r001:S-P04-S09:GS06:p0004,6,0,0,0,0
6676,CP-AP-r001:S-P04-S09:GS06:p0005,7,0,0,0,0
6677,CP-AP-r001:S-P04-S09:GS06:p0006,6,0,0,0,0
6678,CP-AP-r001:S-P04-S09:GS06:p0007,6,0,0,0,0
6679,CP-AP-r001:S-P04-S09:GS06:p0008,7,0,0,0,0
6680,CP-AP-r001:S-P04-S09:GS06:p0009,4,0,0,0,0
6681,CP-AP-r001:S-P04-S09:GS06:p0010,5,0,0,0,0
6682,CP-AP-r001:S-P04-S09:GS06:p0011,4,0,0,0,0
6683,CP-AP-r001:S-P04-S09:GS07:p0001,8,0,0,0,0
6684,CP-AP-r001:S-P04-S09:GS07:p0002,10,0,0,0,0
6685,CP-AP-r001:S-P04-S09:GS07:p0003,7,0,0,0,0
6686,CP-AP-r001:S-P04-S09:GS07:p0004,7,0,0,0,0
6687,CP-AP-r001:S-P04-S09:GS07:p0005,8,0,0,0,0
6688,CP-AP-r001:S-P04-S09:GS07:p0006,8,0,0,0,0
6689,CP-AP-r001:S-P04-S09:GS07:p0007,7,0,0,0,0
6690,CP-AP-r001:S-P04-S09:GS07:p0008,8,0,0,0,0
6691,CP-AP-r001:S-P04-S09:GS07:p0009,8,0,0,0,0
6692,CP-AP-r001:S-P04-S09:GS07:p0010,8,0,0,0,0
6693,CP-AP-r001:S-P04-S09:GS07:p0011,8,0,0,0,0
6694,CP-AP-r001:S-P04-S09:GS07:p0012,8,0,0,0,0
6695,CP-AP-r001:S-P04-S09:GS08:p0001,8,0,0,0,0
6696,CP-AP-r001:S-P04-S09:GS08:p0002,7,0,0,0,0
6697,CP-AP-r001:S-P04-S09:GS08:p0003,6,0,0,0,0
6698,CP-AP-r001:S-P04-S09:GS08:p0004,7,0,0,0,0
6699,CP-AP-r001:S-P04-S09:GS08:p0005,11,0,0,0,0
6700,CP-AP-r001:S-P04-S09:GS08:p0006,7,0,0,0,0
6701,CP-AP-r001:S-P04-S09:GS08:p0007,9,0,0,0,0
6702,CP-AP-r001:S-P04-S09:GS08:p0008,7,0,0,0,0
6703,CP-AP-r001:S-P04-S09:GS08:p0009,9,0,0,0,0
6704,CP-AP-r001:S-P04-S09:GS08:p0010,8,0,0,0,0
6705,CP-AP-r001:S-P04-S09:GS08:p0011,9,0,0,0,0
6706,CP-AP-r001:S-P04-S09:GS08:p0012,7,0,0,0,0
6707,CP-AP-r001:S-P04-S09:GS08:p0013,7,0,0,0,0
6708,CP-AP-r001:S-P04-S09:GS09:p0001,10,0,0,0,0
6709,CP-AP-r001:S-P04-S09:GS09:p0002,8,0,0,0,0
6710,CP-AP-r001:S-P04-S09:GS09:p0003,8,0,0,0,0
6711,CP-AP-r001:S-P04-S09:GS09:p0004,9,0,0,0,0
6712,CP-AP-r001:S-P04-S09:GS09:p0005,7,0,0,0,0
6713,CP-AP-r001:S-P04-S09:GS09:p0006,8,0,0,0,0
6714,CP-AP-r001:S-P04-S09:GS09:p0007,8,0,0,0,0
6715,CP-AP-r001:S-P04-S09:GS09:p0008,10,0,0,0,0
6716,CP-AP-r001:S-P04-S09:GS09:p0009,8,0,0,0,0
6717,CP-AP-r001:S-P04-S09:GS09:p0010,7,0,0,0,0
6718,CP-AP-r001:S-P04-S09:GS09:p0011,7,0,0,0,0
6719,CP-AP-r001:S-P04-S09:GS09:p0012,8,0,0,0,0
6720,CP-AP-r001:S-P04-S09:GS09:p0013,10,0,0,0,0
6721,CP-AP-r001:S-P04-S09:GS10:p0001,10,0,0,0,0
6722,CP-AP-r001:S-P04-S09:GS10:p0002,8,0,0,0,0
6723,CP-AP-r001:S-P04-S09:GS10:p0003,8,0,0,0,0
6724,CP-AP-r001:S-P04-S09:GS10:p0004,7,0,0,0,0
6725,CP-AP-r001:S-P04-S09:GS10:p0005,10,0,0,0,0
6726,CP-AP-r001:S-P04-S09:GS10:p0006,8,0,0,0,0
6727,CP-AP-r001:S-P04-S09:GS10:p0007,6,0,0,0,0
6728,CP-AP-r001:S-P04-S09:GS10:p0008,7,0,0,0,0
6729,CP-AP-r001:S-P04-S09:GS10:p0009,9,0,0,0,0
6730,CP-AP-r001:S-P04-S09:GS10:p0010,10,0,0,0,0
6731,CP-AP-r001:S-P04-S09:GS10:p0011,8,0,0,0,0
6732,CP-AP-r001:S-P04-S09:GS10:p0012,5,0,0,0,0
6733,CP-AP-r001:S-P04-S09:GS10:p0013,8,0,0,0,0
6734,CP-AP-r001:S-P04-S09:GS10:p0014,9,0,0,0,0
6735,CP-AP-r001:S-P04-S09:GS11:p0001,8,0,0,0,0
6736,CP-AP-r001:S-P04-S09:GS11:p0002,9,0,0,0,0
6737,CP-AP-r001:S-P04-S09:GS11:p0003,7,0,0,0,0
6738,CP-AP-r001:S-P04-S09:GS11:p0004,7,0,0,0,0
6739,CP-AP-r001:S-P04-S09:GS11:p0005,8,0,0,0,0
6740,CP-AP-r001:S-P04-S09:GS11:p0006,8,0,0,0,0
6741,CP-AP-r001:S-P04-S09:GS11:p0007,8,0,0,0,0
6742,CP-AP-r001:S-P04-S09:GS11:p0008,8,0,0,0,0
6743,CP-AP-r001:S-P04-S09:GS11:p0009,8,0,0,0,0
6744,CP-AP-r001:S-P04-S09:GS11:p0010,8,0,0,0,0
6745,CP-AP-r001:S-P04-S09:GS11:p0011,8,0,0,0,0
6746,CP-AP-r001:S-P04-S09:GS11:p0012,7,0,0,0,0
6747,CP-AP-r001:S-P04-S09:GS12:p0001,7,0,0,0,0
6748,CP-AP-r001:S-P04-S09:GS12:p0002,8,0,0,0,0
6749,CP-AP-r001:S-P04-S09:GS12:p0003,7,0,0,0,0
6750,CP-AP-r001:S-P04-S09:GS12:p0004,9,0,0,0,0
6751,CP-AP-r001:S-P04-S09:GS12:p0005,7,0,0,0,0
6752,CP-AP-r001:S-P04-S09:GS12:p0006,9,0,0,0,0
6753,CP-AP-r001:S-P04-S09:GS12:p0007,7,0,0,0,0
6754,CP-AP-r001:S-P04-S09:GS12:p0008,7,0,0,0,0
6755,CP-AP-r001:S-P04-S09:GS12:p0009,8,0,0,0,0
6756,CP-AP-r001:S-P04-S09:GS12:p0010,10,0,0,0,0
6757,CP-AP-r001:S-P04-S09:GS12:p0011,7,0,0,0,0
6758,CP-AP-r001:S-P04-S09:GS12:p0012,7,0,0,0,0
6759,CP-AP-r001:S-P04-S10:GS01:p0001,6,0,0,0,0
6760,CP-AP-r001:S-P04-S10:GS01:p0002,6,0,0,0,0
6761,CP-AP-r001:S-P04-S10:GS01:p0003,8,0,0,0,0
6762,CP-AP-r001:S-P04-S10:GS01:p0004,5,0,0,0,0
6763,CP-AP-r001:S-P04-S10:GS01:p0005,5,0,0,0,0
6764,CP-AP-r001:S-P04-S10:GS01:p0006,5,0,0,0,0
6765,CP-AP-r001:S-P04-S10:GS01:p0007,4,0,0,0,0
6766,CP-AP-r001:S-P04-S10:GS01:p0008,7,0,0,0,0
6767,CP-AP-r001:S-P04-S10:GS01:p0009,6,0,0,0,0
6768,CP-AP-r001:S-P04-S10:GS01:p0010,6,0,0,0,0
6769,CP-AP-r001:S-P04-S10:GS01:p0011,7,0,0,0,0
6770,CP-AP-r001:S-P04-S10:GS02:p0001,6,0,0,0,0
6771,CP-AP-r001:S-P04-S10:GS02:p0002,4,0,0,0,0
6772,CP-AP-r001:S-P04-S10:GS02:p0003,7,0,0,0,0
6773,CP-AP-r001:S-P04-S10:GS02:p0004,7,0,0,0,0
6774,CP-AP-r001:S-P04-S10:GS02:p0005,7,0,0,0,0
6775,CP-AP-r001:S-P04-S10:GS02:p0006,6,0,0,0,0
6776,CP-AP-r001:S-P04-S10:GS02:p0007,7,0,0,0,0
6777,CP-AP-r001:S-P04-S10:GS02:p0008,7,0,0,0,0
6778,CP-AP-r001:S-P04-S10:GS02:p0009,6,0,0,0,0
6779,CP-AP-r001:S-P04-S10:GS02:p0010,7,0,0,0,0
6780,CP-AP-r001:S-P04-S10:GS02:p0011,7,0,0,0,0
6781,CP-AP-r001:S-P04-S10:GS02:p0012,7,0,0,0,0
6782,CP-AP-r001:S-P04-S10:GS03:p0001,6,0,0,0,0
6783,CP-AP-r001:S-P04-S10:GS03:p0002,6,0,0,0,0
6784,CP-AP-r001:S-P04-S10:GS03:p0003,7,0,0,0,0
6785,CP-AP-r001:S-P04-S10:GS03:p0004,7,0,0,0,0
6786,CP-AP-r001:S-P04-S10:GS03:p0005,7,0,0,0,0
6787,CP-AP-r001:S-P04-S10:GS03:p0006,6,0,0,0,0
6788,CP-AP-r001:S-P04-S10:GS03:p0007,7,0,0,0,0
6789,CP-AP-r001:S-P04-S10:GS03:p0008,7,0,0,0,0
6790,CP-AP-r001:S-P04-S10:GS03:p0009,7,0,0,0,0
6791,CP-AP-r001:S-P04-S10:GS03:p0010,6,0,0,0,0
6792,CP-AP-r001:S-P04-S10:GS03:p0011,7,0,0,0,0
6793,CP-AP-r001:S-P04-S10:GS03:p0012,7,0,0,0,0
6794,CP-AP-r001:S-P04-S10:GS04:p0001,6,0,0,0,0
6795,CP-AP-r001:S-P04-S10:GS04:p0002,6,0,0,0,0
6796,CP-AP-r001:S-P04-S10:GS04:p0003,7,0,0,0,0
6797,CP-AP-r001:S-P04-S10:GS04:p0004,7,0,0,0,0
6798,CP-AP-r001:S-P04-S10:GS04:p0005,6,0,0,0,0
6799,CP-AP-r001:S-P04-S10:GS04:p0006,6,0,0,0,0
6800,CP-AP-r001:S-P04-S10:GS04:p0007,5,0,0,0,0
6801,CP-AP-r001:S-P04-S10:GS04:p0008,6,0,0,0,0
6802,CP-AP-r001:S-P04-S10:GS04:p0009,6,0,0,0,0
6803,CP-AP-r001:S-P04-S10:GS04:p0010,6,0,0,0,0
6804,CP-AP-r001:S-P04-S10:GS04:p0011,6,0,0,0,0
6805,CP-AP-r001:S-P04-S10:GS04:p0012,8,0,0,0,0
6806,CP-AP-r001:S-P04-S10:GS05:p0001,6,0,0,0,0
6807,CP-AP-r001:S-P04-S10:GS05:p0002,5,0,0,0,0
6808,CP-AP-r001:S-P04-S10:GS05:p0003,5,0,0,0,0
6809,CP-AP-r001:S-P04-S10:GS05:p0004,7,0,0,0,0
6810,CP-AP-r001:S-P04-S10:GS05:p0005,4,0,0,0,0
6811,CP-AP-r001:S-P04-S10:GS05:p0006,6,0,0,0,0
6812,CP-AP-r001:S-P04-S10:GS05:p0007,4,0,0,0,0
6813,CP-AP-r001:S-P04-S10:GS05:p0008,7,0,0,0,0
6814,CP-AP-r001:S-P04-S10:GS05:p0009,6,0,0,0,0
6815,CP-AP-r001:S-P04-S10:GS05:p0010,6,0,0,0,0
6816,CP-AP-r001:S-P04-S10:GS05:p0011,7,0,0,0,0
6817,CP-AP-r001:S-P04-S10:GS06:p0001,7,0,0,0,0
6818,CP-AP-r001:S-P04-S10:GS06:p0002,5,0,0,0,0
6819,CP-AP-r001:S-P04-S10:GS06:p0003,7,0,0,0,0
6820,CP-AP-r001:S-P04-S10:GS06:p0004,7,0,0,0,0
6821,CP-AP-r001:S-P04-S10:GS06:p0005,6,0,0,0,0
6822,CP-AP-r001:S-P04-S10:GS06:p0006,7,0,0,0,0
6823,CP-AP-r001:S-P04-S10:GS06:p0007,7,0,0,0,0
6824,CP-AP-r001:S-P04-S10:GS06:p0008,6,0,0,0,0
6825,CP-AP-r001:S-P04-S10:GS06:p0009,6,0,0,0,0
6826,CP-AP-r001:S-P04-S10:GS06:p0010,7,0,0,0,0
6827,CP-AP-r001:S-P04-S10:GS06:p0011,5,0,0,0,0
6828,CP-AP-r001:S-P04-S10:GS07:p0001,8,0,0,0,0
6829,CP-AP-r001:S-P04-S10:GS07:p0002,8,0,0,0,0
6830,CP-AP-r001:S-P04-S10:GS07:p0003,8,0,0,0,0
6831,CP-AP-r001:S-P04-S10:GS07:p0004,8,0,0,0,0
6832,CP-AP-r001:S-P04-S10:GS07:p0005,7,0,0,0,0
6833,CP-AP-r001:S-P04-S10:GS07:p0006,7,0,0,0,0
6834,CP-AP-r001:S-P04-S10:GS07:p0007,9,0,0,0,0
6835,CP-AP-r001:S-P04-S10:GS07:p0008,8,0,0,0,0
6836,CP-AP-r001:S-P04-S10:GS07:p0009,7,0,0,0,0
6837,CP-AP-r001:S-P04-S10:GS07:p0010,7,0,0,0,0
6838,CP-AP-r001:S-P04-S10:GS07:p0011,9,0,0,0,0
6839,CP-AP-r001:S-P04-S10:GS07:p0012,9,0,0,0,0
6840,CP-AP-r001:S-P04-S10:GS08:p0001,8,0,0,0,0
6841,CP-AP-r001:S-P04-S10:GS08:p0002,5,0,0,0,0
6842,CP-AP-r001:S-P04-S10:GS08:p0003,8,0,0,0,0
6843,CP-AP-r001:S-P04-S10:GS08:p0004,10,0,0,0,0
6844,CP-AP-r001:S-P04-S10:GS08:p0005,8,0,0,0,0
6845,CP-AP-r001:S-P04-S10:GS08:p0006,8,0,0,0,0
6846,CP-AP-r001:S-P04-S10:GS08:p0007,8,0,0,0,0
6847,CP-AP-r001:S-P04-S10:GS08:p0008,10,0,0,0,0
6848,CP-AP-r001:S-P04-S10:GS08:p0009,8,0,0,0,0
6849,CP-AP-r001:S-P04-S10:GS08:p0010,8,0,0,0,0
6850,CP-AP-r001:S-P04-S10:GS08:p0011,8,0,0,0,0
6851,CP-AP-r001:S-P04-S10:GS08:p0012,9,0,0,0,0
6852,CP-AP-r001:S-P04-S10:GS09:p0001,10,0,0,0,0
6853,CP-AP-r001:S-P04-S10:GS09:p0002,8,0,0,0,0
6854,CP-AP-r001:S-P04-S10:GS09:p0003,8,0,0,0,0
6855,CP-AP-r001:S-P04-S10:GS09:p0004,8,0,0,0,0
6856,CP-AP-r001:S-P04-S10:GS09:p0005,8,0,0,0,0
6857,CP-AP-r001:S-P04-S10:GS09:p0006,8,0,0,0,0
6858,CP-AP-r001:S-P04-S10:GS09:p0007,7,0,0,0,0
6859,CP-AP-r001:S-P04-S10:GS09:p0008,8,0,0,0,0
6860,CP-AP-r001:S-P04-S10:GS09:p0009,9,0,0,0,0
6861,CP-AP-r001:S-P04-S10:GS09:p0010,9,0,0,0,0
6862,CP-AP-r001:S-P04-S10:GS09:p0011,8,0,0,0,0
6863,CP-AP-r001:S-P04-S10:GS09:p0012,5,0,0,0,0
6864,CP-AP-r001:S-P04-S10:GS09:p0013,8,0,0,0,0
6865,CP-AP-r001:S-P04-S10:GS09:p0014,10,0,0,0,0
6866,CP-AP-r001:S-P04-S10:GS10:p0001,9,0,0,0,0
6867,CP-AP-r001:S-P04-S10:GS10:p0002,7,0,0,0,0
6868,CP-AP-r001:S-P04-S10:GS10:p0003,8,0,0,0,0
6869,CP-AP-r001:S-P04-S10:GS10:p0004,7,0,0,0,0
6870,CP-AP-r001:S-P04-S10:GS10:p0005,10,0,0,0,0
6871,CP-AP-r001:S-P04-S10:GS10:p0006,8,0,0,0,0
6872,CP-AP-r001:S-P04-S10:GS10:p0007,7,0,0,0,0
6873,CP-AP-r001:S-P04-S10:GS10:p0008,7,0,0,0,0
6874,CP-AP-r001:S-P04-S10:GS10:p0009,8,0,0,0,0
6875,CP-AP-r001:S-P04-S10:GS10:p0010,10,0,0,0,0
6876,CP-AP-r001:S-P04-S10:GS10:p0011,8,0,0,0,0
6877,CP-AP-r001:S-P04-S10:GS10:p0012,6,0,0,0,0
6878,CP-AP-r001:S-P04-S10:GS10:p0013,8,0,0,0,0
6879,CP-AP-r001:S-P04-S10:GS10:p0014,8,0,0,0,0
6880,CP-AP-r001:S-P04-S10:GS11:p0001,8,0,0,0,0
6881,CP-AP-r001:S-P04-S10:GS11:p0002,7,0,0,0,0
6882,CP-AP-r001:S-P04-S10:GS11:p0003,8,0,0,0,0
6883,CP-AP-r001:S-P04-S10:GS11:p0004,8,0,0,0,0
6884,CP-AP-r001:S-P04-S10:GS11:p0005,7,0,0,0,0
6885,CP-AP-r001:S-P04-S10:GS11:p0006,7,0,0,0,0
6886,CP-AP-r001:S-P04-S10:GS11:p0007,10,0,0,0,0
6887,CP-AP-r001:S-P04-S10:GS11:p0008,8,0,0,0,0
6888,CP-AP-r001:S-P04-S10:GS11:p0009,7,0,0,0,0
6889,CP-AP-r001:S-P04-S10:GS11:p0010,7,0,0,0,0
6890,CP-AP-r001:S-P04-S10:GS11:p0011,9,0,0,0,0
6891,CP-AP-r001:S-P04-S10:GS11:p0012,7,0,0,0,0
6892,CP-AP-r001:S-P04-S10:GS12:p0001,8,0,0,0,0
6893,CP-AP-r001:S-P04-S10:GS12:p0002,7,0,0,0,0
6894,CP-AP-r001:S-P04-S10:GS12:p0003,8,0,0,0,0
6895,CP-AP-r001:S-P04-S10:GS12:p0004,10,0,0,0,0
6896,CP-AP-r001:S-P04-S10:GS12:p0005,7,0,0,0,0
6897,CP-AP-r001:S-P04-S10:GS12:p0006,8,0,0,0,0
6898,CP-AP-r001:S-P04-S10:GS12:p0007,8,0,0,0,0
6899,CP-AP-r001:S-P04-S10:GS12:p0008,8,0,0,0,0
6900,CP-AP-r001:S-P04-S10:GS12:p0009,8,0,0,0,0
6901,CP-AP-r001:S-P04-S10:GS12:p0010,8,0,0,0,0
6902,CP-AP-r001:S-P04-S10:GS12:p0011,8,0,0,0,0
6903,CP-AP-r001:S-P04-S10:GS12:p0012,8,0,0,0,0
6904,CP-AP-r001:S-P04-S11:GS01:p0001,6,0,0,0,0
6905,CP-AP-r001:S-P04-S11:GS01:p0002,8,0,0,0,0
6906,CP-AP-r001:S-P04-S11:GS01:p0003,6,0,0,0,0
6907,CP-AP-r001:S-P04-S11:GS01:p0004,6,0,0,0,0
6908,CP-AP-r001:S-P04-S11:GS01:p0005,7,0,0,0,0
6909,CP-AP-r001:S-P04-S11:GS01:p0006,7,0,0,0,0
6910,CP-AP-r001:S-P04-S11:GS01:p0007,7,0,0,0,0
6911,CP-AP-r001:S-P04-S11:GS01:p0008,7,0,0,0,0
6912,CP-AP-r001:S-P04-S11:GS01:p0009,7,0,0,0,0
6913,CP-AP-r001:S-P04-S11:GS01:p0010,4,0,0,0,0
6914,CP-AP-r001:S-P04-S11:GS01:p0011,6,0,0,0,0
6915,CP-AP-r001:S-P04-S11:GS02:p0001,7,0,0,0,0
6916,CP-AP-r001:S-P04-S11:GS02:p0002,6,0,0,0,0
6917,CP-AP-r001:S-P04-S11:GS02:p0003,6,0,0,0,0
6918,CP-AP-r001:S-P04-S11:GS02:p0004,7,0,0,0,0
6919,CP-AP-r001:S-P04-S11:GS02:p0005,4,0,0,0,0
6920,CP-AP-r001:S-P04-S11:GS02:p0006,5,0,0,0,0
6921,CP-AP-r001:S-P04-S11:GS02:p0007,4,0,0,0,0
6922,CP-AP-r001:S-P04-S11:GS02:p0008,7,0,0,0,0
6923,CP-AP-r001:S-P04-S11:GS02:p0009,7,0,0,0,0
6924,CP-AP-r001:S-P04-S11:GS02:p0010,6,0,0,0,0
6925,CP-AP-r001:S-P04-S11:GS02:p0011,6,0,0,0,0
6926,CP-AP-r001:S-P04-S11:GS03:p0001,8,0,0,0,0
6927,CP-AP-r001:S-P04-S11:GS03:p0002,6,0,0,0,0
6928,CP-AP-r001:S-P04-S11:GS03:p0003,6,0,0,0,0
6929,CP-AP-r001:S-P04-S11:GS03:p0004,6,0,0,0,0
6930,CP-AP-r001:S-P04-S11:GS03:p0005,6,0,0,0,0
6931,CP-AP-r001:S-P04-S11:GS03:p0006,5,0,0,0,0
6932,CP-AP-r001:S-P04-S11:GS03:p0007,6,0,0,0,0
6933,CP-AP-r001:S-P04-S11:GS03:p0008,6,0,0,0,0
6934,CP-AP-r001:S-P04-S11:GS03:p0009,7,0,0,0,0
6935,CP-AP-r001:S-P04-S11:GS03:p0010,7,0,0,0,0
6936,CP-AP-r001:S-P04-S11:GS03:p0011,6,0,0,0,0
6937,CP-AP-r001:S-P04-S11:GS03:p0012,6,0,0,0,0
6938,CP-AP-r001:S-P04-S11:GS04:p0001,7,0,0,0,0
6939,CP-AP-r001:S-P04-S11:GS04:p0002,7,0,0,0,0
6940,CP-AP-r001:S-P04-S11:GS04:p0003,6,0,0,0,0
6941,CP-AP-r001:S-P04-S11:GS04:p0004,8,0,0,0,0
6942,CP-AP-r001:S-P04-S11:GS04:p0005,7,0,0,0,0
6943,CP-AP-r001:S-P04-S11:GS04:p0006,7,0,0,0,0
6944,CP-AP-r001:S-P04-S11:GS04:p0007,6,0,0,0,0
6945,CP-AP-r001:S-P04-S11:GS04:p0008,6,0,0,0,0
6946,CP-AP-r001:S-P04-S11:GS04:p0009,8,0,0,0,0
6947,CP-AP-r001:S-P04-S11:GS04:p0010,6,0,0,0,0
6948,CP-AP-r001:S-P04-S11:GS04:p0011,6,0,0,0,0
6949,CP-AP-r001:S-P04-S11:GS04:p0012,6,0,0,0,0
6950,CP-AP-r001:S-P04-S11:GS05:p0001,7,0,0,0,0
6951,CP-AP-r001:S-P04-S11:GS05:p0002,7,0,0,0,0
6952,CP-AP-r001:S-P04-S11:GS05:p0003,6,0,0,0,0
6953,CP-AP-r001:S-P04-S11:GS05:p0004,7,0,0,0,0
6954,CP-AP-r001:S-P04-S11:GS05:p0005,7,0,0,0,0
6955,CP-AP-r001:S-P04-S11:GS05:p0006,5,0,0,0,0
6956,CP-AP-r001:S-P04-S11:GS05:p0007,7,0,0,0,0
6957,CP-AP-r001:S-P04-S11:GS05:p0008,7,0,0,0,0
6958,CP-AP-r001:S-P04-S11:GS05:p0009,7,0,0,0,0
6959,CP-AP-r001:S-P04-S11:GS05:p0010,4,0,0,0,0
6960,CP-AP-r001:S-P04-S11:GS05:p0011,6,0,0,0,0
6961,CP-AP-r001:S-P04-S11:GS06:p0001,7,0,0,0,0
6962,CP-AP-r001:S-P04-S11:GS06:p0002,4,0,0,0,0
6963,CP-AP-r001:S-P04-S11:GS06:p0003,6,0,0,0,0
6964,CP-AP-r001:S-P04-S11:GS06:p0004,4,0,0,0,0
6965,CP-AP-r001:S-P04-S11:GS06:p0005,8,0,0,0,0
6966,CP-AP-r001:S-P04-S11:GS06:p0006,6,0,0,0,0
6967,CP-AP-r001:S-P04-S11:GS06:p0007,5,0,0,0,0
6968,CP-AP-r001:S-P04-S11:GS06:p0008,6,0,0,0,0
6969,CP-AP-r001:S-P04-S11:GS06:p0009,6,0,0,0,0
6970,CP-AP-r001:S-P04-S11:GS06:p0010,8,0,0,0,0
6971,CP-AP-r001:S-P04-S11:GS06:p0011,6,0,0,0,0
6972,CP-AP-r001:S-P04-S11:GS06:p0012,6,0,0,0,0
6973,CP-AP-r001:S-P04-S11:GS07:p0001,8,0,0,0,0
6974,CP-AP-r001:S-P04-S11:GS07:p0002,8,0,0,0,0
6975,CP-AP-r001:S-P04-S11:GS07:p0003,8,0,0,0,0
6976,CP-AP-r001:S-P04-S11:GS07:p0004,8,0,0,0,0
6977,CP-AP-r001:S-P04-S11:GS07:p0005,8,0,0,0,0
6978,CP-AP-r001:S-P04-S11:GS07:p0006,8,0,0,0,0
6979,CP-AP-r001:S-P04-S11:GS07:p0007,8,0,0,0,0
6980,CP-AP-r001:S-P04-S11:GS07:p0008,7,0,0,0,0
6981,CP-AP-r001:S-P04-S11:GS07:p0009,11,0,0,0,0
6982,CP-AP-r001:S-P04-S11:GS07:p0010,8,0,0,0,0
6983,CP-AP-r001:S-P04-S11:GS07:p0011,6,0,0,0,0
6984,CP-AP-r001:S-P04-S11:GS07:p0012,7,0,0,0,0
6985,CP-AP-r001:S-P04-S11:GS08:p0001,8,0,0,0,0
6986,CP-AP-r001:S-P04-S11:GS08:p0002,9,0,0,0,0
6987,CP-AP-r001:S-P04-S11:GS08:p0003,7,0,0,0,0
6988,CP-AP-r001:S-P04-S11:GS08:p0004,7,0,0,0,0
6989,CP-AP-r001:S-P04-S11:GS08:p0005,8,0,0,0,0
6990,CP-AP-r001:S-P04-S11:GS08:p0006,10,0,0,0,0
6991,CP-AP-r001:S-P04-S11:GS08:p0007,7,0,0,0,0
6992,CP-AP-r001:S-P04-S11:GS08:p0008,7,0,0,0,0
6993,CP-AP-r001:S-P04-S11:GS08:p0009,8,0,0,0,0
6994,CP-AP-r001:S-P04-S11:GS08:p0010,8,0,0,0,0
6995,CP-AP-r001:S-P04-S11:GS08:p0011,7,0,0,0,0
6996,CP-AP-r001:S-P04-S11:GS08:p0012,8,0,0,0,0
6997,CP-AP-r001:S-P04-S11:GS09:p0001,8,0,0,0,0
6998,CP-AP-r001:S-P04-S11:GS09:p0002,8,0,0,0,0
6999,CP-AP-r001:S-P04-S11:GS09:p0003,7,0,0,0,0
7000,CP-AP-r001:S-P04-S11:GS09:p0004,8,0,0,0,0
7001,CP-AP-r001:S-P04-S11:GS09:p0005,10,0,0,0,0
7002,CP-AP-r001:S-P04-S11:GS09:p0006,7,0,0,0,0
7003,CP-AP-r001:S-P04-S11:GS09:p0007,7,0,0,0,0
7004,CP-AP-r001:S-P04-S11:GS09:p0008,7,0,0,0,0
7005,CP-AP-r001:S-P04-S11:GS09:p0009,10,0,0,0,0
7006,CP-AP-r001:S-P04-S11:GS09:p0010,7,0,0,0,0
7007,CP-AP-r001:S-P04-S11:GS09:p0011,9,0,0,0,0
7008,CP-AP-r001:S-P04-S11:GS09:p0012,7,0,0,0,0
7009,CP-AP-r001:S-P04-S11:GS09:p0013,8,0,0,0,0
7010,CP-AP-r001:S-P04-S11:GS10:p0001,10,0,0,0,0
7011,CP-AP-r001:S-P04-S11:GS10:p0002,8,0,0,0,0
7012,CP-AP-r001:S-P04-S11:GS10:p0003,5,0,0,0,0
7013,CP-AP-r001:S-P04-S11:GS10:p0004,8,0,0,0,0
7014,CP-AP-r001:S-P04-S11:GS10:p0005,9,0,0,0,0
7015,CP-AP-r001:S-P04-S11:GS10:p0006,9,0,0,0,0
7016,CP-AP-r001:S-P04-S11:GS10:p0007,8,0,0,0,0
7017,CP-AP-r001:S-P04-S11:GS10:p0008,8,0,0,0,0
7018,CP-AP-r001:S-P04-S11:GS10:p0009,10,0,0,0,0
7019,CP-AP-r001:S-P04-S11:GS10:p0010,8,0,0,0,0
7020,CP-AP-r001:S-P04-S11:GS10:p0011,8,0,0,0,0
7021,CP-AP-r001:S-P04-S11:GS10:p0012,7,0,0,0,0
7022,CP-AP-r001:S-P04-S11:GS10:p0013,8,0,0,0,0
7023,CP-AP-r001:S-P04-S11:GS10:p0014,10,0,0,0,0
7024,CP-AP-r001:S-P04-S11:GS11:p0001,9,0,0,0,0
7025,CP-AP-r001:S-P04-S11:GS11:p0002,8,0,0,0,0
7026,CP-AP-r001:S-P04-S11:GS11:p0003,8,0,0,0,0
7027,CP-AP-r001:S-P04-S11:GS11:p0004,7,0,0,0,0
7028,CP-AP-r001:S-P04-S11:GS11:p0005,11,0,0,0,0
7029,CP-AP-r001:S-P04-S11:GS11:p0006,8,0,0,0,0
7030,CP-AP-r001:S-P04-S11:GS11:p0007,7,0,0,0,0
7031,CP-AP-r001:S-P04-S11:GS11:p0008,7,0,0,0,0
7032,CP-AP-r001:S-P04-S11:GS11:p0009,10,0,0,0,0
7033,CP-AP-r001:S-P04-S11:GS11:p0010,8,0,0,0,0
7034,CP-AP-r001:S-P04-S11:GS11:p0011,7,0,0,0,0
7035,CP-AP-r001:S-P04-S11:GS11:p0012,8,0,0,0,0
7036,CP-AP-r001:S-P04-S11:GS11:p0013,9,0,0,0,0
7037,CP-AP-r001:S-P04-S11:GS12:p0001,8,0,0,0,0
7038,CP-AP-r001:S-P04-S11:GS12:p0002,10,0,0,0,0
7039,CP-AP-r001:S-P04-S11:GS12:p0003,7,0,0,0,0
7040,CP-AP-r001:S-P04-S11:GS12:p0004,7,0,0,0,0
7041,CP-AP-r001:S-P04-S11:GS12:p0005,8,0,0,0,0
7042,CP-AP-r001:S-P04-S11:GS12:p0006,8,0,0,0,0
7043,CP-AP-r001:S-P04-S11:GS12:p0007,7,0,0,0,0
7044,CP-AP-r001:S-P04-S11:GS12:p0008,7,0,0,0,0
7045,CP-AP-r001:S-P04-S11:GS12:p0009,8,0,0,0,0
7046,CP-AP-r001:S-P04-S11:GS12:p0010,8,0,0,0,0
7047,CP-AP-r001:S-P04-S11:GS12:p0011,8,0,0,0,0
7048,CP-AP-r001:S-P04-S11:GS12:p0012,8,0,0,0,0
7049,CP-AP-r001:S-P04-S12:GS01:p0001,5,0,0,0,0
7050,CP-AP-r001:S-P04-S12:GS01:p0002,6,0,0,0,0
7051,CP-AP-r001:S-P04-S12:GS01:p0003,5,0,0,0,0
7052,CP-AP-r001:S-P04-S12:GS01:p0004,7,0,0,0,0
7053,CP-AP-r001:S-P04-S12:GS01:p0005,6,0,0,0,0
7054,CP-AP-r001:S-P04-S12:GS01:p0006,6,0,0,0,0
7055,CP-AP-r001:S-P04-S12:GS01:p0007,7,0,0,0,0
7056,CP-AP-r001:S-P04-S12:GS01:p0008,7,0,0,0,0
7057,CP-AP-r001:S-P04-S12:GS01:p0009,6,0,0,0,0
7058,CP-AP-r001:S-P04-S12:GS01:p0010,6,0,0,0,0
7059,CP-AP-r001:S-P04-S12:GS01:p0011,5,0,0,0,0
7060,CP-AP-r001:S-P04-S12:GS01:p0012,6,0,0,0,0
7061,CP-AP-r001:S-P04-S12:GS02:p0001,6,0,0,0,0
7062,CP-AP-r001:S-P04-S12:GS02:p0002,7,0,0,0,0
7063,CP-AP-r001:S-P04-S12:GS02:p0003,7,0,0,0,0
7064,CP-AP-r001:S-P04-S12:GS02:p0004,6,0,0,0,0
7065,CP-AP-r001:S-P04-S12:GS02:p0005,6,0,0,0,0
7066,CP-AP-r001:S-P04-S12:GS02:p0006,6,0,0,0,0
7067,CP-AP-r001:S-P04-S12:GS02:p0007,5,0,0,0,0
7068,CP-AP-r001:S-P04-S12:GS02:p0008,5,0,0,0,0
7069,CP-AP-r001:S-P04-S12:GS02:p0009,5,0,0,0,0
7070,CP-AP-r001:S-P04-S12:GS02:p0010,4,0,0,0,0
7071,CP-AP-r001:S-P04-S12:GS02:p0011,7,0,0,0,0
7072,CP-AP-r001:S-P04-S12:GS03:p0001,8,0,0,0,0
7073,CP-AP-r001:S-P04-S12:GS03:p0002,6,0,0,0,0
7074,CP-AP-r001:S-P04-S12:GS03:p0003,7,0,0,0,0
7075,CP-AP-r001:S-P04-S12:GS03:p0004,7,0,0,0,0
7076,CP-AP-r001:S-P04-S12:GS03:p0005,6,0,0,0,0
7077,CP-AP-r001:S-P04-S12:GS03:p0006,4,0,0,0,0
7078,CP-AP-r001:S-P04-S12:GS03:p0007,7,0,0,0,0
7079,CP-AP-r001:S-P04-S12:GS03:p0008,7,0,0,0,0
7080,CP-AP-r001:S-P04-S12:GS03:p0009,6,0,0,0,0
7081,CP-AP-r001:S-P04-S12:GS03:p0010,7,0,0,0,0
7082,CP-AP-r001:S-P04-S12:GS03:p0011,7,0,0,0,0
7083,CP-AP-r001:S-P04-S12:GS04:p0001,6,0,0,0,0
7084,CP-AP-r001:S-P04-S12:GS04:p0002,6,0,0,0,0
7085,CP-AP-r001:S-P04-S12:GS04:p0003,6,0,0,0,0
7086,CP-AP-r001:S-P04-S12:GS04:p0004,8,0,0,0,0
7087,CP-AP-r001:S-P04-S12:GS04:p0005,6,0,0,0,0
7088,CP-AP-r001:S-P04-S12:GS04:p0006,6,0,0,0,0
7089,CP-AP-r001:S-P04-S12:GS04:p0007,7,0,0,0,0
7090,CP-AP-r001:S-P04-S12:GS04:p0008,7,0,0,0,0
7091,CP-AP-r001:S-P04-S12:GS04:p0009,7,0,0,0,0
7092,CP-AP-r001:S-P04-S12:GS04:p0010,6,0,0,0,0
7093,CP-AP-r001:S-P04-S12:GS04:p0011,7,0,0,0,0
7094,CP-AP-r001:S-P04-S12:GS04:p0012,7,0,0,0,0
7095,CP-AP-r001:S-P04-S12:GS05:p0001,6,0,0,0,0
7096,CP-AP-r001:S-P04-S12:GS05:p0002,6,0,0,0,0
7097,CP-AP-r001:S-P04-S12:GS05:p0003,7,0,0,0,0
7098,CP-AP-r001:S-P04-S12:GS05:p0004,6,0,0,0,0
7099,CP-AP-r001:S-P04-S12:GS05:p0005,6,0,0,0,0
7100,CP-AP-r001:S-P04-S12:GS05:p0006,6,0,0,0,0
7101,CP-AP-r001:S-P04-S12:GS05:p0007,7,0,0,0,0
7102,CP-AP-r001:S-P04-S12:GS05:p0008,6,0,0,0,0
7103,CP-AP-r001:S-P04-S12:GS05:p0009,6,0,0,0,0
7104,CP-AP-r001:S-P04-S12:GS05:p0010,5,0,0,0,0
7105,CP-AP-r001:S-P04-S12:GS05:p0011,6,0,0,0,0
7106,CP-AP-r001:S-P04-S12:GS06:p0001,6,0,0,0,0
7107,CP-AP-r001:S-P04-S12:GS06:p0002,6,0,0,0,0
7108,CP-AP-r001:S-P04-S12:GS06:p0003,8,0,0,0,0
7109,CP-AP-r001:S-P04-S12:GS06:p0004,5,0,0,0,0
7110,CP-AP-r001:S-P04-S12:GS06:p0005,6,0,0,0,0
7111,CP-AP-r001:S-P04-S12:GS06:p0006,5,0,0,0,0
7112,CP-AP-r001:S-P04-S12:GS06:p0007,5,0,0,0,0
7113,CP-AP-r001:S-P04-S12:GS06:p0008,7,0,0,0,0
7114,CP-AP-r001:S-P04-S12:GS06:p0009,5,0,0,0,0
7115,CP-AP-r001:S-P04-S12:GS06:p0010,6,0,0,0,0
7116,CP-AP-r001:S-P04-S12:GS06:p0011,7,0,0,0,0
7117,CP-AP-r001:S-P04-S12:GS07:p0001,7,0,0,0,0
7118,CP-AP-r001:S-P04-S12:GS07:p0002,7,0,0,0,0
7119,CP-AP-r001:S-P04-S12:GS07:p0003,9,0,0,0,0
7120,CP-AP-r001:S-P04-S12:GS07:p0004,8,0,0,0,0
7121,CP-AP-r001:S-P04-S12:GS07:p0005,7,0,0,0,0
7122,CP-AP-r001:S-P04-S12:GS07:p0006,7,0,0,0,0
7123,CP-AP-r001:S-P04-S12:GS07:p0007,9,0,0,0,0
7124,CP-AP-r001:S-P04-S12:GS07:p0008,7,0,0,0,0
7125,CP-AP-r001:S-P04-S12:GS07:p0009,11,0,0,0,0
7126,CP-AP-r001:S-P04-S12:GS07:p0010,8,0,0,0,0
7127,CP-AP-r001:S-P04-S12:GS07:p0011,7,0,0,0,0
7128,CP-AP-r001:S-P04-S12:GS07:p0012,7,0,0,0,0
7129,CP-AP-r001:S-P04-S12:GS08:p0001,8,0,0,0,0
7130,CP-AP-r001:S-P04-S12:GS08:p0002,8,0,0,0,0
7131,CP-AP-r001:S-P04-S12:GS08:p0003,8,0,0,0,0
7132,CP-AP-r001:S-P04-S12:GS08:p0004,8,0,0,0,0
7133,CP-AP-r001:S-P04-S12:GS08:p0005,8,0,0,0,0
7134,CP-AP-r001:S-P04-S12:GS08:p0006,7,0,0,0,0
7135,CP-AP-r001:S-P04-S12:GS08:p0007,8,0,0,0,0
7136,CP-AP-r001:S-P04-S12:GS08:p0008,8,0,0,0,0
7137,CP-AP-r001:S-P04-S12:GS08:p0009,7,0,0,0,0
7138,CP-AP-r001:S-P04-S12:GS08:p0010,7,0,0,0,0
7139,CP-AP-r001:S-P04-S12:GS08:p0011,9,0,0,0,0
7140,CP-AP-r001:S-P04-S12:GS08:p0012,8,0,0,0,0
7141,CP-AP-r001:S-P04-S12:GS09:p0001,9,0,0,0,0
7142,CP-AP-r001:S-P04-S12:GS09:p0002,8,0,0,0,0
7143,CP-AP-r001:S-P04-S12:GS09:p0003,5,0,0,0,0
7144,CP-AP-r001:S-P04-S12:GS09:p0004,8,0,0,0,0
7145,CP-AP-r001:S-P04-S12:GS09:p0005,10,0,0,0,0
7146,CP-AP-r001:S-P04-S12:GS09:p0006,8,0,0,0,0
7147,CP-AP-r001:S-P04-S12:GS09:p0007,6,0,0,0,0
7148,CP-AP-r001:S-P04-S12:GS09:p0008,8,0,0,0,0
7149,CP-AP-r001:S-P04-S12:GS09:p0009,10,0,0,0,0
7150,CP-AP-r001:S-P04-S12:GS09:p0010,7,0,0,0,0
7151,CP-AP-r001:S-P04-S12:GS09:p0011,8,0,0,0,0
7152,CP-AP-r001:S-P04-S12:GS09:p0012,8,0,0,0,0
7153,CP-AP-r001:S-P04-S12:GS09:p0013,9,0,0,0,0
7154,CP-AP-r001:S-P04-S12:GS10:p0001,10,0,0,0,0
7155,CP-AP-r001:S-P04-S12:GS10:p0002,8,0,0,0,0
7156,CP-AP-r001:S-P04-S12:GS10:p0003,7,0,0,0,0
7157,CP-AP-r001:S-P04-S12:GS10:p0004,8,0,0,0,0
7158,CP-AP-r001:S-P04-S12:GS10:p0005,8,0,0,0,0
7159,CP-AP-r001:S-P04-S12:GS10:p0006,10,0,0,0,0
7160,CP-AP-r001:S-P04-S12:GS10:p0007,8,0,0,0,0
7161,CP-AP-r001:S-P04-S12:GS10:p0008,8,0,0,0,0
7162,CP-AP-r001:S-P04-S12:GS10:p0009,9,0,0,0,0
7163,CP-AP-r001:S-P04-S12:GS10:p0010,9,0,0,0,0
7164,CP-AP-r001:S-P04-S12:GS10:p0011,8,0,0,0,0
7165,CP-AP-r001:S-P04-S12:GS10:p0012,5,0,0,0,0
7166,CP-AP-r001:S-P04-S12:GS10:p0013,8,0,0,0,0
7167,CP-AP-r001:S-P04-S12:GS10:p0014,10,0,0,0,0
7168,CP-AP-r001:S-P04-S12:GS11:p0001,7,0,0,0,0
7169,CP-AP-r001:S-P04-S12:GS11:p0002,7,0,0,0,0
7170,CP-AP-r001:S-P04-S12:GS11:p0003,9,0,0,0,0
7171,CP-AP-r001:S-P04-S12:GS11:p0004,7,0,0,0,0
7172,CP-AP-r001:S-P04-S12:GS11:p0005,11,0,0,0,0
7173,CP-AP-r001:S-P04-S12:GS11:p0006,7,0,0,0,0
7174,CP-AP-r001:S-P04-S12:GS11:p0007,8,0,0,0,0
7175,CP-AP-r001:S-P04-S12:GS11:p0008,7,0,0,0,0
7176,CP-AP-r001:S-P04-S12:GS11:p0009,11,0,0,0,0
7177,CP-AP-r001:S-P04-S12:GS11:p0010,8,0,0,0,0
7178,CP-AP-r001:S-P04-S12:GS11:p0011,8,0,0,0,0
7179,CP-AP-r001:S-P04-S12:GS11:p0012,7,0,0,0,0
7180,CP-AP-r001:S-P04-S12:GS11:p0013,7,0,0,0,0
7181,CP-AP-r001:S-P04-S12:GS12:p0001,8,0,0,0,0
7182,CP-AP-r001:S-P04-S12:GS12:p0002,8,0,0,0,0
7183,CP-AP-r001:S-P04-S12:GS12:p0003,8,0,0,0,0
7184,CP-AP-r001:S-P04-S12:GS12:p0004,8,0,0,0,0
7185,CP-AP-r001:S-P04-S12:GS12:p0005,7,0,0,0,0
7186,CP-AP-r001:S-P04-S12:GS12:p0006,7,0,0,0,0
7187,CP-AP-r001:S-P04-S12:GS12:p0007,9,0,0,0,0
7188,CP-AP-r001:S-P04-S12:GS12:p0008,8,0,0,0,0
7189,CP-AP-r001:S-P04-S12:GS12:p0009,7,0,0,0,0
7190,CP-AP-r001:S-P04-S12:GS12:p0010,7,0,0,0,0
7191,CP-AP-r001:S-P04-S12:GS12:p0011,9,0,0,0,0
7192,CP-AP-r001:S-P04-S12:GS12:p0012,9,0,0,0,0
7193,CP-AP-r001:S-P05-S01:GS01:p0001,7,0,0,0,0
7194,CP-AP-r001:S-P05-S01:GS01:p0002,7,0,0,0,0
7195,CP-AP-r001:S-P05-S01:GS01:p0003,6,0,0,0,0
7196,CP-AP-r001:S-P05-S01:GS01:p0004,6,0,0,0,0
7197,CP-AP-r001:S-P05-S01:GS01:p0005,7,0,0,0,0
7198,CP-AP-r001:S-P05-S01:GS01:p0006,7,0,0,0,0
7199,CP-AP-r001:S-P05-S01:GS01:p0007,6,0,0,0,0
7200,CP-AP-r001:S-P05-S01:GS01:p0008,8,0,0,0,0
7201,CP-AP-r001:S-P05-S01:GS01:p0009,7,0,0,0,0
7202,CP-AP-r001:S-P05-S01:GS01:p0010,7,0,0,0,0
7203,CP-AP-r001:S-P05-S01:GS01:p0011,6,0,0,0,0
7204,CP-AP-r001:S-P05-S01:GS01:p0012,7,0,0,0,0
7205,CP-AP-r001:S-P05-S01:GS02:p0001,6,0,0,0,0
7206,CP-AP-r001:S-P05-S01:GS02:p0002,7,0,0,0,0
7207,CP-AP-r001:S-P05-S01:GS02:p0003,6,0,0,0,0
7208,CP-AP-r001:S-P05-S01:GS02:p0004,7,0,0,0,0
7209,CP-AP-r001:S-P05-S01:GS02:p0005,7,0,0,0,0
7210,CP-AP-r001:S-P05-S01:GS02:p0006,7,0,0,0,0
7211,CP-AP-r001:S-P05-S01:GS02:p0007,7,0,0,0,0
7212,CP-AP-r001:S-P05-S01:GS02:p0008,7,0,0,0,0
7213,CP-AP-r001:S-P05-S01:GS02:p0009,7,0,0,0,0
7214,CP-AP-r001:S-P05-S01:GS02:p0010,6,0,0,0,0
7215,CP-AP-r001:S-P05-S01:GS02:p0011,7,0,0,0,0
7216,CP-AP-r001:S-P05-S01:GS03:p0001,7,0,0,0,0
7217,CP-AP-r001:S-P05-S01:GS03:p0002,7,0,0,0,0
7218,CP-AP-r001:S-P05-S01:GS03:p0003,6,0,0,0,0
7219,CP-AP-r001:S-P05-S01:GS03:p0004,7,0,0,0,0
7220,CP-AP-r001:S-P05-S01:GS03:p0005,7,0,0,0,0
7221,CP-AP-r001:S-P05-S01:GS03:p0006,4,0,0,0,0
7222,CP-AP-r001:S-P05-S01:GS03:p0007,6,0,0,0,0
7223,CP-AP-r001:S-P05-S01:GS03:p0008,7,0,0,0,0
7224,CP-AP-r001:S-P05-S01:GS03:p0009,7,0,0,0,0
7225,CP-AP-r001:S-P05-S01:GS03:p0010,5,0,0,0,0
7226,CP-AP-r001:S-P05-S01:GS03:p0011,5,0,0,0,0
7227,CP-AP-r001:S-P05-S01:GS03:p0012,7,0,0,0,0
7228,CP-AP-r001:S-P05-S01:GS04:p0001,8,0,0,0,0
7229,CP-AP-r001:S-P05-S01:GS04:p0002,6,0,0,0,0
7230,CP-AP-r001:S-P05-S01:GS04:p0003,6,0,0,0,0
7231,CP-AP-r001:S-P05-S01:GS04:p0004,7,0,0,0,0
7232,CP-AP-r001:S-P05-S01:GS04:p0005,6,0,0,0,0
7233,CP-AP-r001:S-P05-S01:GS04:p0006,6,0,0,0,0
7234,CP-AP-r001:S-P05-S01:GS04:p0007,6,0,0,0,0
7235,CP-AP-r001:S-P05-S01:GS04:p0008,7,0,0,0,0
7236,CP-AP-r001:S-P05-S01:GS04:p0009,7,0,0,0,0
7237,CP-AP-r001:S-P05-S01:GS04:p0010,6,0,0,0,0
7238,CP-AP-r001:S-P05-S01:GS04:p0011,6,0,0,0,0
7239,CP-AP-r001:S-P05-S01:GS04:p0012,7,0,0,0,0
7240,CP-AP-r001:S-P05-S01:GS05:p0001,7,0,0,0,0
7241,CP-AP-r001:S-P05-S01:GS05:p0002,7,0,0,0,0
7242,CP-AP-r001:S-P05-S01:GS05:p0003,5,0,0,0,0
7243,CP-AP-r001:S-P05-S01:GS05:p0004,7,0,0,0,0
7244,CP-AP-r001:S-P05-S01:GS05:p0005,7,0,0,0,0
7245,CP-AP-r001:S-P05-S01:GS05:p0006,7,0,0,0,0
7246,CP-AP-r001:S-P05-S01:GS05:p0007,6,0,0,0,0
7247,CP-AP-r001:S-P05-S01:GS05:p0008,7,0,0,0,0
7248,CP-AP-r001:S-P05-S01:GS05:p0009,8,0,0,0,0
7249,CP-AP-r001:S-P05-S01:GS05:p0010,7,0,0,0,0
7250,CP-AP-r001:S-P05-S01:GS05:p0011,6,0,0,0,0
7251,CP-AP-r001:S-P05-S01:GS05:p0012,7,0,0,0,0
7252,CP-AP-r001:S-P05-S01:GS06:p0001,7,0,0,0,0
7253,CP-AP-r001:S-P05-S01:GS06:p0002,7,0,0,0,0
7254,CP-AP-r001:S-P05-S01:GS06:p0003,7,0,0,0,0
7255,CP-AP-r001:S-P05-S01:GS06:p0004,7,0,0,0,0
7256,CP-AP-r001:S-P05-S01:GS06:p0005,7,0,0,0,0
7257,CP-AP-r001:S-P05-S01:GS06:p0006,6,0,0,0,0
7258,CP-AP-r001:S-P05-S01:GS06:p0007,7,0,0,0,0
7259,CP-AP-r001:S-P05-S01:GS06:p0008,7,0,0,0,0
7260,CP-AP-r001:S-P05-S01:GS06:p0009,7,0,0,0,0
7261,CP-AP-r001:S-P05-S01:GS06:p0010,6,0,0,0,0
7262,CP-AP-r001:S-P05-S01:GS06:p0011,6,0,0,0,0
7263,CP-AP-r001:S-P05-S01:GS07:p0001,11,0,0,0,0
7264,CP-AP-r001:S-P05-S01:GS07:p0002,8,0,0,0,0
7265,CP-AP-r001:S-P05-S01:GS07:p0003,5,0,0,0,0
7266,CP-AP-r001:S-P05-S01:GS07:p0004,7,0,0,0,0
7267,CP-AP-r001:S-P05-S01:GS07:p0005,10,0,0,0,0
7268,CP-AP-r001:S-P05-S01:GS07:p0006,8,0,0,0,0
7269,CP-AP-r001:S-P05-S01:GS07:p0007,5,0,0,0,0
7270,CP-AP-r001:S-P05-S01:GS07:p0008,8,0,0,0,0
7271,CP-AP-r001:S-P05-S01:GS07:p0009,9,0,0,0,0
7272,CP-AP-r001:S-P05-S01:GS07:p0010,9,0,0,0,0
7273,CP-AP-r001:S-P05-S01:GS07:p0011,8,0,0,0,0
7274,CP-AP-r001:S-P05-S01:GS07:p0012,8,0,0,0,0
7275,CP-AP-r001:S-P05-S01:GS07:p0013,8,0,0,0,0
7276,CP-AP-r001:S-P05-S01:GS08:p0001,8,0,0,0,0
7277,CP-AP-r001:S-P05-S01:GS08:p0002,8,0,0,0,0
7278,CP-AP-r001:S-P05-S01:GS08:p0003,7,0,0,0,0
7279,CP-AP-r001:S-P05-S01:GS08:p0004,8,0,0,0,0
7280,CP-AP-r001:S-P05-S01:GS08:p0005,9,0,0,0,0
7281,CP-AP-r001:S-P05-S01:GS08:p0006,8,0,0,0,0
7282,CP-AP-r001:S-P05-S01:GS08:p0007,9,0,0,0,0
7283,CP-AP-r001:S-P05-S01:GS08:p0008,9,0,0,0,0
7284,CP-AP-r001:S-P05-S01:GS08:p0009,10,0,0,0,0
7285,CP-AP-r001:S-P05-S01:GS08:p0010,8,0,0,0,0
7286,CP-AP-r001:S-P05-S01:GS08:p0011,7,0,0,0,0
7287,CP-AP-r001:S-P05-S01:GS08:p0012,7,0,0,0,0
7288,CP-AP-r001:S-P05-S01:GS09:p0001,7,0,0,0,0
7289,CP-AP-r001:S-P05-S01:GS09:p0002,9,0,0,0,0
7290,CP-AP-r001:S-P05-S01:GS09:p0003,7,0,0,0,0
7291,CP-AP-r001:S-P05-S01:GS09:p0004,8,0,0,0,0
7292,CP-AP-r001:S-P05-S01:GS09:p0005,9,0,0,0,0
7293,CP-AP-r001:S-P05-S01:GS09:p0006,9,0,0,0,0
7294,CP-AP-r001:S-P05-S01:GS09:p0007,7,0,0,0,0
7295,CP-AP-r001:S-P05-S01:GS09:p0008,7,0,0,0,0
7296,CP-AP-r001:S-P05-S01:GS09:p0009,8,0,0,0,0
7297,CP-AP-r001:S-P05-S01:GS09:p0010,9,0,0,0,0
7298,CP-AP-r001:S-P05-S01:GS09:p0011,7,0,0,0,0
7299,CP-AP-r001:S-P05-S01:GS09:p0012,7,0,0,0,0
7300,CP-AP-r001:S-P05-S01:GS10:p0001,8,0,0,0,0
7301,CP-AP-r001:S-P05-S01:GS10:p0002,8,0,0,0,0
7302,CP-AP-r001:S-P05-S01:GS10:p0003,7,0,0,0,0
7303,CP-AP-r001:S-P05-S01:GS10:p0004,8,0,0,0,0
7304,CP-AP-r001:S-P05-S01:GS10:p0005,8,0,0,0,0
7305,CP-AP-r001:S-P05-S01:GS10:p0006,7,0,0,0,0
7306,CP-AP-r001:S-P05-S01:GS10:p0007,7,0,0,0,0
7307,CP-AP-r001:S-P05-S01:GS10:p0008,8,0,0,0,0
7308,CP-AP-r001:S-P05-S01:GS10:p0009,7,0,0,0,0
7309,CP-AP-r001:S-P05-S01:GS10:p0010,8,0,0,0,0
7310,CP-AP-r001:S-P05-S01:GS10:p0011,7,0,0,0,0
7311,CP-AP-r001:S-P05-S01:GS10:p0012,8,0,0,0,0
7312,CP-AP-r001:S-P05-S01:GS10:p0013,7,0,0,0,0
7313,CP-AP-r001:S-P05-S01:GS10:p0014,8,0,0,0,0
7314,CP-AP-r001:S-P05-S01:GS11:p0001,10,0,0,0,0
7315,CP-AP-r001:S-P05-S01:GS11:p0002,8,0,0,0,0
7316,CP-AP-r001:S-P05-S01:GS11:p0003,6,0,0,0,0
7317,CP-AP-r001:S-P05-S01:GS11:p0004,8,0,0,0,0
7318,CP-AP-r001:S-P05-S01:GS11:p0005,8,0,0,0,0
7319,CP-AP-r001:S-P05-S01:GS11:p0006,10,0,0,0,0
7320,CP-AP-r001:S-P05-S01:GS11:p0007,8,0,0,0,0
7321,CP-AP-r001:S-P05-S01:GS11:p0008,8,0,0,0,0
7322,CP-AP-r001:S-P05-S01:GS11:p0009,6,0,0,0,0
7323,CP-AP-r001:S-P05-S01:GS11:p0010,9,0,0,0,0
7324,CP-AP-r001:S-P05-S01:GS11:p0011,8,0,0,0,0
7325,CP-AP-r001:S-P05-S01:GS11:p0012,8,0,0,0,0
7326,CP-AP-r001:S-P05-S01:GS11:p0013,8,0,0,0,0
7327,CP-AP-r001:S-P05-S01:GS12:p0001,8,0,0,0,0
7328,CP-AP-r001:S-P05-S01:GS12:p0002,8,0,0,0,0
7329,CP-AP-r001:S-P05-S01:GS12:p0003,8,0,0,0,0
7330,CP-AP-r001:S-P05-S01:GS12:p0004,8,0,0,0,0
7331,CP-AP-r001:S-P05-S01:GS12:p0005,9,0,0,0,0
7332,CP-AP-r001:S-P05-S01:GS12:p0006,8,0,0,0,0
7333,CP-AP-r001:S-P05-S01:GS12:p0007,8,0,0,0,0
7334,CP-AP-r001:S-P05-S01:GS12:p0008,9,0,0,0,0
7335,CP-AP-r001:S-P05-S01:GS12:p0009,11,0,0,0,0
7336,CP-AP-r001:S-P05-S01:GS12:p0010,8,0,0,0,0
7337,CP-AP-r001:S-P05-S01:GS12:p0011,5,0,0,0,0
7338,CP-AP-r001:S-P05-S01:GS12:p0012,7,0,0,0,0
7339,CP-AP-r001:S-P05-S01:GS12:p0013,9,0,0,0,0
7340,CP-AP-r001:S-P05-S02:GS01:p0001,6,0,0,0,0
7341,CP-AP-r001:S-P05-S02:GS01:p0002,6,0,0,0,0
7342,CP-AP-r001:S-P05-S02:GS01:p0003,7,0,0,0,0
7343,CP-AP-r001:S-P05-S02:GS01:p0004,4,0,0,0,0
7344,CP-AP-r001:S-P05-S02:GS01:p0005,6,0,0,0,0
7345,CP-AP-r001:S-P05-S02:GS01:p0006,6,0,0,0,0
7346,CP-AP-r001:S-P05-S02:GS01:p0007,6,0,0,0,0
7347,CP-AP-r001:S-P05-S02:GS01:p0008,6,0,0,0,0
7348,CP-AP-r001:S-P05-S02:GS01:p0009,6,0,0,0,0
7349,CP-AP-r001:S-P05-S02:GS01:p0010,6,0,0,0,0
7350,CP-AP-r001:S-P05-S02:GS01:p0011,7,0,0,0,0
7351,CP-AP-r001:S-P05-S02:GS01:p0012,6,0,0,0,0
7352,CP-AP-r001:S-P05-S02:GS02:p0001,4,0,0,0,0
7353,CP-AP-r001:S-P05-S02:GS02:p0002,6,0,0,0,0
7354,CP-AP-r001:S-P05-S02:GS02:p0003,4,0,0,0,0
7355,CP-AP-r001:S-P05-S02:GS02:p0004,7,0,0,0,0
7356,CP-AP-r001:S-P05-S02:GS02:p0005,6,0,0,0,0
7357,CP-AP-r001:S-P05-S02:GS02:p0006,6,0,0,0,0
7358,CP-AP-r001:S-P05-S02:GS02:p0007,7,0,0,0,0
7359,CP-AP-r001:S-P05-S02:GS02:p0008,6,0,0,0,0
7360,CP-AP-r001:S-P05-S02:GS02:p0009,6,0,0,0,0
7361,CP-AP-r001:S-P05-S02:GS02:p0010,7,0,0,0,0
7362,CP-AP-r001:S-P05-S02:GS02:p0011,6,0,0,0,0
7363,CP-AP-r001:S-P05-S02:GS03:p0001,6,0,0,0,0
7364,CP-AP-r001:S-P05-S02:GS03:p0002,7,0,0,0,0
7365,CP-AP-r001:S-P05-S02:GS03:p0003,6,0,0,0,0
7366,CP-AP-r001:S-P05-S02:GS03:p0004,6,0,0,0,0
7367,CP-AP-r001:S-P05-S02:GS03:p0005,6,0,0,0,0
7368,CP-AP-r001:S-P05-S02:GS03:p0006,8,0,0,0,0
7369,CP-AP-r001:S-P05-S02:GS03:p0007,7,0,0,0,0
7370,CP-AP-r001:S-P05-S02:GS03:p0008,6,0,0,0,0
7371,CP-AP-r001:S-P05-S02:GS03:p0009,5,0,0,0,0
7372,CP-AP-r001:S-P05-S02:GS03:p0010,5,0,0,0,0
7373,CP-AP-r001:S-P05-S02:GS03:p0011,7,0,0,0,0
7374,CP-AP-r001:S-P05-S02:GS04:p0001,8,0,0,0,0
7375,CP-AP-r001:S-P05-S02:GS04:p0002,6,0,0,0,0
7376,CP-AP-r001:S-P05-S02:GS04:p0003,7,0,0,0,0
7377,CP-AP-r001:S-P05-S02:GS04:p0004,6,0,0,0,0
7378,CP-AP-r001:S-P05-S02:GS04:p0005,6,0,0,0,0
7379,CP-AP-r001:S-P05-S02:GS04:p0006,5,0,0,0,0
7380,CP-AP-r001:S-P05-S02:GS04:p0007,7,0,0,0,0
7381,CP-AP-r001:S-P05-S02:GS04:p0008,6,0,0,0,0
7382,CP-AP-r001:S-P05-S02:GS04:p0009,7,0,0,0,0
7383,CP-AP-r001:S-P05-S02:GS04:p0010,5,0,0,0,0
7384,CP-AP-r001:S-P05-S02:GS04:p0011,7,0,0,0,0
7385,CP-AP-r001:S-P05-S02:GS04:p0012,6,0,0,0,0
7386,CP-AP-r001:S-P05-S02:GS05:p0001,6,0,0,0,0
7387,CP-AP-r001:S-P05-S02:GS05:p0002,6,0,0,0,0
7388,CP-AP-r001:S-P05-S02:GS05:p0003,6,0,0,0,0
7389,CP-AP-r001:S-P05-S02:GS05:p0004,5,0,0,0,0
7390,CP-AP-r001:S-P05-S02:GS05:p0005,6,0,0,0,0
7391,CP-AP-r001:S-P05-S02:GS05:p0006,6,0,0,0,0
7392,CP-AP-r001:S-P05-S02:GS05:p0007,7,0,0,0,0
7393,CP-AP-r001:S-P05-S02:GS05:p0008,6,0,0,0,0
7394,CP-AP-r001:S-P05-S02:GS05:p0009,7,0,0,0,0
7395,CP-AP-r001:S-P05-S02:GS05:p0010,6,0,0,0,0
7396,CP-AP-r001:S-P05-S02:GS05:p0011,7,0,0,0,0
7397,CP-AP-r001:S-P05-S02:GS05:p0012,6,0,0,0,0
7398,CP-AP-r001:S-P05-S02:GS06:p0001,6,0,0,0,0
7399,CP-AP-r001:S-P05-S02:GS06:p0002,6,0,0,0,0
7400,CP-AP-r001:S-P05-S02:GS06:p0003,7,0,0,0,0
7401,CP-AP-r001:S-P05-S02:GS06:p0004,6,0,0,0,0
7402,CP-AP-r001:S-P05-S02:GS06:p0005,6,0,0,0,0
7403,CP-AP-r001:S-P05-S02:GS06:p0006,7,0,0,0,0
7404,CP-AP-r001:S-P05-S02:GS06:p0007,6,0,0,0,0
7405,CP-AP-r001:S-P05-S02:GS06:p0008,6,0,0,0,0
7406,CP-AP-r001:S-P05-S02:GS06:p0009,6,0,0,0,0
7407,CP-AP-r001:S-P05-S02:GS06:p0010,7,0,0,0,0
7408,CP-AP-r001:S-P05-S02:GS06:p0011,4,0,0,0,0
7409,CP-AP-r001:S-P05-S02:GS07:p0001,10,0,0,0,0
7410,CP-AP-r001:S-P05-S02:GS07:p0002,7,0,0,0,0
7411,CP-AP-r001:S-P05-S02:GS07:p0003,6,0,0,0,0
7412,CP-AP-r001:S-P05-S02:GS07:p0004,7,0,0,0,0
7413,CP-AP-r001:S-P05-S02:GS07:p0005,5,0,0,0,0
7414,CP-AP-r001:S-P05-S02:GS07:p0006,10,0,0,0,0
7415,CP-AP-r001:S-P05-S02:GS07:p0007,8,0,0,0,0
7416,CP-AP-r001:S-P05-S02:GS07:p0008,7,0,0,0,0
7417,CP-AP-r001:S-P05-S02:GS07:p0009,8,0,0,0,0
7418,CP-AP-r001:S-P05-S02:GS07:p0010,7,0,0,0,0
7419,CP-AP-r001:S-P05-S02:GS07:p0011,10,0,0,0,0
7420,CP-AP-r001:S-P05-S02:GS07:p0012,8,0,0,0,0
7421,CP-AP-r001:S-P05-S02:GS07:p0013,8,0,0,0,0
7422,CP-AP-r001:S-P05-S02:GS07:p0014,8,0,0,0,0
7423,CP-AP-r001:S-P05-S02:GS08:p0001,7,0,0,0,0
7424,CP-AP-r001:S-P05-S02:GS08:p0002,7,0,0,0,0
7425,CP-AP-r001:S-P05-S02:GS08:p0003,10,0,0,0,0
7426,CP-AP-r001:S-P05-S02:GS08:p0004,8,0,0,0,0
7427,CP-AP-r001:S-P05-S02:GS08:p0005,7,0,0,0,0
7428,CP-AP-r001:S-P05-S02:GS08:p0006,7,0,0,0,0
7429,CP-AP-r001:S-P05-S02:GS08:p0007,9,0,0,0,0
7430,CP-AP-r001:S-P05-S02:GS08:p0008,9,0,0,0,0
7431,CP-AP-r001:S-P05-S02:GS08:p0009,9,0,0,0,0
7432,CP-AP-r001:S-P05-S02:GS08:p0010,7,0,0,0,0
7433,CP-AP-r001:S-P05-S02:GS08:p0011,8,0,0,0,0
7434,CP-AP-r001:S-P05-S02:GS08:p0012,7,0,0,0,0
7435,CP-AP-r001:S-P05-S02:GS09:p0001,7,0,0,0,0
7436,CP-AP-r001:S-P05-S02:GS09:p0002,8,0,0,0,0
7437,CP-AP-r001:S-P05-S02:GS09:p0003,8,0,0,0,0
7438,CP-AP-r001:S-P05-S02:GS09:p0004,8,0,0,0,0
7439,CP-AP-r001:S-P05-S02:GS09:p0005,8,0,0,0,0
7440,CP-AP-r001:S-P05-S02:GS09:p0006,8,0,0,0,0
7441,CP-AP-r001:S-P05-S02:GS09:p0007,8,0,0,0,0
7442,CP-AP-r001:S-P05-S02:GS09:p0008,8,0,0,0,0
7443,CP-AP-r001:S-P05-S02:GS09:p0009,8,0,0,0,0
7444,CP-AP-r001:S-P05-S02:GS09:p0010,7,0,0,0,0
7445,CP-AP-r001:S-P05-S02:GS09:p0011,9,0,0,0,0
7446,CP-AP-r001:S-P05-S02:GS09:p0012,8,0,0,0,0
7447,CP-AP-r001:S-P05-S02:GS10:p0001,9,0,0,0,0
7448,CP-AP-r001:S-P05-S02:GS10:p0002,8,0,0,0,0
7449,CP-AP-r001:S-P05-S02:GS10:p0003,6,0,0,0,0
7450,CP-AP-r001:S-P05-S02:GS10:p0004,8,0,0,0,0
7451,CP-AP-r001:S-P05-S02:GS10:p0005,8,0,0,0,0
7452,CP-AP-r001:S-P05-S02:GS10:p0006,9,0,0,0,0
7453,CP-AP-r001:S-P05-S02:GS10:p0007,8,0,0,0,0
7454,CP-AP-r001:S-P05-S02:GS10:p0008,7,0,0,0,0
7455,CP-AP-r001:S-P05-S02:GS10:p0009,8,0,0,0,0
7456,CP-AP-r001:S-P05-S02:GS10:p0010,8,0,0,0,0
7457,CP-AP-r001:S-P05-S02:GS10:p0011,7,0,0,0,0
7458,CP-AP-r001:S-P05-S02:GS10:p0012,7,0,0,0,0
7459,CP-AP-r001:S-P05-S02:GS10:p0013,8,0,0,0,0
7460,CP-AP-r001:S-P05-S02:GS10:p0014,8,0,0,0,0
7461,CP-AP-r001:S-P05-S02:GS11:p0001,10,0,0,0,0
7462,CP-AP-r001:S-P05-S02:GS11:p0002,8,0,0,0,0
7463,CP-AP-r001:S-P05-S02:GS11:p0003,7,0,0,0,0
7464,CP-AP-r001:S-P05-S02:GS11:p0004,7,0,0,0,0
7465,CP-AP-r001:S-P05-S02:GS11:p0005,6,0,0,0,0
7466,CP-AP-r001:S-P05-S02:GS11:p0006,10,0,0,0,0
7467,CP-AP-r001:S-P05-S02:GS11:p0007,8,0,0,0,0
7468,CP-AP-r001:S-P05-S02:GS11:p0008,8,0,0,0,0
7469,CP-AP-r001:S-P05-S02:GS11:p0009,6,0,0,0,0
7470,CP-AP-r001:S-P05-S02:GS11:p0010,10,0,0,0,0
7471,CP-AP-r001:S-P05-S02:GS11:p0011,8,0,0,0,0
7472,CP-AP-r001:S-P05-S02:GS11:p0012,8,0,0,0,0
7473,CP-AP-r001:S-P05-S02:GS11:p0013,8,0,0,0,0
7474,CP-AP-r001:S-P05-S02:GS12:p0001,7,0,0,0,0
7475,CP-AP-r001:S-P05-S02:GS12:p0002,7,0,0,0,0
7476,CP-AP-r001:S-P05-S02:GS12:p0003,9,0,0,0,0
7477,CP-AP-r001:S-P05-S02:GS12:p0004,9,0,0,0,0
7478,CP-AP-r001:S-P05-S02:GS12:p0005,8,0,0,0,0
7479,CP-AP-r001:S-P05-S02:GS12:p0006,7,0,0,0,0
7480,CP-AP-r001:S-P05-S02:GS12:p0007,8,0,0,0,0
7481,CP-AP-r001:S-P05-S02:GS12:p0008,8,0,0,0,0
7482,CP-AP-r001:S-P05-S02:GS12:p0009,10,0,0,0,0
7483,CP-AP-r001:S-P05-S02:GS12:p0010,7,0,0,0,0
7484,CP-AP-r001:S-P05-S02:GS12:p0011,6,0,0,0,0
7485,CP-AP-r001:S-P05-S02:GS12:p0012,7,0,0,0,0
7486,CP-AP-r001:S-P05-S02:GS12:p0013,5,0,0,0,0
7487,CP-AP-r001:S-P05-S03:GS01:p0001,7,0,0,0,0
7488,CP-AP-r001:S-P05-S03:GS01:p0002,7,0,0,0,0
7489,CP-AP-r001:S-P05-S03:GS01:p0003,6,0,0,0,0
7490,CP-AP-r001:S-P05-S03:GS01:p0004,7,0,0,0,0
7491,CP-AP-r001:S-P05-S03:GS01:p0005,8,0,0,0,0
7492,CP-AP-r001:S-P05-S03:GS01:p0006,7,0,0,0,0
7493,CP-AP-r001:S-P05-S03:GS01:p0007,6,0,0,0,0
7494,CP-AP-r001:S-P05-S03:GS01:p0008,7,0,0,0,0
7495,CP-AP-r001:S-P05-S03:GS01:p0009,8,0,0,0,0
7496,CP-AP-r001:S-P05-S03:GS01:p0010,6,0,0,0,0
7497,CP-AP-r001:S-P05-S03:GS01:p0011,6,0,0,0,0
7498,CP-AP-r001:S-P05-S03:GS01:p0012,7,0,0,0,0
7499,CP-AP-r001:S-P05-S03:GS02:p0001,7,0,0,0,0
7500,CP-AP-r001:S-P05-S03:GS02:p0002,7,0,0,0,0
7501,CP-AP-r001:S-P05-S03:GS02:p0003,6,0,0,0,0
7502,CP-AP-r001:S-P05-S03:GS02:p0004,7,0,0,0,0
7503,CP-AP-r001:S-P05-S03:GS02:p0005,7,0,0,0,0
7504,CP-AP-r001:S-P05-S03:GS02:p0006,7,0,0,0,0
7505,CP-AP-r001:S-P05-S03:GS02:p0007,6,0,0,0,0
7506,CP-AP-r001:S-P05-S03:GS02:p0008,6,0,0,0,0
7507,CP-AP-r001:S-P05-S03:GS02:p0009,7,0,0,0,0
7508,CP-AP-r001:S-P05-S03:GS02:p0010,7,0,0,0,0
7509,CP-AP-r001:S-P05-S03:GS02:p0011,6,0,0,0,0
7510,CP-AP-r001:S-P05-S03:GS02:p0012,8,0,0,0,0
7511,CP-AP-r001:S-P05-S03:GS03:p0001,7,0,0,0,0
7512,CP-AP-r001:S-P05-S03:GS03:p0002,4,0,0,0,0
7513,CP-AP-r001:S-P05-S03:GS03:p0003,5,0,0,0,0
7514,CP-AP-r001:S-P05-S03:GS03:p0004,7,0,0,0,0
7515,CP-AP-r001:S-P05-S03:GS03:p0005,5,0,0,0,0
7516,CP-AP-r001:S-P05-S03:GS03:p0006,8,0,0,0,0
7517,CP-AP-r001:S-P05-S03:GS03:p0007,6,0,0,0,0
7518,CP-AP-r001:S-P05-S03:GS03:p0008,7,0,0,0,0
7519,CP-AP-r001:S-P05-S03:GS03:p0009,7,0,0,0,0
7520,CP-AP-r001:S-P05-S03:GS03:p0010,7,0,0,0,0
7521,CP-AP-r001:S-P05-S03:GS03:p0011,7,0,0,0,0
7522,CP-AP-r001:S-P05-S03:GS04:p0001,7,0,0,0,0
7523,CP-AP-r001:S-P05-S03:GS04:p0002,5,0,0,0,0
7524,CP-AP-r001:S-P05-S03:GS04:p0003,6,0,0,0,0
7525,CP-AP-r001:S-P05-S03:GS04:p0004,7,0,0,0,0
7526,CP-AP-r001:S-P05-S03:GS04:p0005,7,0,0,0,0
7527,CP-AP-r001:S-P05-S03:GS04:p0006,6,0,0,0,0
7528,CP-AP-r001:S-P05-S03:GS04:p0007,7,0,0,0,0
7529,CP-AP-r001:S-P05-S03:GS04:p0008,7,0,0,0,0
7530,CP-AP-r001:S-P05-S03:GS04:p0009,4,0,0,0,0
7531,CP-AP-r001:S-P05-S03:GS04:p0010,6,0,0,0,0
7532,CP-AP-r001:S-P05-S03:GS04:p0011,8,0,0,0,0
7533,CP-AP-r001:S-P05-S03:GS05:p0001,7,0,0,0,0
7534,CP-AP-r001:S-P05-S03:GS05:p0002,7,0,0,0,0
7535,CP-AP-r001:S-P05-S03:GS05:p0003,6,0,0,0,0
7536,CP-AP-r001:S-P05-S03:GS05:p0004,7,0,0,0,0
7537,CP-AP-r001:S-P05-S03:GS05:p0005,8,0,0,0,0
7538,CP-AP-r001:S-P05-S03:GS05:p0006,6,0,0,0,0
7539,CP-AP-r001:S-P05-S03:GS05:p0007,6,0,0,0,0
7540,CP-AP-r001:S-P05-S03:GS05:p0008,7,0,0,0,0
7541,CP-AP-r001:S-P05-S03:GS05:p0009,6,0,0,0,0
7542,CP-AP-r001:S-P05-S03:GS05:p0010,5,0,0,0,0
7543,CP-AP-r001:S-P05-S03:GS05:p0011,6,0,0,0,0
7544,CP-AP-r001:S-P05-S03:GS05:p0012,7,0,0,0,0
7545,CP-AP-r001:S-P05-S03:GS06:p0001,7,0,0,0,0
7546,CP-AP-r001:S-P05-S03:GS06:p0002,7,0,0,0,0
7547,CP-AP-r001:S-P05-S03:GS06:p0003,6,0,0,0,0
7548,CP-AP-r001:S-P05-S03:GS06:p0004,6,0,0,0,0
7549,CP-AP-r001:S-P05-S03:GS06:p0005,7,0,0,0,0
7550,CP-AP-r001:S-P05-S03:GS06:p0006,7,0,0,0,0
7551,CP-AP-r001:S-P05-S03:GS06:p0007,6,0,0,0,0
7552,CP-AP-r001:S-P05-S03:GS06:p0008,8,0,0,0,0
7553,CP-AP-r001:S-P05-S03:GS06:p0009,7,0,0,0,0
7554,CP-AP-r001:S-P05-S03:GS06:p0010,7,0,0,0,0
7555,CP-AP-r001:S-P05-S03:GS06:p0011,6,0,0,0,0
7556,CP-AP-r001:S-P05-S03:GS06:p0012,7,0,0,0,0
7557,CP-AP-r001:S-P05-S03:GS07:p0001,10,0,0,0,0
7558,CP-AP-r001:S-P05-S03:GS07:p0002,8,0,0,0,0
7559,CP-AP-r001:S-P05-S03:GS07:p0003,8,0,0,0,0
7560,CP-AP-r001:S-P05-S03:GS07:p0004,7,0,0,0,0
7561,CP-AP-r001:S-P05-S03:GS07:p0005,8,0,0,0,0
7562,CP-AP-r001:S-P05-S03:GS07:p0006,8,0,0,0,0
7563,CP-AP-r001:S-P05-S03:GS07:p0007,8,0,0,0,0
7564,CP-AP-r001:S-P05-S03:GS07:p0008,8,0,0,0,0
7565,CP-AP-r001:S-P05-S03:GS07:p0009,8,0,0,0,0
7566,CP-AP-r001:S-P05-S03:GS07:p0010,8,0,0,0,0
7567,CP-AP-r001:S-P05-S03:GS07:p0011,7,0,0,0,0
7568,CP-AP-r001:S-P05-S03:GS07:p0012,7,0,0,0,0
7569,CP-AP-r001:S-P05-S03:GS07:p0013,8,0,0,0,0
7570,CP-AP-r001:S-P05-S03:GS08:p0001,10,0,0,0,0
7571,CP-AP-r001:S-P05-S03:GS08:p0002,8,0,0,0,0
7572,CP-AP-r001:S-P05-S03:GS08:p0003,7,0,0,0,0
7573,CP-AP-r001:S-P05-S03:GS08:p0004,8,0,0,0,0
7574,CP-AP-r001:S-P05-S03:GS08:p0005,10,0,0,0,0
7575,CP-AP-r001:S-P05-S03:GS08:p0006,8,0,0,0,0
7576,CP-AP-r001:S-P05-S03:GS08:p0007,6,0,0,0,0
7577,CP-AP-r001:S-P05-S03:GS08:p0008,7,0,0,0,0
7578,CP-AP-r001:S-P05-S03:GS08:p0009,8,0,0,0,0
7579,CP-AP-r001:S-P05-S03:GS08:p0010,10,0,0,0,0
7580,CP-AP-r001:S-P05-S03:GS08:p0011,8,0,0,0,0
7581,CP-AP-r001:S-P05-S03:GS08:p0012,6,0,0,0,0
7582,CP-AP-r001:S-P05-S03:GS08:p0013,8,0,0,0,0
7583,CP-AP-r001:S-P05-S03:GS08:p0014,8,0,0,0,0
7584,CP-AP-r001:S-P05-S03:GS09:p0001,8,0,0,0,0
7585,CP-AP-r001:S-P05-S03:GS09:p0002,9,0,0,0,0
7586,CP-AP-r001:S-P05-S03:GS09:p0003,7,0,0,0,0
7587,CP-AP-r001:S-P05-S03:GS09:p0004,7,0,0,0,0
7588,CP-AP-r001:S-P05-S03:GS09:p0005,8,0,0,0,0
7589,CP-AP-r001:S-P05-S03:GS09:p0006,8,0,0,0,0
7590,CP-AP-r001:S-P05-S03:GS09:p0007,8,0,0,0,0
7591,CP-AP-r001:S-P05-S03:GS09:p0008,8,0,0,0,0
7592,CP-AP-r001:S-P05-S03:GS09:p0009,8,0,0,0,0
7593,CP-AP-r001:S-P05-S03:GS09:p0010,8,0,0,0,0
7594,CP-AP-r001:S-P05-S03:GS09:p0011,8,0,0,0,0
7595,CP-AP-r001:S-P05-S03:GS09:p0012,9,0,0,0,0
7596,CP-AP-r001:S-P05-S03:GS10:p0001,7,0,0,0,0
7597,CP-AP-r001:S-P05-S03:GS10:p0002,8,0,0,0,0
7598,CP-AP-r001:S-P05-S03:GS10:p0003,7,0,0,0,0
7599,CP-AP-r001:S-P05-S03:GS10:p0004,8,0,0,0,0
7600,CP-AP-r001:S-P05-S03:GS10:p0005,7,0,0,0,0
7601,CP-AP-r001:S-P05-S03:GS10:p0006,9,0,0,0,0
7602,CP-AP-r001:S-P05-S03:GS10:p0007,7,0,0,0,0
7603,CP-AP-r001:S-P05-S03:GS10:p0008,8,0,0,0,0
7604,CP-AP-r001:S-P05-S03:GS10:p0009,8,0,0,0,0
7605,CP-AP-r001:S-P05-S03:GS10:p0010,10,0,0,0,0
7606,CP-AP-r001:S-P05-S03:GS10:p0011,7,0,0,0,0
7607,CP-AP-r001:S-P05-S03:GS10:p0012,7,0,0,0,0
7608,CP-AP-r001:S-P05-S03:GS11:p0001,9,0,0,0,0
7609,CP-AP-r001:S-P05-S03:GS11:p0002,8,0,0,0,0
7610,CP-AP-r001:S-P05-S03:GS11:p0003,8,0,0,0,0
7611,CP-AP-r001:S-P05-S03:GS11:p0004,8,0,0,0,0
7612,CP-AP-r001:S-P05-S03:GS11:p0005,8,0,0,0,0
7613,CP-AP-r001:S-P05-S03:GS11:p0006,8,0,0,0,0
7614,CP-AP-r001:S-P05-S03:GS11:p0007,7,0,0,0,0
7615,CP-AP-r001:S-P05-S03:GS11:p0008,7,0,0,0,0
7616,CP-AP-r001:S-P05-S03:GS11:p0009,8,0,0,0,0
7617,CP-AP-r001:S-P05-S03:GS11:p0010,8,0,0,0,0
7618,CP-AP-r001:S-P05-S03:GS11:p0011,7,0,0,0,0
7619,CP-AP-r001:S-P05-S03:GS11:p0012,7,0,0,0,0
7620,CP-AP-r001:S-P05-S03:GS11:p0013,7,0,0,0,0
7621,CP-AP-r001:S-P05-S03:GS11:p0014,9,0,0,0,0
7622,CP-AP-r001:S-P05-S03:GS12:p0001,11,0,0,0,0
7623,CP-AP-r001:S-P05-S03:GS12:p0002,8,0,0,0,0
7624,CP-AP-r001:S-P05-S03:GS12:p0003,5,0,0,0,0
7625,CP-AP-r001:S-P05-S03:GS12:p0004,7,0,0,0,0
7626,CP-AP-r001:S-P05-S03:GS12:p0005,10,0,0,0,0
7627,CP-AP-r001:S-P05-S03:GS12:p0006,8,0,0,0,0
7628,CP-AP-r001:S-P05-S03:GS12:p0007,5,0,0,0,0
7629,CP-AP-r001:S-P05-S03:GS12:p0008,8,0,0,0,0
7630,CP-AP-r001:S-P05-S03:GS12:p0009,9,0,0,0,0
7631,CP-AP-r001:S-P05-S03:GS12:p0010,10,0,0,0,0
7632,CP-AP-r001:S-P05-S03:GS12:p0011,8,0,0,0,0
7633,CP-AP-r001:S-P05-S03:GS12:p0012,8,0,0,0,0
7634,CP-AP-r001:S-P05-S03:GS12:p0013,8,0,0,0,0
7635,CP-AP-r001:S-P05-S04:GS01:p0001,6,0,0,0,0
7636,CP-AP-r001:S-P05-S04:GS01:p0002,6,0,0,0,0
7637,CP-AP-r001:S-P05-S04:GS01:p0003,7,0,0,0,0
7638,CP-AP-r001:S-P05-S04:GS01:p0004,6,0,0,0,0
7639,CP-AP-r001:S-P05-S04:GS01:p0005,7,0,0,0,0
7640,CP-AP-r001:S-P05-S04:GS01:p0006,6,0,0,0,0
7641,CP-AP-r001:S-P05-S04:GS01:p0007,7,0,0,0,0
7642,CP-AP-r001:S-P05-S04:GS01:p0008,6,0,0,0,0
7643,CP-AP-r001:S-P05-S04:GS01:p0009,8,0,0,0,0
7644,CP-AP-r001:S-P05-S04:GS01:p0010,6,0,0,0,0
7645,CP-AP-r001:S-P05-S04:GS01:p0011,7,0,0,0,0
7646,CP-AP-r001:S-P05-S04:GS01:p0012,6,0,0,0,0
7647,CP-AP-r001:S-P05-S04:GS02:p0001,6,0,0,0,0
7648,CP-AP-r001:S-P05-S04:GS02:p0002,6,0,0,0,0
7649,CP-AP-r001:S-P05-S04:GS02:p0003,7,0,0,0,0
7650,CP-AP-r001:S-P05-S04:GS02:p0004,6,0,0,0,0
7651,CP-AP-r001:S-P05-S04:GS02:p0005,6,0,0,0,0
7652,CP-AP-r001:S-P05-S04:GS02:p0006,6,0,0,0,0
7653,CP-AP-r001:S-P05-S04:GS02:p0007,7,0,0,0,0
7654,CP-AP-r001:S-P05-S04:GS02:p0008,4,0,0,0,0
7655,CP-AP-r001:S-P05-S04:GS02:p0009,6,0,0,0,0
7656,CP-AP-r001:S-P05-S04:GS02:p0010,6,0,0,0,0
7657,CP-AP-r001:S-P05-S04:GS02:p0011,6,0,0,0,0
7658,CP-AP-r001:S-P05-S04:GS02:p0012,6,0,0,0,0
7659,CP-AP-r001:S-P05-S04:GS03:p0001,6,0,0,0,0
7660,CP-AP-r001:S-P05-S04:GS03:p0002,5,0,0,0,0
7661,CP-AP-r001:S-P05-S04:GS03:p0003,5,0,0,0,0
7662,CP-AP-r001:S-P05-S04:GS03:p0004,7,0,0,0,0
7663,CP-AP-r001:S-P05-S04:GS03:p0005,4,0,0,0,0
7664,CP-AP-r001:S-P05-S04:GS03:p0006,6,0,0,0,0
7665,CP-AP-r001:S-P05-S04:GS03:p0007,4,0,0,0,0
7666,CP-AP-r001:S-P05-S04:GS03:p0008,7,0,0,0,0
7667,CP-AP-r001:S-P05-S04:GS03:p0009,6,0,0,0,0
7668,CP-AP-r001:S-P05-S04:GS03:p0010,6,0,0,0,0
7669,CP-AP-r001:S-P05-S04:GS03:p0011,7,0,0,0,0
7670,CP-AP-r001:S-P05-S04:GS04:p0001,7,0,0,0,0
7671,CP-AP-r001:S-P05-S04:GS04:p0002,4,0,0,0,0
7672,CP-AP-r001:S-P05-S04:GS04:p0003,7,0,0,0,0
7673,CP-AP-r001:S-P05-S04:GS04:p0004,6,0,0,0,0
7674,CP-AP-r001:S-P05-S04:GS04:p0005,7,0,0,0,0
7675,CP-AP-r001:S-P05-S04:GS04:p0006,7,0,0,0,0
7676,CP-AP-r001:S-P05-S04:GS04:p0007,6,0,0,0,0
7677,CP-AP-r001:S-P05-S04:GS04:p0008,6,0,0,0,0
7678,CP-AP-r001:S-P05-S04:GS04:p0009,6,0,0,0,0
7679,CP-AP-r001:S-P05-S04:GS04:p0010,7,0,0,0,0
7680,CP-AP-r001:S-P05-S04:GS04:p0011,7,0,0,0,0
7681,CP-AP-r001:S-P05-S04:GS05:p0001,7,0,0,0,0
7682,CP-AP-r001:S-P05-S04:GS05:p0002,6,0,0,0,0
7683,CP-AP-r001:S-P05-S04:GS05:p0003,7,0,0,0,0
7684,CP-AP-r001:S-P05-S04:GS05:p0004,6,0,0,0,0
7685,CP-AP-r001:S-P05-S04:GS05:p0005,8,0,0,0,0
7686,CP-AP-r001:S-P05-S04:GS05:p0006,6,0,0,0,0
7687,CP-AP-r001:S-P05-S04:GS05:p0007,7,0,0,0,0
7688,CP-AP-r001:S-P05-S04:GS05:p0008,6,0,0,0,0
7689,CP-AP-r001:S-P05-S04:GS05:p0009,6,0,0,0,0
7690,CP-AP-r001:S-P05-S04:GS05:p0010,4,0,0,0,0
7691,CP-AP-r001:S-P05-S04:GS05:p0011,7,0,0,0,0
7692,CP-AP-r001:S-P05-S04:GS05:p0012,6,0,0,0,0
7693,CP-AP-r001:S-P05-S04:GS06:p0001,6,0,0,0,0
7694,CP-AP-r001:S-P05-S04:GS06:p0002,6,0,0,0,0
7695,CP-AP-r001:S-P05-S04:GS06:p0003,7,0,0,0,0
7696,CP-AP-r001:S-P05-S04:GS06:p0004,4,0,0,0,0
7697,CP-AP-r001:S-P05-S04:GS06:p0005,6,0,0,0,0
7698,CP-AP-r001:S-P05-S04:GS06:p0006,6,0,0,0,0
7699,CP-AP-r001:S-P05-S04:GS06:p0007,6,0,0,0,0
7700,CP-AP-r001:S-P05-S04:GS06:p0008,6,0,0,0,0
7701,CP-AP-r001:S-P05-S04:GS06:p0009,6,0,0,0,0
7702,CP-AP-r001:S-P05-S04:GS06:p0010,6,0,0,0,0
7703,CP-AP-r001:S-P05-S04:GS06:p0011,7,0,0,0,0
7704,CP-AP-r001:S-P05-S04:GS06:p0012,6,0,0,0,0
7705,CP-AP-r001:S-P05-S04:GS07:p0001,10,0,0,0,0
7706,CP-AP-r001:S-P05-S04:GS07:p0002,8,0,0,0,0
7707,CP-AP-r001:S-P05-S04:GS07:p0003,8,0,0,0,0
7708,CP-AP-r001:S-P05-S04:GS07:p0004,7,0,0,0,0
7709,CP-AP-r001:S-P05-S04:GS07:p0005,9,0,0,0,0
7710,CP-AP-r001:S-P05-S04:GS07:p0006,8,0,0,0,0
7711,CP-AP-r001:S-P05-S04:GS07:p0007,8,0,0,0,0
7712,CP-AP-r001:S-P05-S04:GS07:p0008,8,0,0,0,0
7713,CP-AP-r001:S-P05-S04:GS07:p0009,9,0,0,0,0
7714,CP-AP-r001:S-P05-S04:GS07:p0010,8,0,0,0,0
7715,CP-AP-r001:S-P05-S04:GS07:p0011,5,0,0,0,0
7716,CP-AP-r001:S-P05-S04:GS07:p0012,8,0,0,0,0
7717,CP-AP-r001:S-P05-S04:GS07:p0013,8,0,0,0,0
7718,CP-AP-r001:S-P05-S04:GS08:p0001,9,0,0,0,0
7719,CP-AP-r001:S-P05-S04:GS08:p0002,7,0,0,0,0
7720,CP-AP-r001:S-P05-S04:GS08:p0003,8,0,0,0,0
7721,CP-AP-r001:S-P05-S04:GS08:p0004,7,0,0,0,0
7722,CP-AP-r001:S-P05-S04:GS08:p0005,10,0,0,0,0
7723,CP-AP-r001:S-P05-S04:GS08:p0006,8,0,0,0,0
7724,CP-AP-r001:S-P05-S04:GS08:p0007,7,0,0,0,0
7725,CP-AP-r001:S-P05-S04:GS08:p0008,7,0,0,0,0
7726,CP-AP-r001:S-P05-S04:GS08:p0009,5,0,0,0,0
7727,CP-AP-r001:S-P05-S04:GS08:p0010,10,0,0,0,0
7728,CP-AP-r001:S-P05-S04:GS08:p0011,8,0,0,0,0
7729,CP-AP-r001:S-P05-S04:GS08:p0012,6,0,0,0,0
7730,CP-AP-r001:S-P05-S04:GS08:p0013,8,0,0,0,0
7731,CP-AP-r001:S-P05-S04:GS08:p0014,6,0,0,0,0
7732,CP-AP-r001:S-P05-S04:GS09:p0001,8,0,0,0,0
7733,CP-AP-r001:S-P05-S04:GS09:p0002,7,0,0,0,0
7734,CP-AP-r001:S-P05-S04:GS09:p0003,8,0,0,0,0
7735,CP-AP-r001:S-P05-S04:GS09:p0004,8,0,0,0,0
7736,CP-AP-r001:S-P05-S04:GS09:p0005,7,0,0,0,0
7737,CP-AP-r001:S-P05-S04:GS09:p0006,7,0,0,0,0
7738,CP-AP-r001:S-P05-S04:GS09:p0007,10,0,0,0,0
7739,CP-AP-r001:S-P05-S04:GS09:p0008,8,0,0,0,0
7740,CP-AP-r001:S-P05-S04:GS09:p0009,7,0,0,0,0
7741,CP-AP-r001:S-P05-S04:GS09:p0010,7,0,0,0,0
7742,CP-AP-r001:S-P05-S04:GS09:p0011,9,0,0,0,0
7743,CP-AP-r001:S-P05-S04:GS09:p0012,9,0,0,0,0
7744,CP-AP-r001:S-P05-S04:GS10:p0001,8,0,0,0,0
7745,CP-AP-r001:S-P05-S04:GS10:p0002,7,0,0,0,0
7746,CP-AP-r001:S-P05-S04:GS10:p0003,8,0,0,0,0
7747,CP-AP-r001:S-P05-S04:GS10:p0004,8,0,0,0,0
7748,CP-AP-r001:S-P05-S04:GS10:p0005,7,0,0,0,0
7749,CP-AP-r001:S-P05-S04:GS10:p0006,8,0,0,0,0
7750,CP-AP-r001:S-P05-S04:GS10:p0007,8,0,0,0,0
7751,CP-AP-r001:S-P05-S04:GS10:p0008,8,0,0,0,0
7752,CP-AP-r001:S-P05-S04:GS10:p0009,8,0,0,0,0
7753,CP-AP-r001:S-P05-S04:GS10:p0010,8,0,0,0,0
7754,CP-AP-r001:S-P05-S04:GS10:p0011,8,0,0,0,0
7755,CP-AP-r001:S-P05-S04:GS10:p0012,8,0,0,0,0
7756,CP-AP-r001:S-P05-S04:GS11:p0001,10,0,0,0,0
7757,CP-AP-r001:S-P05-S04:GS11:p0002,8,0,0,0,0
7758,CP-AP-r001:S-P05-S04:GS11:p0003,8,0,0,0,0
7759,CP-AP-r001:S-P05-S04:GS11:p0004,8,0,0,0,0
7760,CP-AP-r001:S-P05-S04:GS11:p0005,10,0,0,0,0
7761,CP-AP-r001:S-P05-S04:GS11:p0006,8,0,0,0,0
7762,CP-AP-r001:S-P05-S04:GS11:p0007,5,0,0,0,0
7763,CP-AP-r001:S-P05-S04:GS11:p0008,8,0,0,0,0
7764,CP-AP-r001:S-P05-S04:GS11:p0009,8,0,0,0,0
7765,CP-AP-r001:S-P05-S04:GS11:p0010,9,0,0,0,0
7766,CP-AP-r001:S-P05-S04:GS11:p0011,8,0,0,0,0
7767,CP-AP-r001:S-P05-S04:GS11:p0012,6,0,0,0,0
7768,CP-AP-r001:S-P05-S04:GS11:p0013,8,0,0,0,0
7769,CP-AP-r001:S-P05-S04:GS11:p0014,8,0,0,0,0
7770,CP-AP-r001:S-P05-S04:GS12:p0001,10,0,0,0,0
7771,CP-AP-r001:S-P05-S04:GS12:p0002,7,0,0,0,0
7772,CP-AP-r001:S-P05-S04:GS12:p0003,6,0,0,0,0
7773,CP-AP-r001:S-P05-S04:GS12:p0004,7,0,0,0,0
7774,CP-AP-r001:S-P05-S04:GS12:p0005,6,0,0,0,0
7775,CP-AP-r001:S-P05-S04:GS12:p0006,10,0,0,0,0
7776,CP-AP-r001:S-P05-S04:GS12:p0007,8,0,0,0,0
7777,CP-AP-r001:S-P05-S04:GS12:p0008,7,0,0,0,0
7778,CP-AP-r001:S-P05-S04:GS12:p0009,8,0,0,0,0
7779,CP-AP-r001:S-P05-S04:GS12:p0010,6,0,0,0,0
7780,CP-AP-r001:S-P05-S04:GS12:p0011,10,0,0,0,0
7781,CP-AP-r001:S-P05-S04:GS12:p0012,8,0,0,0,0
7782,CP-AP-r001:S-P05-S04:GS12:p0013,8,0,0,0,0
7783,CP-AP-r001:S-P05-S04:GS12:p0014,8,0,0,0,0
7784,CP-AP-r001:S-P05-S05:GS01:p0001,8,0,0,0,0
7785,CP-AP-r001:S-P05-S05:GS01:p0002,6,0,0,0,0
7786,CP-AP-r001:S-P05-S05:GS01:p0003,6,0,0,0,0
7787,CP-AP-r001:S-P05-S05:GS01:p0004,7,0,0,0,0
7788,CP-AP-r001:S-P05-S05:GS01:p0005,6,0,0,0,0
7789,CP-AP-r001:S-P05-S05:GS01:p0006,5,0,0,0,0
7790,CP-AP-r001:S-P05-S05:GS01:p0007,6,0,0,0,0
7791,CP-AP-r001:S-P05-S05:GS01:p0008,7,0,0,0,0
7792,CP-AP-r001:S-P05-S05:GS01:p0009,7,0,0,0,0
7793,CP-AP-r001:S-P05-S05:GS01:p0010,7,0,0,0,0
7794,CP-AP-r001:S-P05-S05:GS01:p0011,6,0,0,0,0
7795,CP-AP-r001:S-P05-S05:GS01:p0012,7,0,0,0,0
7796,CP-AP-r001:S-P05-S05:GS02:p0001,7,0,0,0,0
7797,CP-AP-r001:S-P05-S05:GS02:p0002,7,0,0,0,0
7798,CP-AP-r001:S-P05-S05:GS02:p0003,6,0,0,0,0
7799,CP-AP-r001:S-P05-S05:GS02:p0004,8,0,0,0,0
7800,CP-AP-r001:S-P05-S05:GS02:p0005,7,0,0,0,0
7801,CP-AP-r001:S-P05-S05:GS02:p0006,7,0,0,0,0
7802,CP-AP-r001:S-P05-S05:GS02:p0007,6,0,0,0,0
7803,CP-AP-r001:S-P05-S05:GS02:p0008,7,0,0,0,0
7804,CP-AP-r001:S-P05-S05:GS02:p0009,8,0,0,0,0
7805,CP-AP-r001:S-P05-S05:GS02:p0010,7,0,0,0,0
7806,CP-AP-r001:S-P05-S05:GS02:p0011,6,0,0,0,0
7807,CP-AP-r001:S-P05-S05:GS02:p0012,7,0,0,0,0
7808,CP-AP-r001:S-P05-S05:GS03:p0001,7,0,0,0,0
7809,CP-AP-r001:S-P05-S05:GS03:p0002,7,0,0,0,0
7810,CP-AP-r001:S-P05-S05:GS03:p0003,7,0,0,0,0
7811,CP-AP-r001:S-P05-S05:GS03:p0004,7,0,0,0,0
7812,CP-AP-r001:S-P05-S05:GS03:p0005,7,0,0,0,0
7813,CP-AP-r001:S-P05-S05:GS03:p0006,6,0,0,0,0
7814,CP-AP-r001:S-P05-S05:GS03:p0007,7,0,0,0,0
7815,CP-AP-r001:S-P05-S05:GS03:p0008,7,0,0,0,0
7816,CP-AP-r001:S-P05-S05:GS03:p0009,7,0,0,0,0
7817,CP-AP-r001:S-P05-S05:GS03:p0010,5,0,0,0,0
7818,CP-AP-r001:S-P05-S05:GS03:p0011,6,0,0,0,0
7819,CP-AP-r001:S-P05-S05:GS04:p0001,7,0,0,0,0
7820,CP-AP-r001:S-P05-S05:GS04:p0002,4,0,0,0,0
7821,CP-AP-r001:S-P05-S05:GS04:p0003,6,0,0,0,0
7822,CP-AP-r001:S-P05-S05:GS04:p0004,8,0,0,0,0
7823,CP-AP-r001:S-P05-S05:GS04:p0005,8,0,0,0,0
7824,CP-AP-r001:S-P05-S05:GS04:p0006,5,0,0,0,0
7825,CP-AP-r001:S-P05-S05:GS04:p0007,5,0,0,0,0
7826,CP-AP-r001:S-P05-S05:GS04:p0008,7,0,0,0,0
7827,CP-AP-r001:S-P05-S05:GS04:p0009,6,0,0,0,0
7828,CP-AP-r001:S-P05-S05:GS04:p0010,8,0,0,0,0
7829,CP-AP-r001:S-P05-S05:GS04:p0011,6,0,0,0,0
7830,CP-AP-r001:S-P05-S05:GS04:p0012,7,0,0,0,0
7831,CP-AP-r001:S-P05-S05:GS05:p0001,6,0,0,0,0
7832,CP-AP-r001:S-P05-S05:GS05:p0002,5,0,0,0,0
7833,CP-AP-r001:S-P05-S05:GS05:p0003,6,0,0,0,0
7834,CP-AP-r001:S-P05-S05:GS05:p0004,7,0,0,0,0
7835,CP-AP-r001:S-P05-S05:GS05:p0005,7,0,0,0,0
7836,CP-AP-r001:S-P05-S05:GS05:p0006,7,0,0,0,0
7837,CP-AP-r001:S-P05-S05:GS05:p0007,6,0,0,0,0
7838,CP-AP-r001:S-P05-S05:GS05:p0008,7,0,0,0,0
7839,CP-AP-r001:S-P05-S05:GS05:p0009,7,0,0,0,0
7840,CP-AP-r001:S-P05-S05:GS05:p0010,6,0,0,0,0
7841,CP-AP-r001:S-P05-S05:GS05:p0011,7,0,0,0,0
7842,CP-AP-r001:S-P05-S05:GS06:p0001,7,0,0,0,0
7843,CP-AP-r001:S-P05-S05:GS06:p0002,7,0,0,0,0
7844,CP-AP-r001:S-P05-S05:GS06:p0003,6,0,0,0,0
7845,CP-AP-r001:S-P05-S05:GS06:p0004,7,0,0,0,0
7846,CP-AP-r001:S-P05-S05:GS06:p0005,8,0,0,0,0
7847,CP-AP-r001:S-P05-S05:GS06:p0006,7,0,0,0,0
7848,CP-AP-r001:S-P05-S05:GS06:p0007,6,0,0,0,0
7849,CP-AP-r001:S-P05-S05:GS06:p0008,7,0,0,0,0
7850,CP-AP-r001:S-P05-S05:GS06:p0009,8,0,0,0,0
7851,CP-AP-r001:S-P05-S05:GS06:p0010,6,0,0,0,0
7852,CP-AP-r001:S-P05-S05:GS06:p0011,6,0,0,0,0
7853,CP-AP-r001:S-P05-S05:GS06:p0012,7,0,0,0,0
7854,CP-AP-r001:S-P05-S05:GS07:p0001,8,0,0,0,0
7855,CP-AP-r001:S-P05-S05:GS07:p0002,8,0,0,0,0
7856,CP-AP-r001:S-P05-S05:GS07:p0003,7,0,0,0,0
7857,CP-AP-r001:S-P05-S05:GS07:p0004,7,0,0,0,0
7858,CP-AP-r001:S-P05-S05:GS07:p0005,8,0,0,0,0
7859,CP-AP-r001:S-P05-S05:GS07:p0006,9,0,0,0,0
7860,CP-AP-r001:S-P05-S05:GS07:p0007,7,0,0,0,0
7861,CP-AP-r001:S-P05-S05:GS07:p0008,6,0,0,0,0
7862,CP-AP-r001:S-P05-S05:GS07:p0009,7,0,0,0,0
7863,CP-AP-r001:S-P05-S05:GS07:p0010,8,0,0,0,0
7864,CP-AP-r001:S-P05-S05:GS07:p0011,7,0,0,0,0
7865,CP-AP-r001:S-P05-S05:GS07:p0012,9,0,0,0,0
7866,CP-AP-r001:S-P05-S05:GS07:p0013,7,0,0,0,0
7867,CP-AP-r001:S-P05-S05:GS07:p0014,8,0,0,0,0
7868,CP-AP-r001:S-P05-S05:GS08:p0001,10,0,0,0,0
7869,CP-AP-r001:S-P05-S05:GS08:p0002,8,0,0,0,0
7870,CP-AP-r001:S-P05-S05:GS08:p0003,5,0,0,0,0
7871,CP-AP-r001:S-P05-S05:GS08:p0004,8,0,0,0,0
7872,CP-AP-r001:S-P05-S05:GS08:p0005,9,0,0,0,0
7873,CP-AP-r001:S-P05-S05:GS08:p0006,9,0,0,0,0
7874,CP-AP-r001:S-P05-S05:GS08:p0007,8,0,0,0,0
7875,CP-AP-r001:S-P05-S05:GS08:p0008,8,0,0,0,0
7876,CP-AP-r001:S-P05-S05:GS08:p0009,8,0,0,0,0
7877,CP-AP-r001:S-P05-S05:GS08:p0010,7,0,0,0,0
7878,CP-AP-r001:S-P05-S05:GS08:p0011,8,0,0,0,0
7879,CP-AP-r001:S-P05-S05:GS08:p0012,8,0,0,0,0
7880,CP-AP-r001:S-P05-S05:GS08:p0013,8,0,0,0,0
7881,CP-AP-r001:S-P05-S05:GS09:p0001,9,0,0,0,0
7882,CP-AP-r001:S-P05-S05:GS09:p0002,8,0,0,0,0
7883,CP-AP-r001:S-P05-S05:GS09:p0003,8,0,0,0,0
7884,CP-AP-r001:S-P05-S05:GS09:p0004,9,0,0,0,0
7885,CP-AP-r001:S-P05-S05:GS09:p0005,10,0,0,0,0
7886,CP-AP-r001:S-P05-S05:GS09:p0006,8,0,0,0,0
7887,CP-AP-r001:S-P05-S05:GS09:p0007,7,0,0,0,0
7888,CP-AP-r001:S-P05-S05:GS09:p0008,7,0,0,0,0
7889,CP-AP-r001:S-P05-S05:GS09:p0009,10,0,0,0,0
7890,CP-AP-r001:S-P05-S05:GS09:p0010,8,0,0,0,0
7891,CP-AP-r001:S-P05-S05:GS09:p0011,7,0,0,0,0
7892,CP-AP-r001:S-P05-S05:GS09:p0012,7,0,0,0,0
7893,CP-AP-r001:S-P05-S05:GS09:p0013,8,0,0,0,0
7894,CP-AP-r001:S-P05-S05:GS10:p0001,8,0,0,0,0
7895,CP-AP-r001:S-P05-S05:GS10:p0002,10,0,0,0,0
7896,CP-AP-r001:S-P05-S05:GS10:p0003,7,0,0,0,0
7897,CP-AP-r001:S-P05-S05:GS10:p0004,7,0,0,0,0
7898,CP-AP-r001:S-P05-S05:GS10:p0005,8,0,0,0,0
7899,CP-AP-r001:S-P05-S05:GS10:p0006,9,0,0,0,0
7900,CP-AP-r001:S-P05-S05:GS10:p0007,7,0,0,0,0
7901,CP-AP-r001:S-P05-S05:GS10:p0008,7,0,0,0,0
7902,CP-AP-r001:S-P05-S05:GS10:p0009,8,0,0,0,0
7903,CP-AP-r001:S-P05-S05:GS10:p0010,8,0,0,0,0
7904,CP-AP-r001:S-P05-S05:GS10:p0011,8,0,0,0,0
7905,CP-AP-r001:S-P05-S05:GS10:p0012,8,0,0,0,0
7906,CP-AP-r001:S-P05-S05:GS11:p0001,7,0,0,0,0
7907,CP-AP-r001:S-P05-S05:GS11:p0002,7,0,0,0,0
7908,CP-AP-r001:S-P05-S05:GS11:p0003,7,0,0,0,0
7909,CP-AP-r001:S-P05-S05:GS11:p0004,7,0,0,0,0
7910,CP-AP-r001:S-P05-S05:GS11:p0005,9,0,0,0,0
7911,CP-AP-r001:S-P05-S05:GS11:p0006,7,0,0,0,0
7912,CP-AP-r001:S-P05-S05:GS11:p0007,8,0,0,0,0
7913,CP-AP-r001:S-P05-S05:GS11:p0008,7,0,0,0,0
7914,CP-AP-r001:S-P05-S05:GS11:p0009,8,0,0,0,0
7915,CP-AP-r001:S-P05-S05:GS11:p0010,8,0,0,0,0
7916,CP-AP-r001:S-P05-S05:GS11:p0011,9,0,0,0,0
7917,CP-AP-r001:S-P05-S05:GS11:p0012,7,0,0,0,0
7918,CP-AP-r001:S-P05-S05:GS11:p0013,8,0,0,0,0
7919,CP-AP-r001:S-P05-S05:GS12:p0001,10,0,0,0,0
7920,CP-AP-r001:S-P05-S05:GS12:p0002,8,0,0,0,0
7921,CP-AP-r001:S-P05-S05:GS12:p0003,8,0,0,0,0
7922,CP-AP-r001:S-P05-S05:GS12:p0004,7,0,0,0,0
7923,CP-AP-r001:S-P05-S05:GS12:p0005,8,0,0,0,0
7924,CP-AP-r001:S-P05-S05:GS12:p0006,8,0,0,0,0
7925,CP-AP-r001:S-P05-S05:GS12:p0007,8,0,0,0,0
7926,CP-AP-r001:S-P05-S05:GS12:p0008,8,0,0,0,0
7927,CP-AP-r001:S-P05-S05:GS12:p0009,8,0,0,0,0
7928,CP-AP-r001:S-P05-S05:GS12:p0010,8,0,0,0,0
7929,CP-AP-r001:S-P05-S05:GS12:p0011,7,0,0,0,0
7930,CP-AP-r001:S-P05-S05:GS12:p0012,7,0,0,0,0
7931,CP-AP-r001:S-P05-S05:GS12:p0013,8,0,0,0,0
7932,CP-AP-r001:S-P05-S06:GS01:p0001,8,0,0,0,0
7933,CP-AP-r001:S-P05-S06:GS01:p0002,6,0,0,0,0
7934,CP-AP-r001:S-P05-S06:GS01:p0003,7,0,0,0,0
7935,CP-AP-r001:S-P05-S06:GS01:p0004,6,0,0,0,0
7936,CP-AP-r001:S-P05-S06:GS01:p0005,6,0,0,0,0
7937,CP-AP-r001:S-P05-S06:GS01:p0006,4,0,0,0,0
7938,CP-AP-r001:S-P05-S06:GS01:p0007,7,0,0,0,0
7939,CP-AP-r001:S-P05-S06:GS01:p0008,6,0,0,0,0
7940,CP-AP-r001:S-P05-S06:GS01:p0009,6,0,0,0,0
7941,CP-AP-r001:S-P05-S06:GS01:p0010,6,0,0,0,0
7942,CP-AP-r001:S-P05-S06:GS01:p0011,7,0,0,0,0
7943,CP-AP-r001:S-P05-S06:GS01:p0012,6,0,0,0,0
7944,CP-AP-r001:S-P05-S06:GS02:p0001,6,0,0,0,0
7945,CP-AP-r001:S-P05-S06:GS02:p0002,6,0,0,0,0
7946,CP-AP-r001:S-P05-S06:GS02:p0003,6,0,0,0,0
7947,CP-AP-r001:S-P05-S06:GS02:p0004,6,0,0,0,0
7948,CP-AP-r001:S-P05-S06:GS02:p0005,6,0,0,0,0
7949,CP-AP-r001:S-P05-S06:GS02:p0006,6,0,0,0,0
7950,CP-AP-r001:S-P05-S06:GS02:p0007,7,0,0,0,0
7951,CP-AP-r001:S-P05-S06:GS02:p0008,6,0,0,0,0
7952,CP-AP-r001:S-P05-S06:GS02:p0009,7,0,0,0,0
7953,CP-AP-r001:S-P05-S06:GS02:p0010,6,0,0,0,0
7954,CP-AP-r001:S-P05-S06:GS02:p0011,7,0,0,0,0
7955,CP-AP-r001:S-P05-S06:GS02:p0012,6,0,0,0,0
7956,CP-AP-r001:S-P05-S06:GS03:p0001,6,0,0,0,0
7957,CP-AP-r001:S-P05-S06:GS03:p0002,6,0,0,0,0
7958,CP-AP-r001:S-P05-S06:GS03:p0003,7,0,0,0,0
7959,CP-AP-r001:S-P05-S06:GS03:p0004,6,0,0,0,0
7960,CP-AP-r001:S-P05-S06:GS03:p0005,6,0,0,0,0
7961,CP-AP-r001:S-P05-S06:GS03:p0006,7,0,0,0,0
7962,CP-AP-r001:S-P05-S06:GS03:p0007,6,0,0,0,0
7963,CP-AP-r001:S-P05-S06:GS03:p0008,6,0,0,0,0
7964,CP-AP-r001:S-P05-S06:GS03:p0009,6,0,0,0,0
7965,CP-AP-r001:S-P05-S06:GS03:p0010,6,0,0,0,0
7966,CP-AP-r001:S-P05-S06:GS03:p0011,4,0,0,0,0
7967,CP-AP-r001:S-P05-S06:GS04:p0001,6,0,0,0,0
7968,CP-AP-r001:S-P05-S06:GS04:p0002,6,0,0,0,0
7969,CP-AP-r001:S-P05-S06:GS04:p0003,8,0,0,0,0
7970,CP-AP-r001:S-P05-S06:GS04:p0004,7,0,0,0,0
7971,CP-AP-r001:S-P05-S06:GS04:p0005,6,0,0,0,0
7972,CP-AP-r001:S-P05-S06:GS04:p0006,5,0,0,0,0
7973,CP-AP-r001:S-P05-S06:GS04:p0007,5,0,0,0,0
7974,CP-AP-r001:S-P05-S06:GS04:p0008,8,0,0,0,0
7975,CP-AP-r001:S-P05-S06:GS04:p0009,5,0,0,0,0
7976,CP-AP-r001:S-P05-S06:GS04:p0010,6,0,0,0,0
7977,CP-AP-r001:S-P05-S06:GS04:p0011,7,0,0,0,0
7978,CP-AP-r001:S-P05-S06:GS05:p0001,6,0,0,0,0
7979,CP-AP-r001:S-P05-S06:GS05:p0002,4,0,0,0,0
7980,CP-AP-r001:S-P05-S06:GS05:p0003,7,0,0,0,0
7981,CP-AP-r001:S-P05-S06:GS05:p0004,6,0,0,0,0
7982,CP-AP-r001:S-P05-S06:GS05:p0005,7,0,0,0,0
7983,CP-AP-r001:S-P05-S06:GS05:p0006,6,0,0,0,0
7984,CP-AP-r001:S-P05-S06:GS05:p0007,7,0,0,0,0
7985,CP-AP-r001:S-P05-S06:GS05:p0008,6,0,0,0,0
7986,CP-AP-r001:S-P05-S06:GS05:p0009,6,0,0,0,0
7987,CP-AP-r001:S-P05-S06:GS05:p0010,7,0,0,0,0
7988,CP-AP-r001:S-P05-S06:GS05:p0011,6,0,0,0,0
7989,CP-AP-r001:S-P05-S06:GS06:p0001,6,0,0,0,0
7990,CP-AP-r001:S-P05-S06:GS06:p0002,6,0,0,0,0
7991,CP-AP-r001:S-P05-S06:GS06:p0003,7,0,0,0,0
7992,CP-AP-r001:S-P05-S06:GS06:p0004,6,0,0,0,0
7993,CP-AP-r001:S-P05-S06:GS06:p0005,7,0,0,0,0
7994,CP-AP-r001:S-P05-S06:GS06:p0006,6,0,0,0,0
7995,CP-AP-r001:S-P05-S06:GS06:p0007,7,0,0,0,0
7996,CP-AP-r001:S-P05-S06:GS06:p0008,6,0,0,0,0
7997,CP-AP-r001:S-P05-S06:GS06:p0009,8,0,0,0,0
7998,CP-AP-r001:S-P05-S06:GS06:p0010,6,0,0,0,0
7999,CP-AP-r001:S-P05-S06:GS06:p0011,7,0,0,0,0
8000,CP-AP-r001:S-P05-S06:GS06:p0012,6,0,0,0,0
8001,CP-AP-r001:S-P05-S06:GS07:p0001,10,0,0,0,0
8002,CP-AP-r001:S-P05-S06:GS07:p0002,8,0,0,0,0
8003,CP-AP-r001:S-P05-S06:GS07:p0003,5,0,0,0,0
8004,CP-AP-r001:S-P05-S06:GS07:p0004,8,0,0,0,0
8005,CP-AP-r001:S-P05-S06:GS07:p0005,8,0,0,0,0
8006,CP-AP-r001:S-P05-S06:GS07:p0006,8,0,0,0,0
8007,CP-AP-r001:S-P05-S06:GS07:p0007,5,0,0,0,0
8008,CP-AP-r001:S-P05-S06:GS07:p0008,8,0,0,0,0
8009,CP-AP-r001:S-P05-S06:GS07:p0009,8,0,0,0,0
8010,CP-AP-r001:S-P05-S06:GS07:p0010,7,0,0,0,0
8011,CP-AP-r001:S-P05-S06:GS07:p0011,8,0,0,0,0
8012,CP-AP-r001:S-P05-S06:GS07:p0012,8,0,0,0,0
8013,CP-AP-r001:S-P05-S06:GS07:p0013,8,0,0,0,0
8014,CP-AP-r001:S-P05-S06:GS08:p0001,10,0,0,0,0
8015,CP-AP-r001:S-P05-S06:GS08:p0002,8,0,0,0,0
8016,CP-AP-r001:S-P05-S06:GS08:p0003,7,0,0,0,0
8017,CP-AP-r001:S-P05-S06:GS08:p0004,8,0,0,0,0
8018,CP-AP-r001:S-P05-S06:GS08:p0005,7,0,0,0,0
8019,CP-AP-r001:S-P05-S06:GS08:p0006,10,0,0,0,0
8020,CP-AP-r001:S-P05-S06:GS08:p0007,8,0,0,0,0
8021,CP-AP-r001:S-P05-S06:GS08:p0008,8,0,0,0,0
8022,CP-AP-r001:S-P05-S06:GS08:p0009,8,0,0,0,0
8023,CP-AP-r001:S-P05-S06:GS08:p0010,8,0,0,0,0
8024,CP-AP-r001:S-P05-S06:GS08:p0011,8,0,0,0,0
8025,CP-AP-r001:S-P05-S06:GS08:p0012,7,0,0,0,0
8026,CP-AP-r001:S-P05-S06:GS08:p0013,8,0,0,0,0
8027,CP-AP-r001:S-P05-S06:GS08:p0014,9,0,0,0,0
8028,CP-AP-r001:S-P05-S06:GS09:p0001,7,0,0,0,0
8029,CP-AP-r001:S-P05-S06:GS09:p0002,7,0,0,0,0
8030,CP-AP-r001:S-P05-S06:GS09:p0003,9,0,0,0,0
8031,CP-AP-r001:S-P05-S06:GS09:p0004,9,0,0,0,0
8032,CP-AP-r001:S-P05-S06:GS09:p0005,10,0,0,0,0
8033,CP-AP-r001:S-P05-S06:GS09:p0006,7,0,0,0,0
8034,CP-AP-r001:S-P05-S06:GS09:p0007,8,0,0,0,0
8035,CP-AP-r001:S-P05-S06:GS09:p0008,7,0,0,0,0
8036,CP-AP-r001:S-P05-S06:GS09:p0009,11,0,0,0,0
8037,CP-AP-r001:S-P05-S06:GS09:p0010,8,0,0,0,0
8038,CP-AP-r001:S-P05-S06:GS09:p0011,8,0,0,0,0
8039,CP-AP-r001:S-P05-S06:GS09:p0012,7,0,0,0,0
8040,CP-AP-r001:S-P05-S06:GS09:p0013,5,0,0,0,0
8041,CP-AP-r001:S-P05-S06:GS10:p0001,8,0,0,0,0
8042,CP-AP-r001:S-P05-S06:GS10:p0002,8,0,0,0,0
8043,CP-AP-r001:S-P05-S06:GS10:p0003,8,0,0,0,0
8044,CP-AP-r001:S-P05-S06:GS10:p0004,8,0,0,0,0
8045,CP-AP-r001:S-P05-S06:GS10:p0005,7,0,0,0,0
8046,CP-AP-r001:S-P05-S06:GS10:p0006,7,0,0,0,0
8047,CP-AP-r001:S-P05-S06:GS10:p0007,9,0,0,0,0
8048,CP-AP-r001:S-P05-S06:GS10:p0008,8,0,0,0,0
8049,CP-AP-r001:S-P05-S06:GS10:p0009,7,0,0,0,0
8050,CP-AP-r001:S-P05-S06:GS10:p0010,7,0,0,0,0
8051,CP-AP-r001:S-P05-S06:GS10:p0011,9,0,0,0,0
8052,CP-AP-r001:S-P05-S06:GS10:p0012,8,0,0,0,0
8053,CP-AP-r001:S-P05-S06:GS11:p0001,9,0,0,0,0
8054,CP-AP-r001:S-P05-S06:GS11:p0002,8,0,0,0,0
8055,CP-AP-r001:S-P05-S06:GS11:p0003,6,0,0,0,0
8056,CP-AP-r001:S-P05-S06:GS11:p0004,8,0,0,0,0
8057,CP-AP-r001:S-P05-S06:GS11:p0005,8,0,0,0,0
8058,CP-AP-r001:S-P05-S06:GS11:p0006,7,0,0,0,0
8059,CP-AP-r001:S-P05-S06:GS11:p0007,8,0,0,0,0
8060,CP-AP-r001:S-P05-S06:GS11:p0008,8,0,0,0,0
8061,CP-AP-r001:S-P05-S06:GS11:p0009,8,0,0,0,0
8062,CP-AP-r001:S-P05-S06:GS11:p0010,8,0,0,0,0
8063,CP-AP-r001:S-P05-S06:GS11:p0011,9,0,0,0,0
8064,CP-AP-r001:S-P05-S06:GS11:p0012,8,0,0,0,0
8065,CP-AP-r001:S-P05-S06:GS11:p0013,8,0,0,0,0
8066,CP-AP-r001:S-P05-S06:GS12:p0001,10,0,0,0,0
8067,CP-AP-r001:S-P05-S06:GS12:p0002,8,0,0,0,0
8068,CP-AP-r001:S-P05-S06:GS12:p0003,8,0,0,0,0
8069,CP-AP-r001:S-P05-S06:GS12:p0004,7,0,0,0,0
8070,CP-AP-r001:S-P05-S06:GS12:p0005,9,0,0,0,0
8071,CP-AP-r001:S-P05-S06:GS12:p0006,8,0,0,0,0
8072,CP-AP-r001:S-P05-S06:GS12:p0007,8,0,0,0,0
8073,CP-AP-r001:S-P05-S06:GS12:p0008,8,0,0,0,0
8074,CP-AP-r001:S-P05-S06:GS12:p0009,10,0,0,0,0
8075,CP-AP-r001:S-P05-S06:GS12:p0010,8,0,0,0,0
8076,CP-AP-r001:S-P05-S06:GS12:p0011,5,0,0,0,0
8077,CP-AP-r001:S-P05-S06:GS12:p0012,8,0,0,0,0
8078,CP-AP-r001:S-P05-S06:GS12:p0013,8,0,0,0,0
8079,CP-AP-r001:S-P05-S07:GS01:p0001,7,0,0,0,0
8080,CP-AP-r001:S-P05-S07:GS01:p0002,7,0,0,0,0
8081,CP-AP-r001:S-P05-S07:GS01:p0003,6,0,0,0,0
8082,CP-AP-r001:S-P05-S07:GS01:p0004,7,0,0,0,0
8083,CP-AP-r001:S-P05-S07:GS01:p0005,7,0,0,0,0
8084,CP-AP-r001:S-P05-S07:GS01:p0006,6,0,0,0,0
8085,CP-AP-r001:S-P05-S07:GS01:p0007,7,0,0,0,0
8086,CP-AP-r001:S-P05-S07:GS01:p0008,7,0,0,0,0
8087,CP-AP-r001:S-P05-S07:GS01:p0009,4,0,0,0,0
8088,CP-AP-r001:S-P05-S07:GS01:p0010,5,0,0,0,0
8089,CP-AP-r001:S-P05-S07:GS01:p0011,8,0,0,0,0
8090,CP-AP-r001:S-P05-S07:GS02:p0001,8,0,0,0,0
8091,CP-AP-r001:S-P05-S07:GS02:p0002,7,0,0,0,0
8092,CP-AP-r001:S-P05-S07:GS02:p0003,6,0,0,0,0
8093,CP-AP-r001:S-P05-S07:GS02:p0004,7,0,0,0,0
8094,CP-AP-r001:S-P05-S07:GS02:p0005,7,0,0,0,0
8095,CP-AP-r001:S-P05-S07:GS02:p0006,6,0,0,0,0
8096,CP-AP-r001:S-P05-S07:GS02:p0007,6,0,0,0,0
8097,CP-AP-r001:S-P05-S07:GS02:p0008,7,0,0,0,0
8098,CP-AP-r001:S-P05-S07:GS02:p0009,7,0,0,0,0
8099,CP-AP-r001:S-P05-S07:GS02:p0010,5,0,0,0,0
8100,CP-AP-r001:S-P05-S07:GS02:p0011,6,0,0,0,0
8101,CP-AP-r001:S-P05-S07:GS02:p0012,7,0,0,0,0
8102,CP-AP-r001:S-P05-S07:GS03:p0001,7,0,0,0,0
8103,CP-AP-r001:S-P05-S07:GS03:p0002,7,0,0,0,0
8104,CP-AP-r001:S-P05-S07:GS03:p0003,5,0,0,0,0
8105,CP-AP-r001:S-P05-S07:GS03:p0004,6,0,0,0,0
8106,CP-AP-r001:S-P05-S07:GS03:p0005,7,0,0,0,0
8107,CP-AP-r001:S-P05-S07:GS03:p0006,7,0,0,0,0
8108,CP-AP-r001:S-P05-S07:GS03:p0007,6,0,0,0,0
8109,CP-AP-r001:S-P05-S07:GS03:p0008,7,0,0,0,0
8110,CP-AP-r001:S-P05-S07:GS03:p0009,7,0,0,0,0
8111,CP-AP-r001:S-P05-S07:GS03:p0010,7,0,0,0,0
8112,CP-AP-r001:S-P05-S07:GS03:p0011,6,0,0,0,0
8113,CP-AP-r001:S-P05-S07:GS03:p0012,7,0,0,0,0
8114,CP-AP-r001:S-P05-S07:GS04:p0001,5,0,0,0,0
8115,CP-AP-r001:S-P05-S07:GS04:p0002,8,0,0,0,0
8116,CP-AP-r001:S-P05-S07:GS04:p0003,6,0,0,0,0
8117,CP-AP-r001:S-P05-S07:GS04:p0004,7,0,0,0,0
8118,CP-AP-r001:S-P05-S07:GS04:p0005,7,0,0,0,0
8119,CP-AP-r001:S-P05-S07:GS04:p0006,7,0,0,0,0
8120,CP-AP-r001:S-P05-S07:GS04:p0007,7,0,0,0,0
8121,CP-AP-r001:S-P05-S07:GS04:p0008,7,0,0,0,0
8122,CP-AP-r001:S-P05-S07:GS04:p0009,7,0,0,0,0
8123,CP-AP-r001:S-P05-S07:GS04:p0010,6,0,0,0,0
8124,CP-AP-r001:S-P05-S07:GS04:p0011,7,0,0,0,0
8125,CP-AP-r001:S-P05-S07:GS05:p0001,7,0,0,0,0
8126,CP-AP-r001:S-P05-S07:GS05:p0002,6,0,0,0,0
8127,CP-AP-r001:S-P05-S07:GS05:p0003,7,0,0,0,0
8128,CP-AP-r001:S-P05-S07:GS05:p0004,7,0,0,0,0
8129,CP-AP-r001:S-P05-S07:GS05:p0005,4,0,0,0,0
8130,CP-AP-r001:S-P05-S07:GS05:p0006,6,0,0,0,0
8131,CP-AP-r001:S-P05-S07:GS05:p0007,8,0,0,0,0
8132,CP-AP-r001:S-P05-S07:GS05:p0008,7,0,0,0,0
8133,CP-AP-r001:S-P05-S07:GS05:p0009,6,0,0,0,0
8134,CP-AP-r001:S-P05-S07:GS05:p0010,5,0,0,0,0
8135,CP-AP-r001:S-P05-S07:GS05:p0011,8,0,0,0,0
8136,CP-AP-r001:S-P05-S07:GS06:p0001,8,0,0,0,0
8137,CP-AP-r001:S-P05-S07:GS06:p0002,6,0,0,0,0
8138,CP-AP-r001:S-P05-S07:GS06:p0003,6,0,0,0,0
8139,CP-AP-r001:S-P05-S07:GS06:p0004,7,0,0,0,0
8140,CP-AP-r001:S-P05-S07:GS06:p0005,6,0,0,0,0
8141,CP-AP-r001:S-P05-S07:GS06:p0006,5,0,0,0,0
8142,CP-AP-r001:S-P05-S07:GS06:p0007,6,0,0,0,0
8143,CP-AP-r001:S-P05-S07:GS06:p0008,7,0,0,0,0
8144,CP-AP-r001:S-P05-S07:GS06:p0009,7,0,0,0,0
8145,CP-AP-r001:S-P05-S07:GS06:p0010,7,0,0,0,0
8146,CP-AP-r001:S-P05-S07:GS06:p0011,6,0,0,0,0
8147,CP-AP-r001:S-P05-S07:GS06:p0012,7,0,0,0,0
8148,CP-AP-r001:S-P05-S07:GS07:p0001,7,0,0,0,0
8149,CP-AP-r001:S-P05-S07:GS07:p0002,8,0,0,0,0
8150,CP-AP-r001:S-P05-S07:GS07:p0003,7,0,0,0,0
8151,CP-AP-r001:S-P05-S07:GS07:p0004,8,0,0,0,0
8152,CP-AP-r001:S-P05-S07:GS07:p0005,9,0,0,0,0
8153,CP-AP-r001:S-P05-S07:GS07:p0006,9,0,0,0,0
8154,CP-AP-r001:S-P05-S07:GS07:p0007,7,0,0,0,0
8155,CP-AP-r001:S-P05-S07:GS07:p0008,8,0,0,0,0
8156,CP-AP-r001:S-P05-S07:GS07:p0009,8,0,0,0,0
8157,CP-AP-r001:S-P05-S07:GS07:p0010,9,0,0,0,0
8158,CP-AP-r001:S-P05-S07:GS07:p0011,7,0,0,0,0
8159,CP-AP-r001:S-P05-S07:GS07:p0012,7,0,0,0,0
8160,CP-AP-r001:S-P05-S07:GS08:p0001,7,0,0,0,0
8161,CP-AP-r001:S-P05-S07:GS08:p0002,8,0,0,0,0
8162,CP-AP-r001:S-P05-S07:GS08:p0003,8,0,0,0,0
8163,CP-AP-r001:S-P05-S07:GS08:p0004,8,0,0,0,0
8164,CP-AP-r001:S-P05-S07:GS08:p0005,8,0,0,0,0
8165,CP-AP-r001:S-P05-S07:GS08:p0006,8,0,0,0,0
8166,CP-AP-r001:S-P05-S07:GS08:p0007,7,0,0,0,0
8167,CP-AP-r001:S-P05-S07:GS08:p0008,7,0,0,0,0
8168,CP-AP-r001:S-P05-S07:GS08:p0009,8,0,0,0,0
8169,CP-AP-r001:S-P05-S07:GS08:p0010,7,0,0,0,0
8170,CP-AP-r001:S-P05-S07:GS08:p0011,7,0,0,0,0
8171,CP-AP-r001:S-P05-S07:GS08:p0012,7,0,0,0,0
8172,CP-AP-r001:S-P05-S07:GS08:p0013,7,0,0,0,0
8173,CP-AP-r001:S-P05-S07:GS09:p0001,10,0,0,0,0
8174,CP-AP-r001:S-P05-S07:GS09:p0002,8,0,0,0,0
8175,CP-AP-r001:S-P05-S07:GS09:p0003,6,0,0,0,0
8176,CP-AP-r001:S-P05-S07:GS09:p0004,7,0,0,0,0
8177,CP-AP-r001:S-P05-S07:GS09:p0005,8,0,0,0,0
8178,CP-AP-r001:S-P05-S07:GS09:p0006,10,0,0,0,0
8179,CP-AP-r001:S-P05-S07:GS09:p0007,8,0,0,0,0
8180,CP-AP-r001:S-P05-S07:GS09:p0008,6,0,0,0,0
8181,CP-AP-r001:S-P05-S07:GS09:p0009,8,0,0,0,0
8182,CP-AP-r001:S-P05-S07:GS09:p0010,7,0,0,0,0
8183,CP-AP-r001:S-P05-S07:GS09:p0011,9,0,0,0,0
8184,CP-AP-r001:S-P05-S07:GS09:p0012,8,0,0,0,0
8185,CP-AP-r001:S-P05-S07:GS09:p0013,8,0,0,0,0
8186,CP-AP-r001:S-P05-S07:GS09:p0014,8,0,0,0,0
8187,CP-AP-r001:S-P05-S07:GS10:p0001,8,0,0,0,0
8188,CP-AP-r001:S-P05-S07:GS10:p0002,8,0,0,0,0
8189,CP-AP-r001:S-P05-S07:GS10:p0003,8,0,0,0,0
8190,CP-AP-r001:S-P05-S07:GS10:p0004,8,0,0,0,0
8191,CP-AP-r001:S-P05-S07:GS10:p0005,8,0,0,0,0
8192,CP-AP-r001:S-P05-S07:GS10:p0006,8,0,0,0,0
8193,CP-AP-r001:S-P05-S07:GS10:p0007,8,0,0,0,0
8194,CP-AP-r001:S-P05-S07:GS10:p0008,9,0,0,0,0
8195,CP-AP-r001:S-P05-S07:GS10:p0009,11,0,0,0,0
8196,CP-AP-r001:S-P05-S07:GS10:p0010,8,0,0,0,0
8197,CP-AP-r001:S-P05-S07:GS10:p0011,6,0,0,0,0
8198,CP-AP-r001:S-P05-S07:GS10:p0012,7,0,0,0,0
8199,CP-AP-r001:S-P05-S07:GS11:p0001,7,0,0,0,0
8200,CP-AP-r001:S-P05-S07:GS11:p0002,9,0,0,0,0
8201,CP-AP-r001:S-P05-S07:GS11:p0003,7,0,0,0,0
8202,CP-AP-r001:S-P05-S07:GS11:p0004,8,0,0,0,0
8203,CP-AP-r001:S-P05-S07:GS11:p0005,8,0,0,0,0
8204,CP-AP-r001:S-P05-S07:GS11:p0006,10,0,0,0,0
8205,CP-AP-r001:S-P05-S07:GS11:p0007,7,0,0,0,0
8206,CP-AP-r001:S-P05-S07:GS11:p0008,7,0,0,0,0
8207,CP-AP-r001:S-P05-S07:GS11:p0009,8,0,0,0,0
8208,CP-AP-r001:S-P05-S07:GS11:p0010,8,0,0,0,0
8209,CP-AP-r001:S-P05-S07:GS11:p0011,7,0,0,0,0
8210,CP-AP-r001:S-P05-S07:GS11:p0012,8,0,0,0,0
8211,CP-AP-r001:S-P05-S07:GS12:p0001,8,0,0,0,0
8212,CP-AP-r001:S-P05-S07:GS12:p0002,8,0,0,0,0
8213,CP-AP-r001:S-P05-S07:GS12:p0003,7,0,0,0,0
8214,CP-AP-r001:S-P05-S07:GS12:p0004,7,0,0,0,0
8215,CP-AP-r001:S-P05-S07:GS12:p0005,8,0,0,0,0
8216,CP-AP-r001:S-P05-S07:GS12:p0006,8,0,0,0,0
8217,CP-AP-r001:S-P05-S07:GS12:p0007,7,0,0,0,0
8218,CP-AP-r001:S-P05-S07:GS12:p0008,6,0,0,0,0
8219,CP-AP-r001:S-P05-S07:GS12:p0009,7,0,0,0,0
8220,CP-AP-r001:S-P05-S07:GS12:p0010,8,0,0,0,0
8221,CP-AP-r001:S-P05-S07:GS12:p0011,7,0,0,0,0
8222,CP-AP-r001:S-P05-S07:GS12:p0012,9,0,0,0,0
8223,CP-AP-r001:S-P05-S07:GS12:p0013,7,0,0,0,0
8224,CP-AP-r001:S-P05-S07:GS12:p0014,8,0,0,0,0
8225,CP-AP-r001:S-P05-S08:GS01:p0001,7,0,0,0,0
8226,CP-AP-r001:S-P05-S08:GS01:p0002,6,0,0,0,0
8227,CP-AP-r001:S-P05-S08:GS01:p0003,7,0,0,0,0
8228,CP-AP-r001:S-P05-S08:GS01:p0004,6,0,0,0,0
8229,CP-AP-r001:S-P05-S08:GS01:p0005,6,0,0,0,0
8230,CP-AP-r001:S-P05-S08:GS01:p0006,7,0,0,0,0
8231,CP-AP-r001:S-P05-S08:GS01:p0007,6,0,0,0,0
8232,CP-AP-r001:S-P05-S08:GS01:p0008,6,0,0,0,0
8233,CP-AP-r001:S-P05-S08:GS01:p0009,5,0,0,0,0
8234,CP-AP-r001:S-P05-S08:GS01:p0010,5,0,0,0,0
8235,CP-AP-r001:S-P05-S08:GS01:p0011,7,0,0,0,0
8236,CP-AP-r001:S-P05-S08:GS02:p0001,7,0,0,0,0
8237,CP-AP-r001:S-P05-S08:GS02:p0002,6,0,0,0,0
8238,CP-AP-r001:S-P05-S08:GS02:p0003,7,0,0,0,0
8239,CP-AP-r001:S-P05-S08:GS02:p0004,6,0,0,0,0
8240,CP-AP-r001:S-P05-S08:GS02:p0005,7,0,0,0,0
8241,CP-AP-r001:S-P05-S08:GS02:p0006,6,0,0,0,0
8242,CP-AP-r001:S-P05-S08:GS02:p0007,7,0,0,0,0
8243,CP-AP-r001:S-P05-S08:GS02:p0008,6,0,0,0,0
8244,CP-AP-r001:S-P05-S08:GS02:p0009,7,0,0,0,0
8245,CP-AP-r001:S-P05-S08:GS02:p0010,4,0,0,0,0
8246,CP-AP-r001:S-P05-S08:GS02:p0011,7,0,0,0,0
8247,CP-AP-r001:S-P05-S08:GS02:p0012,6,0,0,0,0
8248,CP-AP-r001:S-P05-S08:GS03:p0001,6,0,0,0,0
8249,CP-AP-r001:S-P05-S08:GS03:p0002,6,0,0,0,0
8250,CP-AP-r001:S-P05-S08:GS03:p0003,6,0,0,0,0
8251,CP-AP-r001:S-P05-S08:GS03:p0004,4,0,0,0,0
8252,CP-AP-r001:S-P05-S08:GS03:p0005,6,0,0,0,0
8253,CP-AP-r001:S-P05-S08:GS03:p0006,6,0,0,0,0
8254,CP-AP-r001:S-P05-S08:GS03:p0007,6,0,0,0,0
8255,CP-AP-r001:S-P05-S08:GS03:p0008,6,0,0,0,0
8256,CP-AP-r001:S-P05-S08:GS03:p0009,6,0,0,0,0
8257,CP-AP-r001:S-P05-S08:GS03:p0010,6,0,0,0,0
8258,CP-AP-r001:S-P05-S08:GS03:p0011,7,0,0,0,0
8259,CP-AP-r001:S-P05-S08:GS03:p0012,6,0,0,0,0
8260,CP-AP-r001:S-P05-S08:GS04:p0001,4,0,0,0,0
8261,CP-AP-r001:S-P05-S08:GS04:p0002,6,0,0,0,0
8262,CP-AP-r001:S-P05-S08:GS04:p0003,4,0,0,0,0
8263,CP-AP-r001:S-P05-S08:GS04:p0004,7,0,0,0,0
8264,CP-AP-r001:S-P05-S08:GS04:p0005,6,0,0,0,0
8265,CP-AP-r001:S-P05-S08:GS04:p0006,6,0,0,0,0
8266,CP-AP-r001:S-P05-S08:GS04:p0007,7,0,0,0,0
8267,CP-AP-r001:S-P05-S08:GS04:p0008,6,0,0,0,0
8268,CP-AP-r001:S-P05-S08:GS04:p0009,6,0,0,0,0
8269,CP-AP-r001:S-P05-S08:GS04:p0010,6,0,0,0,0
8270,CP-AP-r001:S-P05-S08:GS04:p0011,7,0,0,0,0
8271,CP-AP-r001:S-P05-S08:GS04:p0012,4,0,0,0,0
8272,CP-AP-r001:S-P05-S08:GS05:p0001,6,0,0,0,0
8273,CP-AP-r001:S-P05-S08:GS05:p0002,7,0,0,0,0
8274,CP-AP-r001:S-P05-S08:GS05:p0003,6,0,0,0,0
8275,CP-AP-r001:S-P05-S08:GS05:p0004,6,0,0,0,0
8276,CP-AP-r001:S-P05-S08:GS05:p0005,6,0,0,0,0
8277,CP-AP-r001:S-P05-S08:GS05:p0006,7,0,0,0,0
8278,CP-AP-r001:S-P05-S08:GS05:p0007,7,0,0,0,0
8279,CP-AP-r001:S-P05-S08:GS05:p0008,5,0,0,0,0
8280,CP-AP-r001:S-P05-S08:GS05:p0009,5,0,0,0,0
8281,CP-AP-r001:S-P05-S08:GS05:p0010,4,0,0,0,0
8282,CP-AP-r001:S-P05-S08:GS05:p0011,7,0,0,0,0
8283,CP-AP-r001:S-P05-S08:GS06:p0001,8,0,0,0,0
8284,CP-AP-r001:S-P05-S08:GS06:p0002,6,0,0,0,0
8285,CP-AP-r001:S-P05-S08:GS06:p0003,7,0,0,0,0
8286,CP-AP-r001:S-P05-S08:GS06:p0004,6,0,0,0,0
8287,CP-AP-r001:S-P05-S08:GS06:p0005,6,0,0,0,0
8288,CP-AP-r001:S-P05-S08:GS06:p0006,4,0,0,0,0
8289,CP-AP-r001:S-P05-S08:GS06:p0007,7,0,0,0,0
8290,CP-AP-r001:S-P05-S08:GS06:p0008,6,0,0,0,0
8291,CP-AP-r001:S-P05-S08:GS06:p0009,7,0,0,0,0
8292,CP-AP-r001:S-P05-S08:GS06:p0010,6,0,0,0,0
8293,CP-AP-r001:S-P05-S08:GS06:p0011,7,0,0,0,0
8294,CP-AP-r001:S-P05-S08:GS06:p0012,6,0,0,0,0
8295,CP-AP-r001:S-P05-S08:GS07:p0001,7,0,0,0,0
8296,CP-AP-r001:S-P05-S08:GS07:p0002,8,0,0,0,0
8297,CP-AP-r001:S-P05-S08:GS07:p0003,8,0,0,0,0
8298,CP-AP-r001:S-P05-S08:GS07:p0004,8,0,0,0,0
8299,CP-AP-r001:S-P05-S08:GS07:p0005,9,0,0,0,0
8300,CP-AP-r001:S-P05-S08:GS07:p0006,8,0,0,0,0
8301,CP-AP-r001:S-P05-S08:GS07:p0007,8,0,0,0,0
8302,CP-AP-r001:S-P05-S08:GS07:p0008,9,0,0,0,0
8303,CP-AP-r001:S-P05-S08:GS07:p0009,8,0,0,0,0
8304,CP-AP-r001:S-P05-S08:GS07:p0010,7,0,0,0,0
8305,CP-AP-r001:S-P05-S08:GS07:p0011,8,0,0,0,0
8306,CP-AP-r001:S-P05-S08:GS07:p0012,8,0,0,0,0
8307,CP-AP-r001:S-P05-S08:GS08:p0001,8,0,0,0,0
8308,CP-AP-r001:S-P05-S08:GS08:p0002,8,0,0,0,0
8309,CP-AP-r001:S-P05-S08:GS08:p0003,8,0,0,0,0
8310,CP-AP-r001:S-P05-S08:GS08:p0004,8,0,0,0,0
8311,CP-AP-r001:S-P05-S08:GS08:p0005,9,0,0,0,0
8312,CP-AP-r001:S-P05-S08:GS08:p0006,8,0,0,0,0
8313,CP-AP-r001:S-P05-S08:GS08:p0007,5,0,0,0,0
8314,CP-AP-r001:S-P05-S08:GS08:p0008,8,0,0,0,0
8315,CP-AP-r001:S-P05-S08:GS08:p0009,8,0,0,0,0
8316,CP-AP-r001:S-P05-S08:GS08:p0010,8,0,0,0,0
8317,CP-AP-r001:S-P05-S08:GS08:p0011,6,0,0,0,0
8318,CP-AP-r001:S-P05-S08:GS08:p0012,8,0,0,0,0
8319,CP-AP-r001:S-P05-S08:GS08:p0013,8,0,0,0,0
8320,CP-AP-r001:S-P05-S08:GS09:p0001,10,0,0,0,0
8321,CP-AP-r001:S-P05-S08:GS09:p0002,8,0,0,0,0
8322,CP-AP-r001:S-P05-S08:GS09:p0003,7,0,0,0,0
8323,CP-AP-r001:S-P05-S08:GS09:p0004,7,0,0,0,0
8324,CP-AP-r001:S-P05-S08:GS09:p0005,4,0,0,0,0
8325,CP-AP-r001:S-P05-S08:GS09:p0006,10,0,0,0,0
8326,CP-AP-r001:S-P05-S08:GS09:p0007,8,0,0,0,0
8327,CP-AP-r001:S-P05-S08:GS09:p0008,7,0,0,0,0
8328,CP-AP-r001:S-P05-S08:GS09:p0009,8,0,0,0,0
8329,CP-AP-r001:S-P05-S08:GS09:p0010,5,0,0,0,0
8330,CP-AP-r001:S-P05-S08:GS09:p0011,10,0,0,0,0
8331,CP-AP-r001:S-P05-S08:GS09:p0012,8,0,0,0,0
8332,CP-AP-r001:S-P05-S08:GS09:p0013,8,0,0,0,0
8333,CP-AP-r001:S-P05-S08:GS09:p0014,8,0,0,0,0
8334,CP-AP-r001:S-P05-S08:GS10:p0001,7,0,0,0,0
8335,CP-AP-r001:S-P05-S08:GS10:p0002,7,0,0,0,0
8336,CP-AP-r001:S-P05-S08:GS10:p0003,10,0,0,0,0
8337,CP-AP-r001:S-P05-S08:GS10:p0004,8,0,0,0,0
8338,CP-AP-r001:S-P05-S08:GS10:p0005,7,0,0,0,0
8339,CP-AP-r001:S-P05-S08:GS10:p0006,7,0,0,0,0
8340,CP-AP-r001:S-P05-S08:GS10:p0007,9,0,0,0,0
8341,CP-AP-r001:S-P05-S08:GS10:p0008,9,0,0,0,0
8342,CP-AP-r001:S-P05-S08:GS10:p0009,11,0,0,0,0
8343,CP-AP-r001:S-P05-S08:GS10:p0010,7,0,0,0,0
8344,CP-AP-r001:S-P05-S08:GS10:p0011,7,0,0,0,0
8345,CP-AP-r001:S-P05-S08:GS10:p0012,7,0,0,0,0
8346,CP-AP-r001:S-P05-S08:GS11:p0001,7,0,0,0,0
8347,CP-AP-r001:S-P05-S08:GS11:p0002,8,0,0,0,0
8348,CP-AP-r001:S-P05-S08:GS11:p0003,8,0,0,0,0
8349,CP-AP-r001:S-P05-S08:GS11:p0004,8,0,0,0,0
8350,CP-AP-r001:S-P05-S08:GS11:p0005,8,0,0,0,0
8351,CP-AP-r001:S-P05-S08:GS11:p0006,8,0,0,0,0
8352,CP-AP-r001:S-P05-S08:GS11:p0007,8,0,0,0,0
8353,CP-AP-r001:S-P05-S08:GS11:p0008,8,0,0,0,0
8354,CP-AP-r001:S-P05-S08:GS11:p0009,7,0,0,0,0
8355,CP-AP-r001:S-P05-S08:GS11:p0010,7,0,0,0,0
8356,CP-AP-r001:S-P05-S08:GS11:p0011,9,0,0,0,0
8357,CP-AP-r001:S-P05-S08:GS11:p0012,8,0,0,0,0
8358,CP-AP-r001:S-P05-S08:GS12:p0001,10,0,0,0,0
8359,CP-AP-r001:S-P05-S08:GS12:p0002,8,0,0,0,0
8360,CP-AP-r001:S-P05-S08:GS12:p0003,5,0,0,0,0
8361,CP-AP-r001:S-P05-S08:GS12:p0004,8,0,0,0,0
8362,CP-AP-r001:S-P05-S08:GS12:p0005,8,0,0,0,0
8363,CP-AP-r001:S-P05-S08:GS12:p0006,8,0,0,0,0
8364,CP-AP-r001:S-P05-S08:GS12:p0007,5,0,0,0,0
8365,CP-AP-r001:S-P05-S08:GS12:p0008,8,0,0,0,0
8366,CP-AP-r001:S-P05-S08:GS12:p0009,8,0,0,0,0
8367,CP-AP-r001:S-P05-S08:GS12:p0010,7,0,0,0,0
8368,CP-AP-r001:S-P05-S08:GS12:p0011,8,0,0,0,0
8369,CP-AP-r001:S-P05-S08:GS12:p0012,8,0,0,0,0
8370,CP-AP-r001:S-P05-S08:GS12:p0013,8,0,0,0,0
8371,CP-AP-r001:S-P05-S09:GS01:p0001,7,0,0,0,0
8372,CP-AP-r001:S-P05-S09:GS01:p0002,4,0,0,0,0
8373,CP-AP-r001:S-P05-S09:GS01:p0003,5,0,0,0,0
8374,CP-AP-r001:S-P05-S09:GS01:p0004,8,0,0,0,0
8375,CP-AP-r001:S-P05-S09:GS01:p0005,6,0,0,0,0
8376,CP-AP-r001:S-P05-S09:GS01:p0006,6,0,0,0,0
8377,CP-AP-r001:S-P05-S09:GS01:p0007,6,0,0,0,0
8378,CP-AP-r001:S-P05-S09:GS01:p0008,7,0,0,0,0
8379,CP-AP-r001:S-P05-S09:GS01:p0009,7,0,0,0,0
8380,CP-AP-r001:S-P05-S09:GS01:p0010,7,0,0,0,0
8381,CP-AP-r001:S-P05-S09:GS01:p0011,7,0,0,0,0
8382,CP-AP-r001:S-P05-S09:GS02:p0001,6,0,0,0,0
8383,CP-AP-r001:S-P05-S09:GS02:p0002,5,0,0,0,0
8384,CP-AP-r001:S-P05-S09:GS02:p0003,6,0,0,0,0
8385,CP-AP-r001:S-P05-S09:GS02:p0004,7,0,0,0,0
8386,CP-AP-r001:S-P05-S09:GS02:p0005,7,0,0,0,0
8387,CP-AP-r001:S-P05-S09:GS02:p0006,7,0,0,0,0
8388,CP-AP-r001:S-P05-S09:GS02:p0007,6,0,0,0,0
8389,CP-AP-r001:S-P05-S09:GS02:p0008,7,0,0,0,0
8390,CP-AP-r001:S-P05-S09:GS02:p0009,7,0,0,0,0
8391,CP-AP-r001:S-P05-S09:GS02:p0010,5,0,0,0,0
8392,CP-AP-r001:S-P05-S09:GS02:p0011,6,0,0,0,0
8393,CP-AP-r001:S-P05-S09:GS02:p0012,7,0,0,0,0
8394,CP-AP-r001:S-P05-S09:GS03:p0001,7,0,0,0,0
8395,CP-AP-r001:S-P05-S09:GS03:p0002,7,0,0,0,0
8396,CP-AP-r001:S-P05-S09:GS03:p0003,6,0,0,0,0
8397,CP-AP-r001:S-P05-S09:GS03:p0004,7,0,0,0,0
8398,CP-AP-r001:S-P05-S09:GS03:p0005,8,0,0,0,0
8399,CP-AP-r001:S-P05-S09:GS03:p0006,6,0,0,0,0
8400,CP-AP-r001:S-P05-S09:GS03:p0007,6,0,0,0,0
8401,CP-AP-r001:S-P05-S09:GS03:p0008,7,0,0,0,0
8402,CP-AP-r001:S-P05-S09:GS03:p0009,6,0,0,0,0
8403,CP-AP-r001:S-P05-S09:GS03:p0010,6,0,0,0,0
8404,CP-AP-r001:S-P05-S09:GS03:p0011,6,0,0,0,0
8405,CP-AP-r001:S-P05-S09:GS03:p0012,7,0,0,0,0
8406,CP-AP-r001:S-P05-S09:GS04:p0001,7,0,0,0,0
8407,CP-AP-r001:S-P05-S09:GS04:p0002,7,0,0,0,0
8408,CP-AP-r001:S-P05-S09:GS04:p0003,6,0,0,0,0
8409,CP-AP-r001:S-P05-S09:GS04:p0004,7,0,0,0,0
8410,CP-AP-r001:S-P05-S09:GS04:p0005,7,0,0,0,0
8411,CP-AP-r001:S-P05-S09:GS04:p0006,7,0,0,0,0
8412,CP-AP-r001:S-P05-S09:GS04:p0007,5,0,0,0,0
8413,CP-AP-r001:S-P05-S09:GS04:p0008,7,0,0,0,0
8414,CP-AP-r001:S-P05-S09:GS04:p0009,7,0,0,0,0
8415,CP-AP-r001:S-P05-S09:GS04:p0010,7,0,0,0,0
8416,CP-AP-r001:S-P05-S09:GS04:p0011,6,0,0,0,0
8417,CP-AP-r001:S-P05-S09:GS04:p0012,7,0,0,0,0
8418,CP-AP-r001:S-P05-S09:GS05:p0001,7,0,0,0,0
8419,CP-AP-r001:S-P05-S09:GS05:p0002,5,0,0,0,0
8420,CP-AP-r001:S-P05-S09:GS05:p0003,5,0,0,0,0
8421,CP-AP-r001:S-P05-S09:GS05:p0004,7,0,0,0,0
8422,CP-AP-r001:S-P05-S09:GS05:p0005,7,0,0,0,0
8423,CP-AP-r001:S-P05-S09:GS05:p0006,8,0,0,0,0
8424,CP-AP-r001:S-P05-S09:GS05:p0007,7,0,0,0,0
8425,CP-AP-r001:S-P05-S09:GS05:p0008,7,0,0,0,0
8426,CP-AP-r001:S-P05-S09:GS05:p0009,7,0,0,0,0
8427,CP-AP-r001:S-P05-S09:GS05:p0010,7,0,0,0,0
8428,CP-AP-r001:S-P05-S09:GS05:p0011,7,0,0,0,0
8429,CP-AP-r001:S-P05-S09:GS05:p0012,6,0,0,0,0
8430,CP-AP-r001:S-P05-S09:GS06:p0001,7,0,0,0,0
8431,CP-AP-r001:S-P05-S09:GS06:p0002,7,0,0,0,0
8432,CP-AP-r001:S-P05-S09:GS06:p0003,6,0,0,0,0
8433,CP-AP-r001:S-P05-S09:GS06:p0004,7,0,0,0,0
8434,CP-AP-r001:S-P05-S09:GS06:p0005,7,0,0,0,0
8435,CP-AP-r001:S-P05-S09:GS06:p0006,6,0,0,0,0
8436,CP-AP-r001:S-P05-S09:GS06:p0007,7,0,0,0,0
8437,CP-AP-r001:S-P05-S09:GS06:p0008,7,0,0,0,0
8438,CP-AP-r001:S-P05-S09:GS06:p0009,4,0,0,0,0
8439,CP-AP-r001:S-P05-S09:GS06:p0010,5,0,0,0,0
8440,CP-AP-r001:S-P05-S09:GS06:p0011,8,0,0,0,0
8441,CP-AP-r001:S-P05-S09:GS07:p0001,8,0,0,0,0
8442,CP-AP-r001:S-P05-S09:GS07:p0002,10,0,0,0,0
8443,CP-AP-r001:S-P05-S09:GS07:p0003,7,0,0,0,0
8444,CP-AP-r001:S-P05-S09:GS07:p0004,7,0,0,0,0
8445,CP-AP-r001:S-P05-S09:GS07:p0005,8,0,0,0,0
8446,CP-AP-r001:S-P05-S09:GS07:p0006,8,0,0,0,0
8447,CP-AP-r001:S-P05-S09:GS07:p0007,7,0,0,0,0
8448,CP-AP-r001:S-P05-S09:GS07:p0008,8,0,0,0,0
8449,CP-AP-r001:S-P05-S09:GS07:p0009,8,0,0,0,0
8450,CP-AP-r001:S-P05-S09:GS07:p0010,8,0,0,0,0
8451,CP-AP-r001:S-P05-S09:GS07:p0011,8,0,0,0,0
8452,CP-AP-r001:S-P05-S09:GS07:p0012,9,0,0,0,0
8453,CP-AP-r001:S-P05-S09:GS08:p0001,7,0,0,0,0
8454,CP-AP-r001:S-P05-S09:GS08:p0002,6,0,0,0,0
8455,CP-AP-r001:S-P05-S09:GS08:p0003,7,0,0,0,0
8456,CP-AP-r001:S-P05-S09:GS08:p0004,8,0,0,0,0
8457,CP-AP-r001:S-P05-S09:GS08:p0005,7,0,0,0,0
8458,CP-AP-r001:S-P05-S09:GS08:p0006,9,0,0,0,0
8459,CP-AP-r001:S-P05-S09:GS08:p0007,7,0,0,0,0
8460,CP-AP-r001:S-P05-S09:GS08:p0008,8,0,0,0,0
8461,CP-AP-r001:S-P05-S09:GS08:p0009,9,0,0,0,0
8462,CP-AP-r001:S-P05-S09:GS08:p0010,9,0,0,0,0
8463,CP-AP-r001:S-P05-S09:GS08:p0011,7,0,0,0,0
8464,CP-AP-r001:S-P05-S09:GS08:p0012,7,0,0,0,0
8465,CP-AP-r001:S-P05-S09:GS09:p0001,9,0,0,0,0
8466,CP-AP-r001:S-P05-S09:GS09:p0002,8,0,0,0,0
8467,CP-AP-r001:S-P05-S09:GS09:p0003,8,0,0,0,0
8468,CP-AP-r001:S-P05-S09:GS09:p0004,8,0,0,0,0
8469,CP-AP-r001:S-P05-S09:GS09:p0005,8,0,0,0,0
8470,CP-AP-r001:S-P05-S09:GS09:p0006,8,0,0,0,0
8471,CP-AP-r001:S-P05-S09:GS09:p0007,7,0,0,0,0
8472,CP-AP-r001:S-P05-S09:GS09:p0008,8,0,0,0,0
8473,CP-AP-r001:S-P05-S09:GS09:p0009,8,0,0,0,0
8474,CP-AP-r001:S-P05-S09:GS09:p0010,7,0,0,0,0
8475,CP-AP-r001:S-P05-S09:GS09:p0011,7,0,0,0,0
8476,CP-AP-r001:S-P05-S09:GS09:p0012,7,0,0,0,0
8477,CP-AP-r001:S-P05-S09:GS09:p0013,7,0,0,0,0
8478,CP-AP-r001:S-P05-S09:GS09:p0014,8,0,0,0,0
8479,CP-AP-r001:S-P05-S09:GS10:p0001,10,0,0,0,0
8480,CP-AP-r001:S-P05-S09:GS10:p0002,8,0,0,0,0
8481,CP-AP-r001:S-P05-S09:GS10:p0003,6,0,0,0,0
8482,CP-AP-r001:S-P05-S09:GS10:p0004,7,0,0,0,0
8483,CP-AP-r001:S-P05-S09:GS10:p0005,10,0,0,0,0
8484,CP-AP-r001:S-P05-S09:GS10:p0006,8,0,0,0,0
8485,CP-AP-r001:S-P05-S09:GS10:p0007,7,0,0,0,0
8486,CP-AP-r001:S-P05-S09:GS10:p0008,7,0,0,0,0
8487,CP-AP-r001:S-P05-S09:GS10:p0009,8,0,0,0,0
8488,CP-AP-r001:S-P05-S09:GS10:p0010,10,0,0,0,0
8489,CP-AP-r001:S-P05-S09:GS10:p0011,8,0,0,0,0
8490,CP-AP-r001:S-P05-S09:GS10:p0012,7,0,0,0,0
8491,CP-AP-r001:S-P05-S09:GS10:p0013,8,0,0,0,0
8492,CP-AP-r001:S-P05-S09:GS10:p0014,6,0,0,0,0
8493,CP-AP-r001:S-P05-S09:GS11:p0001,8,0,0,0,0
8494,CP-AP-r001:S-P05-S09:GS11:p0002,8,0,0,0,0
8495,CP-AP-r001:S-P05-S09:GS11:p0003,7,0,0,0,0
8496,CP-AP-r001:S-P05-S09:GS11:p0004,8,0,0,0,0
8497,CP-AP-r001:S-P05-S09:GS11:p0005,8,0,0,0,0
8498,CP-AP-r001:S-P05-S09:GS11:p0006,8,0,0,0,0
8499,CP-AP-r001:S-P05-S09:GS11:p0007,8,0,0,0,0
8500,CP-AP-r001:S-P05-S09:GS11:p0008,8,0,0,0,0
8501,CP-AP-r001:S-P05-S09:GS11:p0009,9,0,0,0,0
8502,CP-AP-r001:S-P05-S09:GS11:p0010,8,0,0,0,0
8503,CP-AP-r001:S-P05-S09:GS11:p0011,8,0,0,0,0
8504,CP-AP-r001:S-P05-S09:GS11:p0012,9,0,0,0,0
8505,CP-AP-r001:S-P05-S09:GS12:p0001,7,0,0,0,0
8506,CP-AP-r001:S-P05-S09:GS12:p0002,8,0,0,0,0
8507,CP-AP-r001:S-P05-S09:GS12:p0003,7,0,0,0,0
8508,CP-AP-r001:S-P05-S09:GS12:p0004,8,0,0,0,0
8509,CP-AP-r001:S-P05-S09:GS12:p0005,8,0,0,0,0
8510,CP-AP-r001:S-P05-S09:GS12:p0006,9,0,0,0,0
8511,CP-AP-r001:S-P05-S09:GS12:p0007,7,0,0,0,0
8512,CP-AP-r001:S-P05-S09:GS12:p0008,8,0,0,0,0
8513,CP-AP-r001:S-P05-S09:GS12:p0009,8,0,0,0,0
8514,CP-AP-r001:S-P05-S09:GS12:p0010,9,0,0,0,0
8515,CP-AP-r001:S-P05-S09:GS12:p0011,7,0,0,0,0
8516,CP-AP-r001:S-P05-S09:GS12:p0012,7,0,0,0,0
8517,CP-AP-r001:S-P05-S10:GS01:p0001,6,0,0,0,0
8518,CP-AP-r001:S-P05-S10:GS01:p0002,6,0,0,0,0
8519,CP-AP-r001:S-P05-S10:GS01:p0003,6,0,0,0,0
8520,CP-AP-r001:S-P05-S10:GS01:p0004,7,0,0,0,0
8521,CP-AP-r001:S-P05-S10:GS01:p0005,5,0,0,0,0
8522,CP-AP-r001:S-P05-S10:GS01:p0006,5,0,0,0,0
8523,CP-AP-r001:S-P05-S10:GS01:p0007,4,0,0,0,0
8524,CP-AP-r001:S-P05-S10:GS01:p0008,7,0,0,0,0
8525,CP-AP-r001:S-P05-S10:GS01:p0009,6,0,0,0,0
8526,CP-AP-r001:S-P05-S10:GS01:p0010,6,0,0,0,0
8527,CP-AP-r001:S-P05-S10:GS01:p0011,7,0,0,0,0
8528,CP-AP-r001:S-P05-S10:GS02:p0001,6,0,0,0,0
8529,CP-AP-r001:S-P05-S10:GS02:p0002,4,0,0,0,0
8530,CP-AP-r001:S-P05-S10:GS02:p0003,7,0,0,0,0
8531,CP-AP-r001:S-P05-S10:GS02:p0004,6,0,0,0,0
8532,CP-AP-r001:S-P05-S10:GS02:p0005,6,0,0,0,0
8533,CP-AP-r001:S-P05-S10:GS02:p0006,7,0,0,0,0
8534,CP-AP-r001:S-P05-S10:GS02:p0007,6,0,0,0,0
8535,CP-AP-r001:S-P05-S10:GS02:p0008,6,0,0,0,0
8536,CP-AP-r001:S-P05-S10:GS02:p0009,6,0,0,0,0
8537,CP-AP-r001:S-P05-S10:GS02:p0010,8,0,0,0,0
8538,CP-AP-r001:S-P05-S10:GS02:p0011,7,0,0,0,0
8539,CP-AP-r001:S-P05-S10:GS03:p0001,6,0,0,0,0
8540,CP-AP-r001:S-P05-S10:GS03:p0002,6,0,0,0,0
8541,CP-AP-r001:S-P05-S10:GS03:p0003,7,0,0,0,0
8542,CP-AP-r001:S-P05-S10:GS03:p0004,6,0,0,0,0
8543,CP-AP-r001:S-P05-S10:GS03:p0005,7,0,0,0,0
8544,CP-AP-r001:S-P05-S10:GS03:p0006,6,0,0,0,0
8545,CP-AP-r001:S-P05-S10:GS03:p0007,7,0,0,0,0
8546,CP-AP-r001:S-P05-S10:GS03:p0008,6,0,0,0,0
8547,CP-AP-r001:S-P05-S10:GS03:p0009,6,0,0,0,0
8548,CP-AP-r001:S-P05-S10:GS03:p0010,5,0,0,0,0
8549,CP-AP-r001:S-P05-S10:GS03:p0011,7,0,0,0,0
8550,CP-AP-r001:S-P05-S10:GS03:p0012,6,0,0,0,0
8551,CP-AP-r001:S-P05-S10:GS04:p0001,6,0,0,0,0
8552,CP-AP-r001:S-P05-S10:GS04:p0002,6,0,0,0,0
8553,CP-AP-r001:S-P05-S10:GS04:p0003,7,0,0,0,0
8554,CP-AP-r001:S-P05-S10:GS04:p0004,6,0,0,0,0
8555,CP-AP-r001:S-P05-S10:GS04:p0005,6,0,0,0,0
8556,CP-AP-r001:S-P05-S10:GS04:p0006,6,0,0,0,0
8557,CP-AP-r001:S-P05-S10:GS04:p0007,6,0,0,0,0
8558,CP-AP-r001:S-P05-S10:GS04:p0008,5,0,0,0,0
8559,CP-AP-r001:S-P05-S10:GS04:p0009,6,0,0,0,0
8560,CP-AP-r001:S-P05-S10:GS04:p0010,6,0,0,0,0
8561,CP-AP-r001:S-P05-S10:GS04:p0011,6,0,0,0,0
8562,CP-AP-r001:S-P05-S10:GS04:p0012,6,0,0,0,0
8563,CP-AP-r001:S-P05-S10:GS05:p0001,5,0,0,0,0
8564,CP-AP-r001:S-P05-S10:GS05:p0002,5,0,0,0,0
8565,CP-AP-r001:S-P05-S10:GS05:p0003,4,0,0,0,0
8566,CP-AP-r001:S-P05-S10:GS05:p0004,7,0,0,0,0
8567,CP-AP-r001:S-P05-S10:GS05:p0005,6,0,0,0,0
8568,CP-AP-r001:S-P05-S10:GS05:p0006,6,0,0,0,0
8569,CP-AP-r001:S-P05-S10:GS05:p0007,7,0,0,0,0
8570,CP-AP-r001:S-P05-S10:GS05:p0008,6,0,0,0,0
8571,CP-AP-r001:S-P05-S10:GS05:p0009,6,0,0,0,0
8572,CP-AP-r001:S-P05-S10:GS05:p0010,7,0,0,0,0
8573,CP-AP-r001:S-P05-S10:GS05:p0011,6,0,0,0,0
8574,CP-AP-r001:S-P05-S10:GS06:p0001,7,0,0,0,0
8575,CP-AP-r001:S-P05-S10:GS06:p0002,6,0,0,0,0
8576,CP-AP-r001:S-P05-S10:GS06:p0003,7,0,0,0,0
8577,CP-AP-r001:S-P05-S10:GS06:p0004,6,0,0,0,0
8578,CP-AP-r001:S-P05-S10:GS06:p0005,6,0,0,0,0
8579,CP-AP-r001:S-P05-S10:GS06:p0006,7,0,0,0,0
8580,CP-AP-r001:S-P05-S10:GS06:p0007,6,0,0,0,0
8581,CP-AP-r001:S-P05-S10:GS06:p0008,6,0,0,0,0
8582,CP-AP-r001:S-P05-S10:GS06:p0009,6,0,0,0,0
8583,CP-AP-r001:S-P05-S10:GS06:p0010,6,0,0,0,0
8584,CP-AP-r001:S-P05-S10:GS06:p0011,7,0,0,0,0
8585,CP-AP-r001:S-P05-S10:GS07:p0001,8,0,0,0,0
8586,CP-AP-r001:S-P05-S10:GS07:p0002,7,0,0,0,0
8587,CP-AP-r001:S-P05-S10:GS07:p0003,8,0,0,0,0
8588,CP-AP-r001:S-P05-S10:GS07:p0004,8,0,0,0,0
8589,CP-AP-r001:S-P05-S10:GS07:p0005,7,0,0,0,0
8590,CP-AP-r001:S-P05-S10:GS07:p0006,7,0,0,0,0
8591,CP-AP-r001:S-P05-S10:GS07:p0007,10,0,0,0,0
8592,CP-AP-r001:S-P05-S10:GS07:p0008,8,0,0,0,0
8593,CP-AP-r001:S-P05-S10:GS07:p0009,7,0,0,0,0
8594,CP-AP-r001:S-P05-S10:GS07:p0010,7,0,0,0,0
8595,CP-AP-r001:S-P05-S10:GS07:p0011,9,0,0,0,0
8596,CP-AP-r001:S-P05-S10:GS07:p0012,9,0,0,0,0
8597,CP-AP-r001:S-P05-S10:GS08:p0001,8,0,0,0,0
8598,CP-AP-r001:S-P05-S10:GS08:p0002,5,0,0,0,0
8599,CP-AP-r001:S-P05-S10:GS08:p0003,8,0,0,0,0
8600,CP-AP-r001:S-P05-S10:GS08:p0004,8,0,0,0,0
8601,CP-AP-r001:S-P05-S10:GS08:p0005,7,0,0,0,0
8602,CP-AP-r001:S-P05-S10:GS08:p0006,8,0,0,0,0
8603,CP-AP-r001:S-P05-S10:GS08:p0007,8,0,0,0,0
8604,CP-AP-r001:S-P05-S10:GS08:p0008,8,0,0,0,0
8605,CP-AP-r001:S-P05-S10:GS08:p0009,8,0,0,0,0
8606,CP-AP-r001:S-P05-S10:GS08:p0010,8,0,0,0,0
8607,CP-AP-r001:S-P05-S10:GS08:p0011,8,0,0,0,0
8608,CP-AP-r001:S-P05-S10:GS08:p0012,8,0,0,0,0
8609,CP-AP-r001:S-P05-S10:GS09:p0001,10,0,0,0,0
8610,CP-AP-r001:S-P05-S10:GS09:p0002,8,0,0,0,0
8611,CP-AP-r001:S-P05-S10:GS09:p0003,8,0,0,0,0
8612,CP-AP-r001:S-P05-S10:GS09:p0004,8,0,0,0,0
8613,CP-AP-r001:S-P05-S10:GS09:p0005,9,0,0,0,0
8614,CP-AP-r001:S-P05-S10:GS09:p0006,8,0,0,0,0
8615,CP-AP-r001:S-P05-S10:GS09:p0007,7,0,0,0,0
8616,CP-AP-r001:S-P05-S10:GS09:p0008,8,0,0,0,0
8617,CP-AP-r001:S-P05-S10:GS09:p0009,8,0,0,0,0
8618,CP-AP-r001:S-P05-S10:GS09:p0010,9,0,0,0,0
8619,CP-AP-r001:S-P05-S10:GS09:p0011,8,0,0,0,0
8620,CP-AP-r001:S-P05-S10:GS09:p0012,6,0,0,0,0
8621,CP-AP-r001:S-P05-S10:GS09:p0013,8,0,0,0,0
8622,CP-AP-r001:S-P05-S10:GS09:p0014,8,0,0,0,0
8623,CP-AP-r001:S-P05-S10:GS10:p0001,10,0,0,0,0
8624,CP-AP-r001:S-P05-S10:GS10:p0002,7,0,0,0,0
8625,CP-AP-r001:S-P05-S10:GS10:p0003,7,0,0,0,0
8626,CP-AP-r001:S-P05-S10:GS10:p0004,7,0,0,0,0
8627,CP-AP-r001:S-P05-S10:GS10:p0005,11,0,0,0,0
8628,CP-AP-r001:S-P05-S10:GS10:p0006,8,0,0,0,0
8629,CP-AP-r001:S-P05-S10:GS10:p0007,7,0,0,0,0
8630,CP-AP-r001:S-P05-S10:GS10:p0008,7,0,0,0,0
8631,CP-AP-r001:S-P05-S10:GS10:p0009,5,0,0,0,0
8632,CP-AP-r001:S-P05-S10:GS10:p0010,10,0,0,0,0
8633,CP-AP-r001:S-P05-S10:GS10:p0011,8,0,0,0,0
8634,CP-AP-r001:S-P05-S10:GS10:p0012,8,0,0,0,0
8635,CP-AP-r001:S-P05-S10:GS10:p0013,5,0,0,0,0
8636,CP-AP-r001:S-P05-S10:GS11:p0001,7,0,0,0,0
8637,CP-AP-r001:S-P05-S10:GS11:p0002,7,0,0,0,0
8638,CP-AP-r001:S-P05-S10:GS11:p0003,9,0,0,0,0
8639,CP-AP-r001:S-P05-S10:GS11:p0004,8,0,0,0,0
8640,CP-AP-r001:S-P05-S10:GS11:p0005,7,0,0,0,0
8641,CP-AP-r001:S-P05-S10:GS11:p0006,7,0,0,0,0
8642,CP-AP-r001:S-P05-S10:GS11:p0007,9,0,0,0,0
8643,CP-AP-r001:S-P05-S10:GS11:p0008,9,0,0,0,0
8644,CP-AP-r001:S-P05-S10:GS11:p0009,8,0,0,0,0
8645,CP-AP-r001:S-P05-S10:GS11:p0010,7,0,0,0,0
8646,CP-AP-r001:S-P05-S10:GS11:p0011,9,0,0,0,0
8647,CP-AP-r001:S-P05-S10:GS11:p0012,8,0,0,0,0
8648,CP-AP-r001:S-P05-S10:GS12:p0001,7,0,0,0,0
8649,CP-AP-r001:S-P05-S10:GS12:p0002,8,0,0,0,0
8650,CP-AP-r001:S-P05-S10:GS12:p0003,8,0,0,0,0
8651,CP-AP-r001:S-P05-S10:GS12:p0004,8,0,0,0,0
8652,CP-AP-r001:S-P05-S10:GS12:p0005,8,0,0,0,0
8653,CP-AP-r001:S-P05-S10:GS12:p0006,8,0,0,0,0
8654,CP-AP-r001:S-P05-S10:GS12:p0007,8,0,0,0,0
8655,CP-AP-r001:S-P05-S10:GS12:p0008,9,0,0,0,0
8656,CP-AP-r001:S-P05-S10:GS12:p0009,8,0,0,0,0
8657,CP-AP-r001:S-P05-S10:GS12:p0010,7,0,0,0,0
8658,CP-AP-r001:S-P05-S10:GS12:p0011,8,0,0,0,0
8659,CP-AP-r001:S-P05-S10:GS12:p0012,8,0,0,0,0
8660,CP-AP-r001:S-P05-S11:GS01:p0001,7,0,0,0,0
8661,CP-AP-r001:S-P05-S11:GS01:p0002,7,0,0,0,0
8662,CP-AP-r001:S-P05-S11:GS01:p0003,7,0,0,0,0
8663,CP-AP-r001:S-P05-S11:GS01:p0004,7,0,0,0,0
8664,CP-AP-r001:S-P05-S11:GS01:p0005,7,0,0,0,0
8665,CP-AP-r001:S-P05-S11:GS01:p0006,6,0,0,0,0
8666,CP-AP-r001:S-P05-S11:GS01:p0007,7,0,0,0,0
8667,CP-AP-r001:S-P05-S11:GS01:p0008,7,0,0,0,0
8668,CP-AP-r001:S-P05-S11:GS01:p0009,7,0,0,0,0
8669,CP-AP-r001:S-P05-S11:GS01:p0010,6,0,0,0,0
8670,CP-AP-r001:S-P05-S11:GS01:p0011,6,0,0,0,0
8671,CP-AP-r001:S-P05-S11:GS02:p0001,7,0,0,0,0
8672,CP-AP-r001:S-P05-S11:GS02:p0002,6,0,0,0,0
8673,CP-AP-r001:S-P05-S11:GS02:p0003,7,0,0,0,0
8674,CP-AP-r001:S-P05-S11:GS02:p0004,7,0,0,0,0
8675,CP-AP-r001:S-P05-S11:GS02:p0005,4,0,0,0,0
8676,CP-AP-r001:S-P05-S11:GS02:p0006,5,0,0,0,0
8677,CP-AP-r001:S-P05-S11:GS02:p0007,8,0,0,0,0
8678,CP-AP-r001:S-P05-S11:GS02:p0008,6,0,0,0,0
8679,CP-AP-r001:S-P05-S11:GS02:p0009,8,0,0,0,0
8680,CP-AP-r001:S-P05-S11:GS02:p0010,6,0,0,0,0
8681,CP-AP-r001:S-P05-S11:GS02:p0011,7,0,0,0,0
8682,CP-AP-r001:S-P05-S11:GS03:p0001,7,0,0,0,0
8683,CP-AP-r001:S-P05-S11:GS03:p0002,6,0,0,0,0
8684,CP-AP-r001:S-P05-S11:GS03:p0003,6,0,0,0,0
8685,CP-AP-r001:S-P05-S11:GS03:p0004,7,0,0,0,0
8686,CP-AP-r001:S-P05-S11:GS03:p0005,7,0,0,0,0
8687,CP-AP-r001:S-P05-S11:GS03:p0006,5,0,0,0,0
8688,CP-AP-r001:S-P05-S11:GS03:p0007,6,0,0,0,0
8689,CP-AP-r001:S-P05-S11:GS03:p0008,7,0,0,0,0
8690,CP-AP-r001:S-P05-S11:GS03:p0009,7,0,0,0,0
8691,CP-AP-r001:S-P05-S11:GS03:p0010,6,0,0,0,0
8692,CP-AP-r001:S-P05-S11:GS03:p0011,7,0,0,0,0
8693,CP-AP-r001:S-P05-S11:GS04:p0001,7,0,0,0,0
8694,CP-AP-r001:S-P05-S11:GS04:p0002,7,0,0,0,0
8695,CP-AP-r001:S-P05-S11:GS04:p0003,6,0,0,0,0
8696,CP-AP-r001:S-P05-S11:GS04:p0004,7,0,0,0,0
8697,CP-AP-r001:S-P05-S11:GS04:p0005,7,0,0,0,0
8698,CP-AP-r001:S-P05-S11:GS04:p0006,7,0,0,0,0
8699,CP-AP-r001:S-P05-S11:GS04:p0007,6,0,0,0,0
8700,CP-AP-r001:S-P05-S11:GS04:p0008,7,0,0,0,0
8701,CP-AP-r001:S-P05-S11:GS04:p0009,8,0,0,0,0
8702,CP-AP-r001:S-P05-S11:GS04:p0010,6,0,0,0,0
8703,CP-AP-r001:S-P05-S11:GS04:p0011,6,0,0,0,0
8704,CP-AP-r001:S-P05-S11:GS04:p0012,7,0,0,0,0
8705,CP-AP-r001:S-P05-S11:GS05:p0001,7,0,0,0,0
8706,CP-AP-r001:S-P05-S11:GS05:p0002,7,0,0,0,0
8707,CP-AP-r001:S-P05-S11:GS05:p0003,7,0,0,0,0
8708,CP-AP-r001:S-P05-S11:GS05:p0004,7,0,0,0,0
8709,CP-AP-r001:S-P05-S11:GS05:p0005,7,0,0,0,0
8710,CP-AP-r001:S-P05-S11:GS05:p0006,6,0,0,0,0
8711,CP-AP-r001:S-P05-S11:GS05:p0007,7,0,0,0,0
8712,CP-AP-r001:S-P05-S11:GS05:p0008,7,0,0,0,0
8713,CP-AP-r001:S-P05-S11:GS05:p0009,7,0,0,0,0
8714,CP-AP-r001:S-P05-S11:GS05:p0010,6,0,0,0,0
8715,CP-AP-r001:S-P05-S11:GS05:p0011,8,0,0,0,0
8716,CP-AP-r001:S-P05-S11:GS06:p0001,7,0,0,0,0
8717,CP-AP-r001:S-P05-S11:GS06:p0002,4,0,0,0,0
8718,CP-AP-r001:S-P05-S11:GS06:p0003,5,0,0,0,0
8719,CP-AP-r001:S-P05-S11:GS06:p0004,8,0,0,0,0
8720,CP-AP-r001:S-P05-S11:GS06:p0005,7,0,0,0,0
8721,CP-AP-r001:S-P05-S11:GS06:p0006,6,0,0,0,0
8722,CP-AP-r001:S-P05-S11:GS06:p0007,6,0,0,0,0
8723,CP-AP-r001:S-P05-S11:GS06:p0008,7,0,0,0,0
8724,CP-AP-r001:S-P05-S11:GS06:p0009,7,0,0,0,0
8725,CP-AP-r001:S-P05-S11:GS06:p0010,7,0,0,0,0
8726,CP-AP-r001:S-P05-S11:GS06:p0011,7,0,0,0,0
8727,CP-AP-r001:S-P05-S11:GS07:p0001,8,0,0,0,0
8728,CP-AP-r001:S-P05-S11:GS07:p0002,8,0,0,0,0
8729,CP-AP-r001:S-P05-S11:GS07:p0003,8,0,0,0,0
8730,CP-AP-r001:S-P05-S11:GS07:p0004,9,0,0,0,0
8731,CP-AP-r001:S-P05-S11:GS07:p0005,10,0,0,0,0
8732,CP-AP-r001:S-P05-S11:GS07:p0006,8,0,0,0,0
8733,CP-AP-r001:S-P05-S11:GS07:p0007,8,0,0,0,0
8734,CP-AP-r001:S-P05-S11:GS07:p0008,9,0,0,0,0
8735,CP-AP-r001:S-P05-S11:GS07:p0009,10,0,0,0,0
8736,CP-AP-r001:S-P05-S11:GS07:p0010,8,0,0,0,0
8737,CP-AP-r001:S-P05-S11:GS07:p0011,5,0,0,0,0
8738,CP-AP-r001:S-P05-S11:GS07:p0012,7,0,0,0,0
8739,CP-AP-r001:S-P05-S11:GS07:p0013,8,0,0,0,0
8740,CP-AP-r001:S-P05-S11:GS08:p0001,9,0,0,0,0
8741,CP-AP-r001:S-P05-S11:GS08:p0002,9,0,0,0,0
8742,CP-AP-r001:S-P05-S11:GS08:p0003,7,0,0,0,0
8743,CP-AP-r001:S-P05-S11:GS08:p0004,7,0,0,0,0
8744,CP-AP-r001:S-P05-S11:GS08:p0005,8,0,0,0,0
8745,CP-AP-r001:S-P05-S11:GS08:p0006,9,0,0,0,0
8746,CP-AP-r001:S-P05-S11:GS08:p0007,7,0,0,0,0
8747,CP-AP-r001:S-P05-S11:GS08:p0008,7,0,0,0,0
8748,CP-AP-r001:S-P05-S11:GS08:p0009,8,0,0,0,0
8749,CP-AP-r001:S-P05-S11:GS08:p0010,8,0,0,0,0
8750,CP-AP-r001:S-P05-S11:GS08:p0011,8,0,0,0,0
8751,CP-AP-r001:S-P05-S11:GS08:p0012,8,0,0,0,0
8752,CP-AP-r001:S-P05-S11:GS09:p0001,7,0,0,0,0
8753,CP-AP-r001:S-P05-S11:GS09:p0002,7,0,0,0,0
8754,CP-AP-r001:S-P05-S11:GS09:p0003,7,0,0,0,0
8755,CP-AP-r001:S-P05-S11:GS09:p0004,7,0,0,0,0
8756,CP-AP-r001:S-P05-S11:GS09:p0005,8,0,0,0,0
8757,CP-AP-r001:S-P05-S11:GS09:p0006,7,0,0,0,0
8758,CP-AP-r001:S-P05-S11:GS09:p0007,8,0,0,0,0
8759,CP-AP-r001:S-P05-S11:GS09:p0008,7,0,0,0,0
8760,CP-AP-r001:S-P05-S11:GS09:p0009,6,0,0,0,0
8761,CP-AP-r001:S-P05-S11:GS09:p0010,7,0,0,0,0
8762,CP-AP-r001:S-P05-S11:GS09:p0011,9,0,0,0,0
8763,CP-AP-r001:S-P05-S11:GS09:p0012,7,0,0,0,0
8764,CP-AP-r001:S-P05-S11:GS09:p0013,8,0,0,0,0
8765,CP-AP-r001:S-P05-S11:GS10:p0001,10,0,0,0,0
8766,CP-AP-r001:S-P05-S11:GS10:p0002,8,0,0,0,0
8767,CP-AP-r001:S-P05-S11:GS10:p0003,7,0,0,0,0
8768,CP-AP-r001:S-P05-S11:GS10:p0004,8,0,0,0,0
8769,CP-AP-r001:S-P05-S11:GS10:p0005,7,0,0,0,0
8770,CP-AP-r001:S-P05-S11:GS10:p0006,9,0,0,0,0
8771,CP-AP-r001:S-P05-S11:GS10:p0007,8,0,0,0,0
8772,CP-AP-r001:S-P05-S11:GS10:p0008,8,0,0,0,0
8773,CP-AP-r001:S-P05-S11:GS10:p0009,8,0,0,0,0
8774,CP-AP-r001:S-P05-S11:GS10:p0010,8,0,0,0,0
8775,CP-AP-r001:S-P05-S11:GS10:p0011,8,0,0,0,0
8776,CP-AP-r001:S-P05-S11:GS10:p0012,6,0,0,0,0
8777,CP-AP-r001:S-P05-S11:GS10:p0013,8,0,0,0,0
8778,CP-AP-r001:S-P05-S11:GS10:p0014,8,0,0,0,0
8779,CP-AP-r001:S-P05-S11:GS11:p0001,8,0,0,0,0
8780,CP-AP-r001:S-P05-S11:GS11:p0002,8,0,0,0,0
8781,CP-AP-r001:S-P05-S11:GS11:p0003,8,0,0,0,0
8782,CP-AP-r001:S-P05-S11:GS11:p0004,9,0,0,0,0
8783,CP-AP-r001:S-P05-S11:GS11:p0005,11,0,0,0,0
8784,CP-AP-r001:S-P05-S11:GS11:p0006,8,0,0,0,0
8785,CP-AP-r001:S-P05-S11:GS11:p0007,5,0,0,0,0
8786,CP-AP-r001:S-P05-S11:GS11:p0008,7,0,0,0,0
8787,CP-AP-r001:S-P05-S11:GS11:p0009,10,0,0,0,0
8788,CP-AP-r001:S-P05-S11:GS11:p0010,8,0,0,0,0
8789,CP-AP-r001:S-P05-S11:GS11:p0011,5,0,0,0,0
8790,CP-AP-r001:S-P05-S11:GS11:p0012,8,0,0,0,0
8791,CP-AP-r001:S-P05-S11:GS11:p0013,8,0,0,0,0
8792,CP-AP-r001:S-P05-S11:GS12:p0001,8,0,0,0,0
8793,CP-AP-r001:S-P05-S11:GS12:p0002,10,0,0,0,0
8794,CP-AP-r001:S-P05-S11:GS12:p0003,7,0,0,0,0
8795,CP-AP-r001:S-P05-S11:GS12:p0004,7,0,0,0,0
8796,CP-AP-r001:S-P05-S11:GS12:p0005,8,0,0,0,0
8797,CP-AP-r001:S-P05-S11:GS12:p0006,8,0,0,0,0
8798,CP-AP-r001:S-P05-S11:GS12:p0007,7,0,0,0,0
8799,CP-AP-r001:S-P05-S11:GS12:p0008,8,0,0,0,0
8800,CP-AP-r001:S-P05-S11:GS12:p0009,8,0,0,0,0
8801,CP-AP-r001:S-P05-S11:GS12:p0010,8,0,0,0,0
8802,CP-AP-r001:S-P05-S11:GS12:p0011,8,0,0,0,0
8803,CP-AP-r001:S-P05-S11:GS12:p0012,9,0,0,0,0
8804,CP-AP-r001:S-P05-S12:GS01:p0001,6,0,0,0,0
8805,CP-AP-r001:S-P05-S12:GS01:p0002,6,0,0,0,0
8806,CP-AP-r001:S-P05-S12:GS01:p0003,7,0,0,0,0
8807,CP-AP-r001:S-P05-S12:GS01:p0004,6,0,0,0,0
8808,CP-AP-r001:S-P05-S12:GS01:p0005,6,0,0,0,0
8809,CP-AP-r001:S-P05-S12:GS01:p0006,7,0,0,0,0
8810,CP-AP-r001:S-P05-S12:GS01:p0007,6,0,0,0,0
8811,CP-AP-r001:S-P05-S12:GS01:p0008,6,0,0,0,0
8812,CP-AP-r001:S-P05-S12:GS01:p0009,6,0,0,0,0
8813,CP-AP-r001:S-P05-S12:GS01:p0010,7,0,0,0,0
8814,CP-AP-r001:S-P05-S12:GS01:p0011,4,0,0,0,0
8815,CP-AP-r001:S-P05-S12:GS02:p0001,6,0,0,0,0
8816,CP-AP-r001:S-P05-S12:GS02:p0002,7,0,0,0,0
8817,CP-AP-r001:S-P05-S12:GS02:p0003,7,0,0,0,0
8818,CP-AP-r001:S-P05-S12:GS02:p0004,6,0,0,0,0
8819,CP-AP-r001:S-P05-S12:GS02:p0005,6,0,0,0,0
8820,CP-AP-r001:S-P05-S12:GS02:p0006,5,0,0,0,0
8821,CP-AP-r001:S-P05-S12:GS02:p0007,5,0,0,0,0
8822,CP-AP-r001:S-P05-S12:GS02:p0008,7,0,0,0,0
8823,CP-AP-r001:S-P05-S12:GS02:p0009,4,0,0,0,0
8824,CP-AP-r001:S-P05-S12:GS02:p0010,6,0,0,0,0
8825,CP-AP-r001:S-P05-S12:GS02:p0011,4,0,0,0,0
8826,CP-AP-r001:S-P05-S12:GS02:p0012,7,0,0,0,0
8827,CP-AP-r001:S-P05-S12:GS03:p0001,7,0,0,0,0
8828,CP-AP-r001:S-P05-S12:GS03:p0002,6,0,0,0,0
8829,CP-AP-r001:S-P05-S12:GS03:p0003,7,0,0,0,0
8830,CP-AP-r001:S-P05-S12:GS03:p0004,6,0,0,0,0
8831,CP-AP-r001:S-P05-S12:GS03:p0005,7,0,0,0,0
8832,CP-AP-r001:S-P05-S12:GS03:p0006,4,0,0,0,0
8833,CP-AP-r001:S-P05-S12:GS03:p0007,7,0,0,0,0
8834,CP-AP-r001:S-P05-S12:GS03:p0008,6,0,0,0,0
8835,CP-AP-r001:S-P05-S12:GS03:p0009,6,0,0,0,0
8836,CP-AP-r001:S-P05-S12:GS03:p0010,7,0,0,0,0
8837,CP-AP-r001:S-P05-S12:GS03:p0011,6,0,0,0,0
8838,CP-AP-r001:S-P05-S12:GS04:p0001,6,0,0,0,0
8839,CP-AP-r001:S-P05-S12:GS04:p0002,6,0,0,0,0
8840,CP-AP-r001:S-P05-S12:GS04:p0003,6,0,0,0,0
8841,CP-AP-r001:S-P05-S12:GS04:p0004,6,0,0,0,0
8842,CP-AP-r001:S-P05-S12:GS04:p0005,7,0,0,0,0
8843,CP-AP-r001:S-P05-S12:GS04:p0006,6,0,0,0,0
8844,CP-AP-r001:S-P05-S12:GS04:p0007,7,0,0,0,0
8845,CP-AP-r001:S-P05-S12:GS04:p0008,6,0,0,0,0
8846,CP-AP-r001:S-P05-S12:GS04:p0009,8,0,0,0,0
8847,CP-AP-r001:S-P05-S12:GS04:p0010,6,0,0,0,0
8848,CP-AP-r001:S-P05-S12:GS04:p0011,7,0,0,0,0
8849,CP-AP-r001:S-P05-S12:GS04:p0012,6,0,0,0,0
8850,CP-AP-r001:S-P05-S12:GS05:p0001,6,0,0,0,0
8851,CP-AP-r001:S-P05-S12:GS05:p0002,6,0,0,0,0
8852,CP-AP-r001:S-P05-S12:GS05:p0003,7,0,0,0,0
8853,CP-AP-r001:S-P05-S12:GS05:p0004,6,0,0,0,0
8854,CP-AP-r001:S-P05-S12:GS05:p0005,6,0,0,0,0
8855,CP-AP-r001:S-P05-S12:GS05:p0006,6,0,0,0,0
8856,CP-AP-r001:S-P05-S12:GS05:p0007,7,0,0,0,0
8857,CP-AP-r001:S-P05-S12:GS05:p0008,4,0,0,0,0
8858,CP-AP-r001:S-P05-S12:GS05:p0009,6,0,0,0,0
8859,CP-AP-r001:S-P05-S12:GS05:p0010,6,0,0,0,0
8860,CP-AP-r001:S-P05-S12:GS05:p0011,6,0,0,0,0
8861,CP-AP-r001:S-P05-S12:GS05:p0012,6,0,0,0,0
8862,CP-AP-r001:S-P05-S12:GS06:p0001,6,0,0,0,0
8863,CP-AP-r001:S-P05-S12:GS06:p0002,6,0,0,0,0
8864,CP-AP-r001:S-P05-S12:GS06:p0003,6,0,0,0,0
8865,CP-AP-r001:S-P05-S12:GS06:p0004,7,0,0,0,0
8866,CP-AP-r001:S-P05-S12:GS06:p0005,5,0,0,0,0
8867,CP-AP-r001:S-P05-S12:GS06:p0006,5,0,0,0,0
8868,CP-AP-r001:S-P05-S12:GS06:p0007,4,0,0,0,0
8869,CP-AP-r001:S-P05-S12:GS06:p0008,7,0,0,0,0
8870,CP-AP-r001:S-P05-S12:GS06:p0009,6,0,0,0,0
8871,CP-AP-r001:S-P05-S12:GS06:p0010,6,0,0,0,0
8872,CP-AP-r001:S-P05-S12:GS06:p0011,7,0,0,0,0
8873,CP-AP-r001:S-P05-S12:GS07:p0001,7,0,0,0,0
8874,CP-AP-r001:S-P05-S12:GS07:p0002,7,0,0,0,0
8875,CP-AP-r001:S-P05-S12:GS07:p0003,9,0,0,0,0
8876,CP-AP-r001:S-P05-S12:GS07:p0004,9,0,0,0,0
8877,CP-AP-r001:S-P05-S12:GS07:p0005,9,0,0,0,0
8878,CP-AP-r001:S-P05-S12:GS07:p0006,7,0,0,0,0
8879,CP-AP-r001:S-P05-S12:GS07:p0007,8,0,0,0,0
8880,CP-AP-r001:S-P05-S12:GS07:p0008,8,0,0,0,0
8881,CP-AP-r001:S-P05-S12:GS07:p0009,10,0,0,0,0
8882,CP-AP-r001:S-P05-S12:GS07:p0010,7,0,0,0,0
8883,CP-AP-r001:S-P05-S12:GS07:p0011,6,0,0,0,0
8884,CP-AP-r001:S-P05-S12:GS07:p0012,7,0,0,0,0
8885,CP-AP-r001:S-P05-S12:GS07:p0013,5,0,0,0,0
8886,CP-AP-r001:S-P05-S12:GS08:p0001,9,0,0,0,0
8887,CP-AP-r001:S-P05-S12:GS08:p0002,8,0,0,0,0
8888,CP-AP-r001:S-P05-S12:GS08:p0003,8,0,0,0,0
8889,CP-AP-r001:S-P05-S12:GS08:p0004,8,0,0,0,0
8890,CP-AP-r001:S-P05-S12:GS08:p0005,8,0,0,0,0
8891,CP-AP-r001:S-P05-S12:GS08:p0006,7,0,0,0,0
8892,CP-AP-r001:S-P05-S12:GS08:p0007,8,0,0,0,0
8893,CP-AP-r001:S-P05-S12:GS08:p0008,8,0,0,0,0
8894,CP-AP-r001:S-P05-S12:GS08:p0009,7,0,0,0,0
8895,CP-AP-r001:S-P05-S12:GS08:p0010,7,0,0,0,0
8896,CP-AP-r001:S-P05-S12:GS08:p0011,10,0,0,0,0
8897,CP-AP-r001:S-P05-S12:GS08:p0012,8,0,0,0,0
8898,CP-AP-r001:S-P05-S12:GS09:p0001,9,0,0,0,0
8899,CP-AP-r001:S-P05-S12:GS09:p0002,8,0,0,0,0
8900,CP-AP-r001:S-P05-S12:GS09:p0003,6,0,0,0,0
8901,CP-AP-r001:S-P05-S12:GS09:p0004,8,0,0,0,0
8902,CP-AP-r001:S-P05-S12:GS09:p0005,8,0,0,0,0
8903,CP-AP-r001:S-P05-S12:GS09:p0006,8,0,0,0,0
8904,CP-AP-r001:S-P05-S12:GS09:p0007,7,0,0,0,0
8905,CP-AP-r001:S-P05-S12:GS09:p0008,8,0,0,0,0
8906,CP-AP-r001:S-P05-S12:GS09:p0009,8,0,0,0,0
8907,CP-AP-r001:S-P05-S12:GS09:p0010,7,0,0,0,0
8908,CP-AP-r001:S-P05-S12:GS09:p0011,8,0,0,0,0
8909,CP-AP-r001:S-P05-S12:GS09:p0012,8,0,0,0,0
8910,CP-AP-r001:S-P05-S12:GS09:p0013,8,0,0,0,0
8911,CP-AP-r001:S-P05-S12:GS10:p0001,10,0,0,0,0
8912,CP-AP-r001:S-P05-S12:GS10:p0002,8,0,0,0,0
8913,CP-AP-r001:S-P05-S12:GS10:p0003,8,0,0,0,0
8914,CP-AP-r001:S-P05-S12:GS10:p0004,5,0,0,0,0
8915,CP-AP-r001:S-P05-S12:GS10:p0005,10,0,0,0,0
8916,CP-AP-r001:S-P05-S12:GS10:p0006,8,0,0,0,0
8917,CP-AP-r001:S-P05-S12:GS10:p0007,8,0,0,0,0
8918,CP-AP-r001:S-P05-S12:GS10:p0008,8,0,0,0,0
8919,CP-AP-r001:S-P05-S12:GS10:p0009,10,0,0,0,0
8920,CP-AP-r001:S-P05-S12:GS10:p0010,8,0,0,0,0
8921,CP-AP-r001:S-P05-S12:GS10:p0011,5,0,0,0,0
8922,CP-AP-r001:S-P05-S12:GS10:p0012,8,0,0,0,0
8923,CP-AP-r001:S-P05-S12:GS10:p0013,8,0,0,0,0
8924,CP-AP-r001:S-P05-S12:GS11:p0001,7,0,0,0,0
8925,CP-AP-r001:S-P05-S12:GS11:p0002,7,0,0,0,0
8926,CP-AP-r001:S-P05-S12:GS11:p0003,9,0,0,0,0
8927,CP-AP-r001:S-P05-S12:GS11:p0004,8,0,0,0,0
8928,CP-AP-r001:S-P05-S12:GS11:p0005,11,0,0,0,0
8929,CP-AP-r001:S-P05-S12:GS11:p0006,7,0,0,0,0
8930,CP-AP-r001:S-P05-S12:GS11:p0007,6,0,0,0,0
8931,CP-AP-r001:S-P05-S12:GS11:p0008,7,0,0,0,0
8932,CP-AP-r001:S-P05-S12:GS11:p0009,10,0,0,0,0
8933,CP-AP-r001:S-P05-S12:GS11:p0010,8,0,0,0,0
8934,CP-AP-r001:S-P05-S12:GS11:p0011,7,0,0,0,0
8935,CP-AP-r001:S-P05-S12:GS11:p0012,8,0,0,0,0
8936,CP-AP-r001:S-P05-S12:GS11:p0013,6,0,0,0,0
8937,CP-AP-r001:S-P05-S12:GS12:p0001,8,0,0,0,0
8938,CP-AP-r001:S-P05-S12:GS12:p0002,7,0,0,0,0
8939,CP-AP-r001:S-P05-S12:GS12:p0003,8,0,0,0,0
8940,CP-AP-r001:S-P05-S12:GS12:p0004,8,0,0,0,0
8941,CP-AP-r001:S-P05-S12:GS12:p0005,7,0,0,0,0
8942,CP-AP-r001:S-P05-S12:GS12:p0006,7,0,0,0,0
8943,CP-AP-r001:S-P05-S12:GS12:p0007,9,0,0,0,0
8944,CP-AP-r001:S-P05-S12:GS12:p0008,8,0,0,0,0
8945,CP-AP-r001:S-P05-S12:GS12:p0009,7,0,0,0,0
8946,CP-AP-r001:S-P05-S12:GS12:p0010,7,0,0,0,0
8947,CP-AP-r001:S-P05-S12:GS12:p0011,9,0,0,0,0
8948,CP-AP-r001:S-P05-S12:GS12:p0012,9,0,0,0,0
8949,CP-AP-r001:S-P06-S01:GS01:p0001,7,0,0,0,0
8950,CP-AP-r001:S-P06-S01:GS01:p0002,7,0,0,0,0
8951,CP-AP-r001:S-P06-S01:GS01:p0003,10,0,0,0,0
8952,CP-AP-r001:S-P06-S01:GS01:p0004,6,0,0,0,0
8953,CP-AP-r001:S-P06-S01:GS01:p0005,7,0,0,0,0
8954,CP-AP-r001:S-P06-S01:GS01:p0006,7,0,0,0,0
8955,CP-AP-r001:S-P06-S01:GS01:p0007,8,0,0,0,0
8956,CP-AP-r001:S-P06-S01:GS01:p0008,8,0,0,0,0
8957,CP-AP-r001:S-P06-S01:GS01:p0009,7,0,0,0,0
8958,CP-AP-r001:S-P06-S01:GS01:p0010,7,0,0,0,0
8959,CP-AP-r001:S-P06-S01:GS01:p0011,8,0,0,0,0
8960,CP-AP-r001:S-P06-S01:GS01:p0012,7,0,0,0,0
8961,CP-AP-r001:S-P06-S01:GS02:p0001,5,0,0,0,0
8962,CP-AP-r001:S-P06-S01:GS02:p0002,8,0,0,0,0
8963,CP-AP-r001:S-P06-S01:GS02:p0003,7,0,0,0,0
8964,CP-AP-r001:S-P06-S01:GS02:p0004,8,0,0,0,0
8965,CP-AP-r001:S-P06-S01:GS02:p0005,7,0,0,0,0
8966,CP-AP-r001:S-P06-S01:GS02:p0006,7,0,0,0,0
8967,CP-AP-r001:S-P06-S01:GS02:p0007,8,0,0,0,0
8968,CP-AP-r001:S-P06-S01:GS02:p0008,7,0,0,0,0
8969,CP-AP-r001:S-P06-S01:GS02:p0009,7,0,0,0,0
8970,CP-AP-r001:S-P06-S01:GS02:p0010,9,0,0,0,0
8971,CP-AP-r001:S-P06-S01:GS02:p0011,7,0,0,0,0
8972,CP-AP-r001:S-P06-S01:GS03:p0001,7,0,0,0,0
8973,CP-AP-r001:S-P06-S01:GS03:p0002,8,0,0,0,0
8974,CP-AP-r001:S-P06-S01:GS03:p0003,7,0,0,0,0
8975,CP-AP-r001:S-P06-S01:GS03:p0004,7,0,0,0,0
8976,CP-AP-r001:S-P06-S01:GS03:p0005,4,0,0,0,0
8977,CP-AP-r001:S-P06-S01:GS03:p0006,7,0,0,0,0
8978,CP-AP-r001:S-P06-S01:GS03:p0007,10,0,0,0,0
8979,CP-AP-r001:S-P06-S01:GS03:p0008,7,0,0,0,0
8980,CP-AP-r001:S-P06-S01:GS03:p0009,5,0,0,0,0
8981,CP-AP-r001:S-P06-S01:GS03:p0010,6,0,0,0,0
8982,CP-AP-r001:S-P06-S01:GS03:p0011,8,0,0,0,0
8983,CP-AP-r001:S-P06-S01:GS04:p0001,8,0,0,0,0
8984,CP-AP-r001:S-P06-S01:GS04:p0002,6,0,0,0,0
8985,CP-AP-r001:S-P06-S01:GS04:p0003,8,0,0,0,0
8986,CP-AP-r001:S-P06-S01:GS04:p0004,7,0,0,0,0
8987,CP-AP-r001:S-P06-S01:GS04:p0005,6,0,0,0,0
8988,CP-AP-r001:S-P06-S01:GS04:p0006,5,0,0,0,0
8989,CP-AP-r001:S-P06-S01:GS04:p0007,8,0,0,0,0
8990,CP-AP-r001:S-P06-S01:GS04:p0008,7,0,0,0,0
8991,CP-AP-r001:S-P06-S01:GS04:p0009,7,0,0,0,0
8992,CP-AP-r001:S-P06-S01:GS04:p0010,7,0,0,0,0
8993,CP-AP-r001:S-P06-S01:GS04:p0011,8,0,0,0,0
8994,CP-AP-r001:S-P06-S01:GS04:p0012,7,0,0,0,0
8995,CP-AP-r001:S-P06-S01:GS05:p0001,7,0,0,0,0
8996,CP-AP-r001:S-P06-S01:GS05:p0002,7,0,0,0,0
8997,CP-AP-r001:S-P06-S01:GS05:p0003,8,0,0,0,0
8998,CP-AP-r001:S-P06-S01:GS05:p0004,8,0,0,0,0
8999,CP-AP-r001:S-P06-S01:GS05:p0005,7,0,0,0,0
9000,CP-AP-r001:S-P06-S01:GS05:p0006,7,0,0,0,0
9001,CP-AP-r001:S-P06-S01:GS05:p0007,8,0,0,0,0
9002,CP-AP-r001:S-P06-S01:GS05:p0008,7,0,0,0,0
9003,CP-AP-r001:S-P06-S01:GS05:p0009,8,0,0,0,0
9004,CP-AP-r001:S-P06-S01:GS05:p0010,7,0,0,0,0
9005,CP-AP-r001:S-P06-S01:GS05:p0011,8,0,0,0,0
9006,CP-AP-r001:S-P06-S01:GS05:p0012,7,0,0,0,0
9007,CP-AP-r001:S-P06-S01:GS06:p0001,7,0,0,0,0
9008,CP-AP-r001:S-P06-S01:GS06:p0002,7,0,0,0,0
9009,CP-AP-r001:S-P06-S01:GS06:p0003,8,0,0,0,0
9010,CP-AP-r001:S-P06-S01:GS06:p0004,7,0,0,0,0
9011,CP-AP-r001:S-P06-S01:GS06:p0005,7,0,0,0,0
9012,CP-AP-r001:S-P06-S01:GS06:p0006,8,0,0,0,0
9013,CP-AP-r001:S-P06-S01:GS06:p0007,7,0,0,0,0
9014,CP-AP-r001:S-P06-S01:GS06:p0008,7,0,0,0,0
9015,CP-AP-r001:S-P06-S01:GS06:p0009,7,0,0,0,0
9016,CP-AP-r001:S-P06-S01:GS06:p0010,9,0,0,0,0
9017,CP-AP-r001:S-P06-S01:GS06:p0011,6,0,0,0,0
9018,CP-AP-r001:S-P06-S01:GS07:p0001,10,0,0,0,0
9019,CP-AP-r001:S-P06-S01:GS07:p0002,8,0,0,0,0
9020,CP-AP-r001:S-P06-S01:GS07:p0003,8,0,0,0,0
9021,CP-AP-r001:S-P06-S01:GS07:p0004,8,0,0,0,0
9022,CP-AP-r001:S-P06-S01:GS07:p0005,8,0,0,0,0
9023,CP-AP-r001:S-P06-S01:GS07:p0006,10,0,0,0,0
9024,CP-AP-r001:S-P06-S01:GS07:p0007,8,0,0,0,0
9025,CP-AP-r001:S-P06-S01:GS07:p0008,9,0,0,0,0
9026,CP-AP-r001:S-P06-S01:GS07:p0009,8,0,0,0,0
9027,CP-AP-r001:S-P06-S01:GS07:p0010,8,0,0,0,0
9028,CP-AP-r001:S-P06-S01:GS07:p0011,9,0,0,0,0
9029,CP-AP-r001:S-P06-S01:GS07:p0012,8,0,0,0,0
9030,CP-AP-r001:S-P06-S01:GS07:p0013,8,0,0,0,0
9031,CP-AP-r001:S-P06-S01:GS07:p0014,8,0,0,0,0
9032,CP-AP-r001:S-P06-S01:GS08:p0001,8,0,0,0,0
9033,CP-AP-r001:S-P06-S01:GS08:p0002,8,0,0,0,0
9034,CP-AP-r001:S-P06-S01:GS08:p0003,9,0,0,0,0
9035,CP-AP-r001:S-P06-S01:GS08:p0004,10,0,0,0,0
9036,CP-AP-r001:S-P06-S01:GS08:p0005,8,0,0,0,0
9037,CP-AP-r001:S-P06-S01:GS08:p0006,8,0,0,0,0
9038,CP-AP-r001:S-P06-S01:GS08:p0007,9,0,0,0,0
9039,CP-AP-r001:S-P06-S01:GS08:p0008,10,0,0,0,0
9040,CP-AP-r001:S-P06-S01:GS08:p0009,10,0,0,0,0
9041,CP-AP-r001:S-P06-S01:GS08:p0010,8,0,0,0,0
9042,CP-AP-r001:S-P06-S01:GS08:p0011,8,0,0,0,0
9043,CP-AP-r001:S-P06-S01:GS08:p0012,8,0,0,0,0
9044,CP-AP-r001:S-P06-S01:GS09:p0001,7,0,0,0,0
9045,CP-AP-r001:S-P06-S01:GS09:p0002,9,0,0,0,0
9046,CP-AP-r001:S-P06-S01:GS09:p0003,8,0,0,0,0
9047,CP-AP-r001:S-P06-S01:GS09:p0004,9,0,0,0,0
9048,CP-AP-r001:S-P06-S01:GS09:p0005,8,0,0,0,0
9049,CP-AP-r001:S-P06-S01:GS09:p0006,10,0,0,0,0
9050,CP-AP-r001:S-P06-S01:GS09:p0007,8,0,0,0,0
9051,CP-AP-r001:S-P06-S01:GS09:p0008,9,0,0,0,0
9052,CP-AP-r001:S-P06-S01:GS09:p0009,8,0,0,0,0
9053,CP-AP-r001:S-P06-S01:GS09:p0010,8,0,0,0,0
9054,CP-AP-r001:S-P06-S01:GS09:p0011,8,0,0,0,0
9055,CP-AP-r001:S-P06-S01:GS09:p0012,10,0,0,0,0
9056,CP-AP-r001:S-P06-S01:GS10:p0001,9,0,0,0,0
9057,CP-AP-r001:S-P06-S01:GS10:p0002,8,0,0,0,0
9058,CP-AP-r001:S-P06-S01:GS10:p0003,6,0,0,0,0
9059,CP-AP-r001:S-P06-S01:GS10:p0004,8,0,0,0,0
9060,CP-AP-r001:S-P06-S01:GS10:p0005,10,0,0,0,0
9061,CP-AP-r001:S-P06-S01:GS10:p0006,8,0,0,0,0
9062,CP-AP-r001:S-P06-S01:GS10:p0007,7,0,0,0,0
9063,CP-AP-r001:S-P06-S01:GS10:p0008,6,0,0,0,0
9064,CP-AP-r001:S-P06-S01:GS10:p0009,8,0,0,0,0
9065,CP-AP-r001:S-P06-S01:GS10:p0010,10,0,0,0,0
9066,CP-AP-r001:S-P06-S01:GS10:p0011,7,0,0,0,0
9067,CP-AP-r001:S-P06-S01:GS10:p0012,8,0,0,0,0
9068,CP-AP-r001:S-P06-S01:GS10:p0013,8,0,0,0,0
9069,CP-AP-r001:S-P06-S01:GS10:p0014,9,0,0,0,0
9070,CP-AP-r001:S-P06-S01:GS11:p0001,10,0,0,0,0
9071,CP-AP-r001:S-P06-S01:GS11:p0002,8,0,0,0,0
9072,CP-AP-r001:S-P06-S01:GS11:p0003,8,0,0,0,0
9073,CP-AP-r001:S-P06-S01:GS11:p0004,8,0,0,0,0
9074,CP-AP-r001:S-P06-S01:GS11:p0005,9,0,0,0,0
9075,CP-AP-r001:S-P06-S01:GS11:p0006,9,0,0,0,0
9076,CP-AP-r001:S-P06-S01:GS11:p0007,8,0,0,0,0
9077,CP-AP-r001:S-P06-S01:GS11:p0008,8,0,0,0,0
9078,CP-AP-r001:S-P06-S01:GS11:p0009,8,0,0,0,0
9079,CP-AP-r001:S-P06-S01:GS11:p0010,8,0,0,0,0
9080,CP-AP-r001:S-P06-S01:GS11:p0011,8,0,0,0,0
9081,CP-AP-r001:S-P06-S01:GS11:p0012,8,0,0,0,0
9082,CP-AP-r001:S-P06-S01:GS11:p0013,8,0,0,0,0
9083,CP-AP-r001:S-P06-S01:GS12:p0001,9,0,0,0,0
9084,CP-AP-r001:S-P06-S01:GS12:p0002,8,0,0,0,0
9085,CP-AP-r001:S-P06-S01:GS12:p0003,10,0,0,0,0
9086,CP-AP-r001:S-P06-S01:GS12:p0004,10,0,0,0,0
9087,CP-AP-r001:S-P06-S01:GS12:p0005,10,0,0,0,0
9088,CP-AP-r001:S-P06-S01:GS12:p0006,8,0,0,0,0
9089,CP-AP-r001:S-P06-S01:GS12:p0007,9,0,0,0,0
9090,CP-AP-r001:S-P06-S01:GS12:p0008,8,0,0,0,0
9091,CP-AP-r001:S-P06-S01:GS12:p0009,10,0,0,0,0
9092,CP-AP-r001:S-P06-S01:GS12:p0010,8,0,0,0,0
9093,CP-AP-r001:S-P06-S01:GS12:p0011,9,0,0,0,0
9094,CP-AP-r001:S-P06-S01:GS12:p0012,8,0,0,0,0
9095,CP-AP-r001:S-P06-S01:GS12:p0013,8,0,0,0,0
9096,CP-AP-r001:S-P06-S02:GS01:p0001,6,0,0,0,0
9097,CP-AP-r001:S-P06-S02:GS01:p0002,6,0,0,0,0
9098,CP-AP-r001:S-P06-S02:GS01:p0003,10,0,0,0,0
9099,CP-AP-r001:S-P06-S02:GS01:p0004,4,0,0,0,0
9100,CP-AP-r001:S-P06-S02:GS01:p0005,6,0,0,0,0
9101,CP-AP-r001:S-P06-S02:GS01:p0006,6,0,0,0,0
9102,CP-AP-r001:S-P06-S02:GS01:p0007,8,0,0,0,0
9103,CP-AP-r001:S-P06-S02:GS01:p0008,6,0,0,0,0
9104,CP-AP-r001:S-P06-S02:GS01:p0009,6,0,0,0,0
9105,CP-AP-r001:S-P06-S02:GS01:p0010,6,0,0,0,0
9106,CP-AP-r001:S-P06-S02:GS01:p0011,8,0,0,0,0
9107,CP-AP-r001:S-P06-S02:GS01:p0012,6,0,0,0,0
9108,CP-AP-r001:S-P06-S02:GS02:p0001,4,0,0,0,0
9109,CP-AP-r001:S-P06-S02:GS02:p0002,6,0,0,0,0
9110,CP-AP-r001:S-P06-S02:GS02:p0003,7,0,0,0,0
9111,CP-AP-r001:S-P06-S02:GS02:p0004,8,0,0,0,0
9112,CP-AP-r001:S-P06-S02:GS02:p0005,6,0,0,0,0
9113,CP-AP-r001:S-P06-S02:GS02:p0006,6,0,0,0,0
9114,CP-AP-r001:S-P06-S02:GS02:p0007,8,0,0,0,0
9115,CP-AP-r001:S-P06-S02:GS02:p0008,6,0,0,0,0
9116,CP-AP-r001:S-P06-S02:GS02:p0009,6,0,0,0,0
9117,CP-AP-r001:S-P06-S02:GS02:p0010,9,0,0,0,0
9118,CP-AP-r001:S-P06-S02:GS02:p0011,4,0,0,0,0
9119,CP-AP-r001:S-P06-S02:GS03:p0001,6,0,0,0,0
9120,CP-AP-r001:S-P06-S02:GS03:p0002,8,0,0,0,0
9121,CP-AP-r001:S-P06-S02:GS03:p0003,6,0,0,0,0
9122,CP-AP-r001:S-P06-S02:GS03:p0004,6,0,0,0,0
9123,CP-AP-r001:S-P06-S02:GS03:p0005,6,0,0,0,0
9124,CP-AP-r001:S-P06-S02:GS03:p0006,8,0,0,0,0
9125,CP-AP-r001:S-P06-S02:GS03:p0007,9,0,0,0,0
9126,CP-AP-r001:S-P06-S02:GS03:p0008,5,0,0,0,0
9127,CP-AP-r001:S-P06-S02:GS03:p0009,5,0,0,0,0
9128,CP-AP-r001:S-P06-S02:GS03:p0010,7,0,0,0,0
9129,CP-AP-r001:S-P06-S02:GS03:p0011,8,0,0,0,0
9130,CP-AP-r001:S-P06-S02:GS04:p0001,8,0,0,0,0
9131,CP-AP-r001:S-P06-S02:GS04:p0002,6,0,0,0,0
9132,CP-AP-r001:S-P06-S02:GS04:p0003,8,0,0,0,0
9133,CP-AP-r001:S-P06-S02:GS04:p0004,6,0,0,0,0
9134,CP-AP-r001:S-P06-S02:GS04:p0005,6,0,0,0,0
9135,CP-AP-r001:S-P06-S02:GS04:p0006,4,0,0,0,0
9136,CP-AP-r001:S-P06-S02:GS04:p0007,8,0,0,0,0
9137,CP-AP-r001:S-P06-S02:GS04:p0008,6,0,0,0,0
9138,CP-AP-r001:S-P06-S02:GS04:p0009,7,0,0,0,0
9139,CP-AP-r001:S-P06-S02:GS04:p0010,6,0,0,0,0
9140,CP-AP-r001:S-P06-S02:GS04:p0011,8,0,0,0,0
9141,CP-AP-r001:S-P06-S02:GS04:p0012,6,0,0,0,0
9142,CP-AP-r001:S-P06-S02:GS05:p0001,6,0,0,0,0
9143,CP-AP-r001:S-P06-S02:GS05:p0002,6,0,0,0,0
9144,CP-AP-r001:S-P06-S02:GS05:p0003,8,0,0,0,0
9145,CP-AP-r001:S-P06-S02:GS05:p0004,6,0,0,0,0
9146,CP-AP-r001:S-P06-S02:GS05:p0005,6,0,0,0,0
9147,CP-AP-r001:S-P06-S02:GS05:p0006,6,0,0,0,0
9148,CP-AP-r001:S-P06-S02:GS05:p0007,8,0,0,0,0
9149,CP-AP-r001:S-P06-S02:GS05:p0008,6,0,0,0,0
9150,CP-AP-r001:S-P06-S02:GS05:p0009,7,0,0,0,0
9151,CP-AP-r001:S-P06-S02:GS05:p0010,6,0,0,0,0
9152,CP-AP-r001:S-P06-S02:GS05:p0011,8,0,0,0,0
9153,CP-AP-r001:S-P06-S02:GS05:p0012,6,0,0,0,0
9154,CP-AP-r001:S-P06-S02:GS06:p0001,6,0,0,0,0
9155,CP-AP-r001:S-P06-S02:GS06:p0002,6,0,0,0,0
9156,CP-AP-r001:S-P06-S02:GS06:p0003,8,0,0,0,0
9157,CP-AP-r001:S-P06-S02:GS06:p0004,6,0,0,0,0
9158,CP-AP-r001:S-P06-S02:GS06:p0005,6,0,0,0,0
9159,CP-AP-r001:S-P06-S02:GS06:p0006,8,0,0,0,0
9160,CP-AP-r001:S-P06-S02:GS06:p0007,6,0,0,0,0
9161,CP-AP-r001:S-P06-S02:GS06:p0008,6,0,0,0,0
9162,CP-AP-r001:S-P06-S02:GS06:p0009,6,0,0,0,0
9163,CP-AP-r001:S-P06-S02:GS06:p0010,9,0,0,0,0
9164,CP-AP-r001:S-P06-S02:GS06:p0011,4,0,0,0,0
9165,CP-AP-r001:S-P06-S02:GS07:p0001,11,0,0,0,0
9166,CP-AP-r001:S-P06-S02:GS07:p0002,7,0,0,0,0
9167,CP-AP-r001:S-P06-S02:GS07:p0003,9,0,0,0,0
9168,CP-AP-r001:S-P06-S02:GS07:p0004,8,0,0,0,0
9169,CP-AP-r001:S-P06-S02:GS07:p0005,4,0,0,0,0
9170,CP-AP-r001:S-P06-S02:GS07:p0006,10,0,0,0,0
9171,CP-AP-r001:S-P06-S02:GS07:p0007,8,0,0,0,0
9172,CP-AP-r001:S-P06-S02:GS07:p0008,10,0,0,0,0
9173,CP-AP-r001:S-P06-S02:GS07:p0009,8,0,0,0,0
9174,CP-AP-r001:S-P06-S02:GS07:p0010,6,0,0,0,0
9175,CP-AP-r001:S-P06-S02:GS07:p0011,10,0,0,0,0
9176,CP-AP-r001:S-P06-S02:GS07:p0012,8,0,0,0,0
9177,CP-AP-r001:S-P06-S02:GS07:p0013,8,0,0,0,0
9178,CP-AP-r001:S-P06-S02:GS07:p0014,8,0,0,0,0
9179,CP-AP-r001:S-P06-S02:GS08:p0001,7,0,0,0,0
9180,CP-AP-r001:S-P06-S02:GS08:p0002,7,0,0,0,0
9181,CP-AP-r001:S-P06-S02:GS08:p0003,10,0,0,0,0
9182,CP-AP-r001:S-P06-S02:GS08:p0004,10,0,0,0,0
9183,CP-AP-r001:S-P06-S02:GS08:p0005,7,0,0,0,0
9184,CP-AP-r001:S-P06-S02:GS08:p0006,7,0,0,0,0
9185,CP-AP-r001:S-P06-S02:GS08:p0007,10,0,0,0,0
9186,CP-AP-r001:S-P06-S02:GS08:p0008,10,0,0,0,0
9187,CP-AP-r001:S-P06-S02:GS08:p0009,10,0,0,0,0
9188,CP-AP-r001:S-P06-S02:GS08:p0010,7,0,0,0,0
9189,CP-AP-r001:S-P06-S02:GS08:p0011,9,0,0,0,0
9190,CP-AP-r001:S-P06-S02:GS08:p0012,8,0,0,0,0
9191,CP-AP-r001:S-P06-S02:GS09:p0001,7,0,0,0,0
9192,CP-AP-r001:S-P06-S02:GS09:p0002,8,0,0,0,0
9193,CP-AP-r001:S-P06-S02:GS09:p0003,8,0,0,0,0
9194,CP-AP-r001:S-P06-S02:GS09:p0004,8,0,0,0,0
9195,CP-AP-r001:S-P06-S02:GS09:p0005,8,0,0,0,0
9196,CP-AP-r001:S-P06-S02:GS09:p0006,8,0,0,0,0
9197,CP-AP-r001:S-P06-S02:GS09:p0007,8,0,0,0,0
9198,CP-AP-r001:S-P06-S02:GS09:p0008,9,0,0,0,0
9199,CP-AP-r001:S-P06-S02:GS09:p0009,7,0,0,0,0
9200,CP-AP-r001:S-P06-S02:GS09:p0010,7,0,0,0,0
9201,CP-AP-r001:S-P06-S02:GS09:p0011,9,0,0,0,0
9202,CP-AP-r001:S-P06-S02:GS09:p0012,10,0,0,0,0
9203,CP-AP-r001:S-P06-S02:GS10:p0001,10,0,0,0,0
9204,CP-AP-r001:S-P06-S02:GS10:p0002,8,0,0,0,0
9205,CP-AP-r001:S-P06-S02:GS10:p0003,5,0,0,0,0
9206,CP-AP-r001:S-P06-S02:GS10:p0004,8,0,0,0,0
9207,CP-AP-r001:S-P06-S02:GS10:p0005,9,0,0,0,0
9208,CP-AP-r001:S-P06-S02:GS10:p0006,9,0,0,0,0
9209,CP-AP-r001:S-P06-S02:GS10:p0007,7,0,0,0,0
9210,CP-AP-r001:S-P06-S02:GS10:p0008,5,0,0,0,0
9211,CP-AP-r001:S-P06-S02:GS10:p0009,8,0,0,0,0
9212,CP-AP-r001:S-P06-S02:GS10:p0010,9,0,0,0,0
9213,CP-AP-r001:S-P06-S02:GS10:p0011,7,0,0,0,0
9214,CP-AP-r001:S-P06-S02:GS10:p0012,8,0,0,0,0
9215,CP-AP-r001:S-P06-S02:GS10:p0013,8,0,0,0,0
9216,CP-AP-r001:S-P06-S02:GS10:p0014,8,0,0,0,0
9217,CP-AP-r001:S-P06-S02:GS11:p0001,10,0,0,0,0
9218,CP-AP-r001:S-P06-S02:GS11:p0002,8,0,0,0,0
9219,CP-AP-r001:S-P06-S02:GS11:p0003,10,0,0,0,0
9220,CP-AP-r001:S-P06-S02:GS11:p0004,8,0,0,0,0
9221,CP-AP-r001:S-P06-S02:GS11:p0005,6,0,0,0,0
9222,CP-AP-r001:S-P06-S02:GS11:p0006,10,0,0,0,0
9223,CP-AP-r001:S-P06-S02:GS11:p0007,8,0,0,0,0
9224,CP-AP-r001:S-P06-S02:GS11:p0008,8,0,0,0,0
9225,CP-AP-r001:S-P06-S02:GS11:p0009,8,0,0,0,0
9226,CP-AP-r001:S-P06-S02:GS11:p0010,9,0,0,0,0
9227,CP-AP-r001:S-P06-S02:GS11:p0011,8,0,0,0,0
9228,CP-AP-r001:S-P06-S02:GS11:p0012,8,0,0,0,0
9229,CP-AP-r001:S-P06-S02:GS11:p0013,8,0,0,0,0
9230,CP-AP-r001:S-P06-S02:GS12:p0001,7,0,0,0,0
9231,CP-AP-r001:S-P06-S02:GS12:p0002,7,0,0,0,0
9232,CP-AP-r001:S-P06-S02:GS12:p0003,10,0,0,0,0
9233,CP-AP-r001:S-P06-S02:GS12:p0004,10,0,0,0,0
9234,CP-AP-r001:S-P06-S02:GS12:p0005,9,0,0,0,0
9235,CP-AP-r001:S-P06-S02:GS12:p0006,7,0,0,0,0
9236,CP-AP-r001:S-P06-S02:GS12:p0007,10,0,0,0,0
9237,CP-AP-r001:S-P06-S02:GS12:p0008,8,0,0,0,0
9238,CP-AP-r001:S-P06-S02:GS12:p0009,11,0,0,0,0
9239,CP-AP-r001:S-P06-S02:GS12:p0010,7,0,0,0,0
9240,CP-AP-r001:S-P06-S02:GS12:p0011,10,0,0,0,0
9241,CP-AP-r001:S-P06-S02:GS12:p0012,8,0,0,0,0
9242,CP-AP-r001:S-P06-S02:GS12:p0013,4,0,0,0,0
9243,CP-AP-r001:S-P06-S03:GS01:p0001,7,0,0,0,0
9244,CP-AP-r001:S-P06-S03:GS01:p0002,7,0,0,0,0
9245,CP-AP-r001:S-P06-S03:GS01:p0003,8,0,0,0,0
9246,CP-AP-r001:S-P06-S03:GS01:p0004,7,0,0,0,0
9247,CP-AP-r001:S-P06-S03:GS01:p0005,8,0,0,0,0
9248,CP-AP-r001:S-P06-S03:GS01:p0006,6,0,0,0,0
9249,CP-AP-r001:S-P06-S03:GS01:p0007,8,0,0,0,0
9250,CP-AP-r001:S-P06-S03:GS01:p0008,7,0,0,0,0
9251,CP-AP-r001:S-P06-S03:GS01:p0009,6,0,0,0,0
9252,CP-AP-r001:S-P06-S03:GS01:p0010,6,0,0,0,0
9253,CP-AP-r001:S-P06-S03:GS01:p0011,8,0,0,0,0
9254,CP-AP-r001:S-P06-S03:GS01:p0012,7,0,0,0,0
9255,CP-AP-r001:S-P06-S03:GS02:p0001,7,0,0,0,0
9256,CP-AP-r001:S-P06-S03:GS02:p0002,7,0,0,0,0
9257,CP-AP-r001:S-P06-S03:GS02:p0003,8,0,0,0,0
9258,CP-AP-r001:S-P06-S03:GS02:p0004,7,0,0,0,0
9259,CP-AP-r001:S-P06-S03:GS02:p0005,7,0,0,0,0
9260,CP-AP-r001:S-P06-S03:GS02:p0006,7,0,0,0,0
9261,CP-AP-r001:S-P06-S03:GS02:p0007,8,0,0,0,0
9262,CP-AP-r001:S-P06-S03:GS02:p0008,6,0,0,0,0
9263,CP-AP-r001:S-P06-S03:GS02:p0009,7,0,0,0,0
9264,CP-AP-r001:S-P06-S03:GS02:p0010,7,0,0,0,0
9265,CP-AP-r001:S-P06-S03:GS02:p0011,8,0,0,0,0
9266,CP-AP-r001:S-P06-S03:GS02:p0012,7,0,0,0,0
9267,CP-AP-r001:S-P06-S03:GS03:p0001,7,0,0,0,0
9268,CP-AP-r001:S-P06-S03:GS03:p0002,5,0,0,0,0
9269,CP-AP-r001:S-P06-S03:GS03:p0003,6,0,0,0,0
9270,CP-AP-r001:S-P06-S03:GS03:p0004,8,0,0,0,0
9271,CP-AP-r001:S-P06-S03:GS03:p0005,6,0,0,0,0
9272,CP-AP-r001:S-P06-S03:GS03:p0006,8,0,0,0,0
9273,CP-AP-r001:S-P06-S03:GS03:p0007,7,0,0,0,0
9274,CP-AP-r001:S-P06-S03:GS03:p0008,8,0,0,0,0
9275,CP-AP-r001:S-P06-S03:GS03:p0009,7,0,0,0,0
9276,CP-AP-r001:S-P06-S03:GS03:p0010,7,0,0,0,0
9277,CP-AP-r001:S-P06-S03:GS03:p0011,8,0,0,0,0
9278,CP-AP-r001:S-P06-S03:GS03:p0012,6,0,0,0,0
9279,CP-AP-r001:S-P06-S03:GS04:p0001,7,0,0,0,0
9280,CP-AP-r001:S-P06-S03:GS04:p0002,7,0,0,0,0
9281,CP-AP-r001:S-P06-S03:GS04:p0003,8,0,0,0,0
9282,CP-AP-r001:S-P06-S03:GS04:p0004,7,0,0,0,0
9283,CP-AP-r001:S-P06-S03:GS04:p0005,7,0,0,0,0
9284,CP-AP-r001:S-P06-S03:GS04:p0006,8,0,0,0,0
9285,CP-AP-r001:S-P06-S03:GS04:p0007,7,0,0,0,0
9286,CP-AP-r001:S-P06-S03:GS04:p0008,7,0,0,0,0
9287,CP-AP-r001:S-P06-S03:GS04:p0009,4,0,0,0,0
9288,CP-AP-r001:S-P06-S03:GS04:p0010,6,0,0,0,0
9289,CP-AP-r001:S-P06-S03:GS04:p0011,10,0,0,0,0
9290,CP-AP-r001:S-P06-S03:GS05:p0001,8,0,0,0,0
9291,CP-AP-r001:S-P06-S03:GS05:p0002,7,0,0,0,0
9292,CP-AP-r001:S-P06-S03:GS05:p0003,8,0,0,0,0
9293,CP-AP-r001:S-P06-S03:GS05:p0004,7,0,0,0,0
9294,CP-AP-r001:S-P06-S03:GS05:p0005,8,0,0,0,0
9295,CP-AP-r001:S-P06-S03:GS05:p0006,6,0,0,0,0
9296,CP-AP-r001:S-P06-S03:GS05:p0007,8,0,0,0,0
9297,CP-AP-r001:S-P06-S03:GS05:p0008,7,0,0,0,0
9298,CP-AP-r001:S-P06-S03:GS05:p0009,6,0,0,0,0
9299,CP-AP-r001:S-P06-S03:GS05:p0010,5,0,0,0,0
9300,CP-AP-r001:S-P06-S03:GS05:p0011,8,0,0,0,0
9301,CP-AP-r001:S-P06-S03:GS05:p0012,7,0,0,0,0
9302,CP-AP-r001:S-P06-S03:GS06:p0001,7,0,0,0,0
9303,CP-AP-r001:S-P06-S03:GS06:p0002,7,0,0,0,0
9304,CP-AP-r001:S-P06-S03:GS06:p0003,10,0,0,0,0
9305,CP-AP-r001:S-P06-S03:GS06:p0004,6,0,0,0,0
9306,CP-AP-r001:S-P06-S03:GS06:p0005,7,0,0,0,0
9307,CP-AP-r001:S-P06-S03:GS06:p0006,7,0,0,0,0
9308,CP-AP-r001:S-P06-S03:GS06:p0007,8,0,0,0,0
9309,CP-AP-r001:S-P06-S03:GS06:p0008,8,0,0,0,0
9310,CP-AP-r001:S-P06-S03:GS06:p0009,7,0,0,0,0
9311,CP-AP-r001:S-P06-S03:GS06:p0010,7,0,0,0,0
9312,CP-AP-r001:S-P06-S03:GS06:p0011,8,0,0,0,0
9313,CP-AP-r001:S-P06-S03:GS06:p0012,7,0,0,0,0
9314,CP-AP-r001:S-P06-S03:GS07:p0001,9,0,0,0,0
9315,CP-AP-r001:S-P06-S03:GS07:p0002,8,0,0,0,0
9316,CP-AP-r001:S-P06-S03:GS07:p0003,8,0,0,0,0
9317,CP-AP-r001:S-P06-S03:GS07:p0004,8,0,0,0,0
9318,CP-AP-r001:S-P06-S03:GS07:p0005,7,0,0,0,0
9319,CP-AP-r001:S-P06-S03:GS07:p0006,8,0,0,0,0
9320,CP-AP-r001:S-P06-S03:GS07:p0007,8,0,0,0,0
9321,CP-AP-r001:S-P06-S03:GS07:p0008,8,0,0,0,0
9322,CP-AP-r001:S-P06-S03:GS07:p0009,7,0,0,0,0
9323,CP-AP-r001:S-P06-S03:GS07:p0010,7,0,0,0,0
9324,CP-AP-r001:S-P06-S03:GS07:p0011,7,0,0,0,0
9325,CP-AP-r001:S-P06-S03:GS07:p0012,8,0,0,0,0
9326,CP-AP-r001:S-P06-S03:GS07:p0013,10,0,0,0,0
9327,CP-AP-r001:S-P06-S03:GS08:p0001,10,0,0,0,0
9328,CP-AP-r001:S-P06-S03:GS08:p0002,8,0,0,0,0
9329,CP-AP-r001:S-P06-S03:GS08:p0003,9,0,0,0,0
9330,CP-AP-r001:S-P06-S03:GS08:p0004,8,0,0,0,0
9331,CP-AP-r001:S-P06-S03:GS08:p0005,10,0,0,0,0
9332,CP-AP-r001:S-P06-S03:GS08:p0006,8,0,0,0,0
9333,CP-AP-r001:S-P06-S03:GS08:p0007,9,0,0,0,0
9334,CP-AP-r001:S-P06-S03:GS08:p0008,8,0,0,0,0
9335,CP-AP-r001:S-P06-S03:GS08:p0009,8,0,0,0,0
9336,CP-AP-r001:S-P06-S03:GS08:p0010,10,0,0,0,0
9337,CP-AP-r001:S-P06-S03:GS08:p0011,8,0,0,0,0
9338,CP-AP-r001:S-P06-S03:GS08:p0012,9,0,0,0,0
9339,CP-AP-r001:S-P06-S03:GS08:p0013,8,0,0,0,0
9340,CP-AP-r001:S-P06-S03:GS08:p0014,6,0,0,0,0
9341,CP-AP-r001:S-P06-S03:GS09:p0001,8,0,0,0,0
9342,CP-AP-r001:S-P06-S03:GS09:p0002,9,0,0,0,0
9343,CP-AP-r001:S-P06-S03:GS09:p0003,8,0,0,0,0
9344,CP-AP-r001:S-P06-S03:GS09:p0004,10,0,0,0,0
9345,CP-AP-r001:S-P06-S03:GS09:p0005,8,0,0,0,0
9346,CP-AP-r001:S-P06-S03:GS09:p0006,8,0,0,0,0
9347,CP-AP-r001:S-P06-S03:GS09:p0007,9,0,0,0,0
9348,CP-AP-r001:S-P06-S03:GS09:p0008,10,0,0,0,0
9349,CP-AP-r001:S-P06-S03:GS09:p0009,8,0,0,0,0
9350,CP-AP-r001:S-P06-S03:GS09:p0010,8,0,0,0,0
9351,CP-AP-r001:S-P06-S03:GS09:p0011,9,0,0,0,0
9352,CP-AP-r001:S-P06-S03:GS09:p0012,10,0,0,0,0
9353,CP-AP-r001:S-P06-S03:GS10:p0001,7,0,0,0,0
9354,CP-AP-r001:S-P06-S03:GS10:p0002,8,0,0,0,0
9355,CP-AP-r001:S-P06-S03:GS10:p0003,8,0,0,0,0
9356,CP-AP-r001:S-P06-S03:GS10:p0004,9,0,0,0,0
9357,CP-AP-r001:S-P06-S03:GS10:p0005,8,0,0,0,0
9358,CP-AP-r001:S-P06-S03:GS10:p0006,9,0,0,0,0
9359,CP-AP-r001:S-P06-S03:GS10:p0007,8,0,0,0,0
9360,CP-AP-r001:S-P06-S03:GS10:p0008,9,0,0,0,0
9361,CP-AP-r001:S-P06-S03:GS10:p0009,8,0,0,0,0
9362,CP-AP-r001:S-P06-S03:GS10:p0010,10,0,0,0,0
9363,CP-AP-r001:S-P06-S03:GS10:p0011,8,0,0,0,0
9364,CP-AP-r001:S-P06-S03:GS10:p0012,10,0,0,0,0
9365,CP-AP-r001:S-P06-S03:GS11:p0001,8,0,0,0,0
9366,CP-AP-r001:S-P06-S03:GS11:p0002,8,0,0,0,0
9367,CP-AP-r001:S-P06-S03:GS11:p0003,8,0,0,0,0
9368,CP-AP-r001:S-P06-S03:GS11:p0004,8,0,0,0,0
9369,CP-AP-r001:S-P06-S03:GS11:p0005,8,0,0,0,0
9370,CP-AP-r001:S-P06-S03:GS11:p0006,8,0,0,0,0
9371,CP-AP-r001:S-P06-S03:GS11:p0007,7,0,0,0,0
9372,CP-AP-r001:S-P06-S03:GS11:p0008,8,0,0,0,0
9373,CP-AP-r001:S-P06-S03:GS11:p0009,10,0,0,0,0
9374,CP-AP-r001:S-P06-S03:GS11:p0010,9,0,0,0,0
9375,CP-AP-r001:S-P06-S03:GS11:p0011,7,0,0,0,0
9376,CP-AP-r001:S-P06-S03:GS11:p0012,6,0,0,0,0
9377,CP-AP-r001:S-P06-S03:GS11:p0013,8,0,0,0,0
9378,CP-AP-r001:S-P06-S03:GS11:p0014,10,0,0,0,0
9379,CP-AP-r001:S-P06-S03:GS12:p0001,10,0,0,0,0
9380,CP-AP-r001:S-P06-S03:GS12:p0002,8,0,0,0,0
9381,CP-AP-r001:S-P06-S03:GS12:p0003,8,0,0,0,0
9382,CP-AP-r001:S-P06-S03:GS12:p0004,8,0,0,0,0
9383,CP-AP-r001:S-P06-S03:GS12:p0005,8,0,0,0,0
9384,CP-AP-r001:S-P06-S03:GS12:p0006,10,0,0,0,0
9385,CP-AP-r001:S-P06-S03:GS12:p0007,8,0,0,0,0
9386,CP-AP-r001:S-P06-S03:GS12:p0008,8,0,0,0,0
9387,CP-AP-r001:S-P06-S03:GS12:p0009,8,0,0,0,0
9388,CP-AP-r001:S-P06-S03:GS12:p0010,9,0,0,0,0
9389,CP-AP-r001:S-P06-S03:GS12:p0011,9,0,0,0,0
9390,CP-AP-r001:S-P06-S03:GS12:p0012,8,0,0,0,0
9391,CP-AP-r001:S-P06-S03:GS12:p0013,8,0,0,0,0
9392,CP-AP-r001:S-P06-S03:GS12:p0014,8,0,0,0,0
9393,CP-AP-r001:S-P06-S04:GS01:p0001,6,0,0,0,0
9394,CP-AP-r001:S-P06-S04:GS01:p0002,6,0,0,0,0
9395,CP-AP-r001:S-P06-S04:GS01:p0003,8,0,0,0,0
9396,CP-AP-r001:S-P06-S04:GS01:p0004,6,0,0,0,0
9397,CP-AP-r001:S-P06-S04:GS01:p0005,7,0,0,0,0
9398,CP-AP-r001:S-P06-S04:GS01:p0006,6,0,0,0,0
9399,CP-AP-r001:S-P06-S04:GS01:p0007,8,0,0,0,0
9400,CP-AP-r001:S-P06-S04:GS01:p0008,6,0,0,0,0
9401,CP-AP-r001:S-P06-S04:GS01:p0009,6,0,0,0,0
9402,CP-AP-r001:S-P06-S04:GS01:p0010,5,0,0,0,0
9403,CP-AP-r001:S-P06-S04:GS01:p0011,8,0,0,0,0
9404,CP-AP-r001:S-P06-S04:GS01:p0012,6,0,0,0,0
9405,CP-AP-r001:S-P06-S04:GS02:p0001,6,0,0,0,0
9406,CP-AP-r001:S-P06-S04:GS02:p0002,6,0,0,0,0
9407,CP-AP-r001:S-P06-S04:GS02:p0003,8,0,0,0,0
9408,CP-AP-r001:S-P06-S04:GS02:p0004,6,0,0,0,0
9409,CP-AP-r001:S-P06-S04:GS02:p0005,6,0,0,0,0
9410,CP-AP-r001:S-P06-S04:GS02:p0006,6,0,0,0,0
9411,CP-AP-r001:S-P06-S04:GS02:p0007,8,0,0,0,0
9412,CP-AP-r001:S-P06-S04:GS02:p0008,4,0,0,0,0
9413,CP-AP-r001:S-P06-S04:GS02:p0009,6,0,0,0,0
9414,CP-AP-r001:S-P06-S04:GS02:p0010,6,0,0,0,0
9415,CP-AP-r001:S-P06-S04:GS02:p0011,8,0,0,0,0
9416,CP-AP-r001:S-P06-S04:GS02:p0012,6,0,0,0,0
9417,CP-AP-r001:S-P06-S04:GS03:p0001,5,0,0,0,0
9418,CP-AP-r001:S-P06-S04:GS03:p0002,5,0,0,0,0
9419,CP-AP-r001:S-P06-S04:GS03:p0003,7,0,0,0,0
9420,CP-AP-r001:S-P06-S04:GS03:p0004,8,0,0,0,0
9421,CP-AP-r001:S-P06-S04:GS03:p0005,5,0,0,0,0
9422,CP-AP-r001:S-P06-S04:GS03:p0006,6,0,0,0,0
9423,CP-AP-r001:S-P06-S04:GS03:p0007,8,0,0,0,0
9424,CP-AP-r001:S-P06-S04:GS03:p0008,6,0,0,0,0
9425,CP-AP-r001:S-P06-S04:GS03:p0009,6,0,0,0,0
9426,CP-AP-r001:S-P06-S04:GS03:p0010,8,0,0,0,0
9427,CP-AP-r001:S-P06-S04:GS03:p0011,6,0,0,0,0
9428,CP-AP-r001:S-P06-S04:GS04:p0001,7,0,0,0,0
9429,CP-AP-r001:S-P06-S04:GS04:p0002,6,0,0,0,0
9430,CP-AP-r001:S-P06-S04:GS04:p0003,8,0,0,0,0
9431,CP-AP-r001:S-P06-S04:GS04:p0004,6,0,0,0,0
9432,CP-AP-r001:S-P06-S04:GS04:p0005,6,0,0,0,0
9433,CP-AP-r001:S-P06-S04:GS04:p0006,8,0,0,0,0
9434,CP-AP-r001:S-P06-S04:GS04:p0007,6,0,0,0,0
9435,CP-AP-r001:S-P06-S04:GS04:p0008,6,0,0,0,0
9436,CP-AP-r001:S-P06-S04:GS04:p0009,6,0,0,0,0
9437,CP-AP-r001:S-P06-S04:GS04:p0010,7,0,0,0,0
9438,CP-AP-r001:S-P06-S04:GS04:p0011,9,0,0,0,0
9439,CP-AP-r001:S-P06-S04:GS05:p0001,7,0,0,0,0
9440,CP-AP-r001:S-P06-S04:GS05:p0002,6,0,0,0,0
9441,CP-AP-r001:S-P06-S04:GS05:p0003,8,0,0,0,0
9442,CP-AP-r001:S-P06-S04:GS05:p0004,6,0,0,0,0
9443,CP-AP-r001:S-P06-S04:GS05:p0005,8,0,0,0,0
9444,CP-AP-r001:S-P06-S04:GS05:p0006,6,0,0,0,0
9445,CP-AP-r001:S-P06-S04:GS05:p0007,8,0,0,0,0
9446,CP-AP-r001:S-P06-S04:GS05:p0008,6,0,0,0,0
9447,CP-AP-r001:S-P06-S04:GS05:p0009,6,0,0,0,0
9448,CP-AP-r001:S-P06-S04:GS05:p0010,4,0,0,0,0
9449,CP-AP-r001:S-P06-S04:GS05:p0011,8,0,0,0,0
9450,CP-AP-r001:S-P06-S04:GS05:p0012,6,0,0,0,0
9451,CP-AP-r001:S-P06-S04:GS06:p0001,6,0,0,0,0
9452,CP-AP-r001:S-P06-S04:GS06:p0002,6,0,0,0,0
9453,CP-AP-r001:S-P06-S04:GS06:p0003,10,0,0,0,0
9454,CP-AP-r001:S-P06-S04:GS06:p0004,4,0,0,0,0
9455,CP-AP-r001:S-P06-S04:GS06:p0005,6,0,0,0,0
9456,CP-AP-r001:S-P06-S04:GS06:p0006,6,0,0,0,0
9457,CP-AP-r001:S-P06-S04:GS06:p0007,8,0,0,0,0
9458,CP-AP-r001:S-P06-S04:GS06:p0008,6,0,0,0,0
9459,CP-AP-r001:S-P06-S04:GS06:p0009,6,0,0,0,0
9460,CP-AP-r001:S-P06-S04:GS06:p0010,6,0,0,0,0
9461,CP-AP-r001:S-P06-S04:GS06:p0011,8,0,0,0,0
9462,CP-AP-r001:S-P06-S04:GS06:p0012,6,0,0,0,0
9463,CP-AP-r001:S-P06-S04:GS07:p0001,10,0,0,0,0
9464,CP-AP-r001:S-P06-S04:GS07:p0002,8,0,0,0,0
9465,CP-AP-r001:S-P06-S04:GS07:p0003,8,0,0,0,0
9466,CP-AP-r001:S-P06-S04:GS07:p0004,8,0,0,0,0
9467,CP-AP-r001:S-P06-S04:GS07:p0005,8,0,0,0,0
9468,CP-AP-r001:S-P06-S04:GS07:p0006,8,0,0,0,0
9469,CP-AP-r001:S-P06-S04:GS07:p0007,7,0,0,0,0
9470,CP-AP-r001:S-P06-S04:GS07:p0008,8,0,0,0,0
9471,CP-AP-r001:S-P06-S04:GS07:p0009,8,0,0,0,0
9472,CP-AP-r001:S-P06-S04:GS07:p0010,9,0,0,0,0
9473,CP-AP-r001:S-P06-S04:GS07:p0011,8,0,0,0,0
9474,CP-AP-r001:S-P06-S04:GS07:p0012,6,0,0,0,0
9475,CP-AP-r001:S-P06-S04:GS07:p0013,8,0,0,0,0
9476,CP-AP-r001:S-P06-S04:GS07:p0014,9,0,0,0,0
9477,CP-AP-r001:S-P06-S04:GS08:p0001,9,0,0,0,0
9478,CP-AP-r001:S-P06-S04:GS08:p0002,7,0,0,0,0
9479,CP-AP-r001:S-P06-S04:GS08:p0003,10,0,0,0,0
9480,CP-AP-r001:S-P06-S04:GS08:p0004,8,0,0,0,0
9481,CP-AP-r001:S-P06-S04:GS08:p0005,10,0,0,0,0
9482,CP-AP-r001:S-P06-S04:GS08:p0006,7,0,0,0,0
9483,CP-AP-r001:S-P06-S04:GS08:p0007,10,0,0,0,0
9484,CP-AP-r001:S-P06-S04:GS08:p0008,8,0,0,0,0
9485,CP-AP-r001:S-P06-S04:GS08:p0009,5,0,0,0,0
9486,CP-AP-r001:S-P06-S04:GS08:p0010,10,0,0,0,0
9487,CP-AP-r001:S-P06-S04:GS08:p0011,8,0,0,0,0
9488,CP-AP-r001:S-P06-S04:GS08:p0012,8,0,0,0,0
9489,CP-AP-r001:S-P06-S04:GS08:p0013,5,0,0,0,0
9490,CP-AP-r001:S-P06-S04:GS09:p0001,7,0,0,0,0
9491,CP-AP-r001:S-P06-S04:GS09:p0002,7,0,0,0,0
9492,CP-AP-r001:S-P06-S04:GS09:p0003,9,0,0,0,0
9493,CP-AP-r001:S-P06-S04:GS09:p0004,10,0,0,0,0
9494,CP-AP-r001:S-P06-S04:GS09:p0005,7,0,0,0,0
9495,CP-AP-r001:S-P06-S04:GS09:p0006,7,0,0,0,0
9496,CP-AP-r001:S-P06-S04:GS09:p0007,10,0,0,0,0
9497,CP-AP-r001:S-P06-S04:GS09:p0008,10,0,0,0,0
9498,CP-AP-r001:S-P06-S04:GS09:p0009,7,0,0,0,0
9499,CP-AP-r001:S-P06-S04:GS09:p0010,7,0,0,0,0
9500,CP-AP-r001:S-P06-S04:GS09:p0011,10,0,0,0,0
9501,CP-AP-r001:S-P06-S04:GS09:p0012,9,0,0,0,0
9502,CP-AP-r001:S-P06-S04:GS10:p0001,7,0,0,0,0
9503,CP-AP-r001:S-P06-S04:GS10:p0002,7,0,0,0,0
9504,CP-AP-r001:S-P06-S04:GS10:p0003,8,0,0,0,0
9505,CP-AP-r001:S-P06-S04:GS10:p0004,8,0,0,0,0
9506,CP-AP-r001:S-P06-S04:GS10:p0005,8,0,0,0,0
9507,CP-AP-r001:S-P06-S04:GS10:p0006,8,0,0,0,0
9508,CP-AP-r001:S-P06-S04:GS10:p0007,8,0,0,0,0
9509,CP-AP-r001:S-P06-S04:GS10:p0008,8,0,0,0,0
9510,CP-AP-r001:S-P06-S04:GS10:p0009,8,0,0,0,0
9511,CP-AP-r001:S-P06-S04:GS10:p0010,7,0,0,0,0
9512,CP-AP-r001:S-P06-S04:GS10:p0011,8,0,0,0,0
9513,CP-AP-r001:S-P06-S04:GS10:p0012,10,0,0,0,0
9514,CP-AP-r001:S-P06-S04:GS11:p0001,9,0,0,0,0
9515,CP-AP-r001:S-P06-S04:GS11:p0002,8,0,0,0,0
9516,CP-AP-r001:S-P06-S04:GS11:p0003,8,0,0,0,0
9517,CP-AP-r001:S-P06-S04:GS11:p0004,8,0,0,0,0
9518,CP-AP-r001:S-P06-S04:GS11:p0005,10,0,0,0,0
9519,CP-AP-r001:S-P06-S04:GS11:p0006,8,0,0,0,0
9520,CP-AP-r001:S-P06-S04:GS11:p0007,5,0,0,0,0
9521,CP-AP-r001:S-P06-S04:GS11:p0008,8,0,0,0,0
9522,CP-AP-r001:S-P06-S04:GS11:p0009,9,0,0,0,0
9523,CP-AP-r001:S-P06-S04:GS11:p0010,7,0,0,0,0
9524,CP-AP-r001:S-P06-S04:GS11:p0011,5,0,0,0,0
9525,CP-AP-r001:S-P06-S04:GS11:p0012,8,0,0,0,0
9526,CP-AP-r001:S-P06-S04:GS11:p0013,9,0,0,0,0
9527,CP-AP-r001:S-P06-S04:GS12:p0001,10,0,0,0,0
9528,CP-AP-r001:S-P06-S04:GS12:p0002,7,0,0,0,0
9529,CP-AP-r001:S-P06-S04:GS12:p0003,9,0,0,0,0
9530,CP-AP-r001:S-P06-S04:GS12:p0004,8,0,0,0,0
9531,CP-AP-r001:S-P06-S04:GS12:p0005,5,0,0,0,0
9532,CP-AP-r001:S-P06-S04:GS12:p0006,10,0,0,0,0
9533,CP-AP-r001:S-P06-S04:GS12:p0007,8,0,0,0,0
9534,CP-AP-r001:S-P06-S04:GS12:p0008,10,0,0,0,0
9535,CP-AP-r001:S-P06-S04:GS12:p0009,8,0,0,0,0
9536,CP-AP-r001:S-P06-S04:GS12:p0010,7,0,0,0,0
9537,CP-AP-r001:S-P06-S04:GS12:p0011,10,0,0,0,0
9538,CP-AP-r001:S-P06-S04:GS12:p0012,8,0,0,0,0
9539,CP-AP-r001:S-P06-S04:GS12:p0013,8,0,0,0,0
9540,CP-AP-r001:S-P06-S04:GS12:p0014,8,0,0,0,0
9541,CP-AP-r001:S-P06-S05:GS01:p0001,7,0,0,0,0
9542,CP-AP-r001:S-P06-S05:GS01:p0002,6,0,0,0,0
9543,CP-AP-r001:S-P06-S05:GS01:p0003,8,0,0,0,0
9544,CP-AP-r001:S-P06-S05:GS01:p0004,7,0,0,0,0
9545,CP-AP-r001:S-P06-S05:GS01:p0005,6,0,0,0,0
9546,CP-AP-r001:S-P06-S05:GS01:p0006,5,0,0,0,0
9547,CP-AP-r001:S-P06-S05:GS01:p0007,8,0,0,0,0
9548,CP-AP-r001:S-P06-S05:GS01:p0008,7,0,0,0,0
9549,CP-AP-r001:S-P06-S05:GS01:p0009,7,0,0,0,0
9550,CP-AP-r001:S-P06-S05:GS01:p0010,8,0,0,0,0
9551,CP-AP-r001:S-P06-S05:GS01:p0011,7,0,0,0,0
9552,CP-AP-r001:S-P06-S05:GS02:p0001,7,0,0,0,0
9553,CP-AP-r001:S-P06-S05:GS02:p0002,7,0,0,0,0
9554,CP-AP-r001:S-P06-S05:GS02:p0003,8,0,0,0,0
9555,CP-AP-r001:S-P06-S05:GS02:p0004,7,0,0,0,0
9556,CP-AP-r001:S-P06-S05:GS02:p0005,7,0,0,0,0
9557,CP-AP-r001:S-P06-S05:GS02:p0006,7,0,0,0,0
9558,CP-AP-r001:S-P06-S05:GS02:p0007,8,0,0,0,0
9559,CP-AP-r001:S-P06-S05:GS02:p0008,7,0,0,0,0
9560,CP-AP-r001:S-P06-S05:GS02:p0009,8,0,0,0,0
9561,CP-AP-r001:S-P06-S05:GS02:p0010,6,0,0,0,0
9562,CP-AP-r001:S-P06-S05:GS02:p0011,8,0,0,0,0
9563,CP-AP-r001:S-P06-S05:GS02:p0012,7,0,0,0,0
9564,CP-AP-r001:S-P06-S05:GS03:p0001,7,0,0,0,0
9565,CP-AP-r001:S-P06-S05:GS03:p0002,7,0,0,0,0
9566,CP-AP-r001:S-P06-S05:GS03:p0003,8,0,0,0,0
9567,CP-AP-r001:S-P06-S05:GS03:p0004,7,0,0,0,0
9568,CP-AP-r001:S-P06-S05:GS03:p0005,7,0,0,0,0
9569,CP-AP-r001:S-P06-S05:GS03:p0006,10,0,0,0,0
9570,CP-AP-r001:S-P06-S05:GS03:p0007,7,0,0,0,0
9571,CP-AP-r001:S-P06-S05:GS03:p0008,7,0,0,0,0
9572,CP-AP-r001:S-P06-S05:GS03:p0009,7,0,0,0,0
9573,CP-AP-r001:S-P06-S05:GS03:p0010,8,0,0,0,0
9574,CP-AP-r001:S-P06-S05:GS03:p0011,8,0,0,0,0
9575,CP-AP-r001:S-P06-S05:GS04:p0001,7,0,0,0,0
9576,CP-AP-r001:S-P06-S05:GS04:p0002,4,0,0,0,0
9577,CP-AP-r001:S-P06-S05:GS04:p0003,7,0,0,0,0
9578,CP-AP-r001:S-P06-S05:GS04:p0004,10,0,0,0,0
9579,CP-AP-r001:S-P06-S05:GS04:p0005,6,0,0,0,0
9580,CP-AP-r001:S-P06-S05:GS04:p0006,5,0,0,0,0
9581,CP-AP-r001:S-P06-S05:GS04:p0007,7,0,0,0,0
9582,CP-AP-r001:S-P06-S05:GS04:p0008,8,0,0,0,0
9583,CP-AP-r001:S-P06-S05:GS04:p0009,7,0,0,0,0
9584,CP-AP-r001:S-P06-S05:GS04:p0010,7,0,0,0,0
9585,CP-AP-r001:S-P06-S05:GS04:p0011,8,0,0,0,0
9586,CP-AP-r001:S-P06-S05:GS05:p0001,6,0,0,0,0
9587,CP-AP-r001:S-P06-S05:GS05:p0002,5,0,0,0,0
9588,CP-AP-r001:S-P06-S05:GS05:p0003,8,0,0,0,0
9589,CP-AP-r001:S-P06-S05:GS05:p0004,7,0,0,0,0
9590,CP-AP-r001:S-P06-S05:GS05:p0005,7,0,0,0,0
9591,CP-AP-r001:S-P06-S05:GS05:p0006,7,0,0,0,0
9592,CP-AP-r001:S-P06-S05:GS05:p0007,8,0,0,0,0
9593,CP-AP-r001:S-P06-S05:GS05:p0008,7,0,0,0,0
9594,CP-AP-r001:S-P06-S05:GS05:p0009,7,0,0,0,0
9595,CP-AP-r001:S-P06-S05:GS05:p0010,8,0,0,0,0
9596,CP-AP-r001:S-P06-S05:GS05:p0011,7,0,0,0,0
9597,CP-AP-r001:S-P06-S05:GS06:p0001,7,0,0,0,0
9598,CP-AP-r001:S-P06-S05:GS06:p0002,7,0,0,0,0
9599,CP-AP-r001:S-P06-S05:GS06:p0003,8,0,0,0,0
9600,CP-AP-r001:S-P06-S05:GS06:p0004,7,0,0,0,0
9601,CP-AP-r001:S-P06-S05:GS06:p0005,8,0,0,0,0
9602,CP-AP-r001:S-P06-S05:GS06:p0006,7,0,0,0,0
9603,CP-AP-r001:S-P06-S05:GS06:p0007,8,0,0,0,0
9604,CP-AP-r001:S-P06-S05:GS06:p0008,7,0,0,0,0
9605,CP-AP-r001:S-P06-S05:GS06:p0009,7,0,0,0,0
9606,CP-AP-r001:S-P06-S05:GS06:p0010,6,0,0,0,0
9607,CP-AP-r001:S-P06-S05:GS06:p0011,8,0,0,0,0
9608,CP-AP-r001:S-P06-S05:GS06:p0012,7,0,0,0,0
9609,CP-AP-r001:S-P06-S05:GS07:p0001,8,0,0,0,0
9610,CP-AP-r001:S-P06-S05:GS07:p0002,7,0,0,0,0
9611,CP-AP-r001:S-P06-S05:GS07:p0003,7,0,0,0,0
9612,CP-AP-r001:S-P06-S05:GS07:p0004,8,0,0,0,0
9613,CP-AP-r001:S-P06-S05:GS07:p0005,10,0,0,0,0
9614,CP-AP-r001:S-P06-S05:GS07:p0006,7,0,0,0,0
9615,CP-AP-r001:S-P06-S05:GS07:p0007,7,0,0,0,0
9616,CP-AP-r001:S-P06-S05:GS07:p0008,8,0,0,0,0
9617,CP-AP-r001:S-P06-S05:GS07:p0009,9,0,0,0,0
9618,CP-AP-r001:S-P06-S05:GS07:p0010,7,0,0,0,0
9619,CP-AP-r001:S-P06-S05:GS07:p0011,9,0,0,0,0
9620,CP-AP-r001:S-P06-S05:GS07:p0012,8,0,0,0,0
9621,CP-AP-r001:S-P06-S05:GS07:p0013,9,0,0,0,0
9622,CP-AP-r001:S-P06-S05:GS08:p0001,10,0,0,0,0
9623,CP-AP-r001:S-P06-S05:GS08:p0002,8,0,0,0,0
9624,CP-AP-r001:S-P06-S05:GS08:p0003,9,0,0,0,0
9625,CP-AP-r001:S-P06-S05:GS08:p0004,8,0,0,0,0
9626,CP-AP-r001:S-P06-S05:GS08:p0005,8,0,0,0,0
9627,CP-AP-r001:S-P06-S05:GS08:p0006,9,0,0,0,0
9628,CP-AP-r001:S-P06-S05:GS08:p0007,8,0,0,0,0
9629,CP-AP-r001:S-P06-S05:GS08:p0008,8,0,0,0,0
9630,CP-AP-r001:S-P06-S05:GS08:p0009,8,0,0,0,0
9631,CP-AP-r001:S-P06-S05:GS08:p0010,8,0,0,0,0
9632,CP-AP-r001:S-P06-S05:GS08:p0011,8,0,0,0,0
9633,CP-AP-r001:S-P06-S05:GS08:p0012,7,0,0,0,0
9634,CP-AP-r001:S-P06-S05:GS08:p0013,8,0,0,0,0
9635,CP-AP-r001:S-P06-S05:GS08:p0014,9,0,0,0,0
9636,CP-AP-r001:S-P06-S05:GS09:p0001,8,0,0,0,0
9637,CP-AP-r001:S-P06-S05:GS09:p0002,8,0,0,0,0
9638,CP-AP-r001:S-P06-S05:GS09:p0003,9,0,0,0,0
9639,CP-AP-r001:S-P06-S05:GS09:p0004,10,0,0,0,0
9640,CP-AP-r001:S-P06-S05:GS09:p0005,11,0,0,0,0
9641,CP-AP-r001:S-P06-S05:GS09:p0006,8,0,0,0,0
9642,CP-AP-r001:S-P06-S05:GS09:p0007,7,0,0,0,0
9643,CP-AP-r001:S-P06-S05:GS09:p0008,8,0,0,0,0
9644,CP-AP-r001:S-P06-S05:GS09:p0009,10,0,0,0,0
9645,CP-AP-r001:S-P06-S05:GS09:p0010,8,0,0,0,0
9646,CP-AP-r001:S-P06-S05:GS09:p0011,8,0,0,0,0
9647,CP-AP-r001:S-P06-S05:GS09:p0012,8,0,0,0,0
9648,CP-AP-r001:S-P06-S05:GS09:p0013,8,0,0,0,0
9649,CP-AP-r001:S-P06-S05:GS10:p0001,8,0,0,0,0
9650,CP-AP-r001:S-P06-S05:GS10:p0002,10,0,0,0,0
9651,CP-AP-r001:S-P06-S05:GS10:p0003,8,0,0,0,0
9652,CP-AP-r001:S-P06-S05:GS10:p0004,10,0,0,0,0
9653,CP-AP-r001:S-P06-S05:GS10:p0005,8,0,0,0,0
9654,CP-AP-r001:S-P06-S05:GS10:p0006,8,0,0,0,0
9655,CP-AP-r001:S-P06-S05:GS10:p0007,8,0,0,0,0
9656,CP-AP-r001:S-P06-S05:GS10:p0008,10,0,0,0,0
9657,CP-AP-r001:S-P06-S05:GS10:p0009,8,0,0,0,0
9658,CP-AP-r001:S-P06-S05:GS10:p0010,8,0,0,0,0
9659,CP-AP-r001:S-P06-S05:GS10:p0011,9,0,0,0,0
9660,CP-AP-r001:S-P06-S05:GS10:p0012,10,0,0,0,0
9661,CP-AP-r001:S-P06-S05:GS11:p0001,8,0,0,0,0
9662,CP-AP-r001:S-P06-S05:GS11:p0002,7,0,0,0,0
9663,CP-AP-r001:S-P06-S05:GS11:p0003,6,0,0,0,0
9664,CP-AP-r001:S-P06-S05:GS11:p0004,8,0,0,0,0
9665,CP-AP-r001:S-P06-S05:GS11:p0005,10,0,0,0,0
9666,CP-AP-r001:S-P06-S05:GS11:p0006,7,0,0,0,0
9667,CP-AP-r001:S-P06-S05:GS11:p0007,8,0,0,0,0
9668,CP-AP-r001:S-P06-S05:GS11:p0008,8,0,0,0,0
9669,CP-AP-r001:S-P06-S05:GS11:p0009,9,0,0,0,0
9670,CP-AP-r001:S-P06-S05:GS11:p0010,9,0,0,0,0
9671,CP-AP-r001:S-P06-S05:GS11:p0011,9,0,0,0,0
9672,CP-AP-r001:S-P06-S05:GS11:p0012,8,0,0,0,0
9673,CP-AP-r001:S-P06-S05:GS11:p0013,8,0,0,0,0
9674,CP-AP-r001:S-P06-S05:GS12:p0001,9,0,0,0,0
9675,CP-AP-r001:S-P06-S05:GS12:p0002,8,0,0,0,0
9676,CP-AP-r001:S-P06-S05:GS12:p0003,8,0,0,0,0
9677,CP-AP-r001:S-P06-S05:GS12:p0004,8,0,0,0,0
9678,CP-AP-r001:S-P06-S05:GS12:p0005,7,0,0,0,0
9679,CP-AP-r001:S-P06-S05:GS12:p0006,8,0,0,0,0
9680,CP-AP-r001:S-P06-S05:GS12:p0007,8,0,0,0,0
9681,CP-AP-r001:S-P06-S05:GS12:p0008,8,0,0,0,0
9682,CP-AP-r001:S-P06-S05:GS12:p0009,7,0,0,0,0
9683,CP-AP-r001:S-P06-S05:GS12:p0010,7,0,0,0,0
9684,CP-AP-r001:S-P06-S05:GS12:p0011,7,0,0,0,0
9685,CP-AP-r001:S-P06-S05:GS12:p0012,8,0,0,0,0
9686,CP-AP-r001:S-P06-S05:GS12:p0013,10,0,0,0,0
9687,CP-AP-r001:S-P06-S06:GS01:p0001,7,0,0,0,0
9688,CP-AP-r001:S-P06-S06:GS01:p0002,6,0,0,0,0
9689,CP-AP-r001:S-P06-S06:GS01:p0003,8,0,0,0,0
9690,CP-AP-r001:S-P06-S06:GS01:p0004,6,0,0,0,0
9691,CP-AP-r001:S-P06-S06:GS01:p0005,6,0,0,0,0
9692,CP-AP-r001:S-P06-S06:GS01:p0006,4,0,0,0,0
9693,CP-AP-r001:S-P06-S06:GS01:p0007,8,0,0,0,0
9694,CP-AP-r001:S-P06-S06:GS01:p0008,6,0,0,0,0
9695,CP-AP-r001:S-P06-S06:GS01:p0009,7,0,0,0,0
9696,CP-AP-r001:S-P06-S06:GS01:p0010,8,0,0,0,0
9697,CP-AP-r001:S-P06-S06:GS01:p0011,6,0,0,0,0
9698,CP-AP-r001:S-P06-S06:GS02:p0001,6,0,0,0,0
9699,CP-AP-r001:S-P06-S06:GS02:p0002,6,0,0,0,0
9700,CP-AP-r001:S-P06-S06:GS02:p0003,8,0,0,0,0
9701,CP-AP-r001:S-P06-S06:GS02:p0004,6,0,0,0,0
9702,CP-AP-r001:S-P06-S06:GS02:p0005,6,0,0,0,0
9703,CP-AP-r001:S-P06-S06:GS02:p0006,6,0,0,0,0
9704,CP-AP-r001:S-P06-S06:GS02:p0007,8,0,0,0,0
9705,CP-AP-r001:S-P06-S06:GS02:p0008,6,0,0,0,0
9706,CP-AP-r001:S-P06-S06:GS02:p0009,8,0,0,0,0
9707,CP-AP-r001:S-P06-S06:GS02:p0010,6,0,0,0,0
9708,CP-AP-r001:S-P06-S06:GS02:p0011,8,0,0,0,0
9709,CP-AP-r001:S-P06-S06:GS02:p0012,6,0,0,0,0
9710,CP-AP-r001:S-P06-S06:GS03:p0001,6,0,0,0,0
9711,CP-AP-r001:S-P06-S06:GS03:p0002,6,0,0,0,0
9712,CP-AP-r001:S-P06-S06:GS03:p0003,8,0,0,0,0
9713,CP-AP-r001:S-P06-S06:GS03:p0004,6,0,0,0,0
9714,CP-AP-r001:S-P06-S06:GS03:p0005,6,0,0,0,0
9715,CP-AP-r001:S-P06-S06:GS03:p0006,6,0,0,0,0
9716,CP-AP-r001:S-P06-S06:GS03:p0007,10,0,0,0,0
9717,CP-AP-r001:S-P06-S06:GS03:p0008,4,0,0,0,0
9718,CP-AP-r001:S-P06-S06:GS03:p0009,6,0,0,0,0
9719,CP-AP-r001:S-P06-S06:GS03:p0010,6,0,0,0,0
9720,CP-AP-r001:S-P06-S06:GS03:p0011,8,0,0,0,0
9721,CP-AP-r001:S-P06-S06:GS03:p0012,6,0,0,0,0
9722,CP-AP-r001:S-P06-S06:GS04:p0001,6,0,0,0,0
9723,CP-AP-r001:S-P06-S06:GS04:p0002,6,0,0,0,0
9724,CP-AP-r001:S-P06-S06:GS04:p0003,8,0,0,0,0
9725,CP-AP-r001:S-P06-S06:GS04:p0004,9,0,0,0,0
9726,CP-AP-r001:S-P06-S06:GS04:p0005,5,0,0,0,0
9727,CP-AP-r001:S-P06-S06:GS04:p0006,5,0,0,0,0
9728,CP-AP-r001:S-P06-S06:GS04:p0007,7,0,0,0,0
9729,CP-AP-r001:S-P06-S06:GS04:p0008,8,0,0,0,0
9730,CP-AP-r001:S-P06-S06:GS04:p0009,6,0,0,0,0
9731,CP-AP-r001:S-P06-S06:GS04:p0010,6,0,0,0,0
9732,CP-AP-r001:S-P06-S06:GS04:p0011,8,0,0,0,0
9733,CP-AP-r001:S-P06-S06:GS05:p0001,6,0,0,0,0
9734,CP-AP-r001:S-P06-S06:GS05:p0002,4,0,0,0,0
9735,CP-AP-r001:S-P06-S06:GS05:p0003,8,0,0,0,0
9736,CP-AP-r001:S-P06-S06:GS05:p0004,6,0,0,0,0
9737,CP-AP-r001:S-P06-S06:GS05:p0005,7,0,0,0,0
9738,CP-AP-r001:S-P06-S06:GS05:p0006,6,0,0,0,0
9739,CP-AP-r001:S-P06-S06:GS05:p0007,8,0,0,0,0
9740,CP-AP-r001:S-P06-S06:GS05:p0008,6,0,0,0,0
9741,CP-AP-r001:S-P06-S06:GS05:p0009,6,0,0,0,0
9742,CP-AP-r001:S-P06-S06:GS05:p0010,8,0,0,0,0
9743,CP-AP-r001:S-P06-S06:GS05:p0011,6,0,0,0,0
9744,CP-AP-r001:S-P06-S06:GS06:p0001,6,0,0,0,0
9745,CP-AP-r001:S-P06-S06:GS06:p0002,6,0,0,0,0
9746,CP-AP-r001:S-P06-S06:GS06:p0003,8,0,0,0,0
9747,CP-AP-r001:S-P06-S06:GS06:p0004,6,0,0,0,0
9748,CP-AP-r001:S-P06-S06:GS06:p0005,7,0,0,0,0
9749,CP-AP-r001:S-P06-S06:GS06:p0006,6,0,0,0,0
9750,CP-AP-r001:S-P06-S06:GS06:p0007,8,0,0,0,0
9751,CP-AP-r001:S-P06-S06:GS06:p0008,6,0,0,0,0
9752,CP-AP-r001:S-P06-S06:GS06:p0009,7,0,0,0,0
9753,CP-AP-r001:S-P06-S06:GS06:p0010,5,0,0,0,0
9754,CP-AP-r001:S-P06-S06:GS06:p0011,8,0,0,0,0
9755,CP-AP-r001:S-P06-S06:GS06:p0012,6,0,0,0,0
9756,CP-AP-r001:S-P06-S06:GS07:p0001,9,0,0,0,0
9757,CP-AP-r001:S-P06-S06:GS07:p0002,8,0,0,0,0
9758,CP-AP-r001:S-P06-S06:GS07:p0003,5,0,0,0,0
9759,CP-AP-r001:S-P06-S06:GS07:p0004,8,0,0,0,0
9760,CP-AP-r001:S-P06-S06:GS07:p0005,9,0,0,0,0
9761,CP-AP-r001:S-P06-S06:GS07:p0006,7,0,0,0,0
9762,CP-AP-r001:S-P06-S06:GS07:p0007,6,0,0,0,0
9763,CP-AP-r001:S-P06-S06:GS07:p0008,8,0,0,0,0
9764,CP-AP-r001:S-P06-S06:GS07:p0009,8,0,0,0,0
9765,CP-AP-r001:S-P06-S06:GS07:p0010,7,0,0,0,0
9766,CP-AP-r001:S-P06-S06:GS07:p0011,8,0,0,0,0
9767,CP-AP-r001:S-P06-S06:GS07:p0012,8,0,0,0,0
9768,CP-AP-r001:S-P06-S06:GS07:p0013,8,0,0,0,0
9769,CP-AP-r001:S-P06-S06:GS08:p0001,10,0,0,0,0
9770,CP-AP-r001:S-P06-S06:GS08:p0002,8,0,0,0,0
9771,CP-AP-r001:S-P06-S06:GS08:p0003,10,0,0,0,0
9772,CP-AP-r001:S-P06-S06:GS08:p0004,8,0,0,0,0
9773,CP-AP-r001:S-P06-S06:GS08:p0005,6,0,0,0,0
9774,CP-AP-r001:S-P06-S06:GS08:p0006,10,0,0,0,0
9775,CP-AP-r001:S-P06-S06:GS08:p0007,8,0,0,0,0
9776,CP-AP-r001:S-P06-S06:GS08:p0008,8,0,0,0,0
9777,CP-AP-r001:S-P06-S06:GS08:p0009,8,0,0,0,0
9778,CP-AP-r001:S-P06-S06:GS08:p0010,9,0,0,0,0
9779,CP-AP-r001:S-P06-S06:GS08:p0011,8,0,0,0,0
9780,CP-AP-r001:S-P06-S06:GS08:p0012,6,0,0,0,0
9781,CP-AP-r001:S-P06-S06:GS08:p0013,8,0,0,0,0
9782,CP-AP-r001:S-P06-S06:GS08:p0014,8,0,0,0,0
9783,CP-AP-r001:S-P06-S06:GS09:p0001,7,0,0,0,0
9784,CP-AP-r001:S-P06-S06:GS09:p0002,7,0,0,0,0
9785,CP-AP-r001:S-P06-S06:GS09:p0003,10,0,0,0,0
9786,CP-AP-r001:S-P06-S06:GS09:p0004,9,0,0,0,0
9787,CP-AP-r001:S-P06-S06:GS09:p0005,10,0,0,0,0
9788,CP-AP-r001:S-P06-S06:GS09:p0006,7,0,0,0,0
9789,CP-AP-r001:S-P06-S06:GS09:p0007,8,0,0,0,0
9790,CP-AP-r001:S-P06-S06:GS09:p0008,8,0,0,0,0
9791,CP-AP-r001:S-P06-S06:GS09:p0009,10,0,0,0,0
9792,CP-AP-r001:S-P06-S06:GS09:p0010,7,0,0,0,0
9793,CP-AP-r001:S-P06-S06:GS09:p0011,10,0,0,0,0
9794,CP-AP-r001:S-P06-S06:GS09:p0012,8,0,0,0,0
9795,CP-AP-r001:S-P06-S06:GS09:p0013,6,0,0,0,0
9796,CP-AP-r001:S-P06-S06:GS10:p0001,8,0,0,0,0
9797,CP-AP-r001:S-P06-S06:GS10:p0002,7,0,0,0,0
9798,CP-AP-r001:S-P06-S06:GS10:p0003,8,0,0,0,0
9799,CP-AP-r001:S-P06-S06:GS10:p0004,10,0,0,0,0
9800,CP-AP-r001:S-P06-S06:GS10:p0005,7,0,0,0,0
9801,CP-AP-r001:S-P06-S06:GS10:p0006,7,0,0,0,0
9802,CP-AP-r001:S-P06-S06:GS10:p0007,9,0,0,0,0
9803,CP-AP-r001:S-P06-S06:GS10:p0008,10,0,0,0,0
9804,CP-AP-r001:S-P06-S06:GS10:p0009,7,0,0,0,0
9805,CP-AP-r001:S-P06-S06:GS10:p0010,7,0,0,0,0
9806,CP-AP-r001:S-P06-S06:GS10:p0011,10,0,0,0,0
9807,CP-AP-r001:S-P06-S06:GS10:p0012,10,0,0,0,0
9808,CP-AP-r001:S-P06-S06:GS11:p0001,7,0,0,0,0
9809,CP-AP-r001:S-P06-S06:GS11:p0002,5,0,0,0,0
9810,CP-AP-r001:S-P06-S06:GS11:p0003,8,0,0,0,0
9811,CP-AP-r001:S-P06-S06:GS11:p0004,9,0,0,0,0
9812,CP-AP-r001:S-P06-S06:GS11:p0005,7,0,0,0,0
9813,CP-AP-r001:S-P06-S06:GS11:p0006,8,0,0,0,0
9814,CP-AP-r001:S-P06-S06:GS11:p0007,8,0,0,0,0
9815,CP-AP-r001:S-P06-S06:GS11:p0008,8,0,0,0,0
9816,CP-AP-r001:S-P06-S06:GS11:p0009,9,0,0,0,0
9817,CP-AP-r001:S-P06-S06:GS11:p0010,8,0,0,0,0
9818,CP-AP-r001:S-P06-S06:GS11:p0011,8,0,0,0,0
9819,CP-AP-r001:S-P06-S06:GS11:p0012,8,0,0,0,0
9820,CP-AP-r001:S-P06-S06:GS12:p0001,10,0,0,0,0
9821,CP-AP-r001:S-P06-S06:GS12:p0002,8,0,0,0,0
9822,CP-AP-r001:S-P06-S06:GS12:p0003,8,0,0,0,0
9823,CP-AP-r001:S-P06-S06:GS12:p0004,8,0,0,0,0
9824,CP-AP-r001:S-P06-S06:GS12:p0005,8,0,0,0,0
9825,CP-AP-r001:S-P06-S06:GS12:p0006,8,0,0,0,0
9826,CP-AP-r001:S-P06-S06:GS12:p0007,8,0,0,0,0
9827,CP-AP-r001:S-P06-S06:GS12:p0008,8,0,0,0,0
9828,CP-AP-r001:S-P06-S06:GS12:p0009,9,0,0,0,0
9829,CP-AP-r001:S-P06-S06:GS12:p0010,8,0,0,0,0
9830,CP-AP-r001:S-P06-S06:GS12:p0011,6,0,0,0,0
9831,CP-AP-r001:S-P06-S06:GS12:p0012,8,0,0,0,0
9832,CP-AP-r001:S-P06-S06:GS12:p0013,9,0,0,0,0
9833,CP-AP-r001:S-P06-S07:GS01:p0001,7,0,0,0,0
9834,CP-AP-r001:S-P06-S07:GS01:p0002,7,0,0,0,0
9835,CP-AP-r001:S-P06-S07:GS01:p0003,8,0,0,0,0
9836,CP-AP-r001:S-P06-S07:GS01:p0004,7,0,0,0,0
9837,CP-AP-r001:S-P06-S07:GS01:p0005,7,0,0,0,0
9838,CP-AP-r001:S-P06-S07:GS01:p0006,8,0,0,0,0
9839,CP-AP-r001:S-P06-S07:GS01:p0007,7,0,0,0,0
9840,CP-AP-r001:S-P06-S07:GS01:p0008,7,0,0,0,0
9841,CP-AP-r001:S-P06-S07:GS01:p0009,5,0,0,0,0
9842,CP-AP-r001:S-P06-S07:GS01:p0010,6,0,0,0,0
9843,CP-AP-r001:S-P06-S07:GS01:p0011,9,0,0,0,0
9844,CP-AP-r001:S-P06-S07:GS02:p0001,8,0,0,0,0
9845,CP-AP-r001:S-P06-S07:GS02:p0002,6,0,0,0,0
9846,CP-AP-r001:S-P06-S07:GS02:p0003,8,0,0,0,0
9847,CP-AP-r001:S-P06-S07:GS02:p0004,7,0,0,0,0
9848,CP-AP-r001:S-P06-S07:GS02:p0005,6,0,0,0,0
9849,CP-AP-r001:S-P06-S07:GS02:p0006,5,0,0,0,0
9850,CP-AP-r001:S-P06-S07:GS02:p0007,8,0,0,0,0
9851,CP-AP-r001:S-P06-S07:GS02:p0008,7,0,0,0,0
9852,CP-AP-r001:S-P06-S07:GS02:p0009,7,0,0,0,0
9853,CP-AP-r001:S-P06-S07:GS02:p0010,6,0,0,0,0
9854,CP-AP-r001:S-P06-S07:GS02:p0011,8,0,0,0,0
9855,CP-AP-r001:S-P06-S07:GS02:p0012,7,0,0,0,0
9856,CP-AP-r001:S-P06-S07:GS03:p0001,7,0,0,0,0
9857,CP-AP-r001:S-P06-S07:GS03:p0002,7,0,0,0,0
9858,CP-AP-r001:S-P06-S07:GS03:p0003,8,0,0,0,0
9859,CP-AP-r001:S-P06-S07:GS03:p0004,7,0,0,0,0
9860,CP-AP-r001:S-P06-S07:GS03:p0005,7,0,0,0,0
9861,CP-AP-r001:S-P06-S07:GS03:p0006,7,0,0,0,0
9862,CP-AP-r001:S-P06-S07:GS03:p0007,8,0,0,0,0
9863,CP-AP-r001:S-P06-S07:GS03:p0008,7,0,0,0,0
9864,CP-AP-r001:S-P06-S07:GS03:p0009,7,0,0,0,0
9865,CP-AP-r001:S-P06-S07:GS03:p0010,7,0,0,0,0
9866,CP-AP-r001:S-P06-S07:GS03:p0011,8,0,0,0,0
9867,CP-AP-r001:S-P06-S07:GS03:p0012,7,0,0,0,0
9868,CP-AP-r001:S-P06-S07:GS04:p0001,7,0,0,0,0
9869,CP-AP-r001:S-P06-S07:GS04:p0002,8,0,0,0,0
9870,CP-AP-r001:S-P06-S07:GS04:p0003,7,0,0,0,0
9871,CP-AP-r001:S-P06-S07:GS04:p0004,8,0,0,0,0
9872,CP-AP-r001:S-P06-S07:GS04:p0005,7,0,0,0,0
9873,CP-AP-r001:S-P06-S07:GS04:p0006,7,0,0,0,0
9874,CP-AP-r001:S-P06-S07:GS04:p0007,8,0,0,0,0
9875,CP-AP-r001:S-P06-S07:GS04:p0008,7,0,0,0,0
9876,CP-AP-r001:S-P06-S07:GS04:p0009,7,0,0,0,0
9877,CP-AP-r001:S-P06-S07:GS04:p0010,7,0,0,0,0
9878,CP-AP-r001:S-P06-S07:GS04:p0011,10,0,0,0,0
9879,CP-AP-r001:S-P06-S07:GS04:p0012,6,0,0,0,0
9880,CP-AP-r001:S-P06-S07:GS05:p0001,7,0,0,0,0
9881,CP-AP-r001:S-P06-S07:GS05:p0002,8,0,0,0,0
9882,CP-AP-r001:S-P06-S07:GS05:p0003,7,0,0,0,0
9883,CP-AP-r001:S-P06-S07:GS05:p0004,7,0,0,0,0
9884,CP-AP-r001:S-P06-S07:GS05:p0005,4,0,0,0,0
9885,CP-AP-r001:S-P06-S07:GS05:p0006,6,0,0,0,0
9886,CP-AP-r001:S-P06-S07:GS05:p0007,10,0,0,0,0
9887,CP-AP-r001:S-P06-S07:GS05:p0008,6,0,0,0,0
9888,CP-AP-r001:S-P06-S07:GS05:p0009,6,0,0,0,0
9889,CP-AP-r001:S-P06-S07:GS05:p0010,7,0,0,0,0
9890,CP-AP-r001:S-P06-S07:GS05:p0011,8,0,0,0,0
9891,CP-AP-r001:S-P06-S07:GS06:p0001,8,0,0,0,0
9892,CP-AP-r001:S-P06-S07:GS06:p0002,6,0,0,0,0
9893,CP-AP-r001:S-P06-S07:GS06:p0003,8,0,0,0,0
9894,CP-AP-r001:S-P06-S07:GS06:p0004,7,0,0,0,0
9895,CP-AP-r001:S-P06-S07:GS06:p0005,6,0,0,0,0
9896,CP-AP-r001:S-P06-S07:GS06:p0006,5,0,0,0,0
9897,CP-AP-r001:S-P06-S07:GS06:p0007,8,0,0,0,0
9898,CP-AP-r001:S-P06-S07:GS06:p0008,7,0,0,0,0
9899,CP-AP-r001:S-P06-S07:GS06:p0009,7,0,0,0,0
9900,CP-AP-r001:S-P06-S07:GS06:p0010,7,0,0,0,0
9901,CP-AP-r001:S-P06-S07:GS06:p0011,8,0,0,0,0
9902,CP-AP-r001:S-P06-S07:GS06:p0012,7,0,0,0,0
9903,CP-AP-r001:S-P06-S07:GS07:p0001,7,0,0,0,0
9904,CP-AP-r001:S-P06-S07:GS07:p0002,9,0,0,0,0
9905,CP-AP-r001:S-P06-S07:GS07:p0003,8,0,0,0,0
9906,CP-AP-r001:S-P06-S07:GS07:p0004,9,0,0,0,0
9907,CP-AP-r001:S-P06-S07:GS07:p0005,9,0,0,0,0
9908,CP-AP-r001:S-P06-S07:GS07:p0006,9,0,0,0,0
9909,CP-AP-r001:S-P06-S07:GS07:p0007,8,0,0,0,0
9910,CP-AP-r001:S-P06-S07:GS07:p0008,8,0,0,0,0
9911,CP-AP-r001:S-P06-S07:GS07:p0009,8,0,0,0,0
9912,CP-AP-r001:S-P06-S07:GS07:p0010,9,0,0,0,0
9913,CP-AP-r001:S-P06-S07:GS07:p0011,8,0,0,0,0
9914,CP-AP-r001:S-P06-S07:GS07:p0012,10,0,0,0,0
9915,CP-AP-r001:S-P06-S07:GS08:p0001,7,0,0,0,0
9916,CP-AP-r001:S-P06-S07:GS08:p0002,8,0,0,0,0
9917,CP-AP-r001:S-P06-S07:GS08:p0003,8,0,0,0,0
9918,CP-AP-r001:S-P06-S07:GS08:p0004,8,0,0,0,0
9919,CP-AP-r001:S-P06-S07:GS08:p0005,7,0,0,0,0
9920,CP-AP-r001:S-P06-S07:GS08:p0006,7,0,0,0,0
9921,CP-AP-r001:S-P06-S07:GS08:p0007,8,0,0,0,0
9922,CP-AP-r001:S-P06-S07:GS08:p0008,8,0,0,0,0
9923,CP-AP-r001:S-P06-S07:GS08:p0009,10,0,0,0,0
9924,CP-AP-r001:S-P06-S07:GS08:p0010,7,0,0,0,0
9925,CP-AP-r001:S-P06-S07:GS08:p0011,8,0,0,0,0
9926,CP-AP-r001:S-P06-S07:GS08:p0012,8,0,0,0,0
9927,CP-AP-r001:S-P06-S07:GS08:p0013,9,0,0,0,0
9928,CP-AP-r001:S-P06-S07:GS09:p0001,10,0,0,0,0
9929,CP-AP-r001:S-P06-S07:GS09:p0002,8,0,0,0,0
9930,CP-AP-r001:S-P06-S07:GS09:p0003,8,0,0,0,0
9931,CP-AP-r001:S-P06-S07:GS09:p0004,8,0,0,0,0
9932,CP-AP-r001:S-P06-S07:GS09:p0005,8,0,0,0,0
9933,CP-AP-r001:S-P06-S07:GS09:p0006,10,0,0,0,0
9934,CP-AP-r001:S-P06-S07:GS09:p0007,8,0,0,0,0
9935,CP-AP-r001:S-P06-S07:GS09:p0008,8,0,0,0,0
9936,CP-AP-r001:S-P06-S07:GS09:p0009,6,0,0,0,0
9937,CP-AP-r001:S-P06-S07:GS09:p0010,9,0,0,0,0
9938,CP-AP-r001:S-P06-S07:GS09:p0011,8,0,0,0,0
9939,CP-AP-r001:S-P06-S07:GS09:p0012,8,0,0,0,0
9940,CP-AP-r001:S-P06-S07:GS09:p0013,8,0,0,0,0
9941,CP-AP-r001:S-P06-S07:GS10:p0001,8,0,0,0,0
9942,CP-AP-r001:S-P06-S07:GS10:p0002,8,0,0,0,0
9943,CP-AP-r001:S-P06-S07:GS10:p0003,9,0,0,0,0
9944,CP-AP-r001:S-P06-S07:GS10:p0004,10,0,0,0,0
9945,CP-AP-r001:S-P06-S07:GS10:p0005,9,0,0,0,0
9946,CP-AP-r001:S-P06-S07:GS10:p0006,8,0,0,0,0
9947,CP-AP-r001:S-P06-S07:GS10:p0007,9,0,0,0,0
9948,CP-AP-r001:S-P06-S07:GS10:p0008,10,0,0,0,0
9949,CP-AP-r001:S-P06-S07:GS10:p0009,10,0,0,0,0
9950,CP-AP-r001:S-P06-S07:GS10:p0010,8,0,0,0,0
9951,CP-AP-r001:S-P06-S07:GS10:p0011,7,0,0,0,0
9952,CP-AP-r001:S-P06-S07:GS10:p0012,8,0,0,0,0
9953,CP-AP-r001:S-P06-S07:GS11:p0001,8,0,0,0,0
9954,CP-AP-r001:S-P06-S07:GS11:p0002,9,0,0,0,0
9955,CP-AP-r001:S-P06-S07:GS11:p0003,8,0,0,0,0
9956,CP-AP-r001:S-P06-S07:GS11:p0004,9,0,0,0,0
9957,CP-AP-r001:S-P06-S07:GS11:p0005,8,0,0,0,0
9958,CP-AP-r001:S-P06-S07:GS11:p0006,9,0,0,0,0
9959,CP-AP-r001:S-P06-S07:GS11:p0007,8,0,0,0,0
9960,CP-AP-r001:S-P06-S07:GS11:p0008,10,0,0,0,0
9961,CP-AP-r001:S-P06-S07:GS11:p0009,8,0,0,0,0
9962,CP-AP-r001:S-P06-S07:GS11:p0010,8,0,0,0,0
9963,CP-AP-r001:S-P06-S07:GS11:p0011,8,0,0,0,0
9964,CP-AP-r001:S-P06-S07:GS11:p0012,10,0,0,0,0
9965,CP-AP-r001:S-P06-S07:GS12:p0001,8,0,0,0,0
9966,CP-AP-r001:S-P06-S07:GS12:p0002,8,0,0,0,0
9967,CP-AP-r001:S-P06-S07:GS12:p0003,7,0,0,0,0
9968,CP-AP-r001:S-P06-S07:GS12:p0004,8,0,0,0,0
9969,CP-AP-r001:S-P06-S07:GS12:p0005,10,0,0,0,0
9970,CP-AP-r001:S-P06-S07:GS12:p0006,7,0,0,0,0
9971,CP-AP-r001:S-P06-S07:GS12:p0007,6,0,0,0,0
9972,CP-AP-r001:S-P06-S07:GS12:p0008,8,0,0,0,0
9973,CP-AP-r001:S-P06-S07:GS12:p0009,10,0,0,0,0
9974,CP-AP-r001:S-P06-S07:GS12:p0010,7,0,0,0,0
9975,CP-AP-r001:S-P06-S07:GS12:p0011,9,0,0,0,0
9976,CP-AP-r001:S-P06-S07:GS12:p0012,8,0,0,0,0
9977,CP-AP-r001:S-P06-S07:GS12:p0013,9,0,0,0,0
9978,CP-AP-r001:S-P06-S08:GS01:p0001,6,0,0,0,0
9979,CP-AP-r001:S-P06-S08:GS01:p0002,8,0,0,0,0
9980,CP-AP-r001:S-P06-S08:GS01:p0003,6,0,0,0,0
9981,CP-AP-r001:S-P06-S08:GS01:p0004,6,0,0,0,0
9982,CP-AP-r001:S-P06-S08:GS01:p0005,6,0,0,0,0
9983,CP-AP-r001:S-P06-S08:GS01:p0006,9,0,0,0,0
9984,CP-AP-r001:S-P06-S08:GS01:p0007,7,0,0,0,0
9985,CP-AP-r001:S-P06-S08:GS01:p0008,6,0,0,0,0
9986,CP-AP-r001:S-P06-S08:GS01:p0009,5,0,0,0,0
9987,CP-AP-r001:S-P06-S08:GS01:p0010,7,0,0,0,0
9988,CP-AP-r001:S-P06-S08:GS01:p0011,8,0,0,0,0
9989,CP-AP-r001:S-P06-S08:GS02:p0001,7,0,0,0,0
9990,CP-AP-r001:S-P06-S08:GS02:p0002,6,0,0,0,0
9991,CP-AP-r001:S-P06-S08:GS02:p0003,8,0,0,0,0
9992,CP-AP-r001:S-P06-S08:GS02:p0004,6,0,0,0,0
9993,CP-AP-r001:S-P06-S08:GS02:p0005,6,0,0,0,0
9994,CP-AP-r001:S-P06-S08:GS02:p0006,4,0,0,0,0
9995,CP-AP-r001:S-P06-S08:GS02:p0007,8,0,0,0,0
9996,CP-AP-r001:S-P06-S08:GS02:p0008,6,0,0,0,0
9997,CP-AP-r001:S-P06-S08:GS02:p0009,7,0,0,0,0
9998,CP-AP-r001:S-P06-S08:GS02:p0010,5,0,0,0,0
9999,CP-AP-r001:S-P06-S08:GS02:p0011,8,0,0,0,0
10000,CP-AP-r001:S-P06-S08:GS02:p0012,6,0,0,0,0
10001,CP-AP-r001:S-P06-S08:GS03:p0001,6,0,0,0,0
10002,CP-AP-r001:S-P06-S08:GS03:p0002,6,0,0,0,0
10003,CP-AP-r001:S-P06-S08:GS03:p0003,8,0,0,0,0
10004,CP-AP-r001:S-P06-S08:GS03:p0004,5,0,0,0,0
10005,CP-AP-r001:S-P06-S08:GS03:p0005,6,0,0,0,0
10006,CP-AP-r001:S-P06-S08:GS03:p0006,6,0,0,0,0
10007,CP-AP-r001:S-P06-S08:GS03:p0007,8,0,0,0,0
10008,CP-AP-r001:S-P06-S08:GS03:p0008,6,0,0,0,0
10009,CP-AP-r001:S-P06-S08:GS03:p0009,7,0,0,0,0
10010,CP-AP-r001:S-P06-S08:GS03:p0010,6,0,0,0,0
10011,CP-AP-r001:S-P06-S08:GS03:p0011,8,0,0,0,0
10012,CP-AP-r001:S-P06-S08:GS03:p0012,6,0,0,0,0
10013,CP-AP-r001:S-P06-S08:GS04:p0001,6,0,0,0,0
10014,CP-AP-r001:S-P06-S08:GS04:p0002,6,0,0,0,0
10015,CP-AP-r001:S-P06-S08:GS04:p0003,8,0,0,0,0
10016,CP-AP-r001:S-P06-S08:GS04:p0004,6,0,0,0,0
10017,CP-AP-r001:S-P06-S08:GS04:p0005,6,0,0,0,0
10018,CP-AP-r001:S-P06-S08:GS04:p0006,8,0,0,0,0
10019,CP-AP-r001:S-P06-S08:GS04:p0007,6,0,0,0,0
10020,CP-AP-r001:S-P06-S08:GS04:p0008,6,0,0,0,0
10021,CP-AP-r001:S-P06-S08:GS04:p0009,6,0,0,0,0
10022,CP-AP-r001:S-P06-S08:GS04:p0010,10,0,0,0,0
10023,CP-AP-r001:S-P06-S08:GS04:p0011,4,0,0,0,0
10024,CP-AP-r001:S-P06-S08:GS05:p0001,6,0,0,0,0
10025,CP-AP-r001:S-P06-S08:GS05:p0002,8,0,0,0,0
10026,CP-AP-r001:S-P06-S08:GS05:p0003,6,0,0,0,0
10027,CP-AP-r001:S-P06-S08:GS05:p0004,6,0,0,0,0
10028,CP-AP-r001:S-P06-S08:GS05:p0005,6,0,0,0,0
10029,CP-AP-r001:S-P06-S08:GS05:p0006,7,0,0,0,0
10030,CP-AP-r001:S-P06-S08:GS05:p0007,9,0,0,0,0
10031,CP-AP-r001:S-P06-S08:GS05:p0008,4,0,0,0,0
10032,CP-AP-r001:S-P06-S08:GS05:p0009,5,0,0,0,0
10033,CP-AP-r001:S-P06-S08:GS05:p0010,7,0,0,0,0
10034,CP-AP-r001:S-P06-S08:GS05:p0011,8,0,0,0,0
10035,CP-AP-r001:S-P06-S08:GS06:p0001,8,0,0,0,0
10036,CP-AP-r001:S-P06-S08:GS06:p0002,6,0,0,0,0
10037,CP-AP-r001:S-P06-S08:GS06:p0003,8,0,0,0,0
10038,CP-AP-r001:S-P06-S08:GS06:p0004,6,0,0,0,0
10039,CP-AP-r001:S-P06-S08:GS06:p0005,6,0,0,0,0
10040,CP-AP-r001:S-P06-S08:GS06:p0006,4,0,0,0,0
10041,CP-AP-r001:S-P06-S08:GS06:p0007,8,0,0,0,0
10042,CP-AP-r001:S-P06-S08:GS06:p0008,6,0,0,0,0
10043,CP-AP-r001:S-P06-S08:GS06:p0009,6,0,0,0,0
10044,CP-AP-r001:S-P06-S08:GS06:p0010,8,0,0,0,0
10045,CP-AP-r001:S-P06-S08:GS06:p0011,6,0,0,0,0
10046,CP-AP-r001:S-P06-S08:GS07:p0001,7,0,0,0,0
10047,CP-AP-r001:S-P06-S08:GS07:p0002,8,0,0,0,0
10048,CP-AP-r001:S-P06-S08:GS07:p0003,8,0,0,0,0
10049,CP-AP-r001:S-P06-S08:GS07:p0004,8,0,0,0,0
10050,CP-AP-r001:S-P06-S08:GS07:p0005,8,0,0,0,0
10051,CP-AP-r001:S-P06-S08:GS07:p0006,8,0,0,0,0
10052,CP-AP-r001:S-P06-S08:GS07:p0007,8,0,0,0,0
10053,CP-AP-r001:S-P06-S08:GS07:p0008,8,0,0,0,0
10054,CP-AP-r001:S-P06-S08:GS07:p0009,8,0,0,0,0
10055,CP-AP-r001:S-P06-S08:GS07:p0010,7,0,0,0,0
10056,CP-AP-r001:S-P06-S08:GS07:p0011,9,0,0,0,0
10057,CP-AP-r001:S-P06-S08:GS07:p0012,10,0,0,0,0
10058,CP-AP-r001:S-P06-S08:GS08:p0001,8,0,0,0,0
10059,CP-AP-r001:S-P06-S08:GS08:p0002,8,0,0,0,0
10060,CP-AP-r001:S-P06-S08:GS08:p0003,7,0,0,0,0
10061,CP-AP-r001:S-P06-S08:GS08:p0004,8,0,0,0,0
10062,CP-AP-r001:S-P06-S08:GS08:p0005,7,0,0,0,0
10063,CP-AP-r001:S-P06-S08:GS08:p0006,9,0,0,0,0
10064,CP-AP-r001:S-P06-S08:GS08:p0007,8,0,0,0,0
10065,CP-AP-r001:S-P06-S08:GS08:p0008,7,0,0,0,0
10066,CP-AP-r001:S-P06-S08:GS08:p0009,8,0,0,0,0
10067,CP-AP-r001:S-P06-S08:GS08:p0010,9,0,0,0,0
10068,CP-AP-r001:S-P06-S08:GS08:p0011,7,0,0,0,0
10069,CP-AP-r001:S-P06-S08:GS08:p0012,7,0,0,0,0
10070,CP-AP-r001:S-P06-S08:GS08:p0013,8,0,0,0,0
10071,CP-AP-r001:S-P06-S08:GS08:p0014,8,0,0,0,0
10072,CP-AP-r001:S-P06-S08:GS09:p0001,10,0,0,0,0
10073,CP-AP-r001:S-P06-S08:GS09:p0002,7,0,0,0,0
10074,CP-AP-r001:S-P06-S08:GS09:p0003,10,0,0,0,0
10075,CP-AP-r001:S-P06-S08:GS09:p0004,8,0,0,0,0
10076,CP-AP-r001:S-P06-S08:GS09:p0005,5,0,0,0,0
10077,CP-AP-r001:S-P06-S08:GS09:p0006,10,0,0,0,0
10078,CP-AP-r001:S-P06-S08:GS09:p0007,8,0,0,0,0
10079,CP-AP-r001:S-P06-S08:GS09:p0008,8,0,0,0,0
10080,CP-AP-r001:S-P06-S08:GS09:p0009,6,0,0,0,0
10081,CP-AP-r001:S-P06-S08:GS09:p0010,10,0,0,0,0
10082,CP-AP-r001:S-P06-S08:GS09:p0011,8,0,0,0,0
10083,CP-AP-r001:S-P06-S08:GS09:p0012,8,0,0,0,0
10084,CP-AP-r001:S-P06-S08:GS09:p0013,8,0,0,0,0
10085,CP-AP-r001:S-P06-S08:GS10:p0001,7,0,0,0,0
10086,CP-AP-r001:S-P06-S08:GS10:p0002,7,0,0,0,0
10087,CP-AP-r001:S-P06-S08:GS10:p0003,10,0,0,0,0
10088,CP-AP-r001:S-P06-S08:GS10:p0004,10,0,0,0,0
10089,CP-AP-r001:S-P06-S08:GS10:p0005,8,0,0,0,0
10090,CP-AP-r001:S-P06-S08:GS10:p0006,7,0,0,0,0
10091,CP-AP-r001:S-P06-S08:GS10:p0007,10,0,0,0,0
10092,CP-AP-r001:S-P06-S08:GS10:p0008,9,0,0,0,0
10093,CP-AP-r001:S-P06-S08:GS10:p0009,10,0,0,0,0
10094,CP-AP-r001:S-P06-S08:GS10:p0010,7,0,0,0,0
10095,CP-AP-r001:S-P06-S08:GS10:p0011,8,0,0,0,0
10096,CP-AP-r001:S-P06-S08:GS10:p0012,8,0,0,0,0
10097,CP-AP-r001:S-P06-S08:GS10:p0013,6,0,0,0,0
10098,CP-AP-r001:S-P06-S08:GS11:p0001,8,0,0,0,0
10099,CP-AP-r001:S-P06-S08:GS11:p0002,8,0,0,0,0
10100,CP-AP-r001:S-P06-S08:GS11:p0003,8,0,0,0,0
10101,CP-AP-r001:S-P06-S08:GS11:p0004,9,0,0,0,0
10102,CP-AP-r001:S-P06-S08:GS11:p0005,8,0,0,0,0
10103,CP-AP-r001:S-P06-S08:GS11:p0006,7,0,0,0,0
10104,CP-AP-r001:S-P06-S08:GS11:p0007,8,0,0,0,0
10105,CP-AP-r001:S-P06-S08:GS11:p0008,10,0,0,0,0
10106,CP-AP-r001:S-P06-S08:GS11:p0009,7,0,0,0,0
10107,CP-AP-r001:S-P06-S08:GS11:p0010,7,0,0,0,0
10108,CP-AP-r001:S-P06-S08:GS11:p0011,10,0,0,0,0
10109,CP-AP-r001:S-P06-S08:GS11:p0012,10,0,0,0,0
10110,CP-AP-r001:S-P06-S08:GS12:p0001,9,0,0,0,0
10111,CP-AP-r001:S-P06-S08:GS12:p0002,8,0,0,0,0
10112,CP-AP-r001:S-P06-S08:GS12:p0003,5,0,0,0,0
10113,CP-AP-r001:S-P06-S08:GS12:p0004,8,0,0,0,0
10114,CP-AP-r001:S-P06-S08:GS12:p0005,9,0,0,0,0
10115,CP-AP-r001:S-P06-S08:GS12:p0006,7,0,0,0,0
10116,CP-AP-r001:S-P06-S08:GS12:p0007,5,0,0,0,0
10117,CP-AP-r001:S-P06-S08:GS12:p0008,8,0,0,0,0
10118,CP-AP-r001:S-P06-S08:GS12:p0009,9,0,0,0,0
10119,CP-AP-r001:S-P06-S08:GS12:p0010,7,0,0,0,0
10120,CP-AP-r001:S-P06-S08:GS12:p0011,8,0,0,0,0
10121,CP-AP-r001:S-P06-S08:GS12:p0012,8,0,0,0,0
10122,CP-AP-r001:S-P06-S08:GS12:p0013,8,0,0,0,0
10123,CP-AP-r001:S-P06-S09:GS01:p0001,7,0,0,0,0
10124,CP-AP-r001:S-P06-S09:GS01:p0002,4,0,0,0,0
10125,CP-AP-r001:S-P06-S09:GS01:p0003,6,0,0,0,0
10126,CP-AP-r001:S-P06-S09:GS01:p0004,10,0,0,0,0
10127,CP-AP-r001:S-P06-S09:GS01:p0005,5,0,0,0,0
10128,CP-AP-r001:S-P06-S09:GS01:p0006,7,0,0,0,0
10129,CP-AP-r001:S-P06-S09:GS01:p0007,7,0,0,0,0
10130,CP-AP-r001:S-P06-S09:GS01:p0008,8,0,0,0,0
10131,CP-AP-r001:S-P06-S09:GS01:p0009,7,0,0,0,0
10132,CP-AP-r001:S-P06-S09:GS01:p0010,7,0,0,0,0
10133,CP-AP-r001:S-P06-S09:GS01:p0011,8,0,0,0,0
10134,CP-AP-r001:S-P06-S09:GS02:p0001,7,0,0,0,0
10135,CP-AP-r001:S-P06-S09:GS02:p0002,5,0,0,0,0
10136,CP-AP-r001:S-P06-S09:GS02:p0003,8,0,0,0,0
10137,CP-AP-r001:S-P06-S09:GS02:p0004,7,0,0,0,0
10138,CP-AP-r001:S-P06-S09:GS02:p0005,7,0,0,0,0
10139,CP-AP-r001:S-P06-S09:GS02:p0006,8,0,0,0,0
10140,CP-AP-r001:S-P06-S09:GS02:p0007,7,0,0,0,0
10141,CP-AP-r001:S-P06-S09:GS02:p0008,7,0,0,0,0
10142,CP-AP-r001:S-P06-S09:GS02:p0009,4,0,0,0,0
10143,CP-AP-r001:S-P06-S09:GS02:p0010,8,0,0,0,0
10144,CP-AP-r001:S-P06-S09:GS02:p0011,9,0,0,0,0
10145,CP-AP-r001:S-P06-S09:GS03:p0001,7,0,0,0,0
10146,CP-AP-r001:S-P06-S09:GS03:p0002,7,0,0,0,0
10147,CP-AP-r001:S-P06-S09:GS03:p0003,8,0,0,0,0
10148,CP-AP-r001:S-P06-S09:GS03:p0004,7,0,0,0,0
10149,CP-AP-r001:S-P06-S09:GS03:p0005,8,0,0,0,0
10150,CP-AP-r001:S-P06-S09:GS03:p0006,6,0,0,0,0
10151,CP-AP-r001:S-P06-S09:GS03:p0007,8,0,0,0,0
10152,CP-AP-r001:S-P06-S09:GS03:p0008,7,0,0,0,0
10153,CP-AP-r001:S-P06-S09:GS03:p0009,6,0,0,0,0
10154,CP-AP-r001:S-P06-S09:GS03:p0010,5,0,0,0,0
10155,CP-AP-r001:S-P06-S09:GS03:p0011,8,0,0,0,0
10156,CP-AP-r001:S-P06-S09:GS03:p0012,7,0,0,0,0
10157,CP-AP-r001:S-P06-S09:GS04:p0001,7,0,0,0,0
10158,CP-AP-r001:S-P06-S09:GS04:p0002,7,0,0,0,0
10159,CP-AP-r001:S-P06-S09:GS04:p0003,10,0,0,0,0
10160,CP-AP-r001:S-P06-S09:GS04:p0004,6,0,0,0,0
10161,CP-AP-r001:S-P06-S09:GS04:p0005,7,0,0,0,0
10162,CP-AP-r001:S-P06-S09:GS04:p0006,7,0,0,0,0
10163,CP-AP-r001:S-P06-S09:GS04:p0007,8,0,0,0,0
10164,CP-AP-r001:S-P06-S09:GS04:p0008,8,0,0,0,0
10165,CP-AP-r001:S-P06-S09:GS04:p0009,7,0,0,0,0
10166,CP-AP-r001:S-P06-S09:GS04:p0010,7,0,0,0,0
10167,CP-AP-r001:S-P06-S09:GS04:p0011,8,0,0,0,0
10168,CP-AP-r001:S-P06-S09:GS04:p0012,7,0,0,0,0
10169,CP-AP-r001:S-P06-S09:GS05:p0001,6,0,0,0,0
10170,CP-AP-r001:S-P06-S09:GS05:p0002,6,0,0,0,0
10171,CP-AP-r001:S-P06-S09:GS05:p0003,7,0,0,0,0
10172,CP-AP-r001:S-P06-S09:GS05:p0004,8,0,0,0,0
10173,CP-AP-r001:S-P06-S09:GS05:p0005,7,0,0,0,0
10174,CP-AP-r001:S-P06-S09:GS05:p0006,7,0,0,0,0
10175,CP-AP-r001:S-P06-S09:GS05:p0007,8,0,0,0,0
10176,CP-AP-r001:S-P06-S09:GS05:p0008,7,0,0,0,0
10177,CP-AP-r001:S-P06-S09:GS05:p0009,7,0,0,0,0
10178,CP-AP-r001:S-P06-S09:GS05:p0010,8,0,0,0,0
10179,CP-AP-r001:S-P06-S09:GS05:p0011,7,0,0,0,0
10180,CP-AP-r001:S-P06-S09:GS06:p0001,7,0,0,0,0
10181,CP-AP-r001:S-P06-S09:GS06:p0002,7,0,0,0,0
10182,CP-AP-r001:S-P06-S09:GS06:p0003,8,0,0,0,0
10183,CP-AP-r001:S-P06-S09:GS06:p0004,7,0,0,0,0
10184,CP-AP-r001:S-P06-S09:GS06:p0005,7,0,0,0,0
10185,CP-AP-r001:S-P06-S09:GS06:p0006,8,0,0,0,0
10186,CP-AP-r001:S-P06-S09:GS06:p0007,7,0,0,0,0
10187,CP-AP-r001:S-P06-S09:GS06:p0008,7,0,0,0,0
10188,CP-AP-r001:S-P06-S09:GS06:p0009,4,0,0,0,0
10189,CP-AP-r001:S-P06-S09:GS06:p0010,6,0,0,0,0
10190,CP-AP-r001:S-P06-S09:GS06:p0011,9,0,0,0,0
10191,CP-AP-r001:S-P06-S09:GS07:p0001,8,0,0,0,0
10192,CP-AP-r001:S-P06-S09:GS07:p0002,9,0,0,0,0
10193,CP-AP-r001:S-P06-S09:GS07:p0003,8,0,0,0,0
10194,CP-AP-r001:S-P06-S09:GS07:p0004,10,0,0,0,0
10195,CP-AP-r001:S-P06-S09:GS07:p0005,8,0,0,0,0
10196,CP-AP-r001:S-P06-S09:GS07:p0006,8,0,0,0,0
10197,CP-AP-r001:S-P06-S09:GS07:p0007,9,0,0,0,0
10198,CP-AP-r001:S-P06-S09:GS07:p0008,10,0,0,0,0
10199,CP-AP-r001:S-P06-S09:GS07:p0009,8,0,0,0,0
10200,CP-AP-r001:S-P06-S09:GS07:p0010,8,0,0,0,0
10201,CP-AP-r001:S-P06-S09:GS07:p0011,9,0,0,0,0
10202,CP-AP-r001:S-P06-S09:GS07:p0012,10,0,0,0,0
10203,CP-AP-r001:S-P06-S09:GS08:p0001,7,0,0,0,0
10204,CP-AP-r001:S-P06-S09:GS08:p0002,7,0,0,0,0
10205,CP-AP-r001:S-P06-S09:GS08:p0003,8,0,0,0,0
10206,CP-AP-r001:S-P06-S09:GS08:p0004,10,0,0,0,0
10207,CP-AP-r001:S-P06-S09:GS08:p0005,7,0,0,0,0
10208,CP-AP-r001:S-P06-S09:GS08:p0006,9,0,0,0,0
10209,CP-AP-r001:S-P06-S09:GS08:p0007,8,0,0,0,0
10210,CP-AP-r001:S-P06-S09:GS08:p0008,9,0,0,0,0
10211,CP-AP-r001:S-P06-S09:GS08:p0009,8,0,0,0,0
10212,CP-AP-r001:S-P06-S09:GS08:p0010,10,0,0,0,0
10213,CP-AP-r001:S-P06-S09:GS08:p0011,8,0,0,0,0
10214,CP-AP-r001:S-P06-S09:GS08:p0012,9,0,0,0,0
10215,CP-AP-r001:S-P06-S09:GS09:p0001,9,0,0,0,0
10216,CP-AP-r001:S-P06-S09:GS09:p0002,8,0,0,0,0
10217,CP-AP-r001:S-P06-S09:GS09:p0003,8,0,0,0,0
10218,CP-AP-r001:S-P06-S09:GS09:p0004,8,0,0,0,0
10219,CP-AP-r001:S-P06-S09:GS09:p0005,9,0,0,0,0
10220,CP-AP-r001:S-P06-S09:GS09:p0006,8,0,0,0,0
10221,CP-AP-r001:S-P06-S09:GS09:p0007,6,0,0,0,0
10222,CP-AP-r001:S-P06-S09:GS09:p0008,8,0,0,0,0
10223,CP-AP-r001:S-P06-S09:GS09:p0009,9,0,0,0,0
10224,CP-AP-r001:S-P06-S09:GS09:p0010,7,0,0,0,0
10225,CP-AP-r001:S-P06-S09:GS09:p0011,7,0,0,0,0
10226,CP-AP-r001:S-P06-S09:GS09:p0012,7,0,0,0,0
10227,CP-AP-r001:S-P06-S09:GS09:p0013,8,0,0,0,0
10228,CP-AP-r001:S-P06-S09:GS09:p0014,10,0,0,0,0
10229,CP-AP-r001:S-P06-S09:GS10:p0001,11,0,0,0,0
10230,CP-AP-r001:S-P06-S09:GS10:p0002,8,0,0,0,0
10231,CP-AP-r001:S-P06-S09:GS10:p0003,7,0,0,0,0
10232,CP-AP-r001:S-P06-S09:GS10:p0004,8,0,0,0,0
10233,CP-AP-r001:S-P06-S09:GS10:p0005,10,0,0,0,0
10234,CP-AP-r001:S-P06-S09:GS10:p0006,8,0,0,0,0
10235,CP-AP-r001:S-P06-S09:GS10:p0007,8,0,0,0,0
10236,CP-AP-r001:S-P06-S09:GS10:p0008,8,0,0,0,0
10237,CP-AP-r001:S-P06-S09:GS10:p0009,8,0,0,0,0
10238,CP-AP-r001:S-P06-S09:GS10:p0010,9,0,0,0,0
10239,CP-AP-r001:S-P06-S09:GS10:p0011,8,0,0,0,0
10240,CP-AP-r001:S-P06-S09:GS10:p0012,8,0,0,0,0
10241,CP-AP-r001:S-P06-S09:GS10:p0013,7,0,0,0,0
10242,CP-AP-r001:S-P06-S09:GS11:p0001,8,0,0,0,0
10243,CP-AP-r001:S-P06-S09:GS11:p0002,8,0,0,0,0
10244,CP-AP-r001:S-P06-S09:GS11:p0003,8,0,0,0,0
10245,CP-AP-r001:S-P06-S09:GS11:p0004,10,0,0,0,0
10246,CP-AP-r001:S-P06-S09:GS11:p0005,8,0,0,0,0
10247,CP-AP-r001:S-P06-S09:GS11:p0006,8,0,0,0,0
10248,CP-AP-r001:S-P06-S09:GS11:p0007,9,0,0,0,0
10249,CP-AP-r001:S-P06-S09:GS11:p0008,10,0,0,0,0
10250,CP-AP-r001:S-P06-S09:GS11:p0009,10,0,0,0,0
10251,CP-AP-r001:S-P06-S09:GS11:p0010,8,0,0,0,0
10252,CP-AP-r001:S-P06-S09:GS11:p0011,9,0,0,0,0
10253,CP-AP-r001:S-P06-S09:GS11:p0012,9,0,0,0,0
10254,CP-AP-r001:S-P06-S09:GS12:p0001,7,0,0,0,0
10255,CP-AP-r001:S-P06-S09:GS12:p0002,9,0,0,0,0
10256,CP-AP-r001:S-P06-S09:GS12:p0003,8,0,0,0,0
10257,CP-AP-r001:S-P06-S09:GS12:p0004,9,0,0,0,0
10258,CP-AP-r001:S-P06-S09:GS12:p0005,9,0,0,0,0
10259,CP-AP-r001:S-P06-S09:GS12:p0006,9,0,0,0,0
10260,CP-AP-r001:S-P06-S09:GS12:p0007,8,0,0,0,0
10261,CP-AP-r001:S-P06-S09:GS12:p0008,8,0,0,0,0
10262,CP-AP-r001:S-P06-S09:GS12:p0009,8,0,0,0,0
10263,CP-AP-r001:S-P06-S09:GS12:p0010,9,0,0,0,0
10264,CP-AP-r001:S-P06-S09:GS12:p0011,8,0,0,0,0
10265,CP-AP-r001:S-P06-S09:GS12:p0012,10,0,0,0,0
10266,CP-AP-r001:S-P06-S10:GS01:p0001,7,0,0,0,0
10267,CP-AP-r001:S-P06-S10:GS01:p0002,5,0,0,0,0
10268,CP-AP-r001:S-P06-S10:GS01:p0003,7,0,0,0,0
10269,CP-AP-r001:S-P06-S10:GS01:p0004,9,0,0,0,0
10270,CP-AP-r001:S-P06-S10:GS01:p0005,4,0,0,0,0
10271,CP-AP-r001:S-P06-S10:GS01:p0006,6,0,0,0,0
10272,CP-AP-r001:S-P06-S10:GS01:p0007,7,0,0,0,0
10273,CP-AP-r001:S-P06-S10:GS01:p0008,8,0,0,0,0
10274,CP-AP-r001:S-P06-S10:GS01:p0009,6,0,0,0,0
10275,CP-AP-r001:S-P06-S10:GS01:p0010,6,0,0,0,0
10276,CP-AP-r001:S-P06-S10:GS01:p0011,8,0,0,0,0
10277,CP-AP-r001:S-P06-S10:GS02:p0001,7,0,0,0,0
10278,CP-AP-r001:S-P06-S10:GS02:p0002,4,0,0,0,0
10279,CP-AP-r001:S-P06-S10:GS02:p0003,8,0,0,0,0
10280,CP-AP-r001:S-P06-S10:GS02:p0004,6,0,0,0,0
10281,CP-AP-r001:S-P06-S10:GS02:p0005,7,0,0,0,0
10282,CP-AP-r001:S-P06-S10:GS02:p0006,8,0,0,0,0
10283,CP-AP-r001:S-P06-S10:GS02:p0007,6,0,0,0,0
10284,CP-AP-r001:S-P06-S10:GS02:p0008,6,0,0,0,0
10285,CP-AP-r001:S-P06-S10:GS02:p0009,6,0,0,0,0
10286,CP-AP-r001:S-P06-S10:GS02:p0010,9,0,0,0,0
10287,CP-AP-r001:S-P06-S10:GS02:p0011,8,0,0,0,0
10288,CP-AP-r001:S-P06-S10:GS03:p0001,6,0,0,0,0
10289,CP-AP-r001:S-P06-S10:GS03:p0002,6,0,0,0,0
10290,CP-AP-r001:S-P06-S10:GS03:p0003,8,0,0,0,0
10291,CP-AP-r001:S-P06-S10:GS03:p0004,6,0,0,0,0
10292,CP-AP-r001:S-P06-S10:GS03:p0005,8,0,0,0,0
10293,CP-AP-r001:S-P06-S10:GS03:p0006,6,0,0,0,0
10294,CP-AP-r001:S-P06-S10:GS03:p0007,8,0,0,0,0
10295,CP-AP-r001:S-P06-S10:GS03:p0008,6,0,0,0,0
10296,CP-AP-r001:S-P06-S10:GS03:p0009,6,0,0,0,0
10297,CP-AP-r001:S-P06-S10:GS03:p0010,4,0,0,0,0
10298,CP-AP-r001:S-P06-S10:GS03:p0011,8,0,0,0,0
10299,CP-AP-r001:S-P06-S10:GS03:p0012,6,0,0,0,0
10300,CP-AP-r001:S-P06-S10:GS04:p0001,6,0,0,0,0
10301,CP-AP-r001:S-P06-S10:GS04:p0002,6,0,0,0,0
10302,CP-AP-r001:S-P06-S10:GS04:p0003,10,0,0,0,0
10303,CP-AP-r001:S-P06-S10:GS04:p0004,4,0,0,0,0
10304,CP-AP-r001:S-P06-S10:GS04:p0005,6,0,0,0,0
10305,CP-AP-r001:S-P06-S10:GS04:p0006,6,0,0,0,0
10306,CP-AP-r001:S-P06-S10:GS04:p0007,8,0,0,0,0
10307,CP-AP-r001:S-P06-S10:GS04:p0008,6,0,0,0,0
10308,CP-AP-r001:S-P06-S10:GS04:p0009,6,0,0,0,0
10309,CP-AP-r001:S-P06-S10:GS04:p0010,6,0,0,0,0
10310,CP-AP-r001:S-P06-S10:GS04:p0011,8,0,0,0,0
10311,CP-AP-r001:S-P06-S10:GS04:p0012,6,0,0,0,0
10312,CP-AP-r001:S-P06-S10:GS05:p0001,4,0,0,0,0
10313,CP-AP-r001:S-P06-S10:GS05:p0002,5,0,0,0,0
10314,CP-AP-r001:S-P06-S10:GS05:p0003,7,0,0,0,0
10315,CP-AP-r001:S-P06-S10:GS05:p0004,8,0,0,0,0
10316,CP-AP-r001:S-P06-S10:GS05:p0005,6,0,0,0,0
10317,CP-AP-r001:S-P06-S10:GS05:p0006,6,0,0,0,0
10318,CP-AP-r001:S-P06-S10:GS05:p0007,8,0,0,0,0
10319,CP-AP-r001:S-P06-S10:GS05:p0008,6,0,0,0,0
10320,CP-AP-r001:S-P06-S10:GS05:p0009,6,0,0,0,0
10321,CP-AP-r001:S-P06-S10:GS05:p0010,8,0,0,0,0
10322,CP-AP-r001:S-P06-S10:GS05:p0011,6,0,0,0,0
10323,CP-AP-r001:S-P06-S10:GS06:p0001,6,0,0,0,0
10324,CP-AP-r001:S-P06-S10:GS06:p0002,6,0,0,0,0
10325,CP-AP-r001:S-P06-S10:GS06:p0003,8,0,0,0,0
10326,CP-AP-r001:S-P06-S10:GS06:p0004,6,0,0,0,0
10327,CP-AP-r001:S-P06-S10:GS06:p0005,6,0,0,0,0
10328,CP-AP-r001:S-P06-S10:GS06:p0006,6,0,0,0,0
10329,CP-AP-r001:S-P06-S10:GS06:p0007,9,0,0,0,0
10330,CP-AP-r001:S-P06-S10:GS06:p0008,6,0,0,0,0
10331,CP-AP-r001:S-P06-S10:GS06:p0009,6,0,0,0,0
10332,CP-AP-r001:S-P06-S10:GS06:p0010,5,0,0,0,0
10333,CP-AP-r001:S-P06-S10:GS06:p0011,7,0,0,0,0
10334,CP-AP-r001:S-P06-S10:GS06:p0012,8,0,0,0,0
10335,CP-AP-r001:S-P06-S10:GS07:p0001,8,0,0,0,0
10336,CP-AP-r001:S-P06-S10:GS07:p0002,7,0,0,0,0
10337,CP-AP-r001:S-P06-S10:GS07:p0003,8,0,0,0,0
10338,CP-AP-r001:S-P06-S10:GS07:p0004,10,0,0,0,0
10339,CP-AP-r001:S-P06-S10:GS07:p0005,7,0,0,0,0
10340,CP-AP-r001:S-P06-S10:GS07:p0006,7,0,0,0,0
10341,CP-AP-r001:S-P06-S10:GS07:p0007,10,0,0,0,0
10342,CP-AP-r001:S-P06-S10:GS07:p0008,10,0,0,0,0
10343,CP-AP-r001:S-P06-S10:GS07:p0009,7,0,0,0,0
10344,CP-AP-r001:S-P06-S10:GS07:p0010,7,0,0,0,0
10345,CP-AP-r001:S-P06-S10:GS07:p0011,10,0,0,0,0
10346,CP-AP-r001:S-P06-S10:GS07:p0012,10,0,0,0,0
10347,CP-AP-r001:S-P06-S10:GS08:p0001,7,0,0,0,0
10348,CP-AP-r001:S-P06-S10:GS08:p0002,6,0,0,0,0
10349,CP-AP-r001:S-P06-S10:GS08:p0003,8,0,0,0,0
10350,CP-AP-r001:S-P06-S10:GS08:p0004,8,0,0,0,0
10351,CP-AP-r001:S-P06-S10:GS08:p0005,7,0,0,0,0
10352,CP-AP-r001:S-P06-S10:GS08:p0006,8,0,0,0,0
10353,CP-AP-r001:S-P06-S10:GS08:p0007,8,0,0,0,0
10354,CP-AP-r001:S-P06-S10:GS08:p0008,8,0,0,0,0
10355,CP-AP-r001:S-P06-S10:GS08:p0009,8,0,0,0,0
10356,CP-AP-r001:S-P06-S10:GS08:p0010,8,0,0,0,0
10357,CP-AP-r001:S-P06-S10:GS08:p0011,8,0,0,0,0
10358,CP-AP-r001:S-P06-S10:GS08:p0012,9,0,0,0,0
10359,CP-AP-r001:S-P06-S10:GS09:p0001,10,0,0,0,0
10360,CP-AP-r001:S-P06-S10:GS09:p0002,8,0,0,0,0
10361,CP-AP-r001:S-P06-S10:GS09:p0003,8,0,0,0,0
10362,CP-AP-r001:S-P06-S10:GS09:p0004,8,0,0,0,0
10363,CP-AP-r001:S-P06-S10:GS09:p0005,10,0,0,0,0
10364,CP-AP-r001:S-P06-S10:GS09:p0006,8,0,0,0,0
10365,CP-AP-r001:S-P06-S10:GS09:p0007,6,0,0,0,0
10366,CP-AP-r001:S-P06-S10:GS09:p0008,8,0,0,0,0
10367,CP-AP-r001:S-P06-S10:GS09:p0009,8,0,0,0,0
10368,CP-AP-r001:S-P06-S10:GS09:p0010,9,0,0,0,0
10369,CP-AP-r001:S-P06-S10:GS09:p0011,8,0,0,0,0
10370,CP-AP-r001:S-P06-S10:GS09:p0012,6,0,0,0,0
10371,CP-AP-r001:S-P06-S10:GS09:p0013,8,0,0,0,0
10372,CP-AP-r001:S-P06-S10:GS09:p0014,9,0,0,0,0
10373,CP-AP-r001:S-P06-S10:GS10:p0001,10,0,0,0,0
10374,CP-AP-r001:S-P06-S10:GS10:p0002,7,0,0,0,0
10375,CP-AP-r001:S-P06-S10:GS10:p0003,8,0,0,0,0
10376,CP-AP-r001:S-P06-S10:GS10:p0004,8,0,0,0,0
10377,CP-AP-r001:S-P06-S10:GS10:p0005,10,0,0,0,0
10378,CP-AP-r001:S-P06-S10:GS10:p0006,7,0,0,0,0
10379,CP-AP-r001:S-P06-S10:GS10:p0007,10,0,0,0,0
10380,CP-AP-r001:S-P06-S10:GS10:p0008,8,0,0,0,0
10381,CP-AP-r001:S-P06-S10:GS10:p0009,6,0,0,0,0
10382,CP-AP-r001:S-P06-S10:GS10:p0010,10,0,0,0,0
10383,CP-AP-r001:S-P06-S10:GS10:p0011,8,0,0,0,0
10384,CP-AP-r001:S-P06-S10:GS10:p0012,8,0,0,0,0
10385,CP-AP-r001:S-P06-S10:GS10:p0013,7,0,0,0,0
10386,CP-AP-r001:S-P06-S10:GS11:p0001,7,0,0,0,0
10387,CP-AP-r001:S-P06-S10:GS11:p0002,7,0,0,0,0
10388,CP-AP-r001:S-P06-S10:GS11:p0003,10,0,0,0,0
10389,CP-AP-r001:S-P06-S10:GS11:p0004,10,0,0,0,0
10390,CP-AP-r001:S-P06-S10:GS11:p0005,7,0,0,0,0
10391,CP-AP-r001:S-P06-S10:GS11:p0006,7,0,0,0,0
10392,CP-AP-r001:S-P06-S10:GS11:p0007,10,0,0,0,0
10393,CP-AP-r001:S-P06-S10:GS11:p0008,10,0,0,0,0
10394,CP-AP-r001:S-P06-S10:GS11:p0009,9,0,0,0,0
10395,CP-AP-r001:S-P06-S10:GS11:p0010,7,0,0,0,0
10396,CP-AP-r001:S-P06-S10:GS11:p0011,10,0,0,0,0
10397,CP-AP-r001:S-P06-S10:GS11:p0012,8,0,0,0,0
10398,CP-AP-r001:S-P06-S10:GS12:p0001,7,0,0,0,0
10399,CP-AP-r001:S-P06-S10:GS12:p0002,8,0,0,0,0
10400,CP-AP-r001:S-P06-S10:GS12:p0003,8,0,0,0,0
10401,CP-AP-r001:S-P06-S10:GS12:p0004,8,0,0,0,0
10402,CP-AP-r001:S-P06-S10:GS12:p0005,8,0,0,0,0
10403,CP-AP-r001:S-P06-S10:GS12:p0006,8,0,0,0,0
10404,CP-AP-r001:S-P06-S10:GS12:p0007,8,0,0,0,0
10405,CP-AP-r001:S-P06-S10:GS12:p0008,8,0,0,0,0
10406,CP-AP-r001:S-P06-S10:GS12:p0009,8,0,0,0,0
10407,CP-AP-r001:S-P06-S10:GS12:p0010,7,0,0,0,0
10408,CP-AP-r001:S-P06-S10:GS12:p0011,9,0,0,0,0
10409,CP-AP-r001:S-P06-S10:GS12:p0012,10,0,0,0,0
10410,CP-AP-r001:S-P06-S11:GS01:p0001,7,0,0,0,0
10411,CP-AP-r001:S-P06-S11:GS01:p0002,7,0,0,0,0
10412,CP-AP-r001:S-P06-S11:GS01:p0003,8,0,0,0,0
10413,CP-AP-r001:S-P06-S11:GS01:p0004,7,0,0,0,0
10414,CP-AP-r001:S-P06-S11:GS01:p0005,7,0,0,0,0
10415,CP-AP-r001:S-P06-S11:GS01:p0006,8,0,0,0,0
10416,CP-AP-r001:S-P06-S11:GS01:p0007,7,0,0,0,0
10417,CP-AP-r001:S-P06-S11:GS01:p0008,7,0,0,0,0
10418,CP-AP-r001:S-P06-S11:GS01:p0009,7,0,0,0,0
10419,CP-AP-r001:S-P06-S11:GS01:p0010,9,0,0,0,0
10420,CP-AP-r001:S-P06-S11:GS01:p0011,6,0,0,0,0
10421,CP-AP-r001:S-P06-S11:GS02:p0001,7,0,0,0,0
10422,CP-AP-r001:S-P06-S11:GS02:p0002,5,0,0,0,0
10423,CP-AP-r001:S-P06-S11:GS02:p0003,8,0,0,0,0
10424,CP-AP-r001:S-P06-S11:GS02:p0004,7,0,0,0,0
10425,CP-AP-r001:S-P06-S11:GS02:p0005,7,0,0,0,0
10426,CP-AP-r001:S-P06-S11:GS02:p0006,5,0,0,0,0
10427,CP-AP-r001:S-P06-S11:GS02:p0007,6,0,0,0,0
10428,CP-AP-r001:S-P06-S11:GS02:p0008,8,0,0,0,0
10429,CP-AP-r001:S-P06-S11:GS02:p0009,6,0,0,0,0
10430,CP-AP-r001:S-P06-S11:GS02:p0010,8,0,0,0,0
10431,CP-AP-r001:S-P06-S11:GS02:p0011,7,0,0,0,0
10432,CP-AP-r001:S-P06-S11:GS02:p0012,8,0,0,0,0
10433,CP-AP-r001:S-P06-S11:GS03:p0001,6,0,0,0,0
10434,CP-AP-r001:S-P06-S11:GS03:p0002,5,0,0,0,0
10435,CP-AP-r001:S-P06-S11:GS03:p0003,8,0,0,0,0
10436,CP-AP-r001:S-P06-S11:GS03:p0004,7,0,0,0,0
10437,CP-AP-r001:S-P06-S11:GS03:p0005,7,0,0,0,0
10438,CP-AP-r001:S-P06-S11:GS03:p0006,6,0,0,0,0
10439,CP-AP-r001:S-P06-S11:GS03:p0007,8,0,0,0,0
10440,CP-AP-r001:S-P06-S11:GS03:p0008,7,0,0,0,0
10441,CP-AP-r001:S-P06-S11:GS03:p0009,7,0,0,0,0
10442,CP-AP-r001:S-P06-S11:GS03:p0010,8,0,0,0,0
10443,CP-AP-r001:S-P06-S11:GS03:p0011,7,0,0,0,0
10444,CP-AP-r001:S-P06-S11:GS04:p0001,7,0,0,0,0
10445,CP-AP-r001:S-P06-S11:GS04:p0002,7,0,0,0,0
10446,CP-AP-r001:S-P06-S11:GS04:p0003,8,0,0,0,0
10447,CP-AP-r001:S-P06-S11:GS04:p0004,7,0,0,0,0
10448,CP-AP-r001:S-P06-S11:GS04:p0005,7,0,0,0,0
10449,CP-AP-r001:S-P06-S11:GS04:p0006,7,0,0,0,0
10450,CP-AP-r001:S-P06-S11:GS04:p0007,8,0,0,0,0
10451,CP-AP-r001:S-P06-S11:GS04:p0008,7,0,0,0,0
10452,CP-AP-r001:S-P06-S11:GS04:p0009,8,0,0,0,0
10453,CP-AP-r001:S-P06-S11:GS04:p0010,6,0,0,0,0
10454,CP-AP-r001:S-P06-S11:GS04:p0011,8,0,0,0,0
10455,CP-AP-r001:S-P06-S11:GS04:p0012,7,0,0,0,0
10456,CP-AP-r001:S-P06-S11:GS05:p0001,7,0,0,0,0
10457,CP-AP-r001:S-P06-S11:GS05:p0002,7,0,0,0,0
10458,CP-AP-r001:S-P06-S11:GS05:p0003,8,0,0,0,0
10459,CP-AP-r001:S-P06-S11:GS05:p0004,7,0,0,0,0
10460,CP-AP-r001:S-P06-S11:GS05:p0005,7,0,0,0,0
10461,CP-AP-r001:S-P06-S11:GS05:p0006,7,0,0,0,0
10462,CP-AP-r001:S-P06-S11:GS05:p0007,10,0,0,0,0
10463,CP-AP-r001:S-P06-S11:GS05:p0008,6,0,0,0,0
10464,CP-AP-r001:S-P06-S11:GS05:p0009,7,0,0,0,0
10465,CP-AP-r001:S-P06-S11:GS05:p0010,7,0,0,0,0
10466,CP-AP-r001:S-P06-S11:GS05:p0011,8,0,0,0,0
10467,CP-AP-r001:S-P06-S11:GS05:p0012,8,0,0,0,0
10468,CP-AP-r001:S-P06-S11:GS06:p0001,7,0,0,0,0
10469,CP-AP-r001:S-P06-S11:GS06:p0002,4,0,0,0,0
10470,CP-AP-r001:S-P06-S11:GS06:p0003,6,0,0,0,0
10471,CP-AP-r001:S-P06-S11:GS06:p0004,10,0,0,0,0
10472,CP-AP-r001:S-P06-S11:GS06:p0005,5,0,0,0,0
10473,CP-AP-r001:S-P06-S11:GS06:p0006,7,0,0,0,0
10474,CP-AP-r001:S-P06-S11:GS06:p0007,7,0,0,0,0
10475,CP-AP-r001:S-P06-S11:GS06:p0008,8,0,0,0,0
10476,CP-AP-r001:S-P06-S11:GS06:p0009,7,0,0,0,0
10477,CP-AP-r001:S-P06-S11:GS06:p0010,7,0,0,0,0
10478,CP-AP-r001:S-P06-S11:GS06:p0011,8,0,0,0,0
10479,CP-AP-r001:S-P06-S11:GS07:p0001,8,0,0,0,0
10480,CP-AP-r001:S-P06-S11:GS07:p0002,8,0,0,0,0
10481,CP-AP-r001:S-P06-S11:GS07:p0003,9,0,0,0,0
10482,CP-AP-r001:S-P06-S11:GS07:p0004,10,0,0,0,0
10483,CP-AP-r001:S-P06-S11:GS07:p0005,10,0,0,0,0
10484,CP-AP-r001:S-P06-S11:GS07:p0006,8,0,0,0,0
10485,CP-AP-r001:S-P06-S11:GS07:p0007,9,0,0,0,0
10486,CP-AP-r001:S-P06-S11:GS07:p0008,8,0,0,0,0
10487,CP-AP-r001:S-P06-S11:GS07:p0009,10,0,0,0,0
10488,CP-AP-r001:S-P06-S11:GS07:p0010,8,0,0,0,0
10489,CP-AP-r001:S-P06-S11:GS07:p0011,9,0,0,0,0
10490,CP-AP-r001:S-P06-S11:GS07:p0012,8,0,0,0,0
10491,CP-AP-r001:S-P06-S11:GS07:p0013,8,0,0,0,0
10492,CP-AP-r001:S-P06-S11:GS08:p0001,8,0,0,0,0
10493,CP-AP-r001:S-P06-S11:GS08:p0002,10,0,0,0,0
10494,CP-AP-r001:S-P06-S11:GS08:p0003,8,0,0,0,0
10495,CP-AP-r001:S-P06-S11:GS08:p0004,8,0,0,0,0
10496,CP-AP-r001:S-P06-S11:GS08:p0005,8,0,0,0,0
10497,CP-AP-r001:S-P06-S11:GS08:p0006,9,0,0,0,0
10498,CP-AP-r001:S-P06-S11:GS08:p0007,8,0,0,0,0
10499,CP-AP-r001:S-P06-S11:GS08:p0008,10,0,0,0,0
10500,CP-AP-r001:S-P06-S11:GS08:p0009,8,0,0,0,0
10501,CP-AP-r001:S-P06-S11:GS08:p0010,8,0,0,0,0
10502,CP-AP-r001:S-P06-S11:GS08:p0011,9,0,0,0,0
10503,CP-AP-r001:S-P06-S11:GS08:p0012,10,0,0,0,0
10504,CP-AP-r001:S-P06-S11:GS09:p0001,7,0,0,0,0
10505,CP-AP-r001:S-P06-S11:GS09:p0002,7,0,0,0,0
10506,CP-AP-r001:S-P06-S11:GS09:p0003,8,0,0,0,0
10507,CP-AP-r001:S-P06-S11:GS09:p0004,8,0,0,0,0
10508,CP-AP-r001:S-P06-S11:GS09:p0005,10,0,0,0,0
10509,CP-AP-r001:S-P06-S11:GS09:p0006,7,0,0,0,0
10510,CP-AP-r001:S-P06-S11:GS09:p0007,8,0,0,0,0
10511,CP-AP-r001:S-P06-S11:GS09:p0008,8,0,0,0,0
10512,CP-AP-r001:S-P06-S11:GS09:p0009,9,0,0,0,0
10513,CP-AP-r001:S-P06-S11:GS09:p0010,7,0,0,0,0
10514,CP-AP-r001:S-P06-S11:GS09:p0011,9,0,0,0,0
10515,CP-AP-r001:S-P06-S11:GS09:p0012,8,0,0,0,0
10516,CP-AP-r001:S-P06-S11:GS09:p0013,9,0,0,0,0
10517,CP-AP-r001:S-P06-S11:GS10:p0001,10,0,0,0,0
10518,CP-AP-r001:S-P06-S11:GS10:p0002,8,0,0,0,0
10519,CP-AP-r001:S-P06-S11:GS10:p0003,8,0,0,0,0
10520,CP-AP-r001:S-P06-S11:GS10:p0004,6,0,0,0,0
10521,CP-AP-r001:S-P06-S11:GS10:p0005,9,0,0,0,0
10522,CP-AP-r001:S-P06-S11:GS10:p0006,8,0,0,0,0
10523,CP-AP-r001:S-P06-S11:GS10:p0007,8,0,0,0,0
10524,CP-AP-r001:S-P06-S11:GS10:p0008,8,0,0,0,0
10525,CP-AP-r001:S-P06-S11:GS10:p0009,8,0,0,0,0
10526,CP-AP-r001:S-P06-S11:GS10:p0010,8,0,0,0,0
10527,CP-AP-r001:S-P06-S11:GS10:p0011,7,0,0,0,0
10528,CP-AP-r001:S-P06-S11:GS10:p0012,8,0,0,0,0
10529,CP-AP-r001:S-P06-S11:GS10:p0013,10,0,0,0,0
10530,CP-AP-r001:S-P06-S11:GS11:p0001,9,0,0,0,0
10531,CP-AP-r001:S-P06-S11:GS11:p0002,8,0,0,0,0
10532,CP-AP-r001:S-P06-S11:GS11:p0003,9,0,0,0,0
10533,CP-AP-r001:S-P06-S11:GS11:p0004,10,0,0,0,0
10534,CP-AP-r001:S-P06-S11:GS11:p0005,10,0,0,0,0
10535,CP-AP-r001:S-P06-S11:GS11:p0006,8,0,0,0,0
10536,CP-AP-r001:S-P06-S11:GS11:p0007,7,0,0,0,0
10537,CP-AP-r001:S-P06-S11:GS11:p0008,8,0,0,0,0
10538,CP-AP-r001:S-P06-S11:GS11:p0009,8,0,0,0,0
10539,CP-AP-r001:S-P06-S11:GS11:p0010,10,0,0,0,0
10540,CP-AP-r001:S-P06-S11:GS11:p0011,8,0,0,0,0
10541,CP-AP-r001:S-P06-S11:GS11:p0012,8,0,0,0,0
10542,CP-AP-r001:S-P06-S11:GS11:p0013,8,0,0,0,0
10543,CP-AP-r001:S-P06-S11:GS11:p0014,9,0,0,0,0
10544,CP-AP-r001:S-P06-S11:GS12:p0001,8,0,0,0,0
10545,CP-AP-r001:S-P06-S11:GS12:p0002,9,0,0,0,0
10546,CP-AP-r001:S-P06-S11:GS12:p0003,8,0,0,0,0
10547,CP-AP-r001:S-P06-S11:GS12:p0004,10,0,0,0,0
10548,CP-AP-r001:S-P06-S11:GS12:p0005,8,0,0,0,0
10549,CP-AP-r001:S-P06-S11:GS12:p0006,8,0,0,0,0
10550,CP-AP-r001:S-P06-S11:GS12:p0007,9,0,0,0,0
10551,CP-AP-r001:S-P06-S11:GS12:p0008,10,0,0,0,0
10552,CP-AP-r001:S-P06-S11:GS12:p0009,8,0,0,0,0
10553,CP-AP-r001:S-P06-S11:GS12:p0010,8,0,0,0,0
10554,CP-AP-r001:S-P06-S11:GS12:p0011,9,0,0,0,0
10555,CP-AP-r001:S-P06-S11:GS12:p0012,10,0,0,0,0
10556,CP-AP-r001:S-P06-S12:GS01:p0001,6,0,0,0,0
10557,CP-AP-r001:S-P06-S12:GS01:p0002,6,0,0,0,0
10558,CP-AP-r001:S-P06-S12:GS01:p0003,8,0,0,0,0
10559,CP-AP-r001:S-P06-S12:GS01:p0004,6,0,0,0,0
10560,CP-AP-r001:S-P06-S12:GS01:p0005,6,0,0,0,0
10561,CP-AP-r001:S-P06-S12:GS01:p0006,8,0,0,0,0
10562,CP-AP-r001:S-P06-S12:GS01:p0007,6,0,0,0,0
10563,CP-AP-r001:S-P06-S12:GS01:p0008,6,0,0,0,0
10564,CP-AP-r001:S-P06-S12:GS01:p0009,6,0,0,0,0
10565,CP-AP-r001:S-P06-S12:GS01:p0010,9,0,0,0,0
10566,CP-AP-r001:S-P06-S12:GS01:p0011,4,0,0,0,0
10567,CP-AP-r001:S-P06-S12:GS02:p0001,6,0,0,0,0
10568,CP-AP-r001:S-P06-S12:GS02:p0002,6,0,0,0,0
10569,CP-AP-r001:S-P06-S12:GS02:p0003,9,0,0,0,0
10570,CP-AP-r001:S-P06-S12:GS02:p0004,7,0,0,0,0
10571,CP-AP-r001:S-P06-S12:GS02:p0005,5,0,0,0,0
10572,CP-AP-r001:S-P06-S12:GS02:p0006,5,0,0,0,0
10573,CP-AP-r001:S-P06-S12:GS02:p0007,7,0,0,0,0
10574,CP-AP-r001:S-P06-S12:GS02:p0008,8,0,0,0,0
10575,CP-AP-r001:S-P06-S12:GS02:p0009,5,0,0,0,0
10576,CP-AP-r001:S-P06-S12:GS02:p0010,6,0,0,0,0
10577,CP-AP-r001:S-P06-S12:GS02:p0011,7,0,0,0,0
10578,CP-AP-r001:S-P06-S12:GS02:p0012,8,0,0,0,0
10579,CP-AP-r001:S-P06-S12:GS03:p0001,6,0,0,0,0
10580,CP-AP-r001:S-P06-S12:GS03:p0002,4,0,0,0,0
10581,CP-AP-r001:S-P06-S12:GS03:p0003,8,0,0,0,0
10582,CP-AP-r001:S-P06-S12:GS03:p0004,6,0,0,0,0
10583,CP-AP-r001:S-P06-S12:GS03:p0005,7,0,0,0,0
10584,CP-AP-r001:S-P06-S12:GS03:p0006,5,0,0,0,0
10585,CP-AP-r001:S-P06-S12:GS03:p0007,8,0,0,0,0
10586,CP-AP-r001:S-P06-S12:GS03:p0008,6,0,0,0,0
10587,CP-AP-r001:S-P06-S12:GS03:p0009,6,0,0,0,0
10588,CP-AP-r001:S-P06-S12:GS03:p0010,8,0,0,0,0
10589,CP-AP-r001:S-P06-S12:GS03:p0011,6,0,0,0,0
10590,CP-AP-r001:S-P06-S12:GS04:p0001,6,0,0,0,0
10591,CP-AP-r001:S-P06-S12:GS04:p0002,6,0,0,0,0
10592,CP-AP-r001:S-P06-S12:GS04:p0003,8,0,0,0,0
10593,CP-AP-r001:S-P06-S12:GS04:p0004,6,0,0,0,0
10594,CP-AP-r001:S-P06-S12:GS04:p0005,7,0,0,0,0
10595,CP-AP-r001:S-P06-S12:GS04:p0006,6,0,0,0,0
10596,CP-AP-r001:S-P06-S12:GS04:p0007,8,0,0,0,0
10597,CP-AP-r001:S-P06-S12:GS04:p0008,6,0,0,0,0
10598,CP-AP-r001:S-P06-S12:GS04:p0009,8,0,0,0,0
10599,CP-AP-r001:S-P06-S12:GS04:p0010,6,0,0,0,0
10600,CP-AP-r001:S-P06-S12:GS04:p0011,8,0,0,0,0
10601,CP-AP-r001:S-P06-S12:GS04:p0012,6,0,0,0,0
10602,CP-AP-r001:S-P06-S12:GS05:p0001,6,0,0,0,0
10603,CP-AP-r001:S-P06-S12:GS05:p0002,6,0,0,0,0
10604,CP-AP-r001:S-P06-S12:GS05:p0003,8,0,0,0,0
10605,CP-AP-r001:S-P06-S12:GS05:p0004,6,0,0,0,0
10606,CP-AP-r001:S-P06-S12:GS05:p0005,6,0,0,0,0
10607,CP-AP-r001:S-P06-S12:GS05:p0006,6,0,0,0,0
10608,CP-AP-r001:S-P06-S12:GS05:p0007,10,0,0,0,0
10609,CP-AP-r001:S-P06-S12:GS05:p0008,4,0,0,0,0
10610,CP-AP-r001:S-P06-S12:GS05:p0009,6,0,0,0,0
10611,CP-AP-r001:S-P06-S12:GS05:p0010,6,0,0,0,0
10612,CP-AP-r001:S-P06-S12:GS05:p0011,8,0,0,0,0
10613,CP-AP-r001:S-P06-S12:GS05:p0012,6,0,0,0,0
10614,CP-AP-r001:S-P06-S12:GS06:p0001,6,0,0,0,0
10615,CP-AP-r001:S-P06-S12:GS06:p0002,5,0,0,0,0
10616,CP-AP-r001:S-P06-S12:GS06:p0003,7,0,0,0,0
10617,CP-AP-r001:S-P06-S12:GS06:p0004,9,0,0,0,0
10618,CP-AP-r001:S-P06-S12:GS06:p0005,4,0,0,0,0
10619,CP-AP-r001:S-P06-S12:GS06:p0006,6,0,0,0,0
10620,CP-AP-r001:S-P06-S12:GS06:p0007,7,0,0,0,0
10621,CP-AP-r001:S-P06-S12:GS06:p0008,8,0,0,0,0
10622,CP-AP-r001:S-P06-S12:GS06:p0009,6,0,0,0,0
10623,CP-AP-r001:S-P06-S12:GS06:p0010,6,0,0,0,0
10624,CP-AP-r001:S-P06-S12:GS06:p0011,8,0,0,0,0
10625,CP-AP-r001:S-P06-S12:GS07:p0001,7,0,0,0,0
10626,CP-AP-r001:S-P06-S12:GS07:p0002,7,0,0,0,0
10627,CP-AP-r001:S-P06-S12:GS07:p0003,10,0,0,0,0
10628,CP-AP-r001:S-P06-S12:GS07:p0004,10,0,0,0,0
10629,CP-AP-r001:S-P06-S12:GS07:p0005,9,0,0,0,0
10630,CP-AP-r001:S-P06-S12:GS07:p0006,7,0,0,0,0
10631,CP-AP-r001:S-P06-S12:GS07:p0007,10,0,0,0,0
10632,CP-AP-r001:S-P06-S12:GS07:p0008,8,0,0,0,0
10633,CP-AP-r001:S-P06-S12:GS07:p0009,11,0,0,0,0
10634,CP-AP-r001:S-P06-S12:GS07:p0010,7,0,0,0,0
10635,CP-AP-r001:S-P06-S12:GS07:p0011,10,0,0,0,0
10636,CP-AP-r001:S-P06-S12:GS07:p0012,8,0,0,0,0
10637,CP-AP-r001:S-P06-S12:GS07:p0013,4,0,0,0,0
10638,CP-AP-r001:S-P06-S12:GS08:p0001,8,0,0,0,0
10639,CP-AP-r001:S-P06-S12:GS08:p0002,8,0,0,0,0
10640,CP-AP-r001:S-P06-S12:GS08:p0003,8,0,0,0,0
10641,CP-AP-r001:S-P06-S12:GS08:p0004,8,0,0,0,0
10642,CP-AP-r001:S-P06-S12:GS08:p0005,7,0,0,0,0
10643,CP-AP-r001:S-P06-S12:GS08:p0006,7,0,0,0,0
10644,CP-AP-r001:S-P06-S12:GS08:p0007,9,0,0,0,0
10645,CP-AP-r001:S-P06-S12:GS08:p0008,10,0,0,0,0
10646,CP-AP-r001:S-P06-S12:GS08:p0009,7,0,0,0,0
10647,CP-AP-r001:S-P06-S12:GS08:p0010,7,0,0,0,0
10648,CP-AP-r001:S-P06-S12:GS08:p0011,10,0,0,0,0
10649,CP-AP-r001:S-P06-S12:GS08:p0012,10,0,0,0,0
10650,CP-AP-r001:S-P06-S12:GS09:p0001,9,0,0,0,0
10651,CP-AP-r001:S-P06-S12:GS09:p0002,8,0,0,0,0
10652,CP-AP-r001:S-P06-S12:GS09:p0003,7,0,0,0,0
10653,CP-AP-r001:S-P06-S12:GS09:p0004,8,0,0,0,0
10654,CP-AP-r001:S-P06-S12:GS09:p0005,9,0,0,0,0
10655,CP-AP-r001:S-P06-S12:GS09:p0006,7,0,0,0,0
10656,CP-AP-r001:S-P06-S12:GS09:p0007,7,0,0,0,0
10657,CP-AP-r001:S-P06-S12:GS09:p0008,8,0,0,0,0
10658,CP-AP-r001:S-P06-S12:GS09:p0009,8,0,0,0,0
10659,CP-AP-r001:S-P06-S12:GS09:p0010,7,0,0,0,0
10660,CP-AP-r001:S-P06-S12:GS09:p0011,9,0,0,0,0
10661,CP-AP-r001:S-P06-S12:GS09:p0012,8,0,0,0,0
10662,CP-AP-r001:S-P06-S12:GS09:p0013,8,0,0,0,0
10663,CP-AP-r001:S-P06-S12:GS10:p0001,10,0,0,0,0
10664,CP-AP-r001:S-P06-S12:GS10:p0002,8,0,0,0,0
10665,CP-AP-r001:S-P06-S12:GS10:p0003,8,0,0,0,0
10666,CP-AP-r001:S-P06-S12:GS10:p0004,6,0,0,0,0
10667,CP-AP-r001:S-P06-S12:GS10:p0005,10,0,0,0,0
10668,CP-AP-r001:S-P06-S12:GS10:p0006,8,0,0,0,0
10669,CP-AP-r001:S-P06-S12:GS10:p0007,8,0,0,0,0
10670,CP-AP-r001:S-P06-S12:GS10:p0008,8,0,0,0,0
10671,CP-AP-r001:S-P06-S12:GS10:p0009,10,0,0,0,0
10672,CP-AP-r001:S-P06-S12:GS10:p0010,8,0,0,0,0
10673,CP-AP-r001:S-P06-S12:GS10:p0011,5,0,0,0,0
10674,CP-AP-r001:S-P06-S12:GS10:p0012,8,0,0,0,0
10675,CP-AP-r001:S-P06-S12:GS10:p0013,9,0,0,0,0
10676,CP-AP-r001:S-P06-S12:GS11:p0001,8,0,0,0,0
10677,CP-AP-r001:S-P06-S12:GS11:p0002,7,0,0,0,0
10678,CP-AP-r001:S-P06-S12:GS11:p0003,10,0,0,0,0
10679,CP-AP-r001:S-P06-S12:GS11:p0004,9,0,0,0,0
10680,CP-AP-r001:S-P06-S12:GS11:p0005,10,0,0,0,0
10681,CP-AP-r001:S-P06-S12:GS11:p0006,7,0,0,0,0
10682,CP-AP-r001:S-P06-S12:GS11:p0007,8,0,0,0,0
10683,CP-AP-r001:S-P06-S12:GS11:p0008,8,0,0,0,0
10684,CP-AP-r001:S-P06-S12:GS11:p0009,5,0,0,0,0
10685,CP-AP-r001:S-P06-S12:GS11:p0010,10,0,0,0,0
10686,CP-AP-r001:S-P06-S12:GS11:p0011,8,0,0,0,0
10687,CP-AP-r001:S-P06-S12:GS11:p0012,10,0,0,0,0
10688,CP-AP-r001:S-P06-S12:GS11:p0013,8,0,0,0,0
10689,CP-AP-r001:S-P06-S12:GS11:p0014,7,0,0,0,0
10690,CP-AP-r001:S-P06-S12:GS12:p0001,8,0,0,0,0
10691,CP-AP-r001:S-P06-S12:GS12:p0002,7,0,0,0,0
10692,CP-AP-r001:S-P06-S12:GS12:p0003,8,0,0,0,0
10693,CP-AP-r001:S-P06-S12:GS12:p0004,10,0,0,0,0
10694,CP-AP-r001:S-P06-S12:GS12:p0005,7,0,0,0,0
10695,CP-AP-r001:S-P06-S12:GS12:p0006,7,0,0,0,0
10696,CP-AP-r001:S-P06-S12:GS12:p0007,10,0,0,0,0
10697,CP-AP-r001:S-P06-S12:GS12:p0008,10,0,0,0,0
10698,CP-AP-r001:S-P06-S12:GS12:p0009,7,0,0,0,0
10699,CP-AP-r001:S-P06-S12:GS12:p0010,7,0,0,0,0
10700,CP-AP-r001:S-P06-S12:GS12:p0011,10,0,0,0,0
10701,CP-AP-r001:S-P06-S12:GS12:p0012,10,0,0,0,0
10702,CP-AP-r001:S-P07-S01:GS01:p0001,8,0,0,0,0
10703,CP-AP-r001:S-P07-S01:GS01:p0002,7,0,0,0,0
10704,CP-AP-r001:S-P07-S01:GS01:p0003,7,0,0,0,0
10705,CP-AP-r001:S-P07-S01:GS01:p0004,8,0,0,0,0
10706,CP-AP-r001:S-P07-S01:GS01:p0005,6,0,0,0,0
10707,CP-AP-r001:S-P07-S01:GS01:p0006,7,0,0,0,0
10708,CP-AP-r001:S-P07-S01:GS01:p0007,7,0,0,0,0
10709,CP-AP-r001:S-P07-S01:GS01:p0008,8,0,0,0,0
10710,CP-AP-r001:S-P07-S01:GS01:p0009,7,0,0,0,0
10711,CP-AP-r001:S-P07-S01:GS01:p0010,7,0,0,0,0
10712,CP-AP-r001:S-P07-S01:GS01:p0011,7,0,0,0,0
10713,CP-AP-r001:S-P07-S01:GS01:p0012,8,0,0,0,0
10714,CP-AP-r001:S-P07-S01:GS01:p0013,7,0,0,0,0
10715,CP-AP-r001:S-P07-S01:GS02:p0001,7,0,0,0,0
10716,CP-AP-r001:S-P07-S01:GS02:p0002,7,0,0,0,0
10717,CP-AP-r001:S-P07-S01:GS02:p0003,7,0,0,0,0
10718,CP-AP-r001:S-P07-S01:GS02:p0004,8,0,0,0,0
10719,CP-AP-r001:S-P07-S01:GS02:p0005,7,0,0,0,0
10720,CP-AP-r001:S-P07-S01:GS02:p0006,7,0,0,0,0
10721,CP-AP-r001:S-P07-S01:GS02:p0007,8,0,0,0,0
10722,CP-AP-r001:S-P07-S01:GS02:p0008,8,0,0,0,0
10723,CP-AP-r001:S-P07-S01:GS02:p0009,7,0,0,0,0
10724,CP-AP-r001:S-P07-S01:GS02:p0010,7,0,0,0,0
10725,CP-AP-r001:S-P07-S01:GS02:p0011,10,0,0,0,0
10726,CP-AP-r001:S-P07-S01:GS02:p0012,7,0,0,0,0
10727,CP-AP-r001:S-P07-S01:GS03:p0001,7,0,0,0,0
10728,CP-AP-r001:S-P07-S01:GS03:p0002,8,0,0,0,0
10729,CP-AP-r001:S-P07-S01:GS03:p0003,7,0,0,0,0
10730,CP-AP-r001:S-P07-S01:GS03:p0004,7,0,0,0,0
10731,CP-AP-r001:S-P07-S01:GS03:p0005,5,0,0,0,0
10732,CP-AP-r001:S-P07-S01:GS03:p0006,6,0,0,0,0
10733,CP-AP-r001:S-P07-S01:GS03:p0007,10,0,0,0,0
10734,CP-AP-r001:S-P07-S01:GS03:p0008,5,0,0,0,0
10735,CP-AP-r001:S-P07-S01:GS03:p0009,6,0,0,0,0
10736,CP-AP-r001:S-P07-S01:GS03:p0010,7,0,0,0,0
10737,CP-AP-r001:S-P07-S01:GS03:p0011,8,0,0,0,0
10738,CP-AP-r001:S-P07-S01:GS04:p0001,8,0,0,0,0
10739,CP-AP-r001:S-P07-S01:GS04:p0002,6,0,0,0,0
10740,CP-AP-r001:S-P07-S01:GS04:p0003,8,0,0,0,0
10741,CP-AP-r001:S-P07-S01:GS04:p0004,7,0,0,0,0
10742,CP-AP-r001:S-P07-S01:GS04:p0005,6,0,0,0,0
10743,CP-AP-r001:S-P07-S01:GS04:p0006,5,0,0,0,0
10744,CP-AP-r001:S-P07-S01:GS04:p0007,8,0,0,0,0
10745,CP-AP-r001:S-P07-S01:GS04:p0008,7,0,0,0,0
10746,CP-AP-r001:S-P07-S01:GS04:p0009,7,0,0,0,0
10747,CP-AP-r001:S-P07-S01:GS04:p0010,7,0,0,0,0
10748,CP-AP-r001:S-P07-S01:GS04:p0011,8,0,0,0,0
10749,CP-AP-r001:S-P07-S01:GS04:p0012,7,0,0,0,0
10750,CP-AP-r001:S-P07-S01:GS05:p0001,7,0,0,0,0
10751,CP-AP-r001:S-P07-S01:GS05:p0002,7,0,0,0,0
10752,CP-AP-r001:S-P07-S01:GS05:p0003,8,0,0,0,0
10753,CP-AP-r001:S-P07-S01:GS05:p0004,7,0,0,0,0
10754,CP-AP-r001:S-P07-S01:GS05:p0005,7,0,0,0,0
10755,CP-AP-r001:S-P07-S01:GS05:p0006,7,0,0,0,0
10756,CP-AP-r001:S-P07-S01:GS05:p0007,8,0,0,0,0
10757,CP-AP-r001:S-P07-S01:GS05:p0008,7,0,0,0,0
10758,CP-AP-r001:S-P07-S01:GS05:p0009,8,0,0,0,0
10759,CP-AP-r001:S-P07-S01:GS05:p0010,6,0,0,0,0
10760,CP-AP-r001:S-P07-S01:GS05:p0011,8,0,0,0,0
10761,CP-AP-r001:S-P07-S01:GS05:p0012,7,0,0,0,0
10762,CP-AP-r001:S-P07-S01:GS06:p0001,7,0,0,0,0
10763,CP-AP-r001:S-P07-S01:GS06:p0002,7,0,0,0,0
10764,CP-AP-r001:S-P07-S01:GS06:p0003,8,0,0,0,0
10765,CP-AP-r001:S-P07-S01:GS06:p0004,7,0,0,0,0
10766,CP-AP-r001:S-P07-S01:GS06:p0005,7,0,0,0,0
10767,CP-AP-r001:S-P07-S01:GS06:p0006,9,0,0,0,0
10768,CP-AP-r001:S-P07-S01:GS06:p0007,8,0,0,0,0
10769,CP-AP-r001:S-P07-S01:GS06:p0008,7,0,0,0,0
10770,CP-AP-r001:S-P07-S01:GS06:p0009,7,0,0,0,0
10771,CP-AP-r001:S-P07-S01:GS06:p0010,8,0,0,0,0
10772,CP-AP-r001:S-P07-S01:GS06:p0011,7,0,0,0,0
10773,CP-AP-r001:S-P07-S01:GS07:p0001,10,0,0,0,0
10774,CP-AP-r001:S-P07-S01:GS07:p0002,8,0,0,0,0
10775,CP-AP-r001:S-P07-S01:GS07:p0003,8,0,0,0,0
10776,CP-AP-r001:S-P07-S01:GS07:p0004,8,0,0,0,0
10777,CP-AP-r001:S-P07-S01:GS07:p0005,8,0,0,0,0
10778,CP-AP-r001:S-P07-S01:GS07:p0006,10,0,0,0,0
10779,CP-AP-r001:S-P07-S01:GS07:p0007,8,0,0,0,0
10780,CP-AP-r001:S-P07-S01:GS07:p0008,9,0,0,0,0
10781,CP-AP-r001:S-P07-S01:GS07:p0009,8,0,0,0,0
10782,CP-AP-r001:S-P07-S01:GS07:p0010,6,0,0,0,0
10783,CP-AP-r001:S-P07-S01:GS07:p0011,9,0,0,0,0
10784,CP-AP-r001:S-P07-S01:GS07:p0012,8,0,0,0,0
10785,CP-AP-r001:S-P07-S01:GS07:p0013,8,0,0,0,0
10786,CP-AP-r001:S-P07-S01:GS07:p0014,8,0,0,0,0
10787,CP-AP-r001:S-P07-S01:GS08:p0001,8,0,0,0,0
10788,CP-AP-r001:S-P07-S01:GS08:p0002,8,0,0,0,0
10789,CP-AP-r001:S-P07-S01:GS08:p0003,9,0,0,0,0
10790,CP-AP-r001:S-P07-S01:GS08:p0004,10,0,0,0,0
10791,CP-AP-r001:S-P07-S01:GS08:p0005,9,0,0,0,0
10792,CP-AP-r001:S-P07-S01:GS08:p0006,8,0,0,0,0
10793,CP-AP-r001:S-P07-S01:GS08:p0007,9,0,0,0,0
10794,CP-AP-r001:S-P07-S01:GS08:p0008,10,0,0,0,0
10795,CP-AP-r001:S-P07-S01:GS08:p0009,10,0,0,0,0
10796,CP-AP-r001:S-P07-S01:GS08:p0010,8,0,0,0,0
10797,CP-AP-r001:S-P07-S01:GS08:p0011,7,0,0,0,0
10798,CP-AP-r001:S-P07-S01:GS08:p0012,8,0,0,0,0
10799,CP-AP-r001:S-P07-S01:GS09:p0001,8,0,0,0,0
10800,CP-AP-r001:S-P07-S01:GS09:p0002,9,0,0,0,0
10801,CP-AP-r001:S-P07-S01:GS09:p0003,8,0,0,0,0
10802,CP-AP-r001:S-P07-S01:GS09:p0004,9,0,0,0,0
10803,CP-AP-r001:S-P07-S01:GS09:p0005,8,0,0,0,0
10804,CP-AP-r001:S-P07-S01:GS09:p0006,8,0,0,0,0
10805,CP-AP-r001:S-P07-S01:GS09:p0007,8,0,0,0,0
10806,CP-AP-r001:S-P07-S01:GS09:p0008,10,0,0,0,0
10807,CP-AP-r001:S-P07-S01:GS09:p0009,8,0,0,0,0
10808,CP-AP-r001:S-P07-S01:GS09:p0010,8,0,0,0,0
10809,CP-AP-r001:S-P07-S01:GS09:p0011,8,0,0,0,0
10810,CP-AP-r001:S-P07-S01:GS09:p0012,10,0,0,0,0
10811,CP-AP-r001:S-P07-S01:GS10:p0001,8,0,0,0,0
10812,CP-AP-r001:S-P07-S01:GS10:p0002,8,0,0,0,0
10813,CP-AP-r001:S-P07-S01:GS10:p0003,5,0,0,0,0
10814,CP-AP-r001:S-P07-S01:GS10:p0004,8,0,0,0,0
10815,CP-AP-r001:S-P07-S01:GS10:p0005,10,0,0,0,0
10816,CP-AP-r001:S-P07-S01:GS10:p0006,7,0,0,0,0
10817,CP-AP-r001:S-P07-S01:GS10:p0007,6,0,0,0,0
10818,CP-AP-r001:S-P07-S01:GS10:p0008,8,0,0,0,0
10819,CP-AP-r001:S-P07-S01:GS10:p0009,8,0,0,0,0
10820,CP-AP-r001:S-P07-S01:GS10:p0010,7,0,0,0,0
10821,CP-AP-r001:S-P07-S01:GS10:p0011,9,0,0,0,0
10822,CP-AP-r001:S-P07-S01:GS10:p0012,8,0,0,0,0
10823,CP-AP-r001:S-P07-S01:GS10:p0013,9,0,0,0,0
10824,CP-AP-r001:S-P07-S01:GS11:p0001,10,0,0,0,0
10825,CP-AP-r001:S-P07-S01:GS11:p0002,8,0,0,0,0
10826,CP-AP-r001:S-P07-S01:GS11:p0003,8,0,0,0,0
10827,CP-AP-r001:S-P07-S01:GS11:p0004,8,0,0,0,0
10828,CP-AP-r001:S-P07-S01:GS11:p0005,7,0,0,0,0
10829,CP-AP-r001:S-P07-S01:GS11:p0006,9,0,0,0,0
10830,CP-AP-r001:S-P07-S01:GS11:p0007,8,0,0,0,0
10831,CP-AP-r001:S-P07-S01:GS11:p0008,8,0,0,0,0
10832,CP-AP-r001:S-P07-S01:GS11:p0009,8,0,0,0,0
10833,CP-AP-r001:S-P07-S01:GS11:p0010,7,0,0,0,0
10834,CP-AP-r001:S-P07-S01:GS11:p0011,8,0,0,0,0
10835,CP-AP-r001:S-P07-S01:GS11:p0012,8,0,0,0,0
10836,CP-AP-r001:S-P07-S01:GS11:p0013,9,0,0,0,0
10837,CP-AP-r001:S-P07-S01:GS12:p0001,8,0,0,0,0
10838,CP-AP-r001:S-P07-S01:GS12:p0002,8,0,0,0,0
10839,CP-AP-r001:S-P07-S01:GS12:p0003,9,0,0,0,0
10840,CP-AP-r001:S-P07-S01:GS12:p0004,10,0,0,0,0
10841,CP-AP-r001:S-P07-S01:GS12:p0005,10,0,0,0,0
10842,CP-AP-r001:S-P07-S01:GS12:p0006,8,0,0,0,0
10843,CP-AP-r001:S-P07-S01:GS12:p0007,9,0,0,0,0
10844,CP-AP-r001:S-P07-S01:GS12:p0008,8,0,0,0,0
10845,CP-AP-r001:S-P07-S01:GS12:p0009,10,0,0,0,0
10846,CP-AP-r001:S-P07-S01:GS12:p0010,8,0,0,0,0
10847,CP-AP-r001:S-P07-S01:GS12:p0011,8,0,0,0,0
10848,CP-AP-r001:S-P07-S01:GS12:p0012,8,0,0,0,0
10849,CP-AP-r001:S-P07-S01:GS12:p0013,8,0,0,0,0
10850,CP-AP-r001:S-P07-S02:GS01:p0001,7,0,0,0,0
10851,CP-AP-r001:S-P07-S02:GS01:p0002,6,0,0,0,0
10852,CP-AP-r001:S-P07-S02:GS01:p0003,6,0,0,0,0
10853,CP-AP-r001:S-P07-S02:GS01:p0004,8,0,0,0,0
10854,CP-AP-r001:S-P07-S02:GS01:p0005,5,0,0,0,0
10855,CP-AP-r001:S-P07-S02:GS01:p0006,6,0,0,0,0
10856,CP-AP-r001:S-P07-S02:GS01:p0007,6,0,0,0,0
10857,CP-AP-r001:S-P07-S02:GS01:p0008,8,0,0,0,0
10858,CP-AP-r001:S-P07-S02:GS01:p0009,6,0,0,0,0
10859,CP-AP-r001:S-P07-S02:GS01:p0010,6,0,0,0,0
10860,CP-AP-r001:S-P07-S02:GS01:p0011,6,0,0,0,0
10861,CP-AP-r001:S-P07-S02:GS01:p0012,8,0,0,0,0
10862,CP-AP-r001:S-P07-S02:GS01:p0013,6,0,0,0,0
10863,CP-AP-r001:S-P07-S02:GS02:p0001,6,0,0,0,0
10864,CP-AP-r001:S-P07-S02:GS02:p0002,6,0,0,0,0
10865,CP-AP-r001:S-P07-S02:GS02:p0003,8,0,0,0,0
10866,CP-AP-r001:S-P07-S02:GS02:p0004,6,0,0,0,0
10867,CP-AP-r001:S-P07-S02:GS02:p0005,6,0,0,0,0
10868,CP-AP-r001:S-P07-S02:GS02:p0006,8,0,0,0,0
10869,CP-AP-r001:S-P07-S02:GS02:p0007,7,0,0,0,0
10870,CP-AP-r001:S-P07-S02:GS02:p0008,6,0,0,0,0
10871,CP-AP-r001:S-P07-S02:GS02:p0009,6,0,0,0,0
10872,CP-AP-r001:S-P07-S02:GS02:p0010,10,0,0,0,0
10873,CP-AP-r001:S-P07-S02:GS02:p0011,6,0,0,0,0
10874,CP-AP-r001:S-P07-S02:GS03:p0001,6,0,0,0,0
10875,CP-AP-r001:S-P07-S02:GS03:p0002,8,0,0,0,0
10876,CP-AP-r001:S-P07-S02:GS03:p0003,6,0,0,0,0
10877,CP-AP-r001:S-P07-S02:GS03:p0004,6,0,0,0,0
10878,CP-AP-r001:S-P07-S02:GS03:p0005,7,0,0,0,0
10879,CP-AP-r001:S-P07-S02:GS03:p0006,7,0,0,0,0
10880,CP-AP-r001:S-P07-S02:GS03:p0007,9,0,0,0,0
10881,CP-AP-r001:S-P07-S02:GS03:p0008,4,0,0,0,0
10882,CP-AP-r001:S-P07-S02:GS03:p0009,6,0,0,0,0
10883,CP-AP-r001:S-P07-S02:GS03:p0010,7,0,0,0,0
10884,CP-AP-r001:S-P07-S02:GS03:p0011,8,0,0,0,0
10885,CP-AP-r001:S-P07-S02:GS04:p0001,8,0,0,0,0
10886,CP-AP-r001:S-P07-S02:GS04:p0002,6,0,0,0,0
10887,CP-AP-r001:S-P07-S02:GS04:p0003,8,0,0,0,0
10888,CP-AP-r001:S-P07-S02:GS04:p0004,6,0,0,0,0
10889,CP-AP-r001:S-P07-S02:GS04:p0005,6,0,0,0,0
10890,CP-AP-r001:S-P07-S02:GS04:p0006,4,0,0,0,0
10891,CP-AP-r001:S-P07-S02:GS04:p0007,8,0,0,0,0
10892,CP-AP-r001:S-P07-S02:GS04:p0008,6,0,0,0,0
10893,CP-AP-r001:S-P07-S02:GS04:p0009,7,0,0,0,0
10894,CP-AP-r001:S-P07-S02:GS04:p0010,8,0,0,0,0
10895,CP-AP-r001:S-P07-S02:GS04:p0011,6,0,0,0,0
10896,CP-AP-r001:S-P07-S02:GS05:p0001,6,0,0,0,0
10897,CP-AP-r001:S-P07-S02:GS05:p0002,6,0,0,0,0
10898,CP-AP-r001:S-P07-S02:GS05:p0003,8,0,0,0,0
10899,CP-AP-r001:S-P07-S02:GS05:p0004,6,0,0,0,0
10900,CP-AP-r001:S-P07-S02:GS05:p0005,6,0,0,0,0
10901,CP-AP-r001:S-P07-S02:GS05:p0006,6,0,0,0,0
10902,CP-AP-r001:S-P07-S02:GS05:p0007,8,0,0,0,0
10903,CP-AP-r001:S-P07-S02:GS05:p0008,6,0,0,0,0
10904,CP-AP-r001:S-P07-S02:GS05:p0009,7,0,0,0,0
10905,CP-AP-r001:S-P07-S02:GS05:p0010,6,0,0,0,0
10906,CP-AP-r001:S-P07-S02:GS05:p0011,8,0,0,0,0
10907,CP-AP-r001:S-P07-S02:GS05:p0012,6,0,0,0,0
10908,CP-AP-r001:S-P07-S02:GS06:p0001,6,0,0,0,0
10909,CP-AP-r001:S-P07-S02:GS06:p0002,6,0,0,0,0
10910,CP-AP-r001:S-P07-S02:GS06:p0003,8,0,0,0,0
10911,CP-AP-r001:S-P07-S02:GS06:p0004,6,0,0,0,0
10912,CP-AP-r001:S-P07-S02:GS06:p0005,6,0,0,0,0
10913,CP-AP-r001:S-P07-S02:GS06:p0006,9,0,0,0,0
10914,CP-AP-r001:S-P07-S02:GS06:p0007,6,0,0,0,0
10915,CP-AP-r001:S-P07-S02:GS06:p0008,6,0,0,0,0
10916,CP-AP-r001:S-P07-S02:GS06:p0009,6,0,0,0,0
10917,CP-AP-r001:S-P07-S02:GS06:p0010,8,0,0,0,0
10918,CP-AP-r001:S-P07-S02:GS06:p0011,6,0,0,0,0
10919,CP-AP-r001:S-P07-S02:GS07:p0001,10,0,0,0,0
10920,CP-AP-r001:S-P07-S02:GS07:p0002,7,0,0,0,0
10921,CP-AP-r001:S-P07-S02:GS07:p0003,10,0,0,0,0
10922,CP-AP-r001:S-P07-S02:GS07:p0004,8,0,0,0,0
10923,CP-AP-r001:S-P07-S02:GS07:p0005,6,0,0,0,0
10924,CP-AP-r001:S-P07-S02:GS07:p0006,10,0,0,0,0
10925,CP-AP-r001:S-P07-S02:GS07:p0007,8,0,0,0,0
10926,CP-AP-r001:S-P07-S02:GS07:p0008,8,0,0,0,0
10927,CP-AP-r001:S-P07-S02:GS07:p0009,7,0,0,0,0
10928,CP-AP-r001:S-P07-S02:GS07:p0010,10,0,0,0,0
10929,CP-AP-r001:S-P07-S02:GS07:p0011,8,0,0,0,0
10930,CP-AP-r001:S-P07-S02:GS07:p0012,8,0,0,0,0
10931,CP-AP-r001:S-P07-S02:GS07:p0013,9,0,0,0,0
10932,CP-AP-r001:S-P07-S02:GS08:p0001,7,0,0,0,0
10933,CP-AP-r001:S-P07-S02:GS08:p0002,7,0,0,0,0
10934,CP-AP-r001:S-P07-S02:GS08:p0003,10,0,0,0,0
10935,CP-AP-r001:S-P07-S02:GS08:p0004,10,0,0,0,0
10936,CP-AP-r001:S-P07-S02:GS08:p0005,8,0,0,0,0
10937,CP-AP-r001:S-P07-S02:GS08:p0006,7,0,0,0,0
10938,CP-AP-r001:S-P07-S02:GS08:p0007,10,0,0,0,0
10939,CP-AP-r001:S-P07-S02:GS08:p0008,9,0,0,0,0
10940,CP-AP-r001:S-P07-S02:GS08:p0009,10,0,0,0,0
10941,CP-AP-r001:S-P07-S02:GS08:p0010,7,0,0,0,0
10942,CP-AP-r001:S-P07-S02:GS08:p0011,8,0,0,0,0
10943,CP-AP-r001:S-P07-S02:GS08:p0012,8,0,0,0,0
10944,CP-AP-r001:S-P07-S02:GS08:p0013,8,0,0,0,0
10945,CP-AP-r001:S-P07-S02:GS09:p0001,8,0,0,0,0
10946,CP-AP-r001:S-P07-S02:GS09:p0002,9,0,0,0,0
10947,CP-AP-r001:S-P07-S02:GS09:p0003,8,0,0,0,0
10948,CP-AP-r001:S-P07-S02:GS09:p0004,8,0,0,0,0
10949,CP-AP-r001:S-P07-S02:GS09:p0005,8,0,0,0,0
10950,CP-AP-r001:S-P07-S02:GS09:p0006,7,0,0,0,0
10951,CP-AP-r001:S-P07-S02:GS09:p0007,8,0,0,0,0
10952,CP-AP-r001:S-P07-S02:GS09:p0008,10,0,0,0,0
10953,CP-AP-r001:S-P07-S02:GS09:p0009,7,0,0,0,0
10954,CP-AP-r001:S-P07-S02:GS09:p0010,7,0,0,0,0
10955,CP-AP-r001:S-P07-S02:GS09:p0011,10,0,0,0,0
10956,CP-AP-r001:S-P07-S02:GS09:p0012,10,0,0,0,0
10957,CP-AP-r001:S-P07-S02:GS10:p0001,9,0,0,0,0
10958,CP-AP-r001:S-P07-S02:GS10:p0002,8,0,0,0,0
10959,CP-AP-r001:S-P07-S02:GS10:p0003,5,0,0,0,0
10960,CP-AP-r001:S-P07-S02:GS10:p0004,8,0,0,0,0
10961,CP-AP-r001:S-P07-S02:GS10:p0005,10,0,0,0,0
10962,CP-AP-r001:S-P07-S02:GS10:p0006,7,0,0,0,0
10963,CP-AP-r001:S-P07-S02:GS10:p0007,6,0,0,0,0
10964,CP-AP-r001:S-P07-S02:GS10:p0008,8,0,0,0,0
10965,CP-AP-r001:S-P07-S02:GS10:p0009,8,0,0,0,0
10966,CP-AP-r001:S-P07-S02:GS10:p0010,7,0,0,0,0
10967,CP-AP-r001:S-P07-S02:GS10:p0011,9,0,0,0,0
10968,CP-AP-r001:S-P07-S02:GS10:p0012,8,0,0,0,0
10969,CP-AP-r001:S-P07-S02:GS10:p0013,8,0,0,0,0
10970,CP-AP-r001:S-P07-S02:GS11:p0001,10,0,0,0,0
10971,CP-AP-r001:S-P07-S02:GS11:p0002,8,0,0,0,0
10972,CP-AP-r001:S-P07-S02:GS11:p0003,10,0,0,0,0
10973,CP-AP-r001:S-P07-S02:GS11:p0004,8,0,0,0,0
10974,CP-AP-r001:S-P07-S02:GS11:p0005,6,0,0,0,0
10975,CP-AP-r001:S-P07-S02:GS11:p0006,10,0,0,0,0
10976,CP-AP-r001:S-P07-S02:GS11:p0007,8,0,0,0,0
10977,CP-AP-r001:S-P07-S02:GS11:p0008,8,0,0,0,0
10978,CP-AP-r001:S-P07-S02:GS11:p0009,9,0,0,0,0
10979,CP-AP-r001:S-P07-S02:GS11:p0010,8,0,0,0,0
10980,CP-AP-r001:S-P07-S02:GS11:p0011,8,0,0,0,0
10981,CP-AP-r001:S-P07-S02:GS11:p0012,8,0,0,0,0
10982,CP-AP-r001:S-P07-S02:GS11:p0013,8,0,0,0,0
10983,CP-AP-r001:S-P07-S02:GS11:p0014,10,0,0,0,0
10984,CP-AP-r001:S-P07-S02:GS12:p0001,7,0,0,0,0
10985,CP-AP-r001:S-P07-S02:GS12:p0002,7,0,0,0,0
10986,CP-AP-r001:S-P07-S02:GS12:p0003,10,0,0,0,0
10987,CP-AP-r001:S-P07-S02:GS12:p0004,9,0,0,0,0
10988,CP-AP-r001:S-P07-S02:GS12:p0005,8,0,0,0,0
10989,CP-AP-r001:S-P07-S02:GS12:p0006,7,0,0,0,0
10990,CP-AP-r001:S-P07-S02:GS12:p0007,10,0,0,0,0
10991,CP-AP-r001:S-P07-S02:GS12:p0008,8,0,0,0,0
10992,CP-AP-r001:S-P07-S02:GS12:p0009,10,0,0,0,0
10993,CP-AP-r001:S-P07-S02:GS12:p0010,7,0,0,0,0
10994,CP-AP-r001:S-P07-S02:GS12:p0011,10,0,0,0,0
10995,CP-AP-r001:S-P07-S02:GS12:p0012,8,0,0,0,0
10996,CP-AP-r001:S-P07-S02:GS12:p0013,7,0,0,0,0
10997,CP-AP-r001:S-P07-S03:GS01:p0001,4,0,0,0,0
10998,CP-AP-r001:S-P07-S03:GS01:p0002,7,0,0,0,0
10999,CP-AP-r001:S-P07-S03:GS01:p0003,7,0,0,0,0
11000,CP-AP-r001:S-P07-S03:GS01:p0004,8,0,0,0,0
11001,CP-AP-r001:S-P07-S03:GS01:p0005,7,0,0,0,0
11002,CP-AP-r001:S-P07-S03:GS01:p0006,8,0,0,0,0
11003,CP-AP-r001:S-P07-S03:GS01:p0007,6,0,0,0,0
11004,CP-AP-r001:S-P07-S03:GS01:p0008,8,0,0,0,0
11005,CP-AP-r001:S-P07-S03:GS01:p0009,7,0,0,0,0
11006,CP-AP-r001:S-P07-S03:GS01:p0010,6,0,0,0,0
11007,CP-AP-r001:S-P07-S03:GS01:p0011,5,0,0,0,0
11008,CP-AP-r001:S-P07-S03:GS01:p0012,8,0,0,0,0
11009,CP-AP-r001:S-P07-S03:GS01:p0013,7,0,0,0,0
11010,CP-AP-r001:S-P07-S03:GS02:p0001,7,0,0,0,0
11011,CP-AP-r001:S-P07-S03:GS02:p0002,7,0,0,0,0
11012,CP-AP-r001:S-P07-S03:GS02:p0003,10,0,0,0,0
11013,CP-AP-r001:S-P07-S03:GS02:p0004,7,0,0,0,0
11014,CP-AP-r001:S-P07-S03:GS02:p0005,7,0,0,0,0
11015,CP-AP-r001:S-P07-S03:GS02:p0006,7,0,0,0,0
11016,CP-AP-r001:S-P07-S03:GS02:p0007,8,0,0,0,0
11017,CP-AP-r001:S-P07-S03:GS02:p0008,7,0,0,0,0
11018,CP-AP-r001:S-P07-S03:GS02:p0009,7,0,0,0,0
11019,CP-AP-r001:S-P07-S03:GS02:p0010,7,0,0,0,0
11020,CP-AP-r001:S-P07-S03:GS02:p0011,8,0,0,0,0
11021,CP-AP-r001:S-P07-S03:GS02:p0012,7,0,0,0,0
11022,CP-AP-r001:S-P07-S03:GS03:p0001,6,0,0,0,0
11023,CP-AP-r001:S-P07-S03:GS03:p0002,6,0,0,0,0
11024,CP-AP-r001:S-P07-S03:GS03:p0003,7,0,0,0,0
11025,CP-AP-r001:S-P07-S03:GS03:p0004,8,0,0,0,0
11026,CP-AP-r001:S-P07-S03:GS03:p0005,7,0,0,0,0
11027,CP-AP-r001:S-P07-S03:GS03:p0006,7,0,0,0,0
11028,CP-AP-r001:S-P07-S03:GS03:p0007,8,0,0,0,0
11029,CP-AP-r001:S-P07-S03:GS03:p0008,7,0,0,0,0
11030,CP-AP-r001:S-P07-S03:GS03:p0009,7,0,0,0,0
11031,CP-AP-r001:S-P07-S03:GS03:p0010,8,0,0,0,0
11032,CP-AP-r001:S-P07-S03:GS03:p0011,8,0,0,0,0
11033,CP-AP-r001:S-P07-S03:GS04:p0001,7,0,0,0,0
11034,CP-AP-r001:S-P07-S03:GS04:p0002,7,0,0,0,0
11035,CP-AP-r001:S-P07-S03:GS04:p0003,8,0,0,0,0
11036,CP-AP-r001:S-P07-S03:GS04:p0004,7,0,0,0,0
11037,CP-AP-r001:S-P07-S03:GS04:p0005,7,0,0,0,0
11038,CP-AP-r001:S-P07-S03:GS04:p0006,8,0,0,0,0
11039,CP-AP-r001:S-P07-S03:GS04:p0007,7,0,0,0,0
11040,CP-AP-r001:S-P07-S03:GS04:p0008,7,0,0,0,0
11041,CP-AP-r001:S-P07-S03:GS04:p0009,5,0,0,0,0
11042,CP-AP-r001:S-P07-S03:GS04:p0010,6,0,0,0,0
11043,CP-AP-r001:S-P07-S03:GS04:p0011,9,0,0,0,0
11044,CP-AP-r001:S-P07-S03:GS05:p0001,8,0,0,0,0
11045,CP-AP-r001:S-P07-S03:GS05:p0002,6,0,0,0,0
11046,CP-AP-r001:S-P07-S03:GS05:p0003,8,0,0,0,0
11047,CP-AP-r001:S-P07-S03:GS05:p0004,7,0,0,0,0
11048,CP-AP-r001:S-P07-S03:GS05:p0005,7,0,0,0,0
11049,CP-AP-r001:S-P07-S03:GS05:p0006,6,0,0,0,0
11050,CP-AP-r001:S-P07-S03:GS05:p0007,8,0,0,0,0
11051,CP-AP-r001:S-P07-S03:GS05:p0008,7,0,0,0,0
11052,CP-AP-r001:S-P07-S03:GS05:p0009,6,0,0,0,0
11053,CP-AP-r001:S-P07-S03:GS05:p0010,5,0,0,0,0
11054,CP-AP-r001:S-P07-S03:GS05:p0011,8,0,0,0,0
11055,CP-AP-r001:S-P07-S03:GS05:p0012,7,0,0,0,0
11056,CP-AP-r001:S-P07-S03:GS06:p0001,7,0,0,0,0
11057,CP-AP-r001:S-P07-S03:GS06:p0002,7,0,0,0,0
11058,CP-AP-r001:S-P07-S03:GS06:p0003,8,0,0,0,0
11059,CP-AP-r001:S-P07-S03:GS06:p0004,7,0,0,0,0
11060,CP-AP-r001:S-P07-S03:GS06:p0005,7,0,0,0,0
11061,CP-AP-r001:S-P07-S03:GS06:p0006,7,0,0,0,0
11062,CP-AP-r001:S-P07-S03:GS06:p0007,8,0,0,0,0
11063,CP-AP-r001:S-P07-S03:GS06:p0008,7,0,0,0,0
11064,CP-AP-r001:S-P07-S03:GS06:p0009,7,0,0,0,0
11065,CP-AP-r001:S-P07-S03:GS06:p0010,7,0,0,0,0
11066,CP-AP-r001:S-P07-S03:GS06:p0011,8,0,0,0,0
11067,CP-AP-r001:S-P07-S03:GS06:p0012,7,0,0,0,0
11068,CP-AP-r001:S-P07-S03:GS07:p0001,4,0,0,0,0
11069,CP-AP-r001:S-P07-S03:GS07:p0002,9,0,0,0,0
11070,CP-AP-r001:S-P07-S03:GS07:p0003,8,0,0,0,0
11071,CP-AP-r001:S-P07-S03:GS07:p0004,8,0,0,0,0
11072,CP-AP-r001:S-P07-S03:GS07:p0005,8,0,0,0,0
11073,CP-AP-r001:S-P07-S03:GS07:p0006,8,0,0,0,0
11074,CP-AP-r001:S-P07-S03:GS07:p0007,8,0,0,0,0
11075,CP-AP-r001:S-P07-S03:GS07:p0008,5,0,0,0,0
11076,CP-AP-r001:S-P07-S03:GS07:p0009,8,0,0,0,0
11077,CP-AP-r001:S-P07-S03:GS07:p0010,10,0,0,0,0
11078,CP-AP-r001:S-P07-S03:GS07:p0011,7,0,0,0,0
11079,CP-AP-r001:S-P07-S03:GS07:p0012,7,0,0,0,0
11080,CP-AP-r001:S-P07-S03:GS07:p0013,6,0,0,0,0
11081,CP-AP-r001:S-P07-S03:GS07:p0014,8,0,0,0,0
11082,CP-AP-r001:S-P07-S03:GS07:p0015,8,0,0,0,0
11083,CP-AP-r001:S-P07-S03:GS08:p0001,9,0,0,0,0
11084,CP-AP-r001:S-P07-S03:GS08:p0002,8,0,0,0,0
11085,CP-AP-r001:S-P07-S03:GS08:p0003,8,0,0,0,0
11086,CP-AP-r001:S-P07-S03:GS08:p0004,8,0,0,0,0
11087,CP-AP-r001:S-P07-S03:GS08:p0005,10,0,0,0,0
11088,CP-AP-r001:S-P07-S03:GS08:p0006,8,0,0,0,0
11089,CP-AP-r001:S-P07-S03:GS08:p0007,8,0,0,0,0
11090,CP-AP-r001:S-P07-S03:GS08:p0008,8,0,0,0,0
11091,CP-AP-r001:S-P07-S03:GS08:p0009,7,0,0,0,0
11092,CP-AP-r001:S-P07-S03:GS08:p0010,9,0,0,0,0
11093,CP-AP-r001:S-P07-S03:GS08:p0011,8,0,0,0,0
11094,CP-AP-r001:S-P07-S03:GS08:p0012,8,0,0,0,0
11095,CP-AP-r001:S-P07-S03:GS08:p0013,7,0,0,0,0
11096,CP-AP-r001:S-P07-S03:GS09:p0001,8,0,0,0,0
11097,CP-AP-r001:S-P07-S03:GS09:p0002,8,0,0,0,0
11098,CP-AP-r001:S-P07-S03:GS09:p0003,8,0,0,0,0
11099,CP-AP-r001:S-P07-S03:GS09:p0004,10,0,0,0,0
11100,CP-AP-r001:S-P07-S03:GS09:p0005,9,0,0,0,0
11101,CP-AP-r001:S-P07-S03:GS09:p0006,8,0,0,0,0
11102,CP-AP-r001:S-P07-S03:GS09:p0007,9,0,0,0,0
11103,CP-AP-r001:S-P07-S03:GS09:p0008,10,0,0,0,0
11104,CP-AP-r001:S-P07-S03:GS09:p0009,10,0,0,0,0
11105,CP-AP-r001:S-P07-S03:GS09:p0010,8,0,0,0,0
11106,CP-AP-r001:S-P07-S03:GS09:p0011,9,0,0,0,0
11107,CP-AP-r001:S-P07-S03:GS09:p0012,9,0,0,0,0
11108,CP-AP-r001:S-P07-S03:GS10:p0001,7,0,0,0,0
11109,CP-AP-r001:S-P07-S03:GS10:p0002,9,0,0,0,0
11110,CP-AP-r001:S-P07-S03:GS10:p0003,8,0,0,0,0
11111,CP-AP-r001:S-P07-S03:GS10:p0004,9,0,0,0,0
11112,CP-AP-r001:S-P07-S03:GS10:p0005,9,0,0,0,0
11113,CP-AP-r001:S-P07-S03:GS10:p0006,9,0,0,0,0
11114,CP-AP-r001:S-P07-S03:GS10:p0007,8,0,0,0,0
11115,CP-AP-r001:S-P07-S03:GS10:p0008,8,0,0,0,0
11116,CP-AP-r001:S-P07-S03:GS10:p0009,8,0,0,0,0
11117,CP-AP-r001:S-P07-S03:GS10:p0010,8,0,0,0,0
11118,CP-AP-r001:S-P07-S03:GS10:p0011,8,0,0,0,0
11119,CP-AP-r001:S-P07-S03:GS10:p0012,10,0,0,0,0
11120,CP-AP-r001:S-P07-S03:GS11:p0001,7,0,0,0,0
11121,CP-AP-r001:S-P07-S03:GS11:p0002,8,0,0,0,0
11122,CP-AP-r001:S-P07-S03:GS11:p0003,8,0,0,0,0
11123,CP-AP-r001:S-P07-S03:GS11:p0004,8,0,0,0,0
11124,CP-AP-r001:S-P07-S03:GS11:p0005,7,0,0,0,0
11125,CP-AP-r001:S-P07-S03:GS11:p0006,7,0,0,0,0
11126,CP-AP-r001:S-P07-S03:GS11:p0007,5,0,0,0,0
11127,CP-AP-r001:S-P07-S03:GS11:p0008,8,0,0,0,0
11128,CP-AP-r001:S-P07-S03:GS11:p0009,10,0,0,0,0
11129,CP-AP-r001:S-P07-S03:GS11:p0010,7,0,0,0,0
11130,CP-AP-r001:S-P07-S03:GS11:p0011,7,0,0,0,0
11131,CP-AP-r001:S-P07-S03:GS11:p0012,8,0,0,0,0
11132,CP-AP-r001:S-P07-S03:GS11:p0013,8,0,0,0,0
11133,CP-AP-r001:S-P07-S03:GS12:p0001,10,0,0,0,0
11134,CP-AP-r001:S-P07-S03:GS12:p0002,8,0,0,0,0
11135,CP-AP-r001:S-P07-S03:GS12:p0003,9,0,0,0,0
11136,CP-AP-r001:S-P07-S03:GS12:p0004,8,0,0,0,0
11137,CP-AP-r001:S-P07-S03:GS12:p0005,8,0,0,0,0
11138,CP-AP-r001:S-P07-S03:GS12:p0006,10,0,0,0,0
11139,CP-AP-r001:S-P07-S03:GS12:p0007,8,0,0,0,0
11140,CP-AP-r001:S-P07-S03:GS12:p0008,9,0,0,0,0
11141,CP-AP-r001:S-P07-S03:GS12:p0009,8,0,0,0,0
11142,CP-AP-r001:S-P07-S03:GS12:p0010,7,0,0,0,0
11143,CP-AP-r001:S-P07-S03:GS12:p0011,9,0,0,0,0
11144,CP-AP-r001:S-P07-S03:GS12:p0012,8,0,0,0,0
11145,CP-AP-r001:S-P07-S03:GS12:p0013,8,0,0,0,0
11146,CP-AP-r001:S-P07-S03:GS12:p0014,8,0,0,0,0
11147,CP-AP-r001:S-P07-S04:GS01:p0001,4,0,0,0,0
11148,CP-AP-r001:S-P07-S04:GS01:p0002,6,0,0,0,0
11149,CP-AP-r001:S-P07-S04:GS01:p0003,6,0,0,0,0
11150,CP-AP-r001:S-P07-S04:GS01:p0004,8,0,0,0,0
11151,CP-AP-r001:S-P07-S04:GS01:p0005,6,0,0,0,0
11152,CP-AP-r001:S-P07-S04:GS01:p0006,7,0,0,0,0
11153,CP-AP-r001:S-P07-S04:GS01:p0007,6,0,0,0,0
11154,CP-AP-r001:S-P07-S04:GS01:p0008,8,0,0,0,0
11155,CP-AP-r001:S-P07-S04:GS01:p0009,6,0,0,0,0
11156,CP-AP-r001:S-P07-S04:GS01:p0010,6,0,0,0,0
11157,CP-AP-r001:S-P07-S04:GS01:p0011,4,0,0,0,0
11158,CP-AP-r001:S-P07-S04:GS01:p0012,8,0,0,0,0
11159,CP-AP-r001:S-P07-S04:GS01:p0013,6,0,0,0,0
11160,CP-AP-r001:S-P07-S04:GS02:p0001,4,0,0,0,0
11161,CP-AP-r001:S-P07-S04:GS02:p0002,6,0,0,0,0
11162,CP-AP-r001:S-P07-S04:GS02:p0003,6,0,0,0,0
11163,CP-AP-r001:S-P07-S04:GS02:p0004,10,0,0,0,0
11164,CP-AP-r001:S-P07-S04:GS02:p0005,6,0,0,0,0
11165,CP-AP-r001:S-P07-S04:GS02:p0006,6,0,0,0,0
11166,CP-AP-r001:S-P07-S04:GS02:p0007,6,0,0,0,0
11167,CP-AP-r001:S-P07-S04:GS02:p0008,8,0,0,0,0
11168,CP-AP-r001:S-P07-S04:GS02:p0009,6,0,0,0,0
11169,CP-AP-r001:S-P07-S04:GS02:p0010,6,0,0,0,0
11170,CP-AP-r001:S-P07-S04:GS02:p0011,6,0,0,0,0
11171,CP-AP-r001:S-P07-S04:GS02:p0012,8,0,0,0,0
11172,CP-AP-r001:S-P07-S04:GS02:p0013,6,0,0,0,0
11173,CP-AP-r001:S-P07-S04:GS03:p0001,4,0,0,0,0
11174,CP-AP-r001:S-P07-S04:GS03:p0002,6,0,0,0,0
11175,CP-AP-r001:S-P07-S04:GS03:p0003,7,0,0,0,0
11176,CP-AP-r001:S-P07-S04:GS03:p0004,8,0,0,0,0
11177,CP-AP-r001:S-P07-S04:GS03:p0005,6,0,0,0,0
11178,CP-AP-r001:S-P07-S04:GS03:p0006,6,0,0,0,0
11179,CP-AP-r001:S-P07-S04:GS03:p0007,8,0,0,0,0
11180,CP-AP-r001:S-P07-S04:GS03:p0008,6,0,0,0,0
11181,CP-AP-r001:S-P07-S04:GS03:p0009,6,0,0,0,0
11182,CP-AP-r001:S-P07-S04:GS03:p0010,8,0,0,0,0
11183,CP-AP-r001:S-P07-S04:GS03:p0011,7,0,0,0,0
11184,CP-AP-r001:S-P07-S04:GS04:p0001,7,0,0,0,0
11185,CP-AP-r001:S-P07-S04:GS04:p0002,6,0,0,0,0
11186,CP-AP-r001:S-P07-S04:GS04:p0003,8,0,0,0,0
11187,CP-AP-r001:S-P07-S04:GS04:p0004,6,0,0,0,0
11188,CP-AP-r001:S-P07-S04:GS04:p0005,6,0,0,0,0
11189,CP-AP-r001:S-P07-S04:GS04:p0006,8,0,0,0,0
11190,CP-AP-r001:S-P07-S04:GS04:p0007,9,0,0,0,0
11191,CP-AP-r001:S-P07-S04:GS04:p0008,6,0,0,0,0
11192,CP-AP-r001:S-P07-S04:GS04:p0009,6,0,0,0,0
11193,CP-AP-r001:S-P07-S04:GS04:p0010,7,0,0,0,0
11194,CP-AP-r001:S-P07-S04:GS04:p0011,7,0,0,0,0
11195,CP-AP-r001:S-P07-S04:GS04:p0012,8,0,0,0,0
11196,CP-AP-r001:S-P07-S04:GS05:p0001,7,0,0,0,0
11197,CP-AP-r001:S-P07-S04:GS05:p0002,6,0,0,0,0
11198,CP-AP-r001:S-P07-S04:GS05:p0003,8,0,0,0,0
11199,CP-AP-r001:S-P07-S04:GS05:p0004,6,0,0,0,0
11200,CP-AP-r001:S-P07-S04:GS05:p0005,7,0,0,0,0
11201,CP-AP-r001:S-P07-S04:GS05:p0006,5,0,0,0,0
11202,CP-AP-r001:S-P07-S04:GS05:p0007,8,0,0,0,0
11203,CP-AP-r001:S-P07-S04:GS05:p0008,6,0,0,0,0
11204,CP-AP-r001:S-P07-S04:GS05:p0009,7,0,0,0,0
11205,CP-AP-r001:S-P07-S04:GS05:p0010,4,0,0,0,0
11206,CP-AP-r001:S-P07-S04:GS05:p0011,8,0,0,0,0
11207,CP-AP-r001:S-P07-S04:GS05:p0012,6,0,0,0,0
11208,CP-AP-r001:S-P07-S04:GS06:p0001,6,0,0,0,0
11209,CP-AP-r001:S-P07-S04:GS06:p0002,6,0,0,0,0
11210,CP-AP-r001:S-P07-S04:GS06:p0003,8,0,0,0,0
11211,CP-AP-r001:S-P07-S04:GS06:p0004,6,0,0,0,0
11212,CP-AP-r001:S-P07-S04:GS06:p0005,6,0,0,0,0
11213,CP-AP-r001:S-P07-S04:GS06:p0006,6,0,0,0,0
11214,CP-AP-r001:S-P07-S04:GS06:p0007,8,0,0,0,0
11215,CP-AP-r001:S-P07-S04:GS06:p0008,6,0,0,0,0
11216,CP-AP-r001:S-P07-S04:GS06:p0009,6,0,0,0,0
11217,CP-AP-r001:S-P07-S04:GS06:p0010,6,0,0,0,0
11218,CP-AP-r001:S-P07-S04:GS06:p0011,8,0,0,0,0
11219,CP-AP-r001:S-P07-S04:GS06:p0012,6,0,0,0,0
11220,CP-AP-r001:S-P07-S04:GS07:p0001,4,0,0,0,0
11221,CP-AP-r001:S-P07-S04:GS07:p0002,10,0,0,0,0
11222,CP-AP-r001:S-P07-S04:GS07:p0003,8,0,0,0,0
11223,CP-AP-r001:S-P07-S04:GS07:p0004,8,0,0,0,0
11224,CP-AP-r001:S-P07-S04:GS07:p0005,9,0,0,0,0
11225,CP-AP-r001:S-P07-S04:GS07:p0006,9,0,0,0,0
11226,CP-AP-r001:S-P07-S04:GS07:p0007,8,0,0,0,0
11227,CP-AP-r001:S-P07-S04:GS07:p0008,7,0,0,0,0
11228,CP-AP-r001:S-P07-S04:GS07:p0009,8,0,0,0,0
11229,CP-AP-r001:S-P07-S04:GS07:p0010,10,0,0,0,0
11230,CP-AP-r001:S-P07-S04:GS07:p0011,9,0,0,0,0
11231,CP-AP-r001:S-P07-S04:GS07:p0012,7,0,0,0,0
11232,CP-AP-r001:S-P07-S04:GS07:p0013,6,0,0,0,0
11233,CP-AP-r001:S-P07-S04:GS07:p0014,8,0,0,0,0
11234,CP-AP-r001:S-P07-S04:GS07:p0015,8,0,0,0,0
11235,CP-AP-r001:S-P07-S04:GS08:p0001,9,0,0,0,0
11236,CP-AP-r001:S-P07-S04:GS08:p0002,7,0,0,0,0
11237,CP-AP-r001:S-P07-S04:GS08:p0003,9,0,0,0,0
11238,CP-AP-r001:S-P07-S04:GS08:p0004,8,0,0,0,0
11239,CP-AP-r001:S-P07-S04:GS08:p0005,10,0,0,0,0
11240,CP-AP-r001:S-P07-S04:GS08:p0006,7,0,0,0,0
11241,CP-AP-r001:S-P07-S04:GS08:p0007,10,0,0,0,0
11242,CP-AP-r001:S-P07-S04:GS08:p0008,8,0,0,0,0
11243,CP-AP-r001:S-P07-S04:GS08:p0009,6,0,0,0,0
11244,CP-AP-r001:S-P07-S04:GS08:p0010,10,0,0,0,0
11245,CP-AP-r001:S-P07-S04:GS08:p0011,8,0,0,0,0
11246,CP-AP-r001:S-P07-S04:GS08:p0012,8,0,0,0,0
11247,CP-AP-r001:S-P07-S04:GS08:p0013,8,0,0,0,0
11248,CP-AP-r001:S-P07-S04:GS09:p0001,7,0,0,0,0
11249,CP-AP-r001:S-P07-S04:GS09:p0002,7,0,0,0,0
11250,CP-AP-r001:S-P07-S04:GS09:p0003,9,0,0,0,0
11251,CP-AP-r001:S-P07-S04:GS09:p0004,10,0,0,0,0
11252,CP-AP-r001:S-P07-S04:GS09:p0005,7,0,0,0,0
11253,CP-AP-r001:S-P07-S04:GS09:p0006,7,0,0,0,0
11254,CP-AP-r001:S-P07-S04:GS09:p0007,10,0,0,0,0
11255,CP-AP-r001:S-P07-S04:GS09:p0008,10,0,0,0,0
11256,CP-AP-r001:S-P07-S04:GS09:p0009,9,0,0,0,0
11257,CP-AP-r001:S-P07-S04:GS09:p0010,7,0,0,0,0
11258,CP-AP-r001:S-P07-S04:GS09:p0011,10,0,0,0,0
11259,CP-AP-r001:S-P07-S04:GS09:p0012,8,0,0,0,0
11260,CP-AP-r001:S-P07-S04:GS10:p0001,7,0,0,0,0
11261,CP-AP-r001:S-P07-S04:GS10:p0002,9,0,0,0,0
11262,CP-AP-r001:S-P07-S04:GS10:p0003,8,0,0,0,0
11263,CP-AP-r001:S-P07-S04:GS10:p0004,8,0,0,0,0
11264,CP-AP-r001:S-P07-S04:GS10:p0005,8,0,0,0,0
11265,CP-AP-r001:S-P07-S04:GS10:p0006,9,0,0,0,0
11266,CP-AP-r001:S-P07-S04:GS10:p0007,8,0,0,0,0
11267,CP-AP-r001:S-P07-S04:GS10:p0008,8,0,0,0,0
11268,CP-AP-r001:S-P07-S04:GS10:p0009,8,0,0,0,0
11269,CP-AP-r001:S-P07-S04:GS10:p0010,7,0,0,0,0
11270,CP-AP-r001:S-P07-S04:GS10:p0011,8,0,0,0,0
11271,CP-AP-r001:S-P07-S04:GS10:p0012,10,0,0,0,0
11272,CP-AP-r001:S-P07-S04:GS11:p0001,8,0,0,0,0
11273,CP-AP-r001:S-P07-S04:GS11:p0002,8,0,0,0,0
11274,CP-AP-r001:S-P07-S04:GS11:p0003,8,0,0,0,0
11275,CP-AP-r001:S-P07-S04:GS11:p0004,8,0,0,0,0
11276,CP-AP-r001:S-P07-S04:GS11:p0005,9,0,0,0,0
11277,CP-AP-r001:S-P07-S04:GS11:p0006,9,0,0,0,0
11278,CP-AP-r001:S-P07-S04:GS11:p0007,7,0,0,0,0
11279,CP-AP-r001:S-P07-S04:GS11:p0008,6,0,0,0,0
11280,CP-AP-r001:S-P07-S04:GS11:p0009,8,0,0,0,0
11281,CP-AP-r001:S-P07-S04:GS11:p0010,10,0,0,0,0
11282,CP-AP-r001:S-P07-S04:GS11:p0011,7,0,0,0,0
11283,CP-AP-r001:S-P07-S04:GS11:p0012,7,0,0,0,0
11284,CP-AP-r001:S-P07-S04:GS11:p0013,8,0,0,0,0
11285,CP-AP-r001:S-P07-S04:GS11:p0014,8,0,0,0,0
11286,CP-AP-r001:S-P07-S04:GS12:p0001,10,0,0,0,0
11287,CP-AP-r001:S-P07-S04:GS12:p0002,7,0,0,0,0
11288,CP-AP-r001:S-P07-S04:GS12:p0003,10,0,0,0,0
11289,CP-AP-r001:S-P07-S04:GS12:p0004,8,0,0,0,0
11290,CP-AP-r001:S-P07-S04:GS12:p0005,6,0,0,0,0
11291,CP-AP-r001:S-P07-S04:GS12:p0006,10,0,0,0,0
11292,CP-AP-r001:S-P07-S04:GS12:p0007,8,0,0,0,0
11293,CP-AP-r001:S-P07-S04:GS12:p0008,10,0,0,0,0
11294,CP-AP-r001:S-P07-S04:GS12:p0009,8,0,0,0,0
11295,CP-AP-r001:S-P07-S04:GS12:p0010,6,0,0,0,0
11296,CP-AP-r001:S-P07-S04:GS12:p0011,10,0,0,0,0
11297,CP-AP-r001:S-P07-S04:GS12:p0012,8,0,0,0,0
11298,CP-AP-r001:S-P07-S04:GS12:p0013,8,0,0,0,0
11299,CP-AP-r001:S-P07-S04:GS12:p0014,9,0,0,0,0
11300,CP-AP-r001:S-P07-S05:GS01:p0002,6,0,0,0,0
11301,CP-AP-r001:S-P07-S05:GS01:p0003,5,0,0,0,0
11302,CP-AP-r001:S-P07-S05:GS01:p0004,8,0,0,0,0
11303,CP-AP-r001:S-P07-S05:GS01:p0005,7,0,0,0,0
11304,CP-AP-r001:S-P07-S05:GS01:p0006,7,0,0,0,0
11305,CP-AP-r001:S-P07-S05:GS01:p0007,6,0,0,0,0
11306,CP-AP-r001:S-P07-S05:GS01:p0008,8,0,0,0,0
11307,CP-AP-r001:S-P07-S05:GS01:p0009,7,0,0,0,0
11308,CP-AP-r001:S-P07-S05:GS01:p0010,7,0,0,0,0
11309,CP-AP-r001:S-P07-S05:GS01:p0011,8,0,0,0,0
11310,CP-AP-r001:S-P07-S05:GS01:p0012,7,0,0,0,0
11311,CP-AP-r001:S-P07-S05:GS02:p0002,7,0,0,0,0
11312,CP-AP-r001:S-P07-S05:GS02:p0003,7,0,0,0,0
11313,CP-AP-r001:S-P07-S05:GS02:p0004,8,0,0,0,0
11314,CP-AP-r001:S-P07-S05:GS02:p0005,7,0,0,0,0
11315,CP-AP-r001:S-P07-S05:GS02:p0006,7,0,0,0,0
11316,CP-AP-r001:S-P07-S05:GS02:p0007,7,0,0,0,0
11317,CP-AP-r001:S-P07-S05:GS02:p0008,8,0,0,0,0
11318,CP-AP-r001:S-P07-S05:GS02:p0009,7,0,0,0,0
11319,CP-AP-r001:S-P07-S05:GS02:p0010,8,0,0,0,0
11320,CP-AP-r001:S-P07-S05:GS02:p0011,6,0,0,0,0
11321,CP-AP-r001:S-P07-S05:GS02:p0012,8,0,0,0,0
11322,CP-AP-r001:S-P07-S05:GS02:p0013,7,0,0,0,0
11323,CP-AP-r001:S-P07-S05:GS03:p0001,7,0,0,0,0
11324,CP-AP-r001:S-P07-S05:GS03:p0002,7,0,0,0,0
11325,CP-AP-r001:S-P07-S05:GS03:p0003,8,0,0,0,0
11326,CP-AP-r001:S-P07-S05:GS03:p0004,8,0,0,0,0
11327,CP-AP-r001:S-P07-S05:GS03:p0005,7,0,0,0,0
11328,CP-AP-r001:S-P07-S05:GS03:p0006,7,0,0,0,0
11329,CP-AP-r001:S-P07-S05:GS03:p0007,10,0,0,0,0
11330,CP-AP-r001:S-P07-S05:GS03:p0008,7,0,0,0,0
11331,CP-AP-r001:S-P07-S05:GS03:p0009,7,0,0,0,0
11332,CP-AP-r001:S-P07-S05:GS03:p0010,7,0,0,0,0
11333,CP-AP-r001:S-P07-S05:GS03:p0011,8,0,0,0,0
11334,CP-AP-r001:S-P07-S05:GS03:p0012,7,0,0,0,0
11335,CP-AP-r001:S-P07-S05:GS04:p0001,7,0,0,0,0
11336,CP-AP-r001:S-P07-S05:GS04:p0002,5,0,0,0,0
11337,CP-AP-r001:S-P07-S05:GS04:p0003,6,0,0,0,0
11338,CP-AP-r001:S-P07-S05:GS04:p0004,10,0,0,0,0
11339,CP-AP-r001:S-P07-S05:GS04:p0005,5,0,0,0,0
11340,CP-AP-r001:S-P07-S05:GS04:p0006,6,0,0,0,0
11341,CP-AP-r001:S-P07-S05:GS04:p0007,7,0,0,0,0
11342,CP-AP-r001:S-P07-S05:GS04:p0008,8,0,0,0,0
11343,CP-AP-r001:S-P07-S05:GS04:p0009,7,0,0,0,0
11344,CP-AP-r001:S-P07-S05:GS04:p0010,7,0,0,0,0
11345,CP-AP-r001:S-P07-S05:GS04:p0011,8,0,0,0,0
11346,CP-AP-r001:S-P07-S05:GS05:p0001,6,0,0,0,0
11347,CP-AP-r001:S-P07-S05:GS05:p0002,5,0,0,0,0
11348,CP-AP-r001:S-P07-S05:GS05:p0003,8,0,0,0,0
11349,CP-AP-r001:S-P07-S05:GS05:p0004,7,0,0,0,0
11350,CP-AP-r001:S-P07-S05:GS05:p0005,7,0,0,0,0
11351,CP-AP-r001:S-P07-S05:GS05:p0006,7,0,0,0,0
11352,CP-AP-r001:S-P07-S05:GS05:p0007,8,0,0,0,0
11353,CP-AP-r001:S-P07-S05:GS05:p0008,7,0,0,0,0
11354,CP-AP-r001:S-P07-S05:GS05:p0009,7,0,0,0,0
11355,CP-AP-r001:S-P07-S05:GS05:p0010,6,0,0,0,0
11356,CP-AP-r001:S-P07-S05:GS05:p0011,8,0,0,0,0
11357,CP-AP-r001:S-P07-S05:GS05:p0012,8,0,0,0,0
11358,CP-AP-r001:S-P07-S05:GS06:p0001,7,0,0,0,0
11359,CP-AP-r001:S-P07-S05:GS06:p0002,7,0,0,0,0
11360,CP-AP-r001:S-P07-S05:GS06:p0003,8,0,0,0,0
11361,CP-AP-r001:S-P07-S05:GS06:p0004,7,0,0,0,0
11362,CP-AP-r001:S-P07-S05:GS06:p0005,8,0,0,0,0
11363,CP-AP-r001:S-P07-S05:GS06:p0006,6,0,0,0,0
11364,CP-AP-r001:S-P07-S05:GS06:p0007,8,0,0,0,0
11365,CP-AP-r001:S-P07-S05:GS06:p0008,7,0,0,0,0
11366,CP-AP-r001:S-P07-S05:GS06:p0009,6,0,0,0,0
11367,CP-AP-r001:S-P07-S05:GS06:p0010,5,0,0,0,0
11368,CP-AP-r001:S-P07-S05:GS06:p0011,8,0,0,0,0
11369,CP-AP-r001:S-P07-S05:GS06:p0012,7,0,0,0,0
11370,CP-AP-r001:S-P07-S05:GS07:p0002,7,0,0,0,0
11371,CP-AP-r001:S-P07-S05:GS07:p0003,7,0,0,0,0
11372,CP-AP-r001:S-P07-S05:GS07:p0004,6,0,0,0,0
11373,CP-AP-r001:S-P07-S05:GS07:p0005,8,0,0,0,0
11374,CP-AP-r001:S-P07-S05:GS07:p0006,9,0,0,0,0
11375,CP-AP-r001:S-P07-S05:GS07:p0007,7,0,0,0,0
11376,CP-AP-r001:S-P07-S05:GS07:p0008,8,0,0,0,0
11377,CP-AP-r001:S-P07-S05:GS07:p0009,8,0,0,0,0
11378,CP-AP-r001:S-P07-S05:GS07:p0010,9,0,0,0,0
11379,CP-AP-r001:S-P07-S05:GS07:p0011,7,0,0,0,0
11380,CP-AP-r001:S-P07-S05:GS07:p0012,9,0,0,0,0
11381,CP-AP-r001:S-P07-S05:GS07:p0013,8,0,0,0,0
11382,CP-AP-r001:S-P07-S05:GS07:p0014,9,0,0,0,0
11383,CP-AP-r001:S-P07-S05:GS08:p0002,10,0,0,0,0
11384,CP-AP-r001:S-P07-S05:GS08:p0003,8,0,0,0,0
11385,CP-AP-r001:S-P07-S05:GS08:p0004,9,0,0,0,0
11386,CP-AP-r001:S-P07-S05:GS08:p0005,8,0,0,0,0
11387,CP-AP-r001:S-P07-S05:GS08:p0006,6,0,0,0,0
11388,CP-AP-r001:S-P07-S05:GS08:p0007,9,0,0,0,0
11389,CP-AP-r001:S-P07-S05:GS08:p0008,8,0,0,0,0
11390,CP-AP-r001:S-P07-S05:GS08:p0009,8,0,0,0,0
11391,CP-AP-r001:S-P07-S05:GS08:p0010,8,0,0,0,0
11392,CP-AP-r001:S-P07-S05:GS08:p0011,9,0,0,0,0
11393,CP-AP-r001:S-P07-S05:GS08:p0012,8,0,0,0,0
11394,CP-AP-r001:S-P07-S05:GS08:p0013,5,0,0,0,0
11395,CP-AP-r001:S-P07-S05:GS08:p0014,8,0,0,0,0
11396,CP-AP-r001:S-P07-S05:GS08:p0015,10,0,0,0,0
11397,CP-AP-r001:S-P07-S05:GS09:p0001,9,0,0,0,0
11398,CP-AP-r001:S-P07-S05:GS09:p0002,8,0,0,0,0
11399,CP-AP-r001:S-P07-S05:GS09:p0003,9,0,0,0,0
11400,CP-AP-r001:S-P07-S05:GS09:p0004,10,0,0,0,0
11401,CP-AP-r001:S-P07-S05:GS09:p0005,10,0,0,0,0
11402,CP-AP-r001:S-P07-S05:GS09:p0006,8,0,0,0,0
11403,CP-AP-r001:S-P07-S05:GS09:p0007,7,0,0,0,0
11404,CP-AP-r001:S-P07-S05:GS09:p0008,8,0,0,0,0
11405,CP-AP-r001:S-P07-S05:GS09:p0009,10,0,0,0,0
11406,CP-AP-r001:S-P07-S05:GS09:p0010,8,0,0,0,0
11407,CP-AP-r001:S-P07-S05:GS09:p0011,8,0,0,0,0
11408,CP-AP-r001:S-P07-S05:GS09:p0012,8,0,0,0,0
11409,CP-AP-r001:S-P07-S05:GS09:p0013,7,0,0,0,0
11410,CP-AP-r001:S-P07-S05:GS10:p0001,8,0,0,0,0
11411,CP-AP-r001:S-P07-S05:GS10:p0002,8,0,0,0,0
11412,CP-AP-r001:S-P07-S05:GS10:p0003,8,0,0,0,0
11413,CP-AP-r001:S-P07-S05:GS10:p0004,10,0,0,0,0
11414,CP-AP-r001:S-P07-S05:GS10:p0005,8,0,0,0,0
11415,CP-AP-r001:S-P07-S05:GS10:p0006,8,0,0,0,0
11416,CP-AP-r001:S-P07-S05:GS10:p0007,8,0,0,0,0
11417,CP-AP-r001:S-P07-S05:GS10:p0008,10,0,0,0,0
11418,CP-AP-r001:S-P07-S05:GS10:p0009,8,0,0,0,0
11419,CP-AP-r001:S-P07-S05:GS10:p0010,8,0,0,0,0
11420,CP-AP-r001:S-P07-S05:GS10:p0011,10,0,0,0,0
11421,CP-AP-r001:S-P07-S05:GS10:p0012,10,0,0,0,0
11422,CP-AP-r001:S-P07-S05:GS11:p0001,7,0,0,0,0
11423,CP-AP-r001:S-P07-S05:GS11:p0002,7,0,0,0,0
11424,CP-AP-r001:S-P07-S05:GS11:p0003,8,0,0,0,0
11425,CP-AP-r001:S-P07-S05:GS11:p0004,8,0,0,0,0
11426,CP-AP-r001:S-P07-S05:GS11:p0005,7,0,0,0,0
11427,CP-AP-r001:S-P07-S05:GS11:p0006,9,0,0,0,0
11428,CP-AP-r001:S-P07-S05:GS11:p0007,8,0,0,0,0
11429,CP-AP-r001:S-P07-S05:GS11:p0008,9,0,0,0,0
11430,CP-AP-r001:S-P07-S05:GS11:p0009,8,0,0,0,0
11431,CP-AP-r001:S-P07-S05:GS11:p0010,10,0,0,0,0
11432,CP-AP-r001:S-P07-S05:GS11:p0011,8,0,0,0,0
11433,CP-AP-r001:S-P07-S05:GS11:p0012,9,0,0,0,0
11434,CP-AP-r001:S-P07-S05:GS12:p0001,9,0,0,0,0
11435,CP-AP-r001:S-P07-S05:GS12:p0002,8,0,0,0,0
11436,CP-AP-r001:S-P07-S05:GS12:p0003,8,0,0,0,0
11437,CP-AP-r001:S-P07-S05:GS12:p0004,8,0,0,0,0
11438,CP-AP-r001:S-P07-S05:GS12:p0005,7,0,0,0,0
11439,CP-AP-r001:S-P07-S05:GS12:p0006,8,0,0,0,0
11440,CP-AP-r001:S-P07-S05:GS12:p0007,7,0,0,0,0
11441,CP-AP-r001:S-P07-S05:GS12:p0008,8,0,0,0,0
11442,CP-AP-r001:S-P07-S05:GS12:p0009,9,0,0,0,0
11443,CP-AP-r001:S-P07-S05:GS12:p0010,7,0,0,0,0
11444,CP-AP-r001:S-P07-S05:GS12:p0011,7,0,0,0,0
11445,CP-AP-r001:S-P07-S05:GS12:p0012,6,0,0,0,0
11446,CP-AP-r001:S-P07-S05:GS12:p0013,8,0,0,0,0
11447,CP-AP-r001:S-P07-S05:GS12:p0014,9,0,0,0,0
11448,CP-AP-r001:S-P07-S06:GS01:p0002,6,0,0,0,0
11449,CP-AP-r001:S-P07-S06:GS01:p0003,4,0,0,0,0
11450,CP-AP-r001:S-P07-S06:GS01:p0004,8,0,0,0,0
11451,CP-AP-r001:S-P07-S06:GS01:p0005,6,0,0,0,0
11452,CP-AP-r001:S-P07-S06:GS01:p0006,7,0,0,0,0
11453,CP-AP-r001:S-P07-S06:GS01:p0007,5,0,0,0,0
11454,CP-AP-r001:S-P07-S06:GS01:p0008,8,0,0,0,0
11455,CP-AP-r001:S-P07-S06:GS01:p0009,6,0,0,0,0
11456,CP-AP-r001:S-P07-S06:GS01:p0010,6,0,0,0,0
11457,CP-AP-r001:S-P07-S06:GS01:p0011,8,0,0,0,0
11458,CP-AP-r001:S-P07-S06:GS01:p0012,6,0,0,0,0
11459,CP-AP-r001:S-P07-S06:GS02:p0002,6,0,0,0,0
11460,CP-AP-r001:S-P07-S06:GS02:p0003,6,0,0,0,0
11461,CP-AP-r001:S-P07-S06:GS02:p0004,8,0,0,0,0
11462,CP-AP-r001:S-P07-S06:GS02:p0005,6,0,0,0,0
11463,CP-AP-r001:S-P07-S06:GS02:p0006,6,0,0,0,0
11464,CP-AP-r001:S-P07-S06:GS02:p0007,6,0,0,0,0
11465,CP-AP-r001:S-P07-S06:GS02:p0008,8,0,0,0,0
11466,CP-AP-r001:S-P07-S06:GS02:p0009,6,0,0,0,0
11467,CP-AP-r001:S-P07-S06:GS02:p0010,8,0,0,0,0
11468,CP-AP-r001:S-P07-S06:GS02:p0011,6,0,0,0,0
11469,CP-AP-r001:S-P07-S06:GS02:p0012,8,0,0,0,0
11470,CP-AP-r001:S-P07-S06:GS02:p0013,6,0,0,0,0
11471,CP-AP-r001:S-P07-S06:GS03:p0001,6,0,0,0,0
11472,CP-AP-r001:S-P07-S06:GS03:p0002,6,0,0,0,0
11473,CP-AP-r001:S-P07-S06:GS03:p0003,8,0,0,0,0
11474,CP-AP-r001:S-P07-S06:GS03:p0004,7,0,0,0,0
11475,CP-AP-r001:S-P07-S06:GS03:p0005,6,0,0,0,0
11476,CP-AP-r001:S-P07-S06:GS03:p0006,6,0,0,0,0
11477,CP-AP-r001:S-P07-S06:GS03:p0007,10,0,0,0,0
11478,CP-AP-r001:S-P07-S06:GS03:p0008,6,0,0,0,0
11479,CP-AP-r001:S-P07-S06:GS03:p0009,6,0,0,0,0
11480,CP-AP-r001:S-P07-S06:GS03:p0010,6,0,0,0,0
11481,CP-AP-r001:S-P07-S06:GS03:p0011,8,0,0,0,0
11482,CP-AP-r001:S-P07-S06:GS03:p0012,6,0,0,0,0
11483,CP-AP-r001:S-P07-S06:GS04:p0001,6,0,0,0,0
11484,CP-AP-r001:S-P07-S06:GS04:p0002,7,0,0,0,0
11485,CP-AP-r001:S-P07-S06:GS04:p0003,7,0,0,0,0
11486,CP-AP-r001:S-P07-S06:GS04:p0004,9,0,0,0,0
11487,CP-AP-r001:S-P07-S06:GS04:p0005,4,0,0,0,0
11488,CP-AP-r001:S-P07-S06:GS04:p0006,6,0,0,0,0
11489,CP-AP-r001:S-P07-S06:GS04:p0007,7,0,0,0,0
11490,CP-AP-r001:S-P07-S06:GS04:p0008,8,0,0,0,0
11491,CP-AP-r001:S-P07-S06:GS04:p0009,6,0,0,0,0
11492,CP-AP-r001:S-P07-S06:GS04:p0010,6,0,0,0,0
11493,CP-AP-r001:S-P07-S06:GS04:p0011,8,0,0,0,0
11494,CP-AP-r001:S-P07-S06:GS05:p0001,6,0,0,0,0
11495,CP-AP-r001:S-P07-S06:GS05:p0002,4,0,0,0,0
11496,CP-AP-r001:S-P07-S06:GS05:p0003,8,0,0,0,0
11497,CP-AP-r001:S-P07-S06:GS05:p0004,6,0,0,0,0
11498,CP-AP-r001:S-P07-S06:GS05:p0005,7,0,0,0,0
11499,CP-AP-r001:S-P07-S06:GS05:p0006,8,0,0,0,0
11500,CP-AP-r001:S-P07-S06:GS05:p0007,6,0,0,0,0
11501,CP-AP-r001:S-P07-S06:GS05:p0008,6,0,0,0,0
11502,CP-AP-r001:S-P07-S06:GS05:p0009,7,0,0,0,0
11503,CP-AP-r001:S-P07-S06:GS05:p0010,9,0,0,0,0
11504,CP-AP-r001:S-P07-S06:GS05:p0011,8,0,0,0,0
11505,CP-AP-r001:S-P07-S06:GS06:p0001,6,0,0,0,0
11506,CP-AP-r001:S-P07-S06:GS06:p0002,6,0,0,0,0
11507,CP-AP-r001:S-P07-S06:GS06:p0003,8,0,0,0,0
11508,CP-AP-r001:S-P07-S06:GS06:p0004,6,0,0,0,0
11509,CP-AP-r001:S-P07-S06:GS06:p0005,7,0,0,0,0
11510,CP-AP-r001:S-P07-S06:GS06:p0006,6,0,0,0,0
11511,CP-AP-r001:S-P07-S06:GS06:p0007,8,0,0,0,0
11512,CP-AP-r001:S-P07-S06:GS06:p0008,6,0,0,0,0
11513,CP-AP-r001:S-P07-S06:GS06:p0009,6,0,0,0,0
11514,CP-AP-r001:S-P07-S06:GS06:p0010,4,0,0,0,0
11515,CP-AP-r001:S-P07-S06:GS06:p0011,8,0,0,0,0
11516,CP-AP-r001:S-P07-S06:GS06:p0012,6,0,0,0,0
11517,CP-AP-r001:S-P07-S06:GS07:p0002,9,0,0,0,0
11518,CP-AP-r001:S-P07-S06:GS07:p0003,7,0,0,0,0
11519,CP-AP-r001:S-P07-S06:GS07:p0004,6,0,0,0,0
11520,CP-AP-r001:S-P07-S06:GS07:p0005,8,0,0,0,0
11521,CP-AP-r001:S-P07-S06:GS07:p0006,9,0,0,0,0
11522,CP-AP-r001:S-P07-S06:GS07:p0007,7,0,0,0,0
11523,CP-AP-r001:S-P07-S06:GS07:p0008,8,0,0,0,0
11524,CP-AP-r001:S-P07-S06:GS07:p0009,8,0,0,0,0
11525,CP-AP-r001:S-P07-S06:GS07:p0010,8,0,0,0,0
11526,CP-AP-r001:S-P07-S06:GS07:p0011,7,0,0,0,0
11527,CP-AP-r001:S-P07-S06:GS07:p0012,9,0,0,0,0
11528,CP-AP-r001:S-P07-S06:GS07:p0013,8,0,0,0,0
11529,CP-AP-r001:S-P07-S06:GS07:p0014,8,0,0,0,0
11530,CP-AP-r001:S-P07-S06:GS08:p0002,10,0,0,0,0
11531,CP-AP-r001:S-P07-S06:GS08:p0003,8,0,0,0,0
11532,CP-AP-r001:S-P07-S06:GS08:p0004,8,0,0,0,0
11533,CP-AP-r001:S-P07-S06:GS08:p0005,7,0,0,0,0
11534,CP-AP-r001:S-P07-S06:GS08:p0006,10,0,0,0,0
11535,CP-AP-r001:S-P07-S06:GS08:p0007,8,0,0,0,0
11536,CP-AP-r001:S-P07-S06:GS08:p0008,8,0,0,0,0
11537,CP-AP-r001:S-P07-S06:GS08:p0009,9,0,0,0,0
11538,CP-AP-r001:S-P07-S06:GS08:p0010,10,0,0,0,0
11539,CP-AP-r001:S-P07-S06:GS08:p0011,8,0,0,0,0
11540,CP-AP-r001:S-P07-S06:GS08:p0012,5,0,0,0,0
11541,CP-AP-r001:S-P07-S06:GS08:p0013,8,0,0,0,0
11542,CP-AP-r001:S-P07-S06:GS08:p0014,10,0,0,0,0
11543,CP-AP-r001:S-P07-S06:GS09:p0001,8,0,0,0,0
11544,CP-AP-r001:S-P07-S06:GS09:p0002,7,0,0,0,0
11545,CP-AP-r001:S-P07-S06:GS09:p0003,10,0,0,0,0
11546,CP-AP-r001:S-P07-S06:GS09:p0004,9,0,0,0,0
11547,CP-AP-r001:S-P07-S06:GS09:p0005,10,0,0,0,0
11548,CP-AP-r001:S-P07-S06:GS09:p0006,7,0,0,0,0
11549,CP-AP-r001:S-P07-S06:GS09:p0007,8,0,0,0,0
11550,CP-AP-r001:S-P07-S06:GS09:p0008,8,0,0,0,0
11551,CP-AP-r001:S-P07-S06:GS09:p0009,7,0,0,0,0
11552,CP-AP-r001:S-P07-S06:GS09:p0010,10,0,0,0,0
11553,CP-AP-r001:S-P07-S06:GS09:p0011,7,0,0,0,0
11554,CP-AP-r001:S-P07-S06:GS09:p0012,10,0,0,0,0
11555,CP-AP-r001:S-P07-S06:GS09:p0013,8,0,0,0,0
11556,CP-AP-r001:S-P07-S06:GS09:p0014,6,0,0,0,0
11557,CP-AP-r001:S-P07-S06:GS10:p0001,8,0,0,0,0
11558,CP-AP-r001:S-P07-S06:GS10:p0002,7,0,0,0,0
11559,CP-AP-r001:S-P07-S06:GS10:p0003,8,0,0,0,0
11560,CP-AP-r001:S-P07-S06:GS10:p0004,10,0,0,0,0
11561,CP-AP-r001:S-P07-S06:GS10:p0005,7,0,0,0,0
11562,CP-AP-r001:S-P07-S06:GS10:p0006,7,0,0,0,0
11563,CP-AP-r001:S-P07-S06:GS10:p0007,10,0,0,0,0
11564,CP-AP-r001:S-P07-S06:GS10:p0008,10,0,0,0,0
11565,CP-AP-r001:S-P07-S06:GS10:p0009,7,0,0,0,0
11566,CP-AP-r001:S-P07-S06:GS10:p0010,7,0,0,0,0
11567,CP-AP-r001:S-P07-S06:GS10:p0011,10,0,0,0,0
11568,CP-AP-r001:S-P07-S06:GS10:p0012,10,0,0,0,0
11569,CP-AP-r001:S-P07-S06:GS11:p0001,7,0,0,0,0
11570,CP-AP-r001:S-P07-S06:GS11:p0002,7,0,0,0,0
11571,CP-AP-r001:S-P07-S06:GS11:p0003,8,0,0,0,0
11572,CP-AP-r001:S-P07-S06:GS11:p0004,8,0,0,0,0
11573,CP-AP-r001:S-P07-S06:GS11:p0005,7,0,0,0,0
11574,CP-AP-r001:S-P07-S06:GS11:p0006,9,0,0,0,0
11575,CP-AP-r001:S-P07-S06:GS11:p0007,8,0,0,0,0
11576,CP-AP-r001:S-P07-S06:GS11:p0008,8,0,0,0,0
11577,CP-AP-r001:S-P07-S06:GS11:p0009,8,0,0,0,0
11578,CP-AP-r001:S-P07-S06:GS11:p0010,9,0,0,0,0
11579,CP-AP-r001:S-P07-S06:GS11:p0011,8,0,0,0,0
11580,CP-AP-r001:S-P07-S06:GS11:p0012,9,0,0,0,0
11581,CP-AP-r001:S-P07-S06:GS12:p0001,10,0,0,0,0
11582,CP-AP-r001:S-P07-S06:GS12:p0002,8,0,0,0,0
11583,CP-AP-r001:S-P07-S06:GS12:p0003,8,0,0,0,0
11584,CP-AP-r001:S-P07-S06:GS12:p0004,9,0,0,0,0
11585,CP-AP-r001:S-P07-S06:GS12:p0005,8,0,0,0,0
11586,CP-AP-r001:S-P07-S06:GS12:p0006,8,0,0,0,0
11587,CP-AP-r001:S-P07-S06:GS12:p0007,7,0,0,0,0
11588,CP-AP-r001:S-P07-S06:GS12:p0008,8,0,0,0,0
11589,CP-AP-r001:S-P07-S06:GS12:p0009,9,0,0,0,0
11590,CP-AP-r001:S-P07-S06:GS12:p0010,9,0,0,0,0
11591,CP-AP-r001:S-P07-S06:GS12:p0011,7,0,0,0,0
11592,CP-AP-r001:S-P07-S06:GS12:p0012,6,0,0,0,0
11593,CP-AP-r001:S-P07-S06:GS12:p0013,8,0,0,0,0
11594,CP-AP-r001:S-P07-S06:GS12:p0014,9,0,0,0,0
11595,CP-AP-r001:S-P07-S07:GS01:p0002,7,0,0,0,0
11596,CP-AP-r001:S-P07-S07:GS01:p0003,8,0,0,0,0
11597,CP-AP-r001:S-P07-S07:GS01:p0004,7,0,0,0,0
11598,CP-AP-r001:S-P07-S07:GS01:p0005,7,0,0,0,0
11599,CP-AP-r001:S-P07-S07:GS01:p0006,5,0,0,0,0
11600,CP-AP-r001:S-P07-S07:GS01:p0007,8,0,0,0,0
11601,CP-AP-r001:S-P07-S07:GS01:p0008,10,0,0,0,0
11602,CP-AP-r001:S-P07-S07:GS01:p0009,6,0,0,0,0
11603,CP-AP-r001:S-P07-S07:GS01:p0010,6,0,0,0,0
11604,CP-AP-r001:S-P07-S07:GS01:p0011,6,0,0,0,0
11605,CP-AP-r001:S-P07-S07:GS01:p0012,8,0,0,0,0
11606,CP-AP-r001:S-P07-S07:GS02:p0002,8,0,0,0,0
11607,CP-AP-r001:S-P07-S07:GS02:p0003,6,0,0,0,0
11608,CP-AP-r001:S-P07-S07:GS02:p0004,8,0,0,0,0
11609,CP-AP-r001:S-P07-S07:GS02:p0005,7,0,0,0,0
11610,CP-AP-r001:S-P07-S07:GS02:p0006,6,0,0,0,0
11611,CP-AP-r001:S-P07-S07:GS02:p0007,5,0,0,0,0
11612,CP-AP-r001:S-P07-S07:GS02:p0008,8,0,0,0,0
11613,CP-AP-r001:S-P07-S07:GS02:p0009,7,0,0,0,0
11614,CP-AP-r001:S-P07-S07:GS02:p0010,7,0,0,0,0
11615,CP-AP-r001:S-P07-S07:GS02:p0011,7,0,0,0,0
11616,CP-AP-r001:S-P07-S07:GS02:p0012,8,0,0,0,0
11617,CP-AP-r001:S-P07-S07:GS02:p0013,7,0,0,0,0
11618,CP-AP-r001:S-P07-S07:GS03:p0002,7,0,0,0,0
11619,CP-AP-r001:S-P07-S07:GS03:p0003,7,0,0,0,0
11620,CP-AP-r001:S-P07-S07:GS03:p0004,8,0,0,0,0
11621,CP-AP-r001:S-P07-S07:GS03:p0005,7,0,0,0,0
11622,CP-AP-r001:S-P07-S07:GS03:p0006,7,0,0,0,0
11623,CP-AP-r001:S-P07-S07:GS03:p0007,7,0,0,0,0
11624,CP-AP-r001:S-P07-S07:GS03:p0008,8,0,0,0,0
11625,CP-AP-r001:S-P07-S07:GS03:p0009,7,0,0,0,0
11626,CP-AP-r001:S-P07-S07:GS03:p0010,7,0,0,0,0
11627,CP-AP-r001:S-P07-S07:GS03:p0011,7,0,0,0,0
11628,CP-AP-r001:S-P07-S07:GS03:p0012,8,0,0,0,0
11629,CP-AP-r001:S-P07-S07:GS03:p0013,7,0,0,0,0
11630,CP-AP-r001:S-P07-S07:GS04:p0001,7,0,0,0,0
11631,CP-AP-r001:S-P07-S07:GS04:p0002,7,0,0,0,0
11632,CP-AP-r001:S-P07-S07:GS04:p0003,8,0,0,0,0
11633,CP-AP-r001:S-P07-S07:GS04:p0004,7,0,0,0,0
11634,CP-AP-r001:S-P07-S07:GS04:p0005,7,0,0,0,0
11635,CP-AP-r001:S-P07-S07:GS04:p0006,8,0,0,0,0
11636,CP-AP-r001:S-P07-S07:GS04:p0007,8,0,0,0,0
11637,CP-AP-r001:S-P07-S07:GS04:p0008,7,0,0,0,0
11638,CP-AP-r001:S-P07-S07:GS04:p0009,7,0,0,0,0
11639,CP-AP-r001:S-P07-S07:GS04:p0010,9,0,0,0,0
11640,CP-AP-r001:S-P07-S07:GS04:p0011,7,0,0,0,0
11641,CP-AP-r001:S-P07-S07:GS05:p0001,7,0,0,0,0
11642,CP-AP-r001:S-P07-S07:GS05:p0002,8,0,0,0,0
11643,CP-AP-r001:S-P07-S07:GS05:p0003,7,0,0,0,0
11644,CP-AP-r001:S-P07-S07:GS05:p0004,8,0,0,0,0
11645,CP-AP-r001:S-P07-S07:GS05:p0005,6,0,0,0,0
11646,CP-AP-r001:S-P07-S07:GS05:p0006,6,0,0,0,0
11647,CP-AP-r001:S-P07-S07:GS05:p0007,9,0,0,0,0
11648,CP-AP-r001:S-P07-S07:GS05:p0008,5,0,0,0,0
11649,CP-AP-r001:S-P07-S07:GS05:p0009,7,0,0,0,0
11650,CP-AP-r001:S-P07-S07:GS05:p0010,7,0,0,0,0
11651,CP-AP-r001:S-P07-S07:GS05:p0011,8,0,0,0,0
11652,CP-AP-r001:S-P07-S07:GS06:p0001,6,0,0,0,0
11653,CP-AP-r001:S-P07-S07:GS06:p0002,5,0,0,0,0
11654,CP-AP-r001:S-P07-S07:GS06:p0003,8,0,0,0,0
11655,CP-AP-r001:S-P07-S07:GS06:p0004,7,0,0,0,0
11656,CP-AP-r001:S-P07-S07:GS06:p0005,7,0,0,0,0
11657,CP-AP-r001:S-P07-S07:GS06:p0006,6,0,0,0,0
11658,CP-AP-r001:S-P07-S07:GS06:p0007,8,0,0,0,0
11659,CP-AP-r001:S-P07-S07:GS06:p0008,7,0,0,0,0
11660,CP-AP-r001:S-P07-S07:GS06:p0009,7,0,0,0,0
11661,CP-AP-r001:S-P07-S07:GS06:p0010,8,0,0,0,0
11662,CP-AP-r001:S-P07-S07:GS06:p0011,7,0,0,0,0
11663,CP-AP-r001:S-P07-S07:GS07:p0002,7,0,0,0,0
11664,CP-AP-r001:S-P07-S07:GS07:p0003,9,0,0,0,0
11665,CP-AP-r001:S-P07-S07:GS07:p0004,8,0,0,0,0
11666,CP-AP-r001:S-P07-S07:GS07:p0005,9,0,0,0,0
11667,CP-AP-r001:S-P07-S07:GS07:p0006,8,0,0,0,0
11668,CP-AP-r001:S-P07-S07:GS07:p0007,10,0,0,0,0
11669,CP-AP-r001:S-P07-S07:GS07:p0008,8,0,0,0,0
11670,CP-AP-r001:S-P07-S07:GS07:p0009,10,0,0,0,0
11671,CP-AP-r001:S-P07-S07:GS07:p0010,8,0,0,0,0
11672,CP-AP-r001:S-P07-S07:GS07:p0011,8,0,0,0,0
11673,CP-AP-r001:S-P07-S07:GS07:p0012,8,0,0,0,0
11674,CP-AP-r001:S-P07-S07:GS07:p0013,10,0,0,0,0
11675,CP-AP-r001:S-P07-S07:GS08:p0002,8,0,0,0,0
11676,CP-AP-r001:S-P07-S07:GS08:p0003,8,0,0,0,0
11677,CP-AP-r001:S-P07-S07:GS08:p0004,5,0,0,0,0
11678,CP-AP-r001:S-P07-S07:GS08:p0005,8,0,0,0,0
11679,CP-AP-r001:S-P07-S07:GS08:p0006,10,0,0,0,0
11680,CP-AP-r001:S-P07-S07:GS08:p0007,8,0,0,0,0
11681,CP-AP-r001:S-P07-S07:GS08:p0008,7,0,0,0,0
11682,CP-AP-r001:S-P07-S07:GS08:p0009,6,0,0,0,0
11683,CP-AP-r001:S-P07-S07:GS08:p0010,8,0,0,0,0
11684,CP-AP-r001:S-P07-S07:GS08:p0011,8,0,0,0,0
11685,CP-AP-r001:S-P07-S07:GS08:p0012,7,0,0,0,0
11686,CP-AP-r001:S-P07-S07:GS08:p0013,8,0,0,0,0
11687,CP-AP-r001:S-P07-S07:GS08:p0014,8,0,0,0,0
11688,CP-AP-r001:S-P07-S07:GS08:p0015,9,0,0,0,0
11689,CP-AP-r001:S-P07-S07:GS09:p0001,10,0,0,0,0
11690,CP-AP-r001:S-P07-S07:GS09:p0002,8,0,0,0,0
11691,CP-AP-r001:S-P07-S07:GS09:p0003,8,0,0,0,0
11692,CP-AP-r001:S-P07-S07:GS09:p0004,8,0,0,0,0
11693,CP-AP-r001:S-P07-S07:GS09:p0005,7,0,0,0,0
11694,CP-AP-r001:S-P07-S07:GS09:p0006,9,0,0,0,0
11695,CP-AP-r001:S-P07-S07:GS09:p0007,8,0,0,0,0
11696,CP-AP-r001:S-P07-S07:GS09:p0008,8,0,0,0,0
11697,CP-AP-r001:S-P07-S07:GS09:p0009,7,0,0,0,0
11698,CP-AP-r001:S-P07-S07:GS09:p0010,8,0,0,0,0
11699,CP-AP-r001:S-P07-S07:GS09:p0011,8,0,0,0,0
11700,CP-AP-r001:S-P07-S07:GS09:p0012,8,0,0,0,0
11701,CP-AP-r001:S-P07-S07:GS09:p0013,8,0,0,0,0
11702,CP-AP-r001:S-P07-S07:GS10:p0001,8,0,0,0,0
11703,CP-AP-r001:S-P07-S07:GS10:p0002,8,0,0,0,0
11704,CP-AP-r001:S-P07-S07:GS10:p0003,9,0,0,0,0
11705,CP-AP-r001:S-P07-S07:GS10:p0004,10,0,0,0,0
11706,CP-AP-r001:S-P07-S07:GS10:p0005,10,0,0,0,0
11707,CP-AP-r001:S-P07-S07:GS10:p0006,8,0,0,0,0
11708,CP-AP-r001:S-P07-S07:GS10:p0007,9,0,0,0,0
11709,CP-AP-r001:S-P07-S07:GS10:p0008,8,0,0,0,0
11710,CP-AP-r001:S-P07-S07:GS10:p0009,10,0,0,0,0
11711,CP-AP-r001:S-P07-S07:GS10:p0010,8,0,0,0,0
11712,CP-AP-r001:S-P07-S07:GS10:p0011,8,0,0,0,0
11713,CP-AP-r001:S-P07-S07:GS10:p0012,8,0,0,0,0
11714,CP-AP-r001:S-P07-S07:GS10:p0013,9,0,0,0,0
11715,CP-AP-r001:S-P07-S07:GS11:p0001,9,0,0,0,0
11716,CP-AP-r001:S-P07-S07:GS11:p0002,9,0,0,0,0
11717,CP-AP-r001:S-P07-S07:GS11:p0003,8,0,0,0,0
11718,CP-AP-r001:S-P07-S07:GS11:p0004,8,0,0,0,0
11719,CP-AP-r001:S-P07-S07:GS11:p0005,8,0,0,0,0
11720,CP-AP-r001:S-P07-S07:GS11:p0006,8,0,0,0,0
11721,CP-AP-r001:S-P07-S07:GS11:p0007,8,0,0,0,0
11722,CP-AP-r001:S-P07-S07:GS11:p0008,10,0,0,0,0
11723,CP-AP-r001:S-P07-S07:GS11:p0009,8,0,0,0,0
11724,CP-AP-r001:S-P07-S07:GS11:p0010,8,0,0,0,0
11725,CP-AP-r001:S-P07-S07:GS11:p0011,9,0,0,0,0
11726,CP-AP-r001:S-P07-S07:GS11:p0012,10,0,0,0,0
11727,CP-AP-r001:S-P07-S07:GS12:p0001,7,0,0,0,0
11728,CP-AP-r001:S-P07-S07:GS12:p0002,7,0,0,0,0
11729,CP-AP-r001:S-P07-S07:GS12:p0003,5,0,0,0,0
11730,CP-AP-r001:S-P07-S07:GS12:p0004,8,0,0,0,0
11731,CP-AP-r001:S-P07-S07:GS12:p0005,9,0,0,0,0
11732,CP-AP-r001:S-P07-S07:GS12:p0006,7,0,0,0,0
11733,CP-AP-r001:S-P07-S07:GS12:p0007,8,0,0,0,0
11734,CP-AP-r001:S-P07-S07:GS12:p0008,8,0,0,0,0
11735,CP-AP-r001:S-P07-S07:GS12:p0009,9,0,0,0,0
11736,CP-AP-r001:S-P07-S07:GS12:p0010,7,0,0,0,0
11737,CP-AP-r001:S-P07-S07:GS12:p0011,9,0,0,0,0
11738,CP-AP-r001:S-P07-S07:GS12:p0012,8,0,0,0,0
11739,CP-AP-r001:S-P07-S07:GS12:p0013,9,0,0,0,0
11740,CP-AP-r001:S-P07-S08:GS01:p0002,6,0,0,0,0
11741,CP-AP-r001:S-P07-S08:GS01:p0003,8,0,0,0,0
11742,CP-AP-r001:S-P07-S08:GS01:p0004,6,0,0,0,0
11743,CP-AP-r001:S-P07-S08:GS01:p0005,6,0,0,0,0
11744,CP-AP-r001:S-P07-S08:GS01:p0006,7,0,0,0,0
11745,CP-AP-r001:S-P07-S08:GS01:p0007,9,0,0,0,0
11746,CP-AP-r001:S-P07-S08:GS01:p0008,9,0,0,0,0
11747,CP-AP-r001:S-P07-S08:GS01:p0009,5,0,0,0,0
11748,CP-AP-r001:S-P07-S08:GS01:p0010,7,0,0,0,0
11749,CP-AP-r001:S-P07-S08:GS01:p0011,7,0,0,0,0
11750,CP-AP-r001:S-P07-S08:GS01:p0012,8,0,0,0,0
11751,CP-AP-r001:S-P07-S08:GS02:p0002,8,0,0,0,0
11752,CP-AP-r001:S-P07-S08:GS02:p0003,6,0,0,0,0
11753,CP-AP-r001:S-P07-S08:GS02:p0004,8,0,0,0,0
11754,CP-AP-r001:S-P07-S08:GS02:p0005,6,0,0,0,0
11755,CP-AP-r001:S-P07-S08:GS02:p0006,6,0,0,0,0
11756,CP-AP-r001:S-P07-S08:GS02:p0007,4,0,0,0,0
11757,CP-AP-r001:S-P07-S08:GS02:p0008,8,0,0,0,0
11758,CP-AP-r001:S-P07-S08:GS02:p0009,6,0,0,0,0
11759,CP-AP-r001:S-P07-S08:GS02:p0010,7,0,0,0,0
11760,CP-AP-r001:S-P07-S08:GS02:p0011,6,0,0,0,0
11761,CP-AP-r001:S-P07-S08:GS02:p0012,8,0,0,0,0
11762,CP-AP-r001:S-P07-S08:GS02:p0013,6,0,0,0,0
11763,CP-AP-r001:S-P07-S08:GS03:p0002,6,0,0,0,0
11764,CP-AP-r001:S-P07-S08:GS03:p0003,6,0,0,0,0
11765,CP-AP-r001:S-P07-S08:GS03:p0004,8,0,0,0,0
11766,CP-AP-r001:S-P07-S08:GS03:p0005,6,0,0,0,0
11767,CP-AP-r001:S-P07-S08:GS03:p0006,6,0,0,0,0
11768,CP-AP-r001:S-P07-S08:GS03:p0007,6,0,0,0,0
11769,CP-AP-r001:S-P07-S08:GS03:p0008,8,0,0,0,0
11770,CP-AP-r001:S-P07-S08:GS03:p0009,6,0,0,0,0
11771,CP-AP-r001:S-P07-S08:GS03:p0010,7,0,0,0,0
11772,CP-AP-r001:S-P07-S08:GS03:p0011,6,0,0,0,0
11773,CP-AP-r001:S-P07-S08:GS03:p0012,8,0,0,0,0
11774,CP-AP-r001:S-P07-S08:GS03:p0013,6,0,0,0,0
11775,CP-AP-r001:S-P07-S08:GS04:p0001,6,0,0,0,0
11776,CP-AP-r001:S-P07-S08:GS04:p0002,6,0,0,0,0
11777,CP-AP-r001:S-P07-S08:GS04:p0003,8,0,0,0,0
11778,CP-AP-r001:S-P07-S08:GS04:p0004,6,0,0,0,0
11779,CP-AP-r001:S-P07-S08:GS04:p0005,6,0,0,0,0
11780,CP-AP-r001:S-P07-S08:GS04:p0006,8,0,0,0,0
11781,CP-AP-r001:S-P07-S08:GS04:p0007,7,0,0,0,0
11782,CP-AP-r001:S-P07-S08:GS04:p0008,6,0,0,0,0
11783,CP-AP-r001:S-P07-S08:GS04:p0009,6,0,0,0,0
11784,CP-AP-r001:S-P07-S08:GS04:p0010,9,0,0,0,0
11785,CP-AP-r001:S-P07-S08:GS04:p0011,6,0,0,0,0
11786,CP-AP-r001:S-P07-S08:GS05:p0001,6,0,0,0,0
11787,CP-AP-r001:S-P07-S08:GS05:p0002,7,0,0,0,0
11788,CP-AP-r001:S-P07-S08:GS05:p0003,9,0,0,0,0
11789,CP-AP-r001:S-P07-S08:GS05:p0004,6,0,0,0,0
11790,CP-AP-r001:S-P07-S08:GS05:p0005,6,0,0,0,0
11791,CP-AP-r001:S-P07-S08:GS05:p0006,7,0,0,0,0
11792,CP-AP-r001:S-P07-S08:GS05:p0007,7,0,0,0,0
11793,CP-AP-r001:S-P07-S08:GS05:p0008,8,0,0,0,0
11794,CP-AP-r001:S-P07-S08:GS05:p0009,4,0,0,0,0
11795,CP-AP-r001:S-P07-S08:GS05:p0010,7,0,0,0,0
11796,CP-AP-r001:S-P07-S08:GS05:p0011,7,0,0,0,0
11797,CP-AP-r001:S-P07-S08:GS05:p0012,8,0,0,0,0
11798,CP-AP-r001:S-P07-S08:GS06:p0001,6,0,0,0,0
11799,CP-AP-r001:S-P07-S08:GS06:p0002,4,0,0,0,0
11800,CP-AP-r001:S-P07-S08:GS06:p0003,8,0,0,0,0
11801,CP-AP-r001:S-P07-S08:GS06:p0004,6,0,0,0,0
11802,CP-AP-r001:S-P07-S08:GS06:p0005,7,0,0,0,0
11803,CP-AP-r001:S-P07-S08:GS06:p0006,5,0,0,0,0
11804,CP-AP-r001:S-P07-S08:GS06:p0007,8,0,0,0,0
11805,CP-AP-r001:S-P07-S08:GS06:p0008,6,0,0,0,0
11806,CP-AP-r001:S-P07-S08:GS06:p0009,6,0,0,0,0
11807,CP-AP-r001:S-P07-S08:GS06:p0010,8,0,0,0,0
11808,CP-AP-r001:S-P07-S08:GS06:p0011,6,0,0,0,0
11809,CP-AP-r001:S-P07-S08:GS07:p0002,7,0,0,0,0
11810,CP-AP-r001:S-P07-S08:GS07:p0003,9,0,0,0,0
11811,CP-AP-r001:S-P07-S08:GS07:p0004,8,0,0,0,0
11812,CP-AP-r001:S-P07-S08:GS07:p0005,8,0,0,0,0
11813,CP-AP-r001:S-P07-S08:GS07:p0006,8,0,0,0,0
11814,CP-AP-r001:S-P07-S08:GS07:p0007,9,0,0,0,0
11815,CP-AP-r001:S-P07-S08:GS07:p0008,8,0,0,0,0
11816,CP-AP-r001:S-P07-S08:GS07:p0009,10,0,0,0,0
11817,CP-AP-r001:S-P07-S08:GS07:p0010,7,0,0,0,0
11818,CP-AP-r001:S-P07-S08:GS07:p0011,7,0,0,0,0
11819,CP-AP-r001:S-P07-S08:GS07:p0012,9,0,0,0,0
11820,CP-AP-r001:S-P07-S08:GS07:p0013,10,0,0,0,0
11821,CP-AP-r001:S-P07-S08:GS08:p0002,9,0,0,0,0
11822,CP-AP-r001:S-P07-S08:GS08:p0003,8,0,0,0,0
11823,CP-AP-r001:S-P07-S08:GS08:p0004,6,0,0,0,0
11824,CP-AP-r001:S-P07-S08:GS08:p0005,8,0,0,0,0
11825,CP-AP-r001:S-P07-S08:GS08:p0006,10,0,0,0,0
11826,CP-AP-r001:S-P07-S08:GS08:p0007,9,0,0,0,0
11827,CP-AP-r001:S-P07-S08:GS08:p0008,7,0,0,0,0
11828,CP-AP-r001:S-P07-S08:GS08:p0009,6,0,0,0,0
11829,CP-AP-r001:S-P07-S08:GS08:p0010,8,0,0,0,0
11830,CP-AP-r001:S-P07-S08:GS08:p0011,8,0,0,0,0
11831,CP-AP-r001:S-P07-S08:GS08:p0012,7,0,0,0,0
11832,CP-AP-r001:S-P07-S08:GS08:p0013,9,0,0,0,0
11833,CP-AP-r001:S-P07-S08:GS08:p0014,8,0,0,0,0
11834,CP-AP-r001:S-P07-S08:GS08:p0015,8,0,0,0,0
11835,CP-AP-r001:S-P07-S08:GS09:p0001,10,0,0,0,0
11836,CP-AP-r001:S-P07-S08:GS09:p0002,7,0,0,0,0
11837,CP-AP-r001:S-P07-S08:GS09:p0003,10,0,0,0,0
11838,CP-AP-r001:S-P07-S08:GS09:p0004,8,0,0,0,0
11839,CP-AP-r001:S-P07-S08:GS09:p0005,6,0,0,0,0
11840,CP-AP-r001:S-P07-S08:GS09:p0006,10,0,0,0,0
11841,CP-AP-r001:S-P07-S08:GS09:p0007,8,0,0,0,0
11842,CP-AP-r001:S-P07-S08:GS09:p0008,8,0,0,0,0
11843,CP-AP-r001:S-P07-S08:GS09:p0009,8,0,0,0,0
11844,CP-AP-r001:S-P07-S08:GS09:p0010,9,0,0,0,0
11845,CP-AP-r001:S-P07-S08:GS09:p0011,8,0,0,0,0
11846,CP-AP-r001:S-P07-S08:GS09:p0012,8,0,0,0,0
11847,CP-AP-r001:S-P07-S08:GS09:p0013,9,0,0,0,0
11848,CP-AP-r001:S-P07-S08:GS10:p0001,7,0,0,0,0
11849,CP-AP-r001:S-P07-S08:GS10:p0002,7,0,0,0,0
11850,CP-AP-r001:S-P07-S08:GS10:p0003,10,0,0,0,0
11851,CP-AP-r001:S-P07-S08:GS10:p0004,10,0,0,0,0
11852,CP-AP-r001:S-P07-S08:GS10:p0005,9,0,0,0,0
11853,CP-AP-r001:S-P07-S08:GS10:p0006,7,0,0,0,0
11854,CP-AP-r001:S-P07-S08:GS10:p0007,10,0,0,0,0
11855,CP-AP-r001:S-P07-S08:GS10:p0008,8,0,0,0,0
11856,CP-AP-r001:S-P07-S08:GS10:p0009,11,0,0,0,0
11857,CP-AP-r001:S-P07-S08:GS10:p0010,7,0,0,0,0
11858,CP-AP-r001:S-P07-S08:GS10:p0011,9,0,0,0,0
11859,CP-AP-r001:S-P07-S08:GS10:p0012,8,0,0,0,0
11860,CP-AP-r001:S-P07-S08:GS10:p0013,7,0,0,0,0
11861,CP-AP-r001:S-P07-S08:GS11:p0001,8,0,0,0,0
11862,CP-AP-r001:S-P07-S08:GS11:p0002,9,0,0,0,0
11863,CP-AP-r001:S-P07-S08:GS11:p0003,8,0,0,0,0
11864,CP-AP-r001:S-P07-S08:GS11:p0004,8,0,0,0,0
11865,CP-AP-r001:S-P07-S08:GS11:p0005,7,0,0,0,0
11866,CP-AP-r001:S-P07-S08:GS11:p0006,7,0,0,0,0
11867,CP-AP-r001:S-P07-S08:GS11:p0007,9,0,0,0,0
11868,CP-AP-r001:S-P07-S08:GS11:p0008,10,0,0,0,0
11869,CP-AP-r001:S-P07-S08:GS11:p0009,7,0,0,0,0
11870,CP-AP-r001:S-P07-S08:GS11:p0010,7,0,0,0,0
11871,CP-AP-r001:S-P07-S08:GS11:p0011,10,0,0,0,0
11872,CP-AP-r001:S-P07-S08:GS11:p0012,10,0,0,0,0
11873,CP-AP-r001:S-P07-S08:GS12:p0001,9,0,0,0,0
11874,CP-AP-r001:S-P07-S08:GS12:p0002,7,0,0,0,0
11875,CP-AP-r001:S-P07-S08:GS12:p0003,6,0,0,0,0
11876,CP-AP-r001:S-P07-S08:GS12:p0004,8,0,0,0,0
11877,CP-AP-r001:S-P07-S08:GS12:p0005,9,0,0,0,0
11878,CP-AP-r001:S-P07-S08:GS12:p0006,7,0,0,0,0
11879,CP-AP-r001:S-P07-S08:GS12:p0007,8,0,0,0,0
11880,CP-AP-r001:S-P07-S08:GS12:p0008,8,0,0,0,0
11881,CP-AP-r001:S-P07-S08:GS12:p0009,8,0,0,0,0
11882,CP-AP-r001:S-P07-S08:GS12:p0010,7,0,0,0,0
11883,CP-AP-r001:S-P07-S08:GS12:p0011,9,0,0,0,0
11884,CP-AP-r001:S-P07-S08:GS12:p0012,8,0,0,0,0
11885,CP-AP-r001:S-P07-S08:GS12:p0013,8,0,0,0,0
11886,CP-AP-r001:S-P07-S09:GS01:p0002,7,0,0,0,0
11887,CP-AP-r001:S-P07-S09:GS01:p0003,6,0,0,0,0
11888,CP-AP-r001:S-P07-S09:GS01:p0004,6,0,0,0,0
11889,CP-AP-r001:S-P07-S09:GS01:p0005,8,0,0,0,0
11890,CP-AP-r001:S-P07-S09:GS01:p0006,6,0,0,0,0
11891,CP-AP-r001:S-P07-S09:GS01:p0007,7,0,0,0,0
11892,CP-AP-r001:S-P07-S09:GS01:p0008,7,0,0,0,0
11893,CP-AP-r001:S-P07-S09:GS01:p0009,8,0,0,0,0
11894,CP-AP-r001:S-P07-S09:GS01:p0010,7,0,0,0,0
11895,CP-AP-r001:S-P07-S09:GS01:p0011,7,0,0,0,0
11896,CP-AP-r001:S-P07-S09:GS01:p0012,8,0,0,0,0
11897,CP-AP-r001:S-P07-S09:GS02:p0002,7,0,0,0,0
11898,CP-AP-r001:S-P07-S09:GS02:p0003,7,0,0,0,0
11899,CP-AP-r001:S-P07-S09:GS02:p0004,8,0,0,0,0
11900,CP-AP-r001:S-P07-S09:GS02:p0005,7,0,0,0,0
11901,CP-AP-r001:S-P07-S09:GS02:p0006,7,0,0,0,0
11902,CP-AP-r001:S-P07-S09:GS02:p0007,8,0,0,0,0
11903,CP-AP-r001:S-P07-S09:GS02:p0008,7,0,0,0,0
11904,CP-AP-r001:S-P07-S09:GS02:p0009,7,0,0,0,0
11905,CP-AP-r001:S-P07-S09:GS02:p0010,5,0,0,0,0
11906,CP-AP-r001:S-P07-S09:GS02:p0011,6,0,0,0,0
11907,CP-AP-r001:S-P07-S09:GS02:p0012,10,0,0,0,0
11908,CP-AP-r001:S-P07-S09:GS03:p0002,7,0,0,0,0
11909,CP-AP-r001:S-P07-S09:GS03:p0003,7,0,0,0,0
11910,CP-AP-r001:S-P07-S09:GS03:p0004,8,0,0,0,0
11911,CP-AP-r001:S-P07-S09:GS03:p0005,7,0,0,0,0
11912,CP-AP-r001:S-P07-S09:GS03:p0006,8,0,0,0,0
11913,CP-AP-r001:S-P07-S09:GS03:p0007,6,0,0,0,0
11914,CP-AP-r001:S-P07-S09:GS03:p0008,8,0,0,0,0
11915,CP-AP-r001:S-P07-S09:GS03:p0009,7,0,0,0,0
11916,CP-AP-r001:S-P07-S09:GS03:p0010,6,0,0,0,0
11917,CP-AP-r001:S-P07-S09:GS03:p0011,5,0,0,0,0
11918,CP-AP-r001:S-P07-S09:GS03:p0012,8,0,0,0,0
11919,CP-AP-r001:S-P07-S09:GS03:p0013,7,0,0,0,0
11920,CP-AP-r001:S-P07-S09:GS04:p0002,7,0,0,0,0
11921,CP-AP-r001:S-P07-S09:GS04:p0003,7,0,0,0,0
11922,CP-AP-r001:S-P07-S09:GS04:p0004,10,0,0,0,0
11923,CP-AP-r001:S-P07-S09:GS04:p0005,7,0,0,0,0
11924,CP-AP-r001:S-P07-S09:GS04:p0006,7,0,0,0,0
11925,CP-AP-r001:S-P07-S09:GS04:p0007,7,0,0,0,0
11926,CP-AP-r001:S-P07-S09:GS04:p0008,8,0,0,0,0
11927,CP-AP-r001:S-P07-S09:GS04:p0009,7,0,0,0,0
11928,CP-AP-r001:S-P07-S09:GS04:p0010,7,0,0,0,0
11929,CP-AP-r001:S-P07-S09:GS04:p0011,7,0,0,0,0
11930,CP-AP-r001:S-P07-S09:GS04:p0012,8,0,0,0,0
11931,CP-AP-r001:S-P07-S09:GS04:p0013,7,0,0,0,0
11932,CP-AP-r001:S-P07-S09:GS05:p0001,5,0,0,0,0
11933,CP-AP-r001:S-P07-S09:GS05:p0002,6,0,0,0,0
11934,CP-AP-r001:S-P07-S09:GS05:p0003,7,0,0,0,0
11935,CP-AP-r001:S-P07-S09:GS05:p0004,8,0,0,0,0
11936,CP-AP-r001:S-P07-S09:GS05:p0005,7,0,0,0,0
11937,CP-AP-r001:S-P07-S09:GS05:p0006,7,0,0,0,0
11938,CP-AP-r001:S-P07-S09:GS05:p0007,8,0,0,0,0
11939,CP-AP-r001:S-P07-S09:GS05:p0008,7,0,0,0,0
11940,CP-AP-r001:S-P07-S09:GS05:p0009,7,0,0,0,0
11941,CP-AP-r001:S-P07-S09:GS05:p0010,9,0,0,0,0
11942,CP-AP-r001:S-P07-S09:GS05:p0011,8,0,0,0,0
11943,CP-AP-r001:S-P07-S09:GS06:p0001,7,0,0,0,0
11944,CP-AP-r001:S-P07-S09:GS06:p0002,8,0,0,0,0
11945,CP-AP-r001:S-P07-S09:GS06:p0003,7,0,0,0,0
11946,CP-AP-r001:S-P07-S09:GS06:p0004,7,0,0,0,0
11947,CP-AP-r001:S-P07-S09:GS06:p0005,5,0,0,0,0
11948,CP-AP-r001:S-P07-S09:GS06:p0006,8,0,0,0,0
11949,CP-AP-r001:S-P07-S09:GS06:p0007,9,0,0,0,0
11950,CP-AP-r001:S-P07-S09:GS06:p0008,7,0,0,0,0
11951,CP-AP-r001:S-P07-S09:GS06:p0009,6,0,0,0,0
11952,CP-AP-r001:S-P07-S09:GS06:p0010,6,0,0,0,0
11953,CP-AP-r001:S-P07-S09:GS06:p0011,8,0,0,0,0
11954,CP-AP-r001:S-P07-S09:GS07:p0002,8,0,0,0,0
11955,CP-AP-r001:S-P07-S09:GS07:p0003,8,0,0,0,0
11956,CP-AP-r001:S-P07-S09:GS07:p0004,8,0,0,0,0
11957,CP-AP-r001:S-P07-S09:GS07:p0005,10,0,0,0,0
11958,CP-AP-r001:S-P07-S09:GS07:p0006,8,0,0,0,0
11959,CP-AP-r001:S-P07-S09:GS07:p0007,8,0,0,0,0
11960,CP-AP-r001:S-P07-S09:GS07:p0008,9,0,0,0,0
11961,CP-AP-r001:S-P07-S09:GS07:p0009,10,0,0,0,0
11962,CP-AP-r001:S-P07-S09:GS07:p0010,8,0,0,0,0
11963,CP-AP-r001:S-P07-S09:GS07:p0011,8,0,0,0,0
11964,CP-AP-r001:S-P07-S09:GS07:p0012,9,0,0,0,0
11965,CP-AP-r001:S-P07-S09:GS07:p0013,10,0,0,0,0
11966,CP-AP-r001:S-P07-S09:GS08:p0002,7,0,0,0,0
11967,CP-AP-r001:S-P07-S09:GS08:p0003,8,0,0,0,0
11968,CP-AP-r001:S-P07-S09:GS08:p0004,8,0,0,0,0
11969,CP-AP-r001:S-P07-S09:GS08:p0005,9,0,0,0,0
11970,CP-AP-r001:S-P07-S09:GS08:p0006,8,0,0,0,0
11971,CP-AP-r001:S-P07-S09:GS08:p0007,9,0,0,0,0
11972,CP-AP-r001:S-P07-S09:GS08:p0008,8,0,0,0,0
11973,CP-AP-r001:S-P07-S09:GS08:p0009,9,0,0,0,0
11974,CP-AP-r001:S-P07-S09:GS08:p0010,8,0,0,0,0
11975,CP-AP-r001:S-P07-S09:GS08:p0011,8,0,0,0,0
11976,CP-AP-r001:S-P07-S09:GS08:p0012,8,0,0,0,0
11977,CP-AP-r001:S-P07-S09:GS08:p0013,10,0,0,0,0
11978,CP-AP-r001:S-P07-S09:GS09:p0002,9,0,0,0,0
11979,CP-AP-r001:S-P07-S09:GS09:p0003,8,0,0,0,0
11980,CP-AP-r001:S-P07-S09:GS09:p0004,8,0,0,0,0
11981,CP-AP-r001:S-P07-S09:GS09:p0005,8,0,0,0,0
11982,CP-AP-r001:S-P07-S09:GS09:p0006,9,0,0,0,0
11983,CP-AP-r001:S-P07-S09:GS09:p0007,8,0,0,0,0
11984,CP-AP-r001:S-P07-S09:GS09:p0008,5,0,0,0,0
11985,CP-AP-r001:S-P07-S09:GS09:p0009,8,0,0,0,0
11986,CP-AP-r001:S-P07-S09:GS09:p0010,10,0,0,0,0
11987,CP-AP-r001:S-P07-S09:GS09:p0011,9,0,0,0,0
11988,CP-AP-r001:S-P07-S09:GS09:p0012,7,0,0,0,0
11989,CP-AP-r001:S-P07-S09:GS09:p0013,6,0,0,0,0
11990,CP-AP-r001:S-P07-S09:GS09:p0014,8,0,0,0,0
11991,CP-AP-r001:S-P07-S09:GS09:p0015,8,0,0,0,0
11992,CP-AP-r001:S-P07-S09:GS10:p0001,10,0,0,0,0
11993,CP-AP-r001:S-P07-S09:GS10:p0002,8,0,0,0,0
11994,CP-AP-r001:S-P07-S09:GS10:p0003,7,0,0,0,0
11995,CP-AP-r001:S-P07-S09:GS10:p0004,8,0,0,0,0
11996,CP-AP-r001:S-P07-S09:GS10:p0005,10,0,0,0,0
11997,CP-AP-r001:S-P07-S09:GS10:p0006,10,0,0,0,0
11998,CP-AP-r001:S-P07-S09:GS10:p0007,8,0,0,0,0
11999,CP-AP-r001:S-P07-S09:GS10:p0008,8,0,0,0,0
12000,CP-AP-r001:S-P07-S09:GS10:p0009,8,0,0,0,0
12001,CP-AP-r001:S-P07-S09:GS10:p0010,7,0,0,0,0
12002,CP-AP-r001:S-P07-S09:GS10:p0011,9,0,0,0,0
12003,CP-AP-r001:S-P07-S09:GS10:p0012,8,0,0,0,0
12004,CP-AP-r001:S-P07-S09:GS10:p0013,8,0,0,0,0
12005,CP-AP-r001:S-P07-S09:GS10:p0014,8,0,0,0,0
12006,CP-AP-r001:S-P07-S09:GS11:p0001,8,0,0,0,0
12007,CP-AP-r001:S-P07-S09:GS11:p0002,8,0,0,0,0
12008,CP-AP-r001:S-P07-S09:GS11:p0003,9,0,0,0,0
12009,CP-AP-r001:S-P07-S09:GS11:p0004,10,0,0,0,0
12010,CP-AP-r001:S-P07-S09:GS11:p0005,8,0,0,0,0
12011,CP-AP-r001:S-P07-S09:GS11:p0006,8,0,0,0,0
12012,CP-AP-r001:S-P07-S09:GS11:p0007,9,0,0,0,0
12013,CP-AP-r001:S-P07-S09:GS11:p0008,10,0,0,0,0
12014,CP-AP-r001:S-P07-S09:GS11:p0009,10,0,0,0,0
12015,CP-AP-r001:S-P07-S09:GS11:p0010,8,0,0,0,0
12016,CP-AP-r001:S-P07-S09:GS11:p0011,9,0,0,0,0
12017,CP-AP-r001:S-P07-S09:GS11:p0012,8,0,0,0,0
12018,CP-AP-r001:S-P07-S09:GS12:p0001,7,0,0,0,0
12019,CP-AP-r001:S-P07-S09:GS12:p0002,9,0,0,0,0
12020,CP-AP-r001:S-P07-S09:GS12:p0003,8,0,0,0,0
12021,CP-AP-r001:S-P07-S09:GS12:p0004,9,0,0,0,0
12022,CP-AP-r001:S-P07-S09:GS12:p0005,8,0,0,0,0
12023,CP-AP-r001:S-P07-S09:GS12:p0006,10,0,0,0,0
12024,CP-AP-r001:S-P07-S09:GS12:p0007,8,0,0,0,0
12025,CP-AP-r001:S-P07-S09:GS12:p0008,9,0,0,0,0
12026,CP-AP-r001:S-P07-S09:GS12:p0009,8,0,0,0,0
12027,CP-AP-r001:S-P07-S09:GS12:p0010,8,0,0,0,0
12028,CP-AP-r001:S-P07-S09:GS12:p0011,8,0,0,0,0
12029,CP-AP-r001:S-P07-S09:GS12:p0012,10,0,0,0,0
12030,CP-AP-r001:S-P07-S10:GS01:p0002,5,0,0,0,0
12031,CP-AP-r001:S-P07-S10:GS01:p0003,7,0,0,0,0
12032,CP-AP-r001:S-P07-S10:GS01:p0004,7,0,0,0,0
12033,CP-AP-r001:S-P07-S10:GS01:p0005,8,0,0,0,0
12034,CP-AP-r001:S-P07-S10:GS01:p0006,5,0,0,0,0
12035,CP-AP-r001:S-P07-S10:GS01:p0007,6,0,0,0,0
12036,CP-AP-r001:S-P07-S10:GS01:p0008,7,0,0,0,0
12037,CP-AP-r001:S-P07-S10:GS01:p0009,8,0,0,0,0
12038,CP-AP-r001:S-P07-S10:GS01:p0010,6,0,0,0,0
12039,CP-AP-r001:S-P07-S10:GS01:p0011,6,0,0,0,0
12040,CP-AP-r001:S-P07-S10:GS01:p0012,8,0,0,0,0
12041,CP-AP-r001:S-P07-S10:GS01:p0013,4,0,0,0,0
12042,CP-AP-r001:S-P07-S10:GS02:p0002,7,0,0,0,0
12043,CP-AP-r001:S-P07-S10:GS02:p0003,6,0,0,0,0
12044,CP-AP-r001:S-P07-S10:GS02:p0004,8,0,0,0,0
12045,CP-AP-r001:S-P07-S10:GS02:p0005,6,0,0,0,0
12046,CP-AP-r001:S-P07-S10:GS02:p0006,6,0,0,0,0
12047,CP-AP-r001:S-P07-S10:GS02:p0007,8,0,0,0,0
12048,CP-AP-r001:S-P07-S10:GS02:p0008,6,0,0,0,0
12049,CP-AP-r001:S-P07-S10:GS02:p0009,6,0,0,0,0
12050,CP-AP-r001:S-P07-S10:GS02:p0010,7,0,0,0,0
12051,CP-AP-r001:S-P07-S10:GS02:p0011,7,0,0,0,0
12052,CP-AP-r001:S-P07-S10:GS02:p0012,9,0,0,0,0
12053,CP-AP-r001:S-P07-S10:GS03:p0002,7,0,0,0,0
12054,CP-AP-r001:S-P07-S10:GS03:p0003,6,0,0,0,0
12055,CP-AP-r001:S-P07-S10:GS03:p0004,8,0,0,0,0
12056,CP-AP-r001:S-P07-S10:GS03:p0005,6,0,0,0,0
12057,CP-AP-r001:S-P07-S10:GS03:p0006,8,0,0,0,0
12058,CP-AP-r001:S-P07-S10:GS03:p0007,6,0,0,0,0
12059,CP-AP-r001:S-P07-S10:GS03:p0008,8,0,0,0,0
12060,CP-AP-r001:S-P07-S10:GS03:p0009,6,0,0,0,0
12061,CP-AP-r001:S-P07-S10:GS03:p0010,6,0,0,0,0
12062,CP-AP-r001:S-P07-S10:GS03:p0011,4,0,0,0,0
12063,CP-AP-r001:S-P07-S10:GS03:p0012,8,0,0,0,0
12064,CP-AP-r001:S-P07-S10:GS03:p0013,6,0,0,0,0
12065,CP-AP-r001:S-P07-S10:GS04:p0002,6,0,0,0,0
12066,CP-AP-r001:S-P07-S10:GS04:p0003,6,0,0,0,0
12067,CP-AP-r001:S-P07-S10:GS04:p0004,10,0,0,0,0
12068,CP-AP-r001:S-P07-S10:GS04:p0005,6,0,0,0,0
12069,CP-AP-r001:S-P07-S10:GS04:p0006,6,0,0,0,0
12070,CP-AP-r001:S-P07-S10:GS04:p0007,6,0,0,0,0
12071,CP-AP-r001:S-P07-S10:GS04:p0008,8,0,0,0,0
12072,CP-AP-r001:S-P07-S10:GS04:p0009,6,0,0,0,0
12073,CP-AP-r001:S-P07-S10:GS04:p0010,6,0,0,0,0
12074,CP-AP-r001:S-P07-S10:GS04:p0011,6,0,0,0,0
12075,CP-AP-r001:S-P07-S10:GS04:p0012,8,0,0,0,0
12076,CP-AP-r001:S-P07-S10:GS04:p0013,6,0,0,0,0
12077,CP-AP-r001:S-P07-S10:GS05:p0001,4,0,0,0,0
12078,CP-AP-r001:S-P07-S10:GS05:p0002,6,0,0,0,0
12079,CP-AP-r001:S-P07-S10:GS05:p0003,7,0,0,0,0
12080,CP-AP-r001:S-P07-S10:GS05:p0004,8,0,0,0,0
12081,CP-AP-r001:S-P07-S10:GS05:p0005,6,0,0,0,0
12082,CP-AP-r001:S-P07-S10:GS05:p0006,6,0,0,0,0
12083,CP-AP-r001:S-P07-S10:GS05:p0007,8,0,0,0,0
12084,CP-AP-r001:S-P07-S10:GS05:p0008,6,0,0,0,0
12085,CP-AP-r001:S-P07-S10:GS05:p0009,6,0,0,0,0
12086,CP-AP-r001:S-P07-S10:GS05:p0010,9,0,0,0,0
12087,CP-AP-r001:S-P07-S10:GS05:p0011,7,0,0,0,0
12088,CP-AP-r001:S-P07-S10:GS06:p0001,7,0,0,0,0
12089,CP-AP-r001:S-P07-S10:GS06:p0002,8,0,0,0,0
12090,CP-AP-r001:S-P07-S10:GS06:p0003,6,0,0,0,0
12091,CP-AP-r001:S-P07-S10:GS06:p0004,6,0,0,0,0
12092,CP-AP-r001:S-P07-S10:GS06:p0005,7,0,0,0,0
12093,CP-AP-r001:S-P07-S10:GS06:p0006,9,0,0,0,0
12094,CP-AP-r001:S-P07-S10:GS06:p0007,8,0,0,0,0
12095,CP-AP-r001:S-P07-S10:GS06:p0008,5,0,0,0,0
12096,CP-AP-r001:S-P07-S10:GS06:p0009,7,0,0,0,0
12097,CP-AP-r001:S-P07-S10:GS06:p0010,7,0,0,0,0
12098,CP-AP-r001:S-P07-S10:GS06:p0011,8,0,0,0,0
12099,CP-AP-r001:S-P07-S10:GS07:p0002,7,0,0,0,0
12100,CP-AP-r001:S-P07-S10:GS07:p0003,7,0,0,0,0
12101,CP-AP-r001:S-P07-S10:GS07:p0004,9,0,0,0,0
12102,CP-AP-r001:S-P07-S10:GS07:p0005,10,0,0,0,0
12103,CP-AP-r001:S-P07-S10:GS07:p0006,7,0,0,0,0
12104,CP-AP-r001:S-P07-S10:GS07:p0007,7,0,0,0,0
12105,CP-AP-r001:S-P07-S10:GS07:p0008,10,0,0,0,0
12106,CP-AP-r001:S-P07-S10:GS07:p0009,10,0,0,0,0
12107,CP-AP-r001:S-P07-S10:GS07:p0010,7,0,0,0,0
12108,CP-AP-r001:S-P07-S10:GS07:p0011,7,0,0,0,0
12109,CP-AP-r001:S-P07-S10:GS07:p0012,10,0,0,0,0
12110,CP-AP-r001:S-P07-S10:GS07:p0013,9,0,0,0,0
12111,CP-AP-r001:S-P07-S10:GS08:p0002,7,0,0,0,0
12112,CP-AP-r001:S-P07-S10:GS08:p0003,8,0,0,0,0
12113,CP-AP-r001:S-P07-S10:GS08:p0004,8,0,0,0,0
12114,CP-AP-r001:S-P07-S10:GS08:p0005,8,0,0,0,0
12115,CP-AP-r001:S-P07-S10:GS08:p0006,8,0,0,0,0
12116,CP-AP-r001:S-P07-S10:GS08:p0007,9,0,0,0,0
12117,CP-AP-r001:S-P07-S10:GS08:p0008,8,0,0,0,0
12118,CP-AP-r001:S-P07-S10:GS08:p0009,8,0,0,0,0
12119,CP-AP-r001:S-P07-S10:GS08:p0010,8,0,0,0,0
12120,CP-AP-r001:S-P07-S10:GS08:p0011,7,0,0,0,0
12121,CP-AP-r001:S-P07-S10:GS08:p0012,8,0,0,0,0
12122,CP-AP-r001:S-P07-S10:GS08:p0013,10,0,0,0,0
12123,CP-AP-r001:S-P07-S10:GS09:p0002,10,0,0,0,0
12124,CP-AP-r001:S-P07-S10:GS09:p0003,8,0,0,0,0
12125,CP-AP-r001:S-P07-S10:GS09:p0004,8,0,0,0,0
12126,CP-AP-r001:S-P07-S10:GS09:p0005,9,0,0,0,0
12127,CP-AP-r001:S-P07-S10:GS09:p0006,10,0,0,0,0
12128,CP-AP-r001:S-P07-S10:GS09:p0007,8,0,0,0,0
12129,CP-AP-r001:S-P07-S10:GS09:p0008,5,0,0,0,0
12130,CP-AP-r001:S-P07-S10:GS09:p0009,8,0,0,0,0
12131,CP-AP-r001:S-P07-S10:GS09:p0010,10,0,0,0,0
12132,CP-AP-r001:S-P07-S10:GS09:p0011,7,0,0,0,0
12133,CP-AP-r001:S-P07-S10:GS09:p0012,6,0,0,0,0
12134,CP-AP-r001:S-P07-S10:GS09:p0013,8,0,0,0,0
12135,CP-AP-r001:S-P07-S10:GS09:p0014,8,0,0,0,0
12136,CP-AP-r001:S-P07-S10:GS10:p0001,11,0,0,0,0
12137,CP-AP-r001:S-P07-S10:GS10:p0002,7,0,0,0,0
12138,CP-AP-r001:S-P07-S10:GS10:p0003,8,0,0,0,0
12139,CP-AP-r001:S-P07-S10:GS10:p0004,8,0,0,0,0
12140,CP-AP-r001:S-P07-S10:GS10:p0005,7,0,0,0,0
12141,CP-AP-r001:S-P07-S10:GS10:p0006,10,0,0,0,0
12142,CP-AP-r001:S-P07-S10:GS10:p0007,7,0,0,0,0
12143,CP-AP-r001:S-P07-S10:GS10:p0008,10,0,0,0,0
12144,CP-AP-r001:S-P07-S10:GS10:p0009,8,0,0,0,0
12145,CP-AP-r001:S-P07-S10:GS10:p0010,6,0,0,0,0
12146,CP-AP-r001:S-P07-S10:GS10:p0011,10,0,0,0,0
12147,CP-AP-r001:S-P07-S10:GS10:p0012,8,0,0,0,0
12148,CP-AP-r001:S-P07-S10:GS10:p0013,8,0,0,0,0
12149,CP-AP-r001:S-P07-S10:GS10:p0014,9,0,0,0,0
12150,CP-AP-r001:S-P07-S10:GS11:p0001,7,0,0,0,0
12151,CP-AP-r001:S-P07-S10:GS11:p0002,7,0,0,0,0
12152,CP-AP-r001:S-P07-S10:GS11:p0003,10,0,0,0,0
12153,CP-AP-r001:S-P07-S10:GS11:p0004,10,0,0,0,0
12154,CP-AP-r001:S-P07-S10:GS11:p0005,7,0,0,0,0
12155,CP-AP-r001:S-P07-S10:GS11:p0006,7,0,0,0,0
12156,CP-AP-r001:S-P07-S10:GS11:p0007,10,0,0,0,0
12157,CP-AP-r001:S-P07-S10:GS11:p0008,10,0,0,0,0
12158,CP-AP-r001:S-P07-S10:GS11:p0009,9,0,0,0,0
12159,CP-AP-r001:S-P07-S10:GS11:p0010,7,0,0,0,0
12160,CP-AP-r001:S-P07-S10:GS11:p0011,10,0,0,0,0
12161,CP-AP-r001:S-P07-S10:GS11:p0012,8,0,0,0,0
12162,CP-AP-r001:S-P07-S10:GS12:p0001,7,0,0,0,0
12163,CP-AP-r001:S-P07-S10:GS12:p0002,9,0,0,0,0
12164,CP-AP-r001:S-P07-S10:GS12:p0003,8,0,0,0,0
12165,CP-AP-r001:S-P07-S10:GS12:p0004,8,0,0,0,0
12166,CP-AP-r001:S-P07-S10:GS12:p0005,8,0,0,0,0
12167,CP-AP-r001:S-P07-S10:GS12:p0006,9,0,0,0,0
12168,CP-AP-r001:S-P07-S10:GS12:p0007,8,0,0,0,0
12169,CP-AP-r001:S-P07-S10:GS12:p0008,9,0,0,0,0
12170,CP-AP-r001:S-P07-S10:GS12:p0009,7,0,0,0,0
12171,CP-AP-r001:S-P07-S10:GS12:p0010,7,0,0,0,0
12172,CP-AP-r001:S-P07-S10:GS12:p0011,9,0,0,0,0
12173,CP-AP-r001:S-P07-S10:GS12:p0012,10,0,0,0,0
12174,CP-AP-r001:S-P07-S11:GS01:p0002,7,0,0,0,0
12175,CP-AP-r001:S-P07-S11:GS01:p0003,7,0,0,0,0
12176,CP-AP-r001:S-P07-S11:GS01:p0004,8,0,0,0,0
12177,CP-AP-r001:S-P07-S11:GS01:p0005,7,0,0,0,0
12178,CP-AP-r001:S-P07-S11:GS01:p0006,7,0,0,0,0
12179,CP-AP-r001:S-P07-S11:GS01:p0007,10,0,0,0,0
12180,CP-AP-r001:S-P07-S11:GS01:p0008,8,0,0,0,0
12181,CP-AP-r001:S-P07-S11:GS01:p0009,7,0,0,0,0
12182,CP-AP-r001:S-P07-S11:GS01:p0010,7,0,0,0,0
12183,CP-AP-r001:S-P07-S11:GS01:p0011,8,0,0,0,0
12184,CP-AP-r001:S-P07-S11:GS01:p0012,6,0,0,0,0
12185,CP-AP-r001:S-P07-S11:GS02:p0002,7,0,0,0,0
12186,CP-AP-r001:S-P07-S11:GS02:p0003,5,0,0,0,0
12187,CP-AP-r001:S-P07-S11:GS02:p0004,7,0,0,0,0
12188,CP-AP-r001:S-P07-S11:GS02:p0005,10,0,0,0,0
12189,CP-AP-r001:S-P07-S11:GS02:p0006,6,0,0,0,0
12190,CP-AP-r001:S-P07-S11:GS02:p0007,6,0,0,0,0
12191,CP-AP-r001:S-P07-S11:GS02:p0008,6,0,0,0,0
12192,CP-AP-r001:S-P07-S11:GS02:p0009,8,0,0,0,0
12193,CP-AP-r001:S-P07-S11:GS02:p0010,7,0,0,0,0
12194,CP-AP-r001:S-P07-S11:GS02:p0011,7,0,0,0,0
12195,CP-AP-r001:S-P07-S11:GS02:p0012,8,0,0,0,0
12196,CP-AP-r001:S-P07-S11:GS03:p0002,6,0,0,0,0
12197,CP-AP-r001:S-P07-S11:GS03:p0003,5,0,0,0,0
12198,CP-AP-r001:S-P07-S11:GS03:p0004,8,0,0,0,0
12199,CP-AP-r001:S-P07-S11:GS03:p0005,7,0,0,0,0
12200,CP-AP-r001:S-P07-S11:GS03:p0006,7,0,0,0,0
12201,CP-AP-r001:S-P07-S11:GS03:p0007,7,0,0,0,0
12202,CP-AP-r001:S-P07-S11:GS03:p0008,8,0,0,0,0
12203,CP-AP-r001:S-P07-S11:GS03:p0009,7,0,0,0,0
12204,CP-AP-r001:S-P07-S11:GS03:p0010,7,0,0,0,0
12205,CP-AP-r001:S-P07-S11:GS03:p0011,8,0,0,0,0
12206,CP-AP-r001:S-P07-S11:GS03:p0012,7,0,0,0,0
12207,CP-AP-r001:S-P07-S11:GS04:p0002,7,0,0,0,0
12208,CP-AP-r001:S-P07-S11:GS04:p0003,7,0,0,0,0
12209,CP-AP-r001:S-P07-S11:GS04:p0004,8,0,0,0,0
12210,CP-AP-r001:S-P07-S11:GS04:p0005,7,0,0,0,0
12211,CP-AP-r001:S-P07-S11:GS04:p0006,8,0,0,0,0
12212,CP-AP-r001:S-P07-S11:GS04:p0007,7,0,0,0,0
12213,CP-AP-r001:S-P07-S11:GS04:p0008,8,0,0,0,0
12214,CP-AP-r001:S-P07-S11:GS04:p0009,7,0,0,0,0
12215,CP-AP-r001:S-P07-S11:GS04:p0010,7,0,0,0,0
12216,CP-AP-r001:S-P07-S11:GS04:p0011,6,0,0,0,0
12217,CP-AP-r001:S-P07-S11:GS04:p0012,8,0,0,0,0
12218,CP-AP-r001:S-P07-S11:GS04:p0013,7,0,0,0,0
12219,CP-AP-r001:S-P07-S11:GS05:p0001,7,0,0,0,0
12220,CP-AP-r001:S-P07-S11:GS05:p0002,7,0,0,0,0
12221,CP-AP-r001:S-P07-S11:GS05:p0003,8,0,0,0,0
12222,CP-AP-r001:S-P07-S11:GS05:p0004,8,0,0,0,0
12223,CP-AP-r001:S-P07-S11:GS05:p0005,7,0,0,0,0
12224,CP-AP-r001:S-P07-S11:GS05:p0006,7,0,0,0,0
12225,CP-AP-r001:S-P07-S11:GS05:p0007,9,0,0,0,0
12226,CP-AP-r001:S-P07-S11:GS05:p0008,7,0,0,0,0
12227,CP-AP-r001:S-P07-S11:GS05:p0009,7,0,0,0,0
12228,CP-AP-r001:S-P07-S11:GS05:p0010,7,0,0,0,0
12229,CP-AP-r001:S-P07-S11:GS05:p0011,8,0,0,0,0
12230,CP-AP-r001:S-P07-S11:GS05:p0012,7,0,0,0,0
12231,CP-AP-r001:S-P07-S11:GS06:p0001,7,0,0,0,0
12232,CP-AP-r001:S-P07-S11:GS06:p0002,6,0,0,0,0
12233,CP-AP-r001:S-P07-S11:GS06:p0003,6,0,0,0,0
12234,CP-AP-r001:S-P07-S11:GS06:p0004,8,0,0,0,0
12235,CP-AP-r001:S-P07-S11:GS06:p0005,6,0,0,0,0
12236,CP-AP-r001:S-P07-S11:GS06:p0006,7,0,0,0,0
12237,CP-AP-r001:S-P07-S11:GS06:p0007,7,0,0,0,0
12238,CP-AP-r001:S-P07-S11:GS06:p0008,8,0,0,0,0
12239,CP-AP-r001:S-P07-S11:GS06:p0009,7,0,0,0,0
12240,CP-AP-r001:S-P07-S11:GS06:p0010,7,0,0,0,0
12241,CP-AP-r001:S-P07-S11:GS06:p0011,8,0,0,0,0
12242,CP-AP-r001:S-P07-S11:GS07:p0002,8,0,0,0,0
12243,CP-AP-r001:S-P07-S11:GS07:p0003,8,0,0,0,0
12244,CP-AP-r001:S-P07-S11:GS07:p0004,9,0,0,0,0
12245,CP-AP-r001:S-P07-S11:GS07:p0005,10,0,0,0,0
12246,CP-AP-r001:S-P07-S11:GS07:p0006,10,0,0,0,0
12247,CP-AP-r001:S-P07-S11:GS07:p0007,8,0,0,0,0
12248,CP-AP-r001:S-P07-S11:GS07:p0008,8,0,0,0,0
12249,CP-AP-r001:S-P07-S11:GS07:p0009,8,0,0,0,0
12250,CP-AP-r001:S-P07-S11:GS07:p0010,10,0,0,0,0
12251,CP-AP-r001:S-P07-S11:GS07:p0011,8,0,0,0,0
12252,CP-AP-r001:S-P07-S11:GS07:p0012,8,0,0,0,0
12253,CP-AP-r001:S-P07-S11:GS07:p0013,8,0,0,0,0
12254,CP-AP-r001:S-P07-S11:GS07:p0014,7,0,0,0,0
12255,CP-AP-r001:S-P07-S11:GS08:p0002,8,0,0,0,0
12256,CP-AP-r001:S-P07-S11:GS08:p0003,9,0,0,0,0
12257,CP-AP-r001:S-P07-S11:GS08:p0004,8,0,0,0,0
12258,CP-AP-r001:S-P07-S11:GS08:p0005,10,0,0,0,0
12259,CP-AP-r001:S-P07-S11:GS08:p0006,8,0,0,0,0
12260,CP-AP-r001:S-P07-S11:GS08:p0007,8,0,0,0,0
12261,CP-AP-r001:S-P07-S11:GS08:p0008,8,0,0,0,0
12262,CP-AP-r001:S-P07-S11:GS08:p0009,10,0,0,0,0
12263,CP-AP-r001:S-P07-S11:GS08:p0010,8,0,0,0,0
12264,CP-AP-r001:S-P07-S11:GS08:p0011,8,0,0,0,0
12265,CP-AP-r001:S-P07-S11:GS08:p0012,9,0,0,0,0
12266,CP-AP-r001:S-P07-S11:GS08:p0013,10,0,0,0,0
12267,CP-AP-r001:S-P07-S11:GS09:p0002,8,0,0,0,0
12268,CP-AP-r001:S-P07-S11:GS09:p0003,7,0,0,0,0
12269,CP-AP-r001:S-P07-S11:GS09:p0004,6,0,0,0,0
12270,CP-AP-r001:S-P07-S11:GS09:p0005,8,0,0,0,0
12271,CP-AP-r001:S-P07-S11:GS09:p0006,8,0,0,0,0
12272,CP-AP-r001:S-P07-S11:GS09:p0007,7,0,0,0,0
12273,CP-AP-r001:S-P07-S11:GS09:p0008,8,0,0,0,0
12274,CP-AP-r001:S-P07-S11:GS09:p0009,8,0,0,0,0
12275,CP-AP-r001:S-P07-S11:GS09:p0010,9,0,0,0,0
12276,CP-AP-r001:S-P07-S11:GS09:p0011,9,0,0,0,0
12277,CP-AP-r001:S-P07-S11:GS09:p0012,9,0,0,0,0
12278,CP-AP-r001:S-P07-S11:GS09:p0013,8,0,0,0,0
12279,CP-AP-r001:S-P07-S11:GS09:p0014,8,0,0,0,0
12280,CP-AP-r001:S-P07-S11:GS10:p0002,9,0,0,0,0
12281,CP-AP-r001:S-P07-S11:GS10:p0003,8,0,0,0,0
12282,CP-AP-r001:S-P07-S11:GS10:p0004,8,0,0,0,0
12283,CP-AP-r001:S-P07-S11:GS10:p0005,8,0,0,0,0
12284,CP-AP-r001:S-P07-S11:GS10:p0006,7,0,0,0,0
12285,CP-AP-r001:S-P07-S11:GS10:p0007,8,0,0,0,0
12286,CP-AP-r001:S-P07-S11:GS10:p0008,8,0,0,0,0
12287,CP-AP-r001:S-P07-S11:GS10:p0009,8,0,0,0,0
12288,CP-AP-r001:S-P07-S11:GS10:p0010,8,0,0,0,0
12289,CP-AP-r001:S-P07-S11:GS10:p0011,7,0,0,0,0
12290,CP-AP-r001:S-P07-S11:GS10:p0012,5,0,0,0,0
12291,CP-AP-r001:S-P07-S11:GS10:p0013,8,0,0,0,0
12292,CP-AP-r001:S-P07-S11:GS10:p0014,10,0,0,0,0
12293,CP-AP-r001:S-P07-S11:GS11:p0001,10,0,0,0,0
12294,CP-AP-r001:S-P07-S11:GS11:p0002,8,0,0,0,0
12295,CP-AP-r001:S-P07-S11:GS11:p0003,9,0,0,0,0
12296,CP-AP-r001:S-P07-S11:GS11:p0004,8,0,0,0,0
12297,CP-AP-r001:S-P07-S11:GS11:p0005,10,0,0,0,0
12298,CP-AP-r001:S-P07-S11:GS11:p0006,8,0,0,0,0
12299,CP-AP-r001:S-P07-S11:GS11:p0007,9,0,0,0,0
12300,CP-AP-r001:S-P07-S11:GS11:p0008,8,0,0,0,0
12301,CP-AP-r001:S-P07-S11:GS11:p0009,9,0,0,0,0
12302,CP-AP-r001:S-P07-S11:GS11:p0010,10,0,0,0,0
12303,CP-AP-r001:S-P07-S11:GS11:p0011,8,0,0,0,0
12304,CP-AP-r001:S-P07-S11:GS11:p0012,9,0,0,0,0
12305,CP-AP-r001:S-P07-S11:GS11:p0013,8,0,0,0,0
12306,CP-AP-r001:S-P07-S11:GS11:p0014,7,0,0,0,0
12307,CP-AP-r001:S-P07-S11:GS12:p0001,8,0,0,0,0
12308,CP-AP-r001:S-P07-S11:GS12:p0002,8,0,0,0,0
12309,CP-AP-r001:S-P07-S11:GS12:p0003,8,0,0,0,0
12310,CP-AP-r001:S-P07-S11:GS12:p0004,10,0,0,0,0
12311,CP-AP-r001:S-P07-S11:GS12:p0005,8,0,0,0,0
12312,CP-AP-r001:S-P07-S11:GS12:p0006,8,0,0,0,0
12313,CP-AP-r001:S-P07-S11:GS12:p0007,9,0,0,0,0
12314,CP-AP-r001:S-P07-S11:GS12:p0008,10,0,0,0,0
12315,CP-AP-r001:S-P07-S11:GS12:p0009,8,0,0,0,0
12316,CP-AP-r001:S-P07-S11:GS12:p0010,8,0,0,0,0
12317,CP-AP-r001:S-P07-S11:GS12:p0011,9,0,0,0,0
12318,CP-AP-r001:S-P07-S11:GS12:p0012,10,0,0,0,0
12319,CP-AP-r001:S-P07-S12:GS01:p0002,6,0,0,0,0
12320,CP-AP-r001:S-P07-S12:GS01:p0003,6,0,0,0,0
12321,CP-AP-r001:S-P07-S12:GS01:p0004,8,0,0,0,0
12322,CP-AP-r001:S-P07-S12:GS01:p0005,6,0,0,0,0
12323,CP-AP-r001:S-P07-S12:GS01:p0006,6,0,0,0,0
12324,CP-AP-r001:S-P07-S12:GS01:p0007,10,0,0,0,0
12325,CP-AP-r001:S-P07-S12:GS01:p0008,6,0,0,0,0
12326,CP-AP-r001:S-P07-S12:GS01:p0009,6,0,0,0,0
12327,CP-AP-r001:S-P07-S12:GS01:p0010,6,0,0,0,0
12328,CP-AP-r001:S-P07-S12:GS01:p0011,8,0,0,0,0
12329,CP-AP-r001:S-P07-S12:GS01:p0012,5,0,0,0,0
12330,CP-AP-r001:S-P07-S12:GS02:p0002,6,0,0,0,0
12331,CP-AP-r001:S-P07-S12:GS02:p0003,7,0,0,0,0
12332,CP-AP-r001:S-P07-S12:GS02:p0004,8,0,0,0,0
12333,CP-AP-r001:S-P07-S12:GS02:p0005,9,0,0,0,0
12334,CP-AP-r001:S-P07-S12:GS02:p0006,4,0,0,0,0
12335,CP-AP-r001:S-P07-S12:GS02:p0007,7,0,0,0,0
12336,CP-AP-r001:S-P07-S12:GS02:p0008,7,0,0,0,0
12337,CP-AP-r001:S-P07-S12:GS02:p0009,8,0,0,0,0
12338,CP-AP-r001:S-P07-S12:GS02:p0010,6,0,0,0,0
12339,CP-AP-r001:S-P07-S12:GS02:p0011,6,0,0,0,0
12340,CP-AP-r001:S-P07-S12:GS02:p0012,8,0,0,0,0
12341,CP-AP-r001:S-P07-S12:GS03:p0002,6,0,0,0,0
12342,CP-AP-r001:S-P07-S12:GS03:p0003,4,0,0,0,0
12343,CP-AP-r001:S-P07-S12:GS03:p0004,8,0,0,0,0
12344,CP-AP-r001:S-P07-S12:GS03:p0005,6,0,0,0,0
12345,CP-AP-r001:S-P07-S12:GS03:p0006,7,0,0,0,0
12346,CP-AP-r001:S-P07-S12:GS03:p0007,6,0,0,0,0
12347,CP-AP-r001:S-P07-S12:GS03:p0008,8,0,0,0,0
12348,CP-AP-r001:S-P07-S12:GS03:p0009,6,0,0,0,0
12349,CP-AP-r001:S-P07-S12:GS03:p0010,6,0,0,0,0
12350,CP-AP-r001:S-P07-S12:GS03:p0011,8,0,0,0,0
12351,CP-AP-r001:S-P07-S12:GS03:p0012,6,0,0,0,0
12352,CP-AP-r001:S-P07-S12:GS04:p0002,6,0,0,0,0
12353,CP-AP-r001:S-P07-S12:GS04:p0003,6,0,0,0,0
12354,CP-AP-r001:S-P07-S12:GS04:p0004,8,0,0,0,0
12355,CP-AP-r001:S-P07-S12:GS04:p0005,6,0,0,0,0
12356,CP-AP-r001:S-P07-S12:GS04:p0006,7,0,0,0,0
12357,CP-AP-r001:S-P07-S12:GS04:p0007,6,0,0,0,0
12358,CP-AP-r001:S-P07-S12:GS04:p0008,8,0,0,0,0
12359,CP-AP-r001:S-P07-S12:GS04:p0009,6,0,0,0,0
12360,CP-AP-r001:S-P07-S12:GS04:p0010,7,0,0,0,0
12361,CP-AP-r001:S-P07-S12:GS04:p0011,5,0,0,0,0
12362,CP-AP-r001:S-P07-S12:GS04:p0012,8,0,0,0,0
12363,CP-AP-r001:S-P07-S12:GS04:p0013,6,0,0,0,0
12364,CP-AP-r001:S-P07-S12:GS05:p0001,6,0,0,0,0
12365,CP-AP-r001:S-P07-S12:GS05:p0002,6,0,0,0,0
12366,CP-AP-r001:S-P07-S12:GS05:p0003,8,0,0,0,0
12367,CP-AP-r001:S-P07-S12:GS05:p0004,7,0,0,0,0
12368,CP-AP-r001:S-P07-S12:GS05:p0005,6,0,0,0,0
12369,CP-AP-r001:S-P07-S12:GS05:p0006,6,0,0,0,0
12370,CP-AP-r001:S-P07-S12:GS05:p0007,9,0,0,0,0
12371,CP-AP-r001:S-P07-S12:GS05:p0008,6,0,0,0,0
12372,CP-AP-r001:S-P07-S12:GS05:p0009,6,0,0,0,0
12373,CP-AP-r001:S-P07-S12:GS05:p0010,6,0,0,0,0
12374,CP-AP-r001:S-P07-S12:GS05:p0011,8,0,0,0,0
12375,CP-AP-r001:S-P07-S12:GS05:p0012,6,0,0,0,0
12376,CP-AP-r001:S-P07-S12:GS06:p0001,5,0,0,0,0
12377,CP-AP-r001:S-P07-S12:GS06:p0002,7,0,0,0,0
12378,CP-AP-r001:S-P07-S12:GS06:p0003,7,0,0,0,0
12379,CP-AP-r001:S-P07-S12:GS06:p0004,8,0,0,0,0
12380,CP-AP-r001:S-P07-S12:GS06:p0005,5,0,0,0,0
12381,CP-AP-r001:S-P07-S12:GS06:p0006,6,0,0,0,0
12382,CP-AP-r001:S-P07-S12:GS06:p0007,7,0,0,0,0
12383,CP-AP-r001:S-P07-S12:GS06:p0008,8,0,0,0,0
12384,CP-AP-r001:S-P07-S12:GS06:p0009,6,0,0,0,0
12385,CP-AP-r001:S-P07-S12:GS06:p0010,6,0,0,0,0
12386,CP-AP-r001:S-P07-S12:GS06:p0011,8,0,0,0,0
12387,CP-AP-r001:S-P07-S12:GS06:p0012,7,0,0,0,0
12388,CP-AP-r001:S-P07-S12:GS07:p0002,7,0,0,0,0
12389,CP-AP-r001:S-P07-S12:GS07:p0003,7,0,0,0,0
12390,CP-AP-r001:S-P07-S12:GS07:p0004,10,0,0,0,0
12391,CP-AP-r001:S-P07-S12:GS07:p0005,9,0,0,0,0
12392,CP-AP-r001:S-P07-S12:GS07:p0006,9,0,0,0,0
12393,CP-AP-r001:S-P07-S12:GS07:p0007,7,0,0,0,0
12394,CP-AP-r001:S-P07-S12:GS07:p0008,9,0,0,0,0
12395,CP-AP-r001:S-P07-S12:GS07:p0009,8,0,0,0,0
12396,CP-AP-r001:S-P07-S12:GS07:p0010,10,0,0,0,0
12397,CP-AP-r001:S-P07-S12:GS07:p0011,7,0,0,0,0
12398,CP-AP-r001:S-P07-S12:GS07:p0012,10,0,0,0,0
12399,CP-AP-r001:S-P07-S12:GS07:p0013,8,0,0,0,0
12400,CP-AP-r001:S-P07-S12:GS07:p0014,6,0,0,0,0
12401,CP-AP-r001:S-P07-S12:GS08:p0002,8,0,0,0,0
12402,CP-AP-r001:S-P07-S12:GS08:p0003,8,0,0,0,0
12403,CP-AP-r001:S-P07-S12:GS08:p0004,8,0,0,0,0
12404,CP-AP-r001:S-P07-S12:GS08:p0005,10,0,0,0,0
12405,CP-AP-r001:S-P07-S12:GS08:p0006,7,0,0,0,0
12406,CP-AP-r001:S-P07-S12:GS08:p0007,7,0,0,0,0
12407,CP-AP-r001:S-P07-S12:GS08:p0008,9,0,0,0,0
12408,CP-AP-r001:S-P07-S12:GS08:p0009,10,0,0,0,0
12409,CP-AP-r001:S-P07-S12:GS08:p0010,7,0,0,0,0
12410,CP-AP-r001:S-P07-S12:GS08:p0011,7,0,0,0,0
12411,CP-AP-r001:S-P07-S12:GS08:p0012,10,0,0,0,0
12412,CP-AP-r001:S-P07-S12:GS08:p0013,10,0,0,0,0
12413,CP-AP-r001:S-P07-S12:GS09:p0002,9,0,0,0,0
12414,CP-AP-r001:S-P07-S12:GS09:p0003,7,0,0,0,0
12415,CP-AP-r001:S-P07-S12:GS09:p0004,6,0,0,0,0
12416,CP-AP-r001:S-P07-S12:GS09:p0005,8,0,0,0,0
12417,CP-AP-r001:S-P07-S12:GS09:p0006,8,0,0,0,0
12418,CP-AP-r001:S-P07-S12:GS09:p0007,7,0,0,0,0
12419,CP-AP-r001:S-P07-S12:GS09:p0008,9,0,0,0,0
12420,CP-AP-r001:S-P07-S12:GS09:p0009,8,0,0,0,0
12421,CP-AP-r001:S-P07-S12:GS09:p0010,8,0,0,0,0
12422,CP-AP-r001:S-P07-S12:GS09:p0011,9,0,0,0,0
12423,CP-AP-r001:S-P07-S12:GS09:p0012,9,0,0,0,0
12424,CP-AP-r001:S-P07-S12:GS09:p0013,8,0,0,0,0
12425,CP-AP-r001:S-P07-S12:GS09:p0014,8,0,0,0,0
12426,CP-AP-r001:S-P07-S12:GS10:p0002,10,0,0,0,0
12427,CP-AP-r001:S-P07-S12:GS10:p0003,8,0,0,0,0
12428,CP-AP-r001:S-P07-S12:GS10:p0004,8,0,0,0,0
12429,CP-AP-r001:S-P07-S12:GS10:p0005,9,0,0,0,0
12430,CP-AP-r001:S-P07-S12:GS10:p0006,8,0,0,0,0
12431,CP-AP-r001:S-P07-S12:GS10:p0007,8,0,0,0,0
12432,CP-AP-r001:S-P07-S12:GS10:p0008,8,0,0,0,0
12433,CP-AP-r001:S-P07-S12:GS10:p0009,9,0,0,0,0
12434,CP-AP-r001:S-P07-S12:GS10:p0010,9,0,0,0,0
12435,CP-AP-r001:S-P07-S12:GS10:p0011,8,0,0,0,0
12436,CP-AP-r001:S-P07-S12:GS10:p0012,5,0,0,0,0
12437,CP-AP-r001:S-P07-S12:GS10:p0013,8,0,0,0,0
12438,CP-AP-r001:S-P07-S12:GS10:p0014,10,0,0,0,0
12439,CP-AP-r001:S-P07-S12:GS11:p0001,9,0,0,0,0
12440,CP-AP-r001:S-P07-S12:GS11:p0002,7,0,0,0,0
12441,CP-AP-r001:S-P07-S12:GS11:p0003,10,0,0,0,0
12442,CP-AP-r001:S-P07-S12:GS11:p0004,8,0,0,0,0
12443,CP-AP-r001:S-P07-S12:GS11:p0005,10,0,0,0,0
12444,CP-AP-r001:S-P07-S12:GS11:p0006,7,0,0,0,0
12445,CP-AP-r001:S-P07-S12:GS11:p0007,10,0,0,0,0
12446,CP-AP-r001:S-P07-S12:GS11:p0008,8,0,0,0,0
12447,CP-AP-r001:S-P07-S12:GS11:p0009,7,0,0,0,0
12448,CP-AP-r001:S-P07-S12:GS11:p0010,10,0,0,0,0
12449,CP-AP-r001:S-P07-S12:GS11:p0011,8,0,0,0,0
12450,CP-AP-r001:S-P07-S12:GS11:p0012,10,0,0,0,0
12451,CP-AP-r001:S-P07-S12:GS11:p0013,8,0,0,0,0
12452,CP-AP-r001:S-P07-S12:GS11:p0014,6,0,0,0,0
12453,CP-AP-r001:S-P07-S12:GS12:p0001,7,0,0,0,0
12454,CP-AP-r001:S-P07-S12:GS12:p0002,7,0,0,0,0
12455,CP-AP-r001:S-P07-S12:GS12:p0003,9,0,0,0,0
12456,CP-AP-r001:S-P07-S12:GS12:p0004,10,0,0,0,0
12457,CP-AP-r001:S-P07-S12:GS12:p0005,7,0,0,0,0
12458,CP-AP-r001:S-P07-S12:GS12:p0006,7,0,0,0,0
12459,CP-AP-r001:S-P07-S12:GS12:p0007,10,0,0,0,0
12460,CP-AP-r001:S-P07-S12:GS12:p0008,10,0,0,0,0
12461,CP-AP-r001:S-P07-S12:GS12:p0009,7,0,0,0,0
12462,CP-AP-r001:S-P07-S12:GS12:p0010,7,0,0,0,0
12463,CP-AP-r001:S-P07-S12:GS12:p0011,10,0,0,0,0
12464,CP-AP-r001:S-P07-S12:GS12:p0012,9,0,0,0,0
