source_group,geometry_id,replicate_id,epoch_utc,contact_id,pass_id,satellite_id,site_id,antenna_id,start_utc,end_utc,start_seconds,end_seconds,duration_seconds,start_tick,end_tick,duration_tick,crosses_horizon,scope,access_settings_hash
CP-SOURCE-r000,A-U,r000,2026-11-01T00:00:00Z,CP-AU-r000:S-P01-S01:GS06:p0001,CP-AU-r000:S-P01-S01:GS06:p0001,S-P01-S01,GS06,GS06-A1,2026-10-31T23:00:00.000000Z,2026-10-31T23:00:56.412235Z,-3600.000000,-3543.587765,56.412235,-3600000000,-3543587765,56412235,False,outside_horizon_padding,f15eacfea5f4fdf5ab36674c369deeac90ef1324f43cba80f9c6dc879aa792d5
CP-SOURCE-r000,A-U,r000,2026-11-01T00:00:00Z,CP-AU-r000:S-P01-S01:GS12:p0001,CP-AU-r000:S-P01-S01:GS12:p0001,S-P01-S01,GS12,GS12-A1,2026-10-31T23:00:00.000000Z,2026-10-31T23:00:35.231390Z,-3600.000000,-3564.768610,35.231390,-3600000000,-3564768610,35231390,False,outside_horizon_padding,f15eacfea5f4fdf5ab36674c369deeac90ef1324f43cba80f9c6dc879aa792d5
CP-SOURCE-r000,A-U,r000,2026-11-01T00:00:00Z,CP-AU-r000:S-P01-S12:GS09:p0001,CP-AU-r000:S-P01-S12:GS09:p0001,S-P01-S12,GS09,GS09-A1,2026-10-31T23:00:00.000000Z,2026-10-31T23:03:47.886956Z,-3600.000000,-3372.113044,227.886956,-3600000000,-3372113044,227886956,False,outside_horizon_padding,f15eacfea5f4fdf5ab36674c369deeac90ef1324f43cba80f9c6dc879aa792d5
CP-SOURCE-r000,A-U,r000,2026-11-01T00:00:00Z,CP-AU-r000:S-P01-S12:GS10:p0001,CP-AU-r000:S-P01-S12:GS10:p0001,S-P01-S12,GS10,GS10-A1,2026-10-31T23:00:00.000000Z,2026-10-31T23:06:05.578973Z,-3600.000000,-3234.421027,365.578973,-3600000000,-3234421027,365578973,False,outside_horizon_padding,f15eacfea5f4fdf5ab36674c369deeac90ef1324f43cba80f9c6dc879aa792d5
CP-SOURCE-r000,A-U,r000,2026-11-01T00:00:00Z,CP-AU-r000:S-P01-S12:GS11:p0001,CP-AU-r000:S-P01-S12:GS11:p0001,S-P01-S12,GS11,GS11-A1,2026-10-31T23:00:00.000000Z,2026-10-31T23:07:57.653513Z,-3600.000000,-3122.346487,477.653513,-3600000000,-3122346487,477653513,False,outside_horizon_padding,f15eacfea5f4fdf5ab36674c369deeac90ef1324f43cba80f9c6dc879aa792d5
CP-SOURCE-r000,A-U,r000,2026-11-01T00:00:00Z,CP-AU-r000:S-P03-S09:GS01:p0001,CP-AU-r000:S-P03-S09:GS01:p0001,S-P03-S09,GS01,GS01-A1,2026-10-31T23:00:00.000000Z,2026-10-31T23:02:03.418520Z,-3600.000000,-3476.581480,123.418520,-3600000000,-3476581480,123418520,False,outside_horizon_padding,f15eacfea5f4fdf5ab36674c369deeac90ef1324f43cba80f9c6dc879aa792d5
CP-SOURCE-r000,A-U,r000,2026-11-01T00:00:00Z,CP-AU-r000:S-P03-S09:GS02:p0001,CP-AU-r000:S-P03-S09:GS02:p0001,S-P03-S09,GS02,GS02-A1,2026-10-31T23:00:00.000000Z,2026-10-31T23:03:37.831154Z,-3600.000000,-3382.168846,217.831154,-3600000000,-3382168846,217831154,False,outside_horizon_padding,f15eacfea5f4fdf5ab36674c369deeac90ef1324f43cba80f9c6dc879aa792d5
CP-SOURCE-r000,A-U,r000,2026-11-01T00:00:00Z,CP-AU-r000:S-P03-S09:GS03:p0001,CP-AU-r000:S-P03-S09:GS03:p0001,S-P03-S09,GS03,GS03-A1,2026-10-31T23:00:00.000000Z,2026-10-31T23:04:50.672997Z,-3600.000000,-3309.327003,290.672997,-3600000000,-3309327003,290672997,False,outside_horizon_padding,f15eacfea5f4fdf5ab36674c369deeac90ef1324f43cba80f9c6dc879aa792d5
CP-SOURCE-r000,A-U,r000,2026-11-01T00:00:00Z,CP-AU-r000:S-P03-S09:GS04:p0001,CP-AU-r000:S-P03-S09:GS04:p0001,S-P03-S09,GS04,GS04-A1,2026-10-31T23:00:00.000000Z,2026-10-31T23:05:48.958308Z,-3600.000000,-3251.041692,348.958308,-3600000000,-3251041692,348958308,False,outside_horizon_padding,f15eacfea5f4fdf5ab36674c369deeac90ef1324f43cba80f9c6dc879aa792d5
CP-SOURCE-r000,A-U,r000,2026-11-01T00:00:00Z,CP-AU-r000:S-P03-S09:GS05:p0001,CP-AU-r000:S-P03-S09:GS05:p0001,S-P03-S09,GS05,GS05-A1,2026-10-31T23:00:00.000000Z,2026-10-31T23:06:34.906525Z,-3600.000000,-3205.093475,394.906525,-3600000000,-3205093475,394906525,False,outside_horizon_padding,f15eacfea5f4fdf5ab36674c369deeac90ef1324f43cba80f9c6dc879aa792d5
CP-SOURCE-r000,A-U,r000,2026-11-01T00:00:00Z,CP-AU-r000:S-P03-S09:GS06:p0001,CP-AU-r000:S-P03-S09:GS06:p0001,S-P03-S09,GS06,GS06-A1,2026-10-31T23:00:00.000000Z,2026-10-31T23:07:07.429756Z,-3600.000000,-3172.570244,427.429756,-3600000000,-3172570244,427429756,False,outside_horizon_padding,f15eacfea5f4fdf5ab36674c369deeac90ef1324f43cba80f9c6dc879aa792d5
CP-SOURCE-r000,A-U,r000,2026-11-01T00:00:00Z,CP-AU-r000:S-P03-S09:GS07:p0001,CP-AU-r000:S-P03-S09:GS07:p0001,S-P03-S09,GS07,GS07-A1,2026-10-31T23:00:00.000000Z,2026-10-31T23:02:26.637661Z,-3600.000000,-3453.362339,146.637661,-3600000000,-3453362339,146637661,False,outside_horizon_padding,f15eacfea5f4fdf5ab36674c369deeac90ef1324f43cba80f9c6dc879aa792d5
CP-SOURCE-r000,A-U,r000,2026-11-01T00:00:00Z,CP-AU-r000:S-P03-S09:GS08:p0001,CP-AU-r000:S-P03-S09:GS08:p0001,S-P03-S09,GS08,GS08-A1,2026-10-31T23:00:00.000000Z,2026-10-31T23:04:15.610784Z,-3600.000000,-3344.389216,255.610784,-3600000000,-3344389216,255610784,False,outside_horizon_padding,f15eacfea5f4fdf5ab36674c369deeac90ef1324f43cba80f9c6dc879aa792d5
CP-SOURCE-r000,A-U,r000,2026-11-01T00:00:00Z,CP-AU-r000:S-P03-S09:GS09:p0001,CP-AU-r000:S-P03-S09:GS09:p0001,S-P03-S09,GS09,GS09-A1,2026-10-31T23:00:00.000000Z,2026-10-31T23:05:37.699677Z,-3600.000000,-3262.300323,337.699677,-3600000000,-3262300323,337699677,False,outside_horizon_padding,f15eacfea5f4fdf5ab36674c369deeac90ef1324f43cba80f9c6dc879aa792d5
CP-SOURCE-r000,A-U,r000,2026-11-01T00:00:00Z,CP-AU-r000:S-P03-S09:GS10:p0001,CP-AU-r000:S-P03-S09:GS10:p0001,S-P03-S09,GS10,GS10-A1,2026-10-31T23:00:00.000000Z,2026-10-31T23:06:44.670936Z,-3600.000000,-3195.329064,404.670936,-3600000000,-3195329064,404670936,False,outside_horizon_padding,f15eacfea5f4fdf5ab36674c369deeac90ef1324f43cba80f9c6dc879aa792d5
CP-SOURCE-r000,A-U,r000,2026-11-01T00:00:00Z,CP-AU-r000:S-P03-S09:GS11:p0001,CP-AU-r000:S-P03-S09:GS11:p0001,S-P03-S09,GS11,GS11-A1,2026-10-31T23:00:00.000000Z,2026-10-31T23:07:40.938078Z,-3600.000000,-3139.061922,460.938078,-3600000000,-3139061922,460938078,False,outside_horizon_padding,f15eacfea5f4fdf5ab36674c369deeac90ef1324f43cba80f9c6dc879aa792d5
CP-SOURCE-r000,A-U,r000,2026-11-01T00:00:00Z,CP-AU-r000:S-P07-S12:GS01:p0001,CP-AU-r000:S-P07-S12:GS01:p0001,S-P07-S12,GS01,GS01-A1,2026-10-31T23:00:00.000000Z,2026-10-31T23:06:20.675661Z,-3600.000000,-3219.324339,380.675661,-3600000000,-3219324339,380675661,False,outside_horizon_padding,f15eacfea5f4fdf5ab36674c369deeac90ef1324f43cba80f9c6dc879aa792d5
CP-SOURCE-r000,A-U,r000,2026-11-01T00:00:00Z,CP-AU-r000:S-P07-S12:GS02:p0001,CP-AU-r000:S-P07-S12:GS02:p0001,S-P07-S12,GS02,GS02-A1,2026-10-31T23:00:00.000000Z,2026-10-31T23:06:32.149224Z,-3600.000000,-3207.850776,392.149224,-3600000000,-3207850776,392149224,False,outside_horizon_padding,f15eacfea5f4fdf5ab36674c369deeac90ef1324f43cba80f9c6dc879aa792d5
CP-SOURCE-r000,A-U,r000,2026-11-01T00:00:00Z,CP-AU-r000:S-P07-S12:GS07:p0001,CP-AU-r000:S-P07-S12:GS07:p0001,S-P07-S12,GS07,GS07-A1,2026-10-31T23:00:00.000000Z,2026-10-31T23:05:05.631785Z,-3600.000000,-3294.368215,305.631785,-3600000000,-3294368215,305631785,False,outside_horizon_padding,f15eacfea5f4fdf5ab36674c369deeac90ef1324f43cba80f9c6dc879aa792d5
CP-SOURCE-r000,A-U,r000,2026-11-01T00:00:00Z,CP-AU-r000:S-P07-S12:GS08:p0001,CP-AU-r000:S-P07-S12:GS08:p0001,S-P07-S12,GS08,GS08-A1,2026-10-31T23:00:00.000000Z,2026-10-31T23:04:57.452391Z,-3600.000000,-3302.547609,297.452391,-3600000000,-3302547609,297452391,False,outside_horizon_padding,f15eacfea5f4fdf5ab36674c369deeac90ef1324f43cba80f9c6dc879aa792d5
CP-SOURCE-r000,A-U,r000,2026-11-01T00:00:00Z,CP-AU-r000:S-P03-S09:GS12:p0001,CP-AU-r000:S-P03-S09:GS12:p0001,S-P03-S09,GS12,GS12-A1,2026-10-31T23:00:02.835010Z,2026-10-31T23:08:28.250902Z,-3597.164990,-3091.749098,505.415892,-3597164990,-3091749098,505415892,False,outside_horizon_padding,f15eacfea5f4fdf5ab36674c369deeac90ef1324f43cba80f9c6dc879aa792d5
CP-SOURCE-r000,A-U,r000,2026-11-01T00:00:00Z,CP-AU-r000:S-P01-S12:GS12:p0001,CP-AU-r000:S-P01-S12:GS12:p0001,S-P01-S12,GS12,GS12-A1,2026-10-31T23:00:30.504629Z,2026-10-31T23:09:29.921124Z,-3569.495371,-3030.078876,539.416495,-3569495371,-3030078876,539416495,False,outside_horizon_padding,f15eacfea5f4fdf5ab36674c369deeac90ef1324f43cba80f9c6dc879aa792d5
CP-SOURCE-r000,A-U,r000,2026-11-01T00:00:00Z,CP-AU-r000:S-P01-S12:GS04:p0001,CP-AU-r000:S-P01-S12:GS04:p0001,S-P01-S12,GS04,GS04-A1,2026-10-31T23:01:09.433441Z,2026-10-31T23:05:30.723609Z,-3530.566559,-3269.276391,261.290168,-3530566559,-3269276391,261290168,False,outside_horizon_padding,f15eacfea5f4fdf5ab36674c369deeac90ef1324f43cba80f9c6dc879aa792d5
CP-SOURCE-r000,A-U,r000,2026-11-01T00:00:00Z,CP-AU-r000:S-P01-S12:GS05:p0001,CP-AU-r000:S-P01-S12:GS05:p0001,S-P01-S12,GS05,GS05-A1,2026-10-31T23:01:10.999865Z,2026-10-31T23:08:03.369434Z,-3529.000135,-3116.630566,412.369569,-3529000135,-3116630566,412369569,False,outside_horizon_padding,f15eacfea5f4fdf5ab36674c369deeac90ef1324f43cba80f9c6dc879aa792d5
CP-SOURCE-r000,A-U,r000,2026-11-01T00:00:00Z,CP-AU-r000:S-P07-S12:GS03:p0001,CP-AU-r000:S-P07-S12:GS03:p0001,S-P07-S12,GS03,GS03-A1,2026-10-31T23:01:37.436345Z,2026-10-31T23:05:46.952413Z,-3502.563655,-3253.047587,249.516068,-3502563655,-3253047587,249516068,False,outside_horizon_padding,f15eacfea5f4fdf5ab36674c369deeac90ef1324f43cba80f9c6dc879aa792d5
CP-SOURCE-r000,A-U,r000,2026-11-01T00:00:00Z,CP-AU-r000:S-P01-S12:GS06:p0001,CP-AU-r000:S-P01-S12:GS06:p0001,S-P01-S12,GS06,GS06-A1,2026-10-31T23:01:39.416976Z,2026-10-31T23:09:58.041662Z,-3500.583024,-3001.958338,498.624686,-3500583024,-3001958338,498624686,False,outside_horizon_padding,f15eacfea5f4fdf5ab36674c369deeac90ef1324f43cba80f9c6dc879aa792d5
CP-SOURCE-r000,A-U,r000,2026-11-01T00:00:00Z,CP-AU-r000:S-P03-S08:GS01:p0001,CP-AU-r000:S-P03-S08:GS01:p0001,S-P03-S08,GS01,GS01-A1,2026-10-31T23:03:02.833597Z,2026-10-31T23:11:04.296787Z,-3417.166403,-2935.703213,481.463190,-3417166403,-2935703213,481463190,False,outside_horizon_padding,f15eacfea5f4fdf5ab36674c369deeac90ef1324f43cba80f9c6dc879aa792d5
CP-SOURCE-r000,A-U,r000,2026-11-01T00:00:00Z,CP-AU-r000:S-P03-S08:GS02:p0001,CP-AU-r000:S-P03-S08:GS02:p0001,S-P03-S08,GS02,GS02-A1,2026-10-31T23:03:27.525557Z,2026-10-31T23:12:29.712933Z,-3392.474443,-2850.287067,542.187376,-3392474443,-2850287067,542187376,False,outside_horizon_padding,f15eacfea5f4fdf5ab36674c369deeac90ef1324f43cba80f9c6dc879aa792d5
CP-SOURCE-r000,A-U,r000,2026-11-01T00:00:00Z,CP-AU-r000:S-P03-S08:GS03:p0001,CP-AU-r000:S-P03-S08:GS03:p0001,S-P03-S08,GS03,GS03-A1,2026-10-31T23:04:17.619723Z,2026-10-31T23:13:36.915899Z,-3342.380277,-2783.084101,559.296176,-3342380277,-2783084101,559296176,False,outside_horizon_padding,f15eacfea5f4fdf5ab36674c369deeac90ef1324f43cba80f9c6dc879aa792d5
CP-SOURCE-r000,A-U,r000,2026-11-01T00:00:00Z,CP-AU-r000:S-P03-S08:GS07:p0001,CP-AU-r000:S-P03-S08:GS07:p0001,S-P03-S08,GS07,GS07-A1,2026-10-31T23:04:28.466785Z,2026-10-31T23:11:33.965720Z,-3331.533215,-2906.034280,425.498935,-3331533215,-2906034280,425498935,False,outside_horizon_padding,f15eacfea5f4fdf5ab36674c369deeac90ef1324f43cba80f9c6dc879aa792d5
CP-SOURCE-r000,A-U,r000,2026-11-01T00:00:00Z,CP-AU-r000:S-P03-S08:GS08:p0001,CP-AU-r000:S-P03-S08:GS08:p0001,S-P03-S08,GS08,GS08-A1,2026-10-31T23:04:36.823872Z,2026-10-31T23:13:11.016130Z,-3323.176128,-2808.983870,514.192258,-3323176128,-2808983870,514192258,False,outside_horizon_padding,f15eacfea5f4fdf5ab36674c369deeac90ef1324f43cba80f9c6dc879aa792d5
CP-SOURCE-r000,A-U,r000,2026-11-01T00:00:00Z,CP-AU-r000:S-P03-S08:GS09:p0001,CP-AU-r000:S-P03-S08:GS09:p0001,S-P03-S08,GS09,GS09-A1,2026-10-31T23:05:13.546531Z,2026-10-31T23:14:26.966351Z,-3286.453469,-2733.033649,553.419820,-3286453469,-2733033649,553419820,False,outside_horizon_padding,f15eacfea5f4fdf5ab36674c369deeac90ef1324f43cba80f9c6dc879aa792d5
CP-SOURCE-r000,A-U,r000,2026-11-01T00:00:00Z,CP-AU-r000:S-P03-S08:GS04:p0001,CP-AU-r000:S-P03-S08:GS04:p0001,S-P03-S08,GS04,GS04-A1,2026-10-31T23:05:29.301408Z,2026-10-31T23:14:30.732331Z,-3270.698592,-2729.267669,541.430923,-3270698592,-2729267669,541430923,False,outside_horizon_padding,f15eacfea5f4fdf5ab36674c369deeac90ef1324f43cba80f9c6dc879aa792d5
CP-SOURCE-r000,A-U,r000,2026-11-01T00:00:00Z,CP-AU-r000:S-P07-S11:GS07:p0001,CP-AU-r000:S-P07-S11:GS07:p0001,S-P07-S11,GS07,GS07-A1,2026-10-31T23:05:57.276588Z,2026-10-31T23:13:31.919460Z,-3242.723412,-2788.080540,454.642872,-3242723412,-2788080540,454642872,False,outside_horizon_padding,f15eacfea5f4fdf5ab36674c369deeac90ef1324f43cba80f9c6dc879aa792d5
CP-SOURCE-r000,A-U,r000,2026-11-01T00:00:00Z,CP-AU-r000:S-P03-S08:GS10:p0001,CP-AU-r000:S-P03-S08:GS10:p0001,S-P03-S08,GS10,GS10-A1,2026-10-31T23:06:11.398543Z,2026-10-31T23:15:29.808598Z,-3228.601457,-2670.191402,558.410055,-3228601457,-2670191402,558410055,False,outside_horizon_padding,f15eacfea5f4fdf5ab36674c369deeac90ef1324f43cba80f9c6dc879aa792d5
CP-SOURCE-r000,A-U,r000,2026-11-01T00:00:00Z,CP-AU-r000:S-P07-S11:GS01:p0001,CP-AU-r000:S-P07-S11:GS01:p0001,S-P07-S11,GS01,GS01-A1,2026-10-31T23:06:30.952128Z,2026-10-31T23:14:52.751868Z,-3209.047872,-2707.248132,501.799740,-3209047872,-2707248132,501799740,False,outside_horizon_padding,f15eacfea5f4fdf5ab36674c369deeac90ef1324f43cba80f9c6dc879aa792d5
CP-SOURCE-r000,A-U,r000,2026-11-01T00:00:00Z,CP-AU-r000:S-P03-S08:GS05:p0001,CP-AU-r000:S-P03-S08:GS05:p0001,S-P03-S08,GS05,GS05-A1,2026-10-31T23:07:02.532656Z,2026-10-31T23:15:12.245483Z,-3177.467344,-2687.754517,489.712827,-3177467344,-2687754517,489712827,False,outside_horizon_padding,f15eacfea5f4fdf5ab36674c369deeac90ef1324f43cba80f9c6dc879aa792d5
CP-SOURCE-r000,A-U,r000,2026-11-01T00:00:00Z,CP-AU-r000:S-P01-S11:GS09:p0001,CP-AU-r000:S-P01-S11:GS09:p0001,S-P01-S11,GS09,GS09-A1,2026-10-31T23:07:18.838603Z,2026-10-31T23:13:04.578760Z,-3161.161397,-2815.421240,345.740157,-3161161397,-2815421240,345740157,False,outside_horizon_padding,f15eacfea5f4fdf5ab36674c369deeac90ef1324f43cba80f9c6dc879aa792d5
CP-SOURCE-r000,A-U,r000,2026-11-01T00:00:00Z,CP-AU-r000:S-P01-S11:GS08:p0001,CP-AU-r000:S-P01-S11:GS08:p0001,S-P01-S11,GS08,GS08-A1,2026-10-31T23:07:21.777603Z,2026-10-31T23:10:16.976103Z,-3158.222397,-2983.023897,175.198500,-3158222397,-2983023897,175198500,False,outside_horizon_padding,f15eacfea5f4fdf5ab36674c369deeac90ef1324f43cba80f9c6dc879aa792d5
CP-SOURCE-r000,A-U,r000,2026-11-01T00:00:00Z,CP-AU-r000:S-P03-S08:GS11:p0001,CP-AU-r000:S-P03-S08:GS11:p0001,S-P03-S08,GS11,GS11-A1,2026-10-31T23:07:27.898823Z,2026-10-31T23:16:22.796115Z,-3152.101177,-2617.203885,534.897292,-3152101177,-2617203885,534897292,False,outside_horizon_padding,f15eacfea5f4fdf5ab36674c369deeac90ef1324f43cba80f9c6dc879aa792d5
CP-SOURCE-r000,A-U,r000,2026-11-01T00:00:00Z,CP-AU-r000:S-P01-S11:GS10:p0001,CP-AU-r000:S-P01-S11:GS10:p0001,S-P01-S11,GS10,GS10-A1,2026-10-31T23:07:45.589079Z,2026-10-31T23:15:11.899885Z,-3134.410921,-2688.100115,446.310806,-3134410921,-2688100115,446310806,False,outside_horizon_padding,f15eacfea5f4fdf5ab36674c369deeac90ef1324f43cba80f9c6dc879aa792d5
CP-SOURCE-r000,A-U,r000,2026-11-01T00:00:00Z,CP-AU-r000:S-P07-S11:GS08:p0001,CP-AU-r000:S-P07-S11:GS08:p0001,S-P07-S11,GS08,GS08-A1,2026-10-31T23:08:05.623654Z,2026-10-31T23:13:03.155342Z,-3114.376346,-2816.844658,297.531688,-3114376346,-2816844658,297531688,False,outside_horizon_padding,f15eacfea5f4fdf5ab36674c369deeac90ef1324f43cba80f9c6dc879aa792d5
CP-SOURCE-r000,A-U,r000,2026-11-01T00:00:00Z,CP-AU-r000:S-P07-S11:GS02:p0001,CP-AU-r000:S-P07-S11:GS02:p0001,S-P07-S11,GS02,GS02-A1,2026-10-31T23:08:18.169481Z,2026-10-31T23:14:50.008096Z,-3101.830519,-2709.991904,391.838615,-3101830519,-2709991904,391838615,False,outside_horizon_padding,f15eacfea5f4fdf5ab36674c369deeac90ef1324f43cba80f9c6dc879aa792d5
CP-SOURCE-r000,A-U,r000,2026-11-01T00:00:00Z,CP-AU-r000:S-P01-S11:GS11:p0001,CP-AU-r000:S-P01-S11:GS11:p0001,S-P01-S11,GS11,GS11-A1,2026-10-31T23:08:24.553235Z,2026-10-31T23:16:56.618513Z,-3095.446765,-2583.381487,512.065278,-3095446765,-2583381487,512065278,False,outside_horizon_padding,f15eacfea5f4fdf5ab36674c369deeac90ef1324f43cba80f9c6dc879aa792d5
CP-SOURCE-r000,A-U,r000,2026-11-01T00:00:00Z,CP-AU-r000:S-P03-S08:GS06:p0001,CP-AU-r000:S-P03-S08:GS06:p0001,S-P03-S08,GS06,GS06-A1,2026-10-31T23:09:01.036099Z,2026-10-31T23:15:38.761258Z,-3058.963901,-2661.238742,397.725159,-3058963901,-2661238742,397725159,False,outside_horizon_padding,f15eacfea5f4fdf5ab36674c369deeac90ef1324f43cba80f9c6dc879aa792d5
CP-SOURCE-r000,A-U,r000,2026-11-01T00:00:00Z,CP-AU-r000:S-P03-S08:GS12:p0001,CP-AU-r000:S-P03-S08:GS12:p0001,S-P03-S08,GS12,GS12-A1,2026-10-31T23:09:02.699497Z,2026-10-31T23:17:06.999626Z,-3057.300503,-2573.000374,484.300129,-3057300503,-2573000374,484300129,False,outside_horizon_padding,f15eacfea5f4fdf5ab36674c369deeac90ef1324f43cba80f9c6dc879aa792d5
CP-SOURCE-r000,A-U,r000,2026-11-01T00:00:00Z,CP-AU-r000:S-P01-S11:GS12:p0001,CP-AU-r000:S-P01-S11:GS12:p0001,S-P01-S11,GS12,GS12-A1,2026-10-31T23:09:12.661748Z,2026-10-31T23:18:22.310468Z,-3047.338252,-2497.689532,549.648720,-3047338252,-2497689532,549648720,False,outside_horizon_padding,f15eacfea5f4fdf5ab36674c369deeac90ef1324f43cba80f9c6dc879aa792d5
CP-SOURCE-r000,A-U,r000,2026-11-01T00:00:00Z,CP-AU-r000:S-P01-S11:GS04:p0001,CP-AU-r000:S-P01-S11:GS04:p0001,S-P01-S11,GS04,GS04-A1,2026-10-31T23:09:28.929047Z,2026-10-31T23:14:55.435742Z,-3031.070953,-2704.564258,326.506695,-3031070953,-2704564258,326506695,False,outside_horizon_padding,f15eacfea5f4fdf5ab36674c369deeac90ef1324f43cba80f9c6dc879aa792d5
CP-SOURCE-r000,A-U,r000,2026-11-01T00:00:00Z,CP-AU-r000:S-P01-S11:GS05:p0001,CP-AU-r000:S-P01-S11:GS05:p0001,S-P01-S11,GS05,GS05-A1,2026-10-31T23:09:43.139072Z,2026-10-31T23:17:11.391271Z,-3016.860928,-2568.608729,448.252199,-3016860928,-2568608729,448252199,False,outside_horizon_padding,f15eacfea5f4fdf5ab36674c369deeac90ef1324f43cba80f9c6dc879aa792d5
CP-SOURCE-r000,A-U,r000,2026-11-01T00:00:00Z,CP-AU-r000:S-P01-S11:GS06:p0001,CP-AU-r000:S-P01-S11:GS06:p0001,S-P01-S11,GS06,GS06-A1,2026-10-31T23:10:17.264665Z,2026-10-31T23:18:56.630721Z,-2982.735335,-2463.369279,519.366056,-2982735335,-2463369279,519366056,False,outside_horizon_padding,f15eacfea5f4fdf5ab36674c369deeac90ef1324f43cba80f9c6dc879aa792d5
CP-SOURCE-r000,A-U,r000,2026-11-01T00:00:00Z,CP-AU-r000:S-P03-S07:GS01:p0001,CP-AU-r000:S-P03-S07:GS01:p0001,S-P03-S07,GS01,GS01-A1,2026-10-31T23:11:32.270259Z,2026-10-31T23:20:01.326111Z,-2907.729741,-2398.673889,509.055852,-2907729741,-2398673889,509055852,False,outside_horizon_padding,f15eacfea5f4fdf5ab36674c369deeac90ef1324f43cba80f9c6dc879aa792d5
CP-SOURCE-r000,A-U,r000,2026-11-01T00:00:00Z,CP-AU-r000:S-P07-S11:GS03:p0001,CP-AU-r000:S-P07-S11:GS03:p0001,S-P07-S11,GS03,GS03-A1,2026-10-31T23:12:01.495397Z,2026-10-31T23:12:45.542831Z,-2878.504603,-2834.457169,44.047434,-2878504603,-2834457169,44047434,False,outside_horizon_padding,f15eacfea5f4fdf5ab36674c369deeac90ef1324f43cba80f9c6dc879aa792d5
CP-SOURCE-r000,A-U,r000,2026-11-01T00:00:00Z,CP-AU-r000:S-P03-S07:GS02:p0001,CP-AU-r000:S-P03-S07:GS02:p0001,S-P03-S07,GS02,GS02-A1,2026-10-31T23:12:06.774777Z,2026-10-31T23:21:19.368064Z,-2873.225223,-2320.631936,552.593287,-2873225223,-2320631936,552593287,False,outside_horizon_padding,f15eacfea5f4fdf5ab36674c369deeac90ef1324f43cba80f9c6dc879aa792d5
CP-SOURCE-r000,A-U,r000,2026-11-01T00:00:00Z,CP-AU-r000:S-P03-S07:GS07:p0001,CP-AU-r000:S-P03-S07:GS07:p0001,S-P03-S07,GS07,GS07-A1,2026-10-31T23:12:51.380487Z,2026-10-31T23:20:35.826265Z,-2828.619513,-2364.173735,464.445778,-2828619513,-2364173735,464445778,False,outside_horizon_padding,f15eacfea5f4fdf5ab36674c369deeac90ef1324f43cba80f9c6dc879aa792d5
CP-SOURCE-r000,A-U,r000,2026-11-01T00:00:00Z,CP-AU-r000:S-P03-S07:GS03:p0001,CP-AU-r000:S-P03-S07:GS03:p0001,S-P03-S07,GS03,GS03-A1,2026-10-31T23:13:04.729446Z,2026-10-31T23:22:21.503351Z,-2815.270554,-2258.496649,556.773905,-2815270554,-2258496649,556773905,False,outside_horizon_padding,f15eacfea5f4fdf5ab36674c369deeac90ef1324f43cba80f9c6dc879aa792d5
CP-SOURCE-r000,A-U,r000,2026-11-01T00:00:00Z,CP-AU-r000:S-P03-S07:GS08:p0001,CP-AU-r000:S-P03-S07:GS08:p0001,S-P03-S07,GS08,GS08-A1,2026-10-31T23:13:11.221814Z,2026-10-31T23:22:03.886461Z,-2808.778186,-2276.113539,532.664647,-2808778186,-2276113539,532664647,False,outside_horizon_padding,f15eacfea5f4fdf5ab36674c369deeac90ef1324f43cba80f9c6dc879aa792d5
CP-SOURCE-r000,A-U,r000,2026-11-01T00:00:00Z,CP-AU-r000:S-P03-S07:GS09:p0001,CP-AU-r000:S-P03-S07:GS09:p0001,S-P03-S07,GS09,GS09-A1,2026-10-31T23:13:55.921332Z,2026-10-31T23:23:14.617379Z,-2764.078668,-2205.382621,558.696047,-2764078668,-2205382621,558696047,False,outside_horizon_padding,f15eacfea5f4fdf5ab36674c369deeac90ef1324f43cba80f9c6dc879aa792d5
CP-SOURCE-r000,A-U,r000,2026-11-01T00:00:00Z,CP-AU-r000:S-P03-S07:GS04:p0001,CP-AU-r000:S-P03-S07:GS04:p0001,S-P03-S07,GS04,GS04-A1,2026-10-31T23:14:23.905242Z,2026-10-31T23:23:10.986338Z,-2736.094758,-2209.013662,527.081096,-2736094758,-2209013662,527081096,False,outside_horizon_padding,f15eacfea5f4fdf5ab36674c369deeac90ef1324f43cba80f9c6dc879aa792d5
CP-SOURCE-r000,A-U,r000,2026-11-01T00:00:00Z,CP-AU-r000:S-P07-S10:GS07:p0001,CP-AU-r000:S-P07-S10:GS07:p0001,S-P07-S10,GS07,GS07-A1,2026-10-31T23:15:00.369865Z,2026-10-31T23:21:53.061413Z,-2699.630135,-2286.938587,412.691548,-2699630135,-2286938587,412691548,False,outside_horizon_padding,f15eacfea5f4fdf5ab36674c369deeac90ef1324f43cba80f9c6dc879aa792d5
CP-SOURCE-r000,A-U,r000,2026-11-01T00:00:00Z,CP-AU-r000:S-P03-S07:GS10:p0001,CP-AU-r000:S-P03-S07:GS10:p0001,S-P03-S07,GS10,GS10-A1,2026-10-31T23:15:00.543126Z,2026-10-31T23:24:13.723720Z,-2699.456874,-2146.276280,553.180594,-2699456874,-2146276280,553180594,False,outside_horizon_padding,f15eacfea5f4fdf5ab36674c369deeac90ef1324f43cba80f9c6dc879aa792d5
CP-SOURCE-r000,A-U,r000,2026-11-01T00:00:00Z,CP-AU-r000:S-P07-S10:GS01:p0001,CP-AU-r000:S-P07-S10:GS01:p0001,S-P07-S10,GS01,GS01-A1,2026-10-31T23:15:28.888806Z,2026-10-31T23:23:20.742604Z,-2671.111194,-2199.257396,471.853798,-2671111194,-2199257396,471853798,False,outside_horizon_padding,f15eacfea5f4fdf5ab36674c369deeac90ef1324f43cba80f9c6dc879aa792d5
CP-SOURCE-r000,A-U,r000,2026-11-01T00:00:00Z,CP-AU-r000:S-P01-S10:GS08:p0001,CP-AU-r000:S-P01-S10:GS08:p0001,S-P01-S10,GS08,GS08-A1,2026-10-31T23:15:38.014671Z,2026-10-31T23:19:48.537394Z,-2661.985329,-2411.462606,250.522723,-2661985329,-2411462606,250522723,False,outside_horizon_padding,f15eacfea5f4fdf5ab36674c369deeac90ef1324f43cba80f9c6dc879aa792d5
CP-SOURCE-r000,A-U,r000,2026-11-01T00:00:00Z,CP-AU-r000:S-P01-S10:GS09:p0001,CP-AU-r000:S-P01-S10:GS09:p0001,S-P01-S10,GS09,GS09-A1,2026-10-31T23:15:50.558089Z,2026-10-31T23:22:16.900882Z,-2649.441911,-2263.099118,386.342793,-2649441911,-2263099118,386342793,False,outside_horizon_padding,f15eacfea5f4fdf5ab36674c369deeac90ef1324f43cba80f9c6dc879aa792d5
CP-SOURCE-r000,A-U,r000,2026-11-01T00:00:00Z,CP-AU-r000:S-P03-S07:GS05:p0001,CP-AU-r000:S-P03-S07:GS05:p0001,S-P03-S07,GS05,GS05-A1,2026-10-31T23:16:05.398294Z,2026-10-31T23:23:47.769563Z,-2634.601706,-2172.230437,462.371269,-2634601706,-2172230437,462371269,False,outside_horizon_padding,f15eacfea5f4fdf5ab36674c369deeac90ef1324f43cba80f9c6dc879aa792d5
CP-SOURCE-r000,A-U,r000,2026-11-01T00:00:00Z,CP-AU-r000:S-P01-S10:GS10:p0001,CP-AU-r000:S-P01-S10:GS10:p0001,S-P01-S10,GS10,GS10-A1,2026-10-31T23:16:22.355605Z,2026-10-31T23:24:15.445504Z,-2617.644395,-2144.554496,473.089899,-2617644395,-2144554496,473089899,False,outside_horizon_padding,f15eacfea5f4fdf5ab36674c369deeac90ef1324f43cba80f9c6dc879aa792d5
CP-SOURCE-r000,A-U,r000,2026-11-01T00:00:00Z,CP-AU-r000:S-P03-S07:GS11:p0001,CP-AU-r000:S-P03-S07:GS11:p0001,S-P03-S07,GS11,GS11-A1,2026-10-31T23:16:23.487948Z,2026-10-31T23:25:03.564642Z,-2616.512052,-2096.435358,520.076694,-2616512052,-2096435358,520076694,False,outside_horizon_padding,f15eacfea5f4fdf5ab36674c369deeac90ef1324f43cba80f9c6dc879aa792d5
CP-SOURCE-r000,A-U,r000,2026-11-01T00:00:00Z,CP-AU-r000:S-P01-S10:GS11:p0001,CP-AU-r000:S-P01-S10:GS11:p0001,S-P01-S10,GS11,GS11-A1,2026-10-31T23:17:04.698175Z,2026-10-31T23:25:53.209469Z,-2575.301825,-2046.790531,528.511294,-2575301825,-2046790531,528511294,False,outside_horizon_padding,f15eacfea5f4fdf5ab36674c369deeac90ef1324f43cba80f9c6dc879aa792d5
CP-SOURCE-r000,A-U,r000,2026-11-01T00:00:00Z,CP-AU-r000:S-P07-S10:GS02:p0001,CP-AU-r000:S-P07-S10:GS02:p0001,S-P07-S10,GS02,GS02-A1,2026-10-31T23:17:33.078063Z,2026-10-31T23:22:58.937851Z,-2546.921937,-2221.062149,325.859788,-2546921937,-2221062149,325859788,False,outside_horizon_padding,f15eacfea5f4fdf5ab36674c369deeac90ef1324f43cba80f9c6dc879aa792d5
CP-SOURCE-r000,A-U,r000,2026-11-01T00:00:00Z,CP-AU-r000:S-P07-S10:GS08:p0001,CP-AU-r000:S-P07-S10:GS08:p0001,S-P07-S10,GS08,GS08-A1,2026-10-31T23:17:42.620130Z,2026-10-31T23:20:48.155289Z,-2537.379870,-2351.844711,185.535159,-2537379870,-2351844711,185535159,False,outside_horizon_padding,f15eacfea5f4fdf5ab36674c369deeac90ef1324f43cba80f9c6dc879aa792d5
CP-SOURCE-r000,A-U,r000,2026-11-01T00:00:00Z,CP-AU-r000:S-P01-S10:GS04:p0001,CP-AU-r000:S-P01-S10:GS04:p0001,S-P01-S10,GS04,GS04-A1,2026-10-31T23:17:54.746300Z,2026-10-31T23:24:12.357880Z,-2525.253700,-2147.642120,377.611580,-2525253700,-2147642120,377611580,False,outside_horizon_padding,f15eacfea5f4fdf5ab36674c369deeac90ef1324f43cba80f9c6dc879aa792d5
CP-SOURCE-r000,A-U,r000,2026-11-01T00:00:00Z,CP-AU-r000:S-P01-S10:GS12:p0001,CP-AU-r000:S-P01-S10:GS12:p0001,S-P01-S10,GS12,GS12-A1,2026-10-31T23:17:55.958825Z,2026-10-31T23:27:12.400207Z,-2524.041175,-1967.599793,556.441382,-2524041175,-1967599793,556441382,False,outside_horizon_padding,f15eacfea5f4fdf5ab36674c369deeac90ef1324f43cba80f9c6dc879aa792d5
CP-SOURCE-r000,A-U,r000,2026-11-01T00:00:00Z,CP-AU-r000:S-P03-S07:GS12:p0001,CP-AU-r000:S-P03-S07:GS12:p0001,S-P03-S07,GS12,GS12-A1,2026-10-31T23:18:05.042373Z,2026-10-31T23:25:44.546389Z,-2514.957627,-2055.453611,459.504016,-2514957627,-2055453611,459504016,False,outside_horizon_padding,f15eacfea5f4fdf5ab36674c369deeac90ef1324f43cba80f9c6dc879aa792d5
CP-SOURCE-r000,A-U,r000,2026-11-01T00:00:00Z,CP-AU-r000:S-P01-S10:GS03:p0001,CP-AU-r000:S-P01-S10:GS03:p0001,S-P01-S10,GS03,GS03-A1,2026-10-31T23:18:10.663271Z,2026-10-31T23:21:18.845486Z,-2509.336729,-2321.154514,188.182215,-2509336729,-2321154514,188182215,False,outside_horizon_padding,f15eacfea5f4fdf5ab36674c369deeac90ef1324f43cba80f9c6dc879aa792d5
CP-SOURCE-r000,A-U,r000,2026-11-01T00:00:00Z,CP-AU-r000:S-P03-S07:GS06:p0001,CP-AU-r000:S-P03-S07:GS06:p0001,S-P03-S07,GS06,GS06-A1,2026-10-31T23:18:15.271830Z,2026-10-31T23:24:06.793333Z,-2504.728170,-2153.206667,351.521503,-2504728170,-2153206667,351521503,False,outside_horizon_padding,f15eacfea5f4fdf5ab36674c369deeac90ef1324f43cba80f9c6dc879aa792d5
CP-SOURCE-r000,A-U,r000,2026-11-01T00:00:00Z,CP-AU-r000:S-P01-S10:GS05:p0001,CP-AU-r000:S-P01-S10:GS05:p0001,S-P01-S10,GS05,GS05-A1,2026-10-31T23:18:17.609939Z,2026-10-31T23:26:15.718812Z,-2502.390061,-2024.281188,478.108873,-2502390061,-2024281188,478108873,False,outside_horizon_padding,f15eacfea5f4fdf5ab36674c369deeac90ef1324f43cba80f9c6dc879aa792d5
CP-SOURCE-r000,A-U,r000,2026-11-01T00:00:00Z,CP-AU-r000:S-P01-S10:GS06:p0001,CP-AU-r000:S-P01-S10:GS06:p0001,S-P01-S10,GS06,GS06-A1,2026-10-31T23:18:56.729404Z,2026-10-31T23:27:52.368628Z,-2463.270596,-1927.631372,535.639224,-2463270596,-1927631372,535639224,False,outside_horizon_padding,f15eacfea5f4fdf5ab36674c369deeac90ef1324f43cba80f9c6dc879aa792d5
CP-SOURCE-r000,A-U,r000,2026-11-01T00:00:00Z,CP-AU-r000:S-P03-S06:GS01:p0001,CP-AU-r000:S-P03-S06:GS01:p0001,S-P03-S06,GS01,GS01-A1,2026-10-31T23:20:05.583168Z,2026-10-31T23:28:55.305593Z,-2394.416832,-1864.694407,529.722425,-2394416832,-1864694407,529722425,False,outside_horizon_padding,f15eacfea5f4fdf5ab36674c369deeac90ef1324f43cba80f9c6dc879aa792d5
CP-SOURCE-r000,A-U,r000,2026-11-01T00:00:00Z,CP-AU-r000:S-P03-S06:GS02:p0001,CP-AU-r000:S-P03-S06:GS02:p0001,S-P03-S06,GS02,GS02-A1,2026-10-31T23:20:48.929469Z,2026-10-31T23:30:07.067912Z,-2351.070531,-1792.932088,558.138443,-2351070531,-1792932088,558138443,False,outside_horizon_padding,f15eacfea5f4fdf5ab36674c369deeac90ef1324f43cba80f9c6dc879aa792d5
CP-SOURCE-r000,A-U,r000,2026-11-01T00:00:00Z,CP-AU-r000:S-P03-S06:GS07:p0001,CP-AU-r000:S-P03-S06:GS07:p0001,S-P03-S06,GS07,GS07-A1,2026-10-31T23:21:19.077453Z,2026-10-31T23:29:33.759179Z,-2320.922547,-1826.240821,494.681726,-2320922547,-1826240821,494681726,False,outside_horizon_padding,f15eacfea5f4fdf5ab36674c369deeac90ef1324f43cba80f9c6dc879aa792d5
CP-SOURCE-r000,A-U,r000,2026-11-01T00:00:00Z,CP-AU-r000:S-P03-S06:GS08:p0001,CP-AU-r000:S-P03-S06:GS08:p0001,S-P03-S06,GS08,GS08-A1,2026-10-31T23:21:48.677150Z,2026-10-31T23:30:54.646888Z,-2291.322850,-1745.353112,545.969738,-2291322850,-1745353112,545969738,False,outside_horizon_padding,f15eacfea5f4fdf5ab36674c369deeac90ef1324f43cba80f9c6dc879aa792d5
CP-SOURCE-r000,A-U,r000,2026-11-01T00:00:00Z,CP-AU-r000:S-P03-S06:GS03:p0001,CP-AU-r000:S-P03-S06:GS03:p0001,S-P03-S06,GS03,GS03-A1,2026-10-31T23:21:54.484856Z,2026-10-31T23:31:04.522953Z,-2285.515144,-1735.477047,550.038097,-2285515144,-1735477047,550038097,False,outside_horizon_padding,f15eacfea5f4fdf5ab36674c369deeac90ef1324f43cba80f9c6dc879aa792d5
CP-SOURCE-r000,A-U,r000,2026-11-01T00:00:00Z,CP-AU-r000:S-P03-S06:GS09:p0001,CP-AU-r000:S-P03-S06:GS09:p0001,S-P03-S06,GS09,GS09-A1,2026-10-31T23:22:40.778856Z,2026-10-31T23:32:00.831085Z,-2239.221144,-1679.168915,560.052229,-2239221144,-1679168915,560052229,False,outside_horizon_padding,f15eacfea5f4fdf5ab36674c369deeac90ef1324f43cba80f9c6dc879aa792d5
CP-SOURCE-r000,A-U,r000,2026-11-01T00:00:00Z,CP-AU-r000:S-P03-S06:GS04:p0001,CP-AU-r000:S-P03-S06:GS04:p0001,S-P03-S06,GS04,GS04-A1,2026-10-31T23:23:21.283267Z,2026-10-31T23:31:49.677798Z,-2198.716733,-1690.322202,508.394531,-2198716733,-1690322202,508394531,False,outside_horizon_padding,f15eacfea5f4fdf5ab36674c369deeac90ef1324f43cba80f9c6dc879aa792d5
CP-SOURCE-r000,A-U,r000,2026-11-01T00:00:00Z,CP-AU-r000:S-P03-S06:GS10:p0001,CP-AU-r000:S-P03-S06:GS10:p0001,S-P03-S06,GS10,GS10-A1,2026-10-31T23:23:51.979323Z,2026-10-31T23:32:56.487992Z,-2168.020677,-1623.512008,544.508669,-2168020677,-1623512008,544508669,False,outside_horizon_padding,f15eacfea5f4fdf5ab36674c369deeac90ef1324f43cba80f9c6dc879aa792d5
CP-SOURCE-r000,A-U,r000,2026-11-01T00:00:00Z,CP-AU-r000:S-P01-S09:GS08:p0001,CP-AU-r000:S-P01-S09:GS08:p0001,S-P01-S09,GS08,GS08-A1,2026-10-31T23:24:02.941079Z,2026-10-31T23:29:10.082223Z,-2157.058921,-1849.917777,307.141144,-2157058921,-1849917777,307141144,False,outside_horizon_padding,f15eacfea5f4fdf5ab36674c369deeac90ef1324f43cba80f9c6dc879aa792d5
CP-SOURCE-r000,A-U,r000,2026-11-01T00:00:00Z,CP-AU-r000:S-P07-S09:GS07:p0001,CP-AU-r000:S-P07-S09:GS07:p0001,S-P07-S09,GS07,GS07-A1,2026-10-31T23:24:09.607535Z,2026-10-31T23:30:07.237505Z,-2150.392465,-1792.762495,357.629970,-2150392465,-1792762495,357629970,False,outside_horizon_padding,f15eacfea5f4fdf5ab36674c369deeac90ef1324f43cba80f9c6dc879aa792d5
CP-SOURCE-r000,A-U,r000,2026-11-01T00:00:00Z,CP-AU-r000:S-P01-S09:GS09:p0001,CP-AU-r000:S-P01-S09:GS09:p0001,S-P01-S09,GS09,GS09-A1,2026-10-31T23:24:24.445480Z,2026-10-31T23:31:25.720122Z,-2135.554520,-1714.279878,421.274642,-2135554520,-1714279878,421274642,False,outside_horizon_padding,f15eacfea5f4fdf5ab36674c369deeac90ef1324f43cba80f9c6dc879aa792d5
CP-SOURCE-r000,A-U,r000,2026-11-01T00:00:00Z,CP-AU-r000:S-P07-S09:GS01:p0001,CP-AU-r000:S-P07-S09:GS01:p0001,S-P07-S09,GS01,GS01-A1,2026-10-31T23:24:31.015090Z,2026-10-31T23:31:43.767376Z,-2128.984910,-1696.232624,432.752286,-2128984910,-1696232624,432752286,False,outside_horizon_padding,f15eacfea5f4fdf5ab36674c369deeac90ef1324f43cba80f9c6dc879aa792d5
CP-SOURCE-r000,A-U,r000,2026-11-01T00:00:00Z,CP-AU-r000:S-P01-S09:GS07:p0001,CP-AU-r000:S-P01-S09:GS07:p0001,S-P01-S09,GS07,GS07-A1,2026-10-31T23:24:39.626529Z,2026-10-31T23:25:45.681539Z,-2120.373471,-2054.318461,66.055010,-2120373471,-2054318461,66055010,False,outside_horizon_padding,f15eacfea5f4fdf5ab36674c369deeac90ef1324f43cba80f9c6dc879aa792d5
CP-SOURCE-r000,A-U,r000,2026-11-01T00:00:00Z,CP-AU-r000:S-P01-S09:GS10:p0001,CP-AU-r000:S-P01-S09:GS10:p0001,S-P01-S09,GS10,GS10-A1,2026-10-31T23:25:00.404714Z,2026-10-31T23:33:16.417635Z,-2099.595286,-1603.582365,496.012921,-2099595286,-1603582365,496012921,False,outside_horizon_padding,f15eacfea5f4fdf5ab36674c369deeac90ef1324f43cba80f9c6dc879aa792d5
CP-SOURCE-r000,A-U,r000,2026-11-01T00:00:00Z,CP-AU-r000:S-P03-S06:GS05:p0001,CP-AU-r000:S-P03-S06:GS05:p0001,S-P03-S06,GS05,GS05-A1,2026-10-31T23:25:11.711785Z,2026-10-31T23:32:21.184466Z,-2088.288215,-1658.815534,429.472681,-2088288215,-1658815534,429472681,False,outside_horizon_padding,f15eacfea5f4fdf5ab36674c369deeac90ef1324f43cba80f9c6dc879aa792d5
CP-SOURCE-r000,A-U,r000,2026-11-01T00:00:00Z,CP-AU-r000:S-P03-S06:GS11:p0001,CP-AU-r000:S-P03-S06:GS11:p0001,S-P03-S06,GS11,GS11-A1,2026-10-31T23:25:21.402312Z,2026-10-31T23:33:43.238197Z,-2078.597688,-1576.761803,501.835885,-2078597688,-1576761803,501835885,False,outside_horizon_padding,f15eacfea5f4fdf5ab36674c369deeac90ef1324f43cba80f9c6dc879aa792d5
CP-SOURCE-r000,A-U,r000,2026-11-01T00:00:00Z,CP-AU-r000:S-P01-S09:GS11:p0001,CP-AU-r000:S-P01-S09:GS11:p0001,S-P01-S09,GS11,GS11-A1,2026-10-31T23:25:45.948132Z,2026-10-31T23:34:47.479317Z,-2054.051868,-1512.520683,541.531185,-2054051868,-1512520683,541531185,False,outside_horizon_padding,f15eacfea5f4fdf5ab36674c369deeac90ef1324f43cba80f9c6dc879aa792d5
CP-SOURCE-r000,A-U,r000,2026-11-01T00:00:00Z,CP-AU-r000:S-P01-S09:GS03:p0001,CP-AU-r000:S-P01-S09:GS03:p0001,S-P01-S09,GS03,GS03-A1,2026-10-31T23:26:20.170037Z,2026-10-31T23:30:54.770964Z,-2019.829963,-1745.229036,274.600927,-2019829963,-1745229036,274600927,False,outside_horizon_padding,f15eacfea5f4fdf5ab36674c369deeac90ef1324f43cba80f9c6dc879aa792d5
CP-SOURCE-r000,A-U,r000,2026-11-01T00:00:00Z,CP-AU-r000:S-P01-S09:GS04:p0001,CP-AU-r000:S-P01-S09:GS04:p0001,S-P01-S09,GS04,GS04-A1,2026-10-31T23:26:24.505027Z,2026-10-31T23:33:23.902350Z,-2015.494973,-1596.097650,419.397323,-2015494973,-1596097650,419397323,False,outside_horizon_padding,f15eacfea5f4fdf5ab36674c369deeac90ef1324f43cba80f9c6dc879aa792d5
CP-SOURCE-r000,A-U,r000,2026-11-01T00:00:00Z,CP-AU-r000:S-P01-S09:GS12:p0001,CP-AU-r000:S-P01-S09:GS12:p0001,S-P01-S09,GS12,GS12-A1,2026-10-31T23:26:40.455598Z,2026-10-31T23:36:00.165362Z,-1999.544402,-1439.834638,559.709764,-1999544402,-1439834638,559709764,False,outside_horizon_padding,f15eacfea5f4fdf5ab36674c369deeac90ef1324f43cba80f9c6dc879aa792d5
CP-SOURCE-r000,A-U,r000,2026-11-01T00:00:00Z,CP-AU-r000:S-P01-S09:GS05:p0001,CP-AU-r000:S-P01-S09:GS05:p0001,S-P01-S09,GS05,GS05-A1,2026-10-31T23:26:54.032979Z,2026-10-31T23:35:16.777060Z,-1985.967021,-1483.222940,502.744081,-1985967021,-1483222940,502744081,False,outside_horizon_padding,f15eacfea5f4fdf5ab36674c369deeac90ef1324f43cba80f9c6dc879aa792d5
CP-SOURCE-r000,A-U,r000,2026-11-01T00:00:00Z,CP-AU-r000:S-P07-S09:GS02:p0001,CP-AU-r000:S-P07-S09:GS02:p0001,S-P07-S09,GS02,GS02-A1,2026-10-31T23:27:03.760691Z,2026-10-31T23:30:51.425030Z,-1976.239309,-1748.574970,227.664339,-1976239309,-1748574970,227664339,False,outside_horizon_padding,f15eacfea5f4fdf5ab36674c369deeac90ef1324f43cba80f9c6dc879aa792d5
CP-SOURCE-r000,A-U,r000,2026-11-01T00:00:00Z,CP-AU-r000:S-P03-S06:GS12:p0001,CP-AU-r000:S-P03-S06:GS12:p0001,S-P03-S06,GS12,GS12-A1,2026-10-31T23:27:10.019498Z,2026-10-31T23:34:20.755178Z,-1969.980502,-1539.244822,430.735680,-1969980502,-1539244822,430735680,False,outside_horizon_padding,f15eacfea5f4fdf5ab36674c369deeac90ef1324f43cba80f9c6dc879aa792d5
CP-SOURCE-r000,A-U,r000,2026-11-01T00:00:00Z,CP-AU-r000:S-P03-S06:GS06:p0001,CP-AU-r000:S-P03-S06:GS06:p0001,S-P03-S06,GS06,GS06-A1,2026-10-31T23:27:35.844468Z,2026-10-31T23:32:29.936927Z,-1944.155532,-1650.063073,294.092459,-1944155532,-1650063073,294092459,False,outside_horizon_padding,f15eacfea5f4fdf5ab36674c369deeac90ef1324f43cba80f9c6dc879aa792d5
CP-SOURCE-r000,A-U,r000,2026-11-01T00:00:00Z,CP-AU-r000:S-P01-S09:GS06:p0001,CP-AU-r000:S-P01-S09:GS06:p0001,S-P01-S09,GS06,GS06-A1,2026-10-31T23:27:37.740949Z,2026-10-31T23:36:45.371364Z,-1942.259051,-1394.628636,547.630415,-1942259051,-1394628636,547630415,False,outside_horizon_padding,f15eacfea5f4fdf5ab36674c369deeac90ef1324f43cba80f9c6dc879aa792d5
CP-SOURCE-r000,A-U,r000,2026-11-01T00:00:00Z,CP-AU-r000:S-P03-S05:GS01:p0001,CP-AU-r000:S-P03-S05:GS01:p0001,S-P03-S05,GS01,GS01-A1,2026-10-31T23:28:42.293378Z,2026-10-31T23:37:46.757294Z,-1877.706622,-1333.242706,544.463916,-1877706622,-1333242706,544463916,False,outside_horizon_padding,f15eacfea5f4fdf5ab36674c369deeac90ef1324f43cba80f9c6dc879aa792d5
CP-SOURCE-r000,A-U,r000,2026-11-01T00:00:00Z,CP-AU-r000:S-P03-S05:GS02:p0001,CP-AU-r000:S-P03-S05:GS02:p0001,S-P03-S05,GS02,GS02-A1,2026-10-31T23:29:33.845544Z,2026-10-31T23:38:53.000781Z,-1826.154456,-1266.999219,559.155237,-1826154456,-1266999219,559155237,False,outside_horizon_padding,f15eacfea5f4fdf5ab36674c369deeac90ef1324f43cba80f9c6dc879aa792d5
CP-SOURCE-r000,A-U,r000,2026-11-01T00:00:00Z,CP-AU-r000:S-P03-S05:GS07:p0001,CP-AU-r000:S-P03-S05:GS07:p0001,S-P03-S05,GS07,GS07-A1,2026-10-31T23:29:50.690787Z,2026-10-31T23:38:28.664048Z,-1809.309213,-1291.335952,517.973261,-1809309213,-1291335952,517973261,False,outside_horizon_padding,f15eacfea5f4fdf5ab36674c369deeac90ef1324f43cba80f9c6dc879aa792d5
CP-SOURCE-r000,A-U,r000,2026-11-01T00:00:00Z,CP-AU-r000:S-P03-S05:GS08:p0001,CP-AU-r000:S-P03-S05:GS08:p0001,S-P03-S05,GS08,GS08-A1,2026-10-31T23:30:28.917835Z,2026-10-31T23:39:43.603489Z,-1771.082165,-1216.396511,554.685654,-1771082165,-1216396511,554685654,False,outside_horizon_padding,f15eacfea5f4fdf5ab36674c369deeac90ef1324f43cba80f9c6dc879aa792d5
CP-SOURCE-r000,A-U,r000,2026-11-01T00:00:00Z,CP-AU-r000:S-P03-S05:GS03:p0001,CP-AU-r000:S-P03-S05:GS03:p0001,S-P03-S05,GS03,GS03-A1,2026-10-31T23:30:46.888358Z,2026-10-31T23:39:46.021896Z,-1753.111642,-1213.978104,539.133538,-1753111642,-1213978104,539133538,False,outside_horizon_padding,f15eacfea5f4fdf5ab36674c369deeac90ef1324f43cba80f9c6dc879aa792d5
CP-SOURCE-r000,A-U,r000,2026-11-01T00:00:00Z,CP-AU-r000:S-P03-S05:GS09:p0001,CP-AU-r000:S-P03-S05:GS09:p0001,S-P03-S05,GS09,GS09-A1,2026-10-31T23:31:28.021165Z,2026-10-31T23:40:45.739573Z,-1711.978835,-1154.260427,557.718408,-1711978835,-1154260427,557718408,False,outside_horizon_padding,f15eacfea5f4fdf5ab36674c369deeac90ef1324f43cba80f9c6dc879aa792d5
CP-SOURCE-r000,A-U,r000,2026-11-01T00:00:00Z,CP-AU-r000:S-P03-S05:GS04:p0001,CP-AU-r000:S-P03-S05:GS04:p0001,S-P03-S05,GS04,GS04-A1,2026-10-31T23:32:21.586305Z,2026-10-31T23:40:26.701931Z,-1658.413695,-1173.298069,485.115626,-1658413695,-1173298069,485115626,False,outside_horizon_padding,f15eacfea5f4fdf5ab36674c369deeac90ef1324f43cba80f9c6dc879aa792d5
CP-SOURCE-r000,A-U,r000,2026-11-01T00:00:00Z,CP-AU-r000:S-P01-S08:GS07:p0001,CP-AU-r000:S-P01-S08:GS07:p0001,S-P01-S08,GS07,GS07-A1,2026-10-31T23:32:31.503486Z,2026-10-31T23:35:42.673771Z,-1648.496514,-1457.326229,191.170285,-1648496514,-1457326229,191170285,False,outside_horizon_padding,f15eacfea5f4fdf5ab36674c369deeac90ef1324f43cba80f9c6dc879aa792d5
CP-SOURCE-r000,A-U,r000,2026-11-01T00:00:00Z,CP-AU-r000:S-P01-S08:GS08:p0001,CP-AU-r000:S-P01-S08:GS08:p0001,S-P01-S08,GS08,GS08-A1,2026-10-31T23:32:32.274131Z,2026-10-31T23:38:25.884859Z,-1647.725869,-1294.115141,353.610728,-1647725869,-1294115141,353610728,False,outside_horizon_padding,f15eacfea5f4fdf5ab36674c369deeac90ef1324f43cba80f9c6dc879aa792d5
CP-SOURCE-r000,A-U,r000,2026-11-01T00:00:00Z,CP-AU-r000:S-P03-S05:GS10:p0001,CP-AU-r000:S-P03-S05:GS10:p0001,S-P03-S05,GS10,GS10-A1,2026-10-31T23:32:45.696408Z,2026-10-31T23:41:38.146607Z,-1634.303592,-1101.853393,532.450199,-1634303592,-1101853393,532450199,False,outside_horizon_padding,f15eacfea5f4fdf5ab36674c369deeac90ef1324f43cba80f9c6dc879aa792d5
CP-SOURCE-r000,A-U,r000,2026-11-01T00:00:00Z,CP-AU-r000:S-P01-S08:GS09:p0001,CP-AU-r000:S-P01-S08:GS09:p0001,S-P01-S08,GS09,GS09-A1,2026-10-31T23:33:00.032633Z,2026-10-31T23:40:31.516793Z,-1619.967367,-1168.483207,451.484160,-1619967367,-1168483207,451484160,False,outside_horizon_padding,f15eacfea5f4fdf5ab36674c369deeac90ef1324f43cba80f9c6dc879aa792d5
CP-SOURCE-r000,A-U,r000,2026-11-01T00:00:00Z,CP-AU-r000:S-P07-S08:GS07:p0001,CP-AU-r000:S-P07-S08:GS07:p0001,S-P07-S08,GS07,GS07-A1,2026-10-31T23:33:29.041972Z,2026-10-31T23:38:10.425070Z,-1590.958028,-1309.574930,281.383098,-1590958028,-1309574930,281383098,False,outside_horizon_padding,f15eacfea5f4fdf5ab36674c369deeac90ef1324f43cba80f9c6dc879aa792d5
CP-SOURCE-r000,A-U,r000,2026-11-01T00:00:00Z,CP-AU-r000:S-P07-S08:GS01:p0001,CP-AU-r000:S-P07-S08:GS01:p0001,S-P07-S08,GS01,GS01-A1,2026-10-31T23:33:38.922940Z,2026-10-31T23:40:00.272371Z,-1581.077060,-1199.727629,381.349431,-1581077060,-1199727629,381349431,False,outside_horizon_padding,f15eacfea5f4fdf5ab36674c369deeac90ef1324f43cba80f9c6dc879aa792d5
CP-SOURCE-r000,A-U,r000,2026-11-01T00:00:00Z,CP-AU-r000:S-P01-S08:GS10:p0001,CP-AU-r000:S-P01-S08:GS10:p0001,S-P01-S08,GS10,GS10-A1,2026-10-31T23:33:39.630222Z,2026-10-31T23:42:14.944897Z,-1580.369778,-1065.055103,515.314675,-1580369778,-1065055103,515314675,False,outside_horizon_padding,f15eacfea5f4fdf5ab36674c369deeac90ef1324f43cba80f9c6dc879aa792d5
CP-SOURCE-r000,A-U,r000,2026-11-01T00:00:00Z,CP-AU-r000:S-P03-S05:GS11:p0001,CP-AU-r000:S-P03-S05:GS11:p0001,S-P03-S05,GS11,GS11-A1,2026-10-31T23:34:21.709174Z,2026-10-31T23:42:21.775065Z,-1538.290826,-1058.224935,480.065891,-1538290826,-1058224935,480065891,False,outside_horizon_padding,f15eacfea5f4fdf5ab36674c369deeac90ef1324f43cba80f9c6dc879aa792d5
CP-SOURCE-r000,A-U,r000,2026-11-01T00:00:00Z,CP-AU-r000:S-P03-S05:GS05:p0001,CP-AU-r000:S-P03-S05:GS05:p0001,S-P03-S05,GS05,GS05-A1,2026-10-31T23:34:22.015382Z,2026-10-31T23:40:51.989878Z,-1537.984618,-1148.010122,389.974496,-1537984618,-1148010122,389974496,False,outside_horizon_padding,f15eacfea5f4fdf5ab36674c369deeac90ef1324f43cba80f9c6dc879aa792d5
CP-SOURCE-r000,A-U,r000,2026-11-01T00:00:00Z,CP-AU-r000:S-P01-S08:GS11:p0001,CP-AU-r000:S-P01-S08:GS11:p0001,S-P01-S08,GS11,GS11-A1,2026-10-31T23:34:28.308485Z,2026-10-31T23:43:39.450881Z,-1531.691515,-980.549119,551.142396,-1531691515,-980549119,551142396,False,outside_horizon_padding,f15eacfea5f4fdf5ab36674c369deeac90ef1324f43cba80f9c6dc879aa792d5
CP-SOURCE-r000,A-U,r000,2026-11-01T00:00:00Z,CP-AU-r000:S-P01-S08:GS03:p0001,CP-AU-r000:S-P01-S08:GS03:p0001,S-P01-S08,GS03,GS03-A1,2026-10-31T23:34:41.110290Z,2026-10-31T23:40:17.767981Z,-1518.889710,-1182.232019,336.657691,-1518889710,-1182232019,336657691,False,outside_horizon_padding,f15eacfea5f4fdf5ab36674c369deeac90ef1324f43cba80f9c6dc879aa792d5
CP-SOURCE-r000,A-U,r000,2026-11-01T00:00:00Z,CP-AU-r000:S-P01-S08:GS04:p0001,CP-AU-r000:S-P01-S08:GS04:p0001,S-P01-S08,GS04,GS04-A1,2026-10-31T23:34:57.106832Z,2026-10-31T23:42:31.211116Z,-1502.893168,-1048.788884,454.104284,-1502893168,-1048788884,454104284,False,outside_horizon_padding,f15eacfea5f4fdf5ab36674c369deeac90ef1324f43cba80f9c6dc879aa792d5
CP-SOURCE-r000,A-U,r000,2026-11-01T00:00:00Z,CP-AU-r000:S-P01-S08:GS12:p0001,CP-AU-r000:S-P01-S08:GS12:p0001,S-P01-S08,GS12,GS12-A1,2026-10-31T23:35:26.240077Z,2026-10-31T23:44:45.550991Z,-1473.759923,-914.449009,559.310914,-1473759923,-914449009,559310914,False,outside_horizon_padding,f15eacfea5f4fdf5ab36674c369deeac90ef1324f43cba80f9c6dc879aa792d5
CP-SOURCE-r000,A-U,r000,2026-11-01T00:00:00Z,CP-AU-r000:S-P01-S08:GS05:p0001,CP-AU-r000:S-P01-S08:GS05:p0001,S-P01-S08,GS05,GS05-A1,2026-10-31T23:35:32.182938Z,2026-10-31T23:44:14.835656Z,-1467.817062,-945.164344,522.652718,-1467817062,-945164344,522652718,False,outside_horizon_padding,f15eacfea5f4fdf5ab36674c369deeac90ef1324f43cba80f9c6dc879aa792d5
CP-SOURCE-r000,A-U,r000,2026-11-01T00:00:00Z,CP-AU-r000:S-P01-S08:GS02:p0001,CP-AU-r000:S-P01-S08:GS02:p0001,S-P01-S08,GS02,GS02-A1,2026-10-31T23:35:50.052231Z,2026-10-31T23:36:27.792941Z,-1449.947769,-1412.207059,37.740710,-1449947769,-1412207059,37740710,False,outside_horizon_padding,f15eacfea5f4fdf5ab36674c369deeac90ef1324f43cba80f9c6dc879aa792d5
CP-SOURCE-r000,A-U,r000,2026-11-01T00:00:00Z,CP-AU-r000:S-P03-S05:GS12:p0001,CP-AU-r000:S-P03-S05:GS12:p0001,S-P03-S05,GS12,GS12-A1,2026-10-31T23:36:17.875270Z,2026-10-31T23:42:55.398795Z,-1422.124730,-1024.601205,397.523525,-1422124730,-1024601205,397523525,False,outside_horizon_padding,f15eacfea5f4fdf5ab36674c369deeac90ef1324f43cba80f9c6dc879aa792d5
CP-SOURCE-r000,A-U,r000,2026-11-01T00:00:00Z,CP-AU-r000:S-P01-S08:GS06:p0001,CP-AU-r000:S-P01-S08:GS06:p0001,S-P01-S08,GS06,GS06-A1,2026-10-31T23:36:20.284000Z,2026-10-31T23:45:35.703878Z,-1419.716000,-864.296122,555.419878,-1419716000,-864296122,555419878,False,outside_horizon_padding,f15eacfea5f4fdf5ab36674c369deeac90ef1324f43cba80f9c6dc879aa792d5
CP-SOURCE-r000,A-U,r000,2026-11-01T00:00:00Z,CP-AU-r000:S-P03-S05:GS06:p0001,CP-AU-r000:S-P03-S05:GS06:p0001,S-P03-S05,GS06,GS06-A1,2026-10-31T23:37:06.745331Z,2026-10-31T23:40:44.230348Z,-1373.254669,-1155.769652,217.485017,-1373254669,-1155769652,217485017,False,outside_horizon_padding,f15eacfea5f4fdf5ab36674c369deeac90ef1324f43cba80f9c6dc879aa792d5
CP-SOURCE-r000,A-U,r000,2026-11-01T00:00:00Z,CP-AU-r000:S-P03-S04:GS01:p0001,CP-AU-r000:S-P03-S04:GS01:p0001,S-P03-S04,GS01,GS01-A1,2026-10-31T23:37:22.085382Z,2026-10-31T23:46:36.039581Z,-1357.914618,-803.960419,553.954199,-1357914618,-803960419,553954199,False,outside_horizon_padding,f15eacfea5f4fdf5ab36674c369deeac90ef1324f43cba80f9c6dc879aa792d5
CP-SOURCE-r000,A-U,r000,2026-11-01T00:00:00Z,CP-AU-r000:S-P03-S04:GS02:p0001,CP-AU-r000:S-P03-S04:GS02:p0001,S-P03-S04,GS02,GS02-A1,2026-10-31T23:38:21.438862Z,2026-10-31T23:47:37.297669Z,-1298.561138,-742.702331,555.858807,-1298561138,-742702331,555858807,False,outside_horizon_padding,f15eacfea5f4fdf5ab36674c369deeac90ef1324f43cba80f9c6dc879aa792d5
CP-SOURCE-r000,A-U,r000,2026-11-01T00:00:00Z,CP-AU-r000:S-P03-S04:GS07:p0001,CP-AU-r000:S-P03-S04:GS07:p0001,S-P03-S04,GS07,GS07-A1,2026-10-31T23:38:25.669506Z,2026-10-31T23:47:21.122114Z,-1294.330494,-758.877886,535.452608,-1294330494,-758877886,535452608,False,outside_horizon_padding,f15eacfea5f4fdf5ab36674c369deeac90ef1324f43cba80f9c6dc879aa792d5
CP-SOURCE-r000,A-U,r000,2026-11-01T00:00:00Z,CP-AU-r000:S-P03-S04:GS08:p0001,CP-AU-r000:S-P03-S04:GS08:p0001,S-P03-S04,GS08,GS08-A1,2026-10-31T23:39:11.753877Z,2026-10-31T23:48:30.981022Z,-1248.246123,-689.018978,559.227145,-1248246123,-689018978,559227145,False,outside_horizon_padding,f15eacfea5f4fdf5ab36674c369deeac90ef1324f43cba80f9c6dc879aa792d5
CP-SOURCE-r000,A-U,r000,2026-11-01T00:00:00Z,CP-AU-r000:S-P03-S04:GS03:p0001,CP-AU-r000:S-P03-S04:GS03:p0001,S-P03-S04,GS03,GS03-A1,2026-10-31T23:39:41.989113Z,2026-10-31T23:48:25.995974Z,-1218.010887,-694.004026,524.006861,-1218010887,-694004026,524006861,False,outside_horizon_padding,f15eacfea5f4fdf5ab36674c369deeac90ef1324f43cba80f9c6dc879aa792d5
CP-SOURCE-r000,A-U,r000,2026-11-01T00:00:00Z,CP-AU-r000:S-P03-S04:GS09:p0001,CP-AU-r000:S-P03-S04:GS09:p0001,S-P03-S04,GS09,GS09-A1,2026-10-31T23:40:17.585199Z,2026-10-31T23:49:29.440647Z,-1182.414801,-630.559353,551.855448,-1182414801,-630559353,551855448,False,outside_horizon_padding,f15eacfea5f4fdf5ab36674c369deeac90ef1324f43cba80f9c6dc879aa792d5
CP-SOURCE-r000,A-U,r000,2026-11-01T00:00:00Z,CP-AU-r000:S-P01-S07:GS07:p0001,CP-AU-r000:S-P01-S07:GS07:p0001,S-P01-S07,GS07,GS07-A1,2026-10-31T23:40:49.955398Z,2026-10-31T23:45:11.780584Z,-1150.044602,-888.219416,261.825186,-1150044602,-888219416,261825186,False,outside_horizon_padding,f15eacfea5f4fdf5ab36674c369deeac90ef1324f43cba80f9c6dc879aa792d5
CP-SOURCE-r000,A-U,r000,2026-11-01T00:00:00Z,CP-AU-r000:S-P01-S07:GS08:p0001,CP-AU-r000:S-P01-S07:GS08:p0001,S-P01-S07,GS08,GS08-A1,2026-10-31T23:41:04.435981Z,2026-10-31T23:47:37.520419Z,-1135.564019,-742.479581,393.084438,-1135564019,-742479581,393084438,False,outside_horizon_padding,f15eacfea5f4fdf5ab36674c369deeac90ef1324f43cba80f9c6dc879aa792d5
CP-SOURCE-r000,A-U,r000,2026-11-01T00:00:00Z,CP-AU-r000:S-P03-S04:GS04:p0001,CP-AU-r000:S-P03-S04:GS04:p0001,S-P03-S04,GS04,GS04-A1,2026-10-31T23:41:25.050322Z,2026-10-31T23:49:01.868479Z,-1114.949678,-658.131521,456.818157,-1114949678,-658131521,456818157,False,outside_horizon_padding,f15eacfea5f4fdf5ab36674c369deeac90ef1324f43cba80f9c6dc879aa792d5
CP-SOURCE-r000,A-U,r000,2026-11-01T00:00:00Z,CP-AU-r000:S-P01-S07:GS09:p0001,CP-AU-r000:S-P01-S07:GS09:p0001,S-P01-S07,GS09,GS09-A1,2026-10-31T23:41:37.042776Z,2026-10-31T23:49:34.581777Z,-1102.957224,-625.418223,477.539001,-1102957224,-625418223,477539001,False,outside_horizon_padding,f15eacfea5f4fdf5ab36674c369deeac90ef1324f43cba80f9c6dc879aa792d5
CP-SOURCE-r000,A-U,r000,2026-11-01T00:00:00Z,CP-AU-r000:S-P03-S04:GS10:p0001,CP-AU-r000:S-P03-S04:GS10:p0001,S-P03-S04,GS10,GS10-A1,2026-10-31T23:41:41.704910Z,2026-10-31T23:50:18.717015Z,-1098.295090,-581.282985,517.012105,-1098295090,-581282985,517012105,False,outside_horizon_padding,f15eacfea5f4fdf5ab36674c369deeac90ef1324f43cba80f9c6dc879aa792d5
CP-SOURCE-r000,A-U,r000,2026-11-01T00:00:00Z,CP-AU-r000:S-P01-S07:GS10:p0001,CP-AU-r000:S-P01-S07:GS10:p0001,S-P01-S07,GS10,GS10-A1,2026-10-31T23:42:19.976673Z,2026-10-31T23:51:11.110764Z,-1060.023327,-528.889236,531.134091,-1060023327,-528889236,531134091,False,outside_horizon_padding,f15eacfea5f4fdf5ab36674c369deeac90ef1324f43cba80f9c6dc879aa792d5
CP-SOURCE-r000,A-U,r000,2026-11-01T00:00:00Z,CP-AU-r000:S-P07-S07:GS01:p0001,CP-AU-r000:S-P07-S07:GS01:p0001,S-P07-S07,GS01,GS01-A1,2026-10-31T23:42:55.872293Z,2026-10-31T23:48:07.036566Z,-1024.127707,-712.963434,311.164273,-1024127707,-712963434,311164273,False,outside_horizon_padding,f15eacfea5f4fdf5ab36674c369deeac90ef1324f43cba80f9c6dc879aa792d5
CP-SOURCE-r000,A-U,r000,2026-11-01T00:00:00Z,CP-AU-r000:S-P01-S07:GS03:p0001,CP-AU-r000:S-P01-S07:GS03:p0001,S-P01-S07,GS03,GS03-A1,2026-10-31T23:43:07.765585Z,2026-10-31T23:49:33.587913Z,-1012.234415,-626.412087,385.822328,-1012234415,-626412087,385822328,False,outside_horizon_padding,f15eacfea5f4fdf5ab36674c369deeac90ef1324f43cba80f9c6dc879aa792d5
CP-SOURCE-r000,A-U,r000,2026-11-01T00:00:00Z,CP-AU-r000:S-P01-S07:GS11:p0001,CP-AU-r000:S-P01-S07:GS11:p0001,S-P01-S07,GS11,GS11-A1,2026-10-31T23:43:11.818433Z,2026-10-31T23:52:29.120218Z,-1008.181567,-450.879782,557.301785,-1008181567,-450879782,557301785,False,outside_horizon_padding,f15eacfea5f4fdf5ab36674c369deeac90ef1324f43cba80f9c6dc879aa792d5
CP-SOURCE-r000,A-U,r000,2026-11-01T00:00:00Z,CP-AU-r000:S-P07-S07:GS07:p0001,CP-AU-r000:S-P07-S07:GS07:p0001,S-P07-S07,GS07,GS07-A1,2026-10-31T23:43:13.446584Z,2026-10-31T23:45:47.878532Z,-1006.553416,-852.121468,154.431948,-1006553416,-852121468,154431948,False,outside_horizon_padding,f15eacfea5f4fdf5ab36674c369deeac90ef1324f43cba80f9c6dc879aa792d5
CP-SOURCE-r000,A-U,r000,2026-11-01T00:00:00Z,CP-AU-r000:S-P01-S07:GS02:p0001,CP-AU-r000:S-P01-S07:GS02:p0001,S-P01-S07,GS02,GS02-A1,2026-10-31T23:43:18.786944Z,2026-10-31T23:46:45.729545Z,-1001.213056,-794.270455,206.942601,-1001213056,-794270455,206942601,False,outside_horizon_padding,f15eacfea5f4fdf5ab36674c369deeac90ef1324f43cba80f9c6dc879aa792d5
CP-SOURCE-r000,A-U,r000,2026-11-01T00:00:00Z,CP-AU-r000:S-P03-S04:GS11:p0001,CP-AU-r000:S-P03-S04:GS11:p0001,S-P03-S04,GS11,GS11-A1,2026-10-31T23:43:24.518065Z,2026-10-31T23:50:59.090641Z,-995.481935,-540.909359,454.572576,-995481935,-540909359,454572576,False,outside_horizon_padding,f15eacfea5f4fdf5ab36674c369deeac90ef1324f43cba80f9c6dc879aa792d5
CP-SOURCE-r000,A-U,r000,2026-11-01T00:00:00Z,CP-AU-r000:S-P01-S07:GS04:p0001,CP-AU-r000:S-P01-S07:GS04:p0001,S-P01-S07,GS04,GS04-A1,2026-10-31T23:43:31.955400Z,2026-10-31T23:51:34.917832Z,-988.044600,-505.082168,482.962432,-988044600,-505082168,482962432,False,outside_horizon_padding,f15eacfea5f4fdf5ab36674c369deeac90ef1324f43cba80f9c6dc879aa792d5
CP-SOURCE-r000,A-U,r000,2026-11-01T00:00:00Z,CP-AU-r000:S-P03-S04:GS05:p0001,CP-AU-r000:S-P03-S04:GS05:p0001,S-P03-S04,GS05,GS05-A1,2026-10-31T23:43:37.248082Z,2026-10-31T23:49:19.285689Z,-982.751918,-640.714311,342.037607,-982751918,-640714311,342037607,False,outside_horizon_padding,f15eacfea5f4fdf5ab36674c369deeac90ef1324f43cba80f9c6dc879aa792d5
CP-SOURCE-r000,A-U,r000,2026-11-01T00:00:00Z,CP-AU-r000:S-P01-S07:GS05:p0001,CP-AU-r000:S-P01-S07:GS05:p0001,S-P01-S07,GS05,GS05-A1,2026-10-31T23:44:11.933382Z,2026-10-31T23:53:10.068882Z,-948.066618,-409.931118,538.135500,-948066618,-409931118,538135500,False,outside_horizon_padding,f15eacfea5f4fdf5ab36674c369deeac90ef1324f43cba80f9c6dc879aa792d5
CP-SOURCE-r000,A-U,r000,2026-11-01T00:00:00Z,CP-AU-r000:S-P01-S07:GS12:p0001,CP-AU-r000:S-P01-S07:GS12:p0001,S-P01-S07,GS12,GS12-A1,2026-10-31T23:44:13.435500Z,2026-10-31T23:53:28.469526Z,-946.564500,-391.530474,555.034026,-946564500,-391530474,555034026,False,outside_horizon_padding,f15eacfea5f4fdf5ab36674c369deeac90ef1324f43cba80f9c6dc879aa792d5
CP-SOURCE-r000,A-U,r000,2026-11-01T00:00:00Z,CP-AU-r000:S-P01-S07:GS06:p0001,CP-AU-r000:S-P01-S07:GS06:p0001,S-P01-S07,GS06,GS06-A1,2026-10-31T23:45:04.391047Z,2026-10-31T23:54:23.379586Z,-895.608953,-336.620414,558.988539,-895608953,-336620414,558988539,False,outside_horizon_padding,f15eacfea5f4fdf5ab36674c369deeac90ef1324f43cba80f9c6dc879aa792d5
CP-SOURCE-r000,A-U,r000,2026-11-01T00:00:00Z,CP-AU-r000:S-P03-S04:GS12:p0001,CP-AU-r000:S-P03-S04:GS12:p0001,S-P03-S04,GS12,GS12-A1,2026-10-31T23:45:29.003291Z,2026-10-31T23:51:28.094858Z,-870.996709,-511.905142,359.091567,-870996709,-511905142,359091567,False,outside_horizon_padding,f15eacfea5f4fdf5ab36674c369deeac90ef1324f43cba80f9c6dc879aa792d5
CP-SOURCE-r000,A-U,r000,2026-11-01T00:00:00Z,CP-AU-r000:S-P03-S03:GS01:p0001,CP-AU-r000:S-P03-S03:GS01:p0001,S-P03-S03,GS01,GS01-A1,2026-10-31T23:46:04.751717Z,2026-10-31T23:55:23.404792Z,-835.248283,-276.595208,558.653075,-835248283,-276595208,558653075,False,outside_horizon_padding,f15eacfea5f4fdf5ab36674c369deeac90ef1324f43cba80f9c6dc879aa792d5
CP-SOURCE-r000,A-U,r000,2026-11-01T00:00:00Z,CP-AU-r000:S-P03-S03:GS07:p0001,CP-AU-r000:S-P03-S03:GS07:p0001,S-P03-S03,GS07,GS07-A1,2026-10-31T23:47:03.649511Z,2026-10-31T23:56:11.534142Z,-776.350489,-228.465858,547.884631,-776350489,-228465858,547884631,False,outside_horizon_padding,f15eacfea5f4fdf5ab36674c369deeac90ef1324f43cba80f9c6dc879aa792d5
CP-SOURCE-r000,A-U,r000,2026-11-01T00:00:00Z,CP-AU-r000:S-P03-S04:GS06:p0001,CP-AU-r000:S-P03-S04:GS06:p0001,S-P03-S04,GS06,GS06-A1,2026-10-31T23:47:08.948093Z,2026-10-31T23:48:28.728974Z,-771.051907,-691.271026,79.780881,-771051907,-691271026,79780881,False,outside_horizon_padding,f15eacfea5f4fdf5ab36674c369deeac90ef1324f43cba80f9c6dc879aa792d5
CP-SOURCE-r000,A-U,r000,2026-11-01T00:00:00Z,CP-AU-r000:S-P03-S03:GS02:p0001,CP-AU-r000:S-P03-S03:GS02:p0001,S-P03-S03,GS02,GS02-A1,2026-10-31T23:47:11.674645Z,2026-10-31T23:56:20.039024Z,-768.325355,-219.960976,548.364379,-768325355,-219960976,548364379,False,outside_horizon_padding,f15eacfea5f4fdf5ab36674c369deeac90ef1324f43cba80f9c6dc879aa792d5
CP-SOURCE-r000,A-U,r000,2026-11-01T00:00:00Z,CP-AU-r000:S-P03-S03:GS08:p0001,CP-AU-r000:S-P03-S03:GS08:p0001,S-P03-S03,GS08,GS08-A1,2026-10-31T23:47:57.051834Z,2026-10-31T23:57:16.948344Z,-722.948166,-163.051656,559.896510,-722948166,-163051656,559896510,False,outside_horizon_padding,f15eacfea5f4fdf5ab36674c369deeac90ef1324f43cba80f9c6dc879aa792d5
CP-SOURCE-r000,A-U,r000,2026-11-01T00:00:00Z,CP-AU-r000:S-P03-S03:GS03:p0001,CP-AU-r000:S-P03-S03:GS03:p0001,S-P03-S03,GS03,GS03-A1,2026-10-31T23:48:39.886445Z,2026-10-31T23:57:04.394001Z,-680.113555,-175.605999,504.507556,-680113555,-175605999,504507556,False,outside_horizon_padding,f15eacfea5f4fdf5ab36674c369deeac90ef1324f43cba80f9c6dc879aa792d5
CP-SOURCE-r000,A-U,r000,2026-11-01T00:00:00Z,CP-AU-r000:S-P03-S03:GS09:p0001,CP-AU-r000:S-P03-S03:GS09:p0001,S-P03-S03,GS09,GS09-A1,2026-10-31T23:49:09.436650Z,2026-10-31T23:58:12.001074Z,-650.563350,-107.998926,542.564424,-650563350,-107998926,542564424,False,outside_horizon_padding,f15eacfea5f4fdf5ab36674c369deeac90ef1324f43cba80f9c6dc879aa792d5
CP-SOURCE-r000,A-U,r000,2026-11-01T00:00:00Z,CP-AU-r000:S-P01-S06:GS07:p0001,CP-AU-r000:S-P01-S06:GS07:p0001,S-P01-S06,GS07,GS07-A1,2026-10-31T23:49:15.871995Z,2026-10-31T23:54:32.093202Z,-644.128005,-327.906798,316.221207,-644128005,-327906798,316221207,False,outside_horizon_padding,f15eacfea5f4fdf5ab36674c369deeac90ef1324f43cba80f9c6dc879aa792d5
CP-SOURCE-r000,A-U,r000,2026-11-01T00:00:00Z,CP-AU-r000:S-P01-S06:GS08:p0001,CP-AU-r000:S-P01-S06:GS08:p0001,S-P01-S06,GS08,GS08-A1,2026-10-31T23:49:38.660134Z,2026-10-31T23:56:45.761537Z,-621.339866,-194.238463,427.101403,-621339866,-194238463,427101403,False,outside_horizon_padding,f15eacfea5f4fdf5ab36674c369deeac90ef1324f43cba80f9c6dc879aa792d5
CP-SOURCE-r000,A-U,r000,2026-11-01T00:00:00Z,CP-AU-r000:S-P01-S06:GS09:p0001,CP-AU-r000:S-P01-S06:GS09:p0001,S-P01-S06,GS09,GS09-A1,2026-10-31T23:50:15.311960Z,2026-10-31T23:58:35.100978Z,-584.688040,-84.899022,499.789018,-584688040,-84899022,499789018,False,outside_horizon_padding,f15eacfea5f4fdf5ab36674c369deeac90ef1324f43cba80f9c6dc879aa792d5
CP-SOURCE-r000,A-U,r000,2026-11-01T00:00:00Z,CP-AU-r000:S-P03-S03:GS04:p0001,CP-AU-r000:S-P03-S03:GS04:p0001,S-P03-S03,GS04,GS04-A1,2026-10-31T23:50:32.041986Z,2026-10-31T23:57:34.853773Z,-567.958014,-145.146227,422.811787,-567958014,-145146227,422811787,False,outside_horizon_padding,f15eacfea5f4fdf5ab36674c369deeac90ef1324f43cba80f9c6dc879aa792d5
CP-SOURCE-r000,A-U,r000,2026-11-01T00:00:00Z,CP-AU-r000:S-P03-S03:GS10:p0001,CP-AU-r000:S-P03-S03:GS10:p0001,S-P03-S03,GS10,GS10-A1,2026-10-31T23:50:40.048825Z,2026-10-31T23:58:58.187952Z,-559.951175,-61.812048,498.139127,-559951175,-61812048,498139127,False,outside_horizon_padding,f15eacfea5f4fdf5ab36674c369deeac90ef1324f43cba80f9c6dc879aa792d5
CP-SOURCE-r000,A-U,r000,2026-11-01T00:00:00Z,CP-AU-r000:S-P01-S06:GS10:p0001,CP-AU-r000:S-P01-S06:GS10:p0001,S-P01-S06,GS10,GS10-A1,2026-10-31T23:51:01.427189Z,2026-11-01T00:00:04.960666Z,-538.572811,4.960666,543.533477,-538572811,4960666,543533477,True,crosses_horizon,f15eacfea5f4fdf5ab36674c369deeac90ef1324f43cba80f9c6dc879aa792d5
CP-SOURCE-r000,A-U,r000,2026-11-01T00:00:00Z,CP-AU-r000:S-P01-S06:GS02:p0001,CP-AU-r000:S-P01-S06:GS02:p0001,S-P01-S06,GS02,GS02-A1,2026-10-31T23:51:31.247961Z,2026-10-31T23:56:18.425732Z,-508.752039,-221.574268,287.177771,-508752039,-221574268,287177771,False,outside_horizon_padding,f15eacfea5f4fdf5ab36674c369deeac90ef1324f43cba80f9c6dc879aa792d5
CP-SOURCE-r000,A-U,r000,2026-11-01T00:00:00Z,CP-AU-r000:S-P01-S06:GS03:p0001,CP-AU-r000:S-P01-S06:GS03:p0001,S-P01-S06,GS03,GS03-A1,2026-10-31T23:51:38.102984Z,2026-10-31T23:58:44.297723Z,-501.897016,-75.702277,426.194739,-501897016,-75702277,426194739,False,outside_horizon_padding,f15eacfea5f4fdf5ab36674c369deeac90ef1324f43cba80f9c6dc879aa792d5
CP-SOURCE-r000,A-U,r000,2026-11-01T00:00:00Z,CP-AU-r000:S-P01-S06:GS11:p0001,CP-AU-r000:S-P01-S06:GS11:p0001,S-P01-S06,GS11,GS11-A1,2026-10-31T23:51:56.541971Z,2026-11-01T00:01:16.457238Z,-483.458029,76.457238,559.915267,-483458029,76457238,559915267,True,crosses_horizon,f15eacfea5f4fdf5ab36674c369deeac90ef1324f43cba80f9c6dc879aa792d5
CP-SOURCE-r000,A-U,r000,2026-11-01T00:00:00Z,CP-AU-r000:S-P01-S06:GS04:p0001,CP-AU-r000:S-P01-S06:GS04:p0001,S-P01-S06,GS04,GS04-A1,2026-10-31T23:52:08.705848Z,2026-11-01T00:00:35.412492Z,-471.294152,35.412492,506.706644,-471294152,35412492,506706644,True,crosses_horizon,f15eacfea5f4fdf5ab36674c369deeac90ef1324f43cba80f9c6dc879aa792d5
CP-SOURCE-r000,A-U,r000,2026-11-01T00:00:00Z,CP-AU-r000:S-P03-S03:GS11:p0001,CP-AU-r000:S-P03-S03:GS11:p0001,S-P03-S03,GS11,GS11-A1,2026-10-31T23:52:29.998357Z,2026-10-31T23:59:35.034959Z,-450.001643,-24.965041,425.036602,-450001643,-24965041,425036602,False,outside_horizon_padding,f15eacfea5f4fdf5ab36674c369deeac90ef1324f43cba80f9c6dc879aa792d5
CP-SOURCE-r000,A-U,r000,2026-11-01T00:00:00Z,CP-AU-r000:S-P07-S06:GS01:p0001,CP-AU-r000:S-P07-S06:GS01:p0001,S-P07-S06,GS01,GS01-A1,2026-10-31T23:52:31.538303Z,2026-10-31T23:55:54.422215Z,-448.461697,-245.577785,202.883912,-448461697,-245577785,202883912,False,outside_horizon_padding,f15eacfea5f4fdf5ab36674c369deeac90ef1324f43cba80f9c6dc879aa792d5
CP-SOURCE-r000,A-U,r000,2026-11-01T00:00:00Z,CP-AU-r000:S-P01-S06:GS05:p0001,CP-AU-r000:S-P01-S06:GS05:p0001,S-P01-S06,GS05,GS05-A1,2026-10-31T23:52:53.222277Z,2026-11-01T00:02:02.583006Z,-426.777723,122.583006,549.360729,-426777723,122583006,549360729,True,crosses_horizon,f15eacfea5f4fdf5ab36674c369deeac90ef1324f43cba80f9c6dc879aa792d5
CP-SOURCE-r000,A-U,r000,2026-11-01T00:00:00Z,CP-AU-r000:S-P03-S03:GS05:p0001,CP-AU-r000:S-P03-S03:GS05:p0001,S-P03-S03,GS05,GS05-A1,2026-10-31T23:52:59.278000Z,2026-10-31T23:57:41.238694Z,-420.722000,-138.761306,281.960694,-420722000,-138761306,281960694,False,outside_horizon_padding,f15eacfea5f4fdf5ab36674c369deeac90ef1324f43cba80f9c6dc879aa792d5
CP-SOURCE-r000,A-U,r000,2026-11-01T00:00:00Z,CP-AU-r000:S-P01-S06:GS12:p0001,CP-AU-r000:S-P01-S06:GS12:p0001,S-P01-S06,GS12,GS12-A1,2026-10-31T23:53:02.206673Z,2026-11-01T00:02:08.789756Z,-417.793327,128.789756,546.583083,-417793327,128789756,546583083,True,crosses_horizon,f15eacfea5f4fdf5ab36674c369deeac90ef1324f43cba80f9c6dc879aa792d5
CP-SOURCE-r000,A-U,r000,2026-11-01T00:00:00Z,CP-AU-r000:S-P04-S02:GS06:p0001,CP-AU-r000:S-P04-S02:GS06:p0001,S-P04-S02,GS06,GS06-A1,2026-10-31T23:53:13.939458Z,2026-10-31T23:56:48.874264Z,-406.060542,-191.125736,214.934806,-406060542,-191125736,214934806,False,outside_horizon_padding,f15eacfea5f4fdf5ab36674c369deeac90ef1324f43cba80f9c6dc879aa792d5
CP-SOURCE-r000,A-U,r000,2026-11-01T00:00:00Z,CP-AU-r000:S-P01-S06:GS06:p0001,CP-AU-r000:S-P01-S06:GS06:p0001,S-P01-S06,GS06,GS06-A1,2026-10-31T23:53:50.138939Z,2026-11-01T00:03:08.368055Z,-369.861061,188.368055,558.229116,-369861061,188368055,558229116,True,crosses_horizon,f15eacfea5f4fdf5ab36674c369deeac90ef1324f43cba80f9c6dc879aa792d5
CP-SOURCE-r000,A-U,r000,2026-11-01T00:00:00Z,CP-AU-r000:S-P03-S03:GS12:p0001,CP-AU-r000:S-P03-S03:GS12:p0001,S-P03-S03,GS12,GS12-A1,2026-10-31T23:54:44.089009Z,2026-10-31T23:59:58.162859Z,-315.910991,-1.837141,314.073850,-315910991,-1837141,314073850,False,outside_horizon_padding,f15eacfea5f4fdf5ab36674c369deeac90ef1324f43cba80f9c6dc879aa792d5
CP-SOURCE-r000,A-U,r000,2026-11-01T00:00:00Z,CP-AU-r000:S-P03-S02:GS01:p0001,CP-AU-r000:S-P03-S02:GS01:p0001,S-P03-S02,GS01,GS01-A1,2026-10-31T23:54:50.160023Z,2026-11-01T00:04:09.031551Z,-309.839977,249.031551,558.871528,-309839977,249031551,558871528,True,crosses_horizon,f15eacfea5f4fdf5ab36674c369deeac90ef1324f43cba80f9c6dc879aa792d5
CP-SOURCE-r000,A-U,r000,2026-11-01T00:00:00Z,CP-AU-r000:S-P03-S02:GS07:p0001,CP-AU-r000:S-P03-S02:GS07:p0001,S-P03-S02,GS07,GS07-A1,2026-10-31T23:55:44.375065Z,2026-11-01T00:05:00.188418Z,-255.624935,300.188418,555.813353,-255624935,300188418,555813353,True,crosses_horizon,f15eacfea5f4fdf5ab36674c369deeac90ef1324f43cba80f9c6dc879aa792d5
CP-SOURCE-r000,A-U,r000,2026-11-01T00:00:00Z,CP-AU-r000:S-P03-S02:GS02:p0001,CP-AU-r000:S-P03-S02:GS02:p0001,S-P03-S02,GS02,GS02-A1,2026-10-31T23:56:04.564643Z,2026-11-01T00:05:01.261126Z,-235.435357,301.261126,536.696483,-235435357,301261126,536696483,True,crosses_horizon,f15eacfea5f4fdf5ab36674c369deeac90ef1324f43cba80f9c6dc879aa792d5
CP-SOURCE-r000,A-U,r000,2026-11-01T00:00:00Z,CP-AU-r000:S-P03-S02:GS08:p0001,CP-AU-r000:S-P03-S02:GS08:p0001,S-P03-S02,GS08,GS08-A1,2026-10-31T23:56:44.720706Z,2026-11-01T00:06:01.630601Z,-195.279294,361.630601,556.909895,-195279294,361630601,556909895,True,crosses_horizon,f15eacfea5f4fdf5ab36674c369deeac90ef1324f43cba80f9c6dc879aa792d5
CP-SOURCE-r000,A-U,r000,2026-11-01T00:00:00Z,CP-AU-r000:S-P03-S02:GS03:p0001,CP-AU-r000:S-P03-S02:GS03:p0001,S-P03-S02,GS03,GS03-A1,2026-10-31T23:57:40.744424Z,2026-11-01T00:05:41.097013Z,-139.255576,341.097013,480.352589,-139255576,341097013,480352589,True,crosses_horizon,f15eacfea5f4fdf5ab36674c369deeac90ef1324f43cba80f9c6dc879aa792d5
CP-SOURCE-r000,A-U,r000,2026-11-01T00:00:00Z,CP-AU-r000:S-P01-S05:GS07:p0001,CP-AU-r000:S-P01-S05:GS07:p0001,S-P01-S05,GS07,GS07-A1,2026-10-31T23:57:45.801613Z,2026-11-01T00:03:47.054979Z,-134.198387,227.054979,361.253366,-134198387,227054979,361253366,True,crosses_horizon,f15eacfea5f4fdf5ab36674c369deeac90ef1324f43cba80f9c6dc879aa792d5
CP-SOURCE-r000,A-U,r000,2026-11-01T00:00:00Z,CP-AU-r000:S-P03-S02:GS09:p0001,CP-AU-r000:S-P03-S02:GS09:p0001,S-P03-S02,GS09,GS09-A1,2026-10-31T23:58:03.569550Z,2026-11-01T00:06:53.461134Z,-116.430450,413.461134,529.891584,-116430450,413461134,529891584,True,crosses_horizon,f15eacfea5f4fdf5ab36674c369deeac90ef1324f43cba80f9c6dc879aa792d5
CP-SOURCE-r000,A-U,r000,2026-11-01T00:00:00Z,CP-AU-r000:S-P01-S05:GS08:p0001,CP-AU-r000:S-P01-S05:GS08:p0001,S-P01-S05,GS08,GS08-A1,2026-10-31T23:58:14.522507Z,2026-11-01T00:05:51.043555Z,-105.477493,351.043555,456.521048,-105477493,351043555,456521048,True,crosses_horizon,f15eacfea5f4fdf5ab36674c369deeac90ef1324f43cba80f9c6dc879aa792d5
CP-SOURCE-r000,A-U,r000,2026-11-01T00:00:00Z,CP-AU-r000:S-P01-S05:GS09:p0001,CP-AU-r000:S-P01-S05:GS09:p0001,S-P01-S05,GS09,GS09-A1,2026-10-31T23:58:54.744150Z,2026-11-01T00:07:33.193563Z,-65.255850,453.193563,518.449413,-65255850,453193563,518449413,True,crosses_horizon,f15eacfea5f4fdf5ab36674c369deeac90ef1324f43cba80f9c6dc879aa792d5
CP-SOURCE-r000,A-U,r000,2026-11-01T00:00:00Z,CP-AU-r000:S-P03-S02:GS10:p0001,CP-AU-r000:S-P03-S02:GS10:p0001,S-P03-S02,GS10,GS10-A1,2026-10-31T23:59:40.801648Z,2026-11-01T00:07:36.510210Z,-19.198352,456.510210,475.708562,-19198352,456510210,475708562,True,crosses_horizon,f15eacfea5f4fdf5ab36674c369deeac90ef1324f43cba80f9c6dc879aa792d5
CP-SOURCE-r000,A-U,r000,2026-11-01T00:00:00Z,CP-AU-r000:S-P03-S02:GS04:p0001,CP-AU-r000:S-P03-S02:GS04:p0001,S-P03-S02,GS04,GS04-A1,2026-10-31T23:59:43.156025Z,2026-11-01T00:06:05.104132Z,-16.843975,365.104132,381.948107,-16843975,365104132,381948107,True,crosses_horizon,f15eacfea5f4fdf5ab36674c369deeac90ef1324f43cba80f9c6dc879aa792d5
CP-SOURCE-r000,A-U,r000,2026-11-01T00:00:00Z,CP-AU-r000:S-P01-S05:GS10:p0001,CP-AU-r000:S-P01-S05:GS10:p0001,S-P01-S05,GS10,GS10-A1,2026-10-31T23:59:43.993158Z,2026-11-01T00:08:56.515157Z,-16.006842,536.515157,552.521999,-16006842,536515157,552521999,True,crosses_horizon,f15eacfea5f4fdf5ab36674c369deeac90ef1324f43cba80f9c6dc879aa792d5
CP-SOURCE-r000,A-U,r000,2026-11-01T00:00:00Z,CP-AU-r000:S-P01-S05:GS02:p0001,CP-AU-r000:S-P01-S05:GS02:p0001,S-P01-S05,GS02,GS02-A1,2026-10-31T23:59:53.473249Z,2026-11-01T00:05:39.869620Z,-6.526751,339.869620,346.396371,-6526751,339869620,346396371,True,crosses_horizon,f15eacfea5f4fdf5ab36674c369deeac90ef1324f43cba80f9c6dc879aa792d5
CP-SOURCE-r000,A-U,r000,2026-11-01T00:00:00Z,CP-AU-r000:S-P01-S08:GS03:p0013,CP-AU-r000:S-P01-S08:GS03:p0013,S-P01-S08,GS03,GS03-A1,2026-11-03T23:51:30.689583Z,2026-11-04T00:00:47.614248Z,258690.689583,259247.614248,556.924665,258690689583,259247614248,556924665,True,crosses_horizon,f15eacfea5f4fdf5ab36674c369deeac90ef1324f43cba80f9c6dc879aa792d5
CP-SOURCE-r000,A-U,r000,2026-11-01T00:00:00Z,CP-AU-r000:S-P01-S08:GS10:p0014,CP-AU-r000:S-P01-S08:GS10:p0014,S-P01-S08,GS10,GS10-A1,2026-11-03T23:51:48.294049Z,2026-11-04T00:00:39.936469Z,258708.294049,259239.936469,531.642420,258708294049,259239936469,531642420,True,crosses_horizon,f15eacfea5f4fdf5ab36674c369deeac90ef1324f43cba80f9c6dc879aa792d5
CP-SOURCE-r000,A-U,r000,2026-11-01T00:00:00Z,CP-AU-r000:S-P04-S04:GS12:p0013,CP-AU-r000:S-P04-S04:GS12:p0013,S-P04-S04,GS12,GS12-A1,2026-11-03T23:52:04.585284Z,2026-11-04T00:00:33.002276Z,258724.585284,259233.002276,508.416992,258724585284,259233002276,508416992,True,crosses_horizon,f15eacfea5f4fdf5ab36674c369deeac90ef1324f43cba80f9c6dc879aa792d5
CP-SOURCE-r000,A-U,r000,2026-11-01T00:00:00Z,CP-AU-r000:S-P01-S08:GS04:p0013,CP-AU-r000:S-P01-S08:GS04:p0013,S-P01-S08,GS04,GS04-A1,2026-11-03T23:52:32.835438Z,2026-11-04T00:01:44.788397Z,258752.835438,259304.788397,551.952959,258752835438,259304788397,551952959,True,crosses_horizon,f15eacfea5f4fdf5ab36674c369deeac90ef1324f43cba80f9c6dc879aa792d5
CP-SOURCE-r000,A-U,r000,2026-11-01T00:00:00Z,CP-AU-r000:S-P01-S08:GS11:p0016,CP-AU-r000:S-P01-S08:GS11:p0016,S-P01-S08,GS11,GS11-A1,2026-11-03T23:53:16.657080Z,2026-11-04T00:00:58.725727Z,258796.657080,259258.725727,462.068647,258796657080,259258725727,462068647,True,crosses_horizon,f15eacfea5f4fdf5ab36674c369deeac90ef1324f43cba80f9c6dc879aa792d5
CP-SOURCE-r000,A-U,r000,2026-11-01T00:00:00Z,CP-AU-r000:S-P01-S08:GS05:p0014,CP-AU-r000:S-P01-S08:GS05:p0014,S-P01-S08,GS05,GS05-A1,2026-11-03T23:53:51.125834Z,2026-11-04T00:02:18.278448Z,258831.125834,259338.278448,507.152614,258831125834,259338278448,507152614,True,crosses_horizon,f15eacfea5f4fdf5ab36674c369deeac90ef1324f43cba80f9c6dc879aa792d5
CP-SOURCE-r000,A-U,r000,2026-11-01T00:00:00Z,CP-AU-r000:S-P01-S08:GS12:p0014,CP-AU-r000:S-P01-S08:GS12:p0014,S-P01-S08,GS12,GS12-A1,2026-11-03T23:55:20.514972Z,2026-11-04T00:00:35.213001Z,258920.514972,259235.213001,314.698029,258920514972,259235213001,314698029,True,crosses_horizon,f15eacfea5f4fdf5ab36674c369deeac90ef1324f43cba80f9c6dc879aa792d5
CP-SOURCE-r000,A-U,r000,2026-11-01T00:00:00Z,CP-AU-r000:S-P01-S08:GS06:p0013,CP-AU-r000:S-P01-S08:GS06:p0013,S-P01-S08,GS06,GS06-A1,2026-11-03T23:55:35.572018Z,2026-11-04T00:02:19.046462Z,258935.572018,259339.046462,403.474444,258935572018,259339046462,403474444,True,crosses_horizon,f15eacfea5f4fdf5ab36674c369deeac90ef1324f43cba80f9c6dc879aa792d5
CP-SOURCE-r000,A-U,r000,2026-11-01T00:00:00Z,CP-AU-r000:S-P03-S04:GS01:p0013,CP-AU-r000:S-P03-S04:GS01:p0013,S-P03-S04,GS01,GS01-A1,2026-11-03T23:56:42.065225Z,2026-11-04T00:04:08.548755Z,259002.065225,259448.548755,446.483530,259002065225,259448548755,446483530,True,crosses_horizon,f15eacfea5f4fdf5ab36674c369deeac90ef1324f43cba80f9c6dc879aa792d5
CP-SOURCE-r000,A-U,r000,2026-11-01T00:00:00Z,CP-AU-r000:S-P03-S04:GS07:p0014,CP-AU-r000:S-P03-S04:GS07:p0014,S-P03-S04,GS07,GS07-A1,2026-11-03T23:56:56.064971Z,2026-11-04T00:05:27.355817Z,259016.064971,259527.355817,511.290846,259016064971,259527355817,511290846,True,crosses_horizon,f15eacfea5f4fdf5ab36674c369deeac90ef1324f43cba80f9c6dc879aa792d5
CP-SOURCE-r000,A-U,r000,2026-11-01T00:00:00Z,CP-AU-r000:S-P01-S07:GS07:p0014,CP-AU-r000:S-P01-S07:GS07:p0014,S-P01-S07,GS07,GS07-A1,2026-11-03T23:57:29.711644Z,2026-11-04T00:06:24.856630Z,259049.711644,259584.856630,535.144986,259049711644,259584856630,535144986,True,crosses_horizon,f15eacfea5f4fdf5ab36674c369deeac90ef1324f43cba80f9c6dc879aa792d5
CP-SOURCE-r000,A-U,r000,2026-11-01T00:00:00Z,CP-AU-r000:S-P01-S07:GS08:p0014,CP-AU-r000:S-P01-S07:GS08:p0014,S-P01-S07,GS08,GS08-A1,2026-11-03T23:58:22.450665Z,2026-11-04T00:07:40.891106Z,259102.450665,259660.891106,558.440441,259102450665,259660891106,558440441,True,crosses_horizon,f15eacfea5f4fdf5ab36674c369deeac90ef1324f43cba80f9c6dc879aa792d5
CP-SOURCE-r000,A-U,r000,2026-11-01T00:00:00Z,CP-AU-r000:S-P01-S07:GS01:p0013,CP-AU-r000:S-P01-S07:GS01:p0013,S-P01-S07,GS01,GS01-A1,2026-11-03T23:58:40.245706Z,2026-11-04T00:06:50.778005Z,259120.245706,259610.778005,490.532299,259120245706,259610778005,490532299,True,crosses_horizon,f15eacfea5f4fdf5ab36674c369deeac90ef1324f43cba80f9c6dc879aa792d5
CP-SOURCE-r000,A-U,r000,2026-11-01T00:00:00Z,CP-AU-r000:S-P03-S04:GS08:p0014,CP-AU-r000:S-P03-S04:GS08:p0014,S-P03-S04,GS08,GS08-A1,2026-11-03T23:58:41.142185Z,2026-11-04T00:06:06.637359Z,259121.142185,259566.637359,445.495174,259121142185,259566637359,445495174,True,crosses_horizon,f15eacfea5f4fdf5ab36674c369deeac90ef1324f43cba80f9c6dc879aa792d5
CP-SOURCE-r000,A-U,r000,2026-11-01T00:00:00Z,CP-AU-r000:S-P03-S04:GS02:p0013,CP-AU-r000:S-P03-S04:GS02:p0013,S-P03-S04,GS02,GS02-A1,2026-11-03T23:58:58.653631Z,2026-11-04T00:04:22.872808Z,259138.653631,259462.872808,324.219177,259138653631,259462872808,324219177,True,crosses_horizon,f15eacfea5f4fdf5ab36674c369deeac90ef1324f43cba80f9c6dc879aa792d5
CP-SOURCE-r000,A-U,r000,2026-11-01T00:00:00Z,CP-AU-r000:S-P04-S03:GS05:p0012,CP-AU-r000:S-P04-S03:GS05:p0012,S-P04-S03,GS05,GS05-A1,2026-11-03T23:59:00.443768Z,2026-11-04T00:07:22.902929Z,259140.443768,259642.902929,502.459161,259140443768,259642902929,502459161,True,crosses_horizon,f15eacfea5f4fdf5ab36674c369deeac90ef1324f43cba80f9c6dc879aa792d5
CP-SOURCE-r000,A-U,r000,2026-11-01T00:00:00Z,CP-AU-r000:S-P04-S03:GS04:p0013,CP-AU-r000:S-P04-S03:GS04:p0013,S-P04-S03,GS04,GS04-A1,2026-11-03T23:59:02.271456Z,2026-11-04T00:05:35.844722Z,259142.271456,259535.844722,393.573266,259142271456,259535844722,393573266,True,crosses_horizon,f15eacfea5f4fdf5ab36674c369deeac90ef1324f43cba80f9c6dc879aa792d5
CP-SOURCE-r000,A-U,r000,2026-11-01T00:00:00Z,CP-AU-r000:S-P01-S07:GS02:p0012,CP-AU-r000:S-P01-S07:GS02:p0012,S-P01-S07,GS02,GS02-A1,2026-11-03T23:59:21.536263Z,2026-11-04T00:08:23.466386Z,259161.536263,259703.466386,541.930123,259161536263,259703466386,541930123,True,crosses_horizon,f15eacfea5f4fdf5ab36674c369deeac90ef1324f43cba80f9c6dc879aa792d5
CP-SOURCE-r000,A-U,r000,2026-11-01T00:00:00Z,CP-AU-r000:S-P01-S07:GS09:p0014,CP-AU-r000:S-P01-S07:GS09:p0014,S-P01-S07,GS09,GS09-A1,2026-11-03T23:59:25.186910Z,2026-11-04T00:08:38.118340Z,259165.186910,259718.118340,552.931430,259165186910,259718118340,552931430,True,crosses_horizon,f15eacfea5f4fdf5ab36674c369deeac90ef1324f43cba80f9c6dc879aa792d5
CP-SOURCE-r000,A-U,r000,2026-11-01T00:00:00Z,CP-AU-r000:S-P04-S03:GS06:p0012,CP-AU-r000:S-P04-S03:GS06:p0012,S-P04-S03,GS06,GS06-A1,2026-11-03T23:59:32.369791Z,2026-11-04T00:08:42.694212Z,259172.369791,259722.694212,550.324421,259172369791,259722694212,550324421,True,crosses_horizon,f15eacfea5f4fdf5ab36674c369deeac90ef1324f43cba80f9c6dc879aa792d5
CP-SOURCE-r000,A-U,r000,2026-11-01T00:00:00Z,CP-AU-r000:S-P01-S07:GS03:p0013,CP-AU-r000:S-P01-S07:GS03:p0013,S-P01-S07,GS03,GS03-A1,2026-11-04T00:00:15.262730Z,2026-11-04T00:09:34.467097Z,259215.262730,259774.467097,559.204367,259215262730,259774467097,559204367,False,outside_horizon_padding,f15eacfea5f4fdf5ab36674c369deeac90ef1324f43cba80f9c6dc879aa792d5
CP-SOURCE-r000,A-U,r000,2026-11-01T00:00:00Z,CP-AU-r000:S-P04-S03:GS11:p0013,CP-AU-r000:S-P04-S03:GS11:p0013,S-P04-S03,GS11,GS11-A1,2026-11-04T00:00:21.163662Z,2026-11-04T00:07:56.322351Z,259221.163662,259676.322351,455.158689,259221163662,259676322351,455158689,False,outside_horizon_padding,f15eacfea5f4fdf5ab36674c369deeac90ef1324f43cba80f9c6dc879aa792d5
CP-SOURCE-r000,A-U,r000,2026-11-01T00:00:00Z,CP-AU-r000:S-P04-S03:GS12:p0013,CP-AU-r000:S-P04-S03:GS12:p0013,S-P04-S03,GS12,GS12-A1,2026-11-04T00:00:38.091401Z,2026-11-04T00:09:26.460831Z,259238.091401,259766.460831,528.369430,259238091401,259766460831,528369430,False,outside_horizon_padding,f15eacfea5f4fdf5ab36674c369deeac90ef1324f43cba80f9c6dc879aa792d5
CP-SOURCE-r000,A-U,r000,2026-11-01T00:00:00Z,CP-AU-r000:S-P01-S07:GS10:p0015,CP-AU-r000:S-P01-S07:GS10:p0015,S-P01-S07,GS10,GS10-A1,2026-11-04T00:00:41.224224Z,2026-11-04T00:09:14.010493Z,259241.224224,259754.010493,512.786269,259241224224,259754010493,512786269,False,outside_horizon_padding,f15eacfea5f4fdf5ab36674c369deeac90ef1324f43cba80f9c6dc879aa792d5
CP-SOURCE-r000,A-U,r000,2026-11-01T00:00:00Z,CP-AU-r000:S-P03-S04:GS09:p0015,CP-AU-r000:S-P03-S04:GS09:p0015,S-P03-S04,GS09,GS09-A1,2026-11-04T00:00:48.548656Z,2026-11-04T00:06:33.933855Z,259248.548656,259593.933855,345.385199,259248548656,259593933855,345385199,False,outside_horizon_padding,f15eacfea5f4fdf5ab36674c369deeac90ef1324f43cba80f9c6dc879aa792d5
CP-SOURCE-r000,A-U,r000,2026-11-01T00:00:00Z,CP-AU-r000:S-P04-S03:GS10:p0015,CP-AU-r000:S-P04-S03:GS10:p0015,S-P04-S03,GS10,GS10-A1,2026-11-04T00:00:48.935421Z,2026-11-04T00:05:48.222622Z,259248.935421,259548.222622,299.287201,259248935421,259548222622,299287201,False,outside_horizon_padding,f15eacfea5f4fdf5ab36674c369deeac90ef1324f43cba80f9c6dc879aa792d5
CP-SOURCE-r000,A-U,r000,2026-11-01T00:00:00Z,CP-AU-r000:S-P04-S03:GS03:p0013,CP-AU-r000:S-P04-S03:GS03:p0013,S-P04-S03,GS03,GS03-A1,2026-11-04T00:00:56.422881Z,2026-11-04T00:02:02.050453Z,259256.422881,259322.050453,65.627572,259256422881,259322050453,65627572,False,outside_horizon_padding,f15eacfea5f4fdf5ab36674c369deeac90ef1324f43cba80f9c6dc879aa792d5
CP-SOURCE-r000,A-U,r000,2026-11-01T00:00:00Z,CP-AU-r000:S-P01-S07:GS04:p0013,CP-AU-r000:S-P01-S07:GS04:p0013,S-P01-S07,GS04,GS04-A1,2026-11-04T00:01:22.544616Z,2026-11-04T00:10:23.713762Z,259282.544616,259823.713762,541.169146,259282544616,259823713762,541169146,False,outside_horizon_padding,f15eacfea5f4fdf5ab36674c369deeac90ef1324f43cba80f9c6dc879aa792d5
CP-SOURCE-r000,A-U,r000,2026-11-01T00:00:00Z,CP-AU-r000:S-P01-S07:GS11:p0016,CP-AU-r000:S-P01-S07:GS11:p0016,S-P01-S07,GS11,GS11-A1,2026-11-04T00:02:18.774360Z,2026-11-04T00:09:21.116839Z,259338.774360,259761.116839,422.342479,259338774360,259761116839,422342479,False,outside_horizon_padding,f15eacfea5f4fdf5ab36674c369deeac90ef1324f43cba80f9c6dc879aa792d5
CP-SOURCE-r000,A-U,r000,2026-11-01T00:00:00Z,CP-AU-r000:S-P01-S07:GS05:p0014,CP-AU-r000:S-P01-S07:GS05:p0014,S-P01-S07,GS05,GS05-A1,2026-11-04T00:02:48.345538Z,2026-11-04T00:10:47.254847Z,259368.345538,259847.254847,478.909309,259368345538,259847254847,478909309,False,outside_horizon_padding,f15eacfea5f4fdf5ab36674c369deeac90ef1324f43cba80f9c6dc879aa792d5
CP-SOURCE-r000,A-U,r000,2026-11-01T00:00:00Z,CP-AU-r000:S-P02-S06:GS12:p0013,CP-AU-r000:S-P02-S06:GS12:p0013,S-P02-S06,GS12,GS12-A1,2026-11-04T00:03:04.458580Z,2026-11-04T00:07:04.103320Z,259384.458580,259624.103320,239.644740,259384458580,259624103320,239644740,False,outside_horizon_padding,f15eacfea5f4fdf5ab36674c369deeac90ef1324f43cba80f9c6dc879aa792d5
CP-SOURCE-r000,A-U,r000,2026-11-01T00:00:00Z,CP-AU-r000:S-P03-S04:GS10:p0016,CP-AU-r000:S-P03-S04:GS10:p0016,S-P03-S04,GS10,GS10-A1,2026-11-04T00:03:35.310231Z,2026-11-04T00:06:32.396730Z,259415.310231,259592.396730,177.086499,259415310231,259592396730,177086499,False,outside_horizon_padding,f15eacfea5f4fdf5ab36674c369deeac90ef1324f43cba80f9c6dc879aa792d5
CP-SOURCE-r000,A-U,r000,2026-11-01T00:00:00Z,CP-AU-r000:S-P01-S07:GS06:p0012,CP-AU-r000:S-P01-S07:GS06:p0012,S-P01-S07,GS06,GS06-A1,2026-11-04T00:04:48.370659Z,2026-11-04T00:10:30.335559Z,259488.370659,259830.335559,341.964900,259488370659,259830335559,341964900,False,outside_horizon_padding,f15eacfea5f4fdf5ab36674c369deeac90ef1324f43cba80f9c6dc879aa792d5
CP-SOURCE-r000,A-U,r000,2026-11-01T00:00:00Z,CP-AU-r000:S-P01-S07:GS12:p0014,CP-AU-r000:S-P01-S07:GS12:p0014,S-P01-S07,GS12,GS12-A1,2026-11-04T00:04:51.307831Z,2026-11-04T00:08:26.676488Z,259491.307831,259706.676488,215.368657,259491307831,259706676488,215368657,False,outside_horizon_padding,f15eacfea5f4fdf5ab36674c369deeac90ef1324f43cba80f9c6dc879aa792d5
CP-SOURCE-r000,A-U,r000,2026-11-01T00:00:00Z,CP-AU-r000:S-P03-S03:GS01:p0013,CP-AU-r000:S-P03-S03:GS01:p0013,S-P03-S03,GS01,GS01-A1,2026-11-04T00:05:50.310802Z,2026-11-04T00:12:40.729276Z,259550.310802,259960.729276,410.418474,259550310802,259960729276,410418474,False,outside_horizon_padding,f15eacfea5f4fdf5ab36674c369deeac90ef1324f43cba80f9c6dc879aa792d5
CP-SOURCE-r000,A-U,r000,2026-11-01T00:00:00Z,CP-AU-r000:S-P03-S03:GS07:p0014,CP-AU-r000:S-P03-S03:GS07:p0014,S-P03-S03,GS07,GS07-A1,2026-11-04T00:05:55.178798Z,2026-11-04T00:14:06.465628Z,259555.178798,260046.465628,491.286830,259555178798,260046465628,491286830,False,outside_horizon_padding,f15eacfea5f4fdf5ab36674c369deeac90ef1324f43cba80f9c6dc879aa792d5
CP-SOURCE-r000,A-U,r000,2026-11-01T00:00:00Z,CP-AU-r000:S-P01-S06:GS07:p0014,CP-AU-r000:S-P01-S06:GS07:p0014,S-P01-S06,GS07,GS07-A1,2026-11-04T00:06:11.466780Z,2026-11-04T00:15:18.010593Z,259571.466780,260118.010593,546.543813,259571466780,260118010593,546543813,False,outside_horizon_padding,f15eacfea5f4fdf5ab36674c369deeac90ef1324f43cba80f9c6dc879aa792d5
CP-SOURCE-r000,A-U,r000,2026-11-01T00:00:00Z,CP-AU-r000:S-P01-S06:GS08:p0014,CP-AU-r000:S-P01-S06:GS08:p0014,S-P01-S06,GS08,GS08-A1,2026-11-04T00:07:07.534710Z,2026-11-04T00:16:27.502967Z,259627.534710,260187.502967,559.968257,259627534710,260187502967,559968257,False,outside_horizon_padding,f15eacfea5f4fdf5ab36674c369deeac90ef1324f43cba80f9c6dc879aa792d5
CP-SOURCE-r000,A-U,r000,2026-11-01T00:00:00Z,CP-AU-r000:S-P01-S06:GS01:p0012,CP-AU-r000:S-P01-S06:GS01:p0012,S-P01-S06,GS01,GS01-A1,2026-11-04T00:07:17.491502Z,2026-11-04T00:15:50.358221Z,259637.491502,260150.358221,512.866719,259637491502,260150358221,512866719,False,outside_horizon_padding,f15eacfea5f4fdf5ab36674c369deeac90ef1324f43cba80f9c6dc879aa792d5
CP-SOURCE-r000,A-U,r000,2026-11-01T00:00:00Z,CP-AU-r000:S-P04-S02:GS04:p0013,CP-AU-r000:S-P04-S02:GS04:p0013,S-P04-S02,GS04,GS04-A1,2026-11-04T00:07:20.519236Z,2026-11-04T00:14:42.409575Z,259640.519236,260082.409575,441.890339,259640519236,260082409575,441890339,False,outside_horizon_padding,f15eacfea5f4fdf5ab36674c369deeac90ef1324f43cba80f9c6dc879aa792d5
CP-SOURCE-r000,A-U,r000,2026-11-01T00:00:00Z,CP-AU-r000:S-P04-S02:GS05:p0012,CP-AU-r000:S-P04-S02:GS05:p0012,S-P04-S02,GS05,GS05-A1,2026-11-04T00:07:32.749894Z,2026-11-04T00:16:17.605141Z,259652.749894,260177.605141,524.855247,259652749894,260177605141,524855247,False,outside_horizon_padding,f15eacfea5f4fdf5ab36674c369deeac90ef1324f43cba80f9c6dc879aa792d5
CP-SOURCE-r000,A-U,r000,2026-11-01T00:00:00Z,CP-AU-r000:S-P03-S03:GS08:p0014,CP-AU-r000:S-P03-S03:GS08:p0014,S-P03-S03,GS08,GS08-A1,2026-11-04T00:07:47.535604Z,2026-11-04T00:14:42.096366Z,259667.535604,260082.096366,414.560762,259667535604,260082096366,414560762,False,outside_horizon_padding,f15eacfea5f4fdf5ab36674c369deeac90ef1324f43cba80f9c6dc879aa792d5
CP-SOURCE-r000,A-U,r000,2026-11-01T00:00:00Z,CP-AU-r000:S-P01-S06:GS02:p0012,CP-AU-r000:S-P01-S06:GS02:p0012,S-P01-S06,GS02,GS02-A1,2026-11-04T00:08:03.263291Z,2026-11-04T00:17:15.160826Z,259683.263291,260235.160826,551.897535,259683263291,260235160826,551897535,False,outside_horizon_padding,f15eacfea5f4fdf5ab36674c369deeac90ef1324f43cba80f9c6dc879aa792d5
CP-SOURCE-r000,A-U,r000,2026-11-01T00:00:00Z,CP-AU-r000:S-P04-S02:GS03:p0013,CP-AU-r000:S-P04-S02:GS03:p0013,S-P04-S02,GS03,GS03-A1,2026-11-04T00:08:03.978933Z,2026-11-04T00:12:17.422183Z,259683.978933,259937.422183,253.443250,259683978933,259937422183,253443250,False,outside_horizon_padding,f15eacfea5f4fdf5ab36674c369deeac90ef1324f43cba80f9c6dc879aa792d5
CP-SOURCE-r000,A-U,r000,2026-11-01T00:00:00Z,CP-AU-r000:S-P04-S02:GS06:p0012,CP-AU-r000:S-P04-S02:GS06:p0012,S-P04-S02,GS06,GS06-A1,2026-11-04T00:08:13.747654Z,2026-11-04T00:17:30.855810Z,259693.747654,260250.855810,557.108156,259693747654,260250855810,557108156,False,outside_horizon_padding,f15eacfea5f4fdf5ab36674c369deeac90ef1324f43cba80f9c6dc879aa792d5
CP-SOURCE-r000,A-U,r000,2026-11-01T00:00:00Z,CP-AU-r000:S-P01-S06:GS09:p0014,CP-AU-r000:S-P01-S06:GS09:p0014,S-P01-S06,GS09,GS09-A1,2026-11-04T00:08:14.457676Z,2026-11-04T00:17:17.603429Z,259694.457676,260237.603429,543.145753,259694457676,260237603429,543145753,False,outside_horizon_padding,f15eacfea5f4fdf5ab36674c369deeac90ef1324f43cba80f9c6dc879aa792d5
CP-SOURCE-r000,A-U,r000,2026-11-01T00:00:00Z,CP-AU-r000:S-P03-S03:GS02:p0012,CP-AU-r000:S-P03-S03:GS02:p0012,S-P03-S03,GS02,GS02-A1,2026-11-04T00:08:23.637857Z,2026-11-04T00:12:42.352709Z,259703.637857,259962.352709,258.714852,259703637857,259962352709,258714852,False,outside_horizon_padding,f15eacfea5f4fdf5ab36674c369deeac90ef1324f43cba80f9c6dc879aa792d5
CP-SOURCE-r000,A-U,r000,2026-11-01T00:00:00Z,CP-AU-r000:S-P04-S02:GS11:p0013,CP-AU-r000:S-P04-S02:GS11:p0013,S-P04-S02,GS11,GS11-A1,2026-11-04T00:08:47.668261Z,2026-11-04T00:16:55.158478Z,259727.668261,260215.158478,487.490217,259727668261,260215158478,487490217,False,outside_horizon_padding,f15eacfea5f4fdf5ab36674c369deeac90ef1324f43cba80f9c6dc879aa792d5
CP-SOURCE-r000,A-U,r000,2026-11-01T00:00:00Z,CP-AU-r000:S-P04-S02:GS10:p0015,CP-AU-r000:S-P04-S02:GS10:p0015,S-P04-S02,GS10,GS10-A1,2026-11-04T00:08:55.098996Z,2026-11-04T00:15:05.088631Z,259735.098996,260105.088631,369.989635,259735098996,260105088631,369989635,False,outside_horizon_padding,f15eacfea5f4fdf5ab36674c369deeac90ef1324f43cba80f9c6dc879aa792d5
CP-SOURCE-r000,A-U,r000,2026-11-01T00:00:00Z,CP-AU-r000:S-P01-S06:GS03:p0013,CP-AU-r000:S-P01-S06:GS03:p0013,S-P01-S06,GS03,GS03-A1,2026-11-04T00:09:01.511882Z,2026-11-04T00:18:18.611172Z,259741.511882,260298.611172,557.099290,259741511882,260298611172,557099290,False,outside_horizon_padding,f15eacfea5f4fdf5ab36674c369deeac90ef1324f43cba80f9c6dc879aa792d5
CP-SOURCE-r000,A-U,r000,2026-11-01T00:00:00Z,CP-AU-r000:S-P04-S02:GS12:p0013,CP-AU-r000:S-P04-S02:GS12:p0013,S-P04-S02,GS12,GS12-A1,2026-11-04T00:09:14.747547Z,2026-11-04T00:18:17.709574Z,259754.747547,260297.709574,542.962027,259754747547,260297709574,542962027,False,outside_horizon_padding,f15eacfea5f4fdf5ab36674c369deeac90ef1324f43cba80f9c6dc879aa792d5
CP-SOURCE-r000,A-U,r000,2026-11-01T00:00:00Z,CP-AU-r000:S-P01-S06:GS10:p0016,CP-AU-r000:S-P01-S06:GS10:p0016,S-P01-S06,GS10,GS10-A1,2026-11-04T00:09:36.737617Z,2026-11-04T00:17:44.586687Z,259776.737617,260264.586687,487.849070,259776737617,260264586687,487849070,False,outside_horizon_padding,f15eacfea5f4fdf5ab36674c369deeac90ef1324f43cba80f9c6dc879aa792d5
CP-SOURCE-r000,A-U,r000,2026-11-01T00:00:00Z,CP-AU-r000:S-P03-S03:GS09:p0015,CP-AU-r000:S-P03-S03:GS09:p0015,S-P03-S03,GS09,GS09-A1,2026-11-04T00:10:05.144188Z,2026-11-04T00:15:02.924078Z,259805.144188,260102.924078,297.779890,259805144188,260102924078,297779890,False,outside_horizon_padding,f15eacfea5f4fdf5ab36674c369deeac90ef1324f43cba80f9c6dc879aa792d5
CP-SOURCE-r000,A-U,r000,2026-11-01T00:00:00Z,CP-AU-r000:S-P01-S06:GS04:p0014,CP-AU-r000:S-P01-S06:GS04:p0014,S-P01-S06,GS04,GS04-A1,2026-11-04T00:10:14.515687Z,2026-11-04T00:18:59.473350Z,259814.515687,260339.473350,524.957663,259814515687,260339473350,524957663,False,outside_horizon_padding,f15eacfea5f4fdf5ab36674c369deeac90ef1324f43cba80f9c6dc879aa792d5
CP-SOURCE-r000,A-U,r000,2026-11-01T00:00:00Z,CP-AU-r000:S-P01-S06:GS11:p0015,CP-AU-r000:S-P01-S06:GS11:p0015,S-P01-S06,GS11,GS11-A1,2026-11-04T00:11:26.532345Z,2026-11-04T00:17:37.041401Z,259886.532345,260257.041401,370.509056,259886532345,260257041401,370509056,False,outside_horizon_padding,f15eacfea5f4fdf5ab36674c369deeac90ef1324f43cba80f9c6dc879aa792d5
CP-SOURCE-r000,A-U,r000,2026-11-01T00:00:00Z,CP-AU-r000:S-P02-S05:GS12:p0013,CP-AU-r000:S-P02-S05:GS12:p0013,S-P02-S05,GS12,GS12-A1,2026-11-04T00:11:28.605006Z,2026-11-04T00:16:26.784105Z,259888.605006,260186.784105,298.179099,259888605006,260186784105,298179099,False,outside_horizon_padding,f15eacfea5f4fdf5ab36674c369deeac90ef1324f43cba80f9c6dc879aa792d5
CP-SOURCE-r000,A-U,r000,2026-11-01T00:00:00Z,CP-AU-r000:S-P01-S06:GS05:p0014,CP-AU-r000:S-P01-S06:GS05:p0014,S-P01-S06,GS05,GS05-A1,2026-11-04T00:11:49.511202Z,2026-11-04T00:19:11.500937Z,259909.511202,260351.500937,441.989735,259909511202,260351500937,441989735,False,outside_horizon_padding,f15eacfea5f4fdf5ab36674c369deeac90ef1324f43cba80f9c6dc879aa792d5
CP-SOURCE-r000,A-U,r000,2026-11-01T00:00:00Z,CP-AU-r000:S-P01-S06:GS06:p0012,CP-AU-r000:S-P01-S06:GS06:p0012,S-P01-S06,GS06,GS06-A1,2026-11-04T00:14:14.405052Z,2026-11-04T00:18:27.713525Z,260054.405052,260307.713525,253.308473,260054405052,260307713525,253308473,False,outside_horizon_padding,f15eacfea5f4fdf5ab36674c369deeac90ef1324f43cba80f9c6dc879aa792d5
CP-SOURCE-r000,A-U,r000,2026-11-01T00:00:00Z,CP-AU-r000:S-P01-S05:GS07:p0014,CP-AU-r000:S-P01-S05:GS07:p0014,S-P01-S05,GS07,GS07-A1,2026-11-04T00:14:54.350944Z,2026-11-04T00:24:08.865707Z,260094.350944,260648.865707,554.514763,260094350944,260648865707,554514763,False,outside_horizon_padding,f15eacfea5f4fdf5ab36674c369deeac90ef1324f43cba80f9c6dc879aa792d5
CP-SOURCE-r000,A-U,r000,2026-11-01T00:00:00Z,CP-AU-r000:S-P03-S02:GS07:p0014,CP-AU-r000:S-P03-S02:GS07:p0014,S-P03-S02,GS07,GS07-A1,2026-11-04T00:14:56.733692Z,2026-11-04T00:22:44.402377Z,260096.733692,260564.402377,467.668685,260096733692,260564402377,467668685,False,outside_horizon_padding,f15eacfea5f4fdf5ab36674c369deeac90ef1324f43cba80f9c6dc879aa792d5
CP-SOURCE-r000,A-U,r000,2026-11-01T00:00:00Z,CP-AU-r000:S-P03-S02:GS01:p0014,CP-AU-r000:S-P03-S02:GS01:p0014,S-P03-S02,GS01,GS01-A1,2026-11-04T00:15:02.949632Z,2026-11-04T00:21:09.915518Z,260102.949632,260469.915518,366.965886,260102949632,260469915518,366965886,False,outside_horizon_padding,f15eacfea5f4fdf5ab36674c369deeac90ef1324f43cba80f9c6dc879aa792d5
CP-SOURCE-r000,A-U,r000,2026-11-01T00:00:00Z,CP-AU-r000:S-P04-S01:GS04:p0012,CP-AU-r000:S-P04-S01:GS04:p0012,S-P04-S01,GS04,GS04-A1,2026-11-04T00:15:44.844410Z,2026-11-04T00:23:43.639394Z,260144.844410,260623.639394,478.794984,260144844410,260623639394,478794984,False,outside_horizon_padding,f15eacfea5f4fdf5ab36674c369deeac90ef1324f43cba80f9c6dc879aa792d5
CP-SOURCE-r000,A-U,r000,2026-11-01T00:00:00Z,CP-AU-r000:S-P01-S05:GS08:p0014,CP-AU-r000:S-P01-S05:GS08:p0014,S-P01-S05,GS08,GS08-A1,2026-11-04T00:15:53.963571Z,2026-11-04T00:25:11.694713Z,260153.963571,260711.694713,557.731142,260153963571,260711694713,557731142,False,outside_horizon_padding,f15eacfea5f4fdf5ab36674c369deeac90ef1324f43cba80f9c6dc879aa792d5
CP-SOURCE-r000,A-U,r000,2026-11-01T00:00:00Z,CP-AU-r000:S-P01-S05:GS01:p0012,CP-AU-r000:S-P01-S05:GS01:p0012,S-P01-S05,GS01,GS01-A1,2026-11-04T00:15:56.397248Z,2026-11-04T00:24:47.027964Z,260156.397248,260687.027964,530.630716,260156397248,260687027964,530630716,False,outside_horizon_padding,f15eacfea5f4fdf5ab36674c369deeac90ef1324f43cba80f9c6dc879aa792d5
CP-SOURCE-r000,A-U,r000,2026-11-01T00:00:00Z,CP-AU-r000:S-P04-S01:GS03:p0013,CP-AU-r000:S-P04-S01:GS03:p0013,S-P04-S01,GS03,GS03-A1,2026-11-04T00:16:01.500955Z,2026-11-04T00:21:43.463301Z,260161.500955,260503.463301,341.962346,260161500955,260503463301,341962346,False,outside_horizon_padding,f15eacfea5f4fdf5ab36674c369deeac90ef1324f43cba80f9c6dc879aa792d5
CP-SOURCE-r000,A-U,r000,2026-11-01T00:00:00Z,CP-AU-r000:S-P04-S01:GS05:p0013,CP-AU-r000:S-P04-S01:GS05:p0013,S-P04-S01,GS05,GS05-A1,2026-11-04T00:16:08.564006Z,2026-11-04T00:25:09.657330Z,260168.564006,260709.657330,541.093324,260168564006,260709657330,541093324,False,outside_horizon_padding,f15eacfea5f4fdf5ab36674c369deeac90ef1324f43cba80f9c6dc879aa792d5
CP-SOURCE-r000,A-U,r000,2026-11-01T00:00:00Z,CP-AU-r000:S-P01-S05:GS02:p0013,CP-AU-r000:S-P01-S05:GS02:p0013,S-P01-S05,GS02,GS02-A1,2026-11-04T00:16:46.535336Z,2026-11-04T00:26:04.193363Z,260206.535336,260764.193363,557.658027,260206535336,260764193363,557658027,False,outside_horizon_padding,f15eacfea5f4fdf5ab36674c369deeac90ef1324f43cba80f9c6dc879aa792d5
CP-SOURCE-r000,A-U,r000,2026-11-01T00:00:00Z,CP-AU-r000:S-P03-S02:GS08:p0014,CP-AU-r000:S-P03-S02:GS08:p0014,S-P03-S02,GS08,GS08-A1,2026-11-04T00:16:56.979736Z,2026-11-04T00:23:15.823247Z,260216.979736,260595.823247,378.843511,260216979736,260595823247,378843511,False,outside_horizon_padding,f15eacfea5f4fdf5ab36674c369deeac90ef1324f43cba80f9c6dc879aa792d5
CP-SOURCE-r000,A-U,r000,2026-11-01T00:00:00Z,CP-AU-r000:S-P04-S01:GS06:p0012,CP-AU-r000:S-P04-S01:GS06:p0012,S-P04-S01,GS06,GS06-A1,2026-11-04T00:16:57.922781Z,2026-11-04T00:26:17.203499Z,260217.922781,260777.203499,559.280718,260217922781,260777203499,559280718,False,outside_horizon_padding,f15eacfea5f4fdf5ab36674c369deeac90ef1324f43cba80f9c6dc879aa792d5
CP-SOURCE-r000,A-U,r000,2026-11-01T00:00:00Z,CP-AU-r000:S-P01-S05:GS09:p0014,CP-AU-r000:S-P01-S05:GS09:p0014,S-P01-S05,GS09,GS09-A1,2026-11-04T00:17:05.609746Z,2026-11-04T00:25:54.230854Z,260225.609746,260754.230854,528.621108,260225609746,260754230854,528621108,False,outside_horizon_padding,f15eacfea5f4fdf5ab36674c369deeac90ef1324f43cba80f9c6dc879aa792d5
CP-SOURCE-r000,A-U,r000,2026-11-01T00:00:00Z,CP-AU-r000:S-P04-S01:GS10:p0014,CP-AU-r000:S-P04-S01:GS10:p0014,S-P04-S01,GS10,GS10-A1,2026-11-04T00:17:11.061831Z,2026-11-04T00:24:12.948394Z,260231.061831,260652.948394,421.886563,260231061831,260652948394,421886563,False,outside_horizon_padding,f15eacfea5f4fdf5ab36674c369deeac90ef1324f43cba80f9c6dc879aa792d5
CP-SOURCE-r000,A-U,r000,2026-11-01T00:00:00Z,CP-AU-r000:S-P04-S01:GS11:p0013,CP-AU-r000:S-P04-S01:GS11:p0013,S-P04-S01,GS11,GS11-A1,2026-11-04T00:17:18.281668Z,2026-11-04T00:25:50.766056Z,260238.281668,260750.766056,512.484388,260238281668,260750766056,512484388,False,outside_horizon_padding,f15eacfea5f4fdf5ab36674c369deeac90ef1324f43cba80f9c6dc879aa792d5
CP-SOURCE-r000,A-U,r000,2026-11-01T00:00:00Z,CP-AU-r000:S-P01-S05:GS03:p0014,CP-AU-r000:S-P01-S05:GS03:p0014,S-P01-S05,GS03,GS03-A1,2026-11-04T00:17:49.580696Z,2026-11-04T00:26:59.948875Z,260269.580696,260819.948875,550.368179,260269580696,260819948875,550368179,False,outside_horizon_padding,f15eacfea5f4fdf5ab36674c369deeac90ef1324f43cba80f9c6dc879aa792d5
CP-SOURCE-r000,A-U,r000,2026-11-01T00:00:00Z,CP-AU-r000:S-P04-S01:GS12:p0014,CP-AU-r000:S-P04-S01:GS12:p0014,S-P04-S01,GS12,GS12-A1,2026-11-04T00:17:54.255670Z,2026-11-04T00:27:07.080283Z,260274.255670,260827.080283,552.824613,260274255670,260827080283,552824613,False,outside_horizon_padding,f15eacfea5f4fdf5ab36674c369deeac90ef1324f43cba80f9c6dc879aa792d5
CP-SOURCE-r000,A-U,r000,2026-11-01T00:00:00Z,CP-AU-r000:S-P03-S02:GS02:p0012,CP-AU-r000:S-P03-S02:GS02:p0012,S-P03-S02,GS02,GS02-A1,2026-11-04T00:18:04.090042Z,2026-11-04T00:20:47.857628Z,260284.090042,260447.857628,163.767586,260284090042,260447857628,163767586,False,outside_horizon_padding,f15eacfea5f4fdf5ab36674c369deeac90ef1324f43cba80f9c6dc879aa792d5
CP-SOURCE-r000,A-U,r000,2026-11-01T00:00:00Z,CP-AU-r000:S-P04-S01:GS09:p0014,CP-AU-r000:S-P04-S01:GS09:p0014,S-P04-S01,GS09,GS09-A1,2026-11-04T00:18:05.473140Z,2026-11-04T00:21:40.038089Z,260285.473140,260500.038089,214.564949,260285473140,260500038089,214564949,False,outside_horizon_padding,f15eacfea5f4fdf5ab36674c369deeac90ef1324f43cba80f9c6dc879aa792d5
CP-SOURCE-r000,A-U,r000,2026-11-01T00:00:00Z,CP-AU-r000:S-P01-S05:GS10:p0016,CP-AU-r000:S-P01-S05:GS10:p0016,S-P01-S05,GS10,GS10-A1,2026-11-04T00:18:35.479795Z,2026-11-04T00:26:11.051247Z,260315.479795,260771.051247,455.571452,260315479795,260771051247,455571452,False,outside_horizon_padding,f15eacfea5f4fdf5ab36674c369deeac90ef1324f43cba80f9c6dc879aa792d5
CP-SOURCE-r000,A-U,r000,2026-11-01T00:00:00Z,CP-AU-r000:S-P01-S05:GS04:p0014,CP-AU-r000:S-P01-S05:GS04:p0014,S-P01-S05,GS04,GS04-A1,2026-11-04T00:19:09.141018Z,2026-11-04T00:27:31.716389Z,260349.141018,260851.716389,502.575371,260349141018,260851716389,502575371,False,outside_horizon_padding,f15eacfea5f4fdf5ab36674c369deeac90ef1324f43cba80f9c6dc879aa792d5
CP-SOURCE-r000,A-U,r000,2026-11-01T00:00:00Z,CP-AU-r000:S-P03-S02:GS09:p0016,CP-AU-r000:S-P03-S02:GS09:p0016,S-P03-S02,GS09,GS09-A1,2026-11-04T00:19:27.795857Z,2026-11-04T00:23:27.183894Z,260367.795857,260607.183894,239.388037,260367795857,260607183894,239388037,False,outside_horizon_padding,f15eacfea5f4fdf5ab36674c369deeac90ef1324f43cba80f9c6dc879aa792d5
CP-SOURCE-r000,A-U,r000,2026-11-01T00:00:00Z,CP-AU-r000:S-P02-S04:GS12:p0013,CP-AU-r000:S-P02-S04:GS12:p0013,S-P02-S04,GS12,GS12-A1,2026-11-04T00:19:57.512440Z,2026-11-04T00:25:43.376352Z,260397.512440,260743.376352,345.863912,260397512440,260743376352,345863912,False,outside_horizon_padding,f15eacfea5f4fdf5ab36674c369deeac90ef1324f43cba80f9c6dc879aa792d5
CP-SOURCE-r000,A-U,r000,2026-11-01T00:00:00Z,CP-AU-r000:S-P02-S04:GS11:p0013,CP-AU-r000:S-P02-S04:GS11:p0013,S-P02-S04,GS11,GS11-A1,2026-11-04T00:19:59.398113Z,2026-11-04T00:22:56.503015Z,260399.398113,260576.503015,177.104902,260399398113,260576503015,177104902,False,outside_horizon_padding,f15eacfea5f4fdf5ab36674c369deeac90ef1324f43cba80f9c6dc879aa792d5
CP-SOURCE-r000,A-U,r000,2026-11-01T00:00:00Z,CP-AU-r000:S-P01-S05:GS11:p0015,CP-AU-r000:S-P01-S05:GS11:p0015,S-P01-S05,GS11,GS11-A1,2026-11-04T00:20:43.276819Z,2026-11-04T00:25:43.182470Z,260443.276819,260743.182470,299.905651,260443276819,260743182470,299905651,False,outside_horizon_padding,f15eacfea5f4fdf5ab36674c369deeac90ef1324f43cba80f9c6dc879aa792d5
CP-SOURCE-r000,A-U,r000,2026-11-01T00:00:00Z,CP-AU-r000:S-P01-S05:GS05:p0013,CP-AU-r000:S-P01-S05:GS05:p0013,S-P01-S05,GS05,GS05-A1,2026-11-04T00:20:56.022202Z,2026-11-04T00:27:29.657243Z,260456.022202,260849.657243,393.635041,260456022202,260849657243,393635041,False,outside_horizon_padding,f15eacfea5f4fdf5ab36674c369deeac90ef1324f43cba80f9c6dc879aa792d5
CP-SOURCE-r000,A-U,r000,2026-11-01T00:00:00Z,CP-AU-r000:S-P01-S04:GS07:p0014,CP-AU-r000:S-P01-S04:GS07:p0014,S-P01-S04,GS07,GS07-A1,2026-11-04T00:23:38.414155Z,2026-11-04T00:32:57.403952Z,260618.414155,261177.403952,558.989797,260618414155,261177403952,558989797,False,outside_horizon_padding,f15eacfea5f4fdf5ab36674c369deeac90ef1324f43cba80f9c6dc879aa792d5
CP-SOURCE-r000,A-U,r000,2026-11-01T00:00:00Z,CP-AU-r000:S-P03-S01:GS07:p0014,CP-AU-r000:S-P03-S01:GS07:p0014,S-P03-S01,GS07,GS07-A1,2026-11-04T00:24:00.866543Z,2026-11-04T00:31:21.053404Z,260640.866543,261081.053404,440.186861,260640866543,261081053404,440186861,False,outside_horizon_padding,f15eacfea5f4fdf5ab36674c369deeac90ef1324f43cba80f9c6dc879aa792d5
CP-SOURCE-r000,A-U,r000,2026-11-01T00:00:00Z,CP-AU-r000:S-P04-S12:GS03:p0013,CP-AU-r000:S-P04-S12:GS03:p0013,S-P04-S12,GS03,GS03-A1,2026-11-04T00:24:12.896714Z,2026-11-04T00:30:56.302471Z,260652.896714,261056.302471,403.405757,260652896714,261056302471,403405757,False,outside_horizon_padding,f15eacfea5f4fdf5ab36674c369deeac90ef1324f43cba80f9c6dc879aa792d5
CP-SOURCE-r000,A-U,r000,2026-11-01T00:00:00Z,CP-AU-r000:S-P04-S12:GS04:p0012,CP-AU-r000:S-P04-S12:GS04:p0012,S-P04-S12,GS04,GS04-A1,2026-11-04T00:24:13.891011Z,2026-11-04T00:32:40.930143Z,260653.891011,261160.930143,507.039132,260653891011,261160930143,507039132,False,outside_horizon_padding,f15eacfea5f4fdf5ab36674c369deeac90ef1324f43cba80f9c6dc879aa792d5
CP-SOURCE-r000,A-U,r000,2026-11-01T00:00:00Z,CP-AU-r000:S-P03-S01:GS01:p0013,CP-AU-r000:S-P03-S01:GS01:p0013,S-P03-S01,GS01,GS01-A1,2026-11-04T00:24:21.280814Z,2026-11-04T00:29:34.848490Z,260661.280814,260974.848490,313.567676,260661280814,260974848490,313567676,False,outside_horizon_padding,f15eacfea5f4fdf5ab36674c369deeac90ef1324f43cba80f9c6dc879aa792d5
CP-SOURCE-r000,A-U,r000,2026-11-01T00:00:00Z,CP-AU-r000:S-P01-S05:GS06:p0013,CP-AU-r000:S-P01-S05:GS06:p0013,S-P01-S05,GS06,GS06-A1,2026-11-04T00:24:30.230539Z,2026-11-04T00:25:34.662188Z,260670.230539,260734.662188,64.431649,260670230539,260734662188,64431649,False,outside_horizon_padding,f15eacfea5f4fdf5ab36674c369deeac90ef1324f43cba80f9c6dc879aa792d5
CP-SOURCE-r000,A-U,r000,2026-11-01T00:00:00Z,CP-AU-r000:S-P01-S04:GS01:p0013,CP-AU-r000:S-P01-S04:GS01:p0013,S-P01-S04,GS01,GS01-A1,2026-11-04T00:24:36.869500Z,2026-11-04T00:33:40.927000Z,260676.869500,261220.927000,544.057500,260676869500,261220927000,544057500,False,outside_horizon_padding,f15eacfea5f4fdf5ab36674c369deeac90ef1324f43cba80f9c6dc879aa792d5
CP-SOURCE-r000,A-U,r000,2026-11-01T00:00:00Z,CP-AU-r000:S-P01-S04:GS08:p0014,CP-AU-r000:S-P01-S04:GS08:p0014,S-P01-S04,GS08,GS08-A1,2026-11-04T00:24:41.878823Z,2026-11-04T00:33:53.359909Z,260681.878823,261233.359909,551.481086,260681878823,261233359909,551481086,False,outside_horizon_padding,f15eacfea5f4fdf5ab36674c369deeac90ef1324f43cba80f9c6dc879aa792d5
CP-SOURCE-r000,A-U,r000,2026-11-01T00:00:00Z,CP-AU-r000:S-P04-S12:GS05:p0012,CP-AU-r000:S-P04-S12:GS05:p0012,S-P04-S12,GS05,GS05-A1,2026-11-04T00:24:47.536518Z,2026-11-04T00:33:59.453077Z,260687.536518,261239.453077,551.916559,260687536518,261239453077,551916559,False,outside_horizon_padding,f15eacfea5f4fdf5ab36674c369deeac90ef1324f43cba80f9c6dc879aa792d5
CP-SOURCE-r000,A-U,r000,2026-11-01T00:00:00Z,CP-AU-r000:S-P01-S04:GS02:p0013,CP-AU-r000:S-P01-S04:GS02:p0013,S-P01-S04,GS02,GS02-A1,2026-11-04T00:25:31.404803Z,2026-11-04T00:34:50.557964Z,260731.404803,261290.557964,559.153161,260731404803,261290557964,559153161,False,outside_horizon_padding,f15eacfea5f4fdf5ab36674c369deeac90ef1324f43cba80f9c6dc879aa792d5
CP-SOURCE-r000,A-U,r000,2026-11-01T00:00:00Z,CP-AU-r000:S-P04-S12:GS10:p0013,CP-AU-r000:S-P04-S12:GS10:p0013,S-P04-S12,GS10,GS10-A1,2026-11-04T00:25:33.493544Z,2026-11-04T00:33:15.161167Z,260733.493544,261195.161167,461.667623,260733493544,261195161167,461667623,False,outside_horizon_padding,f15eacfea5f4fdf5ab36674c369deeac90ef1324f43cba80f9c6dc879aa792d5
CP-SOURCE-r000,A-U,r000,2026-11-01T00:00:00Z,CP-AU-r000:S-P04-S12:GS02:p0013,CP-AU-r000:S-P04-S12:GS02:p0013,S-P04-S12,GS02,GS02-A1,2026-11-04T00:25:41.821427Z,2026-11-04T00:27:47.398767Z,260741.821427,260867.398767,125.577340,260741821427,260867398767,125577340,False,outside_horizon_padding,f15eacfea5f4fdf5ab36674c369deeac90ef1324f43cba80f9c6dc879aa792d5
CP-SOURCE-r000,A-U,r000,2026-11-01T00:00:00Z,CP-AU-r000:S-P04-S12:GS06:p0013,CP-AU-r000:S-P04-S12:GS06:p0013,S-P04-S12,GS06,GS06-A1,2026-11-04T00:25:44.796655Z,2026-11-04T00:35:01.882862Z,260744.796655,261301.882862,557.086207,260744796655,261301882862,557086207,False,outside_horizon_padding,f15eacfea5f4fdf5ab36674c369deeac90ef1324f43cba80f9c6dc879aa792d5
CP-SOURCE-r000,A-U,r000,2026-11-01T00:00:00Z,CP-AU-r000:S-P04-S12:GS11:p0013,CP-AU-r000:S-P04-S12:GS11:p0013,S-P04-S12,GS11,GS11-A1,2026-11-04T00:25:52.388864Z,2026-11-04T00:34:43.792355Z,260752.388864,261283.792355,531.403491,260752388864,261283792355,531403491,False,outside_horizon_padding,f15eacfea5f4fdf5ab36674c369deeac90ef1324f43cba80f9c6dc879aa792d5
CP-SOURCE-r000,A-U,r000,2026-11-01T00:00:00Z,CP-AU-r000:S-P04-S12:GS09:p0014,CP-AU-r000:S-P04-S12:GS09:p0014,S-P04-S12,GS09,GS09-A1,2026-11-04T00:25:56.902495Z,2026-11-04T00:31:11.009888Z,260756.902495,261071.009888,314.107393,260756902495,261071009888,314107393,False,outside_horizon_padding,f15eacfea5f4fdf5ab36674c369deeac90ef1324f43cba80f9c6dc879aa792d5
CP-SOURCE-r000,A-U,r000,2026-11-01T00:00:00Z,CP-AU-r000:S-P01-S04:GS09:p0015,CP-AU-r000:S-P01-S04:GS09:p0015,S-P01-S04,GS09,GS09-A1,2026-11-04T00:25:58.972269Z,2026-11-04T00:34:27.703175Z,260758.972269,261267.703175,508.730906,260758972269,261267703175,508730906,False,outside_horizon_padding,f15eacfea5f4fdf5ab36674c369deeac90ef1324f43cba80f9c6dc879aa792d5
CP-SOURCE-r000,A-U,r000,2026-11-01T00:00:00Z,CP-AU-r000:S-P03-S01:GS08:p0015,CP-AU-r000:S-P03-S01:GS08:p0015,S-P03-S01,GS08,GS08-A1,2026-11-04T00:26:09.988811Z,2026-11-04T00:31:47.312927Z,260769.988811,261107.312927,337.324116,260769988811,261107312927,337324116,False,outside_horizon_padding,f15eacfea5f4fdf5ab36674c369deeac90ef1324f43cba80f9c6dc879aa792d5
CP-SOURCE-r000,A-U,r000,2026-11-01T00:00:00Z,CP-AU-r000:S-P04-S12:GS12:p0015,CP-AU-r000:S-P04-S12:GS12:p0015,S-P04-S12,GS12,GS12-A1,2026-11-04T00:26:36.406216Z,2026-11-04T00:35:54.817397Z,260796.406216,261354.817397,558.411181,260796406216,261354817397,558411181,False,outside_horizon_padding,f15eacfea5f4fdf5ab36674c369deeac90ef1324f43cba80f9c6dc879aa792d5
CP-SOURCE-r000,A-U,r000,2026-11-01T00:00:00Z,CP-AU-r000:S-P01-S04:GS03:p0014,CP-AU-r000:S-P01-S04:GS03:p0014,S-P01-S04,GS03,GS03-A1,2026-11-04T00:26:39.677822Z,2026-11-04T00:35:38.318886Z,260799.677822,261338.318886,538.641064,260799677822,261338318886,538641064,False,outside_horizon_padding,f15eacfea5f4fdf5ab36674c369deeac90ef1324f43cba80f9c6dc879aa792d5
CP-SOURCE-r000,A-U,r000,2026-11-01T00:00:00Z,CP-AU-r000:S-P01-S04:GS10:p0016,CP-AU-r000:S-P01-S04:GS10:p0016,S-P01-S04,GS10,GS10-A1,2026-11-04T00:27:38.473696Z,2026-11-04T00:34:32.413028Z,260858.473696,261272.413028,413.939332,260858473696,261272413028,413939332,False,outside_horizon_padding,f15eacfea5f4fdf5ab36674c369deeac90ef1324f43cba80f9c6dc879aa792d5
CP-SOURCE-r000,A-U,r000,2026-11-01T00:00:00Z,CP-AU-r000:S-P01-S04:GS04:p0014,CP-AU-r000:S-P01-S04:GS04:p0014,S-P01-S04,GS04,GS04-A1,2026-11-04T00:28:07.005227Z,2026-11-04T00:35:59.902061Z,260887.005227,261359.902061,472.896834,260887005227,261359902061,472896834,False,outside_horizon_padding,f15eacfea5f4fdf5ab36674c369deeac90ef1324f43cba80f9c6dc879aa792d5
CP-SOURCE-r000,A-U,r000,2026-11-01T00:00:00Z,CP-AU-r000:S-P02-S03:GS11:p0013,CP-AU-r000:S-P02-S03:GS11:p0013,S-P02-S03,GS11,GS11-A1,2026-11-04T00:28:16.207444Z,2026-11-04T00:32:27.600007Z,260896.207444,261147.600007,251.392563,260896207444,261147600007,251392563,False,outside_horizon_padding,f15eacfea5f4fdf5ab36674c369deeac90ef1324f43cba80f9c6dc879aa792d5
CP-SOURCE-r000,A-U,r000,2026-11-01T00:00:00Z,CP-AU-r000:S-P02-S03:GS12:p0013,CP-AU-r000:S-P02-S03:GS12:p0013,S-P02-S03,GS12,GS12-A1,2026-11-04T00:28:29.396861Z,2026-11-04T00:34:55.659063Z,260909.396861,261295.659063,386.262202,260909396861,261295659063,386262202,False,outside_horizon_padding,f15eacfea5f4fdf5ab36674c369deeac90ef1324f43cba80f9c6dc879aa792d5
CP-SOURCE-r000,A-U,r000,2026-11-01T00:00:00Z,CP-AU-r000:S-P03-S01:GS09:p0016,CP-AU-r000:S-P03-S01:GS09:p0016,S-P03-S01,GS09,GS09-A1,2026-11-04T00:29:01.647502Z,2026-11-04T00:31:41.553867Z,260941.647502,261101.553867,159.906365,260941647502,261101553867,159906365,False,outside_horizon_padding,f15eacfea5f4fdf5ab36674c369deeac90ef1324f43cba80f9c6dc879aa792d5
CP-SOURCE-r000,A-U,r000,2026-11-01T00:00:00Z,CP-AU-r000:S-P01-S04:GS05:p0012,CP-AU-r000:S-P01-S04:GS05:p0012,S-P01-S04,GS05,GS05-A1,2026-11-04T00:30:10.610601Z,2026-11-04T00:35:39.030094Z,261010.610601,261339.030094,328.419493,261010610601,261339030094,328419493,False,outside_horizon_padding,f15eacfea5f4fdf5ab36674c369deeac90ef1324f43cba80f9c6dc879aa792d5
CP-SOURCE-r000,A-U,r000,2026-11-01T00:00:00Z,CP-AU-r000:S-P01-S04:GS11:p0014,CP-AU-r000:S-P01-S04:GS11:p0014,S-P01-S04,GS11,GS11-A1,2026-11-04T00:30:19.313938Z,2026-11-04T00:33:29.264475Z,261019.313938,261209.264475,189.950537,261019313938,261209264475,189950537,False,outside_horizon_padding,f15eacfea5f4fdf5ab36674c369deeac90ef1324f43cba80f9c6dc879aa792d5
CP-SOURCE-r000,A-U,r000,2026-11-01T00:00:00Z,CP-AU-r000:S-P02-S03:GS06:p0012,CP-AU-r000:S-P02-S03:GS06:p0012,S-P02-S03,GS06,GS06-A1,2026-11-04T00:30:49.804179Z,2026-11-04T00:33:56.900408Z,261049.804179,261236.900408,187.096229,261049804179,261236900408,187096229,False,outside_horizon_padding,f15eacfea5f4fdf5ab36674c369deeac90ef1324f43cba80f9c6dc879aa792d5
CP-SOURCE-r000,A-U,r000,2026-11-01T00:00:00Z,CP-AU-r000:S-P01-S03:GS07:p0014,CP-AU-r000:S-P01-S03:GS07:p0014,S-P01-S03,GS07,GS07-A1,2026-11-04T00:32:23.734018Z,2026-11-04T00:41:43.581517Z,261143.734018,261703.581517,559.847499,261143734018,261703581517,559847499,False,outside_horizon_padding,f15eacfea5f4fdf5ab36674c369deeac90ef1324f43cba80f9c6dc879aa792d5
CP-SOURCE-r000,A-U,r000,2026-11-01T00:00:00Z,CP-AU-r000:S-P04-S11:GS03:p0013,CP-AU-r000:S-P04-S11:GS03:p0013,S-P04-S11,GS03,GS03-A1,2026-11-04T00:32:32.393912Z,2026-11-04T00:40:01.750155Z,261152.393912,261601.750155,449.356243,261152393912,261601750155,449356243,False,outside_horizon_padding,f15eacfea5f4fdf5ab36674c369deeac90ef1324f43cba80f9c6dc879aa792d5
CP-SOURCE-r000,A-U,r000,2026-11-01T00:00:00Z,CP-AU-r000:S-P04-S11:GS04:p0012,CP-AU-r000:S-P04-S11:GS04:p0012,S-P04-S11,GS04,GS04-A1,2026-11-04T00:32:46.868895Z,2026-11-04T00:41:35.113434Z,261166.868895,261695.113434,528.244539,261166868895,261695113434,528244539,False,outside_horizon_padding,f15eacfea5f4fdf5ab36674c369deeac90ef1324f43cba80f9c6dc879aa792d5
CP-SOURCE-r000,A-U,r000,2026-11-01T00:00:00Z,CP-AU-r000:S-P03-S12:GS07:p0014,CP-AU-r000:S-P03-S12:GS07:p0014,S-P03-S12,GS07,GS07-A1,2026-11-04T00:33:07.787491Z,2026-11-04T00:39:56.223646Z,261187.787491,261596.223646,408.436155,261187787491,261596223646,408436155,False,outside_horizon_padding,f15eacfea5f4fdf5ab36674c369deeac90ef1324f43cba80f9c6dc879aa792d5
CP-SOURCE-r000,A-U,r000,2026-11-01T00:00:00Z,CP-AU-r000:S-P04-S11:GS02:p0013,CP-AU-r000:S-P04-S11:GS02:p0013,S-P04-S11,GS02,GS02-A1,2026-11-04T00:33:09.788615Z,2026-11-04T00:37:42.472379Z,261189.788615,261462.472379,272.683764,261189788615,261462472379,272683764,False,outside_horizon_padding,f15eacfea5f4fdf5ab36674c369deeac90ef1324f43cba80f9c6dc879aa792d5
CP-SOURCE-r000,A-U,r000,2026-11-01T00:00:00Z,CP-AU-r000:S-P01-S03:GS01:p0013,CP-AU-r000:S-P01-S03:GS01:p0013,S-P01-S03,GS01,GS01-A1,2026-11-04T00:33:18.876051Z,2026-11-04T00:42:32.135487Z,261198.876051,261752.135487,553.259436,261198876051,261752135487,553259436,False,outside_horizon_padding,f15eacfea5f4fdf5ab36674c369deeac90ef1324f43cba80f9c6dc879aa792d5
CP-SOURCE-r000,A-U,r000,2026-11-01T00:00:00Z,CP-AU-r000:S-P04-S11:GS05:p0012,CP-AU-r000:S-P04-S11:GS05:p0012,S-P04-S11,GS05,GS05-A1,2026-11-04T00:33:29.433695Z,2026-11-04T00:42:47.272123Z,261209.433695,261767.272123,557.838428,261209433695,261767272123,557838428,False,outside_horizon_padding,f15eacfea5f4fdf5ab36674c369deeac90ef1324f43cba80f9c6dc879aa792d5
CP-SOURCE-r000,A-U,r000,2026-11-01T00:00:00Z,CP-AU-r000:S-P01-S03:GS08:p0014,CP-AU-r000:S-P01-S03:GS08:p0014,S-P01-S03,GS08,GS08-A1,2026-11-04T00:33:31.471461Z,2026-11-04T00:42:32.342500Z,261211.471461,261752.342500,540.871039,261211471461,261752342500,540871039,False,outside_horizon_padding,f15eacfea5f4fdf5ab36674c369deeac90ef1324f43cba80f9c6dc879aa792d5
CP-SOURCE-r000,A-U,r000,2026-11-01T00:00:00Z,CP-AU-r000:S-P03-S12:GS01:p0012,CP-AU-r000:S-P03-S12:GS01:p0012,S-P03-S12,GS01,GS01-A1,2026-11-04T00:33:48.201407Z,2026-11-04T00:37:52.662739Z,261228.201407,261472.662739,244.461332,261228201407,261472662739,244461332,False,outside_horizon_padding,f15eacfea5f4fdf5ab36674c369deeac90ef1324f43cba80f9c6dc879aa792d5
CP-SOURCE-r000,A-U,r000,2026-11-01T00:00:00Z,CP-AU-r000:S-P04-S11:GS10:p0013,CP-AU-r000:S-P04-S11:GS10:p0013,S-P04-S11,GS10,GS10-A1,2026-11-04T00:34:00.805678Z,2026-11-04T00:42:13.347796Z,261240.805678,261733.347796,492.542118,261240805678,261733347796,492542118,False,outside_horizon_padding,f15eacfea5f4fdf5ab36674c369deeac90ef1324f43cba80f9c6dc879aa792d5
CP-SOURCE-r000,A-U,r000,2026-11-01T00:00:00Z,CP-AU-r000:S-P04-S11:GS09:p0015,CP-AU-r000:S-P04-S11:GS09:p0015,S-P04-S11,GS09,GS09-A1,2026-11-04T00:34:05.260083Z,2026-11-04T00:40:25.823777Z,261245.260083,261625.823777,380.563694,261245260083,261625823777,380563694,False,outside_horizon_padding,f15eacfea5f4fdf5ab36674c369deeac90ef1324f43cba80f9c6dc879aa792d5
CP-SOURCE-r000,A-U,r000,2026-11-01T00:00:00Z,CP-AU-r000:S-P01-S03:GS02:p0013,CP-AU-r000:S-P01-S03:GS02:p0013,S-P01-S03,GS02,GS02-A1,2026-11-04T00:34:17.972713Z,2026-11-04T00:43:34.200215Z,261257.972713,261814.200215,556.227502,261257972713,261814200215,556227502,False,outside_horizon_padding,f15eacfea5f4fdf5ab36674c369deeac90ef1324f43cba80f9c6dc879aa792d5
CP-SOURCE-r000,A-U,r000,2026-11-01T00:00:00Z,CP-AU-r000:S-P04-S11:GS11:p0013,CP-AU-r000:S-P04-S11:GS11:p0013,S-P04-S11,GS11,GS11-A1,2026-11-04T00:34:29.583690Z,2026-11-04T00:43:34.677679Z,261269.583690,261814.677679,545.093989,261269583690,261814677679,545093989,False,outside_horizon_padding,f15eacfea5f4fdf5ab36674c369deeac90ef1324f43cba80f9c6dc879aa792d5
CP-SOURCE-r000,A-U,r000,2026-11-01T00:00:00Z,CP-AU-r000:S-P04-S11:GS06:p0014,CP-AU-r000:S-P04-S11:GS06:p0014,S-P04-S11,GS06,GS06-A1,2026-11-04T00:34:34.322838Z,2026-11-04T00:43:44.984958Z,261274.322838,261824.984958,550.662120,261274322838,261824984958,550662120,False,outside_horizon_padding,f15eacfea5f4fdf5ab36674c369deeac90ef1324f43cba80f9c6dc879aa792d5
CP-SOURCE-r000,A-U,r000,2026-11-01T00:00:00Z,CP-AU-r000:S-P01-S03:GS09:p0015,CP-AU-r000:S-P01-S03:GS09:p0015,S-P01-S03,GS09,GS09-A1,2026-11-04T00:34:55.017054Z,2026-11-04T00:42:57.584435Z,261295.017054,261777.584435,482.567381,261295017054,261777584435,482567381,False,outside_horizon_padding,f15eacfea5f4fdf5ab36674c369deeac90ef1324f43cba80f9c6dc879aa792d5
CP-SOURCE-r000,A-U,r000,2026-11-01T00:00:00Z,CP-AU-r000:S-P04-S11:GS12:p0015,CP-AU-r000:S-P04-S11:GS12:p0015,S-P04-S11,GS12,GS12-A1,2026-11-04T00:35:21.053088Z,2026-11-04T00:44:41.101571Z,261321.053088,261881.101571,560.048483,261321053088,261881101571,560048483,False,outside_horizon_padding,f15eacfea5f4fdf5ab36674c369deeac90ef1324f43cba80f9c6dc879aa792d5
CP-SOURCE-r000,A-U,r000,2026-11-01T00:00:00Z,CP-AU-r000:S-P03-S12:GS08:p0015,CP-AU-r000:S-P03-S12:GS08:p0015,S-P03-S12,GS08,GS08-A1,2026-11-04T00:35:27.511113Z,2026-11-04T00:40:15.618359Z,261327.511113,261615.618359,288.107246,261327511113,261615618359,288107246,False,outside_horizon_padding,f15eacfea5f4fdf5ab36674c369deeac90ef1324f43cba80f9c6dc879aa792d5
CP-SOURCE-r000,A-U,r000,2026-11-01T00:00:00Z,CP-AU-r000:S-P01-S03:GS03:p0014,CP-AU-r000:S-P01-S03:GS03:p0014,S-P01-S03,GS03,GS03-A1,2026-11-04T00:35:32.097551Z,2026-11-04T00:44:13.468786Z,261332.097551,261853.468786,521.371235,261332097551,261853468786,521371235,False,outside_horizon_padding,f15eacfea5f4fdf5ab36674c369deeac90ef1324f43cba80f9c6dc879aa792d5
CP-SOURCE-r000,A-U,r000,2026-11-01T00:00:00Z,CP-AU-r000:S-P02-S02:GS11:p0013,CP-AU-r000:S-P02-S02:GS11:p0013,S-P02-S02,GS11,GS11-A1,2026-11-04T00:36:41.437513Z,2026-11-04T00:41:48.955890Z,261401.437513,261708.955890,307.518377,261401437513,261708955890,307518377,False,outside_horizon_padding,f15eacfea5f4fdf5ab36674c369deeac90ef1324f43cba80f9c6dc879aa792d5
CP-SOURCE-r000,A-U,r000,2026-11-01T00:00:00Z,CP-AU-r000:S-P01-S03:GS10:p0015,CP-AU-r000:S-P01-S03:GS10:p0015,S-P01-S03,GS10,GS10-A1,2026-11-04T00:36:47.534109Z,2026-11-04T00:42:46.887979Z,261407.534109,261766.887979,359.353870,261407534109,261766887979,359353870,False,outside_horizon_padding,f15eacfea5f4fdf5ab36674c369deeac90ef1324f43cba80f9c6dc879aa792d5
CP-SOURCE-r000,A-U,r000,2026-11-01T00:00:00Z,CP-AU-r000:S-P02-S02:GS12:p0013,CP-AU-r000:S-P02-S02:GS12:p0013,S-P02-S02,GS12,GS12-A1,2026-11-04T00:37:03.415314Z,2026-11-04T00:44:04.477534Z,261423.415314,261844.477534,421.062220,261423415314,261844477534,421062220,False,outside_horizon_padding,f15eacfea5f4fdf5ab36674c369deeac90ef1324f43cba80f9c6dc879aa792d5
CP-SOURCE-r000,A-U,r000,2026-11-01T00:00:00Z,CP-AU-r000:S-P01-S03:GS04:p0014,CP-AU-r000:S-P01-S03:GS04:p0014,S-P01-S03,GS04,GS04-A1,2026-11-04T00:37:09.015613Z,2026-11-04T00:44:23.165339Z,261429.015613,261863.165339,434.149726,261429015613,261863165339,434149726,False,outside_horizon_padding,f15eacfea5f4fdf5ab36674c369deeac90ef1324f43cba80f9c6dc879aa792d5
CP-SOURCE-r000,A-U,r000,2026-11-01T00:00:00Z,CP-AU-r000:S-P02-S02:GS10:p0014,CP-AU-r000:S-P02-S02:GS10:p0014,S-P02-S02,GS10,GS10-A1,2026-11-04T00:37:14.950191Z,2026-11-04T00:38:27.420077Z,261434.950191,261507.420077,72.469886,261434950191,261507420077,72469886,False,outside_horizon_padding,f15eacfea5f4fdf5ab36674c369deeac90ef1324f43cba80f9c6dc879aa792d5
CP-SOURCE-r000,A-U,r000,2026-11-01T00:00:00Z,CP-AU-r000:S-P02-S02:GS06:p0012,CP-AU-r000:S-P02-S02:GS06:p0012,S-P02-S02,GS06,GS06-A1,2026-11-04T00:38:59.343213Z,2026-11-04T00:43:32.940678Z,261539.343213,261812.940678,273.597465,261539343213,261812940678,273597465,False,outside_horizon_padding,f15eacfea5f4fdf5ab36674c369deeac90ef1324f43cba80f9c6dc879aa792d5
CP-SOURCE-r000,A-U,r000,2026-11-01T00:00:00Z,CP-AU-r000:S-P01-S03:GS05:p0012,CP-AU-r000:S-P01-S03:GS05:p0012,S-P01-S03,GS05,GS05-A1,2026-11-04T00:39:40.502174Z,2026-11-04T00:43:32.431033Z,261580.502174,261812.431033,231.928859,261580502174,261812431033,231928859,False,outside_horizon_padding,f15eacfea5f4fdf5ab36674c369deeac90ef1324f43cba80f9c6dc879aa792d5
CP-SOURCE-r000,A-U,r000,2026-11-01T00:00:00Z,CP-AU-r000:S-P04-S10:GS03:p0012,CP-AU-r000:S-P04-S10:GS03:p0012,S-P04-S10,GS03,GS03-A1,2026-11-04T00:40:57.657596Z,2026-11-04T00:49:02.180759Z,261657.657596,262142.180759,484.523163,261657657596,262142180759,484523163,False,outside_horizon_padding,f15eacfea5f4fdf5ab36674c369deeac90ef1324f43cba80f9c6dc879aa792d5
CP-SOURCE-r000,A-U,r000,2026-11-01T00:00:00Z,CP-AU-r000:S-P01-S02:GS07:p0014,CP-AU-r000:S-P01-S02:GS07:p0014,S-P01-S02,GS07,GS07-A1,2026-11-04T00:41:10.421527Z,2026-11-04T00:50:27.322525Z,261670.421527,262227.322525,556.900998,261670421527,262227322525,556900998,False,outside_horizon_padding,f15eacfea5f4fdf5ab36674c369deeac90ef1324f43cba80f9c6dc879aa792d5
CP-SOURCE-r000,A-U,r000,2026-11-01T00:00:00Z,CP-AU-r000:S-P04-S10:GS02:p0013,CP-AU-r000:S-P04-S10:GS02:p0013,S-P04-S10,GS02,GS02-A1,2026-11-04T00:41:10.644378Z,2026-11-04T00:47:05.300288Z,261670.644378,262025.300288,354.655910,261670644378,262025300288,354655910,False,outside_horizon_padding,f15eacfea5f4fdf5ab36674c369deeac90ef1324f43cba80f9c6dc879aa792d5
CP-SOURCE-r000,A-U,r000,2026-11-01T00:00:00Z,CP-AU-r000:S-P04-S10:GS04:p0013,CP-AU-r000:S-P04-S10:GS04:p0013,S-P04-S10,GS04,GS04-A1,2026-11-04T00:41:23.280807Z,2026-11-04T00:50:26.729767Z,261683.280807,262226.729767,543.448960,261683280807,262226729767,543448960,False,outside_horizon_padding,f15eacfea5f4fdf5ab36674c369deeac90ef1324f43cba80f9c6dc879aa792d5
CP-SOURCE-r000,A-U,r000,2026-11-01T00:00:00Z,CP-AU-r000:S-P01-S02:GS01:p0013,CP-AU-r000:S-P01-S02:GS01:p0013,S-P01-S02,GS01,GS01-A1,2026-11-04T00:42:02.433425Z,2026-11-04T00:51:20.684196Z,261722.433425,262280.684196,558.250771,261722433425,262280684196,558250771,False,outside_horizon_padding,f15eacfea5f4fdf5ab36674c369deeac90ef1324f43cba80f9c6dc879aa792d5
CP-SOURCE-r000,A-U,r000,2026-11-01T00:00:00Z,CP-AU-r000:S-P04-S10:GS05:p0012,CP-AU-r000:S-P04-S10:GS05:p0012,S-P04-S10,GS05,GS05-A1,2026-11-04T00:42:14.105853Z,2026-11-04T00:51:33.306911Z,261734.105853,262293.306911,559.201058,261734105853,262293306911,559201058,False,outside_horizon_padding,f15eacfea5f4fdf5ab36674c369deeac90ef1324f43cba80f9c6dc879aa792d5
CP-SOURCE-r000,A-U,r000,2026-11-01T00:00:00Z,CP-AU-r000:S-P03-S11:GS07:p0014,CP-AU-r000:S-P03-S11:GS07:p0014,S-P03-S11,GS07,GS07-A1,2026-11-04T00:42:17.834276Z,2026-11-04T00:48:29.589703Z,261737.834276,262109.589703,371.755427,261737834276,262109589703,371755427,False,outside_horizon_padding,f15eacfea5f4fdf5ab36674c369deeac90ef1324f43cba80f9c6dc879aa792d5
CP-SOURCE-r000,A-U,r000,2026-11-01T00:00:00Z,CP-AU-r000:S-P04-S10:GS09:p0014,CP-AU-r000:S-P04-S10:GS09:p0014,S-P04-S10,GS09,GS09-A1,2026-11-04T00:42:22.572387Z,2026-11-04T00:49:32.481522Z,261742.572387,262172.481522,429.909135,261742572387,262172481522,429909135,False,outside_horizon_padding,f15eacfea5f4fdf5ab36674c369deeac90ef1324f43cba80f9c6dc879aa792d5
CP-SOURCE-r000,A-U,r000,2026-11-01T00:00:00Z,CP-AU-r000:S-P01-S02:GS08:p0015,CP-AU-r000:S-P01-S02:GS08:p0015,S-P01-S02,GS08,GS08-A1,2026-11-04T00:42:22.997225Z,2026-11-04T00:51:08.420906Z,261742.997225,262268.420906,525.423681,261742997225,262268420906,525423681,False,outside_horizon_padding,f15eacfea5f4fdf5ab36674c369deeac90ef1324f43cba80f9c6dc879aa792d5
CP-SOURCE-r000,A-U,r000,2026-11-01T00:00:00Z,CP-AU-r000:S-P04-S10:GS10:p0013,CP-AU-r000:S-P04-S10:GS10:p0013,S-P04-S10,GS10,GS10-A1,2026-11-04T00:42:32.093302Z,2026-11-04T00:51:08.444820Z,261752.093302,262268.444820,516.351518,261752093302,262268444820,516351518,False,outside_horizon_padding,f15eacfea5f4fdf5ab36674c369deeac90ef1324f43cba80f9c6dc879aa792d5
CP-SOURCE-r000,A-U,r000,2026-11-01T00:00:00Z,CP-AU-r000:S-P01-S02:GS02:p0013,CP-AU-r000:S-P01-S02:GS02:p0013,S-P01-S02,GS02,GS02-A1,2026-11-04T00:43:06.392852Z,2026-11-04T00:52:15.012593Z,261786.392852,262335.012593,548.619741,261786392852,262335012593,548619741,False,outside_horizon_padding,f15eacfea5f4fdf5ab36674c369deeac90ef1324f43cba80f9c6dc879aa792d5
CP-SOURCE-r000,A-U,r000,2026-11-01T00:00:00Z,CP-AU-r000:S-P04-S10:GS11:p0014,CP-AU-r000:S-P04-S10:GS11:p0014,S-P04-S10,GS11,GS11-A1,2026-11-04T00:43:09.586000Z,2026-11-04T00:52:23.735415Z,261789.586000,262343.735415,554.149415,261789586000,262343735415,554149415,False,outside_horizon_padding,f15eacfea5f4fdf5ab36674c369deeac90ef1324f43cba80f9c6dc879aa792d5
CP-SOURCE-r000,A-U,r000,2026-11-01T00:00:00Z,CP-AU-r000:S-P04-S10:GS08:p0014,CP-AU-r000:S-P04-S10:GS08:p0014,S-P04-S10,GS08,GS08-A1,2026-11-04T00:43:09.635086Z,2026-11-04T00:47:06.517253Z,261789.635086,262026.517253,236.882167,261789635086,262026517253,236882167,False,outside_horizon_padding,f15eacfea5f4fdf5ab36674c369deeac90ef1324f43cba80f9c6dc879aa792d5
CP-SOURCE-r000,A-U,r000,2026-11-01T00:00:00Z,CP-AU-r000:S-P04-S10:GS06:p0014,CP-AU-r000:S-P04-S10:GS06:p0014,S-P04-S10,GS06,GS06-A1,2026-11-04T00:43:26.500723Z,2026-11-04T00:52:26.560080Z,261806.500723,262346.560080,540.059357,261806500723,262346560080,540059357,False,outside_horizon_padding,f15eacfea5f4fdf5ab36674c369deeac90ef1324f43cba80f9c6dc879aa792d5
CP-SOURCE-r000,A-U,r000,2026-11-01T00:00:00Z,CP-AU-r000:S-P03-S11:GS01:p0012,CP-AU-r000:S-P03-S11:GS01:p0012,S-P03-S11,GS01,GS01-A1,2026-11-04T00:43:34.019419Z,2026-11-04T00:45:53.076440Z,261814.019419,261953.076440,139.057021,261814019419,261953076440,139057021,False,outside_horizon_padding,f15eacfea5f4fdf5ab36674c369deeac90ef1324f43cba80f9c6dc879aa792d5
CP-SOURCE-r000,A-U,r000,2026-11-01T00:00:00Z,CP-AU-r000:S-P01-S02:GS09:p0015,CP-AU-r000:S-P01-S02:GS09:p0015,S-P01-S02,GS09,GS09-A1,2026-11-04T00:43:54.441545Z,2026-11-04T00:51:23.209614Z,261834.441545,262283.209614,448.768069,261834441545,262283209614,448768069,False,outside_horizon_padding,f15eacfea5f4fdf5ab36674c369deeac90ef1324f43cba80f9c6dc879aa792d5
CP-SOURCE-r000,A-U,r000,2026-11-01T00:00:00Z,CP-AU-r000:S-P04-S10:GS12:p0016,CP-AU-r000:S-P04-S10:GS12:p0016,S-P04-S10,GS12,GS12-A1,2026-11-04T00:44:08.095507Z,2026-11-04T00:53:26.068278Z,261848.095507,262406.068278,557.972771,261848095507,262406068278,557972771,False,outside_horizon_padding,f15eacfea5f4fdf5ab36674c369deeac90ef1324f43cba80f9c6dc879aa792d5
CP-SOURCE-r000,A-U,r000,2026-11-01T00:00:00Z,CP-AU-r000:S-P01-S02:GS03:p0014,CP-AU-r000:S-P01-S02:GS03:p0014,S-P01-S02,GS03,GS03-A1,2026-11-04T00:44:27.262596Z,2026-11-04T00:52:45.020720Z,261867.262596,262365.020720,497.758124,261867262596,262365020720,497758124,False,outside_horizon_padding,f15eacfea5f4fdf5ab36674c369deeac90ef1324f43cba80f9c6dc879aa792d5
CP-SOURCE-r000,A-U,r000,2026-11-01T00:00:00Z,CP-AU-r000:S-P03-S11:GS08:p0016,CP-AU-r000:S-P03-S11:GS08:p0016,S-P03-S11,GS08,GS08-A1,2026-11-04T00:44:51.623970Z,2026-11-04T00:48:38.656492Z,261891.623970,262118.656492,227.032522,261891623970,262118656492,227032522,False,outside_horizon_padding,f15eacfea5f4fdf5ab36674c369deeac90ef1324f43cba80f9c6dc879aa792d5
CP-SOURCE-r000,A-U,r000,2026-11-01T00:00:00Z,CP-AU-r000:S-P02-S01:GS10:p0013,CP-AU-r000:S-P02-S01:GS10:p0013,S-P02-S01,GS10,GS10-A1,2026-11-04T00:45:09.267086Z,2026-11-04T00:48:22.075285Z,261909.267086,262102.075285,192.808199,261909267086,262102075285,192808199,False,outside_horizon_padding,f15eacfea5f4fdf5ab36674c369deeac90ef1324f43cba80f9c6dc879aa792d5
CP-SOURCE-r000,A-U,r000,2026-11-01T00:00:00Z,CP-AU-r000:S-P02-S01:GS11:p0013,CP-AU-r000:S-P02-S01:GS11:p0013,S-P02-S01,GS11,GS11-A1,2026-11-04T00:45:10.978479Z,2026-11-04T00:51:04.671541Z,261910.978479,262264.671541,353.693062,261910978479,262264671541,353693062,False,outside_horizon_padding,f15eacfea5f4fdf5ab36674c369deeac90ef1324f43cba80f9c6dc879aa792d5
CP-SOURCE-r000,A-U,r000,2026-11-01T00:00:00Z,CP-AU-r000:S-P02-S01:GS12:p0014,CP-AU-r000:S-P02-S01:GS12:p0014,S-P02-S01,GS12,GS12-A1,2026-11-04T00:45:39.110070Z,2026-11-04T00:53:10.300959Z,261939.110070,262390.300959,451.190889,261939110070,262390300959,451190889,False,outside_horizon_padding,f15eacfea5f4fdf5ab36674c369deeac90ef1324f43cba80f9c6dc879aa792d5
CP-SOURCE-r000,A-U,r000,2026-11-01T00:00:00Z,CP-AU-r000:S-P01-S02:GS10:p0015,CP-AU-r000:S-P01-S02:GS10:p0015,S-P01-S02,GS10,GS10-A1,2026-11-04T00:46:06.600441Z,2026-11-04T00:50:50.565908Z,261966.600441,262250.565908,283.965467,261966600441,262250565908,283965467,False,outside_horizon_padding,f15eacfea5f4fdf5ab36674c369deeac90ef1324f43cba80f9c6dc879aa792d5
CP-SOURCE-r000,A-U,r000,2026-11-01T00:00:00Z,CP-AU-r000:S-P01-S02:GS04:p0013,CP-AU-r000:S-P01-S02:GS04:p0013,S-P01-S02,GS04,GS04-A1,2026-11-04T00:46:16.730439Z,2026-11-04T00:52:39.985603Z,261976.730439,262359.985603,383.255164,261976730439,262359985603,383255164,False,outside_horizon_padding,f15eacfea5f4fdf5ab36674c369deeac90ef1324f43cba80f9c6dc879aa792d5
CP-SOURCE-r000,A-U,r000,2026-11-01T00:00:00Z,CP-AU-r000:S-P02-S01:GS06:p0012,CP-AU-r000:S-P02-S01:GS06:p0012,S-P02-S01,GS06,GS06-A1,2026-11-04T00:47:20.343809Z,2026-11-04T00:52:56.027173Z,262040.343809,262376.027173,335.683364,262040343809,262376027173,335683364,False,outside_horizon_padding,f15eacfea5f4fdf5ab36674c369deeac90ef1324f43cba80f9c6dc879aa792d5
CP-SOURCE-r000,A-U,r000,2026-11-01T00:00:00Z,CP-AU-r000:S-P02-S01:GS05:p0013,CP-AU-r000:S-P02-S01:GS05:p0013,S-P02-S01,GS05,GS05-A1,2026-11-04T00:48:30.393655Z,2026-11-04T00:49:04.526963Z,262110.393655,262144.526963,34.133308,262110393655,262144526963,34133308,False,outside_horizon_padding,f15eacfea5f4fdf5ab36674c369deeac90ef1324f43cba80f9c6dc879aa792d5
CP-SOURCE-r000,A-U,r000,2026-11-01T00:00:00Z,CP-AU-r000:S-P04-S09:GS02:p0013,CP-AU-r000:S-P04-S09:GS02:p0013,S-P04-S09,GS02,GS02-A1,2026-11-04T00:49:23.782701Z,2026-11-04T00:56:16.523011Z,262163.782701,262576.523011,412.740310,262163782701,262576523011,412740310,False,outside_horizon_padding,f15eacfea5f4fdf5ab36674c369deeac90ef1324f43cba80f9c6dc879aa792d5
CP-SOURCE-r000,A-U,r000,2026-11-01T00:00:00Z,CP-AU-r000:S-P04-S09:GS03:p0012,CP-AU-r000:S-P04-S09:GS03:p0012,S-P04-S09,GS03,GS03-A1,2026-11-04T00:49:27.467908Z,2026-11-04T00:57:58.855119Z,262167.467908,262678.855119,511.387211,262167467908,262678855119,511387211,False,outside_horizon_padding,f15eacfea5f4fdf5ab36674c369deeac90ef1324f43cba80f9c6dc879aa792d5
CP-SOURCE-r000,A-U,r000,2026-11-01T00:00:00Z,CP-AU-r000:S-P01-S01:GS07:p0014,CP-AU-r000:S-P01-S01:GS07:p0014,S-P01-S01,GS07,GS07-A1,2026-11-04T00:49:58.626058Z,2026-11-04T00:59:08.511883Z,262198.626058,262748.511883,549.885825,262198626058,262748511883,549885825,False,outside_horizon_padding,f15eacfea5f4fdf5ab36674c369deeac90ef1324f43cba80f9c6dc879aa792d5
CP-SOURCE-r000,A-U,r000,2026-11-01T00:00:00Z,CP-AU-r000:S-P04-S09:GS04:p0013,CP-AU-r000:S-P04-S09:GS04:p0013,S-P04-S09,GS04,GS04-A1,2026-11-04T00:50:02.800007Z,2026-11-04T00:59:16.148397Z,262202.800007,262756.148397,553.348390,262202800007,262756148397,553348390,False,outside_horizon_padding,f15eacfea5f4fdf5ab36674c369deeac90ef1324f43cba80f9c6dc879aa792d5
CP-SOURCE-r000,A-U,r000,2026-11-01T00:00:00Z,CP-AU-r000:S-P04-S09:GS01:p0013,CP-AU-r000:S-P04-S09:GS01:p0013,S-P04-S09,GS01,GS01-A1,2026-11-04T00:50:37.860920Z,2026-11-04T00:53:22.126678Z,262237.860920,262402.126678,164.265758,262237860920,262402126678,164265758,False,outside_horizon_padding,f15eacfea5f4fdf5ab36674c369deeac90ef1324f43cba80f9c6dc879aa792d5
CP-SOURCE-r000,A-U,r000,2026-11-01T00:00:00Z,CP-AU-r000:S-P04-S09:GS09:p0013,CP-AU-r000:S-P04-S09:GS09:p0013,S-P04-S09,GS09,GS09-A1,2026-11-04T00:50:45.983547Z,2026-11-04T00:58:33.868238Z,262245.983547,262713.868238,467.884691,262245983547,262713868238,467884691,False,outside_horizon_padding,f15eacfea5f4fdf5ab36674c369deeac90ef1324f43cba80f9c6dc879aa792d5
CP-SOURCE-r000,A-U,r000,2026-11-01T00:00:00Z,CP-AU-r000:S-P01-S01:GS01:p0013,CP-AU-r000:S-P01-S01:GS01:p0013,S-P01-S01,GS01,GS01-A1,2026-11-04T00:50:47.602934Z,2026-11-04T01:00:00.000000Z,262247.602934,262800.000000,552.397066,262247602934,262800000000,552397066,False,outside_horizon_padding,f15eacfea5f4fdf5ab36674c369deeac90ef1324f43cba80f9c6dc879aa792d5
CP-SOURCE-r000,A-U,r000,2026-11-01T00:00:00Z,CP-AU-r000:S-P04-S09:GS05:p0013,CP-AU-r000:S-P04-S09:GS05:p0013,S-P04-S09,GS05,GS05-A1,2026-11-04T00:51:01.464665Z,2026-11-04T01:00:00.000000Z,262261.464665,262800.000000,538.535335,262261464665,262800000000,538535335,False,outside_horizon_padding,f15eacfea5f4fdf5ab36674c369deeac90ef1324f43cba80f9c6dc879aa792d5
CP-SOURCE-r000,A-U,r000,2026-11-01T00:00:00Z,CP-AU-r000:S-P04-S09:GS08:p0014,CP-AU-r000:S-P04-S09:GS08:p0014,S-P04-S09,GS08,GS08-A1,2026-11-04T00:51:05.380157Z,2026-11-04T00:56:33.312302Z,262265.380157,262593.312302,327.932145,262265380157,262593312302,327932145,False,outside_horizon_padding,f15eacfea5f4fdf5ab36674c369deeac90ef1324f43cba80f9c6dc879aa792d5
CP-SOURCE-r000,A-U,r000,2026-11-01T00:00:00Z,CP-AU-r000:S-P04-S09:GS10:p0013,CP-AU-r000:S-P04-S09:GS10:p0013,S-P04-S09,GS10,GS10-A1,2026-11-04T00:51:06.788383Z,2026-11-04T01:00:00.000000Z,262266.788383,262800.000000,533.211617,262266788383,262800000000,533211617,False,outside_horizon_padding,f15eacfea5f4fdf5ab36674c369deeac90ef1324f43cba80f9c6dc879aa792d5
CP-SOURCE-r000,A-U,r000,2026-11-01T00:00:00Z,CP-AU-r000:S-P01-S01:GS08:p0016,CP-AU-r000:S-P01-S01:GS08:p0016,S-P01-S01,GS08,GS08-A1,2026-11-04T00:51:16.808496Z,2026-11-04T00:59:41.277420Z,262276.808496,262781.277420,504.468924,262276808496,262781277420,504468924,False,outside_horizon_padding,f15eacfea5f4fdf5ab36674c369deeac90ef1324f43cba80f9c6dc879aa792d5
CP-SOURCE-r000,A-U,r000,2026-11-01T00:00:00Z,CP-AU-r000:S-P03-S10:GS07:p0015,CP-AU-r000:S-P03-S10:GS07:p0015,S-P03-S10,GS07,GS07-A1,2026-11-04T00:51:31.576279Z,2026-11-04T00:57:00.588853Z,262291.576279,262620.588853,329.012574,262291576279,262620588853,329012574,False,outside_horizon_padding,f15eacfea5f4fdf5ab36674c369deeac90ef1324f43cba80f9c6dc879aa792d5
CP-SOURCE-r000,A-U,r000,2026-11-01T00:00:00Z,CP-AU-r000:S-P04-S09:GS11:p0015,CP-AU-r000:S-P04-S09:GS11:p0015,S-P04-S09,GS11,GS11-A1,2026-11-04T00:51:52.200419Z,2026-11-04T01:00:00.000000Z,262312.200419,262800.000000,487.799581,262312200419,262800000000,487799581,False,outside_horizon_padding,f15eacfea5f4fdf5ab36674c369deeac90ef1324f43cba80f9c6dc879aa792d5
CP-SOURCE-r000,A-U,r000,2026-11-01T00:00:00Z,CP-AU-r000:S-P01-S01:GS02:p0014,CP-AU-r000:S-P01-S01:GS02:p0014,S-P01-S01,GS02,GS02-A1,2026-11-04T00:51:56.887582Z,2026-11-04T01:00:00.000000Z,262316.887582,262800.000000,483.112418,262316887582,262800000000,483112418,False,outside_horizon_padding,f15eacfea5f4fdf5ab36674c369deeac90ef1324f43cba80f9c6dc879aa792d5
CP-SOURCE-r000,A-U,r000,2026-11-01T00:00:00Z,CP-AU-r000:S-P04-S09:GS06:p0014,CP-AU-r000:S-P04-S09:GS06:p0014,S-P04-S09,GS06,GS06-A1,2026-11-04T00:52:21.376581Z,2026-11-04T01:00:00.000000Z,262341.376581,262800.000000,458.623419,262341376581,262800000000,458623419,False,outside_horizon_padding,f15eacfea5f4fdf5ab36674c369deeac90ef1324f43cba80f9c6dc879aa792d5
CP-SOURCE-r000,A-U,r000,2026-11-01T00:00:00Z,CP-AU-r000:S-P04-S09:GS12:p0016,CP-AU-r000:S-P04-S09:GS12:p0016,S-P04-S09,GS12,GS12-A1,2026-11-04T00:52:57.468326Z,2026-11-04T01:00:00.000000Z,262377.468326,262800.000000,422.531674,262377468326,262800000000,422531674,False,outside_horizon_padding,f15eacfea5f4fdf5ab36674c369deeac90ef1324f43cba80f9c6dc879aa792d5
CP-SOURCE-r000,A-U,r000,2026-11-01T00:00:00Z,CP-AU-r000:S-P01-S01:GS09:p0015,CP-AU-r000:S-P01-S01:GS09:p0015,S-P01-S01,GS09,GS09-A1,2026-11-04T00:52:58.369964Z,2026-11-04T00:59:43.485374Z,262378.369964,262783.485374,405.115410,262378369964,262783485374,405115410,False,outside_horizon_padding,f15eacfea5f4fdf5ab36674c369deeac90ef1324f43cba80f9c6dc879aa792d5
CP-SOURCE-r000,A-U,r000,2026-11-01T00:00:00Z,CP-AU-r000:S-P01-S01:GS03:p0014,CP-AU-r000:S-P01-S01:GS03:p0014,S-P01-S01,GS03,GS03-A1,2026-11-04T00:53:25.800626Z,2026-11-04T01:00:00.000000Z,262405.800626,262800.000000,394.199374,262405800626,262800000000,394199374,False,outside_horizon_padding,f15eacfea5f4fdf5ab36674c369deeac90ef1324f43cba80f9c6dc879aa792d5
CP-SOURCE-r000,A-U,r000,2026-11-01T00:00:00Z,CP-AU-r000:S-P02-S12:GS10:p0013,CP-AU-r000:S-P02-S12:GS10:p0013,S-P02-S12,GS10,GS10-A1,2026-11-04T00:53:28.211313Z,2026-11-04T00:57:50.797221Z,262408.211313,262670.797221,262.585908,262408211313,262670797221,262585908,False,outside_horizon_padding,f15eacfea5f4fdf5ab36674c369deeac90ef1324f43cba80f9c6dc879aa792d5
CP-SOURCE-r000,A-U,r000,2026-11-01T00:00:00Z,CP-AU-r000:S-P02-S12:GS11:p0013,CP-AU-r000:S-P02-S12:GS11:p0013,S-P02-S12,GS11,GS11-A1,2026-11-04T00:53:43.298196Z,2026-11-04T01:00:00.000000Z,262423.298196,262800.000000,376.701804,262423298196,262800000000,376701804,False,outside_horizon_padding,f15eacfea5f4fdf5ab36674c369deeac90ef1324f43cba80f9c6dc879aa792d5
CP-SOURCE-r000,A-U,r000,2026-11-01T00:00:00Z,CP-AU-r000:S-P02-S12:GS12:p0014,CP-AU-r000:S-P02-S12:GS12:p0014,S-P02-S12,GS12,GS12-A1,2026-11-04T00:54:16.210131Z,2026-11-04T01:00:00.000000Z,262456.210131,262800.000000,343.789869,262456210131,262800000000,343789869,False,outside_horizon_padding,f15eacfea5f4fdf5ab36674c369deeac90ef1324f43cba80f9c6dc879aa792d5
CP-SOURCE-r000,A-U,r000,2026-11-01T00:00:00Z,CP-AU-r000:S-P03-S10:GS08:p0016,CP-AU-r000:S-P03-S10:GS08:p0016,S-P03-S10,GS08,GS08-A1,2026-11-04T00:54:29.047142Z,2026-11-04T00:56:49.693047Z,262469.047142,262609.693047,140.645905,262469047142,262609693047,140645905,False,outside_horizon_padding,f15eacfea5f4fdf5ab36674c369deeac90ef1324f43cba80f9c6dc879aa792d5
CP-SOURCE-r000,A-U,r000,2026-11-01T00:00:00Z,CP-AU-r000:S-P01-S01:GS04:p0012,CP-AU-r000:S-P01-S01:GS04:p0012,S-P01-S01,GS04,GS04-A1,2026-11-04T00:55:33.314949Z,2026-11-04T01:00:00.000000Z,262533.314949,262800.000000,266.685051,262533314949,262800000000,266685051,False,outside_horizon_padding,f15eacfea5f4fdf5ab36674c369deeac90ef1324f43cba80f9c6dc879aa792d5
CP-SOURCE-r000,A-U,r000,2026-11-01T00:00:00Z,CP-AU-r000:S-P02-S12:GS06:p0013,CP-AU-r000:S-P02-S12:GS06:p0013,S-P02-S12,GS06,GS06-A1,2026-11-04T00:55:47.057486Z,2026-11-04T01:00:00.000000Z,262547.057486,262800.000000,252.942514,262547057486,262800000000,252942514,False,outside_horizon_padding,f15eacfea5f4fdf5ab36674c369deeac90ef1324f43cba80f9c6dc879aa792d5
CP-SOURCE-r000,A-U,r000,2026-11-01T00:00:00Z,CP-AU-r000:S-P01-S01:GS10:p0014,CP-AU-r000:S-P01-S01:GS10:p0014,S-P01-S01,GS10,GS10-A1,2026-11-04T00:55:49.648145Z,2026-11-04T00:58:29.498962Z,262549.648145,262709.498962,159.850817,262549648145,262709498962,159850817,False,outside_horizon_padding,f15eacfea5f4fdf5ab36674c369deeac90ef1324f43cba80f9c6dc879aa792d5
CP-SOURCE-r000,A-U,r000,2026-11-01T00:00:00Z,CP-AU-r000:S-P02-S12:GS05:p0012,CP-AU-r000:S-P02-S12:GS05:p0012,S-P02-S12,GS05,GS05-A1,2026-11-04T00:55:57.922285Z,2026-11-04T00:59:23.813724Z,262557.922285,262763.813724,205.891439,262557922285,262763813724,205891439,False,outside_horizon_padding,f15eacfea5f4fdf5ab36674c369deeac90ef1324f43cba80f9c6dc879aa792d5
CP-SOURCE-r000,A-U,r000,2026-11-01T00:00:00Z,CP-AU-r000:S-P04-S08:GS02:p0013,CP-AU-r000:S-P04-S08:GS02:p0013,S-P04-S08,GS02,GS02-A1,2026-11-04T00:57:44.457362Z,2026-11-04T01:00:00.000000Z,262664.457362,262800.000000,135.542638,262664457362,262800000000,135542638,False,outside_horizon_padding,f15eacfea5f4fdf5ab36674c369deeac90ef1324f43cba80f9c6dc879aa792d5
CP-SOURCE-r000,A-U,r000,2026-11-01T00:00:00Z,CP-AU-r000:S-P04-S08:GS03:p0012,CP-AU-r000:S-P04-S08:GS03:p0012,S-P04-S08,GS03,GS03-A1,2026-11-04T00:58:01.101796Z,2026-11-04T01:00:00.000000Z,262681.101796,262800.000000,118.898204,262681101796,262800000000,118898204,False,outside_horizon_padding,f15eacfea5f4fdf5ab36674c369deeac90ef1324f43cba80f9c6dc879aa792d5
CP-SOURCE-r000,A-U,r000,2026-11-01T00:00:00Z,CP-AU-r000:S-P04-S08:GS01:p0013,CP-AU-r000:S-P04-S08:GS01:p0013,S-P04-S08,GS01,GS01-A1,2026-11-04T00:58:16.449690Z,2026-11-04T01:00:00.000000Z,262696.449690,262800.000000,103.550310,262696449690,262800000000,103550310,False,outside_horizon_padding,f15eacfea5f4fdf5ab36674c369deeac90ef1324f43cba80f9c6dc879aa792d5
CP-SOURCE-r000,A-U,r000,2026-11-01T00:00:00Z,CP-AU-r000:S-P04-S08:GS04:p0013,CP-AU-r000:S-P04-S08:GS04:p0013,S-P04-S08,GS04,GS04-A1,2026-11-04T00:58:45.211571Z,2026-11-04T01:00:00.000000Z,262725.211571,262800.000000,74.788429,262725211571,262800000000,74788429,False,outside_horizon_padding,f15eacfea5f4fdf5ab36674c369deeac90ef1324f43cba80f9c6dc879aa792d5
CP-SOURCE-r000,A-U,r000,2026-11-01T00:00:00Z,CP-AU-r000:S-P01-S12:GS07:p0014,CP-AU-r000:S-P01-S12:GS07:p0014,S-P01-S12,GS07,GS07-A1,2026-11-04T00:58:48.549009Z,2026-11-04T01:00:00.000000Z,262728.549009,262800.000000,71.450991,262728549009,262800000000,71450991,False,outside_horizon_padding,f15eacfea5f4fdf5ab36674c369deeac90ef1324f43cba80f9c6dc879aa792d5
CP-SOURCE-r000,A-U,r000,2026-11-01T00:00:00Z,CP-AU-r000:S-P04-S08:GS09:p0013,CP-AU-r000:S-P04-S08:GS09:p0013,S-P04-S08,GS09,GS09-A1,2026-11-04T00:59:14.074047Z,2026-11-04T01:00:00.000000Z,262754.074047,262800.000000,45.925953,262754074047,262800000000,45925953,False,outside_horizon_padding,f15eacfea5f4fdf5ab36674c369deeac90ef1324f43cba80f9c6dc879aa792d5
CP-SOURCE-r000,A-U,r000,2026-11-01T00:00:00Z,CP-AU-r000:S-P04-S08:GS08:p0014,CP-AU-r000:S-P04-S08:GS08:p0014,S-P04-S08,GS08,GS08-A1,2026-11-04T00:59:15.708613Z,2026-11-04T01:00:00.000000Z,262755.708613,262800.000000,44.291387,262755708613,262800000000,44291387,False,outside_horizon_padding,f15eacfea5f4fdf5ab36674c369deeac90ef1324f43cba80f9c6dc879aa792d5
CP-SOURCE-r000,A-U,r000,2026-11-01T00:00:00Z,CP-AU-r000:S-P01-S12:GS01:p0013,CP-AU-r000:S-P01-S12:GS01:p0013,S-P01-S12,GS01,GS01-A1,2026-11-04T00:59:34.494676Z,2026-11-04T01:00:00.000000Z,262774.494676,262800.000000,25.505324,262774494676,262800000000,25505324,False,outside_horizon_padding,f15eacfea5f4fdf5ab36674c369deeac90ef1324f43cba80f9c6dc879aa792d5
CP-SOURCE-r000,A-U,r000,2026-11-01T00:00:00Z,CP-AU-r000:S-P04-S08:GS10:p0013,CP-AU-r000:S-P04-S08:GS10:p0013,S-P04-S08,GS10,GS10-A1,2026-11-04T00:59:44.512301Z,2026-11-04T01:00:00.000000Z,262784.512301,262800.000000,15.487699,262784512301,262800000000,15487699,False,outside_horizon_padding,f15eacfea5f4fdf5ab36674c369deeac90ef1324f43cba80f9c6dc879aa792d5
CP-SOURCE-r000,A-U,r000,2026-11-01T00:00:00Z,CP-AU-r000:S-P04-S08:GS05:p0014,CP-AU-r000:S-P04-S08:GS05:p0014,S-P04-S08,GS05,GS05-A1,2026-11-04T00:59:51.472209Z,2026-11-04T01:00:00.000000Z,262791.472209,262800.000000,8.527791,262791472209,262800000000,8527791,False,outside_horizon_padding,f15eacfea5f4fdf5ab36674c369deeac90ef1324f43cba80f9c6dc879aa792d5
